timestamp,elapsed_s,p_mbar,T_degC,Tpot_K,Tdew_degC,rh_pct,VPmax_mbar,VPact_mbar,VPdef_mbar,sh_gkg,H2OC_mmolmol,rho_gm3,wv_ms,max_wv_ms,wd_deg
2015-01-01 00:00:00,0.0,1007.19,2.06,274.65,1.89,98.8,7.09,7.0,0.09,4.34,6.95,1271.51,0.41,0.92,273.8
2015-01-01 00:10:00,600.0,1007.19,2.15,274.75,1.99,98.9,7.13,7.06,0.08,4.37,7.01,1271.07,0.33,0.74,136.3
2015-01-01 00:20:00,1200.0,1007.18,2.1,274.7,1.93,98.8,7.11,7.03,0.09,4.35,6.98,1271.28,0.65,1.16,129.3
2015-01-01 00:30:00,1800.0,1007.17,2.08,274.67,1.91,98.8,7.1,7.01,0.09,4.34,6.96,1271.4,0.46,1.64,134.1
2015-01-01 00:40:00,2400.0,1007.17,2.07,274.67,1.92,98.9,7.1,7.02,0.08,4.35,6.97,1271.41,0.63,1.6,95.9
2015-01-01 00:50:00,3000.0,1007.1,2.22,274.83,2.1,99.1,7.17,7.11,0.06,4.4,7.06,1270.59,0.45,1.2,147.2
2015-01-01 01:00:00,3600.0,1007.06,2.22,274.82,2.06,98.9,7.17,7.09,0.08,4.39,7.04,1270.58,0.43,0.88,119.1
2015-01-01 01:10:00,4200.0,1007.06,2.15,274.76,2.0,98.9,7.14,7.06,0.08,4.37,7.01,1270.88,0.46,0.96,135.5
2015-01-01 01:20:00,4800.0,1007.09,2.22,274.82,2.08,99.0,7.17,7.1,0.07,4.4,7.05,1270.6,0.52,1.0,162.7
2015-01-01 01:30:00,5400.0,1007.16,2.17,274.77,2.0,98.8,7.14,7.06,0.09,4.37,7.01,1270.94,0.74,1.48,145.0
2015-01-01 01:40:00,6000.0,1007.23,2.15,274.74,1.99,98.9,7.13,7.06,0.08,4.37,7.0,1271.12,0.81,1.64,144.7
2015-01-01 01:50:00,6600.0,1007.36,2.13,274.71,1.97,98.9,7.12,7.04,0.08,4.36,6.99,1271.39,0.52,1.3,82.6
2015-01-01 02:00:00,7200.0,1007.43,2.04,274.61,1.87,98.8,7.08,6.99,0.08,4.33,6.94,1271.93,0.86,1.64,145.9
2015-01-01 02:10:00,7800.0,1007.51,1.96,274.53,1.79,98.8,7.04,6.95,0.08,4.3,6.9,1272.41,0.76,1.4,122.4
2015-01-01 02:20:00,8400.0,1007.55,1.88,274.45,1.73,98.9,7.0,6.92,0.08,4.28,6.87,1272.82,0.61,1.2,189.3
2015-01-01 02:30:00,9000.0,1007.63,1.89,274.46,1.74,98.9,7.0,6.93,0.08,4.29,6.88,1272.86,0.48,1.0,193.4
2015-01-01 02:40:00,9600.0,1007.78,2.03,274.58,1.89,99.0,7.07,7.0,0.07,4.33,6.95,1272.4,0.27,0.58,105.7
2015-01-01 02:50:00,10200.0,1007.88,1.95,274.5,1.78,98.8,7.03,6.95,0.08,4.3,6.9,1272.9,0.63,1.32,127.5
2015-01-01 03:00:00,10800.0,1007.87,1.79,274.34,1.63,98.8,6.95,6.87,0.08,4.25,6.82,1273.66,0.82,1.72,140.6
2015-01-01 03:10:00,11400.0,1007.84,1.79,274.33,1.63,98.9,6.95,6.87,0.08,4.25,6.82,1273.66,0.42,0.96,163.9
2015-01-01 03:20:00,12000.0,1007.83,1.81,274.35,1.65,98.9,6.96,6.88,0.08,4.26,6.83,1273.55,0.49,1.24,131.2
2015-01-01 03:30:00,12600.0,1007.86,1.8,274.34,1.64,98.9,6.96,6.88,0.08,4.26,6.83,1273.62,1.01,1.76,143.5
2015-01-01 03:40:00,13200.0,1007.83,1.86,274.41,1.72,99.0,6.99,6.92,0.07,4.28,6.87,1273.27,0.58,1.36,84.4
2015-01-01 03:50:00,13800.0,1007.83,1.97,274.52,1.84,99.1,7.04,6.98,0.06,4.32,6.93,1272.75,0.44,0.88,44.67
2015-01-01 04:00:00,14400.0,1007.79,2.12,274.66,1.99,99.1,7.12,7.05,0.06,4.36,7.0,1271.98,0.43,1.04,86.2
2015-01-01 04:10:00,15000.0,1007.77,2.19,274.74,2.04,99.0,7.15,7.08,0.07,4.38,7.03,1271.62,0.25,0.56,248.4
2015-01-01 04:20:00,15600.0,1007.79,2.18,274.73,2.03,98.9,7.15,7.07,0.08,4.38,7.02,1271.68,0.27,0.6,2.66
2015-01-01 04:30:00,16200.0,1007.84,2.2,274.74,2.03,98.8,7.16,7.07,0.09,4.38,7.02,1271.66,0.34,0.56,34.62
2015-01-01 04:40:00,16800.0,1007.79,2.24,274.79,2.07,98.8,7.18,7.1,0.09,4.39,7.04,1271.38,0.21,0.72,352.2
2015-01-01 04:50:00,17400.0,1007.79,2.5,275.05,2.36,99.0,7.32,7.24,0.07,4.48,7.19,1270.12,0.21,0.56,327.2
2015-01-01 05:00:00,18000.0,1007.68,2.46,275.02,2.25,98.5,7.3,7.19,0.11,4.45,7.13,1270.17,0.24,0.52,247.2
2015-01-01 05:10:00,18600.0,1007.67,2.32,274.87,2.05,98.1,7.22,7.08,0.14,4.38,7.03,1270.89,0.37,0.8,209.7
2015-01-01 05:20:00,19200.0,1007.56,2.14,274.71,1.89,98.2,7.13,7.0,0.13,4.33,6.95,1271.58,0.28,0.52,249.8
2015-01-01 05:30:00,19800.0,1007.54,2.31,274.87,2.08,98.4,7.21,7.1,0.12,4.39,7.05,1270.77,0.49,1.24,93.6
2015-01-01 05:40:00,20400.0,1007.47,2.2,274.78,1.92,98.0,7.16,7.02,0.14,4.34,6.97,1271.19,0.39,1.0,162.3
2015-01-01 05:50:00,21000.0,1007.48,2.01,274.58,1.68,97.7,7.06,6.9,0.16,4.27,6.85,1272.17,0.38,0.68,187.3
2015-01-01 06:00:00,21600.0,1007.53,1.93,274.5,1.64,97.9,7.02,6.88,0.15,4.26,6.82,1272.59,0.49,1.08,222.8
2015-01-01 06:10:00,22200.0,1007.42,2.0,274.57,1.73,98.1,7.06,6.92,0.13,4.28,6.87,1272.13,0.25,0.48,209.5
2015-01-01 06:20:00,22800.0,1007.38,2.05,274.63,1.76,98.0,7.08,6.94,0.14,4.3,6.89,1271.84,0.33,0.58,195.9
2015-01-01 06:30:00,23400.0,1007.36,1.92,274.51,1.63,97.9,7.02,6.87,0.15,4.25,6.82,1272.41,0.36,0.84,11.07
2015-01-01 06:40:00,24000.0,1007.49,1.98,274.56,1.72,98.1,7.05,6.92,0.13,4.28,6.86,1272.28,0.35,0.76,240.5
2015-01-01 06:50:00,24600.0,1007.58,1.85,274.41,1.52,97.7,6.98,6.82,0.16,4.22,6.77,1273.07,0.61,0.88,207.5
2015-01-01 07:00:00,25200.0,1007.55,1.79,274.36,1.48,97.8,6.95,6.8,0.15,4.21,6.75,1273.3,0.7,1.06,202.6
2015-01-01 07:10:00,25800.0,1007.61,1.62,274.19,1.32,97.8,6.87,6.72,0.15,4.16,6.67,1274.19,0.58,0.96,207.1
2015-01-01 07:20:00,26400.0,1007.75,1.87,274.42,1.61,98.2,6.99,6.87,0.13,4.25,6.81,1273.17,0.23,0.48,109.5
2015-01-01 07:30:00,27000.0,1007.99,1.7,274.23,1.35,97.5,6.91,6.73,0.17,4.17,6.68,1274.33,0.63,1.08,63.59
2015-01-01 07:40:00,27600.0,1007.96,1.52,274.06,1.18,97.6,6.82,6.66,0.16,4.12,6.6,1275.15,1.16,1.78,161.5
2015-01-01 07:50:00,28200.0,1008.14,1.52,274.04,1.21,97.8,6.82,6.67,0.15,4.13,6.62,1275.36,0.52,0.96,205.4
2015-01-01 08:00:00,28800.0,1008.31,1.75,274.26,1.47,98.0,6.93,6.79,0.14,4.2,6.74,1274.47,0.38,0.72,195.6
2015-01-01 08:10:00,29400.0,1008.48,1.78,274.27,1.48,97.9,6.95,6.8,0.15,4.2,6.74,1274.55,0.37,0.88,273.3
2015-01-01 08:20:00,30000.0,1008.54,1.96,274.45,1.64,97.7,7.04,6.88,0.16,4.25,6.82,1273.72,0.37,0.96,184.6
2015-01-01 08:30:00,30600.0,1008.69,1.54,274.02,1.09,96.8,6.83,6.61,0.22,4.09,6.55,1276.02,1.15,1.72,213.1
2015-01-01 08:40:00,31200.0,1008.61,1.46,273.95,1.08,97.3,6.79,6.61,0.18,4.09,6.55,1276.25,0.97,1.48,220.0
2015-01-01 08:50:00,31800.0,1008.75,1.55,274.03,1.18,97.4,6.83,6.66,0.18,4.11,6.6,1276.01,0.61,1.24,125.4
2015-01-01 09:00:00,32400.0,1008.91,1.45,273.91,1.06,97.2,6.78,6.59,0.19,4.08,6.54,1276.71,0.52,0.8,86.4
2015-01-01 09:10:00,33000.0,1009.07,1.44,273.89,1.09,97.5,6.78,6.61,0.17,4.08,6.55,1276.95,0.59,1.0,130.7
2015-01-01 09:20:00,33600.0,1009.01,1.38,273.84,1.02,97.4,6.75,6.58,0.18,4.06,6.52,1277.15,0.9,1.4,197.0
2015-01-01 09:30:00,34200.0,1008.89,1.44,273.9,1.13,97.8,6.78,6.63,0.15,4.1,6.57,1276.73,0.63,1.4,193.3
2015-01-01 09:40:00,34800.0,1008.77,1.8,274.28,1.51,97.9,6.96,6.81,0.15,4.21,6.75,1274.79,0.59,1.52,157.8
2015-01-01 09:50:00,35400.0,1008.75,1.54,274.02,1.13,97.1,6.83,6.63,0.2,4.1,6.57,1276.06,1.02,1.52,179.4
2015-01-01 10:00:00,36000.0,1008.65,1.49,273.98,1.16,97.6,6.81,6.64,0.16,4.11,6.59,1276.15,0.92,1.82,177.0
2015-01-01 10:10:00,36600.0,1008.56,1.52,274.01,1.15,97.4,6.82,6.64,0.18,4.11,6.58,1275.92,1.52,2.56,151.9
2015-01-01 10:20:00,37200.0,1008.48,1.51,274.0,1.17,97.6,6.81,6.65,0.16,4.11,6.59,1275.87,1.65,2.96,184.7
2015-01-01 10:30:00,37800.0,1008.11,1.49,274.02,1.18,97.8,6.81,6.66,0.15,4.12,6.6,1275.47,1.98,3.12,185.0
2015-01-01 10:40:00,38400.0,1007.74,1.62,274.17,1.29,97.7,6.87,6.71,0.16,4.15,6.66,1274.4,1.05,1.58,188.6
2015-01-01 10:50:00,39000.0,1007.47,1.94,274.51,1.64,97.9,7.03,6.88,0.15,4.26,6.83,1272.49,0.54,1.34,231.9
2015-01-01 11:00:00,39600.0,1007.61,2.48,275.05,2.19,97.9,7.31,7.15,0.15,4.43,7.1,1270.01,0.55,1.16,302.0
2015-01-01 11:10:00,40200.0,1007.64,3.31,275.87,2.97,97.6,7.75,7.57,0.19,4.68,7.51,1266.04,0.81,1.84,178.2
2015-01-01 11:20:00,40800.0,1007.66,3.35,275.9,2.82,96.3,7.77,7.48,0.29,4.63,7.43,1265.95,0.71,1.16,207.7
2015-01-01 11:30:00,41400.0,1007.61,3.63,276.19,2.96,95.3,7.93,7.56,0.37,4.68,7.5,1264.54,0.84,1.32,190.4
2015-01-01 11:40:00,42000.0,1007.41,3.95,276.52,2.97,93.3,8.11,7.56,0.54,4.68,7.51,1262.86,0.75,1.36,179.4
2015-01-01 11:50:00,42600.0,1007.08,4.33,276.93,2.91,90.4,8.33,7.53,0.8,4.66,7.48,1260.7,1.31,1.72,169.7
2015-01-01 12:00:00,43200.0,1006.98,4.76,277.37,3.11,89.0,8.58,7.64,0.94,4.73,7.59,1258.57,0.95,1.84,155.8
2015-01-01 12:10:00,43800.0,1006.97,5.38,277.99,3.25,86.1,8.96,7.72,1.25,4.78,7.67,1255.73,1.29,2.64,174.7
2015-01-01 12:20:00,44400.0,1006.92,5.45,278.06,3.01,84.2,9.01,7.59,1.42,4.7,7.53,1255.4,2.17,3.69,192.9
2015-01-01 12:30:00,45000.0,1006.79,5.69,278.31,2.85,81.9,9.16,7.5,1.66,4.65,7.45,1254.23,3.91,5.37,211.0
2015-01-01 12:40:00,45600.0,1006.78,5.86,278.48,2.79,80.6,9.27,7.47,1.8,4.63,7.42,1253.47,3.19,4.59,210.5
2015-01-01 12:50:00,46200.0,1006.57,6.14,278.77,2.83,79.3,9.45,7.49,1.96,4.64,7.44,1251.95,3.01,5.41,209.7
2015-01-01 13:00:00,46800.0,1006.42,6.3,278.94,2.72,77.8,9.55,7.43,2.12,4.61,7.38,1251.08,2.95,5.13,215.1
2015-01-01 13:10:00,47400.0,1006.3,6.52,279.18,2.76,76.8,9.7,7.45,2.25,4.62,7.4,1249.9,2.7,3.64,207.1
2015-01-01 13:20:00,48000.0,1006.23,6.49,279.15,2.76,77.0,9.68,7.45,2.23,4.62,7.41,1249.98,2.58,4.2,202.9
2015-01-01 13:30:00,48600.0,1006.25,6.47,279.14,2.69,76.7,9.67,7.42,2.25,4.6,7.37,1250.07,2.54,3.6,201.1
2015-01-01 13:40:00,49200.0,1006.31,6.53,279.19,2.78,76.9,9.71,7.46,2.24,4.63,7.42,1249.88,2.16,2.82,201.6
2015-01-01 13:50:00,49800.0,1006.41,6.41,279.06,2.74,77.3,9.63,7.44,2.19,4.61,7.39,1250.54,2.17,3.02,202.9
2015-01-01 14:00:00,50400.0,1006.36,6.12,278.78,2.6,78.1,9.44,7.37,2.07,4.57,7.32,1251.8,2.01,3.28,205.3
2015-01-01 14:10:00,51000.0,1006.33,5.78,278.43,2.55,79.7,9.21,7.34,1.87,4.55,7.3,1253.33,1.66,2.8,212.8
2015-01-01 14:20:00,51600.0,1006.2,5.6,278.27,2.55,80.7,9.1,7.34,1.76,4.55,7.3,1253.97,1.74,2.72,201.9
2015-01-01 14:30:00,52200.0,1005.99,5.42,278.1,2.49,81.3,8.99,7.31,1.68,4.53,7.26,1254.53,2.91,4.85,203.9
2015-01-01 14:40:00,52800.0,1005.82,5.27,277.96,2.45,82.0,8.89,7.29,1.6,4.52,7.25,1255.01,3.92,5.29,207.3
2015-01-01 14:50:00,53400.0,1005.69,5.37,278.08,2.39,81.0,8.96,7.26,1.7,4.5,7.21,1254.4,4.15,5.49,205.9
2015-01-01 15:00:00,54000.0,1005.7,5.25,277.95,2.33,81.4,8.88,7.23,1.65,4.48,7.19,1254.98,2.8,4.41,200.4
2015-01-01 15:10:00,54600.0,1005.67,4.94,277.66,2.28,82.8,8.69,7.2,1.5,4.46,7.16,1256.32,2.34,3.44,212.5
2015-01-01 15:20:00,55200.0,1005.67,4.65,277.37,2.16,83.8,8.52,7.14,1.38,4.43,7.1,1257.66,2.36,3.88,210.3
2015-01-01 15:30:00,55800.0,1005.7,4.36,277.07,2.03,84.8,8.34,7.08,1.27,4.39,7.04,1259.08,2.36,3.0,216.3
2015-01-01 15:40:00,56400.0,1005.71,4.25,276.96,1.96,85.0,8.28,7.04,1.24,4.37,7.0,1259.58,1.78,2.76,218.1
2015-01-01 15:50:00,57000.0,1005.73,4.22,276.93,1.89,84.7,8.27,7.0,1.26,4.34,6.96,1259.76,1.05,1.6,200.8
2015-01-01 16:00:00,57600.0,1005.93,4.0,276.69,1.7,84.9,8.14,6.91,1.23,4.28,6.87,1261.08,1.25,1.8,208.9
2015-01-01 16:10:00,58200.0,1006.14,3.75,276.43,1.57,85.6,8.0,6.85,1.15,4.24,6.8,1262.48,1.42,2.72,234.6
2015-01-01 16:20:00,58800.0,1006.23,3.47,276.14,1.35,85.9,7.84,6.73,1.11,4.17,6.69,1263.93,2.2,3.4,218.2
2015-01-01 16:30:00,59400.0,1006.28,3.14,275.8,1.19,87.0,7.65,6.66,1.0,4.13,6.62,1265.57,2.88,4.37,213.8
2015-01-01 16:40:00,60000.0,1006.26,2.93,275.6,1.09,87.6,7.54,6.61,0.94,4.1,6.57,1266.49,2.56,3.36,212.2
2015-01-01 16:50:00,60600.0,1006.22,2.9,275.57,1.05,87.6,7.52,6.59,0.93,4.08,6.55,1266.62,2.44,3.28,219.6
2015-01-01 17:00:00,61200.0,1006.23,2.91,275.58,1.07,87.6,7.53,6.6,0.93,4.09,6.56,1266.55,1.67,2.4,217.0
2015-01-01 17:10:00,61800.0,1006.23,2.96,275.62,1.06,87.3,7.56,6.6,0.96,4.09,6.56,1266.37,1.43,3.0,234.7
2015-01-01 17:20:00,62400.0,1006.27,2.84,275.5,0.96,87.4,7.49,6.55,0.94,4.06,6.51,1266.98,1.72,3.49,219.0
2015-01-01 17:30:00,63000.0,1006.3,2.62,275.28,0.82,87.9,7.38,6.49,0.89,4.02,6.44,1268.05,1.5,2.44,216.0
2015-01-01 17:40:00,63600.0,1006.18,2.49,275.16,0.83,88.8,7.31,6.49,0.82,4.02,6.45,1268.51,1.97,2.64,210.4
2015-01-01 17:50:00,64200.0,1006.03,2.45,275.14,0.8,88.8,7.29,6.47,0.82,4.01,6.43,1268.48,2.23,2.68,220.7
2015-01-01 18:00:00,64800.0,1005.89,2.41,275.11,0.76,88.8,7.27,6.45,0.81,4.0,6.42,1268.51,2.48,2.96,204.2
2015-01-01 18:10:00,65400.0,1005.7,2.28,274.99,0.77,89.7,7.2,6.46,0.74,4.0,6.42,1268.86,2.75,3.77,211.1
2015-01-01 18:20:00,66000.0,1005.67,2.35,275.07,0.8,89.4,7.24,6.47,0.77,4.01,6.44,1268.47,2.83,3.49,214.6
2015-01-01 18:30:00,66600.0,1005.68,2.4,275.11,0.83,89.3,7.26,6.49,0.78,4.02,6.45,1268.27,2.42,3.28,215.2
2015-01-01 18:40:00,67200.0,1005.59,2.44,275.16,0.83,89.1,7.28,6.49,0.79,4.02,6.45,1267.99,2.36,3.69,212.9
2015-01-01 18:50:00,67800.0,1005.55,2.53,275.25,0.87,88.8,7.33,6.51,0.82,4.04,6.47,1267.52,1.63,2.38,204.2
2015-01-01 19:00:00,68400.0,1005.37,2.37,275.11,0.77,89.1,7.25,6.46,0.79,4.01,6.42,1268.02,2.26,3.43,206.0
2015-01-01 19:10:00,69000.0,1005.25,2.41,275.16,0.85,89.4,7.27,6.5,0.77,4.03,6.46,1267.69,2.77,3.97,202.6
2015-01-01 19:20:00,69600.0,1005.26,2.56,275.31,0.96,89.1,7.35,6.55,0.8,4.06,6.51,1266.96,1.87,3.57,205.6
2015-01-01 19:30:00,70200.0,1005.05,2.64,275.4,0.91,88.3,7.39,6.52,0.86,4.05,6.49,1266.35,1.86,3.08,201.7
2015-01-01 19:40:00,70800.0,1004.75,2.62,275.4,0.88,88.3,7.38,6.51,0.86,4.04,6.48,1266.09,2.34,3.1,193.5
2015-01-01 19:50:00,71400.0,1004.5,2.51,275.31,0.84,88.7,7.32,6.49,0.83,4.03,6.46,1266.28,2.95,4.17,192.9
2015-01-01 20:00:00,72000.0,1004.3,2.46,275.28,0.83,88.9,7.3,6.49,0.81,4.03,6.46,1266.24,2.94,4.09,185.0
2015-01-01 20:10:00,72600.0,1004.33,2.65,275.47,0.92,88.3,7.4,6.53,0.87,4.05,6.5,1265.39,3.23,4.93,187.7
2015-01-01 20:20:00,73200.0,1004.41,2.74,275.55,0.86,87.4,7.44,6.5,0.94,4.04,6.47,1265.11,2.16,3.89,199.5
2015-01-01 20:30:00,73800.0,1004.36,2.6,275.41,0.77,87.7,7.37,6.46,0.91,4.01,6.43,1265.71,3.15,4.73,168.5
2015-01-01 20:40:00,74400.0,1004.25,2.12,274.94,0.67,90.1,7.12,6.41,0.7,3.98,6.39,1267.8,2.21,3.61,174.9
2015-01-01 20:50:00,75000.0,1004.22,1.97,274.8,0.75,91.6,7.04,6.45,0.59,4.01,6.42,1268.44,2.31,4.11,164.4
2015-01-01 21:00:00,75600.0,1004.15,1.85,274.68,0.71,92.1,6.98,6.43,0.55,3.99,6.4,1268.9,2.03,3.71,174.4
2015-01-01 21:10:00,76200.0,1004.23,1.85,274.67,0.73,92.3,6.98,6.44,0.54,4.0,6.42,1269.02,1.31,2.16,173.9
2015-01-01 21:20:00,76800.0,1004.11,1.86,274.69,0.73,92.2,6.99,6.44,0.54,4.0,6.41,1268.81,1.48,2.84,170.3
2015-01-01 21:30:00,77400.0,1003.85,1.78,274.64,0.6,91.8,6.95,6.38,0.57,3.96,6.35,1268.86,1.26,2.66,175.5
2015-01-01 21:40:00,78000.0,1003.76,1.77,274.64,0.62,92.0,6.94,6.39,0.56,3.97,6.36,1268.78,1.3,2.28,169.3
2015-01-01 21:50:00,78600.0,1003.72,1.71,274.58,0.54,91.9,6.91,6.35,0.56,3.95,6.33,1269.04,0.69,1.8,221.0
2015-01-01 22:00:00,79200.0,1003.73,1.76,274.63,0.62,92.1,6.94,6.39,0.55,3.97,6.37,1268.8,0.54,1.52,137.1
2015-01-01 22:10:00,79800.0,1003.64,1.75,274.62,0.58,91.9,6.93,6.37,0.56,3.96,6.35,1268.75,1.26,1.92,176.9
2015-01-01 22:20:00,80400.0,1003.13,1.37,274.28,0.21,92.0,6.74,6.2,0.54,3.86,6.18,1269.95,2.5,3.81,181.3
2015-01-01 22:30:00,81000.0,1003.04,1.47,274.39,0.44,92.8,6.79,6.31,0.49,3.92,6.29,1269.31,1.78,3.45,162.2
2015-01-01 22:40:00,81600.0,1002.95,1.63,274.56,0.42,91.6,6.87,6.3,0.58,3.91,6.28,1268.45,2.15,3.81,154.5
2015-01-01 22:50:00,82200.0,1002.72,1.47,274.42,0.27,91.7,6.79,6.23,0.56,3.87,6.21,1268.93,2.07,3.32,192.7
2015-01-01 23:00:00,82800.0,1002.53,1.55,274.51,0.39,92.0,6.83,6.29,0.55,3.91,6.27,1268.31,3.1,4.61,157.8
2015-01-01 23:10:00,83400.0,1002.41,1.58,274.55,0.36,91.5,6.85,6.27,0.58,3.9,6.25,1268.0,2.53,4.55,152.0
2015-01-01 23:20:00,84000.0,1002.09,1.63,274.63,0.37,91.3,6.87,6.28,0.6,3.9,6.26,1267.37,3.87,6.21,158.3
2015-01-01 23:30:00,84600.0,1002.03,1.77,274.77,0.38,90.4,6.94,6.28,0.67,3.91,6.26,1266.65,1.99,3.69,158.6
2015-01-01 23:40:00,85200.0,1001.94,1.82,274.82,0.37,90.1,6.97,6.28,0.69,3.91,6.26,1266.33,2.42,5.09,127.4
2015-01-01 23:50:00,85800.0,1001.9,1.81,274.82,0.34,89.9,6.96,6.26,0.7,3.9,6.25,1266.3,3.27,4.97,138.2
2015-01-02 00:00:00,86400.0,1001.61,1.77,274.8,0.28,89.8,6.94,6.23,0.71,3.88,6.22,1266.15,2.74,4.37,157.9
2015-01-02 00:10:00,87000.0,1001.39,1.54,274.59,0.14,90.4,6.83,6.17,0.66,3.84,6.16,1266.98,1.41,2.16,199.8
2015-01-02 00:20:00,87600.0,1001.07,1.45,274.53,0.12,90.8,6.79,6.16,0.62,3.84,6.16,1266.95,1.79,2.96,175.0
2015-01-02 00:30:00,88200.0,1001.02,1.45,274.53,0.18,91.2,6.78,6.19,0.6,3.85,6.18,1266.9,0.84,2.36,359.2
2015-01-02 00:40:00,88800.0,1001.23,1.62,274.68,0.3,90.9,6.87,6.24,0.62,3.89,6.23,1266.35,1.26,2.24,91.2
2015-01-02 00:50:00,89400.0,1001.02,1.72,274.8,0.2,89.6,6.92,6.2,0.72,3.86,6.19,1265.65,1.08,1.8,205.0
2015-01-02 01:00:00,90000.0,1000.95,1.7,274.78,0.21,89.8,6.91,6.2,0.7,3.86,6.2,1265.64,1.05,2.68,135.9
2015-01-02 01:10:00,90600.0,1000.8,1.57,274.66,0.11,90.0,6.84,6.16,0.68,3.84,6.15,1266.09,1.11,3.0,184.2
2015-01-02 01:20:00,91200.0,1000.63,1.64,274.75,0.18,90.0,6.88,6.19,0.69,3.86,6.19,1265.54,1.25,2.8,140.8
2015-01-02 01:30:00,91800.0,1000.45,1.57,274.7,0.07,89.7,6.84,6.14,0.7,3.83,6.14,1265.64,1.88,3.77,176.6
2015-01-02 01:40:00,92400.0,1000.3,1.53,274.66,0.09,90.1,6.82,6.15,0.68,3.83,6.14,1265.66,1.77,3.2,164.9
2015-01-02 01:50:00,93000.0,1000.26,1.68,274.82,0.15,89.5,6.9,6.17,0.72,3.85,6.17,1264.88,1.4,3.08,138.4
2015-01-02 02:00:00,93600.0,1000.25,1.84,274.98,0.21,88.9,6.98,6.2,0.77,3.87,6.2,1264.11,1.67,2.96,97.5
2015-01-02 02:10:00,94200.0,1000.11,2.02,275.17,0.06,86.8,7.07,6.13,0.93,3.82,6.13,1263.15,1.53,3.04,165.4
2015-01-02 02:20:00,94800.0,999.79,1.95,275.13,-0.02,86.7,7.04,6.1,0.94,3.8,6.1,1263.06,2.92,5.59,162.6
2015-01-02 02:30:00,95400.0,999.68,2.52,275.71,-0.33,81.4,7.33,5.96,1.36,3.72,5.97,1260.38,1.73,4.73,172.9
2015-01-02 02:40:00,96000.0,999.39,2.8,276.01,-0.51,78.7,7.47,5.88,1.59,3.67,5.89,1258.78,3.06,4.97,173.2
2015-01-02 02:50:00,96600.0,999.11,2.88,276.11,-0.58,77.9,7.51,5.85,1.66,3.65,5.86,1258.1,3.41,5.29,166.2
2015-01-02 03:00:00,97200.0,998.95,2.41,275.66,-0.4,81.6,7.27,5.93,1.34,3.7,5.94,1259.97,2.36,4.45,161.3
2015-01-02 03:10:00,97800.0,998.7,2.1,275.36,-0.39,83.5,7.11,5.94,1.17,3.71,5.94,1261.08,2.74,4.37,194.3
2015-01-02 03:20:00,98400.0,998.59,2.13,275.4,-0.33,83.7,7.12,5.96,1.16,3.72,5.97,1260.81,3.35,5.25,178.7
2015-01-02 03:30:00,99000.0,998.59,2.06,275.33,-0.4,83.7,7.09,5.93,1.16,3.7,5.94,1261.14,2.37,3.85,179.1
2015-01-02 03:40:00,99600.0,998.53,2.28,275.55,-0.62,81.1,7.2,5.84,1.36,3.64,5.85,1260.11,3.67,7.19,195.5
2015-01-02 03:50:00,100200.0,998.28,3.1,276.39,-1.12,73.7,7.63,5.63,2.01,3.51,5.64,1256.16,4.21,9.41,200.2
2015-01-02 04:00:00,100800.0,998.18,3.07,276.37,-1.19,73.5,7.62,5.6,2.02,3.5,5.61,1256.18,2.42,3.69,192.8
2015-01-02 04:10:00,101400.0,998.13,2.91,276.22,-1.1,74.8,7.53,5.64,1.9,3.52,5.65,1256.8,2.82,5.07,169.9
2015-01-02 04:20:00,102000.0,997.92,2.29,275.62,-0.9,79.3,7.21,5.72,1.49,3.57,5.73,1259.32,2.45,3.97,151.0
2015-01-02 04:30:00,102600.0,997.73,2.27,275.61,-1.08,78.4,7.2,5.64,1.55,3.52,5.66,1259.21,2.97,4.45,171.0
2015-01-02 04:40:00,103200.0,997.42,2.02,275.38,-1.04,80.1,7.07,5.66,1.41,3.54,5.68,1259.98,2.99,4.77,182.3
2015-01-02 04:50:00,103800.0,997.18,2.38,275.77,-1.29,76.6,7.25,5.56,1.7,3.47,5.57,1258.05,3.42,5.97,185.5
2015-01-02 05:00:00,104400.0,997.08,2.4,275.79,-1.22,76.9,7.26,5.59,1.68,3.49,5.6,1257.82,2.78,4.77,175.9
2015-01-02 05:10:00,105000.0,996.85,2.16,275.57,-1.17,78.5,7.14,5.6,1.53,3.5,5.62,1258.63,2.74,5.13,169.1
2015-01-02 05:20:00,105600.0,996.67,2.23,275.65,-1.19,78.0,7.17,5.6,1.58,3.5,5.61,1258.1,3.52,6.81,165.7
2015-01-02 05:30:00,106200.0,996.48,2.08,275.52,-1.18,78.9,7.1,5.6,1.5,3.5,5.62,1258.53,2.25,4.53,166.4
2015-01-02 05:40:00,106800.0,996.34,2.0,275.45,-1.15,79.5,7.06,5.61,1.45,3.51,5.63,1258.69,1.42,2.86,134.4
2015-01-02 05:50:00,107400.0,996.1,1.94,275.41,-1.14,79.9,7.03,5.62,1.41,3.51,5.64,1258.66,1.32,2.96,106.0
2015-01-02 06:00:00,108000.0,995.91,2.07,275.55,-1.19,78.9,7.09,5.6,1.5,3.5,5.62,1257.86,1.24,2.9,115.6
2015-01-02 06:10:00,108600.0,995.7,2.72,276.22,-1.36,74.4,7.43,5.53,1.9,3.46,5.55,1254.66,3.09,8.53,183.9
2015-01-02 06:20:00,109200.0,995.75,3.83,277.33,-1.63,67.36,8.04,5.42,2.62,3.39,5.44,1249.73,7.09,9.69,210.3
2015-01-02 06:30:00,109800.0,995.77,4.15,277.64,-1.67,65.69,8.22,5.4,2.82,3.38,5.42,1248.34,6.03,9.61,209.0
2015-01-02 06:40:00,110400.0,995.77,4.26,277.75,-1.72,64.97,8.29,5.38,2.9,3.37,5.41,1247.87,6.04,9.37,208.9
2015-01-02 06:50:00,111000.0,995.76,4.37,277.87,-1.73,64.4,8.35,5.38,2.97,3.37,5.4,1247.33,5.98,9.13,207.3
2015-01-02 07:00:00,111600.0,995.7,4.37,277.87,-1.71,64.49,8.35,5.39,2.97,3.37,5.41,1247.26,6.39,9.85,209.8
2015-01-02 07:10:00,112200.0,995.65,4.4,277.91,-1.75,64.14,8.37,5.37,3.0,3.36,5.39,1247.07,6.88,9.45,211.5
2015-01-02 07:20:00,112800.0,995.46,4.44,277.96,-1.73,64.05,8.39,5.38,3.02,3.37,5.4,1246.64,8.01,10.85,210.0
2015-01-02 07:30:00,113400.0,995.27,4.36,277.89,-1.6,65.09,8.34,5.43,2.91,3.4,5.46,1246.76,8.18,11.4,207.0
2015-01-02 07:40:00,114000.0,995.28,4.35,277.88,-1.62,65.01,8.34,5.42,2.92,3.39,5.45,1246.82,8.42,12.06,214.3
2015-01-02 07:50:00,114600.0,995.29,4.58,278.12,-1.63,63.93,8.48,5.42,3.06,3.39,5.44,1245.78,7.82,11.26,212.7
2015-01-02 08:00:00,115200.0,995.17,4.47,278.02,-1.09,67.05,8.41,5.64,2.77,3.53,5.67,1246.02,7.35,9.93,208.7
2015-01-02 08:10:00,115800.0,995.03,4.19,277.75,-0.59,70.9,8.25,5.85,2.4,3.66,5.88,1247.0,5.5,7.61,204.1
2015-01-02 08:20:00,116400.0,995.01,4.17,277.73,-0.29,72.6,8.24,5.98,2.26,3.75,6.01,1247.01,4.62,6.41,205.9
2015-01-02 08:30:00,117000.0,995.24,4.05,277.59,0.17,75.7,8.17,6.18,1.98,3.87,6.21,1247.75,3.96,5.97,210.4
2015-01-02 08:40:00,117600.0,995.54,4.04,277.56,0.81,79.4,8.16,6.48,1.68,4.06,6.51,1248.03,2.7,7.33,235.7
2015-01-02 08:50:00,118200.0,995.73,4.12,277.62,1.0,80.0,8.21,6.57,1.64,4.11,6.59,1247.85,3.53,8.89,227.5
2015-01-02 09:00:00,118800.0,995.49,3.99,277.51,1.07,81.2,8.13,6.6,1.53,4.14,6.63,1248.13,2.84,5.05,211.8
2015-01-02 09:10:00,119400.0,995.49,3.9,277.42,1.05,81.6,8.08,6.59,1.49,4.13,6.62,1248.54,3.06,6.65,213.0
2015-01-02 09:20:00,120000.0,995.59,3.76,277.27,1.23,83.5,8.0,6.68,1.32,4.18,6.71,1249.26,3.07,6.29,216.3
2015-01-02 09:30:00,120600.0,995.45,3.69,277.21,1.3,84.3,7.96,6.71,1.25,4.2,6.74,1249.39,4.6,7.69,216.6
2015-01-02 09:40:00,121200.0,995.19,3.74,277.28,1.31,84.1,7.99,6.72,1.27,4.21,6.75,1248.83,7.51,10.35,214.3
2015-01-02 09:50:00,121800.0,995.09,3.73,277.28,1.47,85.1,7.99,6.8,1.19,4.26,6.83,1248.69,6.85,10.45,216.1
2015-01-02 10:00:00,122400.0,995.12,3.78,277.33,1.64,85.9,8.01,6.88,1.13,4.31,6.91,1248.49,6.36,9.89,221.8
2015-01-02 10:10:00,123000.0,995.06,3.91,277.46,1.74,85.7,8.08,6.93,1.16,4.34,6.96,1247.8,6.88,10.81,219.3
2015-01-02 10:20:00,123600.0,995.09,4.01,277.56,1.78,85.3,8.15,6.95,1.2,4.35,6.98,1247.35,7.33,10.87,218.9
2015-01-02 10:30:00,124200.0,995.11,4.16,277.71,1.71,84.0,8.23,6.91,1.32,4.33,6.95,1246.73,7.48,10.41,218.1
2015-01-02 10:40:00,124800.0,995.19,4.17,277.71,1.62,83.4,8.24,6.87,1.37,4.3,6.9,1246.82,7.5,11.46,217.7
2015-01-02 10:50:00,125400.0,995.34,4.04,277.57,1.45,83.2,8.16,6.79,1.37,4.25,6.82,1247.65,7.09,9.87,216.2
2015-01-02 11:00:00,126000.0,995.62,3.89,277.4,1.28,83.0,8.07,6.7,1.37,4.2,6.73,1248.71,6.24,10.61,220.8
2015-01-02 11:10:00,126600.0,995.58,3.76,277.27,1.08,82.6,8.0,6.61,1.39,4.14,6.64,1249.29,7.43,10.65,219.5
2015-01-02 11:20:00,127200.0,995.67,3.74,277.24,0.98,82.1,7.99,6.56,1.43,4.11,6.59,1249.53,7.12,10.65,221.0
2015-01-02 11:30:00,127800.0,995.74,3.8,277.3,1.03,82.0,8.03,6.58,1.44,4.12,6.61,1249.29,6.45,10.49,217.7
2015-01-02 11:40:00,128400.0,995.83,3.92,277.41,1.02,81.3,8.09,6.58,1.51,4.12,6.6,1248.9,7.07,10.09,216.9
2015-01-02 11:50:00,129000.0,995.87,3.99,277.47,1.07,81.2,8.13,6.6,1.53,4.13,6.63,1248.62,6.16,8.97,214.5
2015-01-02 12:00:00,129600.0,995.91,4.02,277.5,1.1,81.2,8.15,6.62,1.53,4.14,6.64,1248.53,5.01,7.49,208.1
2015-01-02 12:10:00,130200.0,996.24,4.17,277.63,1.23,81.1,8.23,6.68,1.56,4.18,6.7,1248.24,4.5,7.07,210.3
2015-01-02 12:20:00,130800.0,996.38,4.22,277.66,1.28,81.1,8.26,6.7,1.56,4.19,6.72,1248.18,3.45,5.17,206.8
2015-01-02 12:30:00,131400.0,996.2,4.29,277.75,1.45,81.7,8.3,6.78,1.52,4.25,6.81,1247.6,3.72,5.61,202.1
2015-01-02 12:40:00,132000.0,996.28,4.33,277.78,1.54,82.0,8.33,6.83,1.5,4.27,6.85,1247.5,2.28,3.69,226.3
2015-01-02 12:50:00,132600.0,996.26,4.29,277.74,1.63,82.8,8.3,6.87,1.43,4.3,6.9,1247.65,2.45,3.53,219.2
2015-01-02 13:00:00,133200.0,996.08,4.49,277.96,1.88,83.1,8.42,7.0,1.42,4.38,7.03,1246.44,3.36,5.29,217.8
2015-01-02 13:10:00,133800.0,995.94,4.86,278.34,2.18,82.7,8.64,7.15,1.5,4.48,7.18,1244.53,3.64,5.85,221.3
2015-01-02 13:20:00,134400.0,995.97,4.98,278.46,2.19,82.1,8.72,7.16,1.56,4.48,7.19,1244.02,3.75,6.37,224.0
2015-01-02 13:30:00,135000.0,995.97,4.87,278.35,2.07,82.0,8.65,7.09,1.56,4.44,7.12,1244.55,3.18,6.17,223.3
2015-01-02 13:40:00,135600.0,996.08,4.82,278.29,2.04,82.1,8.62,7.08,1.54,4.43,7.11,1244.91,2.89,6.61,224.3
2015-01-02 13:50:00,136200.0,996.18,4.8,278.27,1.97,81.8,8.61,7.04,1.57,4.41,7.07,1245.14,3.83,6.89,221.4
2015-01-02 14:00:00,136800.0,996.27,4.8,278.26,1.88,81.3,8.61,7.0,1.61,4.38,7.02,1245.29,4.9,8.25,217.8
2015-01-02 14:10:00,137400.0,996.37,4.79,278.24,1.78,80.8,8.6,6.95,1.65,4.35,6.97,1245.49,5.07,9.73,212.4
2015-01-02 14:20:00,138000.0,996.48,4.74,278.18,1.8,81.2,8.57,6.96,1.61,4.35,6.98,1245.86,3.63,7.93,217.4
2015-01-02 14:30:00,138600.0,996.54,4.81,278.24,1.85,81.1,8.61,6.98,1.63,4.37,7.01,1245.6,3.23,5.51,218.1
2015-01-02 14:40:00,139200.0,996.73,4.93,278.35,1.83,80.3,8.68,6.97,1.71,4.36,7.0,1245.31,2.54,4.85,231.5
2015-01-02 14:50:00,139800.0,996.77,4.94,278.35,1.72,79.6,8.69,6.92,1.77,4.33,6.94,1245.34,4.02,5.93,216.0
2015-01-02 15:00:00,140400.0,996.89,4.97,278.38,1.77,79.7,8.71,6.94,1.77,4.34,6.96,1245.32,4.05,7.39,221.5
2015-01-02 15:10:00,141000.0,996.9,4.98,278.39,1.76,79.6,8.72,6.94,1.78,4.34,6.96,1245.3,4.51,7.65,220.1
2015-01-02 15:20:00,141600.0,997.07,4.93,278.33,1.79,80.0,8.69,6.95,1.74,4.35,6.97,1245.71,2.99,5.57,224.3
2015-01-02 15:30:00,142200.0,997.26,4.88,278.26,1.75,80.1,8.66,6.93,1.72,4.34,6.95,1246.18,2.7,5.31,228.5
2015-01-02 15:40:00,142800.0,997.35,4.78,278.15,1.69,80.3,8.6,6.9,1.69,4.32,6.92,1246.76,2.29,4.61,226.1
2015-01-02 15:50:00,143400.0,997.49,4.66,278.02,1.62,80.6,8.52,6.87,1.65,4.3,6.89,1247.5,2.16,4.25,217.4
2015-01-02 16:00:00,144000.0,997.64,4.45,277.8,1.49,81.0,8.4,6.8,1.6,4.25,6.82,1248.66,3.61,5.77,214.4
2015-01-02 16:10:00,144600.0,997.78,4.24,277.58,1.35,81.4,8.28,6.74,1.54,4.21,6.75,1249.81,3.19,5.45,205.6
2015-01-02 16:20:00,145200.0,997.89,3.93,277.25,1.2,82.3,8.09,6.66,1.43,4.16,6.68,1251.41,1.29,2.4,210.0
2015-01-02 16:30:00,145800.0,997.95,3.69,277.01,1.15,83.4,7.96,6.64,1.32,4.15,6.65,1252.58,0.72,1.88,199.8
2015-01-02 16:40:00,146400.0,998.03,3.7,277.01,1.15,83.4,7.96,6.64,1.32,4.15,6.65,1252.64,0.68,1.8,81.2
2015-01-02 16:50:00,147000.0,998.09,3.78,277.1,1.18,83.0,8.01,6.65,1.36,4.16,6.66,1252.3,1.26,2.44,204.1
2015-01-02 17:00:00,147600.0,998.21,3.93,277.24,1.17,82.1,8.1,6.65,1.45,4.15,6.66,1251.78,1.76,3.36,237.5
2015-01-02 17:10:00,148200.0,998.39,3.98,277.27,1.13,81.6,8.13,6.63,1.5,4.14,6.64,1251.81,2.07,4.41,239.0
2015-01-02 17:20:00,148800.0,998.54,3.94,277.22,1.08,81.5,8.1,6.6,1.5,4.12,6.61,1252.18,1.68,3.61,240.4
2015-01-02 17:30:00,149400.0,998.72,3.92,277.18,1.04,81.4,8.09,6.59,1.51,4.11,6.6,1252.51,1.13,2.88,238.9
2015-01-02 17:40:00,150000.0,998.86,3.95,277.2,1.04,81.2,8.11,6.59,1.52,4.11,6.59,1252.54,1.44,3.77,222.0
2015-01-02 17:50:00,150600.0,999.05,4.02,277.25,1.07,81.0,8.15,6.6,1.55,4.12,6.61,1252.47,1.72,3.24,228.6
2015-01-02 18:00:00,151200.0,999.2,3.96,277.19,1.0,80.9,8.12,6.57,1.55,4.1,6.57,1252.93,2.14,3.69,238.7
2015-01-02 18:10:00,151800.0,999.41,3.87,277.08,0.97,81.3,8.06,6.56,1.51,4.09,6.56,1253.62,1.96,3.83,248.1
2015-01-02 18:20:00,152400.0,999.52,3.82,277.02,0.96,81.5,8.04,6.55,1.49,4.09,6.55,1253.97,2.04,4.69,241.0
2015-01-02 18:30:00,153000.0,999.61,3.85,277.04,0.95,81.3,8.05,6.55,1.51,4.08,6.55,1253.97,2.08,3.63,225.4
2015-01-02 18:40:00,153600.0,999.78,3.79,276.97,0.88,81.2,8.02,6.51,1.51,4.06,6.51,1254.46,2.0,3.28,236.0
2015-01-02 18:50:00,154200.0,999.98,3.7,276.86,0.79,81.2,7.97,6.47,1.5,4.03,6.47,1255.16,2.27,4.57,227.6
2015-01-02 19:00:00,154800.0,1000.05,3.69,276.84,0.75,81.0,7.96,6.45,1.51,4.02,6.45,1255.31,2.33,5.05,235.1
2015-01-02 19:10:00,155400.0,1000.22,3.73,276.88,0.74,80.7,7.99,6.44,1.54,4.02,6.44,1255.31,2.88,4.37,235.9
2015-01-02 19:20:00,156000.0,1000.22,3.78,276.92,0.72,80.3,8.01,6.43,1.58,4.01,6.43,1255.1,2.69,4.89,236.1
2015-01-02 19:30:00,156600.0,1000.22,3.84,276.98,0.64,79.5,8.05,6.4,1.65,3.99,6.4,1254.84,3.06,5.21,234.1
2015-01-02 19:40:00,157200.0,1000.29,3.81,276.94,0.5,78.9,8.03,6.33,1.69,3.95,6.33,1255.14,3.75,6.37,239.0
2015-01-02 19:50:00,157800.0,1000.47,3.73,276.85,0.46,79.1,7.98,6.31,1.67,3.94,6.31,1255.71,2.26,4.97,233.5
2015-01-02 20:00:00,158400.0,1000.54,3.67,276.79,0.43,79.3,7.95,6.3,1.65,3.93,6.3,1256.07,2.71,4.33,233.6
2015-01-02 20:10:00,159000.0,1000.62,3.79,276.9,0.41,78.5,8.02,6.29,1.72,3.92,6.29,1255.64,2.6,5.37,227.3
2015-01-02 20:20:00,159600.0,1000.59,3.8,276.91,0.33,78.0,8.02,6.26,1.77,3.9,6.25,1255.56,2.19,4.81,233.3
2015-01-02 20:30:00,160200.0,1000.57,3.87,276.98,0.26,77.2,8.06,6.22,1.84,3.88,6.22,1255.25,2.55,5.09,231.6
2015-01-02 20:40:00,160800.0,1000.6,3.94,277.05,0.13,76.1,8.1,6.17,1.94,3.84,6.16,1254.98,2.17,5.13,234.4
2015-01-02 20:50:00,161400.0,1000.82,3.87,276.96,-0.03,75.6,8.06,6.09,1.97,3.8,6.09,1255.63,1.57,3.12,231.1
2015-01-02 21:00:00,162000.0,1000.95,3.85,276.93,-0.16,75.0,8.05,6.04,2.01,3.76,6.03,1255.92,2.53,4.69,234.6
2015-01-02 21:10:00,162600.0,1001.19,3.87,276.93,-0.19,74.7,8.06,6.02,2.04,3.75,6.01,1256.14,2.01,4.01,234.5
2015-01-02 21:20:00,163200.0,1001.22,3.99,277.05,-0.24,73.8,8.13,6.0,2.13,3.74,5.99,1255.62,2.12,5.17,237.9
2015-01-02 21:30:00,163800.0,1001.47,4.15,277.19,-0.35,72.4,8.22,5.95,2.27,3.71,5.94,1255.23,1.37,3.41,242.7
2015-01-02 21:40:00,164400.0,1001.42,4.11,277.16,-0.48,71.9,8.2,5.9,2.3,3.67,5.89,1255.38,1.8,2.88,225.9
2015-01-02 21:50:00,165000.0,1001.56,4.07,277.1,-0.47,72.2,8.18,5.9,2.27,3.67,5.89,1255.75,1.43,3.65,229.5
2015-01-02 22:00:00,165600.0,1001.54,4.07,277.11,-0.49,72.1,8.18,5.9,2.28,3.67,5.89,1255.73,2.16,4.33,231.2
2015-01-02 22:10:00,166200.0,1001.53,4.02,277.06,-0.47,72.4,8.15,5.9,2.25,3.67,5.89,1255.91,1.88,3.12,240.0
2015-01-02 22:20:00,166800.0,1001.44,4.0,277.05,-0.4,72.9,8.14,5.93,2.21,3.69,5.92,1255.89,2.58,6.13,230.9
2015-01-02 22:30:00,167400.0,1001.5,3.92,276.96,-0.27,74.0,8.09,5.99,2.1,3.73,5.98,1256.31,1.84,3.49,228.8
2015-01-02 22:40:00,168000.0,1001.51,3.85,276.89,-0.18,74.9,8.05,6.03,2.02,3.75,6.02,1256.63,2.21,4.61,236.7
2015-01-02 22:50:00,168600.0,1001.44,3.79,276.84,-0.25,74.8,8.02,6.0,2.02,3.73,5.99,1256.81,1.9,3.41,231.0
2015-01-02 23:00:00,169200.0,1001.37,3.73,276.78,-0.33,74.7,7.98,5.96,2.02,3.71,5.96,1257.0,2.84,5.85,217.5
2015-01-02 23:10:00,169800.0,1001.29,3.68,276.74,-0.37,74.7,7.96,5.94,2.01,3.7,5.94,1257.13,2.21,5.49,235.2
2015-01-02 23:20:00,170400.0,1001.32,3.56,276.62,-0.45,74.9,7.89,5.91,1.98,3.68,5.9,1257.72,1.76,3.69,222.9
2015-01-02 23:30:00,171000.0,1001.37,3.59,276.64,-0.45,74.8,7.9,5.91,1.99,3.68,5.9,1257.69,2.12,3.81,226.3
2015-01-02 23:40:00,171600.0,1001.55,3.64,276.68,-0.43,74.6,7.93,5.92,2.01,3.68,5.91,1257.66,1.33,2.88,190.8
2015-01-02 23:50:00,172200.0,1001.64,3.7,276.73,-0.47,74.1,7.97,5.9,2.06,3.67,5.89,1257.52,1.83,3.53,237.7
2015-01-03 00:00:00,172800.0,1001.64,3.73,276.76,-0.49,73.8,7.99,5.89,2.09,3.67,5.88,1257.37,2.12,4.65,222.5
2015-01-03 00:10:00,173400.0,1001.67,3.68,276.71,-0.54,73.8,7.96,5.87,2.08,3.65,5.86,1257.64,1.62,5.93,228.6
2015-01-03 00:20:00,174000.0,1001.75,3.69,276.71,-0.63,73.3,7.96,5.83,2.12,3.63,5.82,1257.74,2.05,5.13,238.2
2015-01-03 00:30:00,174600.0,1001.78,3.73,276.75,-0.71,72.6,7.99,5.8,2.19,3.61,5.79,1257.58,2.94,5.41,237.5
2015-01-03 00:40:00,175200.0,1001.85,3.73,276.75,-0.79,72.2,7.99,5.77,2.22,3.59,5.76,1257.69,2.44,4.49,242.6
2015-01-03 00:50:00,175800.0,1001.84,3.73,276.75,-0.86,71.8,7.99,5.73,2.25,3.57,5.72,1257.68,2.66,4.65,243.7
2015-01-03 01:00:00,176400.0,1001.78,3.73,276.75,-0.96,71.3,7.98,5.69,2.29,3.54,5.68,1257.64,2.79,6.29,248.5
2015-01-03 01:10:00,177000.0,1001.79,3.73,276.75,-1.03,70.9,7.99,5.66,2.32,3.52,5.65,1257.66,2.35,4.55,246.6
2015-01-03 01:20:00,177600.0,1001.63,3.71,276.74,-1.04,71.0,7.97,5.66,2.31,3.52,5.65,1257.56,2.1,5.93,242.7
2015-01-03 01:30:00,178200.0,1001.71,3.67,276.7,-1.0,71.4,7.95,5.68,2.27,3.53,5.67,1257.83,2.37,5.09,243.8
2015-01-03 01:40:00,178800.0,1001.84,3.66,276.68,-0.97,71.6,7.95,5.69,2.26,3.54,5.68,1258.02,2.96,6.25,243.7
2015-01-03 01:50:00,179400.0,1001.96,3.68,276.68,-0.97,71.5,7.95,5.69,2.27,3.54,5.68,1258.11,2.63,6.17,235.0
2015-01-03 02:00:00,180000.0,1002.01,3.72,276.72,-0.94,71.5,7.97,5.7,2.27,3.55,5.69,1258.01,2.28,5.05,237.7
2015-01-03 02:10:00,180600.0,1002.05,3.76,276.76,-0.95,71.2,8.0,5.7,2.3,3.54,5.69,1257.83,2.78,6.01,240.3
2015-01-03 02:20:00,181200.0,1002.17,3.82,276.81,-1.01,70.6,8.03,5.67,2.36,3.53,5.66,1257.75,2.62,4.71,232.7
2015-01-03 02:30:00,181800.0,1002.31,3.86,276.84,-1.01,70.4,8.06,5.67,2.39,3.53,5.66,1257.72,2.99,5.81,238.9
2015-01-03 02:40:00,182400.0,1002.27,3.93,276.91,-1.06,69.81,8.09,5.65,2.44,3.51,5.64,1257.4,2.31,4.09,221.2
2015-01-03 02:50:00,183000.0,1002.14,3.92,276.91,-1.13,69.51,8.09,5.62,2.47,3.5,5.61,1257.29,3.32,6.49,233.7
2015-01-03 03:00:00,183600.0,1002.12,3.88,276.87,-1.18,69.43,8.07,5.6,2.47,3.48,5.59,1257.46,1.79,5.49,248.5
2015-01-03 03:10:00,184200.0,1002.17,3.9,276.88,-1.2,69.23,8.08,5.59,2.49,3.48,5.58,1257.43,2.37,5.29,229.0
2015-01-03 03:20:00,184800.0,1002.3,3.85,276.83,-1.17,69.63,8.05,5.61,2.45,3.49,5.59,1257.78,2.15,4.89,230.3
2015-01-03 03:30:00,185400.0,1002.27,3.82,276.8,-1.12,70.0,8.04,5.62,2.41,3.5,5.61,1257.88,2.08,4.21,239.0
2015-01-03 03:40:00,186000.0,1002.08,3.72,276.71,-1.11,70.6,7.98,5.63,2.34,3.5,5.62,1258.12,1.71,3.36,226.4
2015-01-03 03:50:00,186600.0,1002.08,3.6,276.59,-1.07,71.4,7.91,5.65,2.26,3.51,5.64,1258.64,2.04,4.29,242.0
2015-01-03 04:00:00,187200.0,1002.19,3.53,276.52,-1.11,71.5,7.87,5.63,2.24,3.5,5.62,1259.09,2.17,4.45,246.5
2015-01-03 04:10:00,187800.0,1002.12,3.41,276.41,-1.13,72.0,7.81,5.62,2.19,3.5,5.61,1259.56,1.09,2.68,229.4
2015-01-03 04:20:00,188400.0,1001.95,3.32,276.33,-1.16,72.3,7.76,5.61,2.15,3.49,5.6,1259.75,1.45,2.8,232.6
2015-01-03 04:30:00,189000.0,1001.83,3.26,276.28,-1.17,72.6,7.72,5.61,2.12,3.49,5.6,1259.88,1.67,2.84,228.1
2015-01-03 04:40:00,189600.0,1001.62,3.21,276.24,-1.2,72.7,7.69,5.59,2.1,3.48,5.58,1259.87,3.04,5.77,233.9
2015-01-03 04:50:00,190200.0,1001.42,3.19,276.24,-1.16,73.0,7.68,5.61,2.07,3.49,5.6,1259.7,3.01,5.29,234.8
2015-01-03 05:00:00,190800.0,1001.34,3.1,276.16,-1.17,73.4,7.64,5.6,2.03,3.49,5.6,1260.0,2.53,4.49,232.6
2015-01-03 05:10:00,191400.0,1001.34,2.99,276.05,-1.17,74.0,7.58,5.61,1.97,3.49,5.6,1260.5,2.28,5.41,217.2
2015-01-03 05:20:00,192000.0,1001.19,2.93,276.0,-1.19,74.2,7.54,5.6,1.95,3.49,5.59,1260.59,1.27,2.96,199.2
2015-01-03 05:30:00,192600.0,1001.09,2.91,275.98,-1.21,74.2,7.53,5.59,1.94,3.48,5.58,1260.59,2.57,4.69,193.8
2015-01-03 05:40:00,193200.0,1001.0,2.92,276.0,-1.24,74.0,7.54,5.58,1.96,3.47,5.57,1260.43,2.81,4.65,192.8
2015-01-03 05:50:00,193800.0,1000.79,2.84,275.94,-1.3,74.1,7.49,5.55,1.94,3.46,5.55,1260.53,2.31,4.69,203.6
2015-01-03 06:00:00,194400.0,1000.68,2.64,275.75,-1.33,75.0,7.39,5.54,1.85,3.45,5.54,1261.3,1.08,2.0,227.7
2015-01-03 06:10:00,195000.0,1000.67,2.53,275.64,-1.38,75.3,7.33,5.52,1.81,3.44,5.52,1261.8,2.12,3.69,230.0
2015-01-03 06:20:00,195600.0,1000.56,2.51,275.63,-1.38,75.4,7.32,5.52,1.8,3.44,5.52,1261.74,1.7,3.73,233.2
2015-01-03 06:30:00,196200.0,1000.53,2.53,275.65,-1.42,75.1,7.33,5.51,1.83,3.43,5.5,1261.65,2.04,3.32,233.3
2015-01-03 06:40:00,196800.0,1000.34,2.55,275.68,-1.45,74.8,7.34,5.49,1.85,3.42,5.49,1261.32,1.51,3.73,226.5
2015-01-03 06:50:00,197400.0,1000.29,2.64,275.78,-1.51,74.0,7.39,5.47,1.92,3.41,5.47,1260.85,1.9,3.59,219.7
2015-01-03 07:00:00,198000.0,1000.15,2.76,275.91,-1.5,73.4,7.45,5.47,1.98,3.41,5.47,1260.12,4.8,7.81,196.2
2015-01-03 07:10:00,198600.0,1000.28,2.65,275.78,-1.5,74.0,7.39,5.47,1.92,3.41,5.47,1260.8,2.1,4.57,172.5
2015-01-03 07:20:00,199200.0,1000.29,2.4,275.54,-1.56,75.0,7.26,5.45,1.82,3.39,5.45,1261.96,2.06,3.45,193.9
2015-01-03 07:30:00,199800.0,1000.08,2.42,275.57,-1.61,74.6,7.27,5.43,1.85,3.38,5.43,1261.62,2.82,5.85,201.2
2015-01-03 07:40:00,200400.0,999.96,2.47,275.63,-1.69,73.9,7.3,5.39,1.9,3.36,5.39,1261.26,3.65,5.41,205.1
2015-01-03 07:50:00,201000.0,999.73,2.39,275.57,-1.73,74.1,7.26,5.38,1.88,3.35,5.38,1261.35,3.98,7.61,208.9
2015-01-03 08:00:00,201600.0,999.82,2.4,275.57,-1.78,73.8,7.26,5.36,1.9,3.34,5.36,1261.41,3.4,5.79,207.3
2015-01-03 08:10:00,202200.0,999.95,2.34,275.5,-1.76,74.2,7.23,5.37,1.87,3.34,5.37,1261.85,2.96,5.25,215.0
2015-01-03 08:20:00,202800.0,999.78,2.21,275.39,-1.78,74.8,7.16,5.36,1.81,3.34,5.36,1262.22,1.99,3.16,231.6
2015-01-03 08:30:00,203400.0,999.65,2.23,275.41,-1.8,74.6,7.17,5.35,1.82,3.34,5.35,1261.99,2.88,5.73,219.9
2015-01-03 08:40:00,204000.0,999.53,2.45,275.65,-1.83,73.2,7.29,5.34,1.95,3.33,5.34,1260.8,4.21,7.39,213.2
2015-01-03 08:50:00,204600.0,999.6,2.54,275.74,-1.8,72.9,7.34,5.35,1.99,3.34,5.35,1260.47,4.1,7.09,215.4
2015-01-03 09:00:00,205200.0,999.47,2.62,275.82,-1.79,72.6,7.38,5.36,2.02,3.34,5.36,1259.96,4.33,6.61,210.2
2015-01-03 09:10:00,205800.0,999.2,2.6,275.82,-1.77,72.8,7.37,5.36,2.0,3.35,5.37,1259.7,5.28,7.89,203.3
2015-01-03 09:20:00,206400.0,998.98,2.6,275.84,-1.73,73.0,7.37,5.38,1.99,3.36,5.38,1259.42,5.34,8.19,206.8
2015-01-03 09:30:00,207000.0,998.69,2.57,275.84,-1.68,73.4,7.35,5.4,1.96,3.37,5.4,1259.16,4.54,6.91,205.2
2015-01-03 09:40:00,207600.0,998.44,2.53,275.82,-1.58,74.2,7.33,5.44,1.89,3.4,5.45,1259.01,5.38,8.97,206.1
2015-01-03 09:50:00,208200.0,998.25,2.62,275.92,-1.44,74.5,7.38,5.5,1.88,3.43,5.51,1258.35,4.98,8.69,197.9
2015-01-03 10:00:00,208800.0,998.03,2.68,275.99,-1.38,74.5,7.41,5.52,1.89,3.45,5.53,1257.8,6.0,9.89,207.0
2015-01-03 10:10:00,209400.0,997.85,2.73,276.06,-1.31,74.6,7.44,5.55,1.89,3.47,5.56,1257.31,5.71,7.51,209.2
2015-01-03 10:20:00,210000.0,997.85,2.73,276.06,-1.29,74.7,7.44,5.56,1.88,3.47,5.57,1257.3,4.9,7.33,208.0
2015-01-03 10:30:00,210600.0,997.68,2.8,276.15,-1.24,74.6,7.48,5.58,1.9,3.48,5.59,1256.75,5.61,7.93,203.7
2015-01-03 10:40:00,211200.0,997.53,2.89,276.25,-1.19,74.4,7.52,5.6,1.93,3.5,5.61,1256.15,6.22,9.41,206.4
2015-01-03 10:50:00,211800.0,997.56,2.93,276.29,-1.24,73.9,7.54,5.58,1.97,3.48,5.59,1256.01,7.04,8.97,215.1
2015-01-03 11:00:00,212400.0,997.6,2.87,276.22,-1.28,74.0,7.51,5.56,1.95,3.47,5.57,1256.35,6.71,9.33,214.3
2015-01-03 11:10:00,213000.0,997.5,2.87,276.22,-1.22,74.4,7.51,5.59,1.92,3.49,5.6,1256.23,5.97,8.77,214.2
2015-01-03 11:20:00,213600.0,997.45,2.89,276.25,-1.16,74.6,7.52,5.61,1.91,3.51,5.63,1256.06,5.47,8.09,213.8
2015-01-03 11:30:00,214200.0,997.17,2.93,276.32,-1.13,74.5,7.54,5.62,1.92,3.51,5.64,1255.5,5.94,8.41,212.1
2015-01-03 11:40:00,214800.0,996.92,2.94,276.34,-1.11,74.6,7.55,5.63,1.92,3.52,5.65,1255.16,6.11,8.89,212.9
2015-01-03 11:50:00,215400.0,996.7,3.0,276.42,-1.04,74.7,7.58,5.66,1.92,3.54,5.68,1254.6,4.94,8.17,214.0
2015-01-03 12:00:00,216000.0,996.43,3.06,276.51,-1.01,74.5,7.61,5.67,1.94,3.55,5.69,1253.95,5.26,7.65,213.1
2015-01-03 12:10:00,216600.0,996.15,3.03,276.49,-0.93,75.1,7.6,5.7,1.89,3.57,5.73,1253.75,5.03,7.25,216.5
2015-01-03 12:20:00,217200.0,995.93,3.0,276.48,-0.89,75.5,7.58,5.72,1.86,3.58,5.75,1253.59,4.14,6.67,217.0
2015-01-03 12:30:00,217800.0,995.58,3.0,276.51,-0.87,75.6,7.58,5.73,1.85,3.59,5.76,1253.15,4.04,7.05,220.1
2015-01-03 12:40:00,218400.0,995.33,3.0,276.53,-0.89,75.5,7.58,5.72,1.86,3.58,5.75,1252.83,4.59,7.49,216.1
2015-01-03 12:50:00,219000.0,995.13,3.0,276.55,-0.89,75.5,7.58,5.72,1.86,3.59,5.75,1252.57,4.71,8.97,216.5
2015-01-03 13:00:00,219600.0,994.94,3.02,276.58,-0.85,75.6,7.59,5.74,1.85,3.59,5.77,1252.26,4.98,8.81,215.9
2015-01-03 13:10:00,220200.0,994.89,3.0,276.57,-0.83,75.8,7.58,5.75,1.84,3.6,5.78,1252.24,4.48,7.81,214.7
2015-01-03 13:20:00,220800.0,994.74,3.07,276.64,-0.86,75.3,7.62,5.73,1.88,3.59,5.77,1251.78,3.66,6.89,215.5
2015-01-03 13:30:00,221400.0,994.44,3.07,276.67,-0.84,75.4,7.62,5.74,1.87,3.6,5.77,1251.39,2.27,4.33,222.0
2015-01-03 13:40:00,222000.0,994.08,3.07,276.7,-0.81,75.6,7.62,5.76,1.86,3.61,5.79,1250.93,1.98,4.93,221.9
2015-01-03 13:50:00,222600.0,993.85,2.99,276.64,-0.84,75.8,7.57,5.74,1.83,3.6,5.78,1251.0,3.68,5.97,214.7
2015-01-03 14:00:00,223200.0,993.75,2.66,276.31,-0.5,79.6,7.4,5.89,1.51,3.69,5.93,1252.31,2.38,6.63,221.9
2015-01-03 14:10:00,223800.0,993.52,2.43,276.11,-0.25,82.4,7.28,6.0,1.28,3.76,6.04,1252.98,1.38,2.62,216.1
2015-01-03 14:20:00,224400.0,993.29,2.3,275.99,-0.23,83.3,7.21,6.01,1.2,3.77,6.05,1253.3,2.54,4.73,202.7
2015-01-03 14:30:00,225000.0,993.15,2.16,275.86,-0.24,84.1,7.14,6.0,1.13,3.77,6.04,1253.78,3.13,4.89,203.7
2015-01-03 14:40:00,225600.0,992.95,2.07,275.79,-0.29,84.3,7.09,5.98,1.11,3.75,6.02,1253.92,3.08,4.65,206.1
2015-01-03 14:50:00,226200.0,992.73,2.07,275.8,-0.23,84.7,7.09,6.01,1.08,3.77,6.05,1253.66,2.34,3.73,204.4
2015-01-03 15:00:00,226800.0,992.44,2.02,275.77,-0.21,85.1,7.07,6.01,1.05,3.78,6.06,1253.5,3.59,4.93,198.7
2015-01-03 15:10:00,227400.0,992.21,1.93,275.7,-0.19,85.8,7.02,6.02,1.0,3.79,6.07,1253.62,3.27,5.05,198.1
2015-01-03 15:20:00,228000.0,991.97,1.87,275.67,-0.12,86.6,6.99,6.06,0.94,3.81,6.11,1253.55,2.87,4.09,197.4
2015-01-03 15:30:00,228600.0,991.65,1.8,275.62,-0.12,87.0,6.96,6.05,0.9,3.81,6.1,1253.48,3.61,5.69,197.1
2015-01-03 15:40:00,229200.0,991.22,1.8,275.65,-0.06,87.4,6.96,6.08,0.88,3.82,6.13,1252.93,2.57,4.25,188.4
2015-01-03 15:50:00,229800.0,991.21,1.83,275.69,-0.08,87.1,6.97,6.07,0.9,3.82,6.13,1252.76,1.73,3.04,186.4
2015-01-03 16:00:00,230400.0,990.98,1.87,275.74,-0.11,86.7,6.99,6.06,0.93,3.81,6.12,1252.32,1.59,2.44,174.3
2015-01-03 16:10:00,231000.0,990.75,1.87,275.76,-0.09,86.8,6.99,6.07,0.92,3.82,6.12,1252.03,1.54,2.6,166.6
2015-01-03 16:20:00,231600.0,990.45,1.87,275.78,-0.14,86.5,6.99,6.05,0.94,3.81,6.11,1251.65,1.65,2.8,171.8
2015-01-03 16:30:00,232200.0,990.29,1.88,275.81,-0.17,86.2,7.0,6.03,0.97,3.8,6.09,1251.4,1.76,2.44,171.1
2015-01-03 16:40:00,232800.0,990.39,1.84,275.76,-0.17,86.5,6.98,6.03,0.94,3.8,6.09,1251.73,1.25,2.08,179.8
2015-01-03 16:50:00,233400.0,990.46,1.79,275.7,-0.24,86.3,6.95,6.0,0.95,3.78,6.06,1252.04,0.92,1.98,179.5
2015-01-03 17:00:00,234000.0,990.16,1.75,275.69,-0.35,85.9,6.93,5.95,0.98,3.75,6.01,1251.87,1.25,2.02,165.2
2015-01-03 17:10:00,234600.0,989.91,1.85,275.8,-0.54,84.1,6.98,5.87,1.11,3.7,5.93,1251.15,1.56,2.64,204.4
2015-01-03 17:20:00,235200.0,989.87,1.86,275.82,-0.59,83.7,6.99,5.85,1.14,3.68,5.91,1251.05,1.09,1.88,207.0
2015-01-03 17:30:00,235800.0,989.61,1.87,275.85,-0.71,82.9,6.99,5.8,1.2,3.65,5.86,1250.69,1.47,2.16,203.6
2015-01-03 17:40:00,236400.0,989.41,1.79,275.79,-0.69,83.5,6.95,5.81,1.15,3.66,5.87,1250.8,1.53,2.6,209.6
2015-01-03 17:50:00,237000.0,989.24,1.62,275.63,-0.69,84.6,6.87,5.81,1.06,3.66,5.87,1251.37,2.03,3.08,213.5
2015-01-03 18:00:00,237600.0,989.35,1.66,275.66,-0.61,84.8,6.89,5.84,1.05,3.68,5.9,1251.31,0.77,1.8,176.6
2015-01-03 18:10:00,238200.0,989.23,1.88,275.9,-0.6,83.5,7.0,5.84,1.15,3.68,5.91,1250.13,1.31,2.36,188.9
2015-01-03 18:20:00,238800.0,989.17,2.01,276.03,-0.69,82.2,7.07,5.81,1.26,3.66,5.87,1249.48,1.32,1.88,202.7
2015-01-03 18:30:00,239400.0,988.8,1.97,276.02,-0.61,82.9,7.04,5.84,1.2,3.68,5.91,1249.18,1.4,2.08,151.7
2015-01-03 18:40:00,240000.0,988.72,1.87,275.92,-0.55,83.9,6.99,5.87,1.13,3.7,5.93,1249.54,1.39,1.96,185.8
2015-01-03 18:50:00,240600.0,988.75,1.77,275.82,-0.61,84.1,6.94,5.84,1.1,3.68,5.91,1250.03,1.51,2.2,204.2
2015-01-03 19:00:00,241200.0,988.48,1.73,275.8,-0.6,84.4,6.92,5.84,1.08,3.69,5.91,1249.87,0.94,1.92,170.4
2015-01-03 19:10:00,241800.0,988.21,1.71,275.81,-0.51,85.1,6.91,5.88,1.03,3.71,5.95,1249.59,1.37,1.68,183.1
2015-01-03 19:20:00,242400.0,988.19,1.62,275.72,-0.55,85.4,6.87,5.87,1.0,3.7,5.94,1249.98,1.01,1.4,197.0
2015-01-03 19:30:00,243000.0,988.56,1.65,275.72,-0.54,85.3,6.88,5.87,1.01,3.7,5.94,1250.31,0.92,1.64,193.6
2015-01-03 19:40:00,243600.0,988.83,1.77,275.82,-0.52,84.7,6.94,5.88,1.06,3.71,5.95,1250.11,0.78,1.72,216.3
2015-01-03 19:50:00,244200.0,988.76,1.78,275.83,-0.51,84.7,6.95,5.88,1.06,3.71,5.95,1250.01,0.6,1.56,266.9
2015-01-03 20:00:00,244800.0,988.68,1.81,275.87,-0.48,84.7,6.96,5.9,1.07,3.72,5.97,1249.73,0.34,0.68,303.9
2015-01-03 20:10:00,245400.0,988.64,1.92,275.98,-0.36,84.8,7.02,5.95,1.07,3.75,6.02,1249.18,0.99,1.72,275.5
2015-01-03 20:20:00,246000.0,988.55,1.61,275.68,-0.38,86.5,6.87,5.94,0.93,3.75,6.01,1250.45,1.74,2.52,239.4
2015-01-03 20:30:00,246600.0,988.51,1.15,275.22,-0.39,89.4,6.64,5.94,0.7,3.74,6.01,1252.49,1.9,2.64,239.7
2015-01-03 20:40:00,247200.0,988.39,0.98,275.06,-0.23,91.6,6.56,6.01,0.55,3.79,6.08,1253.11,1.7,2.88,238.9
2015-01-03 20:50:00,247800.0,988.52,0.99,275.06,-0.09,92.4,6.56,6.07,0.5,3.83,6.14,1253.18,0.92,1.76,253.3
2015-01-03 21:00:00,248400.0,988.79,1.01,275.05,0.01,93.0,6.57,6.11,0.46,3.85,6.18,1253.43,0.42,0.92,313.6
2015-01-03 21:10:00,249000.0,988.88,1.09,275.13,0.08,92.9,6.61,6.14,0.47,3.87,6.21,1253.15,0.36,1.04,248.3
2015-01-03 21:20:00,249600.0,988.86,0.97,275.01,-0.02,93.1,6.55,6.1,0.45,3.85,6.17,1253.72,0.67,0.96,246.7
2015-01-03 21:30:00,250200.0,988.85,0.89,274.93,-0.03,93.5,6.52,6.09,0.42,3.84,6.16,1254.04,0.56,0.92,233.2
2015-01-03 21:40:00,250800.0,988.81,0.87,274.91,0.02,94.0,6.51,6.12,0.39,3.86,6.19,1254.09,0.47,1.04,202.0
2015-01-03 21:50:00,251400.0,988.84,1.0,275.04,0.19,94.3,6.57,6.19,0.37,3.9,6.26,1253.51,0.49,1.04,176.3
2015-01-03 22:00:00,252000.0,988.93,1.12,275.16,0.26,93.9,6.63,6.22,0.4,3.92,6.29,1253.03,1.82,4.71,256.0
2015-01-03 22:10:00,252600.0,989.08,1.2,275.22,0.23,93.2,6.66,6.21,0.45,3.92,6.28,1252.87,2.48,4.57,256.1
2015-01-03 22:20:00,253200.0,989.23,1.31,275.32,0.24,92.5,6.72,6.21,0.5,3.92,6.28,1252.55,2.69,4.93,251.1
2015-01-03 22:30:00,253800.0,989.07,1.33,275.36,0.17,91.9,6.73,6.18,0.54,3.9,6.25,1252.28,3.06,4.81,250.8
2015-01-03 22:40:00,254400.0,989.15,1.35,275.37,0.16,91.7,6.74,6.18,0.56,3.89,6.25,1252.29,2.73,4.89,255.0
2015-01-03 22:50:00,255000.0,989.38,1.42,275.42,0.16,91.3,6.77,6.18,0.59,3.89,6.25,1252.28,2.81,4.13,254.2
2015-01-03 23:00:00,255600.0,989.51,1.46,275.45,0.16,91.0,6.79,6.18,0.61,3.89,6.25,1252.23,3.35,5.29,252.3
2015-01-03 23:10:00,256200.0,989.78,1.52,275.49,0.19,90.8,6.82,6.19,0.63,3.9,6.26,1252.31,3.72,5.79,257.0
2015-01-03 23:20:00,256800.0,989.85,1.54,275.5,0.19,90.7,6.83,6.19,0.63,3.9,6.26,1252.33,3.28,4.89,253.1
2015-01-03 23:30:00,257400.0,989.97,1.57,275.52,0.23,90.8,6.84,6.21,0.63,3.91,6.28,1252.32,2.61,5.19,261.8
2015-01-03 23:40:00,258000.0,990.36,1.63,275.55,0.26,90.6,6.87,6.23,0.65,3.92,6.29,1252.53,2.89,5.13,256.6
2015-01-03 23:50:00,258600.0,990.48,1.65,275.57,0.29,90.6,6.88,6.24,0.65,3.93,6.3,1252.57,3.25,5.53,256.3
2015-01-04 00:00:00,259200.0,990.71,1.66,275.56,0.3,90.6,6.89,6.24,0.65,3.93,6.3,1252.82,2.52,4.23,261.6
2015-01-04 00:10:00,259800.0,990.8,1.68,275.57,0.29,90.4,6.9,6.24,0.66,3.93,6.3,1252.84,2.28,5.13,265.4
2015-01-04 00:20:00,260400.0,990.95,1.73,275.61,0.3,90.2,6.92,6.24,0.68,3.93,6.3,1252.81,2.53,4.57,264.5
2015-01-04 00:30:00,261000.0,991.08,1.67,275.54,0.28,90.4,6.9,6.23,0.66,3.92,6.29,1253.24,2.38,5.01,254.9
2015-01-04 00:40:00,261600.0,991.14,1.65,275.51,0.27,90.5,6.88,6.23,0.65,3.92,6.28,1253.45,2.89,4.61,260.7
2015-01-04 00:50:00,262200.0,991.3,1.6,275.45,0.23,90.6,6.86,6.21,0.64,3.91,6.27,1253.87,3.06,5.25,261.3
2015-01-04 01:00:00,262800.0,991.42,1.6,275.44,0.26,90.8,6.86,6.23,0.63,3.92,6.28,1254.02,3.11,5.13,262.3
2015-01-04 01:10:00,263400.0,991.67,1.67,275.49,0.32,90.7,6.9,6.25,0.64,3.93,6.31,1253.98,3.75,5.81,262.0
2015-01-04 01:20:00,264000.0,991.93,1.75,275.55,0.32,90.2,6.93,6.25,0.68,3.93,6.3,1253.95,2.8,6.05,261.2
2015-01-04 01:30:00,264600.0,992.09,1.85,275.64,0.38,89.9,6.98,6.28,0.71,3.95,6.33,1253.69,2.51,4.29,269.9
2015-01-04 01:40:00,265200.0,992.21,1.9,275.68,0.4,89.7,7.01,6.29,0.72,3.95,6.34,1253.6,3.17,5.53,264.6
2015-01-04 01:50:00,265800.0,992.36,1.95,275.71,0.41,89.5,7.03,6.29,0.74,3.95,6.34,1253.59,2.25,4.97,263.5
2015-01-04 02:00:00,266400.0,992.64,2.05,275.79,0.52,89.6,7.08,6.35,0.74,3.99,6.39,1253.46,2.37,4.69,268.4
2015-01-04 02:10:00,267000.0,992.85,2.01,275.73,0.56,90.1,7.06,6.36,0.7,4.0,6.41,1253.9,2.14,5.61,260.8
2015-01-04 02:20:00,267600.0,993.08,2.01,275.72,0.43,89.2,7.07,6.3,0.76,3.96,6.35,1254.19,3.07,6.53,272.8
2015-01-04 02:30:00,268200.0,993.37,1.98,275.66,0.3,88.6,7.05,6.24,0.8,3.92,6.29,1254.74,2.43,4.29,266.4
2015-01-04 02:40:00,268800.0,993.63,1.99,275.66,0.33,88.7,7.05,6.26,0.8,3.93,6.3,1255.0,3.03,5.55,258.9
2015-01-04 02:50:00,269400.0,993.79,2.1,275.76,0.35,88.1,7.11,6.26,0.85,3.93,6.3,1254.69,2.21,3.59,261.0
2015-01-04 03:00:00,270000.0,993.83,2.15,275.8,0.33,87.7,7.13,6.26,0.88,3.93,6.3,1254.54,2.2,4.33,259.9
2015-01-04 03:10:00,270600.0,993.93,2.19,275.83,0.29,87.2,7.15,6.24,0.92,3.91,6.28,1254.51,2.74,4.29,259.2
2015-01-04 03:20:00,271200.0,994.06,2.13,275.76,0.17,86.8,7.13,6.18,0.94,3.88,6.22,1254.94,2.24,4.53,258.2
2015-01-04 03:30:00,271800.0,994.2,2.16,275.78,0.1,86.2,7.14,6.15,0.99,3.86,6.19,1255.02,2.3,4.37,258.3
2015-01-04 03:40:00,272400.0,994.33,2.2,275.81,-0.02,85.2,7.16,6.1,1.06,3.82,6.13,1255.03,2.83,5.09,276.6
2015-01-04 03:50:00,273000.0,994.44,2.18,275.78,-0.18,84.3,7.15,6.03,1.12,3.78,6.06,1255.27,2.64,5.05,266.6
2015-01-04 04:00:00,273600.0,994.65,2.05,275.64,-0.32,84.2,7.09,5.97,1.12,3.74,6.0,1256.16,3.33,6.89,263.5
2015-01-04 04:10:00,274200.0,994.84,1.95,275.51,-0.43,84.2,7.03,5.92,1.11,3.71,5.95,1256.91,3.4,6.17,258.5
2015-01-04 04:20:00,274800.0,995.08,2.05,275.59,-0.4,83.8,7.08,5.93,1.15,3.72,5.96,1256.75,2.68,5.41,258.4
2015-01-04 04:30:00,275400.0,995.1,2.14,275.69,-0.37,83.4,7.13,5.95,1.18,3.73,5.98,1256.33,2.27,5.85,254.9
2015-01-04 04:40:00,276000.0,995.26,2.22,275.75,-0.34,83.1,7.17,5.96,1.21,3.73,5.98,1256.19,2.26,3.89,265.0
2015-01-04 04:50:00,276600.0,995.34,2.27,275.79,-0.36,82.7,7.19,5.95,1.24,3.73,5.98,1256.08,2.58,5.37,263.2
2015-01-04 05:00:00,277200.0,995.42,2.26,275.78,-0.36,82.7,7.19,5.95,1.24,3.73,5.98,1256.18,2.46,4.41,258.0
2015-01-04 05:10:00,277800.0,995.47,2.25,275.77,-0.39,82.6,7.19,5.94,1.25,3.72,5.96,1256.3,3.02,5.29,259.4
2015-01-04 05:20:00,278400.0,995.51,2.26,275.78,-0.38,82.6,7.19,5.94,1.25,3.72,5.97,1256.31,2.81,5.49,258.6
2015-01-04 05:30:00,279000.0,995.61,2.34,275.84,-0.37,82.2,7.23,5.94,1.29,3.72,5.97,1256.09,2.35,4.61,257.5
2015-01-04 05:40:00,279600.0,995.71,2.4,275.9,-0.36,81.9,7.27,5.95,1.32,3.73,5.98,1255.91,2.46,4.99,256.6
2015-01-04 05:50:00,280200.0,995.84,2.5,275.99,-0.4,81.1,7.32,5.93,1.38,3.71,5.96,1255.64,2.84,5.25,267.0
2015-01-04 06:00:00,280800.0,995.89,2.53,276.02,-0.33,81.3,7.33,5.96,1.37,3.73,5.99,1255.55,2.99,5.21,261.0
2015-01-04 06:10:00,281400.0,995.98,2.53,276.01,-0.3,81.5,7.33,5.98,1.36,3.74,6.0,1255.65,2.72,5.29,258.2
2015-01-04 06:20:00,282000.0,996.02,2.5,275.98,-0.24,82.0,7.32,6.0,1.32,3.76,6.02,1255.83,2.94,5.57,259.7
2015-01-04 06:30:00,282600.0,996.06,2.42,275.89,-0.14,83.1,7.27,6.04,1.23,3.78,6.07,1256.24,2.97,5.73,260.7
2015-01-04 06:40:00,283200.0,996.1,2.34,275.81,-0.09,83.9,7.23,6.07,1.16,3.8,6.09,1256.65,2.18,4.33,265.0
2015-01-04 06:50:00,283800.0,996.13,2.4,275.87,-0.11,83.4,7.26,6.06,1.21,3.79,6.08,1256.4,1.97,4.65,256.5
2015-01-04 07:00:00,284400.0,996.12,2.43,275.9,-0.15,83.0,7.28,6.04,1.24,3.78,6.06,1256.27,2.8,5.17,257.6
2015-01-04 07:10:00,285000.0,996.26,2.43,275.88,-0.22,82.6,7.28,6.01,1.27,3.76,6.03,1256.46,2.37,6.05,264.1
2015-01-04 07:20:00,285600.0,996.39,2.51,275.96,-0.22,82.1,7.32,6.01,1.31,3.76,6.03,1256.24,2.35,5.37,264.2
2015-01-04 07:30:00,286200.0,996.47,2.53,275.97,-0.23,81.9,7.33,6.01,1.33,3.76,6.03,1256.25,2.84,5.53,267.6
2015-01-04 07:40:00,286800.0,996.51,2.45,275.88,-0.18,82.7,7.29,6.03,1.26,3.77,6.05,1256.68,1.8,3.24,260.9
2015-01-04 07:50:00,287400.0,996.57,2.4,275.83,-0.21,82.8,7.26,6.01,1.25,3.76,6.03,1256.99,2.2,5.45,264.4
2015-01-04 08:00:00,288000.0,996.7,2.5,275.92,-0.28,81.8,7.32,5.99,1.33,3.74,6.01,1256.69,2.05,4.21,268.5
2015-01-04 08:10:00,288600.0,996.92,2.63,276.03,-0.25,81.2,7.38,6.0,1.39,3.75,6.01,1256.38,2.47,5.93,272.2
2015-01-04 08:20:00,289200.0,997.07,2.67,276.06,-0.2,81.3,7.4,6.02,1.38,3.76,6.04,1256.4,2.88,6.73,252.8
2015-01-04 08:30:00,289800.0,997.24,2.72,276.1,-0.2,81.0,7.43,6.02,1.41,3.76,6.04,1256.36,3.5,5.93,260.3
2015-01-04 08:40:00,290400.0,997.29,2.68,276.05,-0.24,81.0,7.41,6.0,1.41,3.75,6.02,1256.63,3.09,5.81,261.0
2015-01-04 08:50:00,291000.0,997.41,2.6,275.96,-0.32,81.0,7.37,5.97,1.4,3.73,5.98,1257.16,3.53,5.49,263.1
2015-01-04 09:00:00,291600.0,997.58,2.59,275.94,-0.24,81.5,7.36,6.0,1.36,3.75,6.02,1257.4,3.54,7.21,263.0
2015-01-04 09:10:00,292200.0,997.67,2.61,275.95,-0.14,82.0,7.37,6.04,1.33,3.78,6.06,1257.43,2.87,5.97,264.7
2015-01-04 09:20:00,292800.0,997.84,2.73,276.06,-0.07,81.7,7.44,6.08,1.36,3.8,6.09,1257.03,3.63,7.01,259.9
2015-01-04 09:30:00,293400.0,997.97,2.85,276.17,-0.11,80.8,7.5,6.06,1.44,3.78,6.07,1256.7,3.31,5.27,264.3
2015-01-04 09:40:00,294000.0,998.09,2.88,276.19,-0.2,80.1,7.52,6.02,1.5,3.76,6.03,1256.72,3.17,5.89,260.2
2015-01-04 09:50:00,294600.0,998.24,2.98,276.28,-0.15,79.8,7.57,6.04,1.53,3.77,6.05,1256.45,3.59,6.41,270.8
2015-01-04 10:00:00,295200.0,998.5,3.06,276.34,-0.02,80.1,7.61,6.1,1.51,3.81,6.11,1256.39,2.58,7.05,261.6
2015-01-04 10:10:00,295800.0,998.74,3.03,276.29,0.04,80.6,7.6,6.12,1.47,3.82,6.13,1256.79,2.55,4.13,264.8
2015-01-04 10:20:00,296400.0,998.96,3.26,276.5,0.16,80.0,7.72,6.18,1.54,3.86,6.18,1256.0,2.92,4.81,264.7
2015-01-04 10:30:00,297000.0,999.23,3.15,276.37,0.13,80.5,7.66,6.17,1.49,3.85,6.17,1256.87,3.1,6.33,276.8
2015-01-04 10:40:00,297600.0,999.38,3.12,276.33,0.24,81.3,7.65,6.22,1.43,3.88,6.22,1257.15,2.76,5.09,272.4
2015-01-04 10:50:00,298200.0,999.51,3.26,276.45,0.29,80.8,7.72,6.24,1.48,3.89,6.24,1256.69,2.74,5.69,273.8
2015-01-04 11:00:00,298800.0,999.57,3.28,276.48,0.4,81.3,7.74,6.29,1.45,3.92,6.29,1256.61,2.8,5.93,285.5
2015-01-04 11:10:00,299400.0,999.67,3.65,276.83,0.72,81.1,7.94,6.44,1.5,4.01,6.44,1255.03,2.45,4.53,275.3
2015-01-04 11:20:00,300000.0,999.69,3.76,276.95,0.66,80.1,8.0,6.41,1.59,4.0,6.41,1254.53,3.15,5.05,279.0
2015-01-04 11:30:00,300600.0,999.67,3.49,276.68,0.52,80.8,7.85,6.34,1.51,3.96,6.34,1255.78,3.49,7.49,268.3
2015-01-04 11:40:00,301200.0,999.68,3.52,276.7,0.73,81.9,7.87,6.44,1.42,4.02,6.44,1255.61,2.44,4.61,270.6
2015-01-04 11:50:00,301800.0,999.77,3.65,276.82,0.65,80.7,7.94,6.4,1.53,3.99,6.41,1255.17,2.73,4.65,278.5
2015-01-04 12:00:00,302400.0,999.7,3.51,276.69,0.6,81.2,7.86,6.38,1.48,3.98,6.38,1255.71,3.1,5.41,262.5
2015-01-04 12:10:00,303000.0,999.68,3.78,276.96,0.86,81.2,8.01,6.5,1.51,4.06,6.51,1254.41,2.58,6.89,278.1
2015-01-04 12:20:00,303600.0,999.78,3.68,276.86,0.6,80.2,7.96,6.38,1.58,3.98,6.38,1255.02,3.19,6.93,273.3
2015-01-04 12:30:00,304200.0,999.71,3.85,277.03,0.74,80.1,8.05,6.45,1.6,4.02,6.45,1254.16,2.7,5.19,272.3
2015-01-04 12:40:00,304800.0,999.71,4.08,277.27,0.63,78.1,8.19,6.39,1.79,3.99,6.39,1253.11,2.68,6.77,270.1
2015-01-04 12:50:00,305400.0,999.77,3.76,276.94,0.56,79.5,8.0,6.36,1.64,3.97,6.36,1254.66,2.73,5.25,269.6
2015-01-04 13:00:00,306000.0,999.86,3.64,276.81,0.54,80.1,7.93,6.35,1.58,3.96,6.35,1255.34,3.51,6.41,285.5
2015-01-04 13:10:00,306600.0,999.95,3.63,276.79,0.48,79.8,7.92,6.32,1.6,3.94,6.32,1255.52,2.78,5.65,272.8
2015-01-04 13:20:00,307200.0,1000.01,3.8,276.96,0.54,79.2,8.02,6.35,1.67,3.96,6.35,1254.8,3.09,6.09,261.4
2015-01-04 13:30:00,307800.0,1000.21,3.71,276.85,0.58,79.9,7.97,6.37,1.6,3.97,6.37,1255.44,2.46,4.57,285.4
2015-01-04 13:40:00,308400.0,1000.32,3.67,276.8,0.5,79.7,7.95,6.34,1.61,3.95,6.33,1255.78,2.25,5.13,273.6
2015-01-04 13:50:00,309000.0,1000.39,3.71,276.84,0.59,80.0,7.97,6.38,1.59,3.97,6.37,1255.67,2.45,5.89,278.0
2015-01-04 14:00:00,309600.0,1000.36,3.81,276.94,0.61,79.5,8.03,6.38,1.65,3.98,6.38,1255.16,1.62,4.53,262.8
2015-01-04 14:10:00,310200.0,1000.45,3.68,276.8,0.53,79.8,7.95,6.35,1.61,3.96,6.35,1255.9,2.68,4.97,275.5
2015-01-04 14:20:00,310800.0,1000.5,3.03,276.15,0.81,85.3,7.59,6.48,1.12,4.04,6.48,1258.87,1.7,4.57,304.4
2015-01-04 14:30:00,311400.0,1000.7,2.94,276.04,0.91,86.5,7.55,6.53,1.02,4.07,6.52,1259.51,1.64,4.65,280.5
2015-01-04 14:40:00,312000.0,1000.89,2.48,275.57,0.73,88.2,7.31,6.44,0.86,4.01,6.44,1261.88,2.42,4.53,292.3
2015-01-04 14:50:00,312600.0,1000.94,1.91,274.99,0.51,90.4,7.01,6.34,0.67,3.95,6.33,1264.62,1.96,3.69,276.4
2015-01-04 15:00:00,313200.0,1001.17,1.85,274.91,0.59,91.3,6.98,6.37,0.61,3.97,6.37,1265.17,1.61,3.61,254.8
2015-01-04 15:10:00,313800.0,1001.29,2.05,275.11,0.81,91.4,7.09,6.48,0.61,4.03,6.47,1264.32,1.76,2.52,254.6
2015-01-04 15:20:00,314400.0,1001.35,2.44,275.49,1.05,90.5,7.28,6.59,0.69,4.1,6.58,1262.58,1.5,3.41,258.7
2015-01-04 15:30:00,315000.0,1001.49,2.56,275.6,0.94,89.0,7.35,6.54,0.81,4.07,6.53,1262.2,2.07,4.87,268.7
2015-01-04 15:40:00,315600.0,1001.5,2.38,275.43,0.69,88.5,7.25,6.42,0.83,4.0,6.41,1263.1,2.02,4.45,255.4
2015-01-04 15:50:00,316200.0,1001.7,2.23,275.26,0.55,88.6,7.18,6.36,0.82,3.96,6.35,1264.07,1.86,3.77,272.8
2015-01-04 16:00:00,316800.0,1001.82,2.1,275.12,0.5,89.1,7.11,6.34,0.78,3.94,6.32,1264.83,2.17,4.65,250.8
2015-01-04 16:10:00,317400.0,1001.85,2.01,275.03,0.55,90.0,7.06,6.36,0.71,3.96,6.35,1265.28,2.22,4.17,260.3
2015-01-04 16:20:00,318000.0,1001.9,2.12,275.13,0.67,90.1,7.12,6.41,0.7,3.99,6.4,1264.83,2.3,3.93,258.5
2015-01-04 16:30:00,318600.0,1001.9,2.21,275.22,0.74,90.0,7.16,6.45,0.72,4.01,6.43,1264.41,3.32,4.61,254.9
2015-01-04 16:40:00,319200.0,1001.91,2.31,275.32,0.69,89.0,7.22,6.42,0.79,4.0,6.41,1263.95,3.58,6.57,254.3
2015-01-04 16:50:00,319800.0,1002.01,2.36,275.36,0.62,88.2,7.24,6.39,0.85,3.98,6.38,1263.85,3.05,4.55,256.9
2015-01-04 17:00:00,320400.0,1002.08,2.44,275.43,0.61,87.7,7.28,6.39,0.9,3.97,6.37,1263.6,3.31,5.65,259.5
2015-01-04 17:10:00,321000.0,1002.27,2.47,275.45,0.52,86.9,7.3,6.34,0.96,3.94,6.33,1263.73,3.04,5.13,258.2
2015-01-04 17:20:00,321600.0,1002.37,2.48,275.45,0.46,86.5,7.3,6.32,0.99,3.93,6.3,1263.81,2.66,4.21,256.2
2015-01-04 17:30:00,322200.0,1002.49,2.58,275.54,0.44,85.7,7.36,6.3,1.05,3.92,6.29,1263.51,2.15,3.81,263.7
2015-01-04 17:40:00,322800.0,1002.65,2.6,275.55,0.42,85.5,7.37,6.3,1.07,3.92,6.28,1263.62,2.1,4.53,272.9
2015-01-04 17:50:00,323400.0,1002.7,2.6,275.55,0.41,85.4,7.37,6.29,1.08,3.91,6.27,1263.68,2.3,4.33,258.6
2015-01-04 18:00:00,324000.0,1002.73,2.64,275.58,0.4,85.1,7.39,6.29,1.1,3.91,6.27,1263.56,2.16,4.49,259.1
2015-01-04 18:10:00,324600.0,1002.78,2.72,275.66,0.32,84.1,7.43,6.25,1.18,3.89,6.23,1263.25,2.65,5.01,261.1
2015-01-04 18:20:00,325200.0,1002.91,2.64,275.57,0.19,83.8,7.39,6.19,1.2,3.85,6.17,1263.81,2.62,4.89,257.9
2015-01-04 18:30:00,325800.0,1002.9,2.54,275.47,0.06,83.6,7.34,6.13,1.2,3.81,6.11,1264.3,2.79,4.25,253.5
2015-01-04 18:40:00,326400.0,1003.0,2.56,275.49,0.0,83.1,7.35,6.11,1.24,3.8,6.09,1264.32,2.76,4.95,254.9
2015-01-04 18:50:00,327000.0,1003.13,2.66,275.58,-0.05,82.2,7.4,6.08,1.32,3.78,6.06,1264.03,2.62,4.25,255.0
2015-01-04 19:00:00,327600.0,1003.06,2.64,275.56,-0.13,81.9,7.39,6.05,1.34,3.76,6.03,1264.06,2.9,6.05,260.4
2015-01-04 19:10:00,328200.0,1003.15,2.58,275.5,-0.13,82.2,7.36,6.05,1.31,3.76,6.03,1264.44,2.09,4.21,274.7
2015-01-04 19:20:00,328800.0,1003.23,2.46,275.37,-0.05,83.4,7.29,6.08,1.21,3.78,6.06,1265.09,2.07,5.45,263.5
2015-01-04 19:30:00,329400.0,1003.31,2.4,275.3,-0.08,83.6,7.26,6.07,1.19,3.77,6.05,1265.46,1.97,3.53,257.1
2015-01-04 19:40:00,330000.0,1003.39,2.45,275.35,-0.06,83.4,7.29,6.08,1.21,3.78,6.06,1265.33,1.97,3.77,264.6
2015-01-04 19:50:00,330600.0,1003.53,2.48,275.36,-0.15,82.7,7.3,6.04,1.26,3.75,6.02,1265.4,2.0,5.57,268.0
2015-01-04 20:00:00,331200.0,1003.64,2.47,275.35,-0.22,82.3,7.3,6.01,1.29,3.73,5.99,1265.6,2.61,5.37,263.2
2015-01-04 20:10:00,331800.0,1003.63,2.41,275.28,-0.25,82.5,7.27,6.0,1.27,3.72,5.97,1265.89,2.68,4.25,258.4
2015-01-04 20:20:00,332400.0,1003.72,2.33,275.2,-0.28,82.8,7.23,5.98,1.24,3.72,5.96,1266.34,3.09,5.37,259.2
2015-01-04 20:30:00,333000.0,1003.79,2.33,275.19,-0.26,82.9,7.23,5.99,1.24,3.72,5.97,1266.43,3.42,6.41,256.4
2015-01-04 20:40:00,333600.0,1003.86,2.35,275.21,-0.26,82.8,7.24,5.99,1.25,3.72,5.97,1266.43,3.19,5.73,256.6
2015-01-04 20:50:00,334200.0,1003.9,2.34,275.2,-0.28,82.7,7.23,5.98,1.25,3.71,5.96,1266.53,2.91,5.33,254.1
2015-01-04 21:00:00,334800.0,1003.99,2.31,275.16,-0.27,83.0,7.22,5.99,1.23,3.72,5.97,1266.79,3.27,5.19,257.7
2015-01-04 21:10:00,335400.0,1004.08,2.27,275.1,-0.26,83.3,7.19,5.99,1.2,3.72,5.97,1267.1,3.45,6.49,259.1
2015-01-04 21:20:00,336000.0,1004.21,2.26,275.09,-0.21,83.6,7.19,6.01,1.18,3.73,5.99,1267.26,2.61,4.65,254.1
2015-01-04 21:30:00,336600.0,1004.23,2.2,275.03,-0.19,84.1,7.16,6.02,1.14,3.74,6.0,1267.58,1.8,3.45,267.1
2015-01-04 21:40:00,337200.0,1004.26,2.21,275.04,-0.2,84.0,7.17,6.02,1.15,3.74,5.99,1267.57,2.46,5.37,266.0
2015-01-04 21:50:00,337800.0,1004.36,2.28,275.1,-0.18,83.7,7.2,6.03,1.17,3.74,6.0,1267.36,2.49,4.21,264.9
2015-01-04 22:00:00,338400.0,1004.42,2.43,275.25,-0.11,83.2,7.28,6.06,1.22,3.76,6.03,1266.72,3.14,5.33,270.7
2015-01-04 22:10:00,339000.0,1004.42,2.5,275.31,-0.05,83.2,7.31,6.09,1.23,3.78,6.06,1266.42,2.67,6.05,263.9
2015-01-04 22:20:00,339600.0,1004.5,2.51,275.31,0.02,83.6,7.32,6.12,1.2,3.8,6.09,1266.47,3.12,6.65,259.3
2015-01-04 22:30:00,340200.0,1004.61,2.33,275.13,0.16,85.5,7.23,6.18,1.05,3.84,6.15,1267.37,2.73,7.17,268.4
2015-01-04 22:40:00,340800.0,1004.6,2.37,275.17,0.29,86.1,7.25,6.24,1.01,3.87,6.21,1267.18,2.12,4.69,272.3
2015-01-04 22:50:00,341400.0,1004.6,2.43,275.23,0.27,85.6,7.28,6.23,1.05,3.87,6.2,1266.9,2.1,4.57,267.6
2015-01-04 23:00:00,342000.0,1004.57,2.47,275.27,0.2,84.9,7.3,6.2,1.1,3.84,6.17,1266.71,2.55,5.05,259.5
2015-01-04 23:10:00,342600.0,1004.58,2.47,275.26,0.13,84.5,7.3,6.17,1.13,3.83,6.14,1266.74,2.84,5.95,256.0
2015-01-04 23:20:00,343200.0,1004.59,2.48,275.28,0.08,84.1,7.31,6.14,1.16,3.81,6.12,1266.68,2.77,4.61,263.2
2015-01-04 23:30:00,343800.0,1004.61,2.48,275.28,0.05,83.9,7.31,6.13,1.18,3.8,6.1,1266.7,3.16,5.85,261.9
2015-01-04 23:40:00,344400.0,1004.74,2.52,275.31,0.07,83.8,7.33,6.14,1.19,3.81,6.11,1266.69,2.41,4.77,261.9
2015-01-04 23:50:00,345000.0,1004.69,2.53,275.32,0.08,83.8,7.33,6.14,1.19,3.81,6.11,1266.61,2.08,4.05,268.0
2015-01-05 00:00:00,345600.0,1004.75,2.53,275.32,0.05,83.6,7.33,6.13,1.2,3.8,6.1,1266.66,1.8,3.77,264.4
2015-01-05 00:10:00,346200.0,1004.79,2.47,275.25,0.0,83.7,7.3,6.11,1.19,3.79,6.08,1267.03,2.27,4.49,277.6
2015-01-05 00:20:00,346800.0,1004.77,2.42,275.2,0.04,84.2,7.27,6.12,1.15,3.8,6.09,1267.22,1.62,3.34,270.1
2015-01-05 00:30:00,347400.0,1004.88,2.33,275.1,0.06,84.9,7.23,6.13,1.09,3.81,6.11,1267.76,1.77,4.81,276.4
2015-01-05 00:40:00,348000.0,1004.89,2.3,275.08,0.12,85.4,7.21,6.16,1.05,3.82,6.13,1267.88,2.08,4.25,257.6
2015-01-05 00:50:00,348600.0,1004.95,2.33,275.1,0.17,85.6,7.23,6.19,1.04,3.84,6.16,1267.82,2.39,4.65,266.7
2015-01-05 01:00:00,349200.0,1004.97,2.37,275.14,0.23,85.7,7.25,6.21,1.04,3.85,6.18,1267.63,2.66,4.61,263.1
2015-01-05 01:10:00,349800.0,1004.99,2.29,275.05,0.31,86.7,7.2,6.25,0.96,3.87,6.22,1268.04,2.03,4.53,258.3
2015-01-05 01:20:00,350400.0,1005.0,2.04,274.81,0.37,88.6,7.08,6.27,0.81,3.89,6.24,1269.15,2.21,4.13,260.7
2015-01-05 01:30:00,351000.0,1005.11,2.02,274.77,0.45,89.3,7.07,6.31,0.76,3.91,6.28,1269.41,2.42,5.01,265.2
2015-01-05 01:40:00,351600.0,1005.18,2.1,274.85,0.43,88.7,7.11,6.3,0.8,3.91,6.27,1269.13,2.52,4.85,258.0
2015-01-05 01:50:00,352200.0,1005.19,2.22,274.97,0.44,88.0,7.17,6.31,0.86,3.91,6.28,1268.58,2.55,4.89,261.8
2015-01-05 02:00:00,352800.0,1005.2,2.27,275.02,0.43,87.6,7.19,6.3,0.89,3.91,6.27,1268.38,2.14,4.17,259.1
2015-01-05 02:10:00,353400.0,1005.22,2.28,275.03,0.41,87.4,7.2,6.29,0.91,3.9,6.26,1268.33,3.11,4.97,256.2
2015-01-05 02:20:00,354000.0,1005.29,2.37,275.11,0.4,86.8,7.25,6.29,0.96,3.9,6.26,1268.03,2.33,5.51,256.2
2015-01-05 02:30:00,354600.0,1005.26,2.42,275.17,0.36,86.2,7.28,6.27,1.0,3.89,6.24,1267.74,2.56,4.65,259.8
2015-01-05 02:40:00,355200.0,1005.21,2.47,275.22,0.29,85.5,7.3,6.24,1.06,3.87,6.21,1267.5,2.37,4.17,259.8
2015-01-05 02:50:00,355800.0,1005.21,2.5,275.25,0.22,84.8,7.32,6.2,1.11,3.85,6.17,1267.34,1.98,3.57,262.7
2015-01-05 03:00:00,356400.0,1005.17,2.53,275.29,0.18,84.4,7.33,6.19,1.14,3.84,6.16,1267.16,1.89,3.08,256.8
2015-01-05 03:10:00,357000.0,1005.14,2.57,275.32,0.15,84.0,7.35,6.17,1.18,3.83,6.14,1266.97,1.82,3.85,256.1
2015-01-05 03:20:00,357600.0,1005.09,2.61,275.37,0.08,83.3,7.38,6.14,1.23,3.81,6.11,1266.7,2.98,5.37,261.1
2015-01-05 03:30:00,358200.0,1005.1,2.69,275.44,-0.03,82.2,7.41,6.09,1.32,3.78,6.06,1266.41,2.07,5.01,255.0
2015-01-05 03:40:00,358800.0,1005.02,2.74,275.51,-0.2,80.9,7.44,6.02,1.42,3.73,5.99,1266.1,2.88,5.01,254.5
2015-01-05 03:50:00,359400.0,1004.92,2.79,275.56,-0.28,80.1,7.47,5.98,1.49,3.71,5.95,1265.76,2.16,4.37,258.2
2015-01-05 04:00:00,360000.0,1004.85,2.74,275.52,-0.3,80.3,7.44,5.98,1.47,3.71,5.95,1265.9,2.32,4.11,259.9
2015-01-05 04:10:00,360600.0,1004.83,2.74,275.52,-0.26,80.5,7.44,5.99,1.45,3.72,5.96,1265.86,1.71,4.01,259.4
2015-01-05 04:20:00,361200.0,1004.73,2.73,275.52,-0.32,80.2,7.44,5.97,1.47,3.7,5.94,1265.79,2.03,3.97,252.3
2015-01-05 04:30:00,361800.0,1004.63,2.78,275.57,-0.42,79.4,7.46,5.92,1.54,3.68,5.9,1265.48,2.2,4.77,253.5
2015-01-05 04:40:00,362400.0,1004.57,2.81,275.61,-0.69,77.6,7.48,5.81,1.68,3.6,5.78,1265.29,2.13,4.17,262.4
2015-01-05 04:50:00,363000.0,1004.47,2.73,275.54,-0.83,77.3,7.43,5.75,1.69,3.57,5.72,1265.59,2.46,4.41,256.1
2015-01-05 05:00:00,363600.0,1004.34,2.68,275.5,-0.82,77.6,7.41,5.75,1.66,3.57,5.73,1265.64,2.2,3.69,243.7
2015-01-05 05:10:00,364200.0,1004.26,2.56,275.39,-0.69,79.0,7.35,5.81,1.54,3.6,5.78,1266.04,1.73,3.41,250.2
2015-01-05 05:20:00,364800.0,1004.12,2.49,275.33,-0.54,80.3,7.31,5.87,1.44,3.65,5.85,1266.16,2.08,3.22,248.2
2015-01-05 05:30:00,365400.0,1004.1,2.52,275.36,-0.63,79.6,7.33,5.83,1.49,3.62,5.81,1266.04,2.06,4.21,259.1
2015-01-05 05:40:00,366000.0,1004.11,2.48,275.32,-0.71,79.4,7.3,5.8,1.5,3.6,5.78,1266.25,1.22,2.28,250.6
2015-01-05 05:50:00,366600.0,1004.06,2.52,275.37,-0.78,78.7,7.33,5.77,1.56,3.58,5.74,1266.0,1.34,3.04,256.7
2015-01-05 06:00:00,367200.0,1003.99,2.52,275.37,-0.82,78.5,7.33,5.75,1.58,3.57,5.73,1265.94,1.39,3.24,238.6
2015-01-05 06:10:00,367800.0,1004.02,2.59,275.43,-0.88,77.8,7.36,5.73,1.63,3.56,5.71,1265.66,1.04,2.78,255.6
2015-01-05 06:20:00,368400.0,1004.03,2.66,275.5,-0.97,76.9,7.4,5.69,1.71,3.53,5.67,1265.4,1.93,4.61,251.5
2015-01-05 06:30:00,369000.0,1004.11,2.67,275.51,-1.03,76.5,7.41,5.67,1.74,3.52,5.64,1265.42,1.55,4.45,241.1
2015-01-05 06:40:00,369600.0,1004.08,2.73,275.57,-1.13,75.6,7.44,5.62,1.81,3.49,5.6,1265.14,2.59,4.97,239.4
2015-01-05 06:50:00,370200.0,1004.18,2.73,275.56,-1.17,75.4,7.44,5.61,1.83,3.48,5.58,1265.28,1.78,3.36,248.4
2015-01-05 07:00:00,370800.0,1004.2,2.69,275.52,-1.21,75.4,7.41,5.59,1.82,3.47,5.57,1265.51,1.93,4.05,248.3
2015-01-05 07:10:00,371400.0,1003.96,2.62,275.47,-1.19,75.9,7.38,5.6,1.78,3.48,5.58,1265.53,2.03,3.79,227.1
2015-01-05 07:20:00,372000.0,1003.91,2.58,275.43,-1.15,76.3,7.36,5.61,1.74,3.49,5.59,1265.62,1.91,5.97,254.8
2015-01-05 07:30:00,372600.0,1003.86,2.49,275.35,-1.16,76.7,7.31,5.61,1.7,3.48,5.59,1265.95,1.6,4.97,254.1
2015-01-05 07:40:00,373200.0,1003.85,2.47,275.32,-1.24,76.4,7.3,5.58,1.72,3.46,5.55,1266.09,1.59,4.65,254.9
2015-01-05 07:50:00,373800.0,1003.73,2.4,275.27,-1.4,75.9,7.26,5.51,1.75,3.42,5.49,1266.27,1.62,4.33,252.4
2015-01-05 08:00:00,374400.0,1003.49,2.34,275.22,-1.51,75.6,7.23,5.47,1.76,3.39,5.45,1266.28,2.01,5.17,254.6
2015-01-05 08:10:00,375000.0,1003.53,2.28,275.16,-1.64,75.2,7.2,5.42,1.79,3.36,5.4,1266.61,1.76,3.89,257.9
2015-01-05 08:20:00,375600.0,1003.41,2.27,275.16,-1.82,74.3,7.19,5.34,1.85,3.32,5.33,1266.57,2.17,4.53,250.1
2015-01-05 08:30:00,376200.0,1003.17,2.24,275.15,-1.95,73.7,7.18,5.29,1.89,3.29,5.27,1266.41,2.13,4.25,257.6
2015-01-05 08:40:00,376800.0,1003.19,2.22,275.13,-2.14,72.8,7.17,5.22,1.95,3.24,5.2,1266.57,2.52,6.39,264.4
2015-01-05 08:50:00,377400.0,1003.19,2.22,275.13,-2.21,72.4,7.17,5.19,1.98,3.22,5.17,1266.59,2.22,5.19,256.4
2015-01-05 09:00:00,378000.0,1003.21,2.19,275.1,-2.25,72.3,7.16,5.17,1.98,3.21,5.16,1266.73,2.28,5.69,253.5
2015-01-05 09:10:00,378600.0,1003.21,2.27,275.17,-2.46,70.8,7.19,5.09,2.1,3.16,5.08,1266.43,1.87,3.97,255.5
2015-01-05 09:20:00,379200.0,1003.03,2.32,275.24,-2.53,70.2,7.22,5.07,2.15,3.15,5.05,1265.98,1.56,4.81,256.8
2015-01-05 09:30:00,379800.0,1003.09,2.33,275.25,-2.68,69.34,7.23,5.01,2.22,3.11,5.0,1266.03,1.69,4.21,251.9
2015-01-05 09:40:00,380400.0,1002.99,2.45,275.37,-2.64,69.0,7.29,5.03,2.26,3.12,5.01,1265.37,0.82,2.14,285.8
2015-01-05 09:50:00,381000.0,1002.98,2.53,275.46,-2.88,67.36,7.33,4.94,2.39,3.07,4.92,1265.0,1.98,5.01,275.1
2015-01-05 10:00:00,381600.0,1002.98,2.56,275.49,-3.05,66.35,7.35,4.88,2.47,3.03,4.86,1264.88,2.43,5.45,268.5
2015-01-05 10:10:00,382200.0,1003.14,2.6,275.51,-3.19,65.46,7.37,4.82,2.54,3.0,4.81,1264.93,1.97,4.17,252.5
2015-01-05 10:20:00,382800.0,1003.03,2.69,275.61,-3.2,64.98,7.42,4.82,2.6,2.99,4.8,1264.38,2.5,6.13,263.9
2015-01-05 10:30:00,383400.0,1002.91,2.8,275.73,-3.31,63.99,7.47,4.78,2.69,2.97,4.77,1263.78,3.28,5.97,258.9
2015-01-05 10:40:00,384000.0,1002.87,2.9,275.83,-3.3,63.55,7.53,4.78,2.74,2.97,4.77,1263.24,2.83,5.21,261.0
2015-01-05 10:50:00,384600.0,1002.83,3.05,275.98,-3.12,63.75,7.61,4.85,2.76,3.01,4.83,1262.5,3.21,7.49,259.8
2015-01-05 11:00:00,385200.0,1002.83,3.09,276.03,-3.02,64.06,7.63,4.89,2.74,3.04,4.87,1262.27,3.39,5.69,274.8
2015-01-05 11:10:00,385800.0,1002.99,2.82,275.74,-3.01,65.35,7.48,4.89,2.59,3.04,4.88,1263.73,3.64,6.69,276.8
2015-01-05 11:20:00,386400.0,1003.12,2.6,275.52,-2.84,67.23,7.37,4.95,2.41,3.08,4.94,1264.85,2.69,5.65,285.3
2015-01-05 11:30:00,387000.0,1003.11,2.54,275.46,-2.66,68.39,7.34,5.02,2.32,3.12,5.0,1265.06,2.2,5.97,285.8
2015-01-05 11:40:00,387600.0,1002.99,2.68,275.61,-2.37,69.21,7.41,5.13,2.28,3.19,5.11,1264.23,2.18,6.01,256.3
2015-01-05 11:50:00,388200.0,1002.89,2.9,275.84,-2.09,69.57,7.53,5.24,2.29,3.25,5.22,1263.04,2.44,5.65,294.0
2015-01-05 12:00:00,388800.0,1002.91,2.78,275.71,-1.95,70.9,7.46,5.29,2.17,3.29,5.28,1263.59,2.24,7.51,280.5
2015-01-05 12:10:00,389400.0,1002.93,2.74,275.67,-1.85,71.6,7.44,5.33,2.11,3.31,5.31,1263.77,2.29,4.81,297.2
2015-01-05 12:20:00,390000.0,1002.94,3.08,276.01,-1.58,71.3,7.63,5.44,2.19,3.38,5.42,1262.18,1.58,4.53,283.8
2015-01-05 12:30:00,390600.0,1002.86,3.17,276.1,-1.95,68.97,7.67,5.29,2.38,3.29,5.28,1261.77,1.67,4.57,293.7
2015-01-05 12:40:00,391200.0,1002.81,2.88,275.82,-1.95,70.4,7.52,5.29,2.23,3.29,5.28,1263.01,1.63,4.53,263.2
2015-01-05 12:50:00,391800.0,1002.69,2.84,275.79,-1.85,71.1,7.5,5.33,2.17,3.31,5.32,1263.01,1.69,4.61,273.6
2015-01-05 13:00:00,392400.0,1002.79,2.58,275.52,-2.16,70.8,7.36,5.21,2.15,3.24,5.2,1264.39,2.9,5.41,278.1
2015-01-05 13:10:00,393000.0,1002.87,2.34,275.27,-2.25,71.6,7.23,5.18,2.05,3.22,5.16,1265.65,3.14,6.01,269.4
2015-01-05 13:20:00,393600.0,1002.94,2.28,275.2,-2.17,72.3,7.2,5.2,1.99,3.23,5.19,1265.99,2.39,5.49,279.1
2015-01-05 13:30:00,394200.0,1002.84,2.43,275.37,-2.04,72.2,7.28,5.26,2.02,3.27,5.24,1265.12,1.49,3.93,307.4
2015-01-05 13:40:00,394800.0,1002.81,2.36,275.3,-2.06,72.5,7.24,5.25,1.99,3.26,5.24,1265.43,2.1,6.25,292.1
2015-01-05 13:50:00,395400.0,1002.82,2.21,275.15,-2.01,73.5,7.17,5.27,1.9,3.27,5.25,1266.1,1.74,3.79,285.9
2015-01-05 14:00:00,396000.0,1002.82,2.25,275.19,-1.88,74.0,7.19,5.32,1.87,3.31,5.3,1265.89,1.08,3.12,253.9
2015-01-05 14:10:00,396600.0,1002.75,2.13,275.07,-1.88,74.7,7.12,5.32,1.8,3.31,5.31,1266.38,1.59,3.0,296.4
2015-01-05 14:20:00,397200.0,1002.74,2.11,275.06,-1.8,75.2,7.12,5.35,1.76,3.33,5.34,1266.42,1.24,2.84,279.8
2015-01-05 14:30:00,397800.0,1002.75,2.14,275.08,-1.85,74.8,7.13,5.33,1.8,3.31,5.32,1266.32,1.4,3.14,302.4
2015-01-05 14:40:00,398400.0,1002.77,2.09,275.03,-1.79,75.4,7.1,5.35,1.75,3.33,5.34,1266.58,1.54,2.96,313.3
2015-01-05 14:50:00,399000.0,1002.76,2.06,275.0,-1.74,75.8,7.09,5.37,1.72,3.34,5.36,1266.67,1.56,3.41,292.9
2015-01-05 15:00:00,399600.0,1002.68,2.11,275.06,-1.66,76.0,7.12,5.41,1.71,3.36,5.39,1266.32,1.71,4.21,296.9
2015-01-05 15:10:00,400200.0,1002.67,2.05,275.0,-1.66,76.3,7.09,5.41,1.68,3.36,5.39,1266.58,1.62,4.05,290.4
2015-01-05 15:20:00,400800.0,1002.73,2.0,274.95,-1.77,76.0,7.06,5.36,1.69,3.33,5.35,1266.92,2.15,5.59,339.5
2015-01-05 15:30:00,401400.0,1002.79,2.08,275.02,-1.69,76.0,7.1,5.39,1.7,3.35,5.38,1266.63,0.82,2.06,296.5
2015-01-05 15:40:00,402000.0,1002.89,2.07,275.0,-1.72,75.9,7.09,5.38,1.71,3.34,5.37,1266.81,1.68,4.89,315.0
2015-01-05 15:50:00,402600.0,1002.88,1.96,274.89,-1.77,76.2,7.04,5.36,1.67,3.33,5.35,1267.32,2.05,4.29,286.0
2015-01-05 16:00:00,403200.0,1002.78,1.86,274.8,-1.79,76.6,6.99,5.35,1.64,3.33,5.34,1267.63,2.02,4.29,285.2
2015-01-05 16:10:00,403800.0,1002.76,1.88,274.82,-1.87,76.1,7.0,5.32,1.67,3.31,5.31,1267.56,1.47,3.97,287.2
2015-01-05 16:20:00,404400.0,1002.72,1.89,274.84,-1.89,75.9,7.0,5.31,1.69,3.3,5.3,1267.44,1.09,2.92,268.1
2015-01-05 16:30:00,405000.0,1002.77,1.84,274.78,-1.85,76.4,6.98,5.33,1.65,3.31,5.31,1267.74,1.45,2.92,306.2
2015-01-05 16:40:00,405600.0,1002.88,1.83,274.76,-1.85,76.5,6.97,5.33,1.64,3.31,5.32,1267.92,0.96,1.7,275.2
2015-01-05 16:50:00,406200.0,1002.91,1.81,274.74,-1.93,76.1,6.96,5.3,1.66,3.29,5.28,1268.04,1.5,2.9,267.0
2015-01-05 17:00:00,406800.0,1002.91,1.8,274.73,-2.02,75.7,6.96,5.27,1.69,3.27,5.25,1268.13,1.33,2.36,272.8
2015-01-05 17:10:00,407400.0,1002.96,1.8,274.73,-2.01,75.7,6.96,5.27,1.69,3.27,5.25,1268.19,1.18,2.08,298.7
2015-01-05 17:20:00,408000.0,1002.96,1.78,274.71,-1.98,76.0,6.95,5.28,1.67,3.28,5.27,1268.25,1.12,2.48,273.2
2015-01-05 17:30:00,408600.0,1002.85,1.78,274.71,-1.98,76.0,6.95,5.28,1.67,3.28,5.26,1268.14,0.87,2.08,277.9
2015-01-05 17:40:00,409200.0,1002.68,1.73,274.68,-2.07,75.8,6.92,5.25,1.67,3.26,5.23,1268.17,1.52,2.96,246.3
2015-01-05 17:50:00,409800.0,1002.62,1.64,274.59,-2.1,76.1,6.88,5.23,1.64,3.25,5.22,1268.52,2.67,4.17,255.3
2015-01-05 18:00:00,410400.0,1002.66,1.65,274.6,-2.2,75.5,6.88,5.2,1.69,3.23,5.18,1268.54,3.21,4.33,259.1
2015-01-05 18:10:00,411000.0,1002.45,1.64,274.61,-2.2,75.5,6.88,5.19,1.69,3.23,5.18,1268.3,3.23,4.23,258.6
2015-01-05 18:20:00,411600.0,1002.53,1.6,274.56,-2.23,75.6,6.86,5.18,1.67,3.22,5.17,1268.6,3.18,4.37,262.4
2015-01-05 18:30:00,412200.0,1002.48,1.65,274.62,-2.21,75.4,6.88,5.19,1.69,3.23,5.18,1268.29,3.1,5.25,260.7
2015-01-05 18:40:00,412800.0,1002.45,1.6,274.56,-2.19,75.8,6.86,5.2,1.66,3.23,5.18,1268.5,2.69,3.45,262.6
2015-01-05 18:50:00,413400.0,1002.47,1.54,274.5,-2.2,76.1,6.83,5.2,1.63,3.23,5.18,1268.81,2.41,3.79,262.0
2015-01-05 19:00:00,414000.0,1002.52,1.53,274.49,-2.22,76.0,6.82,5.19,1.64,3.22,5.17,1268.89,2.58,4.29,264.4
2015-01-05 19:10:00,414600.0,1002.45,1.49,274.45,-2.19,76.4,6.8,5.2,1.61,3.23,5.18,1269.02,3.26,4.41,258.1
2015-01-05 19:20:00,415200.0,1002.43,1.49,274.46,-2.23,76.2,6.8,5.18,1.62,3.22,5.17,1268.99,3.07,4.09,261.9
2015-01-05 19:30:00,415800.0,1002.47,1.52,274.49,-2.24,75.9,6.82,5.18,1.64,3.22,5.16,1268.88,2.75,3.93,257.1
2015-01-05 19:40:00,416400.0,1002.45,1.44,274.4,-2.21,76.6,6.78,5.19,1.59,3.23,5.18,1269.25,2.58,3.32,255.4
2015-01-05 19:50:00,417000.0,1002.42,1.33,274.3,-2.22,77.1,6.73,5.19,1.54,3.22,5.17,1269.71,2.34,3.2,248.5
2015-01-05 20:00:00,417600.0,1002.36,1.25,274.22,-2.25,77.4,6.69,5.17,1.51,3.22,5.16,1270.02,2.49,3.53,251.9
2015-01-05 20:10:00,418200.0,1002.33,1.04,274.01,-2.14,79.2,6.59,5.22,1.37,3.24,5.2,1270.93,1.77,2.46,251.9
2015-01-05 20:20:00,418800.0,1002.27,0.89,273.87,-2.12,80.2,6.51,5.22,1.29,3.25,5.21,1271.56,2.06,2.68,245.4
2015-01-05 20:30:00,419400.0,1002.26,0.84,273.82,-2.14,80.4,6.49,5.22,1.27,3.25,5.21,1271.76,1.89,2.64,243.8
2015-01-05 20:40:00,420000.0,1002.29,0.8,273.78,-2.11,80.8,6.47,5.23,1.24,3.25,5.22,1271.98,1.83,2.4,241.9
2015-01-05 20:50:00,420600.0,1002.22,0.74,273.72,-2.12,81.1,6.44,5.23,1.22,3.25,5.21,1272.17,2.17,2.44,241.3
2015-01-05 21:00:00,421200.0,1002.15,0.67,273.66,-2.07,81.8,6.41,5.24,1.17,3.26,5.23,1272.42,2.1,2.36,250.7
2015-01-05 21:10:00,421800.0,1002.11,0.67,273.66,-2.09,81.7,6.41,5.24,1.17,3.26,5.23,1272.36,1.95,2.36,248.3
2015-01-05 21:20:00,422400.0,1002.18,0.67,273.66,-2.0,82.2,6.41,5.27,1.14,3.28,5.26,1272.42,1.51,2.6,258.7
2015-01-05 21:30:00,423000.0,1002.1,0.73,273.73,-1.99,81.9,6.44,5.28,1.17,3.28,5.27,1272.02,1.73,2.24,249.6
2015-01-05 21:40:00,423600.0,1001.95,0.64,273.65,-2.0,82.4,6.4,5.27,1.13,3.28,5.26,1272.25,1.8,2.12,254.1
2015-01-05 21:50:00,424200.0,1001.95,0.61,273.61,-1.98,82.7,6.38,5.28,1.1,3.28,5.27,1272.42,1.33,2.0,237.6
2015-01-05 22:00:00,424800.0,1002.04,0.6,273.6,-1.96,82.9,6.38,5.29,1.09,3.29,5.28,1272.56,1.49,2.4,219.9
2015-01-05 22:10:00,425400.0,1002.15,0.6,273.59,-1.93,83.1,6.38,5.3,1.08,3.3,5.29,1272.71,0.79,1.16,216.8
2015-01-05 22:20:00,426000.0,1002.05,0.55,273.55,-1.91,83.5,6.36,5.31,1.05,3.3,5.3,1272.78,0.82,1.4,207.2
2015-01-05 22:30:00,426600.0,1001.88,0.48,273.49,-1.93,83.8,6.32,5.3,1.02,3.3,5.29,1272.91,0.91,1.44,205.4
2015-01-05 22:40:00,427200.0,1001.71,0.57,273.6,-1.82,83.9,6.37,5.34,1.02,3.32,5.33,1272.26,0.65,1.24,188.3
2015-01-05 22:50:00,427800.0,1001.66,0.53,273.56,-1.88,83.8,6.35,5.32,1.03,3.31,5.31,1272.38,0.79,1.32,205.4
2015-01-05 23:00:00,428400.0,1001.77,0.57,273.59,-1.81,84.0,6.36,5.35,1.02,3.33,5.34,1272.35,0.73,1.72,127.9
2015-01-05 23:10:00,429000.0,1001.89,0.38,273.39,-1.8,85.2,6.28,5.35,0.93,3.33,5.34,1273.35,1.01,1.84,158.7
2015-01-05 23:20:00,429600.0,1001.81,0.28,273.3,-1.79,85.9,6.23,5.36,0.88,3.33,5.35,1273.72,1.17,2.08,198.9
2015-01-05 23:30:00,430200.0,1001.76,0.17,273.19,-1.76,86.8,6.18,5.37,0.82,3.34,5.36,1274.18,0.53,1.32,198.9
2015-01-05 23:40:00,430800.0,1001.65,0.26,273.29,-1.76,86.2,6.23,5.37,0.86,3.34,5.36,1273.59,0.85,1.48,156.2
2015-01-05 23:50:00,431400.0,1001.51,0.23,273.27,-1.81,86.1,6.21,5.35,0.86,3.33,5.34,1273.59,1.07,1.88,192.6
2015-01-06 00:00:00,432000.0,1001.35,0.15,273.2,-1.87,86.2,6.17,5.32,0.85,3.31,5.31,1273.77,1.49,2.2,202.0
2015-01-06 00:10:00,432600.0,1001.17,0.03,273.09,-1.93,86.6,6.12,5.3,0.82,3.3,5.29,1274.11,1.3,1.66,229.8
2015-01-06 00:20:00,433200.0,1001.04,0.02,273.09,-1.93,86.7,6.11,5.3,0.81,3.3,5.3,1273.99,1.43,1.92,236.2
2015-01-06 00:30:00,433800.0,1000.98,0.15,273.23,-1.86,86.3,6.17,5.33,0.85,3.32,5.32,1273.31,1.79,2.24,235.6
2015-01-06 00:40:00,434400.0,1000.92,0.13,273.22,-1.87,86.3,6.17,5.32,0.84,3.31,5.32,1273.28,1.29,1.88,230.8
2015-01-06 00:50:00,435000.0,1000.93,0.1,273.19,-1.9,86.3,6.15,5.31,0.84,3.31,5.31,1273.45,0.7,1.24,184.8
2015-01-06 01:00:00,435600.0,1000.95,-0.03,273.06,-1.89,87.2,6.1,5.32,0.78,3.31,5.31,1274.07,0.53,1.08,160.8
2015-01-06 01:10:00,436200.0,1000.96,-0.01,273.08,-1.85,87.3,6.11,5.33,0.78,3.32,5.33,1273.98,0.74,1.16,202.7
2015-01-06 01:20:00,436800.0,1000.84,-0.07,273.02,-1.85,87.7,6.08,5.33,0.75,3.32,5.32,1274.13,1.04,1.32,222.0
2015-01-06 01:30:00,437400.0,1000.68,-0.06,273.04,-1.85,87.7,6.08,5.33,0.75,3.32,5.33,1273.89,0.86,1.24,207.2
2015-01-06 01:40:00,438000.0,1000.67,-0.06,273.05,-1.86,87.6,6.08,5.33,0.75,3.32,5.32,1273.85,0.73,1.24,194.2
2015-01-06 01:50:00,438600.0,1000.65,-0.06,273.05,-1.83,87.8,6.08,5.34,0.74,3.32,5.33,1273.85,0.94,1.28,183.0
2015-01-06 02:00:00,439200.0,1000.67,-0.11,273.0,-1.84,88.0,6.06,5.33,0.73,3.32,5.33,1274.07,0.98,1.88,143.0
2015-01-06 02:10:00,439800.0,1000.67,-0.2,272.91,-1.85,88.6,6.02,5.33,0.69,3.32,5.33,1274.52,0.9,1.68,188.6
2015-01-06 02:20:00,440400.0,1000.68,-0.27,272.84,-1.85,89.0,5.99,5.33,0.66,3.32,5.33,1274.86,0.92,1.48,206.7
2015-01-06 02:30:00,441000.0,1000.78,-0.24,272.86,-1.78,89.3,6.0,5.36,0.64,3.34,5.36,1274.83,0.41,0.96,187.1
2015-01-06 02:40:00,441600.0,1000.72,-0.17,272.93,-1.77,88.9,6.03,5.36,0.67,3.34,5.36,1274.44,0.53,1.0,212.6
2015-01-06 02:50:00,442200.0,1000.64,-0.2,272.91,-1.74,89.3,6.02,5.38,0.64,3.35,5.37,1274.44,0.46,0.84,196.8
2015-01-06 03:00:00,442800.0,1000.54,-0.3,272.82,-1.84,89.3,5.97,5.34,0.64,3.32,5.33,1274.83,0.79,1.08,204.7
2015-01-06 03:10:00,443400.0,1000.53,-0.4,272.72,-1.92,89.4,5.93,5.3,0.63,3.3,5.3,1275.29,0.82,1.16,206.4
2015-01-06 03:20:00,444000.0,1000.43,-0.42,272.71,-1.91,89.6,5.92,5.31,0.62,3.31,5.31,1275.24,1.0,1.2,216.7
2015-01-06 03:30:00,444600.0,1000.38,-0.37,272.76,-1.91,89.3,5.94,5.31,0.64,3.31,5.31,1274.97,0.92,1.48,223.1
2015-01-06 03:40:00,445200.0,1000.25,-0.34,272.8,-1.94,88.9,5.96,5.3,0.66,3.3,5.3,1274.65,0.98,1.52,196.7
2015-01-06 03:50:00,445800.0,1000.17,-0.34,272.81,-1.95,88.8,5.96,5.29,0.67,3.3,5.29,1274.54,0.94,1.68,223.5
2015-01-06 04:00:00,446400.0,1000.15,-0.38,272.77,-1.99,88.8,5.94,5.27,0.67,3.29,5.27,1274.73,0.94,1.36,206.1
2015-01-06 04:10:00,447000.0,1000.06,-0.4,272.75,-2.03,88.7,5.93,5.26,0.67,3.28,5.26,1274.7,1.17,1.64,209.1
2015-01-06 04:20:00,447600.0,1000.06,-0.41,272.75,-2.02,88.8,5.93,5.26,0.66,3.28,5.26,1274.74,1.12,1.6,219.2
2015-01-06 04:30:00,448200.0,1000.01,-0.43,272.73,-2.06,88.7,5.92,5.25,0.67,3.27,5.25,1274.79,1.06,1.68,228.7
2015-01-06 04:40:00,448800.0,999.82,-0.5,272.68,-2.12,88.7,5.89,5.22,0.67,3.26,5.23,1274.87,1.5,2.08,237.6
2015-01-06 04:50:00,449400.0,999.64,-0.51,272.68,-2.15,88.6,5.89,5.21,0.67,3.25,5.22,1274.69,0.89,1.32,233.8
2015-01-06 05:00:00,450000.0,999.61,-0.47,272.72,-2.16,88.3,5.9,5.21,0.69,3.25,5.21,1274.5,0.6,1.04,218.7
2015-01-06 05:10:00,450600.0,999.62,-0.53,272.66,-2.28,87.9,5.87,5.16,0.71,3.22,5.17,1274.81,0.77,1.52,185.4
2015-01-06 05:20:00,451200.0,999.75,-0.77,272.41,-2.43,88.5,5.77,5.11,0.66,3.18,5.11,1276.14,0.94,1.4,194.5
2015-01-06 05:30:00,451800.0,999.81,-0.93,272.25,-2.37,89.9,5.71,5.13,0.58,3.2,5.13,1276.91,0.83,1.12,230.9
2015-01-06 05:40:00,452400.0,999.79,-0.97,272.2,-2.32,90.5,5.69,5.15,0.54,3.21,5.15,1277.11,0.79,1.16,223.0
2015-01-06 05:50:00,453000.0,999.81,-1.01,272.17,-2.22,91.4,5.67,5.19,0.49,3.23,5.19,1277.26,0.81,1.2,223.8
2015-01-06 06:00:00,453600.0,999.81,-1.01,272.16,-2.17,91.8,5.67,5.21,0.47,3.25,5.21,1277.28,0.86,1.24,232.7
2015-01-06 06:10:00,454200.0,999.78,-0.99,272.19,-2.17,91.6,5.68,5.21,0.48,3.24,5.21,1277.12,0.72,1.16,223.7
2015-01-06 06:20:00,454800.0,999.67,-1.07,272.12,-2.25,91.6,5.65,5.17,0.47,3.23,5.17,1277.39,0.53,0.96,231.7
2015-01-06 06:30:00,455400.0,999.59,-1.09,272.1,-2.26,91.7,5.64,5.17,0.47,3.22,5.17,1277.4,0.88,1.28,232.3
2015-01-06 06:40:00,456000.0,999.55,-1.09,272.1,-2.29,91.5,5.64,5.16,0.48,3.22,5.16,1277.35,0.7,1.1,237.3
2015-01-06 06:50:00,456600.0,999.54,-1.14,272.05,-2.36,91.4,5.62,5.13,0.48,3.2,5.14,1277.58,0.52,0.84,245.1
2015-01-06 07:00:00,457200.0,999.47,-1.23,271.98,-2.4,91.7,5.58,5.12,0.46,3.19,5.12,1277.88,0.46,1.0,224.1
2015-01-06 07:10:00,457800.0,999.41,-1.36,271.85,-2.51,91.8,5.53,5.08,0.45,3.17,5.08,1278.45,0.38,0.68,223.9
2015-01-06 07:20:00,458400.0,999.37,-1.52,271.69,-2.61,92.2,5.46,5.04,0.43,3.14,5.04,1279.2,0.26,0.54,249.7
2015-01-06 07:30:00,459000.0,999.45,-1.76,271.45,-2.79,92.6,5.37,4.97,0.4,3.1,4.97,1280.44,0.66,1.28,228.3
2015-01-06 07:40:00,459600.0,999.47,-1.93,271.27,-2.92,92.9,5.3,4.92,0.38,3.07,4.93,1281.29,1.36,1.64,207.6
2015-01-06 07:50:00,460200.0,999.48,-1.91,271.29,-2.9,92.9,5.31,4.93,0.38,3.07,4.93,1281.23,1.17,1.44,217.1
2015-01-06 08:00:00,460800.0,999.51,-2.0,271.2,-2.95,93.2,5.27,4.91,0.36,3.06,4.91,1281.7,0.92,1.2,214.8
2015-01-06 08:10:00,461400.0,999.54,-2.07,271.12,-2.96,93.6,5.24,4.91,0.34,3.06,4.91,1282.07,0.79,1.04,218.8
2015-01-06 08:20:00,462000.0,999.51,-1.93,271.27,-2.75,94.1,5.3,4.99,0.31,3.11,4.99,1281.33,0.58,1.04,248.3
2015-01-06 08:30:00,462600.0,999.48,-1.74,271.46,-2.65,93.4,5.38,5.02,0.35,3.13,5.02,1280.35,0.41,0.72,65.27
2015-01-06 08:40:00,463200.0,999.46,-1.91,271.29,-2.9,92.9,5.31,4.93,0.38,3.07,4.93,1281.21,0.42,0.68,65.49
2015-01-06 08:50:00,463800.0,999.47,-1.98,271.22,-3.01,92.6,5.28,4.89,0.39,3.05,4.89,1281.56,0.41,0.84,194.5
2015-01-06 09:00:00,464400.0,999.49,-2.19,271.01,-3.22,92.6,5.2,4.81,0.38,3.0,4.82,1282.6,1.22,1.56,216.8
2015-01-06 09:10:00,465000.0,999.5,-2.22,270.98,-3.17,93.2,5.19,4.83,0.35,3.01,4.84,1282.77,1.1,1.28,206.8
2015-01-06 09:20:00,465600.0,999.46,-2.12,271.08,-3.08,93.1,5.23,4.86,0.36,3.03,4.87,1282.22,0.75,1.12,197.0
2015-01-06 09:30:00,466200.0,999.38,-1.95,271.26,-2.94,92.9,5.29,4.92,0.38,3.07,4.92,1281.28,0.54,0.8,213.3
2015-01-06 09:40:00,466800.0,999.33,-1.35,271.86,-2.52,91.7,5.53,5.07,0.46,3.16,5.08,1278.31,0.44,0.8,181.2
2015-01-06 09:50:00,467400.0,999.35,-1.03,272.18,-2.61,88.9,5.67,5.04,0.63,3.14,5.04,1276.84,0.58,0.92,178.3
2015-01-06 10:00:00,468000.0,999.26,-0.87,272.34,-2.6,88.0,5.73,5.04,0.69,3.14,5.05,1276.01,0.78,1.24,188.2
2015-01-06 10:10:00,468600.0,999.22,-0.65,272.57,-2.49,87.3,5.82,5.08,0.74,3.17,5.09,1274.9,0.85,1.68,164.3
2015-01-06 10:20:00,469200.0,999.28,-0.66,272.56,-2.48,87.4,5.82,5.09,0.73,3.17,5.09,1274.98,1.75,2.48,155.9
2015-01-06 10:30:00,469800.0,999.25,-0.75,272.47,-2.54,87.6,5.78,5.06,0.72,3.16,5.07,1275.41,1.94,3.08,167.2
2015-01-06 10:40:00,470400.0,999.17,-0.84,272.38,-2.46,88.7,5.74,5.09,0.65,3.18,5.1,1275.71,2.05,3.24,174.8
2015-01-06 10:50:00,471000.0,998.99,-0.7,272.54,-2.3,88.9,5.8,5.16,0.64,3.22,5.16,1274.8,2.51,3.53,165.1
2015-01-06 11:00:00,471600.0,998.96,-0.54,272.7,-2.19,88.5,5.87,5.2,0.68,3.24,5.2,1273.97,2.33,3.91,168.4
2015-01-06 11:10:00,472200.0,998.94,-0.09,273.15,-2.09,86.3,6.07,5.24,0.83,3.27,5.24,1271.85,2.76,4.37,162.3
2015-01-06 11:20:00,472800.0,998.84,0.14,273.39,-2.19,84.2,6.17,5.2,0.98,3.24,5.2,1270.65,3.05,4.97,153.8
2015-01-06 11:30:00,473400.0,998.74,0.27,273.53,-2.28,82.9,6.23,5.16,1.07,3.22,5.17,1269.95,3.75,4.95,152.9
2015-01-06 11:40:00,474000.0,998.65,0.45,273.72,-2.23,82.1,6.31,5.18,1.13,3.23,5.19,1268.98,3.26,4.81,150.4
2015-01-06 11:50:00,474600.0,998.57,0.64,273.91,-2.23,81.0,6.4,5.18,1.22,3.24,5.19,1268.01,3.68,4.69,150.5
2015-01-06 12:00:00,475200.0,998.47,0.85,274.13,-2.14,80.3,6.5,5.22,1.28,3.26,5.22,1266.89,3.27,4.73,151.5
2015-01-06 12:10:00,475800.0,998.35,1.08,274.37,-2.12,79.1,6.6,5.22,1.38,3.26,5.23,1265.69,3.51,4.41,151.1
2015-01-06 12:20:00,476400.0,998.18,1.35,274.66,-1.99,78.3,6.74,5.28,1.46,3.29,5.29,1264.17,2.8,3.95,153.6
2015-01-06 12:30:00,477000.0,997.99,1.85,275.17,-1.87,76.2,6.98,5.32,1.66,3.32,5.33,1261.6,2.56,4.05,161.2
2015-01-06 12:40:00,477600.0,997.81,2.15,275.48,-1.83,74.8,7.14,5.34,1.8,3.33,5.35,1260.01,2.54,3.53,161.0
2015-01-06 12:50:00,478200.0,997.65,2.49,275.83,-1.71,73.7,7.31,5.39,1.92,3.37,5.4,1258.25,2.14,3.28,165.7
2015-01-06 13:00:00,478800.0,997.6,2.7,276.05,-1.69,72.7,7.42,5.4,2.03,3.37,5.41,1257.2,2.3,3.12,160.8
2015-01-06 13:10:00,479400.0,997.46,2.95,276.31,-1.67,71.5,7.55,5.4,2.15,3.37,5.41,1255.9,2.54,3.77,169.2
2015-01-06 13:20:00,480000.0,997.38,3.07,276.44,-1.71,70.7,7.62,5.39,2.23,3.37,5.4,1255.25,2.31,3.32,170.9
2015-01-06 13:30:00,480600.0,997.33,3.26,276.63,-1.73,69.65,7.72,5.38,2.34,3.36,5.39,1254.34,2.34,3.49,166.9
2015-01-06 13:40:00,481200.0,997.21,3.35,276.74,-1.72,69.25,7.77,5.38,2.39,3.36,5.4,1253.75,1.68,3.0,185.2
2015-01-06 13:50:00,481800.0,997.12,3.35,276.74,-1.67,69.52,7.77,5.4,2.37,3.38,5.42,1253.65,1.77,2.92,176.0
2015-01-06 14:00:00,482400.0,997.02,3.34,276.73,-1.65,69.69,7.76,5.41,2.35,3.38,5.43,1253.58,1.81,2.92,173.4
2015-01-06 14:10:00,483000.0,996.88,3.22,276.63,-1.76,69.7,7.7,5.37,2.33,3.36,5.38,1253.95,2.42,3.45,168.7
2015-01-06 14:20:00,483600.0,996.81,3.22,276.63,-1.8,69.51,7.7,5.35,2.35,3.35,5.37,1253.88,2.74,4.09,168.6
2015-01-06 14:30:00,484200.0,996.65,3.2,276.62,-1.76,69.81,7.69,5.37,2.32,3.36,5.38,1253.78,2.47,3.36,166.8
2015-01-06 14:40:00,484800.0,996.56,3.2,276.63,-1.72,69.98,7.69,5.38,2.31,3.37,5.4,1253.63,2.06,3.65,177.8
2015-01-06 14:50:00,485400.0,996.49,3.2,276.64,-1.79,69.66,7.69,5.36,2.33,3.35,5.37,1253.56,2.28,4.01,180.3
2015-01-06 15:00:00,486000.0,996.47,3.13,276.57,-1.82,69.83,7.65,5.34,2.31,3.34,5.36,1253.87,1.71,2.8,188.9
2015-01-06 15:10:00,486600.0,996.49,3.02,276.46,-2.02,69.32,7.59,5.26,2.33,3.29,5.28,1254.41,1.79,2.44,194.4
2015-01-06 15:20:00,487200.0,996.52,2.97,276.4,-2.08,69.32,7.56,5.24,2.32,3.28,5.26,1254.71,1.76,2.48,193.4
2015-01-06 15:30:00,487800.0,996.6,2.9,276.33,-2.16,69.21,7.53,5.21,2.32,3.26,5.23,1255.11,1.92,2.48,189.4
2015-01-06 15:40:00,488400.0,996.62,2.79,276.22,-2.2,69.53,7.47,5.19,2.28,3.25,5.21,1255.66,1.73,2.66,188.7
2015-01-06 15:50:00,489000.0,996.62,2.66,276.09,-2.42,69.04,7.4,5.11,2.29,3.19,5.13,1256.28,2.05,2.68,195.6
2015-01-06 16:00:00,489600.0,996.68,2.54,275.96,-2.49,69.3,7.34,5.08,2.25,3.18,5.1,1256.93,2.14,2.96,196.8
2015-01-06 16:10:00,490200.0,996.74,2.45,275.87,-2.61,69.11,7.29,5.04,2.25,3.15,5.06,1257.42,2.19,2.92,198.6
2015-01-06 16:20:00,490800.0,996.74,2.24,275.66,-2.6,70.2,7.18,5.04,2.14,3.15,5.06,1258.4,2.11,2.68,198.7
2015-01-06 16:30:00,491400.0,996.65,2.01,275.43,-2.6,71.4,7.06,5.04,2.02,3.15,5.06,1259.33,2.13,2.6,197.5
2015-01-06 16:40:00,492000.0,996.57,1.91,275.34,-2.71,71.3,7.01,5.0,2.01,3.13,5.02,1259.68,2.21,3.47,200.3
2015-01-06 16:50:00,492600.0,996.5,1.83,275.26,-2.77,71.4,6.97,4.98,1.99,3.11,5.0,1260.0,2.29,3.16,198.7
2015-01-06 17:00:00,493200.0,996.51,1.63,275.07,-2.85,72.0,6.87,4.95,1.92,3.09,4.97,1260.93,2.34,3.41,196.9
2015-01-06 17:10:00,493800.0,996.43,1.54,274.98,-2.88,72.3,6.83,4.94,1.89,3.09,4.95,1261.26,2.58,3.85,190.2
2015-01-06 17:20:00,494400.0,996.38,1.36,274.8,-2.89,73.2,6.74,4.93,1.81,3.09,4.95,1262.03,2.65,3.93,186.7
2015-01-06 17:30:00,495000.0,996.39,1.23,274.67,-2.92,73.7,6.68,4.92,1.76,3.08,4.94,1262.64,2.25,3.55,186.6
2015-01-06 17:40:00,495600.0,996.48,1.04,274.48,-2.89,74.9,6.59,4.93,1.65,3.09,4.95,1263.63,1.69,3.04,189.3
2015-01-06 17:50:00,496200.0,996.52,0.93,274.36,-2.93,75.3,6.53,4.92,1.61,3.08,4.94,1264.19,1.47,2.88,192.8
2015-01-06 18:00:00,496800.0,996.53,0.88,274.31,-2.97,75.3,6.51,4.9,1.61,3.07,4.92,1264.43,1.79,3.36,175.9
2015-01-06 18:10:00,497400.0,996.56,0.79,274.22,-2.99,75.7,6.47,4.9,1.57,3.06,4.91,1264.91,1.33,3.32,186.1
2015-01-06 18:20:00,498000.0,996.63,0.57,274.0,-3.03,76.7,6.37,4.88,1.48,3.05,4.9,1266.0,1.67,3.12,168.2
2015-01-06 18:30:00,498600.0,996.62,0.45,273.88,-3.02,77.4,6.31,4.89,1.43,3.06,4.9,1266.54,1.43,2.98,172.0
2015-01-06 18:40:00,499200.0,996.54,0.36,273.8,-3.11,77.4,6.27,4.85,1.42,3.04,4.87,1266.86,1.33,2.8,175.9
2015-01-06 18:50:00,499800.0,996.4,0.46,273.9,-3.19,76.4,6.31,4.82,1.49,3.02,4.84,1266.26,2.86,5.25,154.9
2015-01-06 19:00:00,500400.0,996.24,0.32,273.77,-3.22,77.0,6.25,4.81,1.44,3.01,4.83,1266.7,2.63,3.89,158.6
2015-01-06 19:10:00,501000.0,996.25,0.39,273.84,-3.22,76.6,6.28,4.81,1.47,3.01,4.83,1266.4,2.95,4.61,166.7
2015-01-06 19:20:00,501600.0,996.18,0.49,273.95,-3.24,75.9,6.33,4.81,1.53,3.01,4.82,1265.83,3.8,5.05,163.6
2015-01-06 19:30:00,502200.0,996.14,0.53,273.99,-3.31,75.3,6.35,4.78,1.57,2.99,4.8,1265.62,3.74,4.93,160.3
2015-01-06 19:40:00,502800.0,996.15,0.58,274.04,-3.29,75.2,6.37,4.79,1.58,3.0,4.81,1265.4,2.82,4.97,159.0
2015-01-06 19:50:00,503400.0,996.25,0.49,273.95,-3.3,75.6,6.33,4.79,1.54,2.99,4.8,1265.93,1.19,2.58,183.5
2015-01-06 20:00:00,504000.0,996.23,0.39,273.84,-3.36,75.8,6.28,4.76,1.52,2.98,4.78,1266.39,1.79,2.76,179.6
2015-01-06 20:10:00,504600.0,996.1,0.29,273.75,-3.39,76.2,6.24,4.75,1.48,2.97,4.77,1266.71,2.19,3.24,183.1
2015-01-06 20:20:00,505200.0,996.1,0.23,273.69,-3.38,76.6,6.21,4.76,1.45,2.98,4.77,1266.99,2.25,3.89,182.1
2015-01-06 20:30:00,505800.0,996.03,0.26,273.73,-3.36,76.5,6.23,4.76,1.46,2.98,4.78,1266.72,2.71,4.37,174.9
2015-01-06 20:40:00,506400.0,995.96,0.3,273.78,-3.34,76.4,6.24,4.77,1.47,2.98,4.79,1266.46,3.04,4.61,170.9
2015-01-06 20:50:00,507000.0,996.0,0.4,273.87,-3.4,75.5,6.29,4.75,1.54,2.97,4.77,1266.05,2.71,4.45,177.0
2015-01-06 21:00:00,507600.0,996.0,0.52,273.99,-3.42,74.8,6.34,4.74,1.6,2.97,4.76,1265.53,2.61,4.73,178.0
2015-01-06 21:10:00,508200.0,995.9,0.69,274.18,-3.44,73.7,6.42,4.73,1.69,2.96,4.75,1264.58,2.72,4.21,177.8
2015-01-06 21:20:00,508800.0,995.69,0.73,274.23,-3.48,73.3,6.44,4.72,1.72,2.95,4.74,1264.14,2.81,4.49,187.0
2015-01-06 21:30:00,509400.0,995.7,0.74,274.24,-3.5,73.1,6.45,4.71,1.73,2.95,4.73,1264.11,2.68,4.81,184.9
2015-01-06 21:40:00,510000.0,995.65,0.76,274.26,-3.49,73.1,6.45,4.72,1.74,2.95,4.74,1263.97,2.44,3.93,191.7
2015-01-06 21:50:00,510600.0,995.76,0.73,274.22,-3.48,73.3,6.44,4.72,1.72,2.95,4.74,1264.24,2.21,4.05,192.2
2015-01-06 22:00:00,511200.0,995.76,0.84,274.34,-3.5,72.6,6.49,4.71,1.78,2.95,4.73,1263.72,2.28,3.49,191.9
2015-01-06 22:10:00,511800.0,995.79,0.92,274.41,-3.49,72.2,6.53,4.72,1.82,2.95,4.74,1263.38,2.37,3.57,173.7
2015-01-06 22:20:00,512400.0,995.75,0.89,274.39,-3.49,72.4,6.52,4.72,1.8,2.95,4.74,1263.48,1.76,3.0,174.1
2015-01-06 22:30:00,513000.0,995.73,0.81,274.31,-3.47,72.9,6.48,4.72,1.76,2.96,4.74,1263.81,1.32,2.58,172.1
2015-01-06 22:40:00,513600.0,995.68,0.68,274.18,-3.51,73.4,6.42,4.71,1.71,2.95,4.73,1264.37,1.56,2.6,193.9
2015-01-06 22:50:00,514200.0,995.69,0.56,274.06,-3.51,74.0,6.36,4.71,1.65,2.95,4.73,1264.92,1.58,3.45,185.3
2015-01-06 23:00:00,514800.0,995.61,0.63,274.13,-3.47,73.9,6.39,4.72,1.67,2.96,4.74,1264.52,1.34,2.6,172.2
2015-01-06 23:10:00,515400.0,995.48,0.73,274.24,-3.46,73.4,6.44,4.73,1.71,2.96,4.75,1263.91,1.42,2.24,188.2
2015-01-06 23:20:00,516000.0,995.46,0.77,274.29,-3.49,73.0,6.46,4.72,1.74,2.95,4.74,1263.67,1.69,2.48,183.0
2015-01-06 23:30:00,516600.0,995.52,0.71,274.22,-3.5,73.3,6.43,4.71,1.72,2.95,4.74,1264.04,1.14,2.0,165.8
2015-01-06 23:40:00,517200.0,995.62,0.82,274.33,-3.43,73.1,6.48,4.74,1.74,2.97,4.76,1263.63,1.31,2.32,147.3
2015-01-06 23:50:00,517800.0,995.65,0.88,274.38,-3.43,72.8,6.51,4.74,1.77,2.97,4.76,1263.41,1.23,1.68,169.6
2015-01-07 00:00:00,518400.0,995.76,0.98,274.47,-3.48,72.0,6.56,4.72,1.84,2.95,4.74,1263.1,1.29,2.16,184.2
2015-01-07 00:10:00,519000.0,995.74,0.86,274.36,-3.55,72.2,6.5,4.69,1.81,2.94,4.71,1263.62,1.02,1.52,183.1
2015-01-07 00:20:00,519600.0,995.66,0.71,274.21,-3.59,72.8,6.43,4.68,1.75,2.93,4.7,1264.22,1.29,1.88,199.1
2015-01-07 00:30:00,520200.0,995.65,0.76,274.26,-3.51,73.0,6.45,4.71,1.74,2.95,4.73,1263.99,1.29,2.6,175.0
2015-01-07 00:40:00,520800.0,995.59,0.79,274.3,-3.51,72.8,6.47,4.71,1.76,2.95,4.73,1263.73,1.43,2.26,188.8
2015-01-07 00:50:00,521400.0,995.59,0.77,274.28,-3.46,73.2,6.46,4.73,1.73,2.96,4.75,1263.84,2.3,3.3,212.2
2015-01-07 01:00:00,522000.0,995.87,1.06,274.55,-3.38,72.1,6.6,4.76,1.84,2.98,4.78,1262.83,1.25,2.16,209.0
2015-01-07 01:10:00,522600.0,995.96,1.16,274.64,-3.37,71.6,6.65,4.76,1.89,2.98,4.78,1262.48,1.69,3.12,214.4
2015-01-07 01:20:00,523200.0,996.18,1.16,274.62,-3.4,71.5,6.64,4.75,1.89,2.97,4.77,1262.77,2.82,3.41,206.3
2015-01-07 01:30:00,523800.0,996.38,1.27,274.71,-3.41,70.9,6.7,4.75,1.95,2.97,4.76,1262.54,1.78,2.8,232.0
2015-01-07 01:40:00,524400.0,996.51,1.48,274.92,-3.37,70.0,6.8,4.76,2.04,2.98,4.78,1261.71,1.3,1.68,206.5
2015-01-07 01:50:00,525000.0,996.58,1.47,274.9,-3.36,70.1,6.8,4.76,2.03,2.98,4.78,1261.85,1.67,2.08,198.4
2015-01-07 02:00:00,525600.0,996.54,1.33,274.76,-3.35,70.9,6.73,4.77,1.96,2.98,4.78,1262.45,1.72,2.52,192.0
2015-01-07 02:10:00,526200.0,996.5,1.04,274.47,-3.29,72.7,6.59,4.79,1.8,2.99,4.81,1263.72,1.87,2.68,214.4
2015-01-07 02:20:00,526800.0,996.56,1.17,274.6,-3.28,72.1,6.65,4.79,1.85,3.0,4.81,1263.21,1.88,2.8,202.8
2015-01-07 02:30:00,527400.0,996.67,1.22,274.64,-3.25,72.0,6.67,4.8,1.87,3.0,4.82,1263.09,0.58,1.64,211.4
2015-01-07 02:40:00,528000.0,996.83,1.17,274.57,-3.17,72.7,6.65,4.83,1.81,3.02,4.85,1263.54,0.68,1.36,144.7
2015-01-07 02:50:00,528600.0,996.83,0.98,274.39,-3.16,73.7,6.56,4.83,1.73,3.02,4.85,1264.38,0.87,1.36,160.6
2015-01-07 03:00:00,529200.0,997.02,1.07,274.46,-3.1,73.6,6.6,4.86,1.74,3.04,4.87,1264.21,1.02,2.08,181.1
2015-01-07 03:10:00,529800.0,996.9,1.04,274.45,-3.19,73.2,6.59,4.82,1.77,3.01,4.84,1264.19,1.4,1.96,192.2
2015-01-07 03:20:00,530400.0,997.0,1.0,274.39,-3.18,73.5,6.57,4.83,1.74,3.02,4.84,1264.53,1.44,2.4,176.9
2015-01-07 03:30:00,531000.0,996.92,1.01,274.41,-3.06,74.1,6.57,4.87,1.7,3.04,4.89,1264.35,1.72,2.58,172.5
2015-01-07 03:40:00,531600.0,996.91,0.82,274.22,-3.0,75.5,6.48,4.89,1.59,3.06,4.91,1265.2,1.08,2.1,194.7
2015-01-07 03:50:00,532200.0,996.9,0.78,274.19,-2.95,76.0,6.47,4.91,1.55,3.07,4.93,1265.36,1.22,1.94,180.0
2015-01-07 04:00:00,532800.0,996.7,0.78,274.2,-2.86,76.5,6.47,4.95,1.52,3.09,4.96,1265.07,1.25,2.68,176.8
2015-01-07 04:10:00,533400.0,996.69,0.7,274.12,-2.85,77.0,6.43,4.95,1.48,3.09,4.97,1265.44,1.59,2.72,192.9
2015-01-07 04:20:00,534000.0,996.69,0.69,274.11,-2.76,77.6,6.42,4.98,1.44,3.12,5.0,1265.5,1.31,2.76,177.0
2015-01-07 04:30:00,534600.0,996.75,0.78,274.2,-2.67,77.6,6.46,5.02,1.45,3.14,5.03,1265.12,1.2,2.38,169.8
2015-01-07 04:40:00,535200.0,996.78,0.85,274.27,-2.62,77.5,6.5,5.04,1.46,3.15,5.05,1264.81,0.89,2.1,204.4
2015-01-07 04:50:00,535800.0,996.9,0.88,274.29,-2.55,77.7,6.51,5.06,1.45,3.16,5.08,1264.83,0.55,1.44,209.4
2015-01-07 05:00:00,536400.0,996.88,0.93,274.33,-2.54,77.5,6.53,5.06,1.47,3.17,5.08,1264.58,0.74,1.36,198.9
2015-01-07 05:10:00,537000.0,996.87,0.94,274.35,-2.53,77.5,6.54,5.07,1.47,3.17,5.09,1264.5,1.2,2.2,172.9
2015-01-07 05:20:00,537600.0,996.87,1.0,274.4,-2.49,77.4,6.57,5.08,1.48,3.18,5.1,1264.24,1.51,2.56,166.8
2015-01-07 05:30:00,538200.0,996.98,1.0,274.39,-2.46,77.6,6.57,5.1,1.47,3.19,5.11,1264.37,1.58,2.72,168.9
2015-01-07 05:40:00,538800.0,997.01,1.03,274.42,-2.37,77.9,6.58,5.13,1.45,3.21,5.14,1264.25,0.99,1.32,169.1
2015-01-07 05:50:00,539400.0,996.99,1.12,274.52,-2.28,77.9,6.63,5.16,1.46,3.23,5.18,1263.78,0.38,0.96,178.1
2015-01-07 06:00:00,540000.0,997.16,1.17,274.55,-2.22,78.0,6.65,5.19,1.46,3.24,5.2,1263.77,0.63,1.84,67.67
2015-01-07 06:10:00,540600.0,997.39,1.18,274.55,-2.09,78.7,6.66,5.24,1.42,3.27,5.25,1263.97,0.67,1.88,158.4
2015-01-07 06:20:00,541200.0,997.46,1.11,274.46,-1.81,80.8,6.62,5.35,1.27,3.34,5.36,1264.37,0.93,1.44,185.1
2015-01-07 06:30:00,541800.0,997.55,0.95,274.3,-1.69,82.4,6.55,5.39,1.15,3.37,5.41,1265.16,0.69,1.3,190.9
2015-01-07 06:40:00,542400.0,997.65,0.94,274.28,-1.63,82.9,6.54,5.42,1.12,3.39,5.43,1265.35,0.7,1.28,166.6
2015-01-07 06:50:00,543000.0,997.69,1.06,274.4,-1.3,84.2,6.6,5.55,1.04,3.47,5.57,1264.79,1.47,2.68,137.2
2015-01-07 07:00:00,543600.0,997.72,1.0,274.33,-1.15,85.5,6.57,5.61,0.95,3.51,5.63,1265.08,1.35,2.84,138.7
2015-01-07 07:10:00,544200.0,997.88,0.98,274.31,-0.79,87.9,6.56,5.76,0.79,3.6,5.78,1265.28,0.87,1.88,88.3
2015-01-07 07:20:00,544800.0,997.95,0.94,274.26,-0.62,89.3,6.54,5.84,0.7,3.65,5.85,1265.54,1.33,2.2,98.7
2015-01-07 07:30:00,545400.0,998.02,0.89,274.2,-0.52,90.3,6.51,5.88,0.63,3.67,5.89,1265.84,1.07,2.2,122.2
2015-01-07 07:40:00,546000.0,998.15,0.95,274.25,-0.29,91.4,6.54,5.98,0.56,3.74,5.99,1265.67,0.67,1.44,179.2
2015-01-07 07:50:00,546600.0,998.3,1.17,274.46,-0.08,91.3,6.65,6.07,0.58,3.79,6.08,1264.78,0.62,1.58,161.5
2015-01-07 08:00:00,547200.0,998.38,1.46,274.74,0.21,91.4,6.79,6.2,0.58,3.87,6.21,1263.52,0.73,1.48,156.1
2015-01-07 08:10:00,547800.0,998.43,1.6,274.88,0.25,90.7,6.86,6.22,0.64,3.88,6.23,1262.91,0.71,1.6,83.3
2015-01-07 08:20:00,548400.0,998.52,1.38,274.65,0.02,90.6,6.75,6.11,0.63,3.82,6.12,1264.1,1.48,2.28,68.42
2015-01-07 08:30:00,549000.0,998.65,1.42,274.69,0.11,90.9,6.77,6.15,0.62,3.84,6.16,1264.04,1.15,2.32,87.8
2015-01-07 08:40:00,549600.0,998.79,1.62,274.88,0.3,90.9,6.87,6.24,0.63,3.9,6.25,1263.25,1.07,2.84,136.0
2015-01-07 08:50:00,550200.0,998.92,1.69,274.93,0.29,90.4,6.9,6.24,0.66,3.89,6.24,1263.12,0.82,1.64,88.2
2015-01-07 09:00:00,550800.0,999.07,1.7,274.94,0.4,91.0,6.91,6.29,0.62,3.92,6.29,1263.21,0.86,2.04,77.2
2015-01-07 09:10:00,551400.0,999.19,1.86,275.08,0.63,91.5,6.99,6.39,0.59,3.99,6.4,1262.59,1.38,3.47,245.9
2015-01-07 09:20:00,552000.0,999.18,1.9,275.12,0.74,92.0,7.01,6.44,0.56,4.02,6.45,1262.39,1.54,3.61,232.1
2015-01-07 09:30:00,552600.0,999.34,1.93,275.14,0.76,91.9,7.02,6.46,0.57,4.03,6.46,1262.42,2.35,4.05,238.3
2015-01-07 09:40:00,553200.0,999.47,1.94,275.14,0.74,91.7,7.03,6.44,0.58,4.02,6.45,1262.55,1.85,2.72,248.1
2015-01-07 09:50:00,553800.0,999.57,2.02,275.21,0.79,91.5,7.07,6.47,0.6,4.03,6.47,1262.31,1.86,2.96,236.6
2015-01-07 10:00:00,554400.0,999.7,2.21,275.39,0.94,91.3,7.16,6.54,0.62,4.08,6.54,1261.56,1.61,3.45,235.5
2015-01-07 10:10:00,555000.0,999.83,2.43,275.61,1.07,90.7,7.28,6.6,0.68,4.12,6.6,1260.68,1.63,3.45,237.4
2015-01-07 10:20:00,555600.0,999.92,2.6,275.77,1.13,90.0,7.37,6.63,0.74,4.14,6.63,1260.0,2.42,5.57,239.0
2015-01-07 10:30:00,556200.0,999.95,2.76,275.92,1.26,89.8,7.45,6.69,0.76,4.17,6.69,1259.29,1.87,4.65,228.7
2015-01-07 10:40:00,556800.0,1000.11,2.99,276.14,1.34,88.9,7.57,6.73,0.84,4.2,6.73,1258.43,1.44,2.56,227.3
2015-01-07 10:50:00,557400.0,1000.23,3.1,276.24,1.36,88.3,7.63,6.74,0.89,4.2,6.74,1258.08,1.24,2.56,228.0
2015-01-07 11:00:00,558000.0,1000.31,3.08,276.22,1.23,87.6,7.63,6.68,0.95,4.16,6.68,1258.27,0.84,2.04,110.8
2015-01-07 11:10:00,558600.0,1000.27,3.0,276.14,1.27,88.3,7.58,6.7,0.89,4.17,6.69,1258.58,1.01,2.12,119.0
2015-01-07 11:20:00,559200.0,1000.17,3.37,276.52,1.41,86.9,7.78,6.76,1.02,4.22,6.76,1256.73,0.95,2.1,142.7
2015-01-07 11:30:00,559800.0,1000.13,3.3,276.45,1.31,86.7,7.75,6.72,1.03,4.19,6.72,1257.02,1.28,2.32,121.2
2015-01-07 11:40:00,560400.0,1000.07,3.14,276.29,1.32,87.8,7.66,6.72,0.93,4.19,6.72,1257.69,1.62,2.72,107.7
2015-01-07 11:50:00,561000.0,1000.16,3.5,276.65,1.59,87.2,7.86,6.85,1.01,4.27,6.85,1256.09,0.82,1.82,114.1
2015-01-07 12:00:00,561600.0,1000.28,4.0,277.13,1.63,84.5,8.13,6.87,1.26,4.29,6.87,1253.99,1.16,3.57,210.2
2015-01-07 12:10:00,562200.0,1000.35,3.97,277.11,1.43,83.4,8.12,6.77,1.35,4.22,6.77,1254.24,1.24,2.56,237.1
2015-01-07 12:20:00,562800.0,1000.33,3.93,277.07,1.37,83.3,8.1,6.75,1.35,4.21,6.74,1254.4,0.95,1.84,227.6
2015-01-07 12:30:00,563400.0,1000.34,3.98,277.11,1.41,83.3,8.12,6.77,1.36,4.22,6.76,1254.22,0.95,2.0,219.4
2015-01-07 12:40:00,564000.0,1000.34,4.16,277.29,1.42,82.3,8.23,6.77,1.46,4.22,6.77,1253.39,1.34,2.68,180.0
2015-01-07 12:50:00,564600.0,1000.42,4.2,277.33,1.35,81.6,8.25,6.73,1.52,4.2,6.73,1253.31,1.22,2.52,221.4
2015-01-07 13:00:00,565200.0,1000.35,4.2,277.33,1.33,81.5,8.25,6.73,1.53,4.19,6.72,1253.22,1.32,2.48,208.4
2015-01-07 13:10:00,565800.0,1000.3,4.2,277.33,1.29,81.3,8.25,6.71,1.54,4.18,6.71,1253.2,1.18,2.56,233.6
2015-01-07 13:20:00,566400.0,1000.3,4.23,277.37,1.16,80.3,8.27,6.64,1.63,4.14,6.64,1253.06,1.26,2.44,229.7
2015-01-07 13:30:00,567000.0,1000.29,4.37,277.5,1.13,79.4,8.35,6.63,1.72,4.13,6.63,1252.45,0.98,2.64,239.0
2015-01-07 13:40:00,567600.0,1000.3,4.59,277.73,1.05,77.7,8.48,6.59,1.89,4.11,6.59,1251.47,1.22,2.84,235.1
2015-01-07 13:50:00,568200.0,1000.36,4.71,277.84,1.15,77.6,8.56,6.64,1.92,4.14,6.64,1250.97,1.02,2.16,222.2
2015-01-07 14:00:00,568800.0,1000.37,4.89,278.02,1.09,76.3,8.66,6.61,2.05,4.12,6.61,1250.19,1.05,3.28,66.89
2015-01-07 14:10:00,569400.0,1000.46,4.85,277.97,0.97,75.9,8.64,6.55,2.08,4.09,6.55,1250.53,1.34,2.92,224.7
2015-01-07 14:20:00,570000.0,1000.53,5.0,278.12,1.09,75.7,8.73,6.61,2.12,4.12,6.61,1249.89,1.37,2.28,168.5
2015-01-07 14:30:00,570600.0,1000.61,5.06,278.17,0.85,74.1,8.77,6.5,2.27,4.05,6.49,1249.78,1.76,3.56,267.6
2015-01-07 14:40:00,571200.0,1000.72,4.88,277.98,0.9,75.3,8.66,6.52,2.14,4.06,6.51,1250.72,1.65,2.6,209.4
2015-01-07 14:50:00,571800.0,1000.77,4.49,277.59,0.85,77.1,8.42,6.49,1.93,4.05,6.49,1252.56,1.95,2.88,205.9
2015-01-07 15:00:00,572400.0,1000.9,4.39,277.48,0.93,78.1,8.36,6.53,1.83,4.07,6.53,1253.15,1.44,2.36,224.4
2015-01-07 15:10:00,573000.0,1001.0,4.47,277.55,0.91,77.6,8.41,6.53,1.88,4.07,6.52,1252.92,1.45,3.44,282.6
2015-01-07 15:20:00,573600.0,1001.03,4.5,277.58,0.87,77.2,8.43,6.51,1.92,4.05,6.5,1252.84,1.22,2.28,252.1
2015-01-07 15:30:00,574200.0,1001.1,4.44,277.52,0.71,76.6,8.4,6.43,1.96,4.01,6.42,1253.22,1.29,2.8,243.0
2015-01-07 15:40:00,574800.0,1001.17,4.35,277.42,0.4,75.4,8.34,6.29,2.05,3.92,6.28,1253.78,1.35,2.14,234.5
2015-01-07 15:50:00,575400.0,1001.19,4.31,277.38,0.7,77.3,8.32,6.43,1.89,4.0,6.42,1253.94,1.2,2.16,225.0
2015-01-07 16:00:00,576000.0,1001.23,4.05,277.11,0.56,77.9,8.17,6.36,1.8,3.96,6.35,1255.18,1.85,2.72,237.8
2015-01-07 16:10:00,576600.0,1001.27,3.89,276.95,0.34,77.5,8.08,6.26,1.82,3.9,6.25,1256.0,1.4,2.36,237.1
2015-01-07 16:20:00,577200.0,1001.34,3.8,276.85,0.1,76.7,8.02,6.15,1.87,3.83,6.14,1256.58,1.94,2.88,241.7
2015-01-07 16:30:00,577800.0,1001.42,3.68,276.73,-0.03,76.6,7.95,6.09,1.86,3.79,6.08,1257.25,2.32,3.2,237.5
2015-01-07 16:40:00,578400.0,1001.47,3.53,276.57,-0.21,76.4,7.87,6.01,1.86,3.74,6.0,1258.03,2.43,4.05,236.0
2015-01-07 16:50:00,579000.0,1001.34,3.29,276.34,-0.37,76.8,7.74,5.94,1.8,3.7,5.94,1258.98,2.07,3.04,233.3
2015-01-07 17:00:00,579600.0,1001.23,3.14,276.2,-0.56,76.6,7.65,5.86,1.79,3.65,5.86,1259.57,2.25,3.65,238.1
2015-01-07 17:10:00,580200.0,1001.34,2.94,275.99,-0.68,77.0,7.55,5.81,1.74,3.62,5.8,1260.67,2.73,3.49,239.3
2015-01-07 17:20:00,580800.0,1001.41,2.81,275.86,-0.78,77.1,7.48,5.77,1.71,3.59,5.76,1261.33,3.27,4.45,243.0
2015-01-07 17:30:00,581400.0,1001.54,2.63,275.67,-0.86,77.7,7.38,5.74,1.65,3.57,5.73,1262.35,3.25,4.55,241.3
2015-01-07 17:40:00,582000.0,1001.65,2.32,275.35,-0.93,79.0,7.22,5.71,1.52,3.55,5.7,1263.9,3.05,4.17,240.2
2015-01-07 17:50:00,582600.0,1001.66,2.16,275.19,-0.98,79.6,7.14,5.68,1.46,3.54,5.67,1264.68,2.66,4.33,237.2
2015-01-07 18:00:00,583200.0,1001.73,1.88,274.91,-1.09,80.6,7.0,5.64,1.36,3.51,5.63,1266.07,2.51,3.85,228.9
2015-01-07 18:10:00,583800.0,1001.78,1.7,274.72,-1.14,81.3,6.91,5.62,1.29,3.49,5.61,1266.97,2.55,3.97,233.7
2015-01-07 18:20:00,584400.0,1001.77,1.73,274.75,-1.2,80.8,6.92,5.59,1.33,3.48,5.58,1266.85,2.73,4.55,238.3
2015-01-07 18:30:00,585000.0,1001.76,1.74,274.76,-1.28,80.3,6.93,5.56,1.36,3.46,5.55,1266.82,2.96,4.65,233.6
2015-01-07 18:40:00,585600.0,1001.77,1.65,274.67,-1.35,80.4,6.88,5.53,1.35,3.44,5.52,1267.24,2.95,5.01,232.7
2015-01-07 18:50:00,586200.0,1001.77,1.55,274.57,-1.42,80.5,6.84,5.5,1.33,3.42,5.49,1267.69,3.22,5.13,227.7
2015-01-07 19:00:00,586800.0,1001.77,1.37,274.39,-1.47,81.3,6.75,5.48,1.26,3.41,5.48,1268.54,2.91,4.09,221.8
2015-01-07 19:10:00,587400.0,1001.79,1.26,274.28,-1.47,81.9,6.69,5.48,1.21,3.41,5.47,1269.08,2.49,4.13,225.6
2015-01-07 19:20:00,588000.0,1001.79,1.19,274.2,-1.52,82.1,6.66,5.46,1.19,3.4,5.46,1269.44,1.93,2.84,224.0
2015-01-07 19:30:00,588600.0,1001.8,1.19,274.21,-1.51,82.1,6.66,5.47,1.19,3.4,5.46,1269.43,2.25,3.0,228.1
2015-01-07 19:40:00,589200.0,1001.86,1.11,274.12,-1.59,82.1,6.62,5.43,1.18,3.38,5.42,1269.92,1.72,2.68,222.3
2015-01-07 19:50:00,589800.0,1001.93,0.9,273.91,-1.61,83.2,6.52,5.43,1.1,3.38,5.42,1270.96,2.34,3.04,224.6
2015-01-07 20:00:00,590400.0,1002.01,0.92,273.92,-1.61,83.1,6.53,5.43,1.1,3.37,5.41,1270.98,2.17,3.28,216.3
2015-01-07 20:10:00,591000.0,1002.02,0.77,273.77,-1.63,83.9,6.46,5.42,1.04,3.37,5.41,1271.68,2.48,3.43,224.0
2015-01-07 20:20:00,591600.0,1002.04,0.77,273.77,-1.71,83.4,6.46,5.39,1.07,3.35,5.38,1271.72,2.19,3.0,213.7
2015-01-07 20:30:00,592200.0,1001.97,0.58,273.59,-1.75,84.3,6.37,5.37,1.0,3.34,5.36,1272.5,2.23,3.2,213.9
2015-01-07 20:40:00,592800.0,1001.9,0.77,273.78,-1.63,83.9,6.46,5.42,1.04,3.37,5.41,1271.54,2.66,3.45,218.6
2015-01-07 20:50:00,593400.0,1001.93,1.05,274.06,-1.58,82.5,6.59,5.44,1.15,3.38,5.43,1270.27,2.01,2.92,220.5
2015-01-07 21:00:00,594000.0,1001.9,1.02,274.04,-1.71,81.9,6.58,5.39,1.19,3.35,5.38,1270.37,2.38,3.04,215.4
2015-01-07 21:10:00,594600.0,1001.81,0.89,273.91,-1.76,82.4,6.51,5.37,1.15,3.34,5.36,1270.9,1.9,2.96,217.6
2015-01-07 21:20:00,595200.0,1001.74,0.69,273.71,-1.82,83.2,6.42,5.34,1.08,3.32,5.33,1271.74,0.64,2.08,210.0
2015-01-07 21:30:00,595800.0,1001.61,0.48,273.51,-1.93,83.8,6.32,5.3,1.02,3.3,5.29,1272.58,1.17,1.84,209.2
2015-01-07 21:40:00,596400.0,1001.51,0.28,273.32,-1.98,84.7,6.23,5.28,0.95,3.29,5.27,1273.38,1.75,2.74,215.5
2015-01-07 21:50:00,597000.0,1001.42,0.23,273.28,-2.0,84.9,6.21,5.27,0.94,3.28,5.27,1273.49,1.37,2.0,191.9
2015-01-07 22:00:00,597600.0,1001.35,0.2,273.26,-1.99,85.1,6.2,5.27,0.92,3.28,5.27,1273.53,1.94,3.24,183.6
2015-01-07 22:10:00,598200.0,1001.24,-0.2,272.86,-2.15,86.6,6.02,5.21,0.81,3.24,5.21,1275.31,1.98,3.04,178.8
2015-01-07 22:20:00,598800.0,1001.17,-0.4,272.67,-2.1,88.2,5.93,5.23,0.7,3.26,5.23,1276.14,1.49,3.08,178.1
2015-01-07 22:30:00,599400.0,1001.09,-0.52,272.55,-2.15,88.7,5.88,5.21,0.66,3.25,5.21,1276.61,1.26,2.36,172.1
2015-01-07 22:40:00,600000.0,1001.04,-0.25,272.83,-1.96,88.2,6.0,5.29,0.71,3.29,5.28,1275.25,1.38,2.6,188.6
2015-01-07 22:50:00,600600.0,1001.0,-0.06,273.02,-2.03,86.5,6.08,5.26,0.82,3.28,5.26,1274.32,0.96,2.32,152.1
2015-01-07 23:00:00,601200.0,1000.9,-0.3,272.79,-2.13,87.4,5.98,5.22,0.75,3.25,5.22,1275.33,1.39,2.8,155.0
2015-01-07 23:10:00,601800.0,1000.8,-0.28,272.82,-2.03,87.9,5.98,5.26,0.72,3.28,5.26,1275.1,0.92,1.72,187.9
2015-01-07 23:20:00,602400.0,1000.83,0.34,273.44,-1.81,85.4,6.26,5.35,0.91,3.33,5.34,1272.2,2.14,3.85,192.7
2015-01-07 23:30:00,603000.0,1000.8,0.9,274.0,-1.81,82.0,6.52,5.35,1.17,3.33,5.34,1269.55,2.4,3.28,188.7
2015-01-07 23:40:00,603600.0,1000.8,0.73,273.83,-1.98,82.0,6.44,5.28,1.16,3.29,5.28,1270.37,1.54,3.65,203.1
2015-01-07 23:50:00,604200.0,1000.9,0.28,273.37,-2.02,84.5,6.23,5.27,0.97,3.28,5.26,1272.62,0.73,1.92,232.6
2015-01-08 00:00:00,604800.0,1000.79,0.1,273.19,-2.02,85.6,6.15,5.27,0.89,3.28,5.26,1273.32,0.64,1.2,110.0
2015-01-08 00:10:00,605400.0,1000.66,-0.07,273.04,-2.07,86.3,6.08,5.25,0.83,3.27,5.24,1273.91,0.72,1.24,196.2
2015-01-08 00:20:00,606000.0,1000.76,0.35,273.45,-1.71,86.0,6.26,5.39,0.88,3.35,5.38,1272.06,2.17,2.84,215.4
2015-01-08 00:30:00,606600.0,1000.67,0.91,274.01,-1.8,82.0,6.52,5.35,1.17,3.33,5.35,1269.36,2.18,3.65,205.4
2015-01-08 00:40:00,607200.0,1000.57,1.02,274.14,-1.68,82.1,6.58,5.4,1.18,3.36,5.4,1268.69,3.15,5.25,205.5
2015-01-08 00:50:00,607800.0,1000.48,0.93,274.05,-1.79,82.0,6.53,5.36,1.18,3.34,5.35,1269.03,2.36,3.73,195.8
2015-01-08 01:00:00,608400.0,1000.31,0.74,273.88,-1.85,82.7,6.45,5.33,1.12,3.32,5.33,1269.69,3.09,3.93,196.9
2015-01-08 01:10:00,609000.0,1000.19,0.22,273.37,-2.07,84.5,6.21,5.25,0.96,3.27,5.25,1271.96,2.9,4.01,188.7
2015-01-08 01:20:00,609600.0,1000.17,0.37,273.51,-1.86,84.9,6.27,5.33,0.95,3.32,5.32,1271.24,2.83,4.61,187.1
2015-01-08 01:30:00,610200.0,1000.12,0.54,273.69,-1.8,84.2,6.35,5.35,1.0,3.33,5.35,1270.34,3.01,4.61,189.6
2015-01-08 01:40:00,610800.0,999.95,0.96,274.12,-1.53,83.4,6.55,5.46,1.09,3.4,5.46,1268.16,4.49,5.81,200.4
2015-01-08 01:50:00,611400.0,999.83,1.33,274.51,-1.47,81.5,6.73,5.48,1.24,3.42,5.48,1266.26,5.08,7.17,207.3
2015-01-08 02:00:00,612000.0,999.77,1.5,274.68,-1.49,80.4,6.81,5.47,1.33,3.41,5.48,1265.42,5.42,8.17,206.9
2015-01-08 02:10:00,612600.0,999.82,1.57,274.74,-1.54,79.7,6.84,5.45,1.39,3.4,5.45,1265.19,5.37,8.65,209.7
2015-01-08 02:20:00,613200.0,999.8,1.6,274.77,-1.6,79.2,6.86,5.43,1.43,3.39,5.43,1265.03,5.46,8.05,212.0
2015-01-08 02:30:00,613800.0,999.7,1.55,274.73,-1.63,79.3,6.83,5.42,1.41,3.38,5.42,1265.14,5.13,6.95,210.5
2015-01-08 02:40:00,614400.0,999.53,1.52,274.71,-1.63,79.5,6.82,5.42,1.4,3.38,5.42,1265.06,4.69,7.93,203.5
2015-01-08 02:50:00,615000.0,999.4,1.5,274.7,-1.7,79.2,6.81,5.39,1.42,3.36,5.39,1265.0,5.93,8.05,207.7
2015-01-08 03:00:00,615600.0,999.28,1.53,274.75,-1.73,78.8,6.82,5.38,1.45,3.35,5.38,1264.69,4.62,7.13,198.9
2015-01-08 03:10:00,616200.0,999.28,1.54,274.75,-1.74,78.7,6.83,5.37,1.45,3.35,5.38,1264.68,4.73,7.33,207.0
2015-01-08 03:20:00,616800.0,999.18,1.58,274.81,-1.73,78.5,6.85,5.38,1.47,3.35,5.38,1264.33,4.87,7.21,209.5
2015-01-08 03:30:00,617400.0,999.09,1.64,274.87,-1.73,78.2,6.88,5.38,1.5,3.36,5.38,1263.96,4.82,8.09,207.1
2015-01-08 03:40:00,618000.0,999.13,1.77,275.0,-1.78,77.2,6.94,5.36,1.58,3.34,5.36,1263.41,4.78,7.93,204.6
2015-01-08 03:50:00,618600.0,999.31,1.8,275.02,-1.78,77.0,6.96,5.36,1.6,3.34,5.36,1263.5,3.16,6.13,198.9
2015-01-08 04:00:00,619200.0,999.44,1.91,275.12,-1.76,76.5,7.01,5.37,1.65,3.35,5.37,1263.16,4.38,6.57,202.9
2015-01-08 04:10:00,619800.0,999.3,1.93,275.15,-1.76,76.4,7.02,5.37,1.66,3.35,5.37,1262.88,3.4,5.03,198.3
2015-01-08 04:20:00,620400.0,999.06,1.94,275.17,-1.74,76.5,7.03,5.38,1.65,3.35,5.38,1262.56,2.42,4.73,183.1
2015-01-08 04:30:00,621000.0,998.87,1.97,275.22,-1.69,76.6,7.04,5.39,1.65,3.37,5.4,1262.16,2.3,4.49,165.2
2015-01-08 04:40:00,621600.0,998.71,1.83,275.09,-1.65,77.6,6.97,5.41,1.56,3.38,5.42,1262.58,2.46,3.71,170.4
2015-01-08 04:50:00,622200.0,998.66,1.74,275.0,-1.6,78.4,6.93,5.43,1.5,3.39,5.44,1262.95,2.48,3.55,176.2
2015-01-08 05:00:00,622800.0,998.53,1.69,274.96,-1.55,79.0,6.9,5.45,1.45,3.4,5.46,1262.99,3.02,3.89,180.0
2015-01-08 05:10:00,623400.0,998.38,1.61,274.89,-1.44,80.1,6.86,5.5,1.37,3.43,5.51,1263.15,2.05,2.96,180.7
2015-01-08 05:20:00,624000.0,998.23,1.69,274.99,-1.33,80.3,6.9,5.54,1.36,3.46,5.55,1262.57,2.1,3.16,178.9
2015-01-08 05:30:00,624600.0,998.1,1.76,275.07,-1.27,80.2,6.94,5.56,1.37,3.48,5.58,1262.05,2.4,3.49,176.1
2015-01-08 05:40:00,625200.0,998.07,1.83,275.14,-1.19,80.3,6.97,5.6,1.37,3.5,5.61,1261.7,1.71,3.12,171.5
2015-01-08 05:50:00,625800.0,997.89,1.88,275.21,-1.13,80.3,7.0,5.62,1.38,3.51,5.63,1261.2,1.82,3.24,169.8
2015-01-08 06:00:00,626400.0,997.74,1.98,275.32,-1.0,80.5,7.05,5.68,1.37,3.55,5.69,1260.53,1.82,2.76,166.8
2015-01-08 06:10:00,627000.0,997.75,2.11,275.45,-0.83,80.8,7.11,5.75,1.37,3.59,5.76,1259.92,1.71,3.08,183.9
2015-01-08 06:20:00,627600.0,997.68,2.5,275.85,-0.55,80.2,7.32,5.87,1.45,3.67,5.88,1257.98,2.89,4.57,200.1
2015-01-08 06:30:00,628200.0,997.59,2.8,276.15,-0.33,79.8,7.47,5.96,1.51,3.73,5.98,1256.48,3.43,4.77,197.5
2015-01-08 06:40:00,628800.0,997.6,2.9,276.25,-0.16,80.2,7.53,6.04,1.49,3.77,6.05,1255.99,2.59,4.13,197.4
2015-01-08 06:50:00,629400.0,997.54,2.97,276.32,0.02,80.9,7.56,6.12,1.44,3.82,6.13,1255.58,3.2,4.81,189.8
2015-01-08 07:00:00,630000.0,997.45,3.06,276.42,0.26,81.8,7.61,6.23,1.39,3.89,6.24,1255.01,3.43,5.73,185.4
2015-01-08 07:10:00,630600.0,997.57,3.12,276.47,0.36,82.0,7.65,6.27,1.38,3.92,6.29,1254.84,3.4,5.09,205.5
2015-01-08 07:20:00,631200.0,997.62,3.1,276.45,0.46,82.7,7.64,6.31,1.32,3.95,6.33,1254.96,3.43,5.31,203.4
2015-01-08 07:30:00,631800.0,997.71,3.07,276.41,0.64,84.0,7.62,6.4,1.22,4.0,6.41,1255.21,2.27,3.61,192.1
2015-01-08 07:40:00,632400.0,997.67,2.98,276.33,0.82,85.6,7.57,6.48,1.09,4.05,6.5,1255.49,1.67,2.84,186.4
2015-01-08 07:50:00,633000.0,997.66,2.86,276.2,0.97,87.3,7.5,6.55,0.95,4.09,6.57,1256.02,1.94,3.95,178.7
2015-01-08 08:00:00,633600.0,997.72,2.8,276.14,1.05,88.2,7.47,6.59,0.88,4.12,6.61,1256.34,2.29,3.79,178.4
2015-01-08 08:10:00,634200.0,997.63,2.77,276.12,1.09,88.6,7.46,6.61,0.85,4.13,6.62,1256.35,2.59,3.93,180.8
2015-01-08 08:20:00,634800.0,997.64,2.72,276.06,1.16,89.4,7.43,6.64,0.79,4.15,6.66,1256.58,2.09,3.45,182.3
2015-01-08 08:30:00,635400.0,997.6,2.71,276.06,1.19,89.7,7.42,6.66,0.76,4.16,6.68,1256.58,1.98,3.08,187.9
2015-01-08 08:40:00,636000.0,997.49,2.81,276.17,1.26,89.5,7.48,6.69,0.79,4.18,6.71,1255.95,2.73,3.89,177.4
2015-01-08 08:50:00,636600.0,997.49,2.9,276.26,1.26,88.9,7.53,6.69,0.84,4.18,6.71,1255.53,2.33,3.81,185.4
2015-01-08 09:00:00,637200.0,997.48,3.0,276.35,1.31,88.6,7.58,6.71,0.86,4.2,6.73,1255.08,1.93,3.14,184.3
2015-01-08 09:10:00,637800.0,997.4,3.1,276.47,1.3,87.9,7.64,6.71,0.92,4.2,6.73,1254.5,2.25,4.61,180.2
2015-01-08 09:20:00,638400.0,997.37,3.21,276.57,1.28,87.1,7.69,6.7,0.99,4.19,6.72,1254.0,2.26,3.81,184.3
2015-01-08 09:30:00,639000.0,997.35,3.06,276.43,1.3,88.2,7.61,6.71,0.9,4.2,6.73,1254.64,2.41,3.77,168.0
2015-01-08 09:40:00,639600.0,997.34,3.15,276.52,1.44,88.5,7.66,6.78,0.88,4.24,6.8,1254.17,2.54,3.61,185.2
2015-01-08 09:50:00,640200.0,997.17,3.34,276.73,1.46,87.4,7.77,6.79,0.98,4.25,6.81,1253.08,2.69,3.97,189.9
2015-01-08 10:00:00,640800.0,997.07,3.45,276.84,1.47,86.8,7.83,6.79,1.03,4.25,6.81,1252.47,2.78,3.93,191.5
2015-01-08 10:10:00,641400.0,997.09,3.56,276.95,1.53,86.5,7.89,6.82,1.06,4.27,6.84,1251.98,2.53,4.13,193.3
2015-01-08 10:20:00,642000.0,997.07,3.66,277.05,1.57,86.2,7.94,6.85,1.1,4.28,6.87,1251.52,2.55,4.01,194.7
2015-01-08 10:30:00,642600.0,997.06,3.76,277.16,1.63,85.9,8.0,6.87,1.13,4.3,6.89,1251.01,2.75,3.77,182.9
2015-01-08 10:40:00,643200.0,996.97,3.8,277.2,1.73,86.3,8.02,6.92,1.1,4.33,6.95,1250.69,3.12,4.57,185.5
2015-01-08 10:50:00,643800.0,996.82,3.82,277.24,1.9,87.2,8.04,7.01,1.03,4.38,7.03,1250.36,2.57,3.81,184.5
2015-01-08 11:00:00,644400.0,996.74,3.97,277.38,2.05,87.3,8.12,7.09,1.03,4.43,7.11,1249.58,2.42,4.41,174.7
2015-01-08 11:10:00,645000.0,996.62,3.93,277.35,2.13,88.0,8.09,7.12,0.97,4.46,7.15,1249.6,2.26,3.65,163.5
2015-01-08 11:20:00,645600.0,996.46,4.17,277.61,2.21,87.0,8.24,7.17,1.07,4.49,7.19,1248.26,2.73,3.85,177.4
2015-01-08 11:30:00,646200.0,996.22,4.27,277.73,2.21,86.4,8.29,7.17,1.13,4.49,7.19,1247.52,2.65,3.93,167.4
2015-01-08 11:40:00,646800.0,995.98,4.43,277.91,2.33,86.2,8.39,7.23,1.16,4.53,7.26,1246.48,2.65,4.55,175.5
2015-01-08 11:50:00,647400.0,995.8,4.63,278.12,2.38,85.3,8.5,7.25,1.25,4.54,7.28,1245.34,2.88,4.93,178.4
2015-01-08 12:00:00,648000.0,995.65,4.95,278.46,2.45,83.8,8.7,7.29,1.41,4.57,7.32,1243.69,2.78,5.13,177.0
2015-01-08 12:10:00,648600.0,995.6,5.21,278.72,2.42,82.1,8.86,7.27,1.59,4.56,7.3,1242.49,4.43,6.57,195.4
2015-01-08 12:20:00,649200.0,995.48,5.41,278.93,2.44,81.1,8.98,7.28,1.7,4.56,7.32,1241.46,3.87,7.01,199.8
2015-01-08 12:30:00,649800.0,995.35,5.59,279.12,2.51,80.5,9.1,7.32,1.77,4.59,7.36,1240.45,4.74,6.81,204.5
2015-01-08 12:40:00,650400.0,995.13,5.74,279.29,2.61,80.2,9.19,7.37,1.82,4.62,7.41,1239.47,5.04,8.25,205.1
2015-01-08 12:50:00,651000.0,995.02,5.86,279.42,2.69,80.0,9.27,7.41,1.85,4.65,7.45,1238.79,5.56,8.11,211.2
2015-01-08 13:00:00,651600.0,994.84,5.88,279.45,2.69,79.9,9.28,7.41,1.87,4.65,7.45,1238.5,4.49,7.53,205.9
2015-01-08 13:10:00,652200.0,994.7,5.99,279.57,2.78,79.8,9.35,7.46,1.89,4.68,7.5,1237.82,3.49,5.41,203.8
2015-01-08 13:20:00,652800.0,994.51,6.1,279.7,2.89,79.8,9.42,7.52,1.9,4.72,7.56,1237.05,3.86,5.77,211.1
2015-01-08 13:30:00,653400.0,994.3,6.08,279.7,2.89,79.9,9.41,7.52,1.89,4.72,7.56,1236.87,5.81,8.25,212.2
2015-01-08 13:40:00,654000.0,994.15,6.07,279.7,2.89,80.0,9.4,7.52,1.88,4.72,7.57,1236.73,5.41,7.81,208.0
2015-01-08 13:50:00,654600.0,994.17,6.05,279.67,2.94,80.4,9.39,7.55,1.84,4.74,7.59,1236.84,5.57,8.89,214.4
2015-01-08 14:00:00,655200.0,994.25,6.07,279.69,3.02,80.7,9.4,7.59,1.81,4.76,7.63,1236.82,5.23,8.73,213.6
2015-01-08 14:10:00,655800.0,994.23,6.01,279.64,3.0,80.9,9.37,7.58,1.79,4.75,7.62,1237.05,5.77,8.89,213.4
2015-01-08 14:20:00,656400.0,994.01,6.07,279.7,3.06,81.0,9.4,7.61,1.79,4.78,7.66,1236.54,7.3,11.65,203.7
2015-01-08 14:30:00,657000.0,993.77,6.08,279.74,3.13,81.3,9.41,7.65,1.76,4.8,7.7,1236.16,7.81,11.58,209.7
2015-01-08 14:40:00,657600.0,993.64,6.15,279.82,3.25,81.6,9.46,7.72,1.74,4.84,7.77,1235.65,6.33,9.11,208.1
2015-01-08 14:50:00,658200.0,993.58,6.34,280.01,3.38,81.3,9.58,7.79,1.79,4.89,7.84,1234.73,5.27,7.77,200.9
2015-01-08 15:00:00,658800.0,993.5,6.44,280.12,3.46,81.2,9.65,7.83,1.81,4.92,7.89,1234.13,5.58,10.73,205.0
2015-01-08 15:10:00,659400.0,993.4,6.48,280.17,3.5,81.2,9.67,7.86,1.82,4.93,7.91,1233.82,6.2,11.17,209.3
2015-01-08 15:20:00,660000.0,993.38,6.45,280.14,3.49,81.3,9.66,7.85,1.81,4.93,7.9,1233.93,6.73,10.51,219.5
2015-01-08 15:30:00,660600.0,993.09,6.42,280.14,3.48,81.4,9.64,7.84,1.79,4.93,7.9,1233.7,7.82,12.3,217.0
2015-01-08 15:40:00,661200.0,992.94,6.57,280.29,3.5,80.7,9.73,7.85,1.88,4.93,7.91,1232.87,7.49,10.21,214.2
2015-01-08 15:50:00,661800.0,992.8,6.71,280.45,3.57,80.3,9.83,7.9,1.94,4.96,7.95,1232.03,6.62,9.17,206.7
2015-01-08 16:00:00,662400.0,992.69,6.83,280.58,3.67,80.2,9.91,7.95,1.96,5.0,8.01,1231.35,5.82,8.57,207.0
2015-01-08 16:10:00,663000.0,992.79,6.81,280.55,3.81,81.1,9.9,8.03,1.87,5.04,8.08,1231.53,4.97,6.49,204.3
2015-01-08 16:20:00,663600.0,992.68,6.64,280.38,4.1,83.8,9.78,8.19,1.58,5.15,8.25,1232.09,4.68,6.69,202.2
2015-01-08 16:30:00,664200.0,992.61,6.46,280.21,4.38,86.5,9.66,8.36,1.3,5.25,8.42,1232.71,3.98,5.49,192.8
2015-01-08 16:40:00,664800.0,992.56,6.58,280.33,4.48,86.4,9.74,8.41,1.32,5.29,8.48,1232.09,3.18,5.89,190.3
2015-01-08 16:50:00,665400.0,992.35,6.59,280.36,4.52,86.6,9.75,8.44,1.31,5.31,8.51,1231.77,3.68,6.01,202.9
2015-01-08 17:00:00,666000.0,992.04,6.72,280.52,4.59,86.2,9.84,8.48,1.36,5.33,8.55,1230.77,5.02,7.13,197.8
2015-01-08 17:10:00,666600.0,991.7,6.84,280.67,4.58,85.5,9.92,8.48,1.44,5.33,8.55,1229.84,5.49,8.49,193.8
2015-01-08 17:20:00,667200.0,991.42,7.05,280.9,4.61,84.4,10.06,8.49,1.57,5.35,8.57,1228.55,7.11,9.89,199.3
2015-01-08 17:30:00,667800.0,991.12,7.11,280.99,4.65,84.3,10.1,8.52,1.59,5.36,8.59,1227.91,7.63,10.49,203.6
2015-01-08 17:40:00,668400.0,991.03,7.1,280.98,4.72,84.8,10.1,8.56,1.53,5.39,8.64,1227.82,7.7,11.86,202.5
2015-01-08 17:50:00,669000.0,991.07,7.19,281.07,4.78,84.6,10.16,8.59,1.56,5.41,8.67,1227.46,7.63,10.33,207.1
2015-01-08 18:00:00,669600.0,991.07,7.21,281.09,4.9,85.2,10.17,8.67,1.51,5.46,8.75,1227.34,6.52,9.49,201.4
2015-01-08 18:10:00,670200.0,991.14,7.18,281.05,4.95,85.7,10.15,8.7,1.45,5.48,8.78,1227.54,6.95,9.57,200.3
2015-01-08 18:20:00,670800.0,991.22,7.13,281.0,4.97,86.1,10.12,8.71,1.41,5.48,8.79,1227.85,6.26,8.71,201.8
2015-01-08 18:30:00,671400.0,991.19,7.13,281.0,5.0,86.3,10.12,8.73,1.39,5.5,8.81,1227.81,6.33,8.09,199.6
2015-01-08 18:40:00,672000.0,991.12,7.09,280.97,5.03,86.7,10.09,8.75,1.34,5.51,8.83,1227.89,6.28,8.33,203.7
2015-01-08 18:50:00,672600.0,991.11,7.04,280.92,5.01,86.9,10.06,8.74,1.32,5.5,8.82,1228.1,5.69,8.37,203.8
2015-01-08 19:00:00,673200.0,991.07,6.94,280.82,4.99,87.3,9.99,8.72,1.27,5.49,8.8,1228.48,5.99,8.97,207.4
2015-01-08 19:10:00,673800.0,990.99,6.91,280.79,4.98,87.5,9.96,8.72,1.25,5.49,8.8,1228.55,5.49,7.57,203.9
2015-01-08 19:20:00,674400.0,990.77,6.88,280.79,5.04,88.0,9.95,8.75,1.19,5.51,8.84,1228.35,5.49,8.61,202.0
2015-01-08 19:30:00,675000.0,990.6,6.88,280.8,5.07,88.2,9.95,8.77,1.17,5.53,8.85,1228.15,5.37,8.01,201.2
2015-01-08 19:40:00,675600.0,990.36,6.91,280.85,5.1,88.2,9.96,8.79,1.18,5.54,8.87,1227.72,5.84,9.69,198.9
2015-01-08 19:50:00,676200.0,990.28,6.94,280.88,5.1,88.0,9.99,8.79,1.2,5.54,8.87,1227.49,4.9,7.13,200.9
2015-01-08 20:00:00,676800.0,990.23,6.91,280.85,5.16,88.6,9.96,8.83,1.14,5.56,8.91,1227.55,5.36,8.13,202.7
2015-01-08 20:10:00,677400.0,990.13,6.99,280.94,5.17,88.2,10.02,8.84,1.18,5.57,8.92,1227.07,5.92,7.59,205.9
2015-01-08 20:20:00,678000.0,990.06,7.02,280.98,5.21,88.2,10.04,8.86,1.18,5.58,8.95,1226.82,6.25,8.77,206.2
2015-01-08 20:30:00,678600.0,989.99,7.07,281.04,5.22,88.0,10.08,8.87,1.21,5.59,8.96,1226.51,6.01,9.73,208.4
2015-01-08 20:40:00,679200.0,990.01,7.04,281.01,5.26,88.4,10.06,8.89,1.17,5.6,8.98,1226.66,5.15,8.01,205.1
2015-01-08 20:50:00,679800.0,990.0,7.07,281.04,5.29,88.4,10.08,8.91,1.17,5.62,9.0,1226.51,5.36,7.41,206.0
2015-01-08 21:00:00,680400.0,990.08,7.07,281.03,5.35,88.8,10.08,8.95,1.13,5.64,9.04,1226.59,4.54,6.65,205.9
2015-01-08 21:10:00,681000.0,990.16,7.07,281.02,5.39,89.0,10.08,8.97,1.11,5.65,9.06,1226.68,4.27,6.41,210.6
2015-01-08 21:20:00,681600.0,990.33,7.06,281.0,5.44,89.4,10.07,9.0,1.07,5.67,9.09,1226.92,3.67,5.95,210.3
2015-01-08 21:30:00,682200.0,990.46,6.99,280.92,5.45,89.9,10.02,9.01,1.01,5.68,9.09,1227.39,2.92,4.05,210.8
2015-01-08 21:40:00,682800.0,990.72,6.98,280.89,5.49,90.2,10.02,9.03,0.98,5.69,9.12,1227.72,3.08,5.69,215.0
2015-01-08 21:50:00,683400.0,991.2,6.99,280.86,5.57,90.6,10.02,9.08,0.94,5.72,9.16,1228.26,2.33,4.05,236.4
2015-01-08 22:00:00,684000.0,992.46,6.83,280.6,5.13,88.9,9.91,8.81,1.1,5.54,8.88,1230.66,5.73,11.74,260.8
2015-01-08 22:10:00,684600.0,993.1,6.04,279.75,3.98,86.6,9.38,8.12,1.26,5.1,8.18,1235.28,4.56,9.57,268.8
2015-01-08 22:20:00,685200.0,993.8,5.68,279.34,3.79,87.6,9.15,8.02,1.14,5.03,8.07,1237.78,3.84,8.01,266.9
2015-01-08 22:30:00,685800.0,994.53,5.45,279.04,3.35,86.3,9.01,7.77,1.23,4.88,7.81,1239.85,4.41,9.21,268.6
2015-01-08 22:40:00,686400.0,995.12,5.27,278.82,2.96,85.0,8.9,7.56,1.33,4.74,7.6,1241.48,3.73,8.09,278.7
2015-01-08 22:50:00,687000.0,995.55,5.01,278.53,2.48,83.6,8.74,7.3,1.43,4.58,7.34,1243.29,3.68,7.29,277.8
2015-01-08 23:00:00,687600.0,995.91,4.84,278.33,2.19,82.9,8.63,7.16,1.48,4.48,7.18,1244.59,2.43,6.89,275.2
2015-01-08 23:10:00,688200.0,996.28,4.72,278.18,2.14,83.3,8.56,7.13,1.43,4.46,7.16,1245.58,3.58,6.87,266.8
2015-01-08 23:20:00,688800.0,996.83,4.59,278.0,1.96,83.0,8.48,7.04,1.44,4.4,7.06,1246.91,3.24,7.57,262.6
2015-01-08 23:30:00,689400.0,997.11,4.49,277.88,1.81,82.7,8.42,6.96,1.46,4.36,6.98,1247.76,1.84,4.57,267.7
2015-01-08 23:40:00,690000.0,997.46,4.38,277.74,1.98,84.3,8.36,7.05,1.31,4.41,7.06,1248.63,3.09,5.85,259.9
2015-01-08 23:50:00,690600.0,997.81,4.45,277.78,1.89,83.4,8.4,7.0,1.39,4.38,7.02,1248.79,2.08,4.33,263.2
2015-01-09 00:00:00,691200.0,998.03,4.57,277.89,1.84,82.4,8.47,6.98,1.49,4.36,6.99,1248.53,1.82,4.41,266.3
2015-01-09 00:10:00,691800.0,998.13,4.67,277.98,1.82,81.7,8.53,6.97,1.56,4.35,6.98,1248.21,2.69,5.05,264.3
2015-01-09 00:20:00,692400.0,998.28,4.74,278.03,1.9,81.8,8.57,7.01,1.56,4.38,7.02,1248.09,1.89,3.73,259.5
2015-01-09 00:30:00,693000.0,998.34,4.66,277.95,1.95,82.5,8.52,7.03,1.49,4.39,7.04,1248.51,2.62,5.53,255.9
2015-01-09 00:40:00,693600.0,998.47,4.55,277.83,1.8,82.3,8.46,6.96,1.5,4.35,6.97,1249.2,3.1,5.49,256.8
2015-01-09 00:50:00,694200.0,998.59,4.46,277.73,1.68,82.1,8.4,6.9,1.5,4.31,6.91,1249.78,2.32,4.49,259.5
2015-01-09 01:00:00,694800.0,998.71,4.45,277.71,1.62,81.8,8.4,6.87,1.53,4.29,6.88,1249.97,2.87,5.65,251.0
2015-01-09 01:10:00,695400.0,998.83,4.48,277.73,1.6,81.5,8.42,6.86,1.56,4.28,6.87,1250.0,2.06,4.17,252.3
2015-01-09 01:20:00,696000.0,998.88,4.53,277.78,1.64,81.4,8.45,6.88,1.57,4.29,6.88,1249.82,3.25,6.01,243.9
2015-01-09 01:30:00,696600.0,998.97,4.55,277.8,1.67,81.5,8.46,6.9,1.57,4.3,6.9,1249.83,2.18,4.09,244.0
2015-01-09 01:40:00,697200.0,999.03,4.66,277.89,1.62,80.6,8.52,6.87,1.65,4.29,6.88,1249.45,3.13,6.65,241.2
2015-01-09 01:50:00,697800.0,999.07,4.67,277.9,1.44,79.5,8.53,6.78,1.75,4.23,6.79,1249.49,2.67,5.29,236.0
2015-01-09 02:00:00,698400.0,999.25,4.67,277.89,1.23,78.3,8.53,6.68,1.85,4.17,6.68,1249.75,2.23,3.89,212.8
2015-01-09 02:10:00,699000.0,999.42,4.73,277.93,1.21,77.9,8.56,6.67,1.89,4.16,6.67,1249.72,0.95,2.56,227.8
2015-01-09 02:20:00,699600.0,999.32,4.8,278.02,1.16,77.2,8.61,6.65,1.96,4.15,6.65,1249.27,0.93,2.04,160.7
2015-01-09 02:30:00,700200.0,999.39,4.84,278.04,1.11,76.7,8.63,6.62,2.01,4.13,6.62,1249.22,2.32,5.17,219.8
2015-01-09 02:40:00,700800.0,999.39,4.87,278.07,1.06,76.3,8.65,6.6,2.05,4.12,6.6,1249.09,3.27,6.37,211.8
2015-01-09 02:50:00,701400.0,999.4,4.93,278.14,1.02,75.7,8.69,6.58,2.11,4.1,6.58,1248.81,4.34,6.97,212.7
2015-01-09 03:00:00,702000.0,999.36,4.85,278.06,1.07,76.4,8.64,6.6,2.04,4.12,6.6,1249.13,2.82,4.69,224.9
2015-01-09 03:10:00,702600.0,999.25,4.85,278.07,1.09,76.5,8.64,6.61,2.03,4.12,6.61,1248.96,3.5,5.81,208.7
2015-01-09 03:20:00,703200.0,999.17,4.94,278.16,1.08,76.0,8.69,6.6,2.09,4.12,6.61,1248.5,4.34,6.41,201.8
2015-01-09 03:30:00,703800.0,998.97,4.9,278.14,1.08,76.2,8.67,6.61,2.06,4.12,6.61,1248.4,3.62,5.37,202.7
2015-01-09 03:40:00,704400.0,998.91,4.76,278.0,1.05,76.8,8.58,6.59,1.99,4.11,6.6,1248.98,2.84,4.85,196.5
2015-01-09 03:50:00,705000.0,999.05,4.62,277.86,1.02,77.4,8.5,6.58,1.92,4.11,6.59,1249.77,3.39,4.97,202.8
2015-01-09 04:00:00,705600.0,999.0,4.6,277.84,1.01,77.4,8.49,6.57,1.92,4.1,6.58,1249.8,2.76,4.65,194.0
2015-01-09 04:10:00,706200.0,998.96,4.53,277.78,1.05,78.0,8.45,6.59,1.86,4.11,6.6,1250.05,2.81,4.03,186.9
2015-01-09 04:20:00,706800.0,998.81,4.45,277.71,1.06,78.5,8.4,6.59,1.81,4.12,6.6,1250.21,3.4,5.79,199.1
2015-01-09 04:30:00,707400.0,998.55,4.28,277.56,1.08,79.6,8.3,6.61,1.69,4.13,6.62,1250.67,3.19,3.97,202.6
2015-01-09 04:40:00,708000.0,998.28,4.04,277.33,1.05,80.8,8.16,6.59,1.57,4.12,6.6,1251.45,3.01,4.09,206.6
2015-01-09 04:50:00,708600.0,998.34,3.81,277.1,1.03,82.0,8.03,6.58,1.45,4.11,6.6,1252.53,2.29,3.77,224.3
2015-01-09 05:00:00,709200.0,998.45,3.86,277.15,1.08,82.0,8.06,6.61,1.45,4.13,6.62,1252.42,2.24,3.49,223.2
2015-01-09 05:10:00,709800.0,998.28,3.96,277.26,1.13,81.7,8.12,6.63,1.49,4.14,6.64,1251.75,2.35,3.2,207.6
2015-01-09 05:20:00,710400.0,998.09,4.19,277.5,1.15,80.5,8.25,6.64,1.61,4.15,6.65,1250.47,3.32,4.83,201.0
2015-01-09 05:30:00,711000.0,997.81,4.44,277.77,1.13,79.0,8.39,6.63,1.76,4.14,6.64,1249.02,3.44,5.29,199.5
2015-01-09 05:40:00,711600.0,997.63,4.66,278.01,1.15,77.9,8.53,6.64,1.88,4.15,6.66,1247.76,4.11,6.21,204.7
2015-01-09 05:50:00,712200.0,997.3,4.92,278.3,1.21,76.8,8.68,6.67,2.01,4.17,6.69,1246.18,4.31,6.49,206.3
2015-01-09 06:00:00,712800.0,996.81,5.15,278.57,1.23,75.7,8.82,6.68,2.14,4.18,6.7,1244.54,4.71,6.65,203.6
2015-01-09 06:10:00,713400.0,996.39,5.43,278.88,1.34,74.8,9.0,6.73,2.27,4.21,6.75,1242.73,5.54,8.35,207.4
2015-01-09 06:20:00,714000.0,995.48,5.74,279.26,1.39,73.5,9.19,6.76,2.44,4.23,6.79,1240.21,6.85,9.69,206.9
2015-01-09 06:30:00,714600.0,994.88,5.89,279.46,1.42,72.9,9.29,6.77,2.52,4.24,6.81,1238.78,6.91,10.85,206.1
2015-01-09 06:40:00,715200.0,994.7,5.88,279.47,1.43,73.0,9.28,6.78,2.51,4.25,6.81,1238.6,6.3,9.77,211.7
2015-01-09 06:50:00,715800.0,994.67,5.8,279.39,1.43,73.4,9.23,6.78,2.46,4.25,6.81,1238.91,5.36,7.57,209.4
2015-01-09 07:00:00,716400.0,994.52,5.65,279.24,1.45,74.3,9.13,6.78,2.35,4.25,6.82,1239.42,5.19,7.25,208.0
2015-01-09 07:10:00,717000.0,994.39,5.59,279.2,1.47,74.7,9.1,6.79,2.3,4.26,6.83,1239.5,5.68,9.45,208.6
2015-01-09 07:20:00,717600.0,994.17,5.66,279.29,1.47,74.3,9.14,6.79,2.35,4.26,6.83,1238.9,5.76,8.33,206.2
2015-01-09 07:30:00,718200.0,994.16,5.7,279.33,1.48,74.2,9.17,6.8,2.37,4.27,6.84,1238.71,4.44,7.33,214.6
2015-01-09 07:40:00,718800.0,994.31,5.68,279.29,1.5,74.4,9.15,6.81,2.34,4.27,6.85,1239.0,2.69,4.89,231.7
2015-01-09 07:50:00,719400.0,994.32,5.74,279.36,1.54,74.3,9.19,6.83,2.36,4.28,6.87,1238.73,2.89,5.37,219.3
2015-01-09 08:00:00,720000.0,993.87,5.79,279.44,1.6,74.4,9.22,6.86,2.36,4.3,6.9,1237.95,2.91,5.17,218.1
2015-01-09 08:10:00,720600.0,993.14,5.96,279.67,1.67,73.9,9.33,6.9,2.44,4.33,6.94,1236.27,5.53,9.73,202.7
2015-01-09 08:20:00,721200.0,992.43,6.12,279.89,1.7,73.2,9.44,6.91,2.53,4.34,6.96,1234.64,7.0,13.94,204.1
2015-01-09 08:30:00,721800.0,992.21,6.27,280.05,1.74,72.7,9.53,6.93,2.6,4.36,6.98,1233.73,8.69,11.7,202.9
2015-01-09 08:40:00,722400.0,991.79,6.36,280.18,1.72,72.1,9.59,6.92,2.68,4.35,6.97,1232.8,7.78,10.89,205.0
2015-01-09 08:50:00,723000.0,991.54,6.47,280.31,1.71,71.5,9.67,6.91,2.75,4.35,6.97,1232.02,7.33,11.8,206.6
2015-01-09 09:00:00,723600.0,991.22,6.55,280.41,1.61,70.6,9.72,6.86,2.86,4.32,6.92,1231.29,8.27,11.5,209.3
2015-01-09 09:10:00,724200.0,991.07,6.66,280.53,1.53,69.7,9.79,6.83,2.97,4.29,6.89,1230.64,8.7,14.16,211.9
2015-01-09 09:20:00,724800.0,990.98,6.7,280.59,1.57,69.64,9.83,6.84,2.98,4.31,6.9,1230.3,8.59,13.06,212.5
2015-01-09 09:30:00,725400.0,990.85,6.79,280.69,1.61,69.42,9.88,6.86,3.02,4.32,6.92,1229.75,8.72,12.62,211.1
2015-01-09 09:40:00,726000.0,990.87,6.9,280.79,1.64,69.08,9.96,6.88,3.08,4.33,6.94,1229.31,7.32,10.77,207.4
2015-01-09 09:50:00,726600.0,990.59,7.05,280.97,1.65,68.42,10.06,6.88,3.18,4.33,6.95,1228.28,6.21,8.15,200.0
2015-01-09 10:00:00,727200.0,989.84,7.18,281.16,1.6,67.56,10.15,6.86,3.29,4.32,6.93,1226.79,5.51,7.93,195.2
2015-01-09 10:10:00,727800.0,989.51,7.31,281.32,1.6,66.94,10.24,6.86,3.39,4.32,6.93,1225.81,4.44,7.21,189.4
2015-01-09 10:20:00,728400.0,989.48,7.6,281.61,1.72,66.22,10.45,6.92,3.53,4.36,6.99,1224.48,4.54,6.87,190.4
2015-01-09 10:30:00,729000.0,989.16,7.82,281.86,1.93,66.21,10.61,7.02,3.58,4.43,7.1,1223.07,4.67,7.85,195.6
2015-01-09 10:40:00,729600.0,988.79,8.04,282.11,2.12,66.12,10.77,7.12,3.65,4.49,7.2,1221.61,5.66,8.37,200.1
2015-01-09 10:50:00,730200.0,988.27,8.37,282.48,2.22,65.12,11.01,7.17,3.84,4.53,7.26,1219.52,6.5,12.38,207.9
2015-01-09 11:00:00,730800.0,988.07,8.47,282.6,2.38,65.4,11.09,7.25,3.84,4.58,7.34,1218.8,5.92,10.57,207.3
2015-01-09 11:10:00,731400.0,988.08,8.53,282.66,2.61,66.25,11.13,7.38,3.76,4.66,7.46,1218.49,6.12,9.65,209.2
2015-01-09 11:20:00,732000.0,987.99,8.62,282.76,2.86,67.0,11.2,7.5,3.7,4.74,7.6,1217.93,4.18,7.73,215.8
2015-01-09 11:30:00,732600.0,988.26,8.68,282.79,2.9,66.93,11.25,7.53,3.72,4.75,7.62,1217.99,4.94,8.73,219.7
2015-01-09 11:40:00,733200.0,987.88,8.76,282.9,2.97,66.89,11.31,7.56,3.74,4.78,7.66,1217.16,7.43,13.78,212.2
2015-01-09 11:50:00,733800.0,987.73,8.84,283.0,3.09,67.1,11.37,7.63,3.74,4.82,7.72,1216.6,7.81,13.9,221.2
2015-01-09 12:00:00,734400.0,987.97,8.88,283.02,3.28,67.82,11.4,7.73,3.67,4.88,7.83,1216.68,4.5,9.73,228.2
2015-01-09 12:10:00,735000.0,987.87,8.96,283.11,3.37,67.9,11.46,7.78,3.68,4.91,7.88,1216.19,4.66,12.29,230.3
2015-01-09 12:20:00,735600.0,988.1,8.98,283.11,3.44,68.13,11.48,7.82,3.66,4.94,7.91,1216.37,5.86,13.01,238.9
2015-01-09 12:30:00,736200.0,987.91,8.89,283.03,3.55,69.08,11.41,7.88,3.53,4.98,7.98,1216.49,5.55,11.33,230.7
2015-01-09 12:40:00,736800.0,987.5,8.8,282.98,3.71,70.3,11.34,7.97,3.37,5.04,8.07,1216.33,5.42,9.81,237.4
2015-01-09 12:50:00,737400.0,987.16,8.76,282.96,3.79,70.9,11.31,8.02,3.29,5.07,8.12,1216.06,6.09,9.71,229.0
2015-01-09 13:00:00,738000.0,986.1,8.68,282.97,3.83,71.5,11.25,8.04,3.21,5.09,8.15,1215.08,4.83,8.85,220.6
2015-01-09 13:10:00,738600.0,985.59,8.63,282.96,3.88,72.0,11.21,8.07,3.14,5.11,8.19,1214.66,5.36,11.37,212.4
2015-01-09 13:20:00,739200.0,985.01,8.63,283.01,3.92,72.2,11.21,8.09,3.12,5.13,8.22,1213.93,8.79,14.57,213.5
2015-01-09 13:30:00,739800.0,986.02,8.77,283.07,4.02,72.0,11.32,8.15,3.17,5.16,8.26,1214.55,7.79,13.01,232.2
2015-01-09 13:40:00,740400.0,986.68,8.86,283.1,4.12,72.1,11.38,8.21,3.18,5.19,8.32,1214.95,4.39,10.41,239.4
2015-01-09 13:50:00,741000.0,986.52,8.85,283.11,4.15,72.3,11.38,8.23,3.15,5.2,8.34,1214.79,4.49,8.47,242.0
2015-01-09 14:00:00,741600.0,986.69,8.89,283.13,4.19,72.3,11.41,8.25,3.16,5.22,8.36,1214.81,3.75,7.73,268.7
2015-01-09 14:10:00,742200.0,986.95,9.03,283.25,4.25,71.9,11.52,8.28,3.24,5.24,8.39,1214.52,3.07,7.57,249.5
2015-01-09 14:20:00,742800.0,986.83,9.06,283.29,4.3,72.0,11.54,8.31,3.23,5.25,8.42,1214.22,4.44,10.25,249.3
2015-01-09 14:30:00,743400.0,986.78,9.02,283.26,4.38,72.6,11.51,8.36,3.15,5.28,8.47,1214.31,4.15,8.05,245.4
2015-01-09 14:40:00,744000.0,987.02,8.99,283.21,4.43,73.0,11.49,8.38,3.1,5.3,8.49,1214.73,3.75,7.95,240.4
2015-01-09 14:50:00,744600.0,987.09,8.98,283.19,4.45,73.2,11.48,8.4,3.08,5.31,8.51,1214.85,2.49,5.69,229.3
2015-01-09 15:00:00,745200.0,986.71,8.97,283.21,4.56,73.8,11.47,8.46,3.01,5.35,8.58,1214.39,3.93,9.65,243.3
2015-01-09 15:10:00,745800.0,986.56,8.8,283.05,4.7,75.4,11.34,8.55,2.79,5.41,8.67,1214.9,5.05,8.81,236.8
2015-01-09 15:20:00,746400.0,986.88,8.86,283.09,4.72,75.2,11.38,8.56,2.82,5.41,8.68,1215.03,3.86,8.37,245.1
2015-01-09 15:30:00,747000.0,986.95,8.98,283.2,4.67,74.3,11.48,8.53,2.95,5.39,8.64,1214.62,4.76,8.69,236.4
2015-01-09 15:40:00,747600.0,986.56,8.99,283.24,4.68,74.3,11.49,8.53,2.95,5.4,8.65,1214.09,3.29,6.89,235.9
2015-01-09 15:50:00,748200.0,986.36,9.04,283.31,4.71,74.2,11.52,8.55,2.97,5.41,8.67,1213.62,3.82,9.81,231.0
2015-01-09 16:00:00,748800.0,986.39,9.07,283.34,4.7,74.0,11.55,8.55,3.0,5.41,8.66,1213.53,2.07,4.97,206.9
2015-01-09 16:10:00,749400.0,986.44,9.18,283.44,4.67,73.3,11.63,8.53,3.11,5.39,8.64,1213.13,3.39,9.65,225.6
2015-01-09 16:20:00,750000.0,986.27,9.3,283.58,4.63,72.5,11.73,8.5,3.23,5.38,8.62,1212.41,4.24,7.45,232.5
2015-01-09 16:30:00,750600.0,986.1,9.39,283.68,4.59,71.9,11.8,8.48,3.32,5.37,8.6,1211.83,3.64,6.45,235.6
2015-01-09 16:40:00,751200.0,986.11,9.52,283.81,4.6,71.3,11.9,8.49,3.42,5.37,8.61,1211.28,5.01,9.81,239.5
2015-01-09 16:50:00,751800.0,986.38,9.59,283.86,4.63,71.1,11.96,8.5,3.46,5.38,8.62,1211.3,3.54,7.17,235.7
2015-01-09 17:00:00,752400.0,986.33,9.67,283.95,4.6,70.6,12.02,8.49,3.54,5.37,8.61,1210.91,5.11,9.49,239.0
2015-01-09 17:10:00,753000.0,986.52,9.74,284.0,4.59,70.2,12.08,8.48,3.6,5.36,8.6,1210.84,4.38,9.33,252.2
2015-01-09 17:20:00,753600.0,986.53,9.77,284.03,4.54,69.84,12.11,8.45,3.65,5.35,8.57,1210.74,4.84,10.25,246.6
2015-01-09 17:30:00,754200.0,986.52,9.82,284.08,4.46,69.21,12.15,8.41,3.74,5.32,8.52,1210.54,4.93,10.01,242.1
2015-01-09 17:40:00,754800.0,986.25,9.78,284.06,4.4,69.09,12.11,8.37,3.74,5.3,8.49,1210.39,4.29,7.93,239.5
2015-01-09 17:50:00,755400.0,986.12,9.77,284.06,4.32,68.77,12.11,8.32,3.78,5.27,8.44,1210.3,4.33,8.39,235.4
2015-01-09 18:00:00,756000.0,986.03,9.85,284.15,4.19,67.74,12.17,8.24,3.93,5.22,8.36,1209.88,4.78,12.09,241.8
2015-01-09 18:10:00,756600.0,986.15,9.99,284.28,3.86,65.6,12.29,8.06,4.23,5.1,8.17,1209.52,5.5,11.73,246.1
2015-01-09 18:20:00,757200.0,986.04,10.18,284.48,3.23,61.94,12.44,7.71,4.74,4.88,7.82,1208.73,5.78,10.85,252.5
2015-01-09 18:30:00,757800.0,985.97,10.12,284.43,3.1,61.62,12.39,7.64,4.76,4.83,7.75,1208.94,4.44,8.17,250.6
2015-01-09 18:40:00,758400.0,986.24,10.06,284.34,2.93,61.13,12.34,7.55,4.8,4.77,7.65,1209.57,5.53,10.39,260.3
2015-01-09 18:50:00,759000.0,986.41,9.92,284.19,2.55,60.03,12.23,7.34,4.89,4.64,7.44,1210.47,4.25,9.71,261.4
2015-01-09 19:00:00,759600.0,986.48,9.76,284.02,2.26,59.43,12.1,7.19,4.91,4.55,7.29,1211.31,3.82,7.53,255.3
2015-01-09 19:10:00,760200.0,986.37,9.6,283.87,2.34,60.42,11.97,7.23,4.74,4.57,7.33,1211.84,5.9,11.61,248.2
2015-01-09 19:20:00,760800.0,986.48,9.37,283.63,2.64,62.72,11.78,7.39,4.39,4.67,7.49,1212.89,4.26,12.49,242.5
2015-01-09 19:30:00,761400.0,986.76,9.11,283.35,3.14,66.11,11.58,7.65,3.92,4.84,7.76,1214.23,4.33,8.29,252.9
2015-01-09 19:40:00,762000.0,986.48,9.0,283.26,3.22,66.98,11.49,7.7,3.79,4.87,7.8,1214.34,4.92,9.37,249.0
2015-01-09 19:50:00,762600.0,986.28,8.92,283.2,3.13,66.94,11.43,7.65,3.78,4.84,7.76,1214.46,2.42,7.61,246.3
2015-01-09 20:00:00,763200.0,986.46,8.75,283.01,3.0,67.09,11.3,7.58,3.72,4.79,7.69,1215.44,2.24,6.01,251.2
2015-01-09 20:10:00,763800.0,986.71,8.62,282.86,2.8,66.72,11.2,7.47,3.73,4.72,7.57,1216.36,3.31,6.97,252.5
2015-01-09 20:20:00,764400.0,986.55,8.53,282.78,2.82,67.21,11.13,7.48,3.65,4.73,7.58,1216.55,3.87,8.85,247.4
2015-01-09 20:30:00,765000.0,986.48,8.47,282.73,3.07,68.7,11.09,7.62,3.47,4.82,7.72,1216.66,3.85,8.17,242.5
2015-01-09 20:40:00,765600.0,986.37,8.33,282.6,3.4,71.0,10.98,7.8,3.18,4.93,7.91,1217.04,4.5,8.33,240.5
2015-01-09 20:50:00,766200.0,986.6,8.15,282.4,3.62,73.0,10.85,7.92,2.93,5.01,8.03,1218.05,2.69,6.35,251.5
2015-01-09 21:00:00,766800.0,987.07,8.14,282.35,3.65,73.2,10.84,7.94,2.91,5.02,8.04,1218.67,3.14,5.37,254.0
2015-01-09 21:10:00,767400.0,986.82,8.0,282.23,3.53,73.3,10.74,7.87,2.87,4.98,7.98,1219.0,3.65,7.05,261.2
2015-01-09 21:20:00,768000.0,986.74,7.79,282.02,3.15,72.4,10.59,7.66,2.92,4.85,7.77,1219.9,3.95,7.05,258.7
2015-01-09 21:30:00,768600.0,986.72,7.64,281.88,3.16,73.2,10.48,7.67,2.81,4.85,7.77,1220.53,2.33,7.61,247.4
2015-01-09 21:40:00,769200.0,986.59,7.5,281.75,3.33,74.8,10.38,7.76,2.62,4.91,7.87,1220.93,2.61,5.05,252.4
2015-01-09 21:50:00,769800.0,986.51,7.25,281.5,3.52,77.1,10.2,7.87,2.34,4.97,7.97,1221.87,2.13,4.97,251.6
2015-01-09 22:00:00,770400.0,986.51,7.08,281.33,3.64,78.7,10.08,7.94,2.15,5.02,8.04,1222.58,2.08,5.09,259.3
2015-01-09 22:10:00,771000.0,986.31,6.9,281.16,3.75,80.3,9.96,7.99,1.96,5.06,8.11,1223.11,1.81,3.6,230.5
2015-01-09 22:20:00,771600.0,986.01,6.76,281.05,3.79,81.3,9.86,8.02,1.84,5.07,8.13,1223.31,1.75,4.33,223.0
2015-01-09 22:30:00,772200.0,985.86,6.76,281.07,3.76,81.1,9.87,8.0,1.86,5.06,8.12,1223.13,1.94,3.56,212.0
2015-01-09 22:40:00,772800.0,985.66,6.89,281.21,3.8,80.6,9.95,8.02,1.93,5.08,8.14,1222.3,1.21,2.84,85.4
2015-01-09 22:50:00,773400.0,985.45,6.93,281.27,3.73,80.0,9.98,7.98,2.0,5.05,8.1,1221.89,1.95,3.88,214.9
2015-01-09 23:00:00,774000.0,985.31,7.05,281.4,3.7,79.2,10.06,7.97,2.09,5.05,8.09,1221.2,2.35,4.77,205.5
2015-01-09 23:10:00,774600.0,985.09,7.17,281.54,3.68,78.4,10.15,7.95,2.19,5.04,8.07,1220.42,2.73,4.33,197.0
2015-01-09 23:20:00,775200.0,984.83,7.26,281.65,3.71,78.1,10.21,7.97,2.24,5.05,8.1,1219.69,2.83,4.24,198.9
2015-01-09 23:30:00,775800.0,984.75,7.34,281.74,3.81,78.2,10.26,8.03,2.24,5.09,8.15,1219.22,2.36,4.22,207.8
2015-01-09 23:40:00,776400.0,984.52,7.57,281.99,4.01,78.1,10.43,8.14,2.28,5.16,8.27,1217.88,1.7,4.37,215.1
2015-01-09 23:50:00,777000.0,984.33,7.73,282.16,4.22,78.4,10.54,8.27,2.28,5.24,8.4,1216.89,1.16,2.64,219.1
2015-01-10 00:00:00,777600.0,983.98,7.78,282.24,4.68,80.7,10.58,8.54,2.04,5.41,8.68,1216.12,2.05,3.52,209.3
2015-01-10 00:10:00,778200.0,983.68,7.65,282.13,4.94,82.9,10.48,8.69,1.79,5.51,8.84,1216.23,1.93,2.96,198.6
2015-01-10 00:20:00,778800.0,983.44,7.47,281.97,5.19,85.4,10.36,8.84,1.51,5.61,8.99,1216.64,1.71,2.76,206.1
2015-01-10 00:30:00,779400.0,983.19,7.52,282.04,5.5,87.0,10.39,9.04,1.35,5.74,9.2,1216.03,3.09,5.93,210.4
2015-01-10 00:40:00,780000.0,982.97,7.84,282.38,5.78,86.8,10.62,9.22,1.4,5.85,9.38,1214.28,3.16,5.53,209.5
2015-01-10 00:50:00,780600.0,982.83,8.23,282.79,5.95,85.5,10.91,9.33,1.58,5.92,9.49,1212.38,3.61,5.65,202.6
2015-01-10 01:00:00,781200.0,982.62,8.42,283.0,6.14,85.5,11.05,9.45,1.6,6.0,9.61,1211.24,3.68,6.01,210.6
2015-01-10 01:10:00,781800.0,982.4,8.53,283.12,6.41,86.5,11.13,9.63,1.5,6.12,9.8,1210.41,3.05,5.99,208.5
2015-01-10 01:20:00,782400.0,982.21,8.65,283.26,6.78,88.0,11.22,9.88,1.35,6.28,10.06,1209.55,2.04,4.81,229.5
2015-01-10 01:30:00,783000.0,982.0,8.88,283.51,7.11,88.6,11.4,10.1,1.3,6.42,10.29,1208.2,1.87,4.49,226.3
2015-01-10 01:40:00,783600.0,982.0,9.22,283.85,7.36,88.1,11.67,10.28,1.39,6.54,10.47,1206.66,1.99,3.96,220.5
2015-01-10 01:50:00,784200.0,981.92,9.56,284.2,7.73,88.3,11.94,10.54,1.4,6.7,10.73,1204.99,1.96,5.61,222.7
2015-01-10 02:00:00,784800.0,981.87,10.2,284.85,8.17,87.2,12.46,10.86,1.59,6.91,11.07,1202.05,2.87,6.51,226.4
2015-01-10 02:10:00,785400.0,981.88,10.79,285.44,8.48,85.6,12.96,11.09,1.87,7.06,11.3,1199.46,2.83,6.85,218.7
2015-01-10 02:20:00,786000.0,982.09,11.09,285.72,8.79,85.7,13.22,11.33,1.89,7.21,11.54,1198.34,2.45,7.77,256.0
2015-01-10 02:30:00,786600.0,982.04,11.22,285.86,9.0,86.2,13.34,11.5,1.84,7.31,11.71,1197.66,3.95,7.41,240.3
2015-01-10 02:40:00,787200.0,982.09,11.41,286.04,9.23,86.4,13.51,11.67,1.84,7.42,11.88,1196.84,3.7,8.37,243.0
2015-01-10 02:50:00,787800.0,982.01,11.52,286.16,9.38,86.7,13.61,11.8,1.81,7.51,12.01,1196.22,3.93,7.57,235.2
2015-01-10 03:00:00,788400.0,982.12,11.69,286.32,9.57,86.8,13.76,11.94,1.82,7.6,12.16,1195.57,4.81,8.89,249.3
2015-01-10 03:10:00,789000.0,982.21,11.95,286.58,9.63,85.7,14.0,12.0,2.0,7.63,12.21,1194.57,5.18,9.13,242.7
2015-01-10 03:20:00,789600.0,982.28,12.14,286.76,9.66,84.8,14.17,12.02,2.15,7.65,12.24,1193.85,3.59,8.45,243.1
2015-01-10 03:30:00,790200.0,982.28,12.27,286.89,9.72,84.4,14.3,12.07,2.23,7.68,12.28,1193.28,4.66,10.65,233.2
2015-01-10 03:40:00,790800.0,982.43,12.29,286.9,9.76,84.5,14.31,12.1,2.22,7.69,12.31,1193.37,2.7,5.29,229.3
2015-01-10 03:50:00,791400.0,982.55,12.3,286.9,9.89,85.2,14.32,12.2,2.12,7.76,12.42,1193.42,4.36,9.49,240.4
2015-01-10 04:00:00,792000.0,982.64,12.2,286.79,9.98,86.3,14.23,12.28,1.95,7.81,12.5,1193.92,2.96,6.45,230.0
2015-01-10 04:10:00,792600.0,982.57,12.22,286.82,10.06,86.6,14.25,12.34,1.91,7.85,12.56,1193.72,2.9,5.21,226.7
2015-01-10 04:20:00,793200.0,982.51,12.34,286.94,10.09,86.1,14.36,12.37,2.0,7.87,12.59,1193.13,2.71,6.09,221.6
2015-01-10 04:30:00,793800.0,982.43,12.46,287.07,10.17,85.9,14.48,12.43,2.04,7.91,12.66,1192.5,4.1,9.57,240.7
2015-01-10 04:40:00,794400.0,982.47,12.59,287.2,10.21,85.4,14.6,12.47,2.13,7.93,12.69,1191.99,3.83,8.09,231.8
2015-01-10 04:50:00,795000.0,982.45,12.73,287.34,10.24,84.8,14.74,12.5,2.24,7.95,12.72,1191.37,3.64,6.93,232.9
2015-01-10 05:00:00,795600.0,982.46,12.67,287.28,10.24,85.1,14.68,12.49,2.19,7.95,12.71,1191.64,2.02,4.65,227.4
2015-01-10 05:10:00,796200.0,982.42,12.68,287.29,10.23,85.0,14.69,12.48,2.2,7.94,12.71,1191.55,2.47,4.85,223.5
2015-01-10 05:20:00,796800.0,982.39,12.81,287.43,10.25,84.4,14.81,12.5,2.31,7.95,12.73,1190.96,3.5,7.67,240.8
2015-01-10 05:30:00,797400.0,982.43,12.91,287.52,10.24,83.8,14.91,12.49,2.42,7.95,12.72,1190.6,2.78,6.45,225.6
2015-01-10 05:40:00,798000.0,982.4,12.91,287.53,10.28,84.0,14.91,12.52,2.39,7.97,12.75,1190.55,4.04,7.85,242.6
2015-01-10 05:50:00,798600.0,982.38,12.72,287.34,10.37,85.6,14.73,12.6,2.12,8.02,12.83,1191.28,3.56,6.57,241.0
2015-01-10 06:00:00,799200.0,982.38,12.51,287.13,10.43,87.1,14.52,12.65,1.87,8.05,12.88,1192.13,3.62,8.93,233.3
2015-01-10 06:10:00,799800.0,982.4,12.3,286.91,10.46,88.5,14.32,12.68,1.65,8.07,12.9,1193.02,2.75,5.47,219.3
2015-01-10 06:20:00,800400.0,982.43,12.13,286.74,10.49,89.7,14.16,12.71,1.46,8.08,12.93,1193.76,2.32,5.41,228.6
2015-01-10 06:30:00,801000.0,982.43,12.13,286.74,10.48,89.6,14.16,12.69,1.47,8.07,12.92,1193.76,1.91,4.12,210.6
2015-01-10 06:40:00,801600.0,982.35,12.18,286.8,10.44,89.1,14.21,12.66,1.55,8.06,12.89,1193.47,1.58,3.4,215.0
2015-01-10 06:50:00,802200.0,982.39,12.32,286.93,10.41,88.1,14.34,12.64,1.71,8.04,12.86,1192.94,2.33,5.21,221.4
2015-01-10 07:00:00,802800.0,982.32,12.44,287.06,10.41,87.4,14.46,12.64,1.82,8.04,12.86,1192.36,3.83,7.29,209.7
2015-01-10 07:10:00,803400.0,982.17,12.49,287.12,10.39,87.0,14.5,12.62,1.89,8.03,12.85,1191.97,5.19,7.85,206.5
2015-01-10 07:20:00,804000.0,982.07,12.63,287.27,10.28,85.6,14.64,12.53,2.11,7.97,12.76,1191.31,3.1,4.81,205.4
2015-01-10 07:30:00,804600.0,982.02,12.79,287.44,10.18,84.1,14.79,12.44,2.35,7.92,12.67,1190.62,2.76,4.97,220.4
2015-01-10 07:40:00,805200.0,982.04,12.96,287.61,10.11,82.8,14.96,12.39,2.57,7.88,12.61,1189.96,3.01,6.79,223.6
2015-01-10 07:50:00,805800.0,982.07,13.22,287.87,10.07,81.2,15.22,12.35,2.86,7.86,12.58,1188.94,3.74,6.13,218.0
2015-01-10 08:00:00,806400.0,982.26,13.39,288.02,10.05,80.2,15.39,12.34,3.05,7.85,12.56,1188.47,2.28,5.01,231.1
2015-01-10 08:10:00,807000.0,982.18,13.56,288.2,10.03,79.2,15.56,12.32,3.24,7.84,12.54,1187.67,4.28,9.81,225.8
2015-01-10 08:20:00,807600.0,982.16,13.63,288.27,9.99,78.6,15.63,12.28,3.34,7.82,12.51,1187.38,4.28,9.05,227.1
2015-01-10 08:30:00,808200.0,982.14,13.74,288.38,9.98,78.0,15.74,12.28,3.46,7.81,12.5,1186.9,3.37,8.45,227.8
2015-01-10 08:40:00,808800.0,981.94,13.81,288.47,9.99,77.7,15.81,12.29,3.53,7.82,12.51,1186.36,3.34,6.69,220.3
2015-01-10 08:50:00,809400.0,981.82,13.87,288.54,10.01,77.5,15.87,12.3,3.57,7.83,12.53,1185.96,1.67,3.3,199.3
2015-01-10 09:00:00,810000.0,981.76,13.92,288.6,10.06,77.5,15.93,12.34,3.58,7.86,12.57,1185.67,2.77,5.25,207.1
2015-01-10 09:10:00,810600.0,981.35,14.07,288.78,10.13,77.1,16.08,12.4,3.68,7.9,12.63,1184.52,3.47,6.69,211.2
2015-01-10 09:20:00,811200.0,981.08,14.16,288.89,10.18,76.9,16.18,12.44,3.74,7.92,12.68,1183.81,1.92,4.61,223.0
2015-01-10 09:30:00,811800.0,981.05,14.2,288.94,10.23,77.0,16.22,12.49,3.73,7.96,12.73,1183.58,1.84,3.92,206.3
2015-01-10 09:40:00,812400.0,981.16,14.29,289.02,10.28,76.8,16.31,12.53,3.78,7.98,12.77,1183.33,2.41,6.07,222.1
2015-01-10 09:50:00,813000.0,981.15,14.55,289.28,10.3,75.6,16.59,12.54,4.05,7.99,12.78,1182.24,3.31,8.09,220.4
2015-01-10 10:00:00,813600.0,981.1,14.75,289.49,10.19,74.1,16.81,12.45,4.35,7.93,12.69,1181.4,2.56,6.81,213.0
2015-01-10 10:10:00,814200.0,981.07,14.95,289.69,9.98,72.1,17.02,12.27,4.75,7.82,12.51,1180.62,2.3,4.73,235.8
2015-01-10 10:20:00,814800.0,981.09,15.18,289.92,9.78,70.1,17.28,12.11,5.17,7.71,12.34,1179.78,2.42,5.49,213.4
2015-01-10 10:30:00,815400.0,981.07,15.11,289.85,9.41,68.71,17.2,11.82,5.38,7.53,12.05,1180.18,5.03,10.13,222.2
2015-01-10 10:40:00,816000.0,980.9,14.97,289.72,8.93,67.12,17.05,11.44,5.6,7.29,11.66,1180.72,4.53,9.73,228.9
2015-01-10 10:50:00,816600.0,980.74,14.86,289.63,8.72,66.62,16.92,11.28,5.65,7.18,11.5,1181.05,4.51,7.29,221.0
2015-01-10 11:00:00,817200.0,980.7,14.75,289.52,8.62,66.63,16.81,11.2,5.61,7.13,11.42,1181.49,4.7,8.17,225.9
2015-01-10 11:10:00,817800.0,980.51,14.73,289.52,8.6,66.64,16.78,11.18,5.6,7.13,11.41,1181.35,4.07,9.89,226.5
2015-01-10 11:20:00,818400.0,980.39,14.64,289.43,8.53,66.71,16.69,11.13,5.55,7.09,11.35,1181.6,3.72,8.97,209.3
2015-01-10 11:30:00,819000.0,980.28,14.6,289.4,8.47,66.62,16.64,11.09,5.56,7.07,11.31,1181.65,3.15,5.91,216.7
2015-01-10 11:40:00,819600.0,980.2,14.84,289.65,8.48,65.63,16.9,11.09,5.81,7.07,11.32,1180.56,3.82,7.45,223.8
2015-01-10 11:50:00,820200.0,980.12,15.17,289.99,8.48,64.24,17.27,11.09,6.17,7.07,11.32,1179.12,4.01,8.49,233.6
2015-01-10 12:00:00,820800.0,980.02,15.39,290.22,8.41,63.05,17.51,11.04,6.47,7.04,11.27,1178.12,5.22,13.01,229.7
2015-01-10 12:10:00,821400.0,979.74,15.56,290.42,8.33,62.03,17.7,10.98,6.72,7.0,11.21,1177.11,5.0,14.49,234.2
2015-01-10 12:20:00,822000.0,979.51,15.42,290.29,8.24,62.19,17.55,10.91,6.63,6.96,11.14,1177.44,5.22,11.33,229.8
2015-01-10 12:30:00,822600.0,979.31,15.45,290.34,8.19,61.86,17.58,10.87,6.7,6.94,11.1,1177.09,5.41,10.81,236.4
2015-01-10 12:40:00,823200.0,978.97,15.68,290.6,8.18,60.93,17.84,10.87,6.97,6.94,11.1,1175.75,4.51,9.73,229.6
2015-01-10 12:50:00,823800.0,978.53,15.74,290.7,8.19,60.73,17.91,10.88,7.03,6.94,11.12,1174.97,4.65,10.81,228.6
2015-01-10 13:00:00,824400.0,978.05,15.8,290.8,8.13,60.25,17.98,10.83,7.15,6.92,11.08,1174.17,4.0,9.25,230.5
2015-01-10 13:10:00,825000.0,977.72,15.95,290.98,8.07,59.46,18.15,10.79,7.36,6.9,11.04,1173.18,4.66,8.69,216.3
2015-01-10 13:20:00,825600.0,977.58,15.68,290.72,7.91,59.8,17.84,10.67,7.17,6.82,10.91,1174.16,5.74,12.65,223.1
2015-01-10 13:30:00,826200.0,977.72,15.73,290.76,7.81,59.23,17.9,10.6,7.3,6.77,10.84,1174.16,5.93,9.11,221.0
2015-01-10 13:40:00,826800.0,977.92,15.8,290.81,7.75,58.71,17.98,10.56,7.42,6.74,10.79,1174.14,5.0,10.91,228.6
2015-01-10 13:50:00,827400.0,977.92,15.45,290.46,7.48,58.94,17.58,10.36,7.22,6.62,10.6,1175.65,5.39,13.33,228.4
2015-01-10 14:00:00,828000.0,978.1,15.03,290.02,7.22,59.5,17.11,10.18,6.93,6.5,10.41,1177.66,6.46,14.01,236.8
2015-01-10 14:10:00,828600.0,978.26,14.82,289.8,7.14,59.99,16.88,10.13,6.75,6.46,10.35,1178.74,6.08,11.41,235.2
2015-01-10 14:20:00,829200.0,978.33,14.67,289.64,7.09,60.35,16.72,10.09,6.63,6.44,10.31,1179.46,5.53,12.05,236.5
2015-01-10 14:30:00,829800.0,978.38,14.54,289.5,7.09,60.85,16.58,10.09,6.49,6.44,10.31,1180.05,3.94,7.57,234.7
2015-01-10 14:40:00,830400.0,978.21,14.43,289.41,6.93,60.64,16.46,9.98,6.48,6.37,10.2,1180.34,6.01,11.45,233.0
2015-01-10 14:50:00,831000.0,978.0,14.4,289.4,6.85,60.39,16.43,9.92,6.51,6.33,10.14,1180.24,6.53,14.09,227.3
2015-01-10 15:00:00,831600.0,977.98,14.45,289.45,6.89,60.36,16.48,9.95,6.53,6.35,10.17,1180.0,5.87,10.09,223.9
2015-01-10 15:10:00,832200.0,977.94,14.35,289.35,6.84,60.58,16.38,9.92,6.46,6.33,10.14,1180.37,5.02,10.41,224.1
2015-01-10 15:20:00,832800.0,978.1,14.23,289.22,6.77,60.73,16.25,9.87,6.38,6.3,10.09,1181.08,4.51,10.61,233.2
2015-01-10 15:30:00,833400.0,978.24,14.17,289.14,6.78,61.01,16.19,9.88,6.31,6.3,10.09,1181.5,6.26,14.61,235.8
2015-01-10 15:40:00,834000.0,978.33,14.07,289.04,6.91,61.95,16.08,9.96,6.12,6.36,10.18,1181.98,5.27,9.99,231.2
2015-01-10 15:50:00,834600.0,978.31,13.9,288.87,7.05,63.25,15.9,10.06,5.85,6.42,10.28,1182.61,3.59,8.97,223.0
2015-01-10 16:00:00,835200.0,978.33,13.69,288.65,7.16,64.61,15.69,10.14,5.55,6.47,10.36,1183.46,4.34,9.09,231.3
2015-01-10 16:10:00,835800.0,978.39,13.53,288.49,7.27,65.81,15.53,10.22,5.31,6.52,10.44,1184.16,3.09,6.97,235.7
2015-01-10 16:20:00,836400.0,978.48,13.36,288.31,7.36,66.94,15.36,10.28,5.08,6.56,10.5,1184.94,4.84,8.29,217.5
2015-01-10 16:30:00,837000.0,978.43,13.12,288.07,7.52,68.74,15.12,10.39,4.73,6.63,10.62,1185.83,4.11,8.21,219.8
2015-01-10 16:40:00,837600.0,978.4,12.94,287.89,7.61,70.0,14.94,10.46,4.48,6.68,10.69,1186.5,5.59,9.07,216.3
2015-01-10 16:50:00,838200.0,978.29,12.81,287.77,7.67,70.9,14.81,10.5,4.31,6.7,10.74,1186.89,7.64,11.41,210.0
2015-01-10 17:00:00,838800.0,978.25,12.74,287.7,7.69,71.3,14.74,10.51,4.23,6.71,10.75,1187.13,6.7,9.97,211.1
2015-01-10 17:10:00,839400.0,978.31,12.7,287.66,7.71,71.6,14.71,10.53,4.18,6.72,10.76,1187.36,5.23,8.57,215.4
2015-01-10 17:20:00,840000.0,978.19,12.68,287.65,7.71,71.7,14.69,10.53,4.16,6.72,10.77,1187.29,3.69,7.37,214.2
2015-01-10 17:30:00,840600.0,978.03,12.72,287.7,7.63,71.1,14.73,10.47,4.26,6.69,10.7,1186.96,6.47,10.53,213.4
2015-01-10 17:40:00,841200.0,977.95,12.73,287.72,7.64,71.1,14.74,10.48,4.26,6.69,10.71,1186.82,6.14,9.17,207.4
2015-01-10 17:50:00,841800.0,978.01,12.71,287.69,7.72,71.6,14.72,10.54,4.18,6.73,10.77,1186.95,5.02,8.41,212.1
2015-01-10 18:00:00,842400.0,977.87,12.64,287.64,7.78,72.2,14.65,10.58,4.07,6.75,10.82,1187.05,5.78,10.53,211.8
2015-01-10 18:10:00,843000.0,977.9,12.6,287.59,7.76,72.3,14.61,10.56,4.05,6.75,10.8,1187.26,3.92,7.17,222.1
2015-01-10 18:20:00,843600.0,977.96,12.68,287.67,7.63,71.3,14.69,10.47,4.22,6.69,10.71,1187.04,5.11,10.05,227.3
2015-01-10 18:30:00,844200.0,980.5,9.93,284.69,5.74,75.1,12.24,9.19,3.05,5.85,9.37,1202.29,5.23,15.62,279.4
2015-01-10 18:40:00,844800.0,980.9,7.21,281.92,5.07,86.2,10.17,8.77,1.4,5.58,8.94,1214.65,2.58,5.45,278.5
2015-01-10 18:50:00,845400.0,981.49,6.64,281.29,4.48,86.1,9.78,8.42,1.36,5.35,8.58,1218.05,3.23,7.13,278.4
2015-01-10 19:00:00,846000.0,981.95,6.14,280.76,3.7,84.3,9.45,7.97,1.48,5.06,8.11,1220.99,2.93,6.83,291.1
2015-01-10 19:10:00,846600.0,982.22,5.72,280.31,3.57,86.0,9.18,7.89,1.28,5.01,8.04,1223.21,3.31,6.25,282.1
2015-01-10 19:20:00,847200.0,982.35,5.61,280.19,3.46,86.0,9.11,7.83,1.28,4.98,7.97,1223.87,3.9,7.19,263.5
2015-01-10 19:30:00,847800.0,982.32,5.45,280.04,3.16,85.1,9.01,7.67,1.34,4.87,7.8,1224.62,3.54,8.17,270.5
2015-01-10 19:40:00,848400.0,982.41,5.39,279.96,3.04,84.8,8.97,7.6,1.36,4.83,7.74,1225.05,2.41,4.61,259.8
2015-01-10 19:50:00,849000.0,982.51,5.46,280.03,2.83,83.1,9.01,7.49,1.52,4.75,7.62,1224.91,3.3,6.53,267.0
2015-01-10 20:00:00,849600.0,982.7,5.62,280.18,2.59,80.8,9.12,7.37,1.75,4.68,7.49,1224.49,2.85,7.09,267.3
2015-01-10 20:10:00,850200.0,982.98,5.72,280.25,2.53,79.9,9.18,7.33,1.84,4.65,7.46,1224.44,2.81,6.47,262.0
2015-01-10 20:20:00,850800.0,983.19,5.78,280.29,2.09,77.1,9.22,7.11,2.11,4.51,7.23,1224.53,3.71,6.45,262.7
2015-01-10 20:30:00,851400.0,983.23,5.83,280.34,1.63,74.3,9.25,6.87,2.38,4.36,6.99,1224.48,3.21,6.95,264.1
2015-01-10 20:40:00,852000.0,983.32,5.93,280.43,1.3,72.1,9.31,6.71,2.6,4.26,6.83,1224.23,3.78,8.89,271.5
2015-01-10 20:50:00,852600.0,983.29,5.92,280.43,1.5,73.2,9.31,6.81,2.49,4.32,6.93,1224.18,2.69,5.11,270.8
2015-01-10 21:00:00,853200.0,983.25,5.82,280.33,1.73,74.9,9.24,6.92,2.32,4.39,7.04,1224.5,2.84,7.73,266.2
2015-01-10 21:10:00,853800.0,983.35,5.77,280.27,1.26,72.7,9.21,6.69,2.51,4.25,6.81,1224.98,2.83,6.79,268.8
2015-01-10 21:20:00,854400.0,983.53,5.71,280.2,1.13,72.3,9.17,6.63,2.54,4.2,6.74,1225.48,2.51,5.01,260.0
2015-01-10 21:30:00,855000.0,983.68,5.6,280.07,1.1,72.7,9.1,6.62,2.48,4.19,6.73,1226.17,2.3,5.89,275.6
2015-01-10 21:40:00,855600.0,983.78,5.54,280.01,1.13,73.1,9.07,6.63,2.44,4.2,6.74,1226.53,2.29,4.13,276.7
2015-01-10 21:50:00,856200.0,983.96,5.5,279.95,1.02,72.8,9.04,6.58,2.46,4.17,6.69,1226.98,2.04,4.33,269.9
2015-01-10 22:00:00,856800.0,984.18,5.47,279.9,0.45,69.95,9.02,6.31,2.71,4.0,6.41,1227.51,2.42,5.65,278.4
2015-01-10 22:10:00,857400.0,984.41,5.39,279.8,0.05,68.35,8.97,6.13,2.84,3.88,6.23,1228.24,2.24,5.41,252.8
2015-01-10 22:20:00,858000.0,984.62,5.28,279.67,0.05,68.9,8.9,6.13,2.77,3.88,6.23,1228.99,2.72,4.89,259.6
2015-01-10 22:30:00,858600.0,984.73,5.16,279.55,0.16,70.0,8.83,6.18,2.65,3.91,6.27,1229.62,2.41,5.37,258.9
2015-01-10 22:40:00,859200.0,984.9,5.11,279.49,-0.23,68.24,8.8,6.0,2.79,3.8,6.1,1230.12,2.62,4.93,264.9
2015-01-10 22:50:00,859800.0,985.07,5.08,279.44,-0.31,68.02,8.78,5.97,2.81,3.78,6.06,1230.49,2.89,5.57,269.3
2015-01-10 23:00:00,860400.0,985.2,4.95,279.3,-0.27,68.86,8.7,5.99,2.71,3.79,6.08,1231.24,2.04,3.73,268.9
2015-01-10 23:10:00,861000.0,985.22,4.74,279.08,-0.68,67.82,8.57,5.81,2.76,3.68,5.9,1232.27,2.48,7.49,263.9
2015-01-10 23:20:00,861600.0,985.23,4.55,278.89,-1.41,65.12,8.46,5.51,2.95,3.48,5.59,1233.28,2.54,5.97,256.2
2015-01-10 23:30:00,862200.0,985.1,4.32,278.67,-1.56,65.46,8.32,5.45,2.87,3.45,5.53,1234.17,2.66,4.85,257.3
2015-01-10 23:40:00,862800.0,985.12,4.16,278.51,-1.72,65.4,8.23,5.38,2.85,3.41,5.46,1234.91,2.92,6.77,257.6
2015-01-10 23:50:00,863400.0,985.29,4.06,278.4,-1.77,65.62,8.17,5.36,2.81,3.39,5.44,1235.59,2.1,4.37,254.5
2015-01-11 00:00:00,864000.0,985.32,3.92,278.26,-1.82,66.03,8.09,5.34,2.75,3.38,5.42,1236.25,2.69,5.25,262.5
2015-01-11 00:10:00,864600.0,985.35,3.87,278.21,-2.02,65.27,8.07,5.26,2.8,3.33,5.34,1236.54,2.57,4.83,261.1
2015-01-11 00:20:00,865200.0,985.32,3.82,278.16,-2.15,64.86,8.04,5.21,2.82,3.3,5.29,1236.76,3.04,5.05,254.0
2015-01-11 00:30:00,865800.0,985.26,3.8,278.14,-2.63,62.69,8.02,5.03,2.99,3.18,5.11,1236.87,3.53,6.05,253.6
2015-01-11 00:40:00,866400.0,985.2,3.78,278.12,-2.75,62.22,8.01,4.99,3.03,3.15,5.06,1236.9,2.96,5.97,258.8
2015-01-11 00:50:00,867000.0,985.16,3.72,278.07,-2.57,63.32,7.98,5.05,2.93,3.2,5.13,1237.07,2.01,4.33,264.3
2015-01-11 01:00:00,867600.0,985.09,3.63,277.98,-2.54,63.92,7.92,5.07,2.86,3.2,5.14,1237.42,2.37,5.83,255.5
2015-01-11 01:10:00,868200.0,985.12,3.6,277.95,-2.62,63.65,7.91,5.03,2.88,3.18,5.11,1237.59,2.97,6.15,262.1
2015-01-11 01:20:00,868800.0,985.1,3.57,277.92,-2.7,63.41,7.89,5.01,2.89,3.17,5.08,1237.7,3.58,7.29,259.2
2015-01-11 01:30:00,869400.0,985.16,3.52,277.86,-2.82,63.07,7.86,4.96,2.9,3.14,5.03,1238.04,3.51,7.85,251.4
2015-01-11 01:40:00,870000.0,985.18,3.43,277.77,-2.92,63.03,7.81,4.92,2.89,3.12,5.0,1238.5,2.9,6.53,257.2
2015-01-11 01:50:00,870600.0,985.25,3.4,277.74,-3.03,62.6,7.8,4.88,2.92,3.09,4.96,1238.72,2.77,5.29,258.8
2015-01-11 02:00:00,871200.0,985.32,3.34,277.67,-3.08,62.66,7.77,4.87,2.9,3.08,4.94,1239.09,1.99,4.49,234.1
2015-01-11 02:10:00,871800.0,985.42,3.33,277.65,-3.15,62.33,7.76,4.84,2.92,3.06,4.91,1239.26,1.66,3.61,231.0
2015-01-11 02:20:00,872400.0,985.46,3.29,277.61,-3.11,62.74,7.74,4.85,2.88,3.07,4.93,1239.5,1.35,3.0,172.5
2015-01-11 02:30:00,873000.0,985.45,3.26,277.58,-3.16,62.62,7.72,4.84,2.89,3.06,4.91,1239.61,1.57,3.12,148.0
2015-01-11 02:40:00,873600.0,985.34,3.2,277.53,-3.19,62.73,7.69,4.82,2.87,3.05,4.9,1239.75,0.72,2.08,130.8
2015-01-11 02:50:00,874200.0,985.26,3.12,277.45,-3.14,63.36,7.65,4.84,2.8,3.06,4.92,1240.01,0.83,1.76,143.5
2015-01-11 03:00:00,874800.0,985.3,3.02,277.36,-3.08,64.04,7.59,4.86,2.73,3.08,4.94,1240.48,1.24,2.5,150.3
2015-01-11 03:10:00,875400.0,985.31,2.9,277.23,-3.04,64.81,7.53,4.88,2.65,3.09,4.95,1241.03,1.04,1.68,153.2
2015-01-11 03:20:00,876000.0,985.28,2.79,277.12,-3.04,65.35,7.47,4.88,2.59,3.09,4.95,1241.5,1.31,3.32,232.9
2015-01-11 03:30:00,876600.0,985.25,2.75,277.09,-2.99,65.75,7.45,4.9,2.55,3.1,4.97,1241.62,1.18,3.08,205.8
2015-01-11 03:40:00,877200.0,985.1,2.65,277.0,-2.91,66.6,7.4,4.93,2.47,3.12,5.0,1241.86,0.85,2.18,220.4
2015-01-11 03:50:00,877800.0,984.97,2.59,276.95,-2.8,67.46,7.36,4.97,2.4,3.14,5.04,1241.95,1.29,4.05,226.0
2015-01-11 04:00:00,878400.0,984.95,2.64,277.0,-2.68,67.83,7.39,5.01,2.38,3.17,5.09,1241.68,1.06,3.28,220.2
2015-01-11 04:10:00,879000.0,984.91,2.7,277.06,-2.57,68.11,7.42,5.05,2.37,3.2,5.13,1241.35,1.33,3.28,215.3
2015-01-11 04:20:00,879600.0,984.9,2.78,277.15,-2.45,68.28,7.46,5.1,2.37,3.23,5.17,1240.94,0.9,2.4,188.4
2015-01-11 04:30:00,880200.0,984.81,2.77,277.14,-2.5,68.14,7.46,5.08,2.38,3.21,5.16,1240.92,1.83,4.25,219.4
2015-01-11 04:40:00,880800.0,984.71,2.77,277.15,-2.52,68.05,7.46,5.07,2.38,3.21,5.15,1240.79,1.39,3.12,237.3
2015-01-11 04:50:00,881400.0,984.69,2.67,277.05,-2.55,68.34,7.41,5.06,2.34,3.2,5.14,1241.2,1.7,3.77,231.5
2015-01-11 05:00:00,882000.0,984.74,2.6,276.97,-2.57,68.59,7.37,5.05,2.31,3.2,5.13,1241.61,1.35,2.64,212.3
2015-01-11 05:10:00,882600.0,984.69,2.6,276.98,-2.62,68.35,7.37,5.03,2.33,3.19,5.11,1241.55,1.32,3.61,240.7
2015-01-11 05:20:00,883200.0,984.58,2.57,276.96,-2.68,68.19,7.35,5.01,2.34,3.17,5.09,1241.53,1.98,4.17,238.4
2015-01-11 05:30:00,883800.0,984.48,2.47,276.86,-2.68,68.69,7.3,5.01,2.28,3.17,5.09,1241.88,1.78,3.77,234.2
2015-01-11 05:40:00,884400.0,984.45,2.46,276.86,-2.72,68.51,7.29,5.0,2.3,3.16,5.08,1241.88,1.98,6.05,237.2
2015-01-11 05:50:00,885000.0,984.42,2.39,276.79,-2.72,68.85,7.26,5.0,2.26,3.16,5.08,1242.16,1.51,3.49,237.2
2015-01-11 06:00:00,885600.0,984.39,2.33,276.73,-2.73,69.12,7.23,5.0,2.23,3.16,5.07,1242.39,1.61,4.67,213.4
2015-01-11 06:10:00,886200.0,984.27,2.38,276.8,-2.79,68.51,7.26,4.97,2.28,3.15,5.05,1242.0,2.19,4.13,217.7
2015-01-11 06:20:00,886800.0,984.16,2.36,276.79,-2.79,68.6,7.24,4.97,2.27,3.15,5.05,1241.95,1.25,3.2,197.9
2015-01-11 06:30:00,887400.0,984.02,2.29,276.72,-2.87,68.54,7.21,4.94,2.27,3.13,5.02,1242.12,2.24,4.65,233.2
2015-01-11 06:40:00,888000.0,983.9,2.18,276.62,-2.96,68.67,7.15,4.91,2.24,3.11,4.99,1242.49,1.71,4.53,217.3
2015-01-11 06:50:00,888600.0,983.89,2.14,276.59,-3.05,68.38,7.13,4.88,2.26,3.09,4.96,1242.65,3.08,6.79,223.8
2015-01-11 07:00:00,889200.0,983.87,2.15,276.59,-3.12,67.98,7.13,4.85,2.28,3.07,4.93,1242.63,3.09,7.53,231.5
2015-01-11 07:10:00,889800.0,984.06,2.11,276.54,-3.17,67.89,7.11,4.83,2.28,3.06,4.91,1243.04,2.8,4.97,233.3
2015-01-11 07:20:00,890400.0,984.09,2.12,276.54,-3.24,67.5,7.12,4.8,2.31,3.04,4.88,1243.06,3.47,7.53,229.1
2015-01-11 07:30:00,891000.0,983.91,2.07,276.51,-3.31,67.39,7.09,4.78,2.31,3.03,4.86,1243.07,2.3,4.85,225.8
2015-01-11 07:40:00,891600.0,983.82,2.09,276.54,-3.44,66.65,7.1,4.74,2.37,3.0,4.81,1242.87,3.38,5.69,229.6
2015-01-11 07:50:00,892200.0,984.01,2.19,276.62,-3.49,65.95,7.15,4.72,2.44,2.99,4.79,1242.68,2.7,5.01,245.0
2015-01-11 08:00:00,892800.0,984.2,2.36,276.78,-3.55,64.82,7.24,4.69,2.55,2.97,4.77,1242.15,3.93,7.21,247.9
2015-01-11 08:10:00,893400.0,984.35,2.4,276.8,-3.49,64.94,7.26,4.72,2.55,2.99,4.79,1242.16,2.26,5.41,240.5
2015-01-11 08:20:00,894000.0,984.26,2.43,276.84,-3.4,65.24,7.28,4.75,2.53,3.01,4.82,1241.91,3.47,7.09,231.7
2015-01-11 08:30:00,894600.0,984.29,2.39,276.8,-3.26,66.11,7.26,4.8,2.46,3.04,4.88,1242.06,2.92,6.21,230.3
2015-01-11 08:40:00,895200.0,984.36,2.34,276.75,-3.25,66.39,7.23,4.8,2.43,3.04,4.88,1242.39,3.57,6.41,245.1
2015-01-11 08:50:00,895800.0,984.49,2.31,276.71,-3.25,66.52,7.22,4.8,2.42,3.04,4.88,1242.68,2.3,5.05,248.4
2015-01-11 09:00:00,896400.0,984.6,2.34,276.73,-3.32,66.04,7.23,4.78,2.46,3.02,4.85,1242.71,3.9,9.57,244.8
2015-01-11 09:10:00,897000.0,984.65,2.51,276.89,-3.36,65.05,7.32,4.76,2.56,3.01,4.84,1242.02,3.02,6.01,243.1
2015-01-11 09:20:00,897600.0,984.72,2.62,277.0,-3.34,64.64,7.38,4.77,2.61,3.02,4.84,1241.59,4.83,8.29,239.6
2015-01-11 09:30:00,898200.0,984.75,2.67,277.05,-3.23,64.95,7.41,4.81,2.6,3.04,4.88,1241.39,3.31,6.87,230.8
2015-01-11 09:40:00,898800.0,984.87,2.75,277.11,-3.09,65.31,7.44,4.86,2.58,3.08,4.94,1241.18,2.92,6.57,242.0
2015-01-11 09:50:00,899400.0,985.06,2.9,277.25,-3.03,64.87,7.52,4.88,2.64,3.09,4.96,1240.74,3.66,6.49,247.2
2015-01-11 10:00:00,900000.0,985.25,3.02,277.35,-3.05,64.26,7.59,4.88,2.71,3.08,4.95,1240.44,3.72,7.05,235.2
2015-01-11 10:10:00,900600.0,985.31,3.11,277.44,-3.06,63.77,7.64,4.87,2.77,3.08,4.94,1240.11,4.0,8.05,246.9
2015-01-11 10:20:00,901200.0,985.28,3.23,277.57,-3.0,63.51,7.71,4.89,2.81,3.1,4.97,1239.5,3.58,8.21,241.0
2015-01-11 10:30:00,901800.0,985.32,3.35,277.69,-2.96,63.13,7.77,4.91,2.87,3.1,4.98,1239.0,4.54,9.29,241.4
2015-01-11 10:40:00,902400.0,985.38,3.48,277.8,-2.95,62.63,7.84,4.91,2.93,3.11,4.98,1238.53,4.91,10.77,236.5
2015-01-11 10:50:00,903000.0,985.35,3.79,278.12,-2.84,61.75,8.02,4.95,3.07,3.13,5.03,1237.05,5.64,9.21,235.8
2015-01-11 11:00:00,903600.0,985.4,3.97,278.3,-2.78,61.29,8.12,4.98,3.14,3.15,5.05,1236.32,5.05,10.59,240.6
2015-01-11 11:10:00,904200.0,985.54,4.15,278.47,-2.75,60.62,8.22,4.99,3.24,3.15,5.06,1235.67,4.95,8.53,242.0
2015-01-11 11:20:00,904800.0,985.54,3.95,278.26,-2.83,61.15,8.11,4.96,3.15,3.13,5.03,1236.61,5.31,10.65,237.4
2015-01-11 11:30:00,905400.0,985.71,3.96,278.26,-2.74,61.47,8.11,4.99,3.13,3.15,5.06,1236.74,5.42,9.21,244.2
2015-01-11 11:40:00,906000.0,985.93,4.06,278.35,-2.53,62.01,8.17,5.07,3.1,3.2,5.14,1236.53,5.21,9.81,240.6
2015-01-11 11:50:00,906600.0,986.12,4.08,278.35,-2.45,62.32,8.18,5.1,3.08,3.22,5.17,1236.67,3.04,7.13,226.8
2015-01-11 12:00:00,907200.0,986.24,3.99,278.25,-2.36,63.14,8.13,5.13,3.0,3.24,5.21,1237.2,3.21,8.17,226.6
2015-01-11 12:10:00,907800.0,986.39,3.94,278.19,-2.31,63.57,8.1,5.15,2.95,3.26,5.22,1237.59,4.64,7.73,233.0
2015-01-11 12:20:00,908400.0,986.51,3.98,278.22,-2.26,63.61,8.13,5.17,2.96,3.27,5.24,1237.56,3.57,7.05,228.3
2015-01-11 12:30:00,909000.0,986.65,4.18,278.4,-2.27,62.72,8.24,5.17,3.07,3.26,5.24,1236.88,3.62,10.77,239.3
2015-01-11 12:40:00,909600.0,986.75,4.2,278.42,-2.23,62.78,8.25,5.18,3.07,3.27,5.25,1236.87,4.41,11.34,229.3
2015-01-11 12:50:00,910200.0,986.79,4.06,278.27,-1.81,65.46,8.17,5.35,2.82,3.38,5.42,1237.5,4.32,7.85,234.3
2015-01-11 13:00:00,910800.0,986.84,4.11,278.32,-1.62,66.11,8.2,5.42,2.78,3.42,5.49,1237.28,4.16,9.11,234.5
2015-01-11 13:10:00,911400.0,986.81,4.03,278.25,-1.63,66.45,8.16,5.42,2.74,3.42,5.49,1237.59,5.08,10.03,243.0
2015-01-11 13:20:00,912000.0,986.79,3.91,278.12,-1.63,67.02,8.08,5.42,2.67,3.42,5.49,1238.13,3.99,7.85,238.0
2015-01-11 13:30:00,912600.0,986.85,4.21,278.42,-1.78,64.88,8.26,5.36,2.9,3.38,5.43,1236.88,4.6,9.17,241.2
2015-01-11 13:40:00,913200.0,986.85,4.23,278.44,-1.83,64.57,8.27,5.34,2.93,3.37,5.41,1236.81,5.13,9.55,244.7
2015-01-11 13:50:00,913800.0,986.68,4.0,278.22,-1.67,66.39,8.14,5.4,2.73,3.41,5.47,1237.59,4.96,9.37,238.6
2015-01-11 14:00:00,914400.0,986.69,4.33,278.56,-1.25,66.93,8.33,5.57,2.75,3.52,5.65,1236.04,4.0,7.41,231.3
2015-01-11 14:10:00,915000.0,986.68,4.11,278.33,-1.31,67.67,8.2,5.55,2.65,3.51,5.62,1237.03,4.44,7.73,233.1
2015-01-11 14:20:00,915600.0,986.73,3.74,277.96,-1.41,68.93,7.99,5.51,2.48,3.48,5.58,1238.77,3.74,7.25,233.9
2015-01-11 14:30:00,916200.0,986.78,3.7,277.91,-1.6,68.18,7.96,5.43,2.53,3.43,5.5,1239.05,3.85,8.53,235.4
2015-01-11 14:40:00,916800.0,986.86,4.01,278.22,-2.02,64.61,8.15,5.26,2.88,3.32,5.33,1237.82,2.86,7.53,231.5
2015-01-11 14:50:00,917400.0,986.99,4.14,278.34,-2.22,63.13,8.22,5.19,3.03,3.28,5.26,1237.45,7.24,14.3,249.8
2015-01-11 15:00:00,918000.0,987.09,4.11,278.3,-1.99,64.34,8.2,5.28,2.92,3.33,5.35,1237.66,4.55,9.09,243.7
2015-01-11 15:10:00,918600.0,987.8,3.47,277.6,-1.27,71.0,7.84,5.56,2.27,3.51,5.63,1241.31,5.35,9.49,270.6
2015-01-11 15:20:00,919200.0,988.08,1.51,275.61,-0.78,84.7,6.81,5.77,1.04,3.64,5.84,1250.42,4.05,8.15,257.4
2015-01-11 15:30:00,919800.0,988.24,0.89,274.98,-0.45,90.7,6.52,5.91,0.61,3.73,5.98,1253.36,2.69,6.05,260.5
2015-01-11 15:40:00,920400.0,988.19,0.85,274.94,-0.36,91.6,6.49,5.95,0.55,3.75,6.02,1253.49,1.88,3.89,251.4
2015-01-11 15:50:00,921000.0,988.25,0.8,274.89,-0.27,92.5,6.47,5.99,0.49,3.78,6.06,1253.76,2.57,5.37,252.0
2015-01-11 16:00:00,921600.0,988.25,0.9,274.99,-0.17,92.5,6.52,6.03,0.49,3.81,6.1,1253.27,2.35,5.29,244.4
2015-01-11 16:10:00,922200.0,988.26,1.09,275.17,-0.09,91.8,6.61,6.07,0.54,3.83,6.14,1252.42,2.28,5.73,246.9
2015-01-11 16:20:00,922800.0,988.41,1.35,275.43,-0.16,89.6,6.74,6.04,0.7,3.81,6.11,1251.42,3.78,7.41,239.9
2015-01-11 16:30:00,923400.0,988.51,1.46,275.53,-0.3,88.0,6.79,5.98,0.81,3.77,6.05,1251.06,3.08,5.57,232.5
2015-01-11 16:40:00,924000.0,988.7,1.52,275.57,-0.39,87.1,6.82,5.94,0.88,3.74,6.01,1251.08,2.7,4.81,240.4
2015-01-11 16:50:00,924600.0,988.76,1.53,275.58,-0.5,86.3,6.82,5.89,0.93,3.71,5.96,1251.12,3.48,6.57,246.7
2015-01-11 17:00:00,925200.0,988.92,1.6,275.64,-0.51,85.8,6.86,5.88,0.97,3.71,5.95,1251.0,3.55,8.69,233.3
2015-01-11 17:10:00,925800.0,988.86,1.69,275.73,-0.47,85.5,6.9,5.9,1.0,3.72,5.97,1250.5,3.77,7.57,241.1
2015-01-11 17:20:00,926400.0,988.98,1.73,275.76,-0.45,85.4,6.92,5.91,1.01,3.73,5.98,1250.48,3.18,6.81,235.7
2015-01-11 17:30:00,927000.0,988.99,1.91,275.95,-0.52,83.8,7.01,5.88,1.14,3.71,5.94,1249.67,3.63,6.77,237.6
2015-01-11 17:40:00,927600.0,989.15,2.15,276.17,-0.69,81.4,7.13,5.81,1.33,3.66,5.87,1248.84,3.99,9.69,254.0
2015-01-11 17:50:00,928200.0,989.26,2.33,276.34,-0.74,80.1,7.23,5.79,1.44,3.65,5.85,1248.18,3.87,7.29,243.8
2015-01-11 18:00:00,928800.0,989.18,2.46,276.48,-0.76,79.2,7.3,5.78,1.52,3.64,5.84,1247.47,3.86,8.21,249.5
2015-01-11 18:10:00,929400.0,989.17,2.58,276.6,-0.89,77.8,7.36,5.72,1.63,3.61,5.79,1246.96,4.68,9.45,251.9
2015-01-11 18:20:00,930000.0,989.2,2.64,276.65,-0.92,77.3,7.39,5.71,1.68,3.6,5.77,1246.74,4.39,7.43,243.5
2015-01-11 18:30:00,930600.0,989.25,2.66,276.68,-0.93,77.1,7.4,5.71,1.69,3.6,5.77,1246.68,4.11,8.01,247.3
2015-01-11 18:40:00,931200.0,989.36,2.67,276.67,-0.93,77.1,7.4,5.71,1.7,3.6,5.77,1246.81,4.11,6.93,246.6
2015-01-11 18:50:00,931800.0,989.47,2.68,276.68,-0.91,77.1,7.41,5.71,1.7,3.6,5.77,1246.87,4.1,7.07,250.5
2015-01-11 19:00:00,932400.0,989.56,2.8,276.79,-1.01,75.9,7.47,5.67,1.8,3.57,5.73,1246.48,4.59,11.09,245.4
2015-01-11 19:10:00,933000.0,989.65,2.93,276.91,-1.12,74.6,7.54,5.63,1.92,3.54,5.68,1246.04,3.92,8.25,257.9
2015-01-11 19:20:00,933600.0,989.81,3.0,276.97,-1.15,74.1,7.58,5.62,1.96,3.54,5.67,1245.93,4.02,7.49,252.1
2015-01-11 19:30:00,934200.0,989.87,3.0,276.97,-1.11,74.3,7.58,5.63,1.95,3.55,5.69,1245.98,3.69,7.65,248.6
2015-01-11 19:40:00,934800.0,989.91,3.11,277.07,-0.97,74.5,7.64,5.69,1.95,3.58,5.75,1245.53,4.22,9.49,249.7
2015-01-11 19:50:00,935400.0,989.89,3.16,277.13,-0.93,74.4,7.67,5.71,1.96,3.59,5.76,1245.24,4.87,10.87,246.3
2015-01-11 20:00:00,936000.0,990.0,3.29,277.25,-0.89,73.9,7.74,5.72,2.02,3.6,5.78,1244.78,4.6,8.93,248.3
2015-01-11 20:10:00,936600.0,990.05,3.44,277.39,-0.86,73.3,7.82,5.73,2.09,3.61,5.79,1244.18,4.06,6.85,247.0
2015-01-11 20:20:00,937200.0,990.17,3.47,277.41,-0.86,73.2,7.84,5.74,2.1,3.61,5.79,1244.21,3.5,7.45,241.1
2015-01-11 20:30:00,937800.0,990.19,3.53,277.47,-0.84,73.0,7.87,5.75,2.13,3.62,5.8,1243.95,3.8,7.37,242.3
2015-01-11 20:40:00,938400.0,990.14,3.56,277.5,-0.81,73.0,7.89,5.76,2.13,3.62,5.81,1243.76,3.86,6.97,239.3
2015-01-11 20:50:00,939000.0,990.28,3.55,277.48,-0.83,72.9,7.88,5.75,2.14,3.62,5.8,1243.97,4.23,8.29,249.6
2015-01-11 21:00:00,939600.0,990.28,3.54,277.47,-0.83,73.0,7.87,5.75,2.13,3.62,5.8,1244.03,3.88,7.93,240.7
2015-01-11 21:10:00,940200.0,990.44,3.57,277.49,-0.87,72.6,7.89,5.73,2.16,3.61,5.79,1244.09,3.42,6.35,241.1
2015-01-11 21:20:00,940800.0,990.53,3.67,277.58,-0.81,72.4,7.95,5.75,2.19,3.62,5.81,1243.75,4.11,7.55,247.9
2015-01-11 21:30:00,941400.0,990.55,3.6,277.51,-0.68,73.5,7.91,5.81,2.1,3.66,5.87,1244.07,3.29,6.61,238.3
2015-01-11 21:40:00,942000.0,990.61,3.53,277.44,-0.66,73.9,7.87,5.82,2.05,3.66,5.87,1244.42,3.56,8.25,237.7
2015-01-11 21:50:00,942600.0,990.58,3.68,277.59,-0.75,72.7,7.95,5.78,2.17,3.64,5.84,1243.75,3.37,8.33,234.6
2015-01-11 22:00:00,943200.0,990.58,3.82,277.73,-0.86,71.4,8.03,5.74,2.3,3.61,5.79,1243.14,4.16,8.09,243.0
2015-01-11 22:10:00,943800.0,990.74,3.87,277.77,-0.85,71.2,8.06,5.74,2.32,3.61,5.79,1243.12,4.03,7.11,241.6
2015-01-11 22:20:00,944400.0,990.93,3.81,277.69,-0.7,72.3,8.03,5.8,2.22,3.65,5.86,1243.59,4.39,8.71,240.7
2015-01-11 22:30:00,945000.0,991.03,3.69,277.56,-0.59,73.5,7.96,5.85,2.11,3.68,5.9,1244.25,4.67,8.37,246.4
2015-01-11 22:40:00,945600.0,990.94,3.7,277.58,-0.63,73.2,7.97,5.83,2.13,3.67,5.88,1244.09,3.99,8.89,237.3
2015-01-11 22:50:00,946200.0,990.92,3.78,277.66,-0.71,72.4,8.01,5.8,2.21,3.65,5.85,1243.73,3.78,9.17,242.3
2015-01-11 23:00:00,946800.0,990.94,3.9,277.78,-0.7,71.8,8.08,5.8,2.28,3.65,5.85,1243.2,3.5,7.21,236.5
2015-01-11 23:10:00,947400.0,990.95,4.0,277.88,-0.63,71.7,8.14,5.83,2.3,3.67,5.89,1242.75,3.66,7.53,239.2
2015-01-11 23:20:00,948000.0,991.13,3.92,277.79,-0.47,72.9,8.09,5.9,2.19,3.71,5.95,1243.29,4.48,8.49,243.7
2015-01-11 23:30:00,948600.0,991.32,3.96,277.82,-0.47,72.7,8.12,5.9,2.22,3.71,5.95,1243.34,4.45,10.21,248.2
2015-01-11 23:40:00,949200.0,991.48,4.0,277.84,-0.38,73.0,8.14,5.94,2.2,3.74,5.99,1243.36,4.34,8.85,246.8
2015-01-11 23:50:00,949800.0,991.5,4.08,277.92,-0.34,72.8,8.18,5.96,2.23,3.75,6.01,1243.01,3.93,8.29,238.3
2015-01-12 00:00:00,950400.0,991.43,4.14,277.98,-0.41,72.1,8.22,5.93,2.29,3.73,5.98,1242.67,4.33,8.41,245.8
2015-01-12 00:10:00,951000.0,991.45,4.2,278.04,-0.48,71.5,8.25,5.9,2.35,3.71,5.95,1242.46,4.27,8.01,254.4
2015-01-12 00:20:00,951600.0,991.6,4.18,278.01,-0.47,71.6,8.24,5.9,2.34,3.71,5.95,1242.73,3.97,6.97,244.4
2015-01-12 00:30:00,952200.0,991.71,4.29,278.11,-0.46,71.1,8.31,5.91,2.4,3.71,5.96,1242.35,4.14,7.69,252.8
2015-01-12 00:40:00,952800.0,991.7,4.32,278.14,-0.43,71.1,8.32,5.92,2.41,3.72,5.97,1242.21,4.41,8.49,245.0
2015-01-12 00:50:00,953400.0,991.81,4.36,278.17,-0.42,71.0,8.34,5.92,2.42,3.72,5.97,1242.19,3.8,9.25,245.8
2015-01-12 01:00:00,954000.0,991.92,4.38,278.18,-0.43,70.8,8.36,5.92,2.44,3.72,5.97,1242.22,4.29,8.35,247.0
2015-01-12 01:10:00,954600.0,991.97,4.4,278.2,-0.38,71.0,8.37,5.94,2.43,3.73,5.99,1242.18,3.29,6.97,247.3
2015-01-12 01:20:00,955200.0,992.06,4.4,278.19,-0.34,71.2,8.37,5.96,2.41,3.74,6.01,1242.29,3.7,6.77,227.7
2015-01-12 01:30:00,955800.0,991.99,4.39,278.19,-0.31,71.4,8.37,5.97,2.39,3.75,6.02,1242.23,3.44,6.77,239.1
2015-01-12 01:40:00,956400.0,992.0,4.4,278.19,-0.32,71.3,8.37,5.97,2.4,3.75,6.01,1242.23,2.88,7.05,239.8
2015-01-12 01:50:00,957000.0,992.09,4.4,278.19,-0.38,71.0,8.37,5.94,2.43,3.73,5.99,1242.33,2.95,6.09,241.8
2015-01-12 02:00:00,957600.0,992.22,4.49,278.27,-0.35,70.7,8.42,5.96,2.47,3.74,6.0,1242.08,3.6,6.49,244.0
2015-01-12 02:10:00,958200.0,992.24,4.53,278.31,-0.29,70.8,8.45,5.98,2.47,3.76,6.03,1241.91,3.35,5.65,228.5
2015-01-12 02:20:00,958800.0,992.38,4.54,278.3,-0.21,71.2,8.45,6.02,2.43,3.78,6.06,1242.06,3.2,7.29,227.7
2015-01-12 02:30:00,959400.0,992.41,4.53,278.3,-0.11,71.7,8.45,6.06,2.39,3.81,6.1,1242.08,3.05,5.57,241.3
2015-01-12 02:40:00,960000.0,992.33,4.47,278.24,0.01,72.7,8.41,6.11,2.3,3.84,6.16,1242.25,2.75,7.17,230.1
2015-01-12 02:50:00,960600.0,992.28,4.48,278.26,0.09,73.0,8.42,6.15,2.27,3.86,6.19,1242.1,2.42,6.13,235.0
2015-01-12 03:00:00,961200.0,992.31,4.57,278.34,0.24,73.4,8.47,6.22,2.25,3.91,6.26,1241.73,2.82,5.45,244.6
2015-01-12 03:10:00,961800.0,992.22,4.6,278.38,0.38,74.0,8.49,6.28,2.21,3.95,6.33,1241.46,3.66,8.53,235.0
2015-01-12 03:20:00,962400.0,992.27,4.58,278.36,0.48,74.6,8.48,6.32,2.15,3.97,6.37,1241.56,2.74,5.45,226.5
2015-01-12 03:30:00,963000.0,992.27,4.6,278.38,0.53,74.8,8.49,6.35,2.14,3.99,6.4,1241.46,2.58,4.85,224.3
2015-01-12 03:40:00,963600.0,992.27,4.54,278.32,0.66,75.8,8.45,6.41,2.05,4.03,6.46,1241.71,2.44,4.49,220.2
2015-01-12 03:50:00,964200.0,992.23,4.48,278.26,0.74,76.6,8.42,6.45,1.97,4.05,6.5,1241.91,2.57,5.67,221.1
2015-01-12 04:00:00,964800.0,992.31,4.55,278.32,0.79,76.5,8.46,6.47,1.99,4.06,6.52,1241.71,1.76,3.41,220.3
2015-01-12 04:10:00,965400.0,992.28,4.66,278.44,0.78,75.8,8.53,6.46,2.06,4.06,6.51,1241.15,2.88,5.37,222.9
2015-01-12 04:20:00,966000.0,992.33,4.79,278.56,0.81,75.3,8.6,6.48,2.12,4.07,6.53,1240.64,2.13,4.25,223.5
2015-01-12 04:30:00,966600.0,992.39,4.83,278.6,0.83,75.2,8.63,6.49,2.14,4.08,6.54,1240.54,1.74,3.32,220.7
2015-01-12 04:40:00,967200.0,992.31,4.82,278.59,0.85,75.4,8.62,6.5,2.12,4.08,6.55,1240.48,2.47,5.29,221.3
2015-01-12 04:50:00,967800.0,992.23,4.81,278.59,0.9,75.7,8.61,6.52,2.09,4.1,6.57,1240.43,2.76,5.41,222.4
2015-01-12 05:00:00,968400.0,992.24,4.85,278.63,0.94,75.7,8.64,6.54,2.1,4.11,6.59,1240.23,3.15,5.97,211.8
2015-01-12 05:10:00,969000.0,992.23,4.84,278.62,0.95,75.8,8.63,6.54,2.09,4.11,6.6,1240.25,5.09,8.41,209.8
2015-01-12 05:20:00,969600.0,992.27,4.86,278.64,0.91,75.5,8.64,6.53,2.12,4.1,6.58,1240.23,5.14,8.53,209.3
2015-01-12 05:30:00,970200.0,992.09,4.78,278.57,0.94,76.1,8.59,6.54,2.05,4.11,6.59,1240.36,5.28,7.85,209.5
2015-01-12 05:40:00,970800.0,991.92,4.72,278.52,0.94,76.4,8.56,6.54,2.02,4.11,6.59,1240.43,5.16,7.25,205.6
2015-01-12 05:50:00,971400.0,991.76,4.7,278.52,0.96,76.6,8.55,6.55,2.0,4.12,6.6,1240.28,6.09,8.81,211.6
2015-01-12 06:00:00,972000.0,991.7,4.67,278.5,0.99,76.9,8.53,6.56,1.97,4.13,6.62,1240.33,4.87,7.41,212.5
2015-01-12 06:10:00,972600.0,991.62,4.67,278.5,1.0,77.0,8.53,6.57,1.96,4.13,6.62,1240.25,4.28,6.89,207.8
2015-01-12 06:20:00,973200.0,991.52,4.67,278.51,0.98,76.9,8.53,6.56,1.97,4.12,6.61,1240.13,4.62,6.81,210.2
2015-01-12 06:30:00,973800.0,991.51,4.65,278.49,1.0,77.1,8.52,6.57,1.95,4.13,6.62,1240.21,4.62,7.65,208.9
2015-01-12 06:40:00,974400.0,991.35,4.6,278.45,1.02,77.5,8.49,6.58,1.91,4.14,6.63,1240.22,5.12,7.55,205.2
2015-01-12 06:50:00,975000.0,991.18,4.59,278.45,1.06,77.8,8.48,6.6,1.88,4.15,6.66,1240.06,5.77,8.17,209.0
2015-01-12 07:00:00,975600.0,991.27,4.64,278.5,1.1,77.7,8.51,6.61,1.9,4.16,6.67,1239.92,5.03,7.95,210.2
2015-01-12 07:10:00,976200.0,991.32,4.7,278.55,1.13,77.6,8.54,6.63,1.91,4.17,6.69,1239.72,5.01,7.17,210.0
2015-01-12 07:20:00,976800.0,991.25,4.79,278.64,1.18,77.4,8.6,6.66,1.94,4.19,6.71,1239.22,5.13,7.37,209.6
2015-01-12 07:30:00,977400.0,991.26,4.84,278.69,1.23,77.4,8.63,6.68,1.95,4.2,6.74,1239.0,4.18,6.41,211.5
2015-01-12 07:40:00,978000.0,991.33,4.92,278.77,1.29,77.3,8.68,6.71,1.97,4.22,6.77,1238.72,4.39,7.17,207.3
2015-01-12 07:50:00,978600.0,991.27,5.0,278.86,1.34,77.1,8.73,6.73,2.0,4.23,6.79,1238.25,5.38,10.21,214.0
2015-01-12 08:00:00,979200.0,991.07,5.04,278.91,1.37,77.1,8.75,6.75,2.0,4.25,6.81,1237.84,6.76,10.13,209.5
2015-01-12 08:10:00,979800.0,990.97,5.02,278.9,1.35,77.1,8.74,6.74,2.0,4.24,6.8,1237.81,7.86,11.42,209.6
2015-01-12 08:20:00,980400.0,991.17,5.0,278.87,1.38,77.3,8.73,6.75,1.98,4.25,6.81,1238.11,7.29,10.65,211.5
2015-01-12 08:30:00,981000.0,991.37,4.94,278.79,1.39,77.7,8.69,6.76,1.94,4.25,6.81,1238.62,5.8,9.61,207.6
2015-01-12 08:40:00,981600.0,991.17,4.95,278.82,1.43,77.9,8.7,6.78,1.92,4.26,6.84,1238.32,6.44,9.99,202.5
2015-01-12 08:50:00,982200.0,991.19,5.03,278.89,1.47,77.7,8.75,6.8,1.95,4.28,6.86,1238.0,7.33,10.05,208.5
2015-01-12 09:00:00,982800.0,991.06,5.09,278.97,1.55,77.8,8.78,6.83,1.95,4.3,6.9,1237.54,7.94,11.86,204.1
2015-01-12 09:10:00,983400.0,991.09,5.16,279.03,1.6,77.7,8.82,6.86,1.97,4.31,6.92,1237.28,7.4,10.79,207.6
2015-01-12 09:20:00,984000.0,990.95,5.22,279.1,1.62,77.5,8.86,6.87,1.99,4.32,6.93,1236.82,6.91,10.25,204.5
2015-01-12 09:30:00,984600.0,990.9,5.28,279.17,1.59,77.0,8.9,6.86,2.05,4.31,6.92,1236.48,6.64,10.37,208.7
2015-01-12 09:40:00,985200.0,990.78,5.34,279.23,1.54,76.4,8.94,6.83,2.11,4.3,6.89,1236.1,6.34,10.73,208.4
2015-01-12 09:50:00,985800.0,990.77,5.41,279.31,1.54,76.0,8.98,6.83,2.16,4.3,6.89,1235.76,8.18,11.5,209.8
2015-01-12 10:00:00,986400.0,990.85,5.48,279.37,1.53,75.6,9.02,6.82,2.2,4.29,6.88,1235.57,8.59,11.6,210.5
2015-01-12 10:10:00,987000.0,991.01,5.54,279.42,1.57,75.5,9.06,6.84,2.22,4.31,6.9,1235.5,7.57,10.49,208.5
2015-01-12 10:20:00,987600.0,991.06,5.57,279.44,1.56,75.3,9.08,6.84,2.24,4.3,6.9,1235.43,8.25,11.42,210.2
2015-01-12 10:30:00,988200.0,991.22,5.6,279.47,1.59,75.3,9.1,6.86,2.25,4.31,6.92,1235.46,7.88,11.9,213.0
2015-01-12 10:40:00,988800.0,991.25,5.57,279.43,1.61,75.6,9.08,6.86,2.22,4.32,6.93,1235.65,8.33,10.85,210.1
2015-01-12 10:50:00,989400.0,991.2,5.54,279.4,1.69,76.2,9.06,6.9,2.16,4.34,6.97,1235.7,7.59,10.33,207.2
2015-01-12 11:00:00,990000.0,991.01,5.53,279.41,1.79,76.8,9.05,6.95,2.1,4.38,7.02,1235.49,7.53,10.37,205.6
2015-01-12 11:10:00,990600.0,990.84,5.54,279.43,1.77,76.6,9.06,6.94,2.12,4.37,7.01,1235.24,8.11,11.58,207.3
2015-01-12 11:20:00,991200.0,990.73,5.54,279.44,1.77,76.6,9.06,6.94,2.12,4.37,7.01,1235.1,6.71,9.73,206.5
2015-01-12 11:30:00,991800.0,990.66,5.54,279.45,1.8,76.8,9.06,6.96,2.1,4.38,7.02,1235.0,7.03,10.41,207.9
2015-01-12 11:40:00,992400.0,990.59,5.54,279.45,1.88,77.2,9.06,7.0,2.07,4.4,7.06,1234.9,7.03,10.65,208.3
2015-01-12 11:50:00,993000.0,990.68,5.54,279.44,1.95,77.6,9.06,7.03,2.03,4.43,7.1,1234.99,7.31,11.17,210.5
2015-01-12 12:00:00,993600.0,990.51,5.49,279.41,1.94,77.8,9.03,7.03,2.01,4.43,7.1,1234.97,8.17,11.42,210.5
2015-01-12 12:10:00,994200.0,990.25,5.46,279.4,1.98,78.2,9.01,7.05,1.96,4.44,7.12,1234.8,8.34,13.34,209.4
2015-01-12 12:20:00,994800.0,989.84,5.4,279.38,2.01,78.7,8.98,7.07,1.91,4.45,7.14,1234.52,8.89,13.94,206.4
2015-01-12 12:30:00,995400.0,989.8,5.44,279.42,2.03,78.6,9.0,7.07,1.93,4.46,7.15,1234.31,8.57,12.42,208.0
2015-01-12 12:40:00,996000.0,989.82,5.55,279.52,2.01,77.9,9.07,7.06,2.0,4.45,7.14,1233.85,7.92,12.3,213.4
2015-01-12 12:50:00,996600.0,989.98,5.66,279.62,1.99,77.2,9.14,7.06,2.08,4.44,7.13,1233.57,7.77,10.85,214.3
2015-01-12 13:00:00,997200.0,989.95,5.67,279.64,1.9,76.6,9.15,7.01,2.14,4.41,7.08,1233.5,7.35,9.29,209.2
2015-01-12 13:10:00,997800.0,989.55,5.62,279.61,1.81,76.4,9.11,6.96,2.15,4.39,7.04,1233.26,7.8,10.65,209.6
2015-01-12 13:20:00,998400.0,989.22,5.66,279.68,1.76,75.9,9.14,6.94,2.2,4.37,7.01,1232.68,8.29,11.62,209.0
2015-01-12 13:30:00,999000.0,989.06,5.73,279.77,1.7,75.2,9.19,6.91,2.28,4.36,6.98,1232.17,8.12,11.46,210.8
2015-01-12 13:40:00,999600.0,989.0,5.74,279.78,1.67,75.0,9.19,6.89,2.3,4.35,6.97,1232.07,8.52,11.13,212.5
2015-01-12 13:50:00,1000200.0,988.97,5.77,279.81,1.64,74.7,9.21,6.88,2.33,4.34,6.95,1231.91,8.42,11.42,210.4
2015-01-12 14:00:00,1000800.0,989.13,5.85,279.88,1.61,74.1,9.26,6.86,2.4,4.33,6.94,1231.75,8.77,12.72,212.5
2015-01-12 14:10:00,1001400.0,989.1,5.9,279.93,1.6,73.8,9.29,6.86,2.43,4.32,6.93,1231.52,7.74,10.29,206.3
2015-01-12 14:20:00,1002000.0,989.14,5.94,279.97,1.58,73.5,9.32,6.85,2.47,4.32,6.92,1231.38,7.22,11.66,207.3
2015-01-12 14:30:00,1002600.0,989.17,5.98,280.01,1.56,73.2,9.34,6.84,2.5,4.31,6.91,1231.26,7.11,9.57,207.9
2015-01-12 14:40:00,1003200.0,989.05,6.0,280.04,1.55,73.0,9.36,6.83,2.53,4.31,6.91,1230.98,7.2,12.38,209.4
2015-01-12 14:50:00,1003800.0,988.94,6.05,280.1,1.52,72.6,9.39,6.82,2.57,4.3,6.89,1230.65,7.75,11.98,204.3
2015-01-12 15:00:00,1004400.0,988.95,6.07,280.12,1.48,72.3,9.4,6.8,2.6,4.29,6.88,1230.58,7.85,11.54,207.7
2015-01-12 15:10:00,1005000.0,988.84,6.07,280.13,1.48,72.3,9.4,6.8,2.6,4.29,6.88,1230.45,8.95,12.14,209.4
2015-01-12 15:20:00,1005600.0,988.77,6.07,280.13,1.44,72.1,9.4,6.78,2.62,4.28,6.86,1230.37,8.86,14.14,210.3
2015-01-12 15:30:00,1006200.0,988.82,6.07,280.13,1.38,71.8,9.4,6.75,2.65,4.26,6.83,1230.44,9.08,12.5,211.9
2015-01-12 15:40:00,1006800.0,988.74,6.14,280.21,1.3,71.0,9.45,6.71,2.74,4.23,6.79,1230.04,8.6,12.34,213.0
2015-01-12 15:50:00,1007400.0,988.86,6.21,280.27,1.23,70.3,9.5,6.68,2.82,4.21,6.75,1229.9,8.72,13.34,212.2
2015-01-12 16:00:00,1008000.0,988.95,6.27,280.32,1.15,69.61,9.54,6.64,2.9,4.19,6.71,1229.78,8.32,11.94,211.3
2015-01-12 16:10:00,1008600.0,988.98,6.27,280.32,1.05,69.15,9.54,6.59,2.94,4.16,6.67,1229.84,8.43,11.42,213.0
2015-01-12 16:20:00,1009200.0,988.99,6.32,280.37,0.96,68.46,9.57,6.55,3.02,4.13,6.62,1229.65,8.8,13.1,211.5
2015-01-12 16:30:00,1009800.0,989.1,6.27,280.31,0.96,68.68,9.54,6.55,2.99,4.13,6.62,1230.0,8.03,13.46,210.6
2015-01-12 16:40:00,1010400.0,989.07,6.22,280.26,0.97,69.0,9.5,6.56,2.95,4.13,6.63,1230.2,8.12,12.22,210.6
2015-01-12 16:50:00,1011000.0,988.95,6.16,280.21,1.01,69.48,9.46,6.57,2.89,4.14,6.65,1230.31,8.1,13.06,209.5
2015-01-12 17:00:00,1011600.0,988.91,6.07,280.12,1.03,70.0,9.4,6.58,2.82,4.15,6.66,1230.64,8.54,11.86,210.7
2015-01-12 17:10:00,1012200.0,988.82,6.01,280.07,1.07,70.5,9.37,6.6,2.76,4.16,6.68,1230.77,9.18,14.8,213.1
2015-01-12 17:20:00,1012800.0,988.79,5.94,280.0,1.1,71.0,9.32,6.62,2.7,4.17,6.69,1231.04,8.78,13.0,211.8
2015-01-12 17:30:00,1013400.0,988.82,5.94,280.0,1.14,71.2,9.32,6.63,2.68,4.18,6.71,1231.09,8.96,12.42,215.4
2015-01-12 17:40:00,1014000.0,988.87,5.91,279.97,1.16,71.4,9.3,6.64,2.66,4.19,6.72,1231.25,8.8,12.54,217.0
2015-01-12 17:50:00,1014600.0,988.83,5.87,279.93,1.17,71.7,9.28,6.65,2.63,4.19,6.73,1231.37,8.92,11.96,214.9
2015-01-12 18:00:00,1015200.0,988.86,5.89,279.94,1.21,71.8,9.28,6.67,2.62,4.2,6.74,1231.35,8.78,12.82,216.6
2015-01-12 18:10:00,1015800.0,988.86,5.94,279.99,1.23,71.7,9.32,6.68,2.64,4.21,6.76,1231.12,9.0,11.66,215.5
2015-01-12 18:20:00,1016400.0,988.99,5.97,280.01,1.24,71.6,9.34,6.68,2.65,4.21,6.76,1231.15,8.9,11.38,217.1
2015-01-12 18:30:00,1017000.0,989.12,6.0,280.04,1.26,71.5,9.36,6.69,2.67,4.22,6.77,1231.14,8.59,12.98,213.8
2015-01-12 18:40:00,1017600.0,989.01,6.01,280.05,1.27,71.5,9.36,6.69,2.67,4.22,6.77,1230.98,8.9,11.98,211.9
2015-01-12 18:50:00,1018200.0,988.87,6.07,280.13,1.27,71.2,9.41,6.7,2.71,4.22,6.77,1230.52,9.56,12.5,212.0
2015-01-12 19:00:00,1018800.0,988.81,6.07,280.13,1.27,71.2,9.4,6.7,2.71,4.22,6.77,1230.46,8.26,11.09,210.5
2015-01-12 19:10:00,1019400.0,988.68,6.05,280.12,1.26,71.3,9.39,6.69,2.69,4.22,6.77,1230.4,7.9,10.37,209.0
2015-01-12 19:20:00,1020000.0,988.63,6.0,280.08,1.34,71.9,9.36,6.73,2.63,4.24,6.81,1230.52,9.06,11.9,209.2
2015-01-12 19:30:00,1020600.0,988.74,5.92,279.99,1.41,72.7,9.31,6.77,2.54,4.27,6.84,1230.99,8.13,10.89,211.5
2015-01-12 19:40:00,1021200.0,988.83,5.88,279.94,1.49,73.3,9.28,6.8,2.48,4.29,6.88,1231.27,7.76,10.17,214.4
2015-01-12 19:50:00,1021800.0,988.75,5.91,279.97,1.57,73.6,9.3,6.84,2.45,4.32,6.92,1231.03,7.26,10.45,212.0
2015-01-12 20:00:00,1022400.0,988.78,6.02,280.09,1.68,73.6,9.37,6.9,2.47,4.35,6.98,1230.53,8.04,11.46,216.1
2015-01-12 20:10:00,1023000.0,989.01,6.14,280.18,1.79,73.6,9.45,6.95,2.49,4.38,7.03,1230.3,6.4,10.45,218.2
2015-01-12 20:20:00,1023600.0,988.88,6.2,280.26,1.84,73.5,9.49,6.98,2.51,4.4,7.05,1229.83,7.76,12.16,213.2
2015-01-12 20:30:00,1024200.0,988.67,6.28,280.35,1.87,73.3,9.54,6.99,2.55,4.41,7.07,1229.24,7.88,11.58,210.4
2015-01-12 20:40:00,1024800.0,988.68,6.32,280.39,1.93,73.4,9.57,7.02,2.55,4.43,7.1,1229.04,7.31,10.61,210.7
2015-01-12 20:50:00,1025400.0,988.69,6.36,280.43,1.96,73.4,9.59,7.04,2.55,4.44,7.12,1228.89,7.1,10.05,209.2
2015-01-12 21:00:00,1026000.0,988.71,6.43,280.49,2.01,73.3,9.64,7.06,2.57,4.46,7.15,1228.6,7.68,11.5,213.3
2015-01-12 21:10:00,1026600.0,988.59,6.46,280.53,2.06,73.4,9.66,7.09,2.57,4.47,7.17,1228.3,7.25,10.97,213.8
2015-01-12 21:20:00,1027200.0,988.68,6.47,280.54,2.11,73.6,9.67,7.12,2.55,4.49,7.2,1228.34,6.37,9.77,212.5
2015-01-12 21:30:00,1027800.0,988.84,6.52,280.58,2.16,73.6,9.7,7.14,2.56,4.5,7.22,1228.29,6.78,10.53,216.0
2015-01-12 21:40:00,1028400.0,988.72,6.54,280.61,2.18,73.6,9.71,7.15,2.56,4.51,7.23,1228.07,6.14,11.13,211.0
2015-01-12 21:50:00,1029000.0,988.6,6.46,280.54,2.18,74.0,9.66,7.15,2.51,4.51,7.23,1228.27,6.51,9.97,208.5
2015-01-12 22:00:00,1029600.0,988.72,6.4,280.46,2.23,74.6,9.62,7.17,2.44,4.53,7.26,1228.69,7.13,10.17,213.0
2015-01-12 22:10:00,1030200.0,988.6,6.4,280.48,2.23,74.6,9.62,7.18,2.44,4.53,7.26,1228.51,8.07,11.34,214.5
2015-01-12 22:20:00,1030800.0,988.32,6.4,280.5,2.18,74.3,9.62,7.15,2.47,4.51,7.24,1228.16,10.29,13.02,211.3
2015-01-12 22:30:00,1031400.0,988.45,6.42,280.51,2.16,74.1,9.63,7.14,2.49,4.5,7.22,1228.27,9.78,12.42,210.9
2015-01-12 22:40:00,1032000.0,988.61,6.41,280.48,2.15,74.1,9.63,7.13,2.49,4.5,7.21,1228.52,8.66,12.1,211.6
2015-01-12 22:50:00,1032600.0,988.68,6.4,280.48,2.16,74.2,9.62,7.14,2.48,4.5,7.22,1228.62,7.94,10.71,209.6
2015-01-12 23:00:00,1033200.0,988.61,6.44,280.51,2.17,74.1,9.64,7.15,2.5,4.51,7.23,1228.39,8.52,11.7,208.6
2015-01-12 23:10:00,1033800.0,988.51,6.51,280.6,2.19,73.8,9.7,7.16,2.54,4.52,7.24,1227.92,8.59,13.86,206.3
2015-01-12 23:20:00,1034400.0,988.45,6.56,280.65,2.16,73.4,9.73,7.14,2.59,4.5,7.22,1227.66,8.97,13.9,207.8
2015-01-12 23:30:00,1035000.0,988.35,6.61,280.71,2.19,73.3,9.76,7.16,2.61,4.52,7.24,1227.28,8.36,11.74,206.3
2015-01-12 23:40:00,1035600.0,988.34,6.68,280.78,2.17,72.8,9.81,7.14,2.67,4.51,7.23,1226.96,9.25,12.26,208.2
2015-01-12 23:50:00,1036200.0,988.38,6.74,280.84,2.15,72.4,9.85,7.13,2.72,4.5,7.22,1226.76,8.26,12.38,207.4
2015-01-13 00:00:00,1036800.0,988.43,6.8,280.9,2.17,72.2,9.89,7.14,2.75,4.51,7.23,1226.55,8.11,11.42,207.1
2015-01-13 00:10:00,1037400.0,988.37,6.82,280.92,2.18,72.2,9.9,7.15,2.75,4.51,7.23,1226.41,8.06,10.77,204.0
2015-01-13 00:20:00,1038000.0,988.27,6.87,280.98,2.21,72.1,9.94,7.17,2.77,4.52,7.25,1226.05,7.69,11.96,204.0
2015-01-13 00:30:00,1038600.0,988.12,6.91,281.03,2.23,72.0,9.96,7.17,2.79,4.53,7.26,1225.69,7.81,11.66,208.0
2015-01-13 00:40:00,1039200.0,988.02,6.96,281.09,2.22,71.7,10.0,7.17,2.83,4.53,7.26,1225.35,7.37,12.02,206.6
2015-01-13 00:50:00,1039800.0,987.76,7.05,281.2,2.27,71.5,10.06,7.19,2.87,4.54,7.28,1224.61,9.78,12.48,207.6
2015-01-13 01:00:00,1040400.0,987.72,7.07,281.22,2.23,71.2,10.08,7.17,2.9,4.53,7.26,1224.49,8.98,13.78,207.3
2015-01-13 01:10:00,1041000.0,987.85,7.11,281.25,2.25,71.1,10.1,7.18,2.92,4.54,7.27,1224.47,8.08,11.58,204.3
2015-01-13 01:20:00,1041600.0,987.76,7.08,281.23,2.2,71.0,10.08,7.16,2.92,4.52,7.25,1224.5,8.89,11.38,207.3
2015-01-13 01:30:00,1042200.0,987.67,7.08,281.24,2.16,70.8,10.08,7.14,2.94,4.51,7.23,1224.4,9.08,12.26,209.6
2015-01-13 01:40:00,1042800.0,987.54,7.08,281.25,2.14,70.7,10.08,7.13,2.95,4.5,7.22,1224.24,10.38,13.5,209.8
2015-01-13 01:50:00,1043400.0,987.52,7.08,281.25,2.1,70.5,10.08,7.11,2.97,4.49,7.2,1224.23,10.63,14.26,210.2
2015-01-13 02:00:00,1044000.0,987.71,7.09,281.24,2.13,70.6,10.09,7.12,2.97,4.5,7.21,1224.41,9.52,12.9,210.1
2015-01-13 02:10:00,1044600.0,987.73,7.18,281.33,2.13,70.2,10.15,7.13,3.03,4.5,7.22,1224.04,9.35,13.46,208.1
2015-01-13 02:20:00,1045200.0,987.73,7.23,281.38,2.16,70.1,10.19,7.14,3.05,4.51,7.23,1223.82,8.16,11.64,208.1
2015-01-13 02:30:00,1045800.0,987.52,7.31,281.48,2.17,69.76,10.24,7.15,3.1,4.51,7.24,1223.2,8.83,11.7,209.3
2015-01-13 02:40:00,1046400.0,987.38,7.43,281.61,2.2,69.34,10.33,7.16,3.17,4.52,7.25,1222.5,9.3,13.78,208.9
2015-01-13 02:50:00,1047000.0,987.35,7.55,281.73,2.23,68.9,10.41,7.17,3.24,4.53,7.27,1221.93,9.56,12.54,210.0
2015-01-13 03:00:00,1047600.0,987.25,7.65,281.84,2.29,68.75,10.48,7.21,3.28,4.55,7.3,1221.36,9.24,12.1,210.1
2015-01-13 03:10:00,1048200.0,987.23,7.71,281.9,2.39,68.94,10.53,7.26,3.27,4.59,7.35,1221.05,8.66,12.74,211.5
2015-01-13 03:20:00,1048800.0,987.25,7.71,281.9,2.49,69.43,10.53,7.31,3.22,4.62,7.4,1221.05,9.4,14.5,209.3
2015-01-13 03:30:00,1049400.0,987.14,7.8,282.0,2.6,69.57,10.59,7.37,3.22,4.66,7.47,1220.5,9.78,14.9,209.6
2015-01-13 03:40:00,1050000.0,987.12,7.74,281.94,2.63,70.0,10.55,7.38,3.16,4.67,7.48,1220.72,9.07,12.4,209.3
2015-01-13 03:50:00,1050600.0,987.11,7.64,281.84,2.66,70.6,10.48,7.4,3.08,4.67,7.49,1221.14,8.44,11.82,206.9
2015-01-13 04:00:00,1051200.0,987.12,7.52,281.72,2.64,71.1,10.39,7.39,3.0,4.67,7.48,1221.68,8.47,11.26,207.5
2015-01-13 04:10:00,1051800.0,987.08,7.45,281.66,2.57,71.1,10.34,7.35,2.99,4.65,7.45,1221.95,8.27,11.78,208.5
2015-01-13 04:20:00,1052400.0,987.02,7.36,281.57,2.51,71.2,10.28,7.32,2.96,4.62,7.41,1222.28,7.18,9.89,206.0
2015-01-13 04:30:00,1053000.0,986.83,7.36,281.59,2.45,70.9,10.28,7.29,2.99,4.61,7.38,1222.06,8.32,10.41,210.0
2015-01-13 04:40:00,1053600.0,986.78,7.37,281.6,2.46,70.9,10.29,7.29,2.99,4.61,7.39,1221.95,8.93,11.9,212.0
2015-01-13 04:50:00,1054200.0,986.74,7.36,281.59,2.45,70.9,10.28,7.29,2.99,4.61,7.39,1221.95,8.49,10.89,212.1
2015-01-13 05:00:00,1054800.0,986.64,7.31,281.55,2.44,71.1,10.24,7.28,2.96,4.6,7.38,1222.05,8.26,11.21,211.7
2015-01-13 05:10:00,1055400.0,986.62,7.29,281.53,2.42,71.1,10.23,7.27,2.96,4.6,7.37,1222.11,7.78,9.89,210.1
2015-01-13 05:20:00,1056000.0,986.61,7.28,281.52,2.41,71.1,10.22,7.27,2.95,4.59,7.37,1222.15,7.55,12.18,207.2
2015-01-13 05:30:00,1056600.0,986.41,7.39,281.65,2.42,70.6,10.3,7.27,3.03,4.6,7.37,1221.42,9.6,11.9,209.7
2015-01-13 05:40:00,1057200.0,986.39,7.39,281.65,2.42,70.6,10.3,7.27,3.03,4.6,7.37,1221.39,8.94,11.86,211.8
2015-01-13 05:50:00,1057800.0,986.37,7.35,281.61,2.36,70.5,10.27,7.24,3.03,4.58,7.34,1221.56,8.65,11.01,211.3
2015-01-13 06:00:00,1058400.0,986.3,7.31,281.58,2.3,70.4,10.24,7.21,3.03,4.56,7.31,1221.66,8.85,11.9,210.4
2015-01-13 06:10:00,1059000.0,986.26,7.3,281.57,2.27,70.3,10.24,7.2,3.04,4.55,7.3,1221.66,8.97,11.94,208.1
2015-01-13 06:20:00,1059600.0,986.25,7.24,281.51,2.19,70.2,10.19,7.16,3.04,4.53,7.26,1221.93,7.97,10.05,207.4
2015-01-13 06:30:00,1060200.0,986.26,7.23,281.5,2.08,69.7,10.19,7.1,3.09,4.49,7.2,1222.01,6.97,9.73,205.0
2015-01-13 06:40:00,1060800.0,986.2,7.18,281.46,1.96,69.34,10.15,7.04,3.11,4.45,7.14,1222.18,5.81,8.17,206.8
2015-01-13 06:50:00,1061400.0,986.18,7.08,281.36,1.82,69.13,10.08,6.97,3.11,4.41,7.07,1222.63,4.65,7.21,204.8
2015-01-13 07:00:00,1062000.0,986.13,7.04,281.32,1.69,68.66,10.06,6.9,3.15,4.37,7.0,1222.77,4.01,6.29,203.9
2015-01-13 07:10:00,1062600.0,985.99,7.07,281.36,1.5,67.6,10.08,6.81,3.26,4.31,6.91,1222.51,5.17,8.29,199.8
2015-01-13 07:20:00,1063200.0,985.8,7.03,281.34,1.31,66.85,10.05,6.72,3.33,4.25,6.81,1222.49,5.14,8.33,199.7
2015-01-13 07:30:00,1063800.0,985.71,7.01,281.33,1.14,66.1,10.03,6.63,3.4,4.2,6.73,1222.5,6.0,7.85,201.1
2015-01-13 07:40:00,1064400.0,985.73,7.06,281.37,0.98,65.12,10.07,6.56,3.51,4.15,6.65,1222.35,6.29,9.83,203.0
2015-01-13 07:50:00,1065000.0,985.69,7.17,281.49,0.79,63.78,10.15,6.47,3.67,4.09,6.56,1221.86,6.59,8.29,203.3
2015-01-13 08:00:00,1065600.0,985.69,7.21,281.53,0.63,62.85,10.17,6.39,3.78,4.04,6.49,1221.72,7.12,9.61,204.6
2015-01-13 08:10:00,1066200.0,985.72,7.27,281.59,0.51,62.04,10.22,6.34,3.88,4.01,6.43,1221.52,7.06,8.93,210.1
2015-01-13 08:20:00,1066800.0,985.76,7.2,281.51,0.46,62.12,10.17,6.32,3.85,3.99,6.41,1221.89,4.17,6.21,198.8
2015-01-13 08:30:00,1067400.0,985.8,6.7,281.01,0.48,64.41,9.82,6.33,3.5,4.0,6.42,1224.12,3.62,5.05,176.4
2015-01-13 08:40:00,1068000.0,985.71,6.4,280.71,0.27,64.75,9.62,6.23,3.39,3.94,6.32,1225.36,4.23,5.97,173.5
2015-01-13 08:50:00,1068600.0,985.7,6.19,280.5,0.07,64.73,9.48,6.14,3.34,3.88,6.23,1226.32,3.73,5.17,176.0
2015-01-13 09:00:00,1069200.0,985.7,6.19,280.5,-0.08,64.05,9.48,6.07,3.41,3.84,6.16,1226.36,3.48,4.45,173.6
2015-01-13 09:10:00,1069800.0,985.64,6.29,280.61,-0.06,63.69,9.55,6.08,3.47,3.85,6.17,1225.84,2.59,4.37,174.4
2015-01-13 09:20:00,1070400.0,985.65,6.52,280.84,-0.06,62.65,9.7,6.08,3.62,3.85,6.17,1224.82,3.02,4.39,172.1
2015-01-13 09:30:00,1071000.0,985.48,6.86,281.19,0.03,61.65,9.93,6.12,3.81,3.87,6.21,1223.11,3.44,6.09,172.4
2015-01-13 09:40:00,1071600.0,985.33,7.09,281.44,0.16,61.26,10.09,6.18,3.91,3.91,6.27,1221.9,2.63,5.37,175.1
2015-01-13 09:50:00,1072200.0,985.19,7.37,281.73,0.27,60.56,10.29,6.23,4.06,3.94,6.32,1220.48,3.18,5.01,158.4
2015-01-13 10:00:00,1072800.0,985.05,7.56,281.93,0.39,60.3,10.42,6.28,4.14,3.98,6.38,1219.45,2.58,4.17,155.9
2015-01-13 10:10:00,1073400.0,984.89,8.19,282.58,0.79,59.46,10.88,6.47,4.41,4.1,6.57,1216.44,3.57,10.69,187.0
2015-01-13 10:20:00,1074000.0,984.68,8.67,283.08,0.83,57.72,11.24,6.49,4.75,4.11,6.59,1214.1,7.26,11.59,201.3
2015-01-13 10:30:00,1074600.0,984.57,8.75,283.17,0.78,57.21,11.3,6.46,4.84,4.09,6.57,1213.63,8.19,12.37,209.3
2015-01-13 10:40:00,1075200.0,984.42,8.88,283.31,0.78,56.7,11.4,6.46,4.94,4.09,6.57,1212.88,8.07,12.61,208.0
2015-01-13 10:50:00,1075800.0,984.24,9.09,283.54,0.84,56.16,11.56,6.49,5.07,4.11,6.6,1211.75,11.29,16.1,211.1
2015-01-13 11:00:00,1076400.0,984.26,9.31,283.75,0.99,55.92,11.74,6.56,5.17,4.16,6.67,1210.8,10.22,13.73,206.9
2015-01-13 11:10:00,1077000.0,984.16,9.52,283.97,1.16,55.83,11.9,6.65,5.26,4.21,6.75,1209.73,9.16,13.69,203.5
2015-01-13 11:20:00,1077600.0,984.25,9.65,284.1,1.2,55.49,12.01,6.66,5.34,4.22,6.77,1209.28,8.4,10.77,202.9
2015-01-13 11:30:00,1078200.0,984.31,9.9,284.34,1.33,55.09,12.21,6.73,5.48,4.26,6.83,1208.26,5.94,8.17,199.8
2015-01-13 11:40:00,1078800.0,984.38,10.16,284.6,1.49,54.74,12.43,6.8,5.62,4.31,6.91,1207.2,5.22,7.69,200.4
2015-01-13 11:50:00,1079400.0,984.39,10.4,284.84,1.57,54.18,12.63,6.84,5.79,4.33,6.95,1206.17,4.76,7.73,201.2
2015-01-13 12:00:00,1080000.0,984.17,10.49,284.95,1.54,53.76,12.7,6.83,5.87,4.33,6.94,1205.52,5.61,9.45,204.2
2015-01-13 12:10:00,1080600.0,984.13,10.53,284.99,1.63,53.94,12.74,6.87,5.87,4.35,6.98,1205.29,5.4,8.29,205.4
2015-01-13 12:20:00,1081200.0,983.92,10.58,285.06,1.6,53.65,12.78,6.86,5.92,4.35,6.97,1204.82,5.62,9.17,198.0
2015-01-13 12:30:00,1081800.0,983.76,10.66,285.15,1.61,53.43,12.85,6.87,5.98,4.35,6.98,1204.28,6.56,9.29,204.7
2015-01-13 12:40:00,1082400.0,983.6,10.76,285.27,1.64,53.16,12.93,6.88,6.06,4.36,6.99,1203.66,5.77,10.45,207.0
2015-01-13 12:50:00,1083000.0,983.33,10.88,285.41,1.65,52.78,13.04,6.88,6.16,4.36,7.0,1202.81,5.41,7.59,198.1
2015-01-13 13:00:00,1083600.0,982.95,11.04,285.6,1.68,52.35,13.18,6.9,6.28,4.38,7.02,1201.66,5.13,8.61,194.0
2015-01-13 13:10:00,1084200.0,982.56,11.12,285.71,1.72,52.23,13.25,6.92,6.33,4.39,7.04,1200.84,7.07,13.49,201.4
2015-01-13 13:20:00,1084800.0,982.36,11.02,285.63,1.75,52.69,13.16,6.93,6.23,4.4,7.06,1201.01,7.09,12.21,200.9
2015-01-13 13:30:00,1085400.0,982.25,11.2,285.82,1.9,52.62,13.32,7.01,6.31,4.45,7.14,1200.08,8.14,12.69,202.4
2015-01-13 13:40:00,1086000.0,982.16,11.27,285.9,2.01,52.79,13.38,7.06,6.32,4.49,7.19,1199.65,8.22,11.97,205.4
2015-01-13 13:50:00,1086600.0,981.97,11.42,286.06,2.12,52.67,13.52,7.12,6.4,4.52,7.25,1198.76,7.7,10.83,203.7
2015-01-13 14:00:00,1087200.0,981.83,11.5,286.16,2.08,52.25,13.59,7.1,6.49,4.51,7.23,1198.26,7.49,10.39,205.5
2015-01-13 14:10:00,1087800.0,981.65,11.57,286.24,1.86,51.2,13.65,6.99,6.66,4.44,7.12,1197.79,7.43,11.57,211.7
2015-01-13 14:20:00,1088400.0,981.45,11.68,286.37,1.45,49.33,13.75,6.78,6.97,4.31,6.91,1197.18,6.65,11.33,207.6
2015-01-13 14:30:00,1089000.0,981.2,11.86,286.57,0.76,46.4,13.91,6.46,7.46,4.1,6.58,1196.27,7.91,11.33,208.5
2015-01-13 14:40:00,1089600.0,981.2,12.07,286.78,0.46,44.77,14.11,6.32,7.79,4.01,6.44,1195.46,7.03,10.93,206.6
2015-01-13 14:50:00,1090200.0,981.06,12.22,286.94,0.31,43.83,14.25,6.25,8.0,3.97,6.37,1194.69,6.27,9.17,204.4
2015-01-13 15:00:00,1090800.0,980.83,12.25,286.99,0.35,43.88,14.28,6.26,8.01,3.98,6.39,1194.27,7.74,11.33,204.6
2015-01-13 15:10:00,1091400.0,980.79,12.17,286.92,0.4,44.29,14.2,6.29,7.91,4.0,6.41,1194.55,7.12,13.71,208.2
2015-01-13 15:20:00,1092000.0,980.77,12.15,286.9,0.41,44.36,14.18,6.29,7.89,4.0,6.42,1194.61,7.21,11.75,207.6
2015-01-13 15:30:00,1092600.0,980.75,12.21,286.96,0.45,44.32,14.24,6.31,7.93,4.01,6.43,1194.32,5.82,9.69,204.7
2015-01-13 15:40:00,1093200.0,980.77,12.26,287.01,0.42,44.07,14.29,6.3,7.99,4.0,6.42,1194.14,4.88,8.29,207.6
2015-01-13 15:50:00,1093800.0,980.63,12.21,286.97,0.24,43.64,14.24,6.21,8.03,3.95,6.34,1194.22,6.51,10.77,200.1
2015-01-13 16:00:00,1094400.0,980.64,12.09,286.85,0.09,43.53,14.13,6.15,7.98,3.91,6.27,1194.76,5.44,9.09,201.2
2015-01-13 16:10:00,1095000.0,980.64,11.97,286.73,-0.13,43.16,14.02,6.05,7.97,3.85,6.17,1195.31,7.37,10.71,207.0
2015-01-13 16:20:00,1095600.0,980.66,11.8,286.56,-0.19,43.46,13.86,6.02,7.84,3.83,6.14,1196.06,6.42,10.05,211.7
2015-01-13 16:30:00,1096200.0,980.52,11.67,286.44,-0.23,43.72,13.74,6.01,7.73,3.82,6.13,1196.45,7.21,10.69,205.6
2015-01-13 16:40:00,1096800.0,980.45,11.75,286.52,-0.29,43.3,13.81,5.98,7.83,3.8,6.1,1196.04,8.32,12.05,208.4
2015-01-13 16:50:00,1097400.0,980.36,11.84,286.62,-0.28,43.05,13.9,5.98,7.91,3.8,6.1,1195.55,7.84,10.45,206.9
2015-01-13 17:00:00,1098000.0,980.19,12.01,286.81,-0.29,42.54,14.05,5.98,8.07,3.8,6.1,1194.63,8.91,13.21,207.2
2015-01-13 17:10:00,1098600.0,980.12,12.17,286.97,-0.24,42.25,14.2,6.0,8.2,3.82,6.12,1193.86,8.51,11.73,208.2
2015-01-13 17:20:00,1099200.0,980.09,12.32,287.13,-0.17,42.06,14.34,6.03,8.31,3.84,6.16,1193.18,8.89,12.73,209.2
2015-01-13 17:30:00,1099800.0,980.16,12.39,287.19,-0.12,42.01,14.41,6.05,8.36,3.85,6.18,1192.97,7.42,14.63,203.9
2015-01-13 17:40:00,1100400.0,980.27,12.31,287.1,-0.11,42.27,14.33,6.06,8.27,3.85,6.18,1193.43,6.08,9.81,203.3
2015-01-13 17:50:00,1101000.0,980.43,12.1,286.88,-0.11,42.86,14.14,6.06,8.08,3.85,6.18,1194.51,5.39,8.21,204.9
2015-01-13 18:00:00,1101600.0,980.62,12.07,286.83,-0.06,43.1,14.11,6.08,8.03,3.87,6.2,1194.86,5.78,9.21,207.8
2015-01-13 18:10:00,1102200.0,980.56,11.97,286.74,0.04,43.72,14.02,6.13,7.89,3.9,6.25,1195.18,4.98,7.53,198.7
2015-01-13 18:20:00,1102800.0,980.45,11.88,286.65,0.17,44.39,13.93,6.18,7.75,3.93,6.31,1195.4,5.57,7.77,200.8
2015-01-13 18:30:00,1103400.0,980.49,12.01,286.78,0.54,45.19,14.05,6.35,7.7,4.04,6.48,1194.82,6.35,9.05,202.8
2015-01-13 18:40:00,1104000.0,980.62,12.12,286.88,0.95,46.22,14.16,6.54,7.61,4.16,6.67,1194.43,7.3,10.25,207.2
2015-01-13 18:50:00,1104600.0,980.58,12.12,286.88,1.05,46.55,14.16,6.59,7.57,4.19,6.72,1194.36,7.09,10.13,206.5
2015-01-13 19:00:00,1105200.0,980.57,12.14,286.91,1.17,46.91,14.17,6.65,7.53,4.23,6.78,1194.24,6.89,11.79,204.5
2015-01-13 19:10:00,1105800.0,980.58,12.17,286.93,1.61,48.34,14.2,6.87,7.34,4.37,7.0,1194.03,7.85,11.95,211.1
2015-01-13 19:20:00,1106400.0,980.78,12.13,286.88,1.81,49.15,14.16,6.96,7.2,4.43,7.1,1194.39,6.69,10.33,210.5
2015-01-13 19:30:00,1107000.0,981.02,12.05,286.78,1.74,49.18,14.09,6.93,7.16,4.41,7.06,1195.04,6.57,9.61,209.6
2015-01-13 19:40:00,1107600.0,981.13,11.9,286.62,1.83,49.99,13.95,6.97,6.98,4.43,7.11,1195.78,7.09,10.99,209.8
2015-01-13 19:50:00,1108200.0,981.15,11.77,286.49,2.17,51.65,13.83,7.14,6.69,4.54,7.28,1196.27,6.03,9.05,208.8
2015-01-13 20:00:00,1108800.0,981.11,11.73,286.45,2.52,53.1,13.8,7.33,6.47,4.66,7.47,1196.31,6.78,10.65,205.6
2015-01-13 20:10:00,1109400.0,981.21,11.72,286.43,2.67,53.71,13.79,7.4,6.38,4.71,7.55,1196.43,7.4,11.29,209.3
2015-01-13 20:20:00,1110000.0,981.32,11.65,286.35,2.66,53.92,13.72,7.4,6.32,4.7,7.54,1196.86,6.73,9.65,211.3
2015-01-13 20:30:00,1110600.0,981.36,11.55,286.25,2.75,54.63,13.63,7.45,6.18,4.73,7.59,1197.31,5.3,8.89,212.0
2015-01-13 20:40:00,1111200.0,981.32,11.43,286.13,2.96,55.89,13.52,7.56,5.97,4.8,7.7,1197.72,5.41,8.01,209.8
2015-01-13 20:50:00,1111800.0,981.36,11.48,286.18,3.1,56.26,13.57,7.63,5.94,4.85,7.78,1197.52,7.55,12.39,210.0
2015-01-13 21:00:00,1112400.0,981.31,11.39,286.09,3.48,58.17,13.49,7.85,5.64,4.99,8.0,1197.74,9.61,15.9,213.1
2015-01-13 21:10:00,1113000.0,981.42,11.06,285.75,3.75,60.57,13.2,7.99,5.2,5.08,8.14,1199.2,6.52,11.17,211.7
2015-01-13 21:20:00,1113600.0,981.37,10.76,285.45,3.85,62.23,12.93,8.05,4.89,5.12,8.2,1200.38,5.04,7.37,212.6
2015-01-13 21:30:00,1114200.0,981.24,10.56,285.26,3.88,63.22,12.76,8.07,4.69,5.13,8.22,1201.05,4.96,7.61,209.5
2015-01-13 21:40:00,1114800.0,981.07,10.53,285.24,3.92,63.51,12.74,8.09,4.65,5.14,8.25,1200.96,5.24,7.69,207.5
2015-01-13 21:50:00,1115400.0,981.2,10.53,285.23,3.89,63.39,12.74,8.07,4.66,5.13,8.23,1201.13,5.32,7.23,209.0
2015-01-13 22:00:00,1116000.0,981.27,10.55,285.25,3.84,63.06,12.75,8.04,4.71,5.11,8.2,1201.14,4.57,7.65,210.1
2015-01-13 22:10:00,1116600.0,981.37,10.66,285.35,3.69,61.97,12.85,7.96,4.89,5.06,8.11,1200.84,5.25,7.57,212.0
2015-01-13 22:20:00,1117200.0,981.55,10.8,285.48,3.69,61.38,12.97,7.96,5.01,5.06,8.11,1200.47,6.49,11.43,214.7
2015-01-13 22:30:00,1117800.0,981.63,10.81,285.48,3.95,62.47,12.98,8.11,4.87,5.15,8.26,1200.46,6.71,10.33,213.0
2015-01-13 22:40:00,1118400.0,981.64,10.53,285.2,4.14,64.51,12.74,8.22,4.52,5.22,8.37,1201.6,6.61,9.89,210.5
2015-01-13 22:50:00,1119000.0,981.66,10.43,285.1,4.17,65.08,12.65,8.23,4.42,5.23,8.39,1202.04,5.87,9.17,207.5
2015-01-13 23:00:00,1119600.0,981.65,10.38,285.05,4.26,65.7,12.61,8.29,4.33,5.27,8.44,1202.22,5.83,9.45,208.8
2015-01-13 23:10:00,1120200.0,981.72,10.28,284.94,4.34,66.51,12.53,8.33,4.2,5.3,8.49,1202.71,5.31,7.81,205.7
2015-01-13 23:20:00,1120800.0,981.78,10.22,284.87,4.38,66.99,12.48,8.36,4.12,5.31,8.51,1203.02,4.5,8.73,205.4
2015-01-13 23:30:00,1121400.0,981.82,10.2,284.85,4.37,67.02,12.46,8.35,4.11,5.31,8.51,1203.16,4.68,6.81,205.4
2015-01-13 23:40:00,1122000.0,981.75,10.2,284.86,4.32,66.78,12.46,8.32,4.14,5.29,8.48,1203.09,4.64,6.47,204.6
2015-01-13 23:50:00,1122600.0,981.74,10.26,284.92,4.31,66.46,12.51,8.31,4.2,5.28,8.47,1202.83,4.09,7.21,204.6
2015-01-14 00:00:00,1123200.0,981.97,10.01,284.65,4.53,68.64,12.3,8.44,3.86,5.37,8.6,1204.11,2.34,5.93,291.4
2015-01-14 00:10:00,1123800.0,982.02,8.91,283.54,5.0,76.4,11.42,8.73,2.7,5.55,8.89,1208.73,2.0,5.73,302.9
2015-01-14 00:20:00,1124400.0,981.97,8.39,283.02,5.06,79.5,11.03,8.77,2.26,5.57,8.93,1210.89,2.24,4.12,281.9
2015-01-14 00:30:00,1125000.0,982.09,8.22,282.84,5.0,80.1,10.9,8.73,2.17,5.55,8.89,1211.78,2.4,5.21,287.0
2015-01-14 00:40:00,1125600.0,982.18,8.19,282.8,4.92,79.8,10.88,8.68,2.2,5.52,8.84,1212.05,1.95,4.0,287.7
2015-01-14 00:50:00,1126200.0,982.12,8.19,282.81,4.83,79.3,10.88,8.63,2.25,5.48,8.78,1212.0,1.99,3.4,260.8
2015-01-14 01:00:00,1126800.0,982.23,8.36,282.97,4.82,78.3,11.0,8.62,2.39,5.47,8.77,1211.41,1.51,2.6,264.2
2015-01-14 01:10:00,1127400.0,982.14,8.35,282.96,4.84,78.5,11.0,8.63,2.36,5.49,8.79,1211.33,1.02,2.2,213.1
2015-01-14 01:20:00,1128000.0,981.98,8.32,282.95,4.92,79.1,10.97,8.68,2.29,5.52,8.84,1211.24,0.81,1.84,184.2
2015-01-14 01:30:00,1128600.0,981.8,8.29,282.93,4.84,78.8,10.95,8.63,2.32,5.49,8.79,1211.17,0.94,1.72,184.0
2015-01-14 01:40:00,1129200.0,981.87,8.27,282.91,4.71,78.2,10.94,8.55,2.38,5.44,8.71,1211.38,1.45,2.52,197.5
2015-01-14 01:50:00,1129800.0,981.8,8.43,283.07,4.57,76.6,11.06,8.47,2.59,5.38,8.63,1210.64,1.52,2.36,202.7
2015-01-14 02:00:00,1130400.0,981.87,8.53,283.17,4.31,74.7,11.13,8.32,2.82,5.29,8.47,1210.37,0.92,1.82,221.2
2015-01-14 02:10:00,1131000.0,981.86,8.53,283.17,4.14,73.8,11.13,8.22,2.92,5.22,8.37,1210.41,0.97,1.38,205.9
2015-01-14 02:20:00,1131600.0,981.83,8.46,283.1,4.01,73.5,11.08,8.14,2.94,5.18,8.29,1210.7,0.86,1.32,228.7
2015-01-14 02:30:00,1132200.0,981.8,8.5,283.14,4.01,73.3,11.11,8.14,2.97,5.18,8.29,1210.5,2.25,3.12,205.7
2015-01-14 02:40:00,1132800.0,981.78,8.64,283.29,4.13,73.2,11.22,8.21,3.01,5.22,8.36,1209.84,2.85,4.53,210.9
2015-01-14 02:50:00,1133400.0,981.71,8.69,283.34,4.1,72.8,11.25,8.19,3.06,5.21,8.35,1209.54,3.29,5.37,209.7
2015-01-14 03:00:00,1134000.0,981.64,8.71,283.37,4.19,73.2,11.27,8.25,3.02,5.24,8.4,1209.35,3.07,4.77,209.3
2015-01-14 03:10:00,1134600.0,981.56,8.63,283.29,4.29,74.1,11.21,8.31,2.9,5.28,8.46,1209.56,2.61,4.53,202.8
2015-01-14 03:20:00,1135200.0,981.56,8.53,283.19,4.35,74.9,11.13,8.34,2.79,5.3,8.5,1209.98,2.67,5.61,207.4
2015-01-14 03:30:00,1135800.0,981.46,8.34,283.01,4.37,76.0,10.99,8.35,2.64,5.31,8.51,1210.66,3.5,5.21,197.4
2015-01-14 03:40:00,1136400.0,981.45,8.17,282.84,4.26,76.3,10.86,8.29,2.57,5.27,8.45,1211.41,4.53,6.97,203.3
2015-01-14 03:50:00,1137000.0,981.33,7.98,282.66,4.21,77.0,10.72,8.26,2.47,5.25,8.41,1212.1,3.72,5.57,199.1
2015-01-14 04:00:00,1137600.0,981.33,7.95,282.63,4.07,76.4,10.7,8.18,2.53,5.2,8.33,1212.27,4.61,7.69,202.2
2015-01-14 04:10:00,1138200.0,981.24,7.76,282.45,3.9,76.5,10.56,8.08,2.48,5.14,8.24,1213.02,6.12,8.69,204.5
2015-01-14 04:20:00,1138800.0,981.32,7.59,282.27,3.76,76.6,10.44,8.0,2.44,5.09,8.15,1213.89,6.15,8.73,206.5
2015-01-14 04:30:00,1139400.0,981.27,7.42,282.1,3.7,77.2,10.32,7.97,2.35,5.07,8.12,1214.58,4.42,7.35,203.1
2015-01-14 04:40:00,1140000.0,980.89,7.33,282.04,3.45,76.3,10.26,7.83,2.43,4.98,7.98,1214.56,6.06,8.45,203.0
2015-01-14 04:50:00,1140600.0,980.76,7.21,281.93,3.31,76.2,10.17,7.75,2.42,4.93,7.9,1214.96,5.09,7.37,202.0
2015-01-14 05:00:00,1141200.0,980.6,7.12,281.85,3.23,76.2,10.11,7.7,2.41,4.9,7.86,1215.17,5.59,7.31,206.2
2015-01-14 05:10:00,1141800.0,980.82,6.97,281.69,3.25,77.1,10.01,7.72,2.29,4.91,7.87,1216.09,4.66,6.89,205.5
2015-01-14 05:20:00,1142400.0,980.95,6.76,281.46,3.28,78.4,9.86,7.73,2.13,4.92,7.88,1217.16,4.57,7.05,202.2
2015-01-14 05:30:00,1143000.0,980.67,6.61,281.34,3.28,79.2,9.76,7.73,2.03,4.92,7.88,1217.45,4.33,6.41,188.2
2015-01-14 05:40:00,1143600.0,980.66,6.72,281.45,3.32,78.8,9.84,7.75,2.09,4.93,7.91,1216.95,5.91,9.25,200.9
2015-01-14 05:50:00,1144200.0,980.47,7.0,281.74,3.31,77.3,10.03,7.75,2.28,4.93,7.91,1215.51,6.3,10.49,199.9
2015-01-14 06:00:00,1144800.0,980.41,6.89,281.64,3.36,78.1,9.95,7.77,2.18,4.95,7.93,1215.88,4.51,7.37,189.4
2015-01-14 06:10:00,1145400.0,980.68,6.86,281.59,3.41,78.6,9.93,7.81,2.13,4.97,7.96,1216.35,5.43,7.21,200.8
2015-01-14 06:20:00,1146000.0,980.75,6.94,281.66,3.29,77.5,9.99,7.74,2.25,4.92,7.89,1216.11,6.21,8.93,201.6
2015-01-14 06:30:00,1146600.0,980.66,7.19,281.92,3.03,74.8,10.16,7.6,2.56,4.83,7.75,1214.99,7.56,10.05,202.4
2015-01-14 06:40:00,1147200.0,980.58,7.31,282.05,2.79,72.9,10.24,7.47,2.78,4.75,7.62,1214.43,6.89,10.09,202.6
2015-01-14 06:50:00,1147800.0,980.52,7.33,282.07,2.5,71.3,10.26,7.31,2.94,4.65,7.46,1214.34,9.06,13.02,205.9
2015-01-14 07:00:00,1148400.0,980.58,7.31,282.05,2.38,70.8,10.24,7.25,2.99,4.61,7.4,1214.53,8.3,12.98,207.4
2015-01-14 07:10:00,1149000.0,980.79,7.28,282.0,2.41,71.1,10.22,7.27,2.95,4.62,7.41,1214.92,8.29,12.3,204.2
2015-01-14 07:20:00,1149600.0,980.9,7.33,282.04,2.46,71.1,10.26,7.29,2.96,4.64,7.43,1214.83,8.54,10.65,203.4
2015-01-14 07:30:00,1150200.0,980.95,7.29,282.0,2.44,71.2,10.23,7.28,2.95,4.63,7.42,1215.07,8.13,11.42,207.3
2015-01-14 07:40:00,1150800.0,981.18,7.26,281.95,2.37,71.0,10.21,7.25,2.96,4.61,7.39,1215.5,6.87,9.69,208.9
2015-01-14 07:50:00,1151400.0,981.59,7.2,281.85,2.37,71.3,10.17,7.25,2.92,4.61,7.38,1216.27,5.14,9.01,215.9
2015-01-14 08:00:00,1152000.0,982.92,6.71,281.25,2.83,76.2,9.83,7.49,2.34,4.75,7.62,1219.93,5.63,12.38,252.6
2015-01-14 08:10:00,1152600.0,982.83,5.04,279.58,2.06,81.0,8.75,7.09,1.66,4.5,7.21,1227.35,6.1,14.98,230.2
2015-01-14 08:20:00,1153200.0,982.9,4.52,279.05,1.77,82.3,8.44,6.94,1.49,4.41,7.06,1229.82,2.69,5.85,239.1
2015-01-14 08:30:00,1153800.0,982.88,4.33,278.87,1.85,83.8,8.33,6.98,1.35,4.43,7.1,1230.58,1.79,5.17,222.2
2015-01-14 08:40:00,1154400.0,983.26,4.37,278.87,1.73,82.9,8.35,6.92,1.43,4.39,7.04,1230.93,2.85,4.89,230.6
2015-01-14 08:50:00,1155000.0,983.39,4.46,278.96,1.64,81.8,8.41,6.88,1.53,4.36,6.99,1230.69,2.35,4.89,224.9
2015-01-14 09:00:00,1155600.0,983.55,4.49,278.97,1.51,80.9,8.42,6.81,1.61,4.32,6.93,1230.81,1.58,3.49,213.6
2015-01-14 09:10:00,1156200.0,983.45,4.54,279.03,1.38,79.9,8.45,6.75,1.7,4.28,6.87,1230.5,1.54,2.96,228.2
2015-01-14 09:20:00,1156800.0,983.69,4.92,279.39,1.63,79.2,8.68,6.87,1.81,4.36,6.99,1229.06,0.81,1.72,225.4
2015-01-14 09:30:00,1157400.0,983.97,5.55,280.0,1.51,75.1,9.07,6.81,2.26,4.32,6.92,1226.64,1.16,4.45,212.9
2015-01-14 09:40:00,1158000.0,984.08,5.51,279.95,1.11,73.2,9.05,6.62,2.42,4.2,6.73,1227.05,2.58,4.29,208.4
2015-01-14 09:50:00,1158600.0,984.17,5.34,279.77,0.81,72.5,8.94,6.48,2.46,4.1,6.58,1228.0,3.97,5.53,206.1
2015-01-14 10:00:00,1159200.0,984.1,5.25,279.69,0.64,72.0,8.88,6.4,2.49,4.05,6.5,1228.32,4.11,7.17,202.8
2015-01-14 10:10:00,1159800.0,984.2,5.19,279.62,0.55,71.9,8.84,6.36,2.49,4.03,6.46,1228.75,3.69,6.17,209.0
2015-01-14 10:20:00,1160400.0,984.22,5.17,279.6,0.42,71.3,8.83,6.3,2.54,3.99,6.4,1228.88,3.02,5.43,210.4
2015-01-14 10:30:00,1161000.0,984.18,5.14,279.58,0.34,71.0,8.82,6.26,2.56,3.97,6.36,1228.97,3.2,5.13,203.9
2015-01-14 10:40:00,1161600.0,984.12,5.2,279.64,0.19,69.98,8.85,6.19,2.66,3.92,6.29,1228.67,4.35,6.21,200.6
2015-01-14 10:50:00,1162200.0,984.11,5.2,279.64,0.39,71.0,8.85,6.29,2.57,3.98,6.39,1228.61,4.2,5.43,199.3
2015-01-14 11:00:00,1162800.0,984.22,5.26,279.69,0.31,70.3,8.89,6.25,2.64,3.96,6.35,1228.52,5.13,6.89,204.2
2015-01-14 11:10:00,1163400.0,984.34,5.36,279.78,0.21,69.31,8.95,6.2,2.75,3.93,6.3,1228.24,4.41,7.25,205.9
2015-01-14 11:20:00,1164000.0,984.42,5.4,279.82,0.28,69.43,8.98,6.23,2.74,3.95,6.33,1228.13,3.54,5.49,210.5
2015-01-14 11:30:00,1164600.0,984.54,5.48,279.89,0.36,69.46,9.03,6.27,2.76,3.97,6.37,1227.92,3.63,5.69,204.1
2015-01-14 11:40:00,1165200.0,984.6,5.54,279.94,0.35,69.14,9.06,6.27,2.8,3.97,6.37,1227.73,3.38,4.93,206.0
2015-01-14 11:50:00,1165800.0,984.58,5.7,280.1,0.53,69.26,9.17,6.35,2.82,4.02,6.45,1226.97,2.71,3.79,189.8
2015-01-14 12:00:00,1166400.0,984.54,5.76,280.17,0.65,69.59,9.2,6.41,2.8,4.06,6.51,1226.63,3.42,5.45,198.8
2015-01-14 12:10:00,1167000.0,984.75,5.88,280.27,0.74,69.42,9.28,6.44,2.84,4.08,6.54,1226.33,3.98,5.95,209.6
2015-01-14 12:20:00,1167600.0,984.86,5.98,280.36,0.58,68.16,9.34,6.37,2.98,4.03,6.47,1226.09,4.67,8.57,210.4
2015-01-14 12:30:00,1168200.0,984.71,6.03,280.43,0.33,66.68,9.38,6.25,3.13,3.96,6.35,1225.71,5.7,8.77,208.3
2015-01-14 12:40:00,1168800.0,984.62,6.01,280.41,0.1,65.71,9.36,6.15,3.21,3.9,6.25,1225.76,5.9,9.57,212.0
2015-01-14 12:50:00,1169400.0,984.62,6.14,280.54,0.19,65.51,9.45,6.19,3.26,3.92,6.29,1225.14,3.96,7.13,206.0
2015-01-14 13:00:00,1170000.0,984.44,6.59,281.0,0.34,64.25,9.74,6.26,3.48,3.97,6.36,1222.96,2.82,5.93,216.7
2015-01-14 13:10:00,1170600.0,984.29,6.77,281.2,0.15,62.56,9.87,6.17,3.69,3.91,6.27,1222.02,3.23,5.69,212.9
2015-01-14 13:20:00,1171200.0,984.19,6.57,281.0,-0.11,62.28,9.73,6.06,3.67,3.84,6.16,1222.83,3.66,7.65,234.2
2015-01-14 13:30:00,1171800.0,984.14,6.44,280.88,-0.12,62.78,9.65,6.06,3.59,3.84,6.15,1223.32,4.67,7.21,215.7
2015-01-14 13:40:00,1172400.0,984.04,6.39,280.84,0.01,63.59,9.61,6.11,3.5,3.87,6.21,1223.39,4.66,6.89,212.0
2015-01-14 13:50:00,1173000.0,983.83,6.36,280.82,-0.01,63.62,9.59,6.1,3.49,3.87,6.2,1223.27,4.79,7.53,207.2
2015-01-14 14:00:00,1173600.0,983.66,6.34,280.82,-0.08,63.41,9.58,6.07,3.51,3.85,6.18,1223.16,4.94,6.97,210.0
2015-01-14 14:10:00,1174200.0,983.51,6.38,280.88,-0.1,63.08,9.61,6.06,3.55,3.84,6.16,1222.77,4.42,6.63,205.6
2015-01-14 14:20:00,1174800.0,983.57,6.42,280.9,-0.24,62.3,9.63,6.0,3.63,3.8,6.1,1222.73,4.94,6.97,200.8
2015-01-14 14:30:00,1175400.0,983.65,6.76,281.24,-0.15,61.27,9.86,6.04,3.82,3.83,6.14,1221.31,5.08,7.25,206.7
2015-01-14 14:40:00,1176000.0,983.68,7.02,281.5,0.02,60.93,10.04,6.12,3.92,3.88,6.22,1220.18,4.82,6.77,204.8
2015-01-14 14:50:00,1176600.0,983.67,6.82,281.31,0.08,62.03,9.91,6.15,3.76,3.89,6.25,1221.01,4.96,8.61,209.8
2015-01-14 15:00:00,1177200.0,983.47,6.77,281.27,-0.04,61.71,9.87,6.09,3.78,3.86,6.19,1221.03,5.42,7.85,212.4
2015-01-14 15:10:00,1177800.0,983.49,6.55,281.04,-0.17,62.08,9.72,6.03,3.69,3.82,6.14,1222.05,6.17,9.85,205.6
2015-01-14 15:20:00,1178400.0,983.42,6.57,281.07,-0.17,61.95,9.74,6.03,3.71,3.82,6.13,1221.84,5.25,8.01,201.6
2015-01-14 15:30:00,1179000.0,983.27,6.47,280.98,-0.19,62.3,9.67,6.02,3.65,3.82,6.13,1222.11,5.33,7.69,201.3
2015-01-14 15:40:00,1179600.0,983.34,6.33,280.84,-0.1,63.31,9.58,6.06,3.51,3.84,6.16,1222.79,5.64,8.49,208.4
2015-01-14 15:50:00,1180200.0,983.23,6.23,280.74,0.08,64.61,9.51,6.14,3.36,3.89,6.25,1223.08,5.66,9.23,206.6
2015-01-14 16:00:00,1180800.0,983.16,6.13,280.64,0.22,65.74,9.44,6.21,3.23,3.94,6.31,1223.4,6.99,10.49,210.1
2015-01-14 16:10:00,1181400.0,982.94,6.01,280.54,0.31,66.71,9.36,6.25,3.12,3.96,6.35,1223.63,5.8,10.51,212.3
2015-01-14 16:20:00,1182000.0,982.86,6.16,280.7,0.18,65.38,9.46,6.19,3.28,3.92,6.29,1222.88,3.54,5.45,208.3
2015-01-14 16:30:00,1182600.0,982.92,6.22,280.76,0.01,64.32,9.5,6.11,3.39,3.88,6.22,1222.73,3.25,5.65,209.3
2015-01-14 16:40:00,1183200.0,982.94,6.27,280.81,-0.08,63.69,9.53,6.07,3.46,3.85,6.18,1222.56,2.46,4.29,192.3
2015-01-14 16:50:00,1183800.0,982.91,6.27,280.81,-0.04,63.9,9.53,6.09,3.44,3.86,6.2,1222.53,3.25,5.09,191.4
2015-01-14 17:00:00,1184400.0,982.98,6.2,280.74,0.13,64.99,9.49,6.17,3.32,3.91,6.27,1222.86,3.77,6.41,206.3
2015-01-14 17:10:00,1185000.0,983.16,6.0,280.52,0.62,68.25,9.36,6.39,2.97,4.05,6.5,1223.85,4.31,7.33,214.2
2015-01-14 17:20:00,1185600.0,983.26,5.68,280.19,1.01,71.8,9.15,6.57,2.58,4.17,6.68,1225.3,4.21,8.01,212.3
2015-01-14 17:30:00,1186200.0,983.3,5.43,279.94,1.28,74.5,9.0,6.7,2.29,4.25,6.82,1226.38,5.13,8.17,206.8
2015-01-14 17:40:00,1186800.0,983.45,5.16,279.65,1.42,76.7,8.83,6.77,2.06,4.29,6.88,1227.75,4.25,5.77,210.1
2015-01-14 17:50:00,1187400.0,983.55,4.95,279.43,1.49,78.2,8.7,6.8,1.9,4.31,6.92,1228.76,2.44,4.53,219.9
2015-01-14 18:00:00,1188000.0,983.52,4.86,279.34,1.5,78.8,8.64,6.81,1.83,4.32,6.92,1229.15,3.0,6.09,203.6
2015-01-14 18:10:00,1188600.0,983.52,4.87,279.35,1.37,78.0,8.65,6.75,1.9,4.28,6.86,1229.12,4.94,7.87,211.6
2015-01-14 18:20:00,1189200.0,983.59,4.82,279.29,1.2,77.3,8.62,6.66,1.96,4.22,6.77,1229.48,6.34,10.25,210.3
2015-01-14 18:30:00,1189800.0,983.86,4.55,279.0,1.13,78.4,8.46,6.63,1.83,4.2,6.74,1231.02,6.41,9.01,211.0
2015-01-14 18:40:00,1190400.0,984.07,3.98,278.42,1.15,81.7,8.13,6.64,1.49,4.21,6.75,1233.79,7.09,9.73,214.0
2015-01-14 18:50:00,1191000.0,984.77,3.11,277.49,1.09,86.5,7.64,6.61,1.03,4.18,6.71,1238.59,4.67,9.29,241.3
2015-01-14 19:00:00,1191600.0,985.26,2.52,276.85,0.8,88.4,7.33,6.48,0.85,4.1,6.57,1241.93,3.84,8.81,258.9
2015-01-14 19:10:00,1192200.0,985.26,2.45,276.79,0.79,88.7,7.29,6.47,0.82,4.09,6.56,1242.23,2.54,4.41,257.1
2015-01-14 19:20:00,1192800.0,985.29,2.38,276.71,0.76,89.0,7.25,6.46,0.8,4.09,6.55,1242.6,2.05,3.51,241.8
2015-01-14 19:30:00,1193400.0,985.67,2.32,276.62,0.79,89.6,7.22,6.47,0.75,4.09,6.56,1243.35,0.98,2.44,240.4
2015-01-14 19:40:00,1194000.0,985.93,2.33,276.61,0.68,88.8,7.23,6.42,0.81,4.06,6.51,1243.64,1.2,2.72,217.5
2015-01-14 19:50:00,1194600.0,986.11,2.33,276.6,0.57,88.1,7.23,6.37,0.86,4.03,6.46,1243.9,1.22,3.73,222.5
2015-01-14 20:00:00,1195200.0,986.35,2.34,276.59,0.44,87.2,7.23,6.31,0.93,3.99,6.39,1244.19,1.19,2.4,227.6
2015-01-14 20:10:00,1195800.0,986.65,2.36,276.58,0.27,86.0,7.24,6.23,1.01,3.94,6.31,1244.5,0.87,2.34,223.6
2015-01-14 20:20:00,1196400.0,986.89,2.28,276.49,0.13,85.6,7.2,6.17,1.04,3.9,6.25,1245.2,1.01,2.4,245.4
2015-01-14 20:30:00,1197000.0,986.91,2.17,276.37,-0.11,84.8,7.15,6.06,1.09,3.83,6.14,1245.78,1.26,2.4,220.4
2015-01-14 20:40:00,1197600.0,987.23,2.08,276.25,-0.28,84.3,7.1,5.98,1.11,3.78,6.06,1246.65,1.63,4.61,242.9
2015-01-14 20:50:00,1198200.0,987.45,1.96,276.11,-0.41,84.2,7.04,5.93,1.11,3.74,6.0,1247.49,2.08,4.27,251.1
2015-01-14 21:00:00,1198800.0,987.65,1.84,275.98,-0.53,84.2,6.98,5.87,1.1,3.71,5.95,1248.32,2.29,5.17,240.1
2015-01-14 21:10:00,1199400.0,987.79,1.81,275.94,-0.69,83.4,6.96,5.81,1.16,3.67,5.88,1248.64,1.97,4.85,239.2
2015-01-14 21:20:00,1200000.0,987.95,1.67,275.78,-0.73,84.0,6.89,5.79,1.1,3.65,5.86,1249.53,1.62,2.8,246.7
2015-01-14 21:30:00,1200600.0,988.09,1.55,275.65,-0.77,84.5,6.83,5.77,1.06,3.64,5.84,1250.23,1.17,2.48,259.8
2015-01-14 21:40:00,1201200.0,988.28,1.5,275.58,-0.88,84.1,6.81,5.72,1.08,3.61,5.79,1250.74,1.95,3.93,247.8
2015-01-14 21:50:00,1201800.0,988.42,1.53,275.6,-1.02,83.1,6.82,5.67,1.15,3.58,5.74,1250.81,2.86,5.65,241.8
2015-01-14 22:00:00,1202400.0,988.49,1.61,275.68,-1.17,81.7,6.86,5.61,1.26,3.53,5.67,1250.57,2.63,4.73,241.4
2015-01-14 22:10:00,1203000.0,988.57,1.57,275.64,-1.25,81.4,6.84,5.57,1.27,3.51,5.64,1250.84,2.68,5.21,238.2
2015-01-14 22:20:00,1203600.0,988.7,1.61,275.66,-1.34,80.7,6.86,5.54,1.32,3.49,5.6,1250.86,2.81,5.81,228.5
2015-01-14 22:30:00,1204200.0,988.85,1.55,275.59,-1.39,80.7,6.83,5.51,1.32,3.48,5.58,1251.33,2.06,3.77,234.2
2015-01-14 22:40:00,1204800.0,989.1,1.48,275.51,-1.47,80.6,6.8,5.48,1.32,3.45,5.54,1251.95,3.02,7.57,218.7
2015-01-14 22:50:00,1205400.0,989.29,1.73,275.74,-1.54,78.8,6.92,5.46,1.47,3.44,5.52,1251.08,4.53,6.73,201.0
2015-01-14 23:00:00,1206000.0,989.52,1.67,275.66,-1.65,78.5,6.89,5.41,1.48,3.41,5.47,1251.68,3.41,4.93,205.2
2015-01-14 23:10:00,1206600.0,989.67,1.47,275.44,-1.73,79.2,6.79,5.38,1.41,3.39,5.44,1252.8,3.28,5.21,211.9
2015-01-14 23:20:00,1207200.0,989.62,1.15,275.13,-1.8,80.6,6.64,5.35,1.29,3.37,5.41,1254.21,3.71,6.37,224.9
2015-01-14 23:30:00,1207800.0,989.55,1.1,275.09,-1.85,80.6,6.62,5.33,1.28,3.36,5.39,1254.34,4.21,6.07,227.4
2015-01-14 23:40:00,1208400.0,989.56,1.16,275.15,-1.89,80.0,6.65,5.32,1.33,3.35,5.37,1254.08,4.01,6.11,225.9
2015-01-14 23:50:00,1209000.0,989.6,1.15,275.13,-1.89,80.1,6.64,5.32,1.32,3.35,5.37,1254.21,3.57,6.77,219.5
2015-01-15 00:00:00,1209600.0,989.49,1.1,275.09,-1.93,80.1,6.61,5.3,1.32,3.34,5.35,1254.3,3.27,5.93,219.6
2015-01-15 00:10:00,1210200.0,989.46,1.06,275.06,-1.9,80.5,6.6,5.31,1.29,3.35,5.37,1254.42,3.43,5.97,220.9
2015-01-15 00:20:00,1210800.0,989.48,0.99,274.98,-1.95,80.6,6.56,5.29,1.27,3.33,5.35,1254.78,2.93,4.37,214.3
2015-01-15 00:30:00,1211400.0,989.6,1.17,275.15,-1.96,79.5,6.65,5.29,1.36,3.33,5.34,1254.1,3.63,6.37,210.5
2015-01-15 00:40:00,1212000.0,989.7,1.26,275.23,-1.98,78.9,6.69,5.28,1.41,3.33,5.34,1253.83,2.86,4.65,208.6
2015-01-15 00:50:00,1212600.0,989.8,1.38,275.34,-1.97,78.3,6.75,5.28,1.46,3.33,5.34,1253.43,3.0,5.13,184.7
2015-01-15 01:00:00,1213200.0,989.69,1.07,275.04,-1.93,80.3,6.6,5.3,1.3,3.34,5.35,1254.7,1.94,4.45,190.5
2015-01-15 01:10:00,1213800.0,989.63,0.93,274.9,-2.03,80.5,6.53,5.26,1.27,3.31,5.31,1255.28,1.44,2.78,198.1
2015-01-15 01:20:00,1214400.0,989.62,0.96,274.94,-2.02,80.4,6.55,5.27,1.28,3.32,5.32,1255.11,0.51,1.58,167.3
2015-01-15 01:30:00,1215000.0,989.67,1.02,275.0,-2.01,80.1,6.58,5.27,1.31,3.32,5.32,1254.9,1.1,2.8,172.6
2015-01-15 01:40:00,1215600.0,989.61,0.95,274.93,-2.06,80.2,6.54,5.25,1.3,3.3,5.3,1255.16,1.5,2.2,168.3
2015-01-15 01:50:00,1216200.0,989.57,0.6,274.58,-2.09,82.1,6.38,5.24,1.14,3.3,5.29,1256.71,1.88,3.57,183.1
2015-01-15 02:00:00,1216800.0,989.42,0.4,274.4,-2.2,82.6,6.29,5.19,1.09,3.27,5.25,1257.45,2.88,3.97,202.1
2015-01-15 02:10:00,1217400.0,989.23,0.73,274.74,-2.11,81.2,6.44,5.23,1.21,3.3,5.29,1255.68,3.79,5.57,207.7
2015-01-15 02:20:00,1218000.0,989.08,0.88,274.9,-2.05,80.7,6.51,5.25,1.26,3.31,5.31,1254.81,2.52,3.81,193.8
2015-01-15 02:30:00,1218600.0,989.13,0.77,274.79,-2.08,81.1,6.46,5.24,1.22,3.3,5.3,1255.35,2.45,3.24,187.3
2015-01-15 02:40:00,1219200.0,988.84,0.56,274.6,-2.0,82.9,6.36,5.27,1.09,3.32,5.33,1255.95,2.29,3.73,177.8
2015-01-15 02:50:00,1219800.0,988.55,0.42,274.48,-1.98,83.9,6.3,5.28,1.01,3.33,5.34,1256.24,2.43,3.83,179.2
2015-01-15 03:00:00,1220400.0,988.49,0.33,274.4,-1.96,84.5,6.26,5.29,0.97,3.33,5.35,1256.56,2.76,4.49,176.5
2015-01-15 03:10:00,1221000.0,988.35,0.3,274.38,-1.98,84.6,6.24,5.28,0.96,3.33,5.34,1256.52,2.45,4.05,172.7
2015-01-15 03:20:00,1221600.0,988.06,0.17,274.27,-2.04,85.0,6.19,5.26,0.93,3.32,5.32,1256.74,1.83,3.12,178.1
2015-01-15 03:30:00,1222200.0,987.45,0.01,274.16,-2.06,85.9,6.11,5.25,0.86,3.31,5.32,1256.72,1.74,2.56,175.3
2015-01-15 03:40:00,1222800.0,987.43,-0.19,273.96,-2.13,86.7,6.02,5.22,0.8,3.3,5.29,1257.63,2.82,3.49,197.3
2015-01-15 03:50:00,1223400.0,987.32,0.03,274.18,-1.88,86.9,6.12,5.32,0.8,3.36,5.39,1256.45,3.09,4.57,205.3
2015-01-15 04:00:00,1224000.0,987.2,0.53,274.7,-1.75,84.6,6.35,5.37,0.98,3.39,5.44,1253.95,3.02,4.65,203.7
2015-01-15 04:10:00,1224600.0,987.04,0.77,274.96,-1.56,84.3,6.46,5.45,1.01,3.44,5.52,1252.6,2.75,3.49,205.7
2015-01-15 04:20:00,1225200.0,986.93,1.0,275.19,-1.4,83.9,6.57,5.51,1.06,3.48,5.58,1251.4,3.42,4.45,207.9
2015-01-15 04:30:00,1225800.0,986.83,1.25,275.45,-1.29,83.1,6.69,5.56,1.13,3.51,5.63,1250.09,3.35,4.47,202.7
2015-01-15 04:40:00,1226400.0,986.59,1.32,275.54,-1.12,83.7,6.72,5.63,1.1,3.55,5.7,1249.45,3.69,5.85,185.5
2015-01-15 04:50:00,1227000.0,986.31,1.46,275.7,-0.91,84.2,6.79,5.72,1.07,3.61,5.8,1248.42,2.88,5.45,189.0
2015-01-15 05:00:00,1227600.0,986.1,1.41,275.68,-0.87,84.7,6.77,5.73,1.04,3.62,5.81,1248.35,2.21,4.01,195.2
2015-01-15 05:10:00,1228200.0,986.02,1.57,275.84,-0.72,84.7,6.84,5.8,1.05,3.66,5.88,1247.52,2.16,3.53,184.1
2015-01-15 05:20:00,1228800.0,985.84,1.63,275.91,-0.67,84.6,6.87,5.81,1.06,3.68,5.9,1247.0,1.93,2.84,176.7
2015-01-15 05:30:00,1229400.0,985.59,1.56,275.86,-0.68,85.0,6.84,5.81,1.03,3.68,5.9,1247.02,2.55,3.57,176.5
2015-01-15 05:40:00,1230000.0,985.31,1.62,275.94,-0.54,85.5,6.87,5.87,1.0,3.71,5.96,1246.35,2.97,4.81,182.1
2015-01-15 05:50:00,1230600.0,985.14,1.81,276.15,-0.45,84.9,6.96,5.91,1.05,3.74,6.0,1245.25,2.26,3.81,185.0
2015-01-15 06:00:00,1231200.0,985.05,1.94,276.29,-0.37,84.6,7.03,5.95,1.08,3.76,6.04,1244.52,3.07,4.33,179.0
2015-01-15 06:10:00,1231800.0,984.87,2.04,276.41,-0.3,84.4,7.08,5.98,1.1,3.78,6.07,1243.82,3.42,4.97,172.4
2015-01-15 06:20:00,1232400.0,984.74,2.13,276.5,-0.21,84.4,7.12,6.01,1.11,3.81,6.11,1243.24,3.06,4.85,165.7
2015-01-15 06:30:00,1233000.0,984.6,2.13,276.52,-0.19,84.5,7.13,6.02,1.1,3.81,6.12,1243.05,2.89,4.81,177.7
2015-01-15 06:40:00,1233600.0,984.32,2.08,276.48,-0.2,84.8,7.1,6.02,1.08,3.81,6.11,1242.96,3.66,5.01,179.6
2015-01-15 06:50:00,1234200.0,984.14,2.12,276.55,-0.14,84.9,7.12,6.05,1.08,3.83,6.14,1242.5,3.56,5.77,178.7
2015-01-15 07:00:00,1234800.0,984.07,2.33,276.76,-0.03,84.3,7.23,6.09,1.13,3.86,6.19,1241.44,3.23,4.77,173.9
2015-01-15 07:10:00,1235400.0,983.93,2.61,277.05,0.06,83.2,7.37,6.13,1.24,3.89,6.24,1240.0,3.37,4.99,171.2
2015-01-15 07:20:00,1236000.0,983.74,3.09,277.55,0.19,81.2,7.63,6.2,1.43,3.93,6.3,1237.58,3.69,5.55,171.1
2015-01-15 07:30:00,1236600.0,983.66,3.43,277.9,0.31,79.9,7.82,6.25,1.57,3.96,6.35,1235.93,3.59,5.45,176.6
2015-01-15 07:40:00,1237200.0,983.47,3.86,278.35,0.41,78.1,8.06,6.29,1.76,3.99,6.4,1233.73,4.15,7.05,178.3
2015-01-15 07:50:00,1237800.0,983.33,4.05,278.55,0.42,77.1,8.17,6.3,1.87,3.99,6.4,1232.73,3.66,5.13,177.5
2015-01-15 08:00:00,1238400.0,983.18,4.04,278.55,0.45,77.3,8.16,6.31,1.85,4.0,6.42,1232.56,4.49,7.05,174.1
2015-01-15 08:10:00,1239000.0,983.02,4.26,278.78,0.49,76.4,8.29,6.33,1.96,4.02,6.44,1231.4,4.31,6.53,179.4
2015-01-15 08:20:00,1239600.0,983.0,4.34,278.86,0.57,76.4,8.33,6.37,1.97,4.04,6.48,1231.01,4.14,6.61,180.2
2015-01-15 08:30:00,1240200.0,982.93,4.43,278.96,0.64,76.3,8.39,6.4,1.99,4.06,6.51,1230.49,4.48,7.97,185.5
2015-01-15 08:40:00,1240800.0,982.81,4.57,279.11,0.76,76.2,8.47,6.46,2.02,4.1,6.57,1229.68,4.51,6.49,185.8
2015-01-15 08:50:00,1241400.0,982.73,4.67,279.22,0.87,76.3,8.53,6.51,2.02,4.13,6.62,1229.12,4.5,6.53,192.5
2015-01-15 09:00:00,1242000.0,982.67,4.77,279.33,0.94,76.1,8.59,6.54,2.05,4.15,6.65,1228.57,5.1,8.85,189.4
2015-01-15 09:10:00,1242600.0,982.61,4.84,279.4,1.0,76.1,8.63,6.57,2.06,4.17,6.69,1228.18,5.72,9.53,190.7
2015-01-15 09:20:00,1243200.0,982.56,4.87,279.44,1.05,76.2,8.65,6.59,2.06,4.18,6.71,1227.97,5.65,9.31,193.3
2015-01-15 09:30:00,1243800.0,982.46,4.9,279.47,1.12,76.4,8.67,6.62,2.05,4.2,6.74,1227.7,6.92,9.65,194.6
2015-01-15 09:40:00,1244400.0,982.52,4.89,279.45,1.16,76.7,8.66,6.64,2.02,4.22,6.76,1227.83,6.4,8.85,195.1
2015-01-15 09:50:00,1245000.0,982.57,4.92,279.48,1.26,77.1,8.68,6.69,1.99,4.25,6.81,1227.73,5.8,7.65,189.3
2015-01-15 10:00:00,1245600.0,982.59,4.96,279.52,1.33,77.3,8.7,6.73,1.98,4.27,6.85,1227.56,5.09,7.41,186.9
2015-01-15 10:10:00,1246200.0,982.39,5.0,279.58,1.38,77.3,8.73,6.75,1.98,4.28,6.87,1227.12,5.0,7.07,178.4
2015-01-15 10:20:00,1246800.0,982.33,5.1,279.68,1.49,77.4,8.79,6.8,1.99,4.32,6.93,1226.59,5.17,8.13,181.9
2015-01-15 10:30:00,1247400.0,982.04,5.26,279.87,1.54,76.8,8.89,6.83,2.06,4.34,6.95,1225.49,5.91,7.65,183.8
2015-01-15 10:40:00,1248000.0,982.01,5.39,280.0,1.62,76.6,8.97,6.87,2.1,4.36,6.99,1224.89,5.42,7.75,189.9
2015-01-15 10:50:00,1248600.0,981.92,5.6,280.21,1.62,75.5,9.1,6.87,2.23,4.36,7.0,1223.86,6.08,8.81,179.4
2015-01-15 11:00:00,1249200.0,981.97,5.79,280.41,1.68,74.8,9.22,6.9,2.32,4.38,7.03,1223.05,4.21,6.85,182.2
2015-01-15 11:10:00,1249800.0,981.86,6.11,280.73,1.76,73.6,9.43,6.94,2.49,4.41,7.07,1221.52,5.45,8.61,193.7
2015-01-15 11:20:00,1250400.0,981.73,6.64,281.28,1.85,71.4,9.78,6.98,2.8,4.44,7.11,1219.01,6.98,11.74,202.3
2015-01-15 11:30:00,1251000.0,981.75,6.72,281.36,1.85,71.0,9.83,6.98,2.85,4.44,7.11,1218.69,7.37,10.67,204.4
2015-01-15 11:40:00,1251600.0,981.53,6.61,281.27,1.82,71.4,9.76,6.97,2.79,4.43,7.1,1218.89,7.77,10.81,203.4
2015-01-15 11:50:00,1252200.0,981.33,6.5,281.17,1.82,71.9,9.69,6.97,2.72,4.43,7.1,1219.11,7.08,10.13,202.6
2015-01-15 12:00:00,1252800.0,981.25,6.53,281.21,1.88,72.1,9.71,7.0,2.71,4.45,7.13,1218.88,6.05,9.41,200.3
2015-01-15 12:10:00,1253400.0,981.26,6.56,281.24,1.92,72.1,9.73,7.02,2.71,4.46,7.15,1218.73,4.57,7.61,201.9
2015-01-15 12:20:00,1254000.0,981.24,6.61,281.29,1.96,72.1,9.76,7.04,2.72,4.47,7.17,1218.51,5.05,7.69,200.6
2015-01-15 12:30:00,1254600.0,981.1,6.56,281.25,1.91,72.1,9.73,7.01,2.71,4.46,7.15,1218.55,5.28,11.42,197.5
2015-01-15 12:40:00,1255200.0,980.91,6.47,281.18,1.88,72.4,9.67,7.0,2.67,4.45,7.14,1218.71,4.73,8.37,191.6
2015-01-15 12:50:00,1255800.0,980.76,6.46,281.17,1.87,72.4,9.66,6.99,2.67,4.45,7.13,1218.59,4.05,6.63,186.7
2015-01-15 13:00:00,1256400.0,980.63,6.47,281.2,1.92,72.6,9.67,7.02,2.65,4.46,7.16,1218.35,4.76,7.25,193.4
2015-01-15 13:10:00,1257000.0,980.56,6.47,281.21,1.92,72.6,9.67,7.02,2.65,4.46,7.16,1218.26,4.83,7.09,203.6
2015-01-15 13:20:00,1257600.0,980.31,6.55,281.31,2.02,72.7,9.72,7.07,2.65,4.5,7.21,1217.59,4.31,5.83,179.1
2015-01-15 13:30:00,1258200.0,980.1,6.6,281.37,2.09,72.8,9.75,7.1,2.65,4.52,7.25,1217.09,4.35,7.07,185.2
2015-01-15 13:40:00,1258800.0,979.77,6.67,281.47,2.11,72.6,9.8,7.11,2.69,4.53,7.26,1216.39,5.82,8.89,189.5
2015-01-15 13:50:00,1259400.0,979.43,6.73,281.56,2.09,72.2,9.84,7.11,2.74,4.53,7.26,1215.69,6.74,8.75,181.4
2015-01-15 14:00:00,1260000.0,979.28,6.82,281.66,2.1,71.8,9.9,7.11,2.79,4.53,7.26,1215.12,7.0,13.26,184.2
2015-01-15 14:10:00,1260600.0,979.22,6.91,281.76,2.12,71.4,9.97,7.12,2.85,4.53,7.27,1214.63,7.45,11.01,195.3
2015-01-15 14:20:00,1261200.0,979.23,6.94,281.78,2.08,71.1,9.98,7.1,2.89,4.52,7.25,1214.55,7.2,9.89,190.2
2015-01-15 14:30:00,1261800.0,979.23,6.91,281.76,2.07,71.2,9.97,7.1,2.87,4.52,7.25,1214.66,6.49,9.41,194.7
2015-01-15 14:40:00,1262400.0,979.2,6.99,281.84,2.11,71.0,10.02,7.12,2.91,4.53,7.27,1214.25,4.67,6.29,194.8
2015-01-15 14:50:00,1263000.0,978.93,7.15,282.02,2.19,70.6,10.13,7.15,2.98,4.56,7.31,1213.22,4.55,6.65,179.5
2015-01-15 15:00:00,1263600.0,978.63,7.33,282.23,2.26,70.1,10.26,7.19,3.07,4.58,7.35,1212.06,4.15,6.65,185.7
2015-01-15 15:10:00,1264200.0,978.54,7.58,282.49,2.26,68.9,10.43,7.19,3.25,4.58,7.35,1210.86,5.64,8.81,190.5
2015-01-15 15:20:00,1264800.0,978.59,7.81,282.71,2.18,67.46,10.6,7.15,3.45,4.56,7.31,1209.95,6.47,9.25,197.0
2015-01-15 15:30:00,1265400.0,978.45,7.75,282.67,2.14,67.53,10.56,7.13,3.43,4.54,7.29,1210.05,6.31,10.09,192.4
2015-01-15 15:40:00,1266000.0,978.43,7.73,282.65,2.12,67.51,10.54,7.12,3.43,4.54,7.27,1210.12,6.8,9.65,188.4
2015-01-15 15:50:00,1266600.0,978.54,7.68,282.59,2.1,67.68,10.51,7.11,3.4,4.53,7.27,1210.47,6.02,9.81,191.2
2015-01-15 16:00:00,1267200.0,978.74,7.55,282.44,2.09,68.21,10.41,7.1,3.31,4.53,7.26,1211.28,5.5,8.05,185.1
2015-01-15 16:10:00,1267800.0,978.71,7.39,282.28,2.04,68.72,10.3,7.08,3.22,4.51,7.23,1211.95,5.39,7.73,180.1
2015-01-15 16:20:00,1268400.0,978.73,7.3,282.19,1.97,68.81,10.24,7.04,3.19,4.49,7.2,1212.38,5.07,8.43,178.6
2015-01-15 16:30:00,1269000.0,978.69,7.23,282.12,1.93,68.92,10.19,7.02,3.17,4.47,7.17,1212.64,4.84,6.61,178.0
2015-01-15 16:40:00,1269600.0,978.55,7.17,282.07,1.93,69.23,10.15,7.02,3.12,4.48,7.18,1212.73,3.97,6.73,178.6
2015-01-15 16:50:00,1270200.0,978.28,7.13,282.06,1.9,69.25,10.12,7.01,3.11,4.47,7.16,1212.57,4.97,7.69,178.7
2015-01-15 17:00:00,1270800.0,978.04,7.11,282.06,1.83,68.99,10.1,6.97,3.13,4.44,7.13,1212.38,5.64,8.29,177.1
2015-01-15 17:10:00,1271400.0,978.17,7.07,282.0,1.74,68.74,10.08,6.93,3.15,4.42,7.08,1212.73,5.43,7.73,184.2
2015-01-15 17:20:00,1272000.0,978.24,7.07,282.0,1.72,68.64,10.08,6.92,3.16,4.41,7.07,1212.82,5.3,8.65,182.2
2015-01-15 17:30:00,1272600.0,978.2,7.06,281.99,1.65,68.36,10.07,6.88,3.19,4.39,7.04,1212.83,4.92,7.59,180.4
2015-01-15 17:40:00,1273200.0,978.24,7.01,281.94,1.56,68.15,10.03,6.84,3.2,4.36,6.99,1213.12,3.92,6.03,174.5
2015-01-15 17:50:00,1273800.0,977.98,6.93,281.88,1.49,68.19,9.98,6.81,3.17,4.34,6.96,1213.15,4.07,6.57,173.5
2015-01-15 18:00:00,1274400.0,977.92,6.87,281.82,1.4,68.05,9.94,6.76,3.18,4.31,6.92,1213.37,4.05,6.09,171.5
2015-01-15 18:10:00,1275000.0,977.85,6.9,281.86,1.35,67.66,9.96,6.74,3.22,4.3,6.89,1213.16,3.77,5.29,165.5
2015-01-15 18:20:00,1275600.0,977.78,6.89,281.85,1.32,67.56,9.95,6.72,3.23,4.29,6.87,1213.14,2.51,4.93,167.3
2015-01-15 18:30:00,1276200.0,977.82,6.82,281.78,1.29,67.69,9.91,6.71,3.2,4.28,6.86,1213.47,3.49,5.71,176.2
2015-01-15 18:40:00,1276800.0,977.8,6.74,281.71,1.25,67.88,9.85,6.69,3.16,4.26,6.84,1213.8,4.02,6.13,173.5
2015-01-15 18:50:00,1277400.0,977.68,6.71,281.68,1.23,67.91,9.83,6.68,3.15,4.26,6.83,1213.79,4.65,6.63,176.9
2015-01-15 19:00:00,1278000.0,977.68,6.65,281.62,1.21,68.14,9.79,6.67,3.12,4.25,6.82,1214.07,4.2,6.69,178.1
2015-01-15 19:10:00,1278600.0,977.6,6.66,281.63,1.2,68.06,9.79,6.66,3.13,4.25,6.82,1213.94,4.57,7.59,178.6
2015-01-15 19:20:00,1279200.0,977.5,6.67,281.66,1.21,68.03,9.8,6.67,3.13,4.25,6.82,1213.75,5.2,7.77,176.9
2015-01-15 19:30:00,1279800.0,977.43,6.67,281.66,1.19,67.91,9.8,6.66,3.15,4.25,6.81,1213.67,5.3,7.29,181.7
2015-01-15 19:40:00,1280400.0,977.31,6.64,281.64,1.19,68.06,9.78,6.66,3.12,4.25,6.81,1213.64,4.96,7.15,186.5
2015-01-15 19:50:00,1281000.0,977.29,6.6,281.61,1.17,68.15,9.76,6.65,3.11,4.24,6.8,1213.79,5.66,7.69,184.4
2015-01-15 20:00:00,1281600.0,977.25,6.63,281.64,1.17,68.02,9.78,6.65,3.13,4.24,6.8,1213.62,5.45,7.89,181.9
2015-01-15 20:10:00,1282200.0,977.39,6.62,281.61,1.17,68.08,9.77,6.65,3.12,4.24,6.8,1213.86,4.42,6.41,184.6
2015-01-15 20:20:00,1282800.0,977.34,6.61,281.61,1.16,68.07,9.76,6.65,3.12,4.24,6.8,1213.81,5.03,7.33,181.8
2015-01-15 20:30:00,1283400.0,977.52,6.7,281.68,1.16,67.67,9.82,6.65,3.17,4.24,6.8,1213.67,4.37,5.97,185.4
2015-01-15 20:40:00,1284000.0,977.62,6.73,281.7,1.14,67.4,9.84,6.63,3.21,4.23,6.78,1213.67,4.24,6.85,187.4
2015-01-15 20:50:00,1284600.0,977.53,6.83,281.82,1.1,66.73,9.91,6.61,3.3,4.22,6.77,1213.12,4.64,6.69,178.7
2015-01-15 21:00:00,1285200.0,977.58,6.94,281.93,1.04,65.92,9.99,6.58,3.4,4.2,6.74,1212.7,4.4,6.85,181.4
2015-01-15 21:10:00,1285800.0,977.47,7.04,282.03,0.99,65.25,10.06,6.56,3.49,4.19,6.71,1212.16,4.39,7.45,180.9
2015-01-15 21:20:00,1286400.0,977.44,6.97,281.96,0.93,65.31,10.01,6.54,3.47,4.17,6.69,1212.45,4.26,6.59,188.5
2015-01-15 21:30:00,1287000.0,977.45,6.95,281.94,0.83,64.96,9.99,6.49,3.5,4.14,6.64,1212.58,4.49,7.25,188.5
2015-01-15 21:40:00,1287600.0,977.53,6.94,281.92,0.81,64.88,9.98,6.48,3.51,4.13,6.63,1212.72,4.34,6.61,188.7
2015-01-15 21:50:00,1288200.0,977.6,6.97,281.95,0.72,64.31,10.01,6.44,3.57,4.1,6.58,1212.69,5.22,6.91,191.3
2015-01-15 22:00:00,1288800.0,977.69,7.0,281.97,0.67,63.95,10.03,6.41,3.61,4.09,6.56,1212.68,4.77,6.69,187.9
2015-01-15 22:10:00,1289400.0,977.71,7.0,281.97,0.56,63.45,10.03,6.36,3.67,4.06,6.51,1212.73,5.47,7.73,187.4
2015-01-15 22:20:00,1290000.0,977.74,7.01,281.98,0.48,63.03,10.03,6.32,3.71,4.03,6.47,1212.74,5.68,7.61,191.4
2015-01-15 22:30:00,1290600.0,977.77,7.05,282.02,0.44,62.69,10.06,6.31,3.75,4.02,6.45,1212.61,5.25,7.05,190.6
2015-01-15 22:40:00,1291200.0,977.89,7.08,282.04,0.38,62.27,10.08,6.28,3.8,4.0,6.42,1212.65,4.23,6.05,190.0
2015-01-15 22:50:00,1291800.0,978.0,7.15,282.1,0.35,61.83,10.13,6.26,3.87,3.99,6.41,1212.49,4.61,6.97,190.4
2015-01-15 23:00:00,1292400.0,978.09,7.31,282.25,0.37,61.25,10.24,6.27,3.97,4.0,6.41,1211.9,5.28,8.07,191.7
2015-01-15 23:10:00,1293000.0,978.07,7.36,282.3,0.38,61.1,10.28,6.28,4.0,4.0,6.42,1211.66,4.23,6.33,190.3
2015-01-15 23:20:00,1293600.0,978.04,7.38,282.33,0.36,60.94,10.29,6.27,4.02,4.0,6.41,1211.54,3.47,5.85,183.1
2015-01-15 23:30:00,1294200.0,977.98,7.23,282.18,0.34,61.46,10.19,6.26,3.93,3.99,6.4,1212.12,2.83,4.65,172.1
2015-01-15 23:40:00,1294800.0,978.17,7.11,282.04,0.3,61.77,10.1,6.24,3.86,3.98,6.38,1212.88,2.55,3.79,171.7
2015-01-15 23:50:00,1295400.0,978.22,7.09,282.02,0.3,61.87,10.09,6.24,3.85,3.98,6.38,1213.03,1.87,3.28,168.4
2015-01-16 00:00:00,1296000.0,978.2,7.12,282.05,0.34,61.94,10.11,6.26,3.85,3.99,6.4,1212.86,2.76,4.01,157.8
2015-01-16 00:10:00,1296600.0,978.1,7.16,282.1,0.37,61.89,10.14,6.27,3.86,4.0,6.42,1212.56,1.65,3.41,162.4
2015-01-16 00:20:00,1297200.0,978.03,7.13,282.08,0.39,62.12,10.12,6.28,3.83,4.01,6.43,1212.6,1.57,3.39,181.5
2015-01-16 00:30:00,1297800.0,978.01,6.98,281.92,0.39,62.76,10.01,6.28,3.73,4.01,6.42,1213.24,2.18,3.32,183.6
2015-01-16 00:40:00,1298400.0,977.97,6.72,281.67,0.41,63.97,9.83,6.29,3.54,4.01,6.43,1214.31,3.11,4.41,188.9
2015-01-16 00:50:00,1299000.0,978.08,6.59,281.53,0.43,64.66,9.75,6.3,3.44,4.02,6.44,1215.0,2.74,4.09,188.7
2015-01-16 01:00:00,1299600.0,978.16,6.61,281.55,0.45,64.64,9.76,6.31,3.45,4.02,6.45,1214.99,2.38,3.56,183.8
2015-01-16 01:10:00,1300200.0,978.16,6.59,281.53,0.5,64.96,9.75,6.33,3.42,4.04,6.48,1215.07,2.08,4.01,183.5
2015-01-16 01:20:00,1300800.0,978.17,6.63,281.56,0.56,65.08,9.78,6.36,3.41,4.06,6.51,1214.89,2.09,4.13,177.9
2015-01-16 01:30:00,1301400.0,978.13,6.72,281.66,0.66,65.16,9.84,6.41,3.43,4.09,6.55,1214.44,2.71,4.57,171.7
2015-01-16 01:40:00,1302000.0,978.17,6.69,281.62,0.72,65.58,9.82,6.44,3.38,4.1,6.58,1214.61,3.1,4.61,171.1
2015-01-16 01:50:00,1302600.0,978.19,6.83,281.76,0.89,65.76,9.91,6.52,3.39,4.15,6.66,1214.01,2.42,4.83,175.6
2015-01-16 02:00:00,1303200.0,978.37,6.97,281.88,0.9,65.19,10.0,6.52,3.48,4.16,6.67,1213.62,1.38,2.76,172.9
2015-01-16 02:10:00,1303800.0,978.5,7.05,281.96,1.03,65.43,10.06,6.58,3.48,4.2,6.73,1213.39,1.1,2.44,88.3
2015-01-16 02:20:00,1304400.0,978.68,7.47,282.37,1.54,65.92,10.36,6.83,3.53,4.35,6.98,1211.68,1.11,2.92,104.8
2015-01-16 02:30:00,1305000.0,978.92,7.52,282.4,1.51,65.59,10.39,6.82,3.58,4.34,6.96,1211.77,1.79,3.75,138.6
2015-01-16 02:40:00,1305600.0,979.05,7.39,282.25,1.54,66.28,10.3,6.83,3.47,4.35,6.97,1212.49,1.02,3.04,150.6
2015-01-16 02:50:00,1306200.0,979.18,7.33,282.18,1.61,66.91,10.26,6.86,3.39,4.37,7.01,1212.89,0.85,2.12,142.1
2015-01-16 03:00:00,1306800.0,979.22,7.5,282.35,1.71,66.61,10.38,6.91,3.47,4.4,7.06,1212.18,1.1,2.26,171.1
2015-01-16 03:10:00,1307400.0,979.18,7.51,282.36,1.6,66.04,10.38,6.86,3.53,4.37,7.0,1212.12,1.6,2.8,146.9
2015-01-16 03:20:00,1308000.0,979.25,7.42,282.27,1.54,66.15,10.32,6.83,3.49,4.35,6.97,1212.61,2.01,3.24,163.9
2015-01-16 03:30:00,1308600.0,979.29,7.52,282.37,1.67,66.33,10.39,6.89,3.5,4.39,7.04,1212.19,1.92,4.0,161.2
2015-01-16 03:40:00,1309200.0,979.26,7.55,282.4,1.71,66.41,10.41,6.92,3.5,4.4,7.06,1212.02,1.61,3.78,152.4
2015-01-16 03:50:00,1309800.0,979.4,7.62,282.46,2.06,67.74,10.46,7.09,3.38,4.51,7.24,1211.81,0.91,2.6,93.3
2015-01-16 04:00:00,1310400.0,979.44,7.83,282.66,2.47,68.78,10.61,7.3,3.31,4.65,7.45,1210.85,1.45,2.44,175.3
2015-01-16 04:10:00,1311000.0,979.39,8.1,282.94,3.08,70.5,10.81,7.62,3.19,4.86,7.78,1209.48,3.33,6.07,179.3
2015-01-16 04:20:00,1311600.0,979.53,8.41,283.24,3.51,71.2,11.04,7.86,3.18,5.01,8.03,1208.21,3.76,6.25,185.9
2015-01-16 04:30:00,1312200.0,979.61,8.65,283.48,3.8,71.5,11.22,8.02,3.2,5.11,8.19,1207.2,4.74,8.61,202.2
2015-01-16 04:40:00,1312800.0,979.66,8.8,283.62,3.93,71.4,11.34,8.1,3.24,5.16,8.26,1206.59,4.77,6.79,204.1
2015-01-16 04:50:00,1313400.0,979.72,8.69,283.51,3.98,72.2,11.25,8.13,3.13,5.17,8.29,1207.12,4.18,5.87,207.8
2015-01-16 05:00:00,1314000.0,979.8,8.57,283.38,4.04,73.1,11.16,8.16,3.0,5.2,8.33,1207.71,4.45,7.25,203.7
2015-01-16 05:10:00,1314600.0,979.76,8.44,283.25,4.05,73.8,11.06,8.17,2.9,5.2,8.33,1208.22,3.69,5.17,200.8
2015-01-16 05:20:00,1315200.0,979.79,8.23,283.04,4.0,74.6,10.91,8.14,2.77,5.18,8.31,1209.17,4.04,6.13,206.0
2015-01-16 05:30:00,1315800.0,979.69,8.19,283.01,3.98,74.7,10.88,8.13,2.75,5.18,8.29,1209.22,4.32,5.65,199.6
2015-01-16 05:40:00,1316400.0,979.68,8.18,283.0,3.95,74.6,10.87,8.11,2.76,5.16,8.28,1209.26,5.18,6.79,206.8
2015-01-16 05:50:00,1317000.0,979.66,8.09,282.91,3.92,74.9,10.8,8.09,2.71,5.15,8.26,1209.63,4.59,6.49,211.8
2015-01-16 06:00:00,1317600.0,979.7,7.94,282.75,3.91,75.6,10.69,8.08,2.61,5.15,8.25,1210.33,4.23,5.53,205.0
2015-01-16 06:10:00,1318200.0,979.75,7.95,282.76,3.92,75.6,10.7,8.09,2.61,5.15,8.26,1210.35,3.89,5.33,202.2
2015-01-16 06:20:00,1318800.0,979.83,7.84,282.64,3.89,76.0,10.62,8.07,2.55,5.14,8.24,1210.93,3.05,3.96,209.7
2015-01-16 06:30:00,1319400.0,980.11,7.73,282.51,3.89,76.6,10.54,8.08,2.47,5.14,8.24,1211.75,3.81,5.21,201.2
2015-01-16 06:40:00,1320000.0,980.46,7.82,282.57,3.94,76.4,10.61,8.1,2.5,5.16,8.27,1211.78,3.94,5.25,193.8
2015-01-16 06:50:00,1320600.0,980.65,7.9,282.64,3.95,76.0,10.67,8.11,2.56,5.16,8.27,1211.67,2.94,4.36,201.4
2015-01-16 07:00:00,1321200.0,980.62,7.76,282.5,3.92,76.6,10.56,8.09,2.47,5.15,8.25,1212.24,2.89,3.6,209.0
2015-01-16 07:10:00,1321800.0,980.45,7.56,282.31,3.89,77.5,10.42,8.08,2.34,5.14,8.24,1212.91,3.23,4.28,195.4
2015-01-16 07:20:00,1322400.0,980.51,7.66,282.41,3.86,76.8,10.49,8.06,2.43,5.13,8.22,1212.56,4.02,5.85,211.5
2015-01-16 07:30:00,1323000.0,980.53,7.52,282.26,3.82,77.3,10.39,8.03,2.36,5.11,8.19,1213.2,3.71,4.61,205.7
2015-01-16 07:40:00,1323600.0,980.48,7.44,282.19,3.76,77.4,10.33,8.0,2.34,5.09,8.16,1213.5,3.41,4.32,207.5
2015-01-16 07:50:00,1324200.0,980.72,7.3,282.03,3.71,77.9,10.24,7.97,2.26,5.07,8.13,1214.41,3.68,4.61,216.9
2015-01-16 08:00:00,1324800.0,980.84,7.29,282.01,3.67,77.7,10.23,7.95,2.28,5.06,8.1,1214.62,3.58,4.53,209.2
2015-01-16 08:10:00,1325400.0,980.83,7.27,281.99,3.63,77.6,10.22,7.93,2.29,5.04,8.08,1214.7,2.45,3.2,213.9
2015-01-16 08:20:00,1326000.0,980.96,7.42,282.13,3.61,76.7,10.32,7.92,2.4,5.03,8.07,1214.22,2.13,2.76,214.5
2015-01-16 08:30:00,1326600.0,980.98,7.51,282.22,3.59,76.1,10.38,7.9,2.48,5.03,8.06,1213.86,2.74,3.72,203.5
2015-01-16 08:40:00,1327200.0,981.16,7.46,282.15,3.52,76.0,10.35,7.87,2.48,5.0,8.02,1214.32,2.25,3.56,215.8
2015-01-16 08:50:00,1327800.0,981.25,7.4,282.08,3.5,76.2,10.31,7.85,2.45,4.99,8.0,1214.69,2.94,3.6,205.5
2015-01-16 09:00:00,1328400.0,981.16,7.31,282.0,3.43,76.3,10.24,7.82,2.43,4.97,7.97,1214.99,2.52,3.6,218.2
2015-01-16 09:10:00,1329000.0,981.21,7.28,281.97,3.44,76.5,10.22,7.82,2.4,4.97,7.97,1215.18,0.93,2.2,259.4
2015-01-16 09:20:00,1329600.0,981.33,7.42,282.1,3.33,75.2,10.32,7.76,2.56,4.93,7.91,1214.75,1.13,2.28,310.8
2015-01-16 09:30:00,1330200.0,981.39,7.47,282.14,3.25,74.5,10.36,7.72,2.64,4.9,7.86,1214.63,1.86,3.24,215.5
2015-01-16 09:40:00,1330800.0,981.64,7.43,282.08,3.25,74.7,10.33,7.71,2.61,4.9,7.86,1215.11,2.7,3.78,206.4
2015-01-16 09:50:00,1331400.0,981.77,7.46,282.1,3.31,74.9,10.35,7.75,2.6,4.93,7.9,1215.13,2.13,3.14,207.7
2015-01-16 10:00:00,1332000.0,981.87,7.49,282.12,3.4,75.2,10.37,7.8,2.57,4.96,7.94,1215.1,1.72,2.4,209.1
2015-01-16 10:10:00,1332600.0,981.88,7.57,282.2,3.48,75.2,10.43,7.84,2.59,4.98,7.99,1214.75,2.1,2.8,209.4
2015-01-16 10:20:00,1333200.0,982.07,7.53,282.15,3.66,76.4,10.4,7.94,2.45,5.05,8.09,1215.11,2.44,4.28,216.1
2015-01-16 10:30:00,1333800.0,982.0,7.38,282.0,3.27,75.1,10.29,7.73,2.56,4.91,7.87,1215.77,2.94,4.65,213.0
2015-01-16 10:40:00,1334400.0,982.21,7.35,281.95,3.3,75.4,10.27,7.74,2.53,4.92,7.88,1216.15,3.3,4.65,209.3
2015-01-16 10:50:00,1335000.0,982.37,7.27,281.86,2.94,73.9,10.22,7.55,2.67,4.79,7.68,1216.79,3.9,5.97,213.2
2015-01-16 11:00:00,1335600.0,982.23,7.27,281.87,2.26,70.4,10.22,7.19,3.02,4.57,7.32,1216.79,3.96,6.21,206.2
2015-01-16 11:10:00,1336200.0,982.07,7.22,281.83,2.19,70.3,10.18,7.16,3.02,4.55,7.29,1216.82,3.78,5.29,206.9
2015-01-16 11:20:00,1336800.0,981.84,7.25,281.88,1.95,68.95,10.2,7.03,3.17,4.47,7.16,1216.46,4.0,5.97,201.9
2015-01-16 11:30:00,1337400.0,981.76,7.26,281.9,1.98,69.05,10.21,7.05,3.16,4.48,7.18,1216.31,4.38,5.73,207.7
2015-01-16 11:40:00,1338000.0,981.64,7.24,281.89,2.17,70.1,10.19,7.15,3.05,4.54,7.28,1216.2,3.07,4.53,201.7
2015-01-16 11:50:00,1338600.0,981.6,7.19,281.84,2.3,71.0,10.16,7.21,2.95,4.58,7.35,1216.34,3.65,5.13,202.3
2015-01-16 12:00:00,1339200.0,981.58,7.11,281.76,2.23,71.0,10.1,7.17,2.93,4.56,7.31,1216.68,3.87,6.25,215.7
2015-01-16 12:10:00,1339800.0,981.5,7.0,281.66,2.1,70.9,10.03,7.11,2.92,4.52,7.24,1217.1,3.33,4.97,212.5
2015-01-16 12:20:00,1340400.0,981.49,7.01,281.67,2.19,71.3,10.03,7.15,2.88,4.55,7.29,1217.01,2.55,4.32,194.5
2015-01-16 12:30:00,1341000.0,981.4,6.91,281.58,2.17,71.7,9.97,7.15,2.82,4.54,7.28,1217.33,3.8,5.53,210.6
2015-01-16 12:40:00,1341600.0,981.37,6.86,281.53,2.12,71.7,9.93,7.12,2.81,4.53,7.26,1217.54,4.52,6.21,211.6
2015-01-16 12:50:00,1342200.0,981.23,6.86,281.54,2.08,71.5,9.93,7.1,2.83,4.51,7.24,1217.36,2.83,5.05,206.1
2015-01-16 13:00:00,1342800.0,981.2,6.89,281.57,1.91,70.5,9.95,7.01,2.94,4.46,7.15,1217.26,4.03,5.91,219.2
2015-01-16 13:10:00,1343400.0,981.11,6.86,281.55,1.95,70.8,9.93,7.03,2.9,4.47,7.17,1217.24,3.37,5.17,210.2
2015-01-16 13:20:00,1344000.0,981.02,6.81,281.51,2.21,72.4,9.9,7.17,2.73,4.56,7.31,1217.28,3.46,5.01,219.8
2015-01-16 13:30:00,1344600.0,981.1,6.59,281.28,2.64,75.8,9.75,7.39,2.36,4.7,7.53,1218.23,2.72,3.8,222.1
2015-01-16 13:40:00,1345200.0,981.04,6.48,281.17,2.9,77.8,9.67,7.52,2.15,4.78,7.67,1218.6,2.85,4.4,224.9
2015-01-16 13:50:00,1345800.0,980.94,6.34,281.04,3.12,79.8,9.58,7.64,1.94,4.86,7.79,1219.03,2.33,3.22,232.5
2015-01-16 14:00:00,1346400.0,980.83,6.22,280.93,3.42,82.2,9.5,7.81,1.69,4.97,7.96,1219.32,1.51,2.32,240.9
2015-01-16 14:10:00,1347000.0,980.78,6.1,280.81,3.64,84.2,9.42,7.93,1.49,5.05,8.09,1219.72,0.73,1.84,287.7
2015-01-16 14:20:00,1347600.0,980.8,6.22,280.94,3.98,85.5,9.5,8.13,1.38,5.17,8.28,1219.13,1.0,1.68,141.3
2015-01-16 14:30:00,1348200.0,980.78,6.16,280.87,4.1,86.6,9.46,8.19,1.27,5.21,8.35,1219.35,0.68,1.44,129.9
2015-01-16 14:40:00,1348800.0,980.71,6.08,280.8,4.15,87.4,9.41,8.22,1.19,5.23,8.39,1219.6,0.84,1.6,90.0
2015-01-16 14:50:00,1349400.0,980.59,5.7,280.43,4.05,89.1,9.17,8.17,1.0,5.2,8.33,1221.12,0.93,1.52,88.5
2015-01-16 15:00:00,1350000.0,980.66,5.73,280.45,4.22,90.0,9.18,8.27,0.92,5.26,8.43,1221.04,0.9,1.56,167.9
2015-01-16 15:10:00,1350600.0,980.74,5.5,280.21,4.2,91.3,9.04,8.25,0.79,5.25,8.41,1222.17,0.84,1.22,214.7
2015-01-16 15:20:00,1351200.0,980.81,5.41,280.12,4.28,92.4,8.98,8.3,0.68,5.28,8.46,1222.6,0.53,1.04,281.8
2015-01-16 15:30:00,1351800.0,980.96,5.37,280.07,4.31,92.8,8.96,8.31,0.65,5.29,8.48,1222.95,0.59,1.32,184.4
2015-01-16 15:40:00,1352400.0,980.95,5.31,280.01,4.32,93.3,8.92,8.32,0.6,5.3,8.49,1223.2,0.66,1.4,181.5
2015-01-16 15:50:00,1353000.0,980.85,5.42,280.12,4.45,93.5,8.99,8.4,0.58,5.35,8.57,1222.59,0.51,1.0,87.8
2015-01-16 16:00:00,1353600.0,980.82,5.27,279.97,4.28,93.3,8.89,8.3,0.6,5.28,8.46,1223.25,0.6,0.88,42.2
2015-01-16 16:10:00,1354200.0,980.7,5.19,279.91,4.22,93.4,8.85,8.26,0.58,5.26,8.43,1223.44,1.03,1.48,25.87
2015-01-16 16:20:00,1354800.0,980.68,5.19,279.91,4.27,93.7,8.85,8.29,0.56,5.28,8.45,1223.4,1.05,1.36,36.76
2015-01-16 16:30:00,1355400.0,980.67,5.18,279.9,4.35,94.3,8.84,8.34,0.5,5.31,8.5,1223.41,1.03,2.08,33.43
2015-01-16 16:40:00,1356000.0,980.68,5.15,279.86,4.4,94.9,8.82,8.37,0.45,5.33,8.53,1223.57,1.66,2.12,43.38
2015-01-16 16:50:00,1356600.0,980.68,5.05,279.76,4.36,95.3,8.76,8.35,0.41,5.31,8.51,1224.02,1.38,1.72,30.08
2015-01-16 17:00:00,1357200.0,980.72,5.03,279.74,4.4,95.7,8.75,8.37,0.38,5.33,8.53,1224.14,1.66,2.12,18.26
2015-01-16 17:10:00,1357800.0,980.67,5.09,279.8,4.47,95.8,8.78,8.41,0.37,5.35,8.58,1223.81,1.53,2.12,1.52
2015-01-16 17:20:00,1358400.0,980.75,5.08,279.79,4.48,95.9,8.78,8.42,0.36,5.36,8.58,1223.93,0.7,1.28,355.1
2015-01-16 17:30:00,1359000.0,980.78,5.06,279.77,4.48,96.0,8.77,8.42,0.35,5.36,8.58,1224.04,0.97,1.44,355.6
2015-01-16 17:40:00,1359600.0,980.78,5.08,279.78,4.52,96.2,8.78,8.44,0.33,5.37,8.61,1223.97,0.69,1.04,59.2
2015-01-16 17:50:00,1360200.0,980.7,5.01,279.73,4.47,96.3,8.74,8.41,0.32,5.35,8.58,1224.17,1.23,1.44,91.5
2015-01-16 18:00:00,1360800.0,980.56,5.06,279.79,4.58,96.7,8.77,8.48,0.29,5.39,8.64,1223.76,1.31,2.06,151.2
2015-01-16 18:10:00,1361400.0,980.53,5.05,279.78,4.58,96.8,8.76,8.48,0.28,5.4,8.65,1223.77,1.03,2.2,191.9
2015-01-16 18:20:00,1362000.0,980.51,4.96,279.69,4.51,96.9,8.7,8.43,0.27,5.37,8.6,1224.15,1.39,2.08,202.5
2015-01-16 18:30:00,1362600.0,980.38,4.94,279.68,4.52,97.1,8.69,8.44,0.25,5.37,8.61,1224.09,0.86,1.32,224.4
2015-01-16 18:40:00,1363200.0,980.27,4.99,279.74,4.57,97.1,8.72,8.47,0.25,5.39,8.64,1223.7,0.47,1.2,262.7
2015-01-16 18:50:00,1363800.0,980.16,4.99,279.75,4.57,97.1,8.72,8.47,0.25,5.39,8.64,1223.56,0.64,1.0,206.6
2015-01-16 19:00:00,1364400.0,980.12,5.01,279.77,4.58,97.1,8.73,8.48,0.25,5.4,8.65,1223.44,0.78,1.08,142.6
2015-01-16 19:10:00,1365000.0,980.04,5.06,279.82,4.65,97.2,8.76,8.52,0.25,5.42,8.69,1223.1,0.57,1.08,125.8
2015-01-16 19:20:00,1365600.0,980.0,5.17,279.94,4.76,97.2,8.83,8.58,0.25,5.47,8.76,1222.52,0.34,0.96,335.8
2015-01-16 19:30:00,1366200.0,979.99,5.2,279.97,4.78,97.1,8.85,8.59,0.26,5.47,8.77,1222.38,0.49,1.2,128.6
2015-01-16 19:40:00,1366800.0,979.98,5.28,280.06,4.86,97.1,8.9,8.65,0.26,5.51,8.82,1221.97,0.31,1.04,343.9
2015-01-16 19:50:00,1367400.0,979.99,5.14,279.91,4.68,96.9,8.81,8.54,0.27,5.44,8.71,1222.68,1.09,1.88,210.4
2015-01-16 20:00:00,1368000.0,979.96,5.14,279.91,4.72,97.1,8.81,8.56,0.26,5.45,8.73,1222.63,0.93,1.84,194.9
2015-01-16 20:10:00,1368600.0,979.9,5.15,279.93,4.73,97.1,8.82,8.57,0.26,5.46,8.74,1222.48,1.05,2.08,174.7
2015-01-16 20:20:00,1369200.0,979.75,5.17,279.96,4.75,97.1,8.83,8.58,0.26,5.46,8.75,1222.2,0.89,1.56,180.8
2015-01-16 20:30:00,1369800.0,979.69,5.12,279.91,4.68,97.0,8.8,8.54,0.26,5.44,8.71,1222.39,1.1,1.64,206.7
2015-01-16 20:40:00,1370400.0,979.6,5.07,279.87,4.63,97.0,8.77,8.51,0.26,5.42,8.68,1222.5,0.86,1.64,206.8
2015-01-16 20:50:00,1371000.0,979.52,5.1,279.91,4.66,97.0,8.79,8.53,0.26,5.43,8.7,1222.25,0.9,1.42,228.7
2015-01-16 21:00:00,1371600.0,979.35,5.06,279.89,4.62,97.0,8.77,8.5,0.26,5.42,8.68,1222.22,1.1,1.68,226.8
2015-01-16 21:10:00,1372200.0,979.22,5.04,279.88,4.61,97.0,8.76,8.49,0.26,5.41,8.67,1222.14,1.11,1.48,224.3
2015-01-16 21:20:00,1372800.0,979.31,5.02,279.85,4.57,96.9,8.74,8.47,0.27,5.4,8.65,1222.35,1.42,1.72,217.9
2015-01-16 21:30:00,1373400.0,979.34,5.04,279.86,4.59,96.9,8.75,8.48,0.27,5.4,8.66,1222.32,1.19,2.0,203.2
2015-01-16 21:40:00,1374000.0,979.42,5.04,279.86,4.56,96.7,8.76,8.47,0.29,5.39,8.64,1222.4,1.11,1.92,207.9
2015-01-16 21:50:00,1374600.0,979.43,5.07,279.89,4.59,96.7,8.77,8.48,0.29,5.4,8.66,1222.29,0.86,1.38,176.2
2015-01-16 22:00:00,1375200.0,979.32,5.13,279.95,4.65,96.7,8.81,8.52,0.29,5.43,8.7,1221.89,0.33,0.74,108.5
2015-01-16 22:10:00,1375800.0,979.24,5.06,279.89,4.55,96.5,8.77,8.46,0.31,5.39,8.64,1222.11,0.73,1.14,222.7
2015-01-16 22:20:00,1376400.0,979.16,4.99,279.83,4.5,96.6,8.73,8.43,0.3,5.37,8.61,1222.31,0.58,1.0,245.8
2015-01-16 22:30:00,1377000.0,979.09,5.0,279.84,4.52,96.7,8.73,8.44,0.29,5.38,8.62,1222.22,0.45,0.72,195.7
2015-01-16 22:40:00,1377600.0,979.06,4.99,279.84,4.5,96.6,8.72,8.43,0.3,5.37,8.61,1222.21,0.81,1.2,214.0
2015-01-16 22:50:00,1378200.0,979.08,4.99,279.84,4.47,96.4,8.72,8.41,0.31,5.36,8.59,1222.24,0.79,1.36,212.4
2015-01-16 23:00:00,1378800.0,979.1,4.97,279.81,4.43,96.3,8.71,8.39,0.32,5.35,8.57,1222.37,0.36,0.64,124.1
2015-01-16 23:10:00,1379400.0,979.33,4.81,279.64,4.26,96.2,8.61,8.29,0.33,5.28,8.46,1223.4,1.68,2.2,215.6
2015-01-16 23:20:00,1380000.0,979.4,4.73,279.55,4.23,96.5,8.57,8.27,0.3,5.27,8.44,1223.83,1.64,2.02,206.6
2015-01-16 23:30:00,1380600.0,979.36,4.73,279.55,4.25,96.7,8.56,8.28,0.28,5.28,8.46,1223.8,1.29,1.68,203.2
2015-01-16 23:40:00,1381200.0,979.44,4.73,279.55,4.28,96.9,8.57,8.3,0.27,5.29,8.47,1223.88,1.08,1.68,200.8
2015-01-16 23:50:00,1381800.0,979.54,4.73,279.54,4.3,97.0,8.57,8.31,0.26,5.29,8.48,1224.01,1.13,1.76,194.4
2015-01-17 00:00:00,1382400.0,979.5,4.73,279.54,4.3,97.0,8.57,8.31,0.26,5.29,8.48,1223.96,0.98,1.72,190.4
2015-01-17 00:10:00,1383000.0,979.67,4.7,279.49,4.25,96.9,8.54,8.28,0.26,5.27,8.45,1224.34,1.11,1.48,213.0
2015-01-17 00:20:00,1383600.0,979.72,4.69,279.48,4.26,97.0,8.54,8.29,0.26,5.28,8.46,1224.41,0.69,1.0,224.2
2015-01-17 00:30:00,1384200.0,979.69,4.73,279.53,4.28,96.9,8.57,8.3,0.27,5.29,8.47,1224.19,0.72,1.08,242.4
2015-01-17 00:40:00,1384800.0,979.62,4.84,279.64,4.4,97.0,8.63,8.37,0.26,5.33,8.55,1223.6,0.21,0.48,287.3
2015-01-17 00:50:00,1385400.0,979.78,4.74,279.53,4.25,96.6,8.57,8.28,0.29,5.27,8.45,1224.27,0.37,0.84,224.0
2015-01-17 01:00:00,1386000.0,979.77,4.72,279.51,4.25,96.8,8.56,8.28,0.27,5.28,8.45,1224.37,0.69,1.32,8.9
2015-01-17 01:10:00,1386600.0,979.74,4.83,279.62,4.38,96.9,8.62,8.36,0.27,5.32,8.53,1223.81,1.06,1.72,346.3
2015-01-17 01:20:00,1387200.0,979.76,4.88,279.67,4.37,96.5,8.65,8.35,0.3,5.32,8.52,1223.62,0.98,1.6,259.4
2015-01-17 01:30:00,1387800.0,979.83,4.9,279.69,4.35,96.2,8.67,8.34,0.33,5.31,8.51,1223.6,1.04,2.36,265.2
2015-01-17 01:40:00,1388400.0,979.87,4.9,279.68,4.27,95.7,8.67,8.29,0.37,5.28,8.46,1223.69,1.41,2.16,267.8
2015-01-17 01:50:00,1389000.0,979.99,4.83,279.6,4.13,95.2,8.62,8.21,0.41,5.23,8.38,1224.19,1.69,4.09,275.9
2015-01-17 02:00:00,1389600.0,980.06,4.71,279.48,3.95,94.8,8.56,8.11,0.44,5.16,8.28,1224.82,1.54,4.09,268.7
2015-01-17 02:10:00,1390200.0,980.13,4.67,279.43,3.9,94.7,8.53,8.08,0.45,5.14,8.24,1225.1,1.26,3.28,275.3
2015-01-17 02:20:00,1390800.0,980.3,4.6,279.34,3.81,94.6,8.49,8.03,0.46,5.11,8.19,1225.67,1.12,2.84,261.8
2015-01-17 02:30:00,1391400.0,980.44,4.59,279.32,3.83,94.8,8.48,8.04,0.44,5.12,8.2,1225.89,0.94,1.8,279.3
2015-01-17 02:40:00,1392000.0,980.67,4.52,279.23,3.74,94.7,8.44,7.99,0.45,5.08,8.15,1226.51,0.87,2.88,205.5
2015-01-17 02:50:00,1392600.0,980.79,4.3,279.0,3.42,94.0,8.31,7.81,0.5,4.97,7.96,1227.73,1.26,2.88,307.0
2015-01-17 03:00:00,1393200.0,981.0,4.11,278.79,3.19,93.7,8.2,7.68,0.52,4.89,7.83,1228.88,1.24,3.48,292.3
2015-01-17 03:10:00,1393800.0,981.14,3.97,278.65,3.02,93.5,8.12,7.59,0.53,4.83,7.74,1229.71,1.1,2.32,312.3
2015-01-17 03:20:00,1394400.0,981.37,3.87,278.53,2.89,93.3,8.06,7.52,0.54,4.78,7.67,1230.47,1.29,3.53,292.7
2015-01-17 03:30:00,1395000.0,981.51,3.7,278.34,2.69,93.1,7.96,7.41,0.55,4.71,7.55,1231.48,1.16,3.69,327.0
2015-01-17 03:40:00,1395600.0,981.63,3.6,278.23,2.62,93.3,7.91,7.38,0.53,4.69,7.52,1232.08,1.27,2.8,290.3
2015-01-17 03:50:00,1396200.0,981.82,3.51,278.12,2.5,93.1,7.86,7.32,0.54,4.65,7.45,1232.75,1.87,5.21,279.3
2015-01-17 04:00:00,1396800.0,982.05,3.22,277.82,2.16,92.7,7.7,7.14,0.56,4.53,7.27,1234.41,1.95,3.36,275.7
2015-01-17 04:10:00,1397400.0,982.18,2.96,277.54,1.87,92.5,7.56,6.99,0.57,4.44,7.12,1235.81,2.15,4.77,280.7
2015-01-17 04:20:00,1398000.0,982.43,2.77,277.33,1.7,92.6,7.46,6.91,0.55,4.38,7.03,1237.02,2.47,4.85,277.7
2015-01-17 04:30:00,1398600.0,982.6,2.58,277.12,1.47,92.4,7.36,6.8,0.56,4.31,6.92,1238.16,2.08,3.77,270.7
2015-01-17 04:40:00,1399200.0,982.66,2.47,277.02,1.42,92.7,7.3,6.77,0.53,4.3,6.89,1238.71,1.55,3.45,257.6
2015-01-17 04:50:00,1399800.0,982.7,2.43,276.97,1.4,92.9,7.28,6.76,0.52,4.29,6.88,1238.96,0.99,1.76,264.8
2015-01-17 05:00:00,1400400.0,982.74,2.34,276.88,1.35,93.1,7.23,6.73,0.5,4.27,6.85,1239.41,1.07,2.4,255.2
2015-01-17 05:10:00,1401000.0,982.88,2.3,276.82,1.33,93.3,7.21,6.73,0.48,4.27,6.84,1239.79,1.14,2.08,252.5
2015-01-17 05:20:00,1401600.0,982.99,2.27,276.78,1.31,93.4,7.19,6.72,0.47,4.26,6.84,1240.08,1.51,2.36,250.6
2015-01-17 05:30:00,1402200.0,982.99,2.26,276.78,1.36,93.7,7.19,6.74,0.45,4.28,6.86,1240.08,1.08,1.64,249.1
2015-01-17 05:40:00,1402800.0,982.99,2.26,276.78,1.4,94.0,7.19,6.76,0.43,4.29,6.88,1240.07,1.02,1.28,242.1
2015-01-17 05:50:00,1403400.0,983.03,2.23,276.74,1.41,94.3,7.17,6.77,0.41,4.29,6.88,1240.28,1.1,1.44,235.3
2015-01-17 06:00:00,1404000.0,983.08,2.22,276.73,1.42,94.4,7.17,6.77,0.4,4.29,6.89,1240.38,0.65,1.0,212.7
2015-01-17 06:10:00,1404600.0,983.25,2.22,276.71,1.47,94.8,7.17,6.8,0.37,4.31,6.91,1240.59,0.72,1.16,187.9
2015-01-17 06:20:00,1405200.0,983.29,2.3,276.79,1.63,95.3,7.21,6.87,0.34,4.36,6.99,1240.23,0.72,1.28,155.6
2015-01-17 06:30:00,1405800.0,983.47,2.33,276.81,1.68,95.4,7.23,6.9,0.33,4.37,7.01,1240.31,0.75,1.28,172.2
2015-01-17 06:40:00,1406400.0,983.61,2.32,276.79,1.7,95.6,7.22,6.91,0.32,4.38,7.02,1240.52,0.73,1.32,203.1
2015-01-17 06:50:00,1407000.0,983.74,2.28,276.74,1.67,95.7,7.2,6.89,0.31,4.37,7.01,1240.86,0.99,1.28,208.1
2015-01-17 07:00:00,1407600.0,983.93,2.27,276.71,1.69,95.9,7.2,6.9,0.3,4.37,7.01,1241.16,0.74,1.16,178.9
2015-01-17 07:10:00,1408200.0,983.97,2.33,276.77,1.75,95.9,7.23,6.93,0.3,4.39,7.05,1240.91,0.74,1.72,139.3
2015-01-17 07:20:00,1408800.0,984.12,2.2,276.62,1.62,95.9,7.16,6.87,0.29,4.35,6.98,1241.73,0.85,1.6,150.4
2015-01-17 07:30:00,1409400.0,984.37,2.18,276.58,1.64,96.2,7.15,6.88,0.27,4.36,6.99,1242.16,0.78,1.56,178.3
2015-01-17 07:40:00,1410000.0,984.61,2.25,276.63,1.75,96.5,7.18,6.93,0.25,4.39,7.04,1242.12,0.36,0.74,165.8
2015-01-17 07:50:00,1410600.0,984.74,2.39,276.77,1.93,96.7,7.26,7.02,0.24,4.45,7.13,1241.57,0.33,0.96,71.0
2015-01-17 08:00:00,1411200.0,984.94,2.42,276.78,1.89,96.3,7.27,7.0,0.27,4.43,7.11,1241.72,0.24,0.52,190.5
2015-01-17 08:10:00,1411800.0,985.06,2.36,276.71,1.82,96.2,7.24,6.97,0.28,4.41,7.07,1242.16,0.46,1.08,137.9
2015-01-17 08:20:00,1412400.0,985.23,2.34,276.67,1.79,96.2,7.23,6.95,0.27,4.4,7.06,1242.49,0.62,1.04,172.1
2015-01-17 08:30:00,1413000.0,985.43,2.25,276.56,1.71,96.2,7.18,6.91,0.27,4.37,7.01,1243.16,0.87,1.16,216.4
2015-01-17 08:40:00,1413600.0,985.48,2.31,276.62,1.82,96.6,7.21,6.97,0.25,4.41,7.07,1242.93,0.45,0.9,208.9
2015-01-17 08:50:00,1414200.0,985.66,2.4,276.7,1.9,96.5,7.26,7.01,0.25,4.43,7.11,1242.72,0.79,1.48,166.3
2015-01-17 09:00:00,1414800.0,985.85,2.35,276.63,1.82,96.3,7.23,6.97,0.27,4.41,7.07,1243.22,0.89,1.32,165.2
2015-01-17 09:10:00,1415400.0,986.08,2.37,276.64,1.87,96.5,7.25,6.99,0.25,4.42,7.09,1243.39,0.71,1.2,197.1
2015-01-17 09:20:00,1416000.0,986.14,2.5,276.76,2.03,96.7,7.32,7.07,0.24,4.47,7.17,1242.84,0.45,0.96,150.3
2015-01-17 09:30:00,1416600.0,986.28,2.53,276.78,2.01,96.3,7.33,7.06,0.27,4.47,7.16,1242.88,0.72,1.36,153.0
2015-01-17 09:40:00,1417200.0,986.31,2.55,276.8,2.05,96.5,7.34,7.08,0.26,4.48,7.18,1242.84,0.97,1.68,190.9
2015-01-17 09:50:00,1417800.0,986.32,2.54,276.79,2.04,96.5,7.34,7.08,0.26,4.48,7.18,1242.89,0.76,1.34,150.4
2015-01-17 10:00:00,1418400.0,986.38,2.61,276.85,2.13,96.6,7.37,7.12,0.25,4.5,7.22,1242.63,0.71,1.2,148.5
2015-01-17 10:10:00,1419000.0,986.33,2.68,276.93,2.24,96.9,7.41,7.18,0.23,4.54,7.28,1242.2,0.7,1.84,244.0
2015-01-17 10:20:00,1419600.0,986.55,2.95,277.18,2.49,96.8,7.55,7.31,0.24,4.62,7.41,1241.22,1.52,2.8,244.3
2015-01-17 10:30:00,1420200.0,986.6,3.0,277.23,2.43,96.0,7.58,7.28,0.3,4.6,7.38,1241.05,1.73,2.6,251.6
2015-01-17 10:40:00,1420800.0,986.73,3.09,277.3,2.38,95.1,7.63,7.25,0.37,4.59,7.35,1240.86,1.79,2.74,247.1
2015-01-17 10:50:00,1421400.0,986.85,3.15,277.36,2.33,94.3,7.66,7.23,0.44,4.57,7.32,1240.73,1.77,2.88,242.4
2015-01-17 11:00:00,1422000.0,986.89,3.24,277.45,2.34,93.8,7.71,7.23,0.48,4.57,7.33,1240.38,2.11,2.92,247.6
2015-01-17 11:10:00,1422600.0,986.9,3.33,277.54,2.31,93.0,7.76,7.22,0.54,4.56,7.31,1239.99,2.22,3.0,248.0
2015-01-17 11:20:00,1423200.0,986.97,3.4,277.6,2.31,92.5,7.8,7.22,0.59,4.56,7.31,1239.76,2.05,3.32,256.2
2015-01-17 11:30:00,1423800.0,987.05,3.5,277.69,2.31,91.9,7.85,7.22,0.64,4.56,7.31,1239.42,1.51,2.76,255.7
2015-01-17 11:40:00,1424400.0,987.05,3.58,277.78,2.3,91.3,7.9,7.21,0.69,4.56,7.31,1239.05,1.16,2.04,262.3
2015-01-17 11:50:00,1425000.0,987.04,3.71,277.9,2.38,91.0,7.97,7.25,0.72,4.58,7.35,1238.45,0.98,2.16,266.4
2015-01-17 12:00:00,1425600.0,987.15,3.8,277.99,2.41,90.6,8.03,7.27,0.75,4.59,7.37,1238.16,0.96,2.04,249.1
2015-01-17 12:10:00,1426200.0,987.17,3.92,278.11,2.32,89.2,8.09,7.22,0.87,4.56,7.31,1237.68,0.97,1.8,280.5
2015-01-17 12:20:00,1426800.0,987.18,3.97,278.15,2.19,88.1,8.12,7.15,0.97,4.52,7.25,1237.52,1.39,2.68,280.9
2015-01-17 12:30:00,1427400.0,987.2,3.98,278.17,2.12,87.6,8.13,7.12,1.01,4.5,7.21,1237.49,1.37,2.76,269.5
2015-01-17 12:40:00,1428000.0,987.24,4.16,278.34,2.26,87.4,8.23,7.19,1.04,4.54,7.28,1236.74,1.09,2.04,268.0
2015-01-17 12:50:00,1428600.0,987.31,4.38,278.56,2.22,85.8,8.36,7.17,1.19,4.53,7.27,1235.82,1.38,3.28,259.4
2015-01-17 13:00:00,1429200.0,987.38,4.38,278.55,2.13,85.2,8.36,7.12,1.24,4.5,7.21,1235.94,1.37,3.08,269.6
2015-01-17 13:10:00,1429800.0,987.6,4.56,278.71,2.25,84.9,8.46,7.18,1.28,4.54,7.28,1235.41,1.37,2.52,251.7
2015-01-17 13:20:00,1430400.0,987.64,4.57,278.72,2.04,83.6,8.47,7.08,1.39,4.47,7.17,1235.46,1.36,2.52,245.1
2015-01-17 13:30:00,1431000.0,987.65,4.5,278.65,1.96,83.5,8.43,7.04,1.39,4.44,7.13,1235.8,1.06,1.9,260.4
2015-01-17 13:40:00,1431600.0,987.61,4.37,278.53,1.65,82.4,8.35,6.88,1.47,4.35,6.97,1236.38,1.17,2.46,265.0
2015-01-17 13:50:00,1432200.0,987.63,4.3,278.45,1.51,82.0,8.31,6.81,1.5,4.3,6.9,1236.77,1.1,2.2,277.2
2015-01-17 14:00:00,1432800.0,987.76,4.44,278.58,1.72,82.4,8.39,6.92,1.48,4.37,7.0,1236.25,0.47,1.24,275.7
2015-01-17 14:10:00,1433400.0,987.84,4.74,278.88,1.76,80.9,8.57,6.94,1.64,4.38,7.02,1235.01,0.58,1.76,187.4
2015-01-17 14:20:00,1434000.0,987.94,4.54,278.66,1.63,81.3,8.45,6.87,1.58,4.34,6.95,1236.07,1.28,2.44,237.4
2015-01-17 14:30:00,1434600.0,987.99,4.3,278.42,1.56,82.3,8.31,6.84,1.47,4.32,6.92,1237.23,1.31,1.92,245.2
2015-01-17 14:40:00,1435200.0,988.07,4.26,278.37,1.3,81.0,8.29,6.71,1.57,4.24,6.79,1237.57,1.29,2.04,260.6
2015-01-17 14:50:00,1435800.0,988.05,4.55,278.66,1.06,78.0,8.46,6.6,1.86,4.16,6.68,1236.3,1.07,1.86,274.7
2015-01-17 15:00:00,1436400.0,988.07,4.52,278.63,0.85,77.0,8.44,6.5,1.94,4.1,6.58,1236.5,1.11,1.96,250.9
2015-01-17 15:10:00,1437000.0,988.11,4.31,278.42,0.67,77.1,8.32,6.41,1.9,4.05,6.49,1237.53,1.24,2.16,277.8
2015-01-17 15:20:00,1437600.0,988.26,4.22,278.32,0.55,76.9,8.27,6.36,1.91,4.01,6.43,1238.12,1.05,1.72,259.8
2015-01-17 15:30:00,1438200.0,988.22,4.11,278.21,0.47,77.1,8.2,6.32,1.88,3.99,6.4,1238.6,1.37,2.04,260.6
2015-01-17 15:40:00,1438800.0,988.28,4.03,278.12,0.55,78.0,8.15,6.36,1.79,4.01,6.43,1239.02,1.0,1.96,252.1
2015-01-17 15:50:00,1439400.0,988.29,3.91,278.01,0.58,78.8,8.09,6.37,1.71,4.02,6.45,1239.55,1.01,1.52,252.6
2015-01-17 16:00:00,1440000.0,988.35,3.8,277.89,0.49,78.9,8.02,6.33,1.69,3.99,6.41,1240.13,1.04,1.48,257.1
2015-01-17 16:10:00,1440600.0,988.46,3.67,277.75,0.14,77.6,7.95,6.17,1.78,3.89,6.24,1240.94,0.98,1.52,257.6
2015-01-17 16:20:00,1441200.0,988.47,3.58,277.66,0.01,77.4,7.9,6.11,1.78,3.86,6.18,1241.39,0.6,0.96,276.9
2015-01-17 16:30:00,1441800.0,988.58,3.5,277.57,-0.08,77.3,7.85,6.07,1.78,3.83,6.14,1241.9,0.7,0.96,242.3
2015-01-17 16:40:00,1442400.0,988.67,3.28,277.34,-0.01,78.9,7.73,6.1,1.63,3.85,6.17,1242.98,0.91,1.7,238.3
2015-01-17 16:50:00,1443000.0,988.91,3.0,277.04,0.34,82.6,7.58,6.26,1.32,3.95,6.33,1244.49,1.84,2.32,248.4
2015-01-17 17:00:00,1443600.0,989.14,2.91,276.94,0.16,82.0,7.53,6.18,1.36,3.89,6.25,1245.2,1.38,1.76,245.5
2015-01-17 17:10:00,1444200.0,989.33,2.98,276.99,-0.1,80.1,7.57,6.06,1.51,3.82,6.13,1245.18,0.76,1.24,256.4
2015-01-17 17:20:00,1444800.0,989.37,2.93,276.93,-0.13,80.2,7.54,6.05,1.49,3.81,6.11,1245.47,1.18,1.6,253.7
2015-01-17 17:30:00,1445400.0,989.45,3.04,277.04,-0.22,79.1,7.6,6.01,1.59,3.79,6.08,1245.11,0.63,0.92,268.4
2015-01-17 17:40:00,1446000.0,989.43,2.9,276.9,-0.21,79.9,7.53,6.01,1.51,3.79,6.08,1245.71,0.38,0.68,18.93
2015-01-17 17:50:00,1446600.0,989.42,2.75,276.75,0.11,82.7,7.44,6.16,1.29,3.88,6.22,1246.31,0.43,0.8,73.5
2015-01-17 18:00:00,1447200.0,989.41,2.4,276.4,0.28,85.8,7.26,6.23,1.03,3.93,6.3,1247.82,0.32,0.64,74.7
2015-01-17 18:10:00,1447800.0,989.39,2.04,276.04,0.19,87.5,7.08,6.19,0.88,3.9,6.26,1249.46,0.24,0.68,10.65
2015-01-17 18:20:00,1448400.0,989.48,1.72,275.71,-0.08,87.8,6.92,6.07,0.84,3.83,6.14,1251.09,1.57,3.04,251.8
2015-01-17 18:30:00,1449000.0,989.5,1.35,275.34,-0.39,88.1,6.74,5.93,0.8,3.74,6.0,1252.86,1.73,2.8,224.9
2015-01-17 18:40:00,1449600.0,989.5,1.32,275.31,-0.13,90.0,6.72,6.05,0.67,3.81,6.11,1252.95,2.09,2.64,240.3
2015-01-17 18:50:00,1450200.0,989.52,1.46,275.45,-0.3,88.0,6.79,5.98,0.81,3.76,6.04,1252.35,2.21,2.6,245.5
2015-01-17 19:00:00,1450800.0,989.59,1.34,275.33,-0.34,88.5,6.73,5.96,0.77,3.75,6.02,1252.99,1.63,2.08,229.2
2015-01-17 19:10:00,1451400.0,989.62,1.28,275.26,-0.29,89.2,6.7,5.98,0.72,3.77,6.04,1253.29,1.36,1.84,231.9
2015-01-17 19:20:00,1452000.0,989.63,1.13,275.11,-0.41,89.4,6.63,5.93,0.7,3.73,5.99,1254.02,0.85,1.56,249.8
2015-01-17 19:30:00,1452600.0,989.68,0.91,274.88,-0.45,90.6,6.52,5.91,0.61,3.72,5.97,1255.11,0.57,1.32,243.6
2015-01-17 19:40:00,1453200.0,989.73,0.77,274.74,-0.4,91.8,6.46,5.93,0.53,3.74,5.99,1255.78,0.99,1.24,221.1
2015-01-17 19:50:00,1453800.0,989.73,0.69,274.66,-0.36,92.6,6.42,5.95,0.48,3.75,6.01,1256.14,1.41,1.92,228.8
2015-01-17 20:00:00,1454400.0,989.82,0.56,274.52,-0.48,92.7,6.36,5.9,0.46,3.71,5.96,1256.91,1.71,2.16,227.5
2015-01-17 20:10:00,1455000.0,989.9,0.47,274.43,-0.6,92.5,6.32,5.85,0.47,3.68,5.91,1257.43,1.08,2.16,225.7
2015-01-17 20:20:00,1455600.0,989.98,0.35,274.3,-0.69,92.7,6.27,5.81,0.46,3.66,5.87,1258.1,1.58,1.96,235.7
2015-01-17 20:30:00,1456200.0,990.02,0.37,274.31,-0.58,93.3,6.27,5.85,0.42,3.68,5.91,1258.07,1.18,1.64,232.0
2015-01-17 20:40:00,1456800.0,990.12,0.26,274.2,-0.67,93.4,6.23,5.82,0.41,3.66,5.87,1258.68,0.51,1.0,209.1
2015-01-17 20:50:00,1457400.0,990.19,0.25,274.18,-0.54,94.4,6.22,5.87,0.35,3.7,5.93,1258.8,0.73,1.02,219.5
2015-01-17 21:00:00,1458000.0,990.22,0.27,274.2,-0.44,94.9,6.23,5.91,0.32,3.72,5.97,1258.72,0.99,1.6,240.9
2015-01-17 21:10:00,1458600.0,990.22,0.38,274.31,-0.25,95.5,6.28,6.0,0.28,3.77,6.05,1258.2,0.64,1.24,282.3
2015-01-17 21:20:00,1459200.0,990.22,0.41,274.34,-0.22,95.5,6.29,6.01,0.28,3.78,6.07,1258.02,0.47,0.72,187.5
2015-01-17 21:30:00,1459800.0,990.27,-0.08,273.84,-0.78,95.0,6.07,5.77,0.3,3.63,5.82,1260.48,0.69,1.44,178.1
2015-01-17 21:40:00,1460400.0,990.37,-0.52,273.4,-1.15,95.5,5.88,5.62,0.26,3.53,5.67,1262.71,1.02,1.52,236.0
2015-01-17 21:50:00,1461000.0,990.48,-0.68,273.22,-1.28,95.7,5.81,5.56,0.25,3.5,5.61,1263.64,1.46,2.0,171.0
2015-01-17 22:00:00,1461600.0,990.52,-0.75,273.16,-1.23,96.5,5.78,5.58,0.2,3.51,5.63,1263.97,1.09,1.76,179.1
2015-01-17 22:10:00,1462200.0,990.58,-0.74,273.16,-1.2,96.7,5.79,5.59,0.19,3.52,5.65,1264.01,1.12,1.6,203.3
2015-01-17 22:20:00,1462800.0,990.7,-0.82,273.07,-1.24,97.0,5.75,5.58,0.17,3.51,5.63,1264.56,1.01,1.4,205.5
2015-01-17 22:30:00,1463400.0,990.74,-0.92,272.96,-1.29,97.3,5.71,5.55,0.15,3.49,5.61,1265.08,0.68,1.0,184.6
2015-01-17 22:40:00,1464000.0,990.77,-0.85,273.03,-1.16,97.8,5.74,5.61,0.13,3.53,5.66,1264.78,0.91,1.44,206.8
2015-01-17 22:50:00,1464600.0,990.84,-0.81,273.07,-1.12,97.7,5.76,5.63,0.13,3.54,5.68,1264.64,0.98,1.52,198.8
2015-01-17 23:00:00,1465200.0,990.85,-0.99,272.89,-1.3,97.7,5.68,5.55,0.13,3.49,5.6,1265.52,1.27,2.36,187.5
2015-01-17 23:10:00,1465800.0,990.84,-1.02,272.85,-1.31,97.9,5.67,5.55,0.12,3.49,5.6,1265.68,1.5,2.16,194.3
2015-01-17 23:20:00,1466400.0,990.85,-0.98,272.9,-1.24,98.1,5.69,5.58,0.11,3.51,5.63,1265.48,1.5,2.44,189.7
2015-01-17 23:30:00,1467000.0,990.85,-0.88,273.0,-1.13,98.2,5.73,5.62,0.1,3.54,5.68,1265.0,1.82,2.68,180.1
2015-01-17 23:40:00,1467600.0,990.94,-0.98,272.89,-1.25,98.0,5.69,5.57,0.11,3.51,5.62,1265.58,1.4,2.0,183.0
2015-01-17 23:50:00,1468200.0,990.94,-0.83,273.04,-1.05,98.4,5.75,5.65,0.09,3.56,5.71,1264.88,1.32,2.8,192.3
2015-01-18 00:00:00,1468800.0,990.85,-0.69,273.19,-0.91,98.4,5.81,5.72,0.09,3.6,5.77,1264.05,1.01,1.84,225.8
2015-01-18 00:10:00,1469400.0,990.88,-0.66,273.21,-0.88,98.4,5.82,5.73,0.09,3.6,5.78,1263.97,1.56,2.68,223.5
2015-01-18 00:20:00,1470000.0,990.94,-0.57,273.3,-0.78,98.5,5.86,5.77,0.09,3.63,5.82,1263.6,1.3,1.8,236.0
2015-01-18 00:30:00,1470600.0,990.98,-0.48,273.39,-0.67,98.6,5.9,5.81,0.08,3.66,5.87,1263.21,1.1,1.72,229.1
2015-01-18 00:40:00,1471200.0,990.97,-0.47,273.4,-0.66,98.6,5.9,5.82,0.08,3.66,5.87,1263.16,1.52,2.2,222.7
2015-01-18 00:50:00,1471800.0,990.96,-0.47,273.4,-0.66,98.6,5.9,5.82,0.08,3.66,5.87,1263.15,1.26,1.92,226.6
2015-01-18 01:00:00,1472400.0,990.89,-0.52,273.36,-0.72,98.5,5.88,5.79,0.09,3.64,5.85,1263.27,1.37,1.76,220.3
2015-01-18 01:10:00,1473000.0,990.93,-0.72,273.15,-0.94,98.4,5.8,5.7,0.09,3.59,5.76,1264.3,1.91,2.44,225.0
2015-01-18 01:20:00,1473600.0,990.96,-0.88,272.99,-1.09,98.5,5.73,5.64,0.09,3.55,5.69,1265.13,1.8,2.48,221.6
2015-01-18 01:30:00,1474200.0,990.95,-0.9,272.97,-1.07,98.7,5.72,5.65,0.07,3.55,5.7,1265.18,1.82,2.36,228.6
2015-01-18 01:40:00,1474800.0,990.97,-0.87,273.0,-1.03,98.8,5.73,5.66,0.07,3.56,5.71,1265.07,1.25,2.08,229.6
2015-01-18 01:50:00,1475400.0,990.95,-0.9,272.97,-1.07,98.7,5.72,5.65,0.07,3.55,5.7,1265.19,1.73,2.28,229.6
2015-01-18 02:00:00,1476000.0,990.96,-0.97,272.9,-1.15,98.7,5.69,5.61,0.07,3.53,5.67,1265.57,1.6,2.12,218.4
2015-01-18 02:10:00,1476600.0,990.96,-1.14,272.73,-1.31,98.7,5.62,5.55,0.07,3.49,5.6,1266.37,1.74,2.08,213.4
2015-01-18 02:20:00,1477200.0,990.95,-1.23,272.63,-1.41,98.7,5.58,5.51,0.07,3.46,5.56,1266.83,1.71,2.38,212.1
2015-01-18 02:30:00,1477800.0,990.9,-1.27,272.6,-1.44,98.8,5.56,5.5,0.07,3.46,5.55,1266.95,1.87,2.68,194.5
2015-01-18 02:40:00,1478400.0,990.85,-1.25,272.63,-1.4,98.9,5.57,5.51,0.06,3.47,5.56,1266.77,1.67,3.04,183.9
2015-01-18 02:50:00,1479000.0,990.89,-1.31,272.56,-1.48,98.8,5.55,5.48,0.07,3.45,5.53,1267.13,1.64,3.0,193.4
2015-01-18 03:00:00,1479600.0,990.96,-1.38,272.48,-1.55,98.8,5.52,5.45,0.07,3.43,5.5,1267.56,1.55,2.68,200.2
2015-01-18 03:10:00,1480200.0,990.9,-1.47,272.4,-1.64,98.8,5.48,5.42,0.07,3.41,5.47,1267.93,1.41,2.4,190.1
2015-01-18 03:20:00,1480800.0,990.9,-1.61,272.26,-1.79,98.7,5.43,5.36,0.07,3.37,5.4,1268.6,1.05,1.68,197.8
2015-01-18 03:30:00,1481400.0,990.87,-1.85,272.02,-2.04,98.6,5.33,5.26,0.07,3.31,5.3,1269.72,1.41,2.2,214.0
2015-01-18 03:40:00,1482000.0,990.84,-1.98,271.89,-2.16,98.7,5.28,5.21,0.07,3.28,5.26,1270.31,1.46,2.08,224.7
2015-01-18 03:50:00,1482600.0,990.85,-1.93,271.95,-2.08,98.9,5.3,5.24,0.06,3.3,5.29,1270.06,1.47,2.12,215.9
2015-01-18 04:00:00,1483200.0,990.85,-2.08,271.79,-2.26,98.7,5.24,5.17,0.07,3.25,5.22,1270.81,1.36,2.22,217.4
2015-01-18 04:10:00,1483800.0,990.74,-2.13,271.75,-2.29,98.8,5.22,5.16,0.06,3.24,5.21,1270.92,1.17,1.92,215.0
2015-01-18 04:20:00,1484400.0,990.72,-2.27,271.61,-2.46,98.6,5.17,5.09,0.07,3.2,5.14,1271.59,1.06,1.72,218.1
2015-01-18 04:30:00,1485000.0,990.72,-2.41,271.47,-2.6,98.6,5.11,5.04,0.07,3.17,5.09,1272.26,0.96,1.8,222.2
2015-01-18 04:40:00,1485600.0,990.72,-2.75,271.13,-3.0,98.2,4.98,4.89,0.09,3.08,4.94,1273.95,1.08,1.32,202.7
2015-01-18 04:50:00,1486200.0,990.72,-3.13,270.75,-3.37,98.2,4.85,4.76,0.09,2.99,4.8,1275.8,0.65,1.12,209.4
2015-01-18 05:00:00,1486800.0,990.63,-3.0,270.89,-3.19,98.6,4.89,4.82,0.07,3.03,4.87,1275.04,0.64,1.22,154.3
2015-01-18 05:10:00,1487400.0,990.6,-2.85,271.05,-3.03,98.6,4.95,4.88,0.07,3.07,4.93,1274.23,0.26,0.72,13.76
2015-01-18 05:20:00,1488000.0,990.58,-2.49,271.4,-2.65,98.8,5.08,5.02,0.06,3.16,5.07,1272.46,0.81,1.52,51.04
2015-01-18 05:30:00,1488600.0,990.51,-2.3,271.6,-2.48,98.6,5.16,5.09,0.07,3.2,5.13,1271.43,1.0,1.72,91.1
2015-01-18 05:40:00,1489200.0,990.47,-2.22,271.69,-2.42,98.5,5.19,5.11,0.08,3.22,5.16,1270.99,0.94,2.08,118.6
2015-01-18 05:50:00,1489800.0,990.4,-2.47,271.44,-2.71,98.2,5.09,5.0,0.09,3.15,5.05,1272.15,1.2,2.0,89.1
2015-01-18 06:00:00,1490400.0,990.35,-2.47,271.44,-2.7,98.3,5.09,5.01,0.09,3.15,5.05,1272.07,0.67,1.64,126.1
2015-01-18 06:10:00,1491000.0,990.27,-2.47,271.45,-2.69,98.3,5.09,5.01,0.09,3.15,5.06,1271.96,1.26,2.6,126.4
2015-01-18 06:20:00,1491600.0,990.37,-2.47,271.44,-2.7,98.3,5.09,5.0,0.09,3.15,5.05,1272.1,1.01,1.56,74.1
2015-01-18 06:30:00,1492200.0,990.41,-2.39,271.52,-2.61,98.4,5.12,5.04,0.08,3.17,5.09,1271.78,1.33,2.0,91.6
2015-01-18 06:40:00,1492800.0,990.41,-2.36,271.55,-2.59,98.3,5.13,5.05,0.09,3.18,5.1,1271.61,0.94,1.68,128.3
2015-01-18 06:50:00,1493400.0,990.39,-2.44,271.47,-2.68,98.2,5.1,5.01,0.09,3.15,5.06,1271.97,0.88,1.52,129.3
2015-01-18 07:00:00,1494000.0,990.39,-2.51,271.4,-2.77,98.1,5.08,4.98,0.1,3.13,5.03,1272.33,0.74,1.28,138.3
2015-01-18 07:10:00,1494600.0,990.44,-2.51,271.4,-2.75,98.2,5.08,4.99,0.09,3.14,5.03,1272.38,0.66,1.24,140.0
2015-01-18 07:20:00,1495200.0,990.49,-2.63,271.27,-2.9,98.0,5.03,4.93,0.1,3.1,4.98,1273.04,1.0,1.88,76.9
2015-01-18 07:30:00,1495800.0,990.53,-2.73,271.16,-3.0,98.0,4.99,4.89,0.1,3.08,4.94,1273.61,0.84,1.48,60.81
2015-01-18 07:40:00,1496400.0,990.63,-2.85,271.04,-3.13,97.9,4.95,4.85,0.1,3.05,4.89,1274.29,0.96,1.48,24.41
2015-01-18 07:50:00,1497000.0,990.65,-2.96,270.92,-3.25,97.9,4.91,4.8,0.1,3.02,4.85,1274.89,0.58,1.2,33.71
2015-01-18 08:00:00,1497600.0,990.67,-3.04,270.84,-3.35,97.7,4.88,4.77,0.11,3.0,4.81,1275.3,0.4,0.72,183.8
2015-01-18 08:10:00,1498200.0,990.75,-3.32,270.56,-3.67,97.4,4.78,4.65,0.12,2.93,4.7,1276.77,0.54,0.94,212.1
2015-01-18 08:20:00,1498800.0,990.77,-3.45,270.43,-3.77,97.6,4.73,4.62,0.11,2.91,4.66,1277.41,0.42,0.86,215.7
2015-01-18 08:30:00,1499400.0,990.8,-3.47,270.4,-3.79,97.6,4.72,4.61,0.11,2.9,4.65,1277.58,0.52,0.76,160.1
2015-01-18 08:40:00,1500000.0,990.82,-3.5,270.37,-3.84,97.5,4.71,4.59,0.12,2.89,4.64,1277.76,0.6,1.22,155.0
2015-01-18 08:50:00,1500600.0,990.77,-3.44,270.43,-3.79,97.4,4.73,4.61,0.12,2.9,4.65,1277.4,0.71,1.2,207.1
2015-01-18 09:00:00,1501200.0,990.77,-3.59,270.29,-4.0,96.9,4.68,4.54,0.15,2.85,4.58,1278.11,0.93,1.28,195.6
2015-01-18 09:10:00,1501800.0,990.77,-3.54,270.34,-3.9,97.3,4.7,4.57,0.13,2.88,4.62,1277.88,0.43,1.08,194.2
2015-01-18 09:20:00,1502400.0,990.77,-2.93,270.95,-3.17,98.2,4.92,4.83,0.09,3.04,4.88,1274.87,0.44,1.24,175.1
2015-01-18 09:30:00,1503000.0,990.76,-2.58,271.3,-2.89,97.7,5.05,4.93,0.12,3.1,4.98,1273.15,0.87,1.72,180.4
2015-01-18 09:40:00,1503600.0,990.68,-2.76,271.12,-3.13,97.3,4.98,4.85,0.13,3.05,4.89,1273.96,0.99,1.56,208.0
2015-01-18 09:50:00,1504200.0,990.63,-2.43,271.46,-2.69,98.1,5.11,5.01,0.1,3.15,5.06,1272.24,0.58,1.36,166.1
2015-01-18 10:00:00,1504800.0,990.57,-1.99,271.91,-2.25,98.1,5.28,5.18,0.1,3.26,5.23,1270.03,0.33,0.84,123.7
2015-01-18 10:10:00,1505400.0,990.53,-1.82,272.08,-2.09,98.0,5.34,5.24,0.11,3.29,5.29,1269.15,0.45,1.24,137.6
2015-01-18 10:20:00,1506000.0,990.57,-1.4,272.5,-1.63,98.3,5.51,5.42,0.09,3.41,5.47,1267.14,0.6,1.36,152.3
2015-01-18 10:30:00,1506600.0,990.59,-1.17,272.73,-1.4,98.3,5.61,5.51,0.1,3.47,5.56,1266.05,1.02,2.0,157.1
2015-01-18 10:40:00,1507200.0,990.6,-1.03,272.87,-1.26,98.3,5.67,5.57,0.1,3.5,5.62,1265.37,0.87,1.6,200.2
2015-01-18 10:50:00,1507800.0,990.6,-0.86,273.04,-1.08,98.4,5.74,5.64,0.09,3.55,5.7,1264.56,1.0,1.46,219.1
2015-01-18 11:00:00,1508400.0,990.53,-0.64,273.26,-0.85,98.5,5.83,5.74,0.09,3.61,5.8,1263.41,0.98,1.72,152.6
2015-01-18 11:10:00,1509000.0,990.47,-0.44,273.47,-0.62,98.7,5.92,5.84,0.08,3.67,5.89,1262.36,1.64,2.98,158.5
2015-01-18 11:20:00,1509600.0,990.38,-0.38,273.54,-0.54,98.8,5.94,5.87,0.07,3.7,5.93,1261.94,2.6,3.81,158.0
2015-01-18 11:30:00,1510200.0,990.34,-0.28,273.63,-0.45,98.8,5.98,5.91,0.07,3.72,5.97,1261.44,2.39,3.41,160.1
2015-01-18 11:40:00,1510800.0,990.28,-0.1,273.82,-0.27,98.8,6.06,5.99,0.07,3.77,6.05,1260.48,2.08,3.36,162.6
2015-01-18 11:50:00,1511400.0,990.21,0.28,274.21,0.1,98.7,6.23,6.15,0.08,3.87,6.21,1258.56,2.88,5.23,174.9
2015-01-18 12:00:00,1512000.0,990.11,0.4,274.34,0.18,98.4,6.29,6.19,0.1,3.9,6.25,1257.88,4.07,7.05,184.7
2015-01-18 12:10:00,1512600.0,990.01,0.7,274.65,0.47,98.3,6.43,6.32,0.11,3.98,6.38,1256.28,3.41,5.53,180.5
2015-01-18 12:20:00,1513200.0,989.91,1.0,274.96,0.59,97.1,6.57,6.38,0.19,4.02,6.44,1254.76,3.84,5.41,188.8
2015-01-18 12:30:00,1513800.0,989.85,1.71,275.68,1.42,97.9,6.91,6.77,0.15,4.26,6.84,1251.24,4.24,6.21,199.9
2015-01-18 12:40:00,1514400.0,989.79,1.83,275.8,1.51,97.7,6.97,6.81,0.16,4.29,6.88,1250.61,4.01,6.61,203.1
2015-01-18 12:50:00,1515000.0,989.76,2.01,275.98,1.37,95.5,7.06,6.75,0.32,4.25,6.81,1249.8,3.33,4.73,204.6
2015-01-18 13:00:00,1515600.0,989.62,2.12,276.1,0.76,90.7,7.12,6.46,0.66,4.07,6.52,1249.26,3.37,5.15,200.2
2015-01-18 13:10:00,1516200.0,989.51,2.61,276.6,-0.64,79.1,7.37,5.83,1.54,3.67,5.89,1247.22,2.47,4.13,196.6
2015-01-18 13:20:00,1516800.0,989.45,3.01,277.01,-1.56,71.8,7.59,5.45,2.14,3.43,5.5,1245.5,3.12,4.37,194.5
2015-01-18 13:30:00,1517400.0,989.39,2.86,276.86,-1.82,71.2,7.5,5.34,2.16,3.37,5.4,1246.15,2.9,4.43,204.7
2015-01-18 13:40:00,1518000.0,989.32,3.01,277.02,-1.75,70.8,7.59,5.37,2.22,3.38,5.43,1245.35,2.9,4.41,224.1
2015-01-18 13:50:00,1518600.0,989.24,3.07,277.09,-1.77,70.4,7.62,5.36,2.26,3.38,5.42,1244.98,3.06,4.33,205.5
2015-01-18 14:00:00,1519200.0,989.13,3.01,277.04,-2.36,67.65,7.59,5.13,2.45,3.23,5.19,1245.24,4.8,7.41,208.6
2015-01-18 14:10:00,1519800.0,989.02,3.0,277.04,-2.41,67.45,7.58,5.11,2.47,3.22,5.17,1245.14,3.45,5.05,209.1
2015-01-18 14:20:00,1520400.0,988.94,3.06,277.1,-2.5,66.73,7.61,5.08,2.53,3.2,5.14,1244.79,4.11,5.57,211.2
2015-01-18 14:30:00,1521000.0,988.85,2.91,276.95,-2.53,67.32,7.53,5.07,2.46,3.2,5.13,1245.38,3.37,5.37,204.4
2015-01-18 14:40:00,1521600.0,988.82,3.27,277.32,-2.47,65.9,7.73,5.09,2.64,3.21,5.15,1243.7,2.88,4.25,200.0
2015-01-18 14:50:00,1522200.0,988.74,3.48,277.54,-2.66,63.99,7.84,5.02,2.82,3.16,5.08,1242.68,3.91,5.25,214.4
2015-01-18 15:00:00,1522800.0,988.64,3.2,277.27,-2.77,64.74,7.69,4.98,2.71,3.14,5.04,1243.83,4.0,5.29,211.4
2015-01-18 15:10:00,1523400.0,988.64,3.07,277.14,-2.64,65.96,7.62,5.03,2.59,3.17,5.08,1244.39,2.85,4.29,204.0
2015-01-18 15:20:00,1524000.0,988.66,3.19,277.26,-2.65,65.34,7.69,5.02,2.66,3.17,5.08,1243.87,2.26,3.81,196.2
2015-01-18 15:30:00,1524600.0,988.64,3.29,277.35,-2.81,64.18,7.74,4.97,2.77,3.13,5.02,1243.46,3.14,4.25,212.8
2015-01-18 15:40:00,1525200.0,988.62,3.49,277.55,-2.71,63.75,7.85,5.0,2.84,3.15,5.06,1242.52,2.68,3.77,183.2
2015-01-18 15:50:00,1525800.0,988.53,3.46,277.53,-2.73,63.76,7.83,4.99,2.84,3.15,5.05,1242.54,3.13,5.29,196.9
2015-01-18 16:00:00,1526400.0,988.51,3.01,277.08,-2.94,64.82,7.58,4.92,2.67,3.1,4.97,1244.58,3.85,5.41,211.2
2015-01-18 16:10:00,1527000.0,988.52,2.8,276.87,-2.97,65.67,7.47,4.91,2.56,3.09,4.96,1245.55,3.74,5.05,211.1
2015-01-18 16:20:00,1527600.0,988.58,2.37,276.43,-2.93,67.9,7.25,4.92,2.33,3.1,4.98,1247.56,3.42,3.89,210.1
2015-01-18 16:30:00,1528200.0,988.64,1.86,275.92,-2.68,71.7,6.99,5.01,1.98,3.16,5.07,1249.88,3.41,3.97,210.9
2015-01-18 16:40:00,1528800.0,988.72,1.55,275.6,-2.65,73.5,6.83,5.02,1.81,3.17,5.08,1251.41,2.96,4.01,217.5
2015-01-18 16:50:00,1529400.0,988.74,1.25,275.3,-2.65,75.1,6.69,5.02,1.66,3.16,5.08,1252.8,1.99,3.47,227.7
2015-01-18 17:00:00,1530000.0,988.77,1.08,275.13,-2.64,76.1,6.61,5.03,1.58,3.17,5.08,1253.6,1.77,2.56,227.1
2015-01-18 17:10:00,1530600.0,988.87,1.0,275.04,-2.63,76.6,6.57,5.03,1.54,3.17,5.09,1254.11,1.27,1.88,247.1
2015-01-18 17:20:00,1531200.0,988.87,0.98,275.01,-2.67,76.5,6.56,5.02,1.54,3.16,5.07,1254.21,1.36,2.04,230.2
2015-01-18 17:30:00,1531800.0,988.88,0.88,274.92,-2.71,76.8,6.51,5.0,1.51,3.15,5.06,1254.67,1.94,2.6,238.6
2015-01-18 17:40:00,1532400.0,988.91,0.97,275.0,-2.75,76.1,6.55,4.99,1.57,3.14,5.04,1254.32,1.28,1.92,233.8
2015-01-18 17:50:00,1533000.0,988.88,0.83,274.87,-2.79,76.6,6.49,4.97,1.52,3.13,5.03,1254.9,0.67,1.18,209.9
2015-01-18 18:00:00,1533600.0,988.85,0.7,274.73,-2.82,77.2,6.42,4.96,1.46,3.13,5.02,1255.49,0.86,1.08,222.4
2015-01-18 18:10:00,1534200.0,988.78,0.63,274.67,-2.87,77.3,6.39,4.94,1.45,3.11,5.0,1255.73,1.2,1.8,215.5
2015-01-18 18:20:00,1534800.0,988.76,0.53,274.57,-2.88,77.8,6.35,4.94,1.41,3.11,4.99,1256.16,2.16,2.78,220.4
2015-01-18 18:30:00,1535400.0,988.78,0.41,274.45,-2.9,78.4,6.29,4.93,1.36,3.11,4.99,1256.75,2.5,3.2,228.9
2015-01-18 18:40:00,1536000.0,988.76,0.39,274.44,-2.89,78.5,6.29,4.93,1.35,3.11,4.99,1256.78,2.54,3.57,226.1
2015-01-18 18:50:00,1536600.0,988.82,0.43,274.47,-2.96,77.9,6.3,4.91,1.39,3.09,4.96,1256.7,1.17,2.52,220.3
2015-01-18 19:00:00,1537200.0,988.89,-0.17,273.87,-3.0,81.1,6.03,4.89,1.14,3.08,4.95,1259.53,0.47,1.04,268.0
2015-01-18 19:10:00,1537800.0,988.97,-0.09,273.94,-2.89,81.3,6.07,4.93,1.13,3.11,4.99,1259.27,0.88,1.48,221.0
2015-01-18 19:20:00,1538400.0,988.98,-0.18,273.85,-2.96,81.4,6.03,4.91,1.12,3.09,4.96,1259.71,1.38,1.92,188.9
2015-01-18 19:30:00,1539000.0,988.98,-0.42,273.6,-2.87,83.4,5.92,4.94,0.98,3.11,4.99,1260.81,1.34,2.84,199.8
2015-01-18 19:40:00,1539600.0,988.88,-0.64,273.4,-2.91,84.5,5.83,4.93,0.9,3.1,4.98,1261.68,1.13,1.88,184.3
2015-01-18 19:50:00,1540200.0,988.85,-0.95,273.08,-3.02,85.8,5.7,4.89,0.81,3.08,4.94,1263.13,1.46,2.4,212.2
2015-01-18 20:00:00,1540800.0,988.86,-1.05,272.98,-2.83,87.6,5.66,4.95,0.7,3.12,5.01,1263.56,1.42,2.6,184.1
2015-01-18 20:10:00,1541400.0,988.84,-0.97,273.06,-2.71,87.9,5.69,5.0,0.69,3.15,5.06,1263.15,1.34,2.08,142.1
2015-01-18 20:20:00,1542000.0,988.77,-1.02,273.02,-2.76,87.9,5.67,4.98,0.69,3.14,5.04,1263.3,0.95,1.64,145.6
2015-01-18 20:30:00,1542600.0,988.79,-1.24,272.8,-2.87,88.6,5.58,4.94,0.64,3.11,5.0,1264.38,1.5,2.36,147.4
2015-01-18 20:40:00,1543200.0,988.77,-1.51,272.53,-2.88,90.3,5.47,4.94,0.53,3.11,4.99,1265.59,1.41,2.32,181.6
2015-01-18 20:50:00,1543800.0,988.77,-1.48,272.56,-2.79,90.7,5.48,4.97,0.51,3.13,5.03,1265.42,1.51,2.12,204.5
2015-01-18 21:00:00,1544400.0,988.81,-1.48,272.56,-2.82,90.5,5.48,4.96,0.52,3.13,5.02,1265.48,1.6,2.24,210.3
2015-01-18 21:10:00,1545000.0,988.8,-1.47,272.57,-2.79,90.6,5.49,4.97,0.52,3.13,5.03,1265.41,1.81,2.52,207.8
2015-01-18 21:20:00,1545600.0,988.78,-1.35,272.69,-2.73,90.3,5.53,4.99,0.54,3.15,5.05,1264.84,1.79,2.6,214.8
2015-01-18 21:30:00,1546200.0,988.88,-1.4,272.63,-2.79,90.2,5.51,4.97,0.54,3.13,5.03,1265.2,1.26,1.92,200.0
2015-01-18 21:40:00,1546800.0,988.89,-1.52,272.51,-2.85,90.6,5.46,4.95,0.51,3.12,5.01,1265.78,1.78,2.72,196.1
2015-01-18 21:50:00,1547400.0,988.81,-1.73,272.31,-2.95,91.3,5.38,4.91,0.47,3.1,4.97,1266.66,1.8,2.54,196.8
2015-01-18 22:00:00,1548000.0,988.78,-1.76,272.28,-2.89,91.9,5.37,4.93,0.43,3.11,4.99,1266.76,1.61,2.28,189.6
2015-01-18 22:10:00,1548600.0,988.8,-1.76,272.27,-2.85,92.2,5.37,4.95,0.42,3.12,5.0,1266.81,1.52,2.52,185.6
2015-01-18 22:20:00,1549200.0,988.77,-1.81,272.23,-2.87,92.4,5.35,4.94,0.41,3.11,5.0,1266.97,1.33,1.98,187.9
2015-01-18 22:30:00,1549800.0,988.8,-1.73,272.31,-2.78,92.5,5.38,4.98,0.4,3.14,5.03,1266.64,1.61,2.24,193.1
2015-01-18 22:40:00,1550400.0,988.81,-1.56,272.47,-2.64,92.3,5.45,5.03,0.42,3.17,5.08,1265.85,1.84,2.44,206.0
2015-01-18 22:50:00,1551000.0,988.79,-1.34,272.7,-2.55,91.4,5.54,5.06,0.48,3.19,5.12,1264.77,1.64,2.38,197.6
2015-01-18 23:00:00,1551600.0,988.79,-1.35,272.69,-2.68,90.6,5.53,5.01,0.52,3.16,5.07,1264.84,1.26,2.2,197.2
2015-01-18 23:10:00,1552200.0,988.8,-1.46,272.57,-2.79,90.6,5.49,4.97,0.52,3.13,5.03,1265.4,1.05,1.72,201.2
2015-01-18 23:20:00,1552800.0,988.74,-1.52,272.52,-2.79,91.0,5.46,4.97,0.49,3.13,5.03,1265.59,1.19,1.96,206.7
2015-01-18 23:30:00,1553400.0,988.72,-1.51,272.53,-2.78,91.0,5.47,4.97,0.49,3.14,5.03,1265.52,0.55,1.28,182.2
2015-01-18 23:40:00,1554000.0,988.73,-1.54,272.5,-2.8,91.1,5.45,4.97,0.49,3.13,5.03,1265.68,0.39,1.04,218.3
2015-01-18 23:50:00,1554600.0,988.73,-1.57,272.47,-2.82,91.1,5.44,4.96,0.48,3.13,5.02,1265.8,0.95,1.56,207.3
2015-01-19 00:00:00,1555200.0,988.7,-1.78,272.26,-3.08,90.8,5.36,4.87,0.49,3.07,4.92,1266.8,1.3,1.84,199.4
2015-01-19 00:10:00,1555800.0,988.73,-2.18,271.86,-3.22,92.5,5.2,4.81,0.39,3.03,4.87,1268.71,0.73,1.38,227.0
2015-01-19 00:20:00,1556400.0,988.77,-2.17,271.86,-3.17,92.8,5.2,4.83,0.37,3.04,4.88,1268.74,0.69,1.16,198.4
2015-01-19 00:30:00,1557000.0,988.69,-2.28,271.76,-3.27,92.9,5.16,4.8,0.37,3.02,4.85,1269.18,0.69,1.08,232.1
2015-01-19 00:40:00,1557600.0,988.63,-2.12,271.93,-3.02,93.5,5.23,4.89,0.34,3.08,4.94,1268.27,0.79,0.96,237.9
2015-01-19 00:50:00,1558200.0,988.5,-2.09,271.97,-3.03,93.2,5.24,4.88,0.36,3.08,4.94,1267.96,1.19,1.76,230.5
2015-01-19 01:00:00,1558800.0,988.42,-2.01,272.06,-2.99,92.9,5.27,4.9,0.37,3.09,4.95,1267.48,0.83,1.32,238.4
2015-01-19 01:10:00,1559400.0,988.37,-2.17,271.9,-3.27,92.1,5.21,4.79,0.41,3.02,4.85,1268.24,0.54,1.12,204.3
2015-01-19 01:20:00,1560000.0,988.34,-2.83,271.24,-4.0,91.6,4.96,4.54,0.42,2.86,4.59,1271.42,0.49,1.02,215.4
2015-01-19 01:30:00,1560600.0,988.24,-3.12,270.96,-4.06,93.2,4.85,4.52,0.33,2.85,4.57,1272.65,1.48,1.94,225.0
2015-01-19 01:40:00,1561200.0,988.2,-3.13,270.95,-3.92,94.2,4.85,4.57,0.28,2.88,4.62,1272.62,0.97,1.4,195.2
2015-01-19 01:50:00,1561800.0,988.22,-3.35,270.73,-4.11,94.4,4.77,4.5,0.27,2.84,4.55,1273.72,0.9,1.4,177.8
2015-01-19 02:00:00,1562400.0,988.23,-3.53,270.54,-4.27,94.6,4.7,4.45,0.25,2.8,4.5,1274.64,0.66,1.4,161.5
2015-01-19 02:10:00,1563000.0,988.23,-3.59,270.48,-4.24,95.2,4.68,4.46,0.22,2.81,4.51,1274.9,0.71,1.16,168.8
2015-01-19 02:20:00,1563600.0,988.2,-3.72,270.36,-4.35,95.3,4.64,4.42,0.22,2.79,4.47,1275.47,0.52,1.24,148.9
2015-01-19 02:30:00,1564200.0,988.09,-3.6,270.49,-4.14,96.0,4.68,4.49,0.19,2.83,4.55,1274.75,0.6,1.48,201.8
2015-01-19 02:40:00,1564800.0,988.07,-3.43,270.66,-3.97,96.0,4.74,4.55,0.19,2.87,4.6,1273.88,0.43,1.14,52.29
2015-01-19 02:50:00,1565400.0,988.05,-3.53,270.56,-4.12,95.6,4.7,4.5,0.21,2.84,4.55,1274.35,0.68,1.44,63.11
2015-01-19 03:00:00,1566000.0,988.02,-3.73,270.36,-4.34,95.5,4.63,4.42,0.21,2.79,4.48,1275.31,0.42,0.72,18.91
2015-01-19 03:10:00,1566600.0,987.93,-3.78,270.32,-4.32,96.0,4.61,4.43,0.18,2.79,4.48,1275.43,0.94,1.24,34.58
2015-01-19 03:20:00,1567200.0,987.82,-3.63,270.48,-4.17,96.0,4.67,4.48,0.19,2.83,4.54,1274.55,0.59,0.88,73.0
2015-01-19 03:30:00,1567800.0,987.74,-3.85,270.26,-4.47,95.4,4.59,4.38,0.21,2.76,4.43,1275.54,0.31,0.7,193.8
2015-01-19 03:40:00,1568400.0,987.66,-4.11,270.01,-4.72,95.5,4.5,4.3,0.2,2.71,4.35,1276.69,0.28,0.64,183.5
2015-01-19 03:50:00,1569000.0,987.58,-4.05,270.08,-4.61,95.8,4.52,4.33,0.19,2.73,4.39,1276.27,0.59,0.94,224.5
2015-01-19 04:00:00,1569600.0,987.54,-3.86,270.27,-4.41,95.9,4.59,4.4,0.19,2.78,4.46,1275.3,0.53,1.12,195.9
2015-01-19 04:10:00,1570200.0,987.61,-4.07,270.05,-4.72,95.2,4.51,4.3,0.22,2.71,4.35,1276.46,0.59,0.92,48.01
2015-01-19 04:20:00,1570800.0,987.63,-4.22,269.9,-4.88,95.1,4.47,4.25,0.22,2.68,4.3,1277.19,0.48,0.76,57.32
2015-01-19 04:30:00,1571400.0,987.64,-4.23,269.89,-4.87,95.2,4.46,4.25,0.21,2.68,4.3,1277.24,0.33,0.8,119.1
2015-01-19 04:40:00,1572000.0,987.57,-4.18,269.94,-4.91,94.6,4.48,4.24,0.24,2.67,4.29,1276.95,0.31,0.8,228.8
2015-01-19 04:50:00,1572600.0,987.61,-4.35,269.77,-5.15,94.1,4.42,4.16,0.26,2.62,4.21,1277.84,0.71,1.16,203.6
2015-01-19 05:00:00,1573200.0,987.62,-4.35,269.77,-5.08,94.6,4.42,4.18,0.24,2.64,4.24,1277.83,0.76,1.0,208.0
2015-01-19 05:10:00,1573800.0,987.6,-4.25,269.88,-4.95,94.8,4.46,4.22,0.23,2.66,4.28,1277.3,0.84,1.52,208.3
2015-01-19 05:20:00,1574400.0,987.59,-4.12,270.0,-4.8,95.0,4.5,4.27,0.22,2.7,4.33,1276.66,0.57,1.0,211.8
2015-01-19 05:30:00,1575000.0,987.63,-3.88,270.24,-4.52,95.3,4.58,4.36,0.22,2.75,4.42,1275.55,0.46,0.88,207.6
2015-01-19 05:40:00,1575600.0,987.55,-3.65,270.48,-4.33,95.0,4.66,4.43,0.23,2.79,4.48,1274.31,0.51,1.24,161.4
2015-01-19 05:50:00,1576200.0,987.53,-3.63,270.5,-4.41,94.3,4.67,4.4,0.27,2.78,4.46,1274.21,0.44,1.32,197.0
2015-01-19 06:00:00,1576800.0,987.53,-3.5,270.63,-4.26,94.4,4.71,4.45,0.26,2.81,4.51,1273.56,0.55,1.12,176.0
2015-01-19 06:10:00,1577400.0,987.54,-3.47,270.66,-4.29,94.0,4.72,4.44,0.28,2.8,4.5,1273.46,0.48,1.04,136.6
2015-01-19 06:20:00,1578000.0,987.51,-3.47,270.66,-4.33,93.7,4.72,4.43,0.3,2.79,4.48,1273.41,0.66,1.2,192.8
2015-01-19 06:30:00,1578600.0,987.47,-3.45,270.68,-4.32,93.7,4.73,4.43,0.3,2.8,4.49,1273.28,0.6,1.0,211.3
2015-01-19 06:40:00,1579200.0,987.36,-3.36,270.79,-4.24,93.6,4.76,4.46,0.3,2.81,4.52,1272.68,0.41,0.72,207.1
2015-01-19 06:50:00,1579800.0,987.33,-3.37,270.78,-4.26,93.5,4.76,4.45,0.31,2.81,4.51,1272.68,0.65,1.32,245.8
2015-01-19 07:00:00,1580400.0,987.26,-3.11,271.05,-3.97,93.7,4.85,4.55,0.31,2.87,4.61,1271.32,0.41,0.88,55.05
2015-01-19 07:10:00,1581000.0,987.18,-2.66,271.5,-3.56,93.5,5.02,4.69,0.33,2.96,4.75,1269.06,0.25,0.72,63.18
2015-01-19 07:20:00,1581600.0,987.11,-2.71,271.46,-3.82,92.0,5.0,4.6,0.4,2.9,4.66,1269.22,0.52,0.96,60.6
2015-01-19 07:30:00,1582200.0,987.1,-2.8,271.36,-3.87,92.3,4.97,4.58,0.38,2.89,4.64,1269.66,0.35,0.56,52.02
2015-01-19 07:40:00,1582800.0,987.16,-2.76,271.41,-3.74,92.9,4.98,4.63,0.35,2.92,4.69,1269.5,0.28,0.72,61.72
2015-01-19 07:50:00,1583400.0,987.2,-2.55,271.61,-3.5,93.1,5.06,4.71,0.35,2.97,4.77,1268.54,0.28,0.58,20.28
2015-01-19 08:00:00,1584000.0,987.18,-2.44,271.72,-3.42,92.9,5.1,4.74,0.36,2.99,4.8,1267.97,0.38,0.68,170.7
2015-01-19 08:10:00,1584600.0,987.09,-2.31,271.86,-3.39,92.2,5.15,4.75,0.4,3.0,4.81,1267.24,0.42,0.92,234.2
2015-01-19 08:20:00,1585200.0,987.09,-2.24,271.92,-3.19,93.2,5.18,4.83,0.35,3.05,4.89,1266.92,0.35,0.8,150.0
2015-01-19 08:30:00,1585800.0,987.07,-2.12,272.05,-3.28,91.7,5.22,4.79,0.43,3.02,4.85,1266.34,0.45,0.84,161.8
2015-01-19 08:40:00,1586400.0,987.03,-2.18,272.0,-3.32,91.8,5.2,4.78,0.43,3.02,4.84,1266.55,0.43,0.8,126.5
2015-01-19 08:50:00,1587000.0,987.04,-2.28,271.89,-3.41,91.9,5.16,4.74,0.42,3.0,4.81,1267.07,0.71,1.68,172.2
2015-01-19 09:00:00,1587600.0,987.0,-2.08,272.1,-3.14,92.4,5.24,4.84,0.4,3.06,4.91,1266.03,0.52,1.68,303.7
2015-01-19 09:10:00,1588200.0,986.88,-2.01,272.17,-3.13,92.0,5.27,4.85,0.42,3.06,4.91,1265.55,0.29,0.48,247.2
2015-01-19 09:20:00,1588800.0,986.83,-1.83,272.36,-2.91,92.3,5.34,4.93,0.41,3.11,4.99,1264.61,0.47,1.0,239.8
2015-01-19 09:30:00,1589400.0,986.83,-1.9,272.29,-2.95,92.5,5.31,4.91,0.4,3.1,4.98,1264.95,0.52,1.16,219.2
2015-01-19 09:40:00,1590000.0,986.78,-1.87,272.33,-2.85,92.9,5.33,4.95,0.38,3.12,5.01,1264.69,0.51,0.96,184.9
2015-01-19 09:50:00,1590600.0,986.66,-1.86,272.35,-2.85,92.9,5.33,4.95,0.38,3.13,5.02,1264.51,0.47,0.84,209.1
2015-01-19 10:00:00,1591200.0,986.57,-1.8,272.42,-2.76,93.1,5.35,4.98,0.37,3.15,5.05,1264.08,0.44,0.82,205.4
2015-01-19 10:10:00,1591800.0,986.57,-1.71,272.5,-2.77,92.4,5.39,4.98,0.41,3.14,5.05,1263.67,0.63,1.0,199.3
2015-01-19 10:20:00,1592400.0,986.57,-1.87,272.34,-2.9,92.6,5.32,4.93,0.39,3.11,5.0,1264.44,0.66,0.84,214.2
2015-01-19 10:30:00,1593000.0,986.64,-1.73,272.47,-2.69,93.1,5.38,5.01,0.37,3.16,5.07,1263.87,0.43,0.64,189.8
2015-01-19 10:40:00,1593600.0,986.77,-1.63,272.57,-2.63,92.8,5.42,5.03,0.39,3.18,5.1,1263.53,0.52,0.92,231.9
2015-01-19 10:50:00,1594200.0,986.69,-1.14,273.07,-2.12,93.0,5.62,5.23,0.39,3.3,5.3,1261.06,0.46,0.76,80.0
2015-01-19 11:00:00,1594800.0,986.57,-1.12,273.09,-2.4,91.0,5.62,5.12,0.51,3.23,5.19,1260.89,0.5,0.84,180.2
2015-01-19 11:10:00,1595400.0,986.48,-1.14,273.08,-2.39,91.2,5.62,5.12,0.49,3.24,5.19,1260.87,0.41,0.64,173.2
2015-01-19 11:20:00,1596000.0,986.34,-0.95,273.28,-2.2,91.2,5.7,5.2,0.5,3.28,5.27,1259.76,0.21,0.62,323.3
2015-01-19 11:30:00,1596600.0,986.22,-0.88,273.37,-2.23,90.5,5.73,5.18,0.54,3.28,5.26,1259.27,0.27,0.6,201.1
2015-01-19 11:40:00,1597200.0,986.18,-0.7,273.55,-2.08,90.3,5.8,5.24,0.56,3.31,5.31,1258.35,0.36,0.96,216.3
2015-01-19 11:50:00,1597800.0,986.15,-0.44,273.81,-1.71,91.1,5.91,5.39,0.53,3.41,5.46,1257.06,0.29,0.88,278.4
2015-01-19 12:00:00,1598400.0,986.04,-0.19,274.07,-1.61,90.1,6.02,5.43,0.6,3.43,5.5,1255.74,0.51,1.04,251.9
2015-01-19 12:10:00,1599000.0,985.92,0.24,274.51,-1.12,90.5,6.22,5.63,0.59,3.56,5.71,1253.52,0.32,0.74,94.1
2015-01-19 12:20:00,1599600.0,985.88,0.65,274.92,-1.24,87.1,6.4,5.58,0.83,3.53,5.66,1251.64,0.31,0.72,154.5
2015-01-19 12:30:00,1600200.0,985.62,0.5,274.8,-1.26,87.9,6.34,5.57,0.77,3.52,5.65,1251.98,0.44,0.88,89.8
2015-01-19 12:40:00,1600800.0,985.48,0.72,275.03,-1.05,87.9,6.44,5.66,0.78,3.58,5.74,1250.76,0.27,0.52,178.4
2015-01-19 12:50:00,1601400.0,985.44,0.76,275.07,-1.08,87.4,6.45,5.64,0.81,3.57,5.72,1250.54,0.45,1.08,68.61
2015-01-19 13:00:00,1602000.0,985.43,0.52,274.83,-1.17,88.4,6.34,5.61,0.74,3.55,5.69,1251.65,0.68,1.28,199.4
2015-01-19 13:10:00,1602600.0,985.34,0.46,274.78,-0.98,90.0,6.31,5.68,0.63,3.6,5.77,1251.76,0.29,0.72,258.6
2015-01-19 13:20:00,1603200.0,985.26,0.58,274.91,-0.86,90.0,6.37,5.73,0.64,3.63,5.82,1251.08,0.42,0.72,7.66
2015-01-19 13:30:00,1603800.0,985.21,0.94,275.27,-0.63,89.2,6.54,5.83,0.71,3.69,5.92,1249.32,0.22,0.52,256.9
2015-01-19 13:40:00,1604400.0,985.18,1.14,275.48,-0.58,88.2,6.64,5.85,0.78,3.7,5.94,1248.36,0.33,0.56,259.5
2015-01-19 13:50:00,1605000.0,985.06,1.29,275.63,-0.43,88.3,6.71,5.92,0.78,3.75,6.01,1247.52,0.25,0.68,49.68
2015-01-19 14:00:00,1605600.0,984.89,1.17,275.53,-0.45,88.9,6.65,5.91,0.74,3.74,6.0,1247.83,0.67,0.96,26.22
2015-01-19 14:10:00,1606200.0,984.78,1.16,275.53,-0.5,88.6,6.64,5.89,0.76,3.73,5.98,1247.75,0.92,1.32,23.25
2015-01-19 14:20:00,1606800.0,984.7,1.32,275.69,-0.47,87.8,6.72,5.9,0.82,3.74,5.99,1246.94,0.46,0.96,315.2
2015-01-19 14:30:00,1607400.0,984.65,1.43,275.81,-0.42,87.4,6.78,5.92,0.85,3.75,6.02,1246.33,0.45,0.72,264.3
2015-01-19 14:40:00,1608000.0,984.58,1.7,276.08,-0.48,85.4,6.91,5.9,1.01,3.74,5.99,1245.05,0.64,1.0,218.1
2015-01-19 14:50:00,1608600.0,984.55,1.85,276.23,-0.43,84.8,6.98,5.92,1.06,3.75,6.01,1244.33,0.4,0.88,242.0
2015-01-19 15:00:00,1609200.0,984.47,2.24,276.63,-0.29,83.3,7.18,5.98,1.2,3.79,6.07,1242.44,0.44,0.96,212.3
2015-01-19 15:10:00,1609800.0,984.46,2.23,276.62,-0.38,82.8,7.17,5.94,1.23,3.76,6.03,1242.49,0.48,0.84,221.7
2015-01-19 15:20:00,1610400.0,984.44,2.07,276.47,-0.58,82.5,7.09,5.85,1.24,3.71,5.95,1243.2,0.68,1.2,252.2
2015-01-19 15:30:00,1611000.0,984.46,2.03,276.43,-0.61,82.6,7.07,5.84,1.23,3.7,5.93,1243.42,0.72,1.04,222.2
2015-01-19 15:40:00,1611600.0,984.46,2.08,276.47,-0.51,82.9,7.1,5.88,1.21,3.73,5.98,1243.18,0.55,0.96,233.6
2015-01-19 15:50:00,1612200.0,984.49,2.12,276.51,-0.57,82.3,7.12,5.86,1.26,3.71,5.95,1243.06,0.72,1.08,217.7
2015-01-19 16:00:00,1612800.0,984.46,2.11,276.51,-0.56,82.4,7.12,5.86,1.25,3.71,5.96,1243.04,0.76,1.32,217.2
2015-01-19 16:10:00,1613400.0,984.37,2.07,276.48,-0.6,82.4,7.1,5.85,1.25,3.7,5.94,1243.11,0.86,1.64,247.7
2015-01-19 16:20:00,1614000.0,984.35,2.2,276.6,-0.47,82.4,7.16,5.9,1.26,3.74,5.99,1242.49,0.43,0.94,180.7
2015-01-19 16:30:00,1614600.0,984.35,2.47,276.88,-0.09,83.1,7.3,6.07,1.23,3.84,6.16,1241.18,0.36,0.68,101.5
2015-01-19 16:40:00,1615200.0,984.34,1.93,276.34,-0.29,85.1,7.02,5.98,1.05,3.79,6.07,1243.65,0.48,0.94,142.8
2015-01-19 16:50:00,1615800.0,984.39,1.77,276.17,-0.17,86.9,6.94,6.03,0.91,3.82,6.13,1244.41,0.32,0.72,257.5
2015-01-19 17:00:00,1616400.0,984.45,1.57,275.96,-0.27,87.5,6.84,5.99,0.86,3.79,6.08,1245.43,0.39,0.96,254.1
2015-01-19 17:10:00,1617000.0,984.46,1.46,275.85,-0.3,88.0,6.79,5.98,0.81,3.78,6.07,1245.94,0.4,0.8,292.5
2015-01-19 17:20:00,1617600.0,984.43,1.48,275.87,-0.33,87.7,6.8,5.96,0.84,3.78,6.06,1245.84,0.36,0.76,354.7
2015-01-19 17:30:00,1618200.0,984.35,1.47,275.87,-0.42,87.2,6.79,5.92,0.87,3.75,6.02,1245.79,0.45,0.72,49.03
2015-01-19 17:40:00,1618800.0,984.34,1.54,275.94,-0.32,87.4,6.83,5.97,0.86,3.78,6.06,1245.45,0.36,0.68,213.6
2015-01-19 17:50:00,1619400.0,984.33,1.43,275.83,-0.36,87.8,6.78,5.95,0.83,3.77,6.04,1245.92,0.23,0.52,278.3
2015-01-19 18:00:00,1620000.0,984.3,1.54,275.95,-0.35,87.2,6.83,5.95,0.87,3.77,6.05,1245.39,0.2,0.44,37.11
2015-01-19 18:10:00,1620600.0,984.26,1.39,275.8,-0.39,87.9,6.75,5.94,0.82,3.76,6.03,1246.04,0.26,0.52,139.4
2015-01-19 18:20:00,1621200.0,984.27,1.12,275.52,-0.53,88.7,6.62,5.87,0.75,3.72,5.97,1247.32,0.29,0.58,235.1
2015-01-19 18:30:00,1621800.0,984.21,0.87,275.28,-0.68,89.3,6.51,5.81,0.7,3.68,5.9,1248.37,0.94,1.32,217.4
2015-01-19 18:40:00,1622400.0,984.28,0.75,275.15,-0.68,90.1,6.45,5.81,0.64,3.68,5.9,1249.03,0.9,1.32,203.8
2015-01-19 18:50:00,1623000.0,984.23,0.75,275.16,-0.63,90.4,6.45,5.83,0.62,3.69,5.93,1248.94,0.63,1.12,210.7
2015-01-19 19:00:00,1623600.0,984.23,0.79,275.2,-0.59,90.4,6.47,5.85,0.62,3.7,5.94,1248.74,0.44,0.72,215.3
2015-01-19 19:10:00,1624200.0,984.24,0.93,275.34,-0.52,90.0,6.54,5.88,0.65,3.73,5.98,1248.11,0.38,0.72,247.1
2015-01-19 19:20:00,1624800.0,984.21,1.23,275.64,-0.34,89.2,6.68,5.96,0.72,3.77,6.05,1246.66,0.17,0.36,65.81
2015-01-19 19:30:00,1625400.0,984.19,1.29,275.71,-0.39,88.5,6.71,5.94,0.77,3.76,6.03,1246.37,0.17,0.32,36.81
2015-01-19 19:40:00,1626000.0,984.15,1.22,275.63,-0.33,89.4,6.67,5.96,0.71,3.78,6.06,1246.67,0.26,0.48,224.7
2015-01-19 19:50:00,1626600.0,984.1,1.02,275.44,-0.4,90.2,6.58,5.93,0.64,3.76,6.03,1247.52,0.24,0.58,280.1
2015-01-19 20:00:00,1627200.0,984.08,1.12,275.54,-0.36,89.8,6.62,5.95,0.68,3.77,6.04,1247.02,0.37,0.96,79.1
2015-01-19 20:10:00,1627800.0,984.03,0.88,275.3,-0.51,90.4,6.51,5.88,0.62,3.73,5.98,1248.09,0.4,0.64,217.8
2015-01-19 20:20:00,1628400.0,983.97,0.88,275.3,-0.45,90.8,6.51,5.91,0.6,3.74,6.01,1248.01,0.38,0.9,283.2
2015-01-19 20:30:00,1629000.0,984.01,0.66,275.08,-0.71,90.5,6.41,5.8,0.61,3.67,5.89,1249.11,0.94,1.2,210.7
2015-01-19 20:40:00,1629600.0,984.05,0.58,275.0,-0.62,91.6,6.37,5.84,0.54,3.7,5.93,1249.49,0.53,0.8,211.5
2015-01-19 20:50:00,1630200.0,984.09,0.67,275.09,-0.48,92.0,6.41,5.9,0.51,3.74,5.99,1249.12,0.21,0.48,214.8
2015-01-19 21:00:00,1630800.0,984.09,0.74,275.16,-0.45,91.7,6.45,5.91,0.53,3.74,6.01,1248.78,0.38,0.66,161.8
2015-01-19 21:10:00,1631400.0,984.09,0.94,275.36,-0.24,91.8,6.54,6.0,0.54,3.8,6.1,1247.83,0.17,0.52,328.5
2015-01-19 21:20:00,1632000.0,984.1,1.02,275.43,-0.33,90.7,6.58,5.96,0.61,3.78,6.06,1247.51,0.15,0.38,8.48
2015-01-19 21:30:00,1632600.0,984.1,0.94,275.36,-0.37,90.9,6.54,5.95,0.6,3.77,6.04,1247.85,0.31,0.72,63.58
2015-01-19 21:40:00,1633200.0,984.19,0.88,275.29,-0.32,91.7,6.51,5.97,0.54,3.78,6.06,1248.26,0.25,0.52,22.14
2015-01-19 21:50:00,1633800.0,984.2,1.06,275.47,-0.29,90.7,6.59,5.98,0.61,3.79,6.08,1247.44,0.32,0.6,91.2
2015-01-19 22:00:00,1634400.0,984.16,0.86,275.28,-0.46,90.8,6.5,5.9,0.6,3.74,6.0,1248.31,0.45,0.76,43.09
2015-01-19 22:10:00,1635000.0,984.17,0.74,275.15,-0.47,91.6,6.44,5.9,0.54,3.74,6.0,1248.9,0.35,0.52,29.7
2015-01-19 22:20:00,1635600.0,984.21,0.62,275.03,-0.52,92.0,6.39,5.88,0.51,3.72,5.97,1249.47,0.51,0.84,72.2
2015-01-19 22:30:00,1636200.0,984.19,0.71,275.12,-0.3,92.9,6.43,5.97,0.46,3.78,6.07,1249.01,0.23,0.4,76.6
2015-01-19 22:40:00,1636800.0,984.06,0.62,275.04,-0.51,92.1,6.39,5.89,0.5,3.73,5.98,1249.29,0.32,0.68,12.34
2015-01-19 22:50:00,1637400.0,983.97,0.52,274.95,-0.46,93.1,6.34,5.91,0.44,3.74,6.0,1249.63,0.21,0.44,12.62
2015-01-19 23:00:00,1638000.0,983.98,0.57,275.0,-0.35,93.5,6.37,5.95,0.41,3.77,6.05,1249.38,0.34,0.9,178.3
2015-01-19 23:10:00,1638600.0,983.98,0.46,274.89,-0.53,93.0,6.32,5.88,0.44,3.72,5.97,1249.91,0.68,0.96,217.7
2015-01-19 23:20:00,1639200.0,983.98,0.44,274.86,-0.56,93.0,6.3,5.86,0.44,3.71,5.96,1250.05,0.52,0.76,211.5
2015-01-19 23:30:00,1639800.0,983.97,0.45,274.88,-0.48,93.4,6.31,5.9,0.42,3.74,5.99,1249.95,0.31,0.62,173.8
2015-01-19 23:40:00,1640400.0,983.94,0.47,274.9,-0.45,93.5,6.32,5.91,0.41,3.75,6.01,1249.8,0.46,0.88,195.4
2015-01-19 23:50:00,1641000.0,983.94,0.45,274.88,-0.38,94.1,6.31,5.94,0.37,3.76,6.04,1249.88,0.35,0.66,181.8
2015-01-20 00:00:00,1641600.0,983.97,0.66,275.09,-0.22,93.8,6.41,6.01,0.4,3.81,6.11,1248.94,0.47,1.34,197.5
2015-01-20 00:10:00,1642200.0,983.96,0.64,275.07,-0.37,92.9,6.4,5.94,0.45,3.77,6.04,1249.06,0.98,1.76,205.0
2015-01-20 00:20:00,1642800.0,983.9,0.66,275.1,-0.42,92.4,6.41,5.92,0.49,3.75,6.02,1248.88,1.09,1.92,184.9
2015-01-20 00:30:00,1643400.0,983.84,0.66,275.1,-0.47,92.1,6.41,5.9,0.51,3.74,6.0,1248.81,1.31,2.36,183.3
2015-01-20 00:40:00,1644000.0,983.85,0.62,275.06,-0.49,92.2,6.39,5.89,0.5,3.73,5.99,1249.02,1.5,2.56,182.7
2015-01-20 00:50:00,1644600.0,983.85,0.53,274.97,-0.49,92.8,6.35,5.89,0.46,3.73,5.99,1249.42,1.36,2.7,164.4
2015-01-20 01:00:00,1645200.0,983.85,0.53,274.97,-0.44,93.2,6.35,5.92,0.43,3.75,6.01,1249.43,1.85,2.84,158.9
2015-01-20 01:10:00,1645800.0,983.84,0.54,274.97,-0.39,93.5,6.35,5.94,0.41,3.76,6.04,1249.38,1.76,2.64,159.6
2015-01-20 01:20:00,1646400.0,983.84,0.56,275.0,-0.3,93.9,6.36,5.97,0.39,3.79,6.07,1249.25,1.47,2.52,171.7
2015-01-20 01:30:00,1647000.0,983.81,0.55,274.99,-0.31,93.9,6.36,5.97,0.39,3.78,6.07,1249.25,1.74,2.6,168.3
2015-01-20 01:40:00,1647600.0,983.79,0.53,274.98,-0.3,94.1,6.35,5.98,0.37,3.79,6.07,1249.3,1.61,2.8,177.2
2015-01-20 01:50:00,1648200.0,983.72,0.54,274.98,-0.28,94.2,6.35,5.98,0.37,3.79,6.08,1249.2,1.82,3.2,174.6
2015-01-20 02:00:00,1648800.0,983.61,0.53,274.99,-0.29,94.2,6.35,5.98,0.37,3.79,6.08,1249.09,1.76,2.78,180.7
2015-01-20 02:10:00,1649400.0,983.6,0.58,275.04,-0.24,94.2,6.37,6.0,0.37,3.8,6.1,1248.83,1.69,2.4,180.8
2015-01-20 02:20:00,1650000.0,983.6,0.57,275.03,-0.28,94.0,6.37,5.99,0.38,3.79,6.09,1248.88,1.82,3.08,190.3
2015-01-20 02:30:00,1650600.0,983.6,0.53,274.99,-0.3,94.1,6.35,5.97,0.37,3.79,6.07,1249.08,1.78,2.68,188.3
2015-01-20 02:40:00,1651200.0,983.54,0.53,274.99,-0.29,94.2,6.35,5.98,0.37,3.79,6.08,1249.0,1.69,2.68,188.8
2015-01-20 02:50:00,1651800.0,983.45,0.51,274.98,-0.31,94.2,6.34,5.97,0.37,3.78,6.07,1248.99,1.85,2.52,192.2
2015-01-20 03:00:00,1652400.0,983.35,0.5,274.98,-0.29,94.4,6.34,5.98,0.35,3.79,6.08,1248.89,1.55,2.48,193.0
2015-01-20 03:10:00,1653000.0,983.4,0.53,275.0,-0.26,94.4,6.35,5.99,0.36,3.8,6.09,1248.82,1.88,2.92,194.1
2015-01-20 03:20:00,1653600.0,983.44,0.49,274.96,-0.31,94.3,6.33,5.97,0.36,3.78,6.07,1249.06,1.2,2.14,196.2
2015-01-20 03:30:00,1654200.0,983.38,0.48,274.95,-0.31,94.4,6.32,5.97,0.35,3.79,6.07,1249.03,1.48,2.16,202.2
2015-01-20 03:40:00,1654800.0,983.35,0.5,274.98,-0.29,94.4,6.33,5.98,0.35,3.79,6.08,1248.9,1.36,2.04,199.8
2015-01-20 03:50:00,1655400.0,983.31,0.53,275.01,-0.29,94.2,6.35,5.98,0.37,3.79,6.08,1248.72,1.13,1.84,196.7
2015-01-20 04:00:00,1656000.0,983.22,0.52,275.0,-0.32,94.1,6.34,5.97,0.37,3.78,6.07,1248.66,1.05,1.78,194.4
2015-01-20 04:10:00,1656600.0,983.12,0.51,275.01,-0.32,94.1,6.34,5.97,0.37,3.78,6.07,1248.56,0.72,1.4,202.3
2015-01-20 04:20:00,1657200.0,983.11,0.55,275.05,-0.31,93.9,6.36,5.97,0.39,3.79,6.07,1248.36,0.77,1.44,175.1
2015-01-20 04:30:00,1657800.0,983.11,0.48,274.98,-0.4,93.8,6.32,5.93,0.39,3.76,6.03,1248.71,0.91,1.64,202.8
2015-01-20 04:40:00,1658400.0,983.11,0.43,274.93,-0.37,94.3,6.3,5.94,0.36,3.77,6.05,1248.91,0.92,1.6,191.4
2015-01-20 04:50:00,1659000.0,983.08,0.33,274.83,-0.44,94.5,6.26,5.91,0.34,3.75,6.02,1249.35,1.2,1.66,207.3
2015-01-20 05:00:00,1659600.0,983.05,0.23,274.73,-0.49,94.9,6.21,5.89,0.32,3.74,5.99,1249.81,1.2,1.66,220.5
2015-01-20 05:10:00,1660200.0,982.98,0.2,274.7,-0.45,95.4,6.2,5.91,0.29,3.75,6.01,1249.85,1.29,1.8,217.3
2015-01-20 05:20:00,1660800.0,982.99,0.2,274.7,-0.41,95.7,6.2,5.93,0.27,3.76,6.03,1249.85,1.36,1.82,211.6
2015-01-20 05:30:00,1661400.0,982.99,0.23,274.73,-0.36,95.8,6.21,5.95,0.26,3.77,6.05,1249.7,1.15,1.68,195.5
2015-01-20 05:40:00,1662000.0,982.99,0.2,274.7,-0.38,95.9,6.2,5.94,0.25,3.77,6.04,1249.85,1.11,2.04,200.1
2015-01-20 05:50:00,1662600.0,982.98,0.13,274.63,-0.42,96.1,6.17,5.93,0.24,3.76,6.03,1250.15,1.1,1.76,207.5
2015-01-20 06:00:00,1663200.0,982.98,0.13,274.64,-0.39,96.3,6.17,5.94,0.23,3.77,6.04,1250.14,1.05,1.52,217.1
2015-01-20 06:10:00,1663800.0,982.98,0.13,274.63,-0.36,96.5,6.16,5.95,0.22,3.77,6.05,1250.15,0.94,1.44,209.8
2015-01-20 06:20:00,1664400.0,983.0,0.13,274.64,-0.33,96.7,6.17,5.96,0.2,3.78,6.07,1250.14,1.08,1.5,206.3
2015-01-20 06:30:00,1665000.0,982.99,0.13,274.63,-0.33,96.7,6.17,5.96,0.2,3.78,6.07,1250.14,0.87,1.32,201.9
2015-01-20 06:40:00,1665600.0,983.03,0.11,274.61,-0.33,96.8,6.16,5.96,0.2,3.78,6.06,1250.28,1.13,1.68,205.4
2015-01-20 06:50:00,1666200.0,983.08,0.06,274.56,-0.37,96.9,6.14,5.95,0.19,3.77,6.05,1250.57,0.94,1.4,210.7
2015-01-20 07:00:00,1666800.0,983.11,0.09,274.58,-0.32,97.1,6.15,5.97,0.18,3.78,6.07,1250.49,1.1,1.44,212.4
2015-01-20 07:10:00,1667400.0,983.21,0.06,274.55,-0.34,97.1,6.14,5.96,0.18,3.78,6.06,1250.73,1.37,1.88,214.4
2015-01-20 07:20:00,1668000.0,983.23,0.06,274.54,-0.33,97.2,6.13,5.96,0.17,3.78,6.06,1250.77,1.4,2.0,208.0
2015-01-20 07:30:00,1668600.0,983.33,0.07,274.54,-0.31,97.3,6.14,5.97,0.17,3.79,6.07,1250.86,1.35,1.78,206.5
2015-01-20 07:40:00,1669200.0,983.32,0.09,274.57,-0.28,97.3,6.15,5.98,0.17,3.79,6.09,1250.71,1.18,1.68,196.2
2015-01-20 07:50:00,1669800.0,983.32,0.03,274.51,-0.34,97.3,6.12,5.96,0.17,3.78,6.06,1251.0,1.05,1.42,205.3
2015-01-20 08:00:00,1670400.0,983.35,-0.01,274.47,-0.37,97.4,6.11,5.95,0.16,3.77,6.05,1251.23,0.92,1.72,200.9
2015-01-20 08:10:00,1671000.0,983.37,-0.02,274.45,-0.37,97.5,6.1,5.95,0.15,3.77,6.05,1251.33,0.92,1.58,209.6
2015-01-20 08:20:00,1671600.0,983.45,-0.01,274.46,-0.34,97.6,6.11,5.96,0.15,3.78,6.06,1251.34,1.19,1.66,200.6
2015-01-20 08:30:00,1672200.0,983.47,0.0,274.46,-0.32,97.7,6.11,5.97,0.14,3.78,6.07,1251.35,1.05,1.56,203.0
2015-01-20 08:40:00,1672800.0,983.54,0.04,274.5,-0.28,97.7,6.13,5.99,0.14,3.79,6.09,1251.23,1.05,1.92,195.3
2015-01-20 08:50:00,1673400.0,983.52,0.06,274.52,-0.26,97.7,6.14,5.99,0.14,3.8,6.09,1251.11,0.95,1.34,195.4
2015-01-20 09:00:00,1674000.0,983.52,0.06,274.52,-0.24,97.8,6.14,6.0,0.13,3.8,6.1,1251.1,1.13,1.56,192.6
2015-01-20 09:10:00,1674600.0,983.59,0.12,274.58,-0.18,97.8,6.16,6.03,0.14,3.82,6.13,1250.9,1.19,1.72,186.2
2015-01-20 09:20:00,1675200.0,983.58,0.16,274.61,-0.15,97.8,6.18,6.04,0.14,3.83,6.14,1250.73,1.2,2.04,189.2
2015-01-20 09:30:00,1675800.0,983.65,0.19,274.65,-0.11,97.8,6.19,6.06,0.14,3.84,6.16,1250.64,1.07,1.56,203.4
2015-01-20 09:40:00,1676400.0,983.74,0.22,274.66,-0.07,97.9,6.21,6.08,0.13,3.85,6.18,1250.64,0.82,1.5,191.6
2015-01-20 09:50:00,1677000.0,983.82,0.3,274.74,0.01,97.9,6.24,6.11,0.13,3.87,6.21,1250.36,0.78,1.48,180.2
2015-01-20 10:00:00,1677600.0,983.78,0.43,274.87,0.13,97.9,6.3,6.17,0.13,3.91,6.27,1249.7,0.8,1.78,179.3
2015-01-20 10:10:00,1678200.0,983.81,0.34,274.77,0.0,97.6,6.26,6.11,0.15,3.87,6.21,1250.17,1.33,1.92,177.8
2015-01-20 10:20:00,1678800.0,983.85,0.27,274.71,-0.06,97.6,6.23,6.08,0.15,3.85,6.18,1250.52,1.19,2.08,187.8
2015-01-20 10:30:00,1679400.0,983.85,0.29,274.73,-0.03,97.7,6.24,6.1,0.14,3.86,6.2,1250.43,1.07,1.72,179.4
2015-01-20 10:40:00,1680000.0,983.86,0.34,274.77,0.01,97.6,6.26,6.11,0.15,3.87,6.21,1250.22,1.07,1.96,179.6
2015-01-20 10:50:00,1680600.0,983.84,0.34,274.78,0.01,97.6,6.26,6.11,0.15,3.87,6.21,1250.19,0.97,1.8,191.4
2015-01-20 11:00:00,1681200.0,983.85,0.33,274.76,-0.01,97.6,6.25,6.1,0.15,3.87,6.2,1250.27,0.93,1.7,189.1
2015-01-20 11:10:00,1681800.0,983.85,0.34,274.78,0.02,97.7,6.26,6.12,0.14,3.88,6.22,1250.2,1.11,1.76,188.1
2015-01-20 11:20:00,1682400.0,983.84,0.35,274.79,0.03,97.7,6.27,6.12,0.14,3.88,6.22,1250.13,1.04,1.42,187.0
2015-01-20 11:30:00,1683000.0,983.74,0.52,274.96,0.23,97.9,6.34,6.21,0.13,3.94,6.31,1249.21,0.65,1.16,165.9
2015-01-20 11:40:00,1683600.0,983.73,0.67,275.12,0.34,97.6,6.41,6.26,0.15,3.97,6.36,1248.46,0.94,1.44,183.2
2015-01-20 11:50:00,1684200.0,983.73,0.68,275.13,0.33,97.5,6.42,6.26,0.16,3.97,6.36,1248.43,0.97,1.4,155.5
2015-01-20 12:00:00,1684800.0,983.72,0.66,275.11,0.3,97.4,6.41,6.24,0.17,3.96,6.34,1248.52,0.89,1.36,144.9
2015-01-20 12:10:00,1685400.0,983.7,0.82,275.27,0.49,97.6,6.48,6.33,0.16,4.01,6.43,1247.71,0.59,1.04,173.9
2015-01-20 12:20:00,1686000.0,983.63,1.08,275.53,0.77,97.8,6.6,6.46,0.15,4.09,6.57,1246.39,0.32,0.96,215.4
2015-01-20 12:30:00,1686600.0,983.68,0.98,275.43,0.56,97.0,6.56,6.36,0.2,4.03,6.47,1246.96,0.5,1.08,217.9
2015-01-20 12:40:00,1687200.0,983.62,0.81,275.27,0.39,97.0,6.48,6.29,0.19,3.98,6.39,1247.66,0.58,1.06,352.8
2015-01-20 12:50:00,1687800.0,983.64,0.75,275.21,0.32,96.9,6.45,6.25,0.2,3.96,6.35,1247.99,0.6,1.08,16.5
2015-01-20 13:00:00,1688400.0,983.64,0.8,275.25,0.38,97.0,6.47,6.28,0.19,3.98,6.38,1247.76,0.45,0.76,28.18
2015-01-20 13:10:00,1689000.0,983.66,0.89,275.35,0.46,96.9,6.52,6.32,0.2,4.0,6.42,1247.34,0.44,0.78,0.4
2015-01-20 13:20:00,1689600.0,983.59,1.03,275.49,0.59,96.8,6.58,6.37,0.21,4.04,6.48,1246.58,0.54,1.32,334.0
2015-01-20 13:30:00,1690200.0,983.58,1.03,275.5,0.49,96.1,6.58,6.33,0.26,4.01,6.43,1246.59,0.8,1.96,318.6
2015-01-20 13:40:00,1690800.0,983.59,0.89,275.35,0.27,95.6,6.52,6.23,0.29,3.95,6.33,1247.31,0.96,2.48,260.8
2015-01-20 13:50:00,1691400.0,983.63,0.76,275.21,0.1,95.3,6.45,6.15,0.3,3.9,6.25,1247.99,1.09,1.76,262.9
2015-01-20 14:00:00,1692000.0,983.6,0.8,275.25,0.1,95.1,6.47,6.15,0.32,3.9,6.26,1247.79,1.04,2.08,237.9
2015-01-20 14:10:00,1692600.0,983.6,0.88,275.34,0.17,95.0,6.51,6.19,0.33,3.92,6.29,1247.39,0.71,1.92,251.6
2015-01-20 14:20:00,1693200.0,983.61,1.05,275.5,0.28,94.6,6.59,6.23,0.36,3.95,6.34,1246.62,0.6,1.34,27.2
2015-01-20 14:30:00,1693800.0,983.63,1.17,275.63,0.37,94.4,6.65,6.28,0.37,3.98,6.38,1246.07,0.4,0.72,260.0
2015-01-20 14:40:00,1694400.0,983.69,1.22,275.68,0.3,93.5,6.68,6.24,0.43,3.96,6.34,1245.91,0.49,1.12,356.5
2015-01-20 14:50:00,1695000.0,983.76,0.99,275.44,0.04,93.3,6.56,6.12,0.44,3.88,6.23,1247.11,0.55,1.16,320.3
2015-01-20 15:00:00,1695600.0,983.85,1.0,275.44,-0.02,92.9,6.57,6.1,0.47,3.87,6.2,1247.21,0.6,1.66,341.8
2015-01-20 15:10:00,1696200.0,983.94,0.9,275.33,-0.17,92.5,6.52,6.03,0.49,3.82,6.13,1247.81,1.4,2.64,291.5
2015-01-20 15:20:00,1696800.0,984.0,0.75,275.17,-0.28,92.8,6.45,5.98,0.46,3.79,6.08,1248.6,1.03,2.16,305.3
2015-01-20 15:30:00,1697400.0,984.0,0.64,275.07,-0.34,93.1,6.4,5.96,0.44,3.78,6.06,1249.08,1.2,2.1,303.2
2015-01-20 15:40:00,1698000.0,984.08,0.61,275.02,-0.33,93.4,6.38,5.96,0.42,3.78,6.06,1249.36,0.8,1.88,291.8
2015-01-20 15:50:00,1698600.0,984.09,0.67,275.09,-0.25,93.5,6.41,6.0,0.42,3.8,6.09,1249.04,0.54,1.22,355.7
2015-01-20 16:00:00,1699200.0,984.18,0.66,275.07,-0.29,93.3,6.41,5.98,0.43,3.79,6.08,1249.21,0.37,0.76,295.6
2015-01-20 16:10:00,1699800.0,984.19,0.49,274.9,-0.48,93.2,6.33,5.9,0.43,3.74,5.99,1250.05,1.21,2.44,317.5
2015-01-20 16:20:00,1700400.0,984.22,0.4,274.81,-0.52,93.5,6.29,5.88,0.41,3.72,5.98,1250.5,0.79,1.44,328.8
2015-01-20 16:30:00,1701000.0,984.26,0.41,274.81,-0.53,93.4,6.29,5.88,0.42,3.72,5.97,1250.54,0.48,0.92,18.04
2015-01-20 16:40:00,1701600.0,984.33,0.36,274.76,-0.57,93.4,6.27,5.86,0.41,3.71,5.95,1250.83,0.53,1.64,323.9
2015-01-20 16:50:00,1702200.0,984.34,0.3,274.7,-0.64,93.4,6.24,5.83,0.41,3.69,5.92,1251.15,0.55,1.0,261.9
2015-01-20 17:00:00,1702800.0,984.37,0.26,274.65,-0.71,93.2,6.22,5.8,0.42,3.67,5.89,1251.39,0.69,1.48,283.0
2015-01-20 17:10:00,1703400.0,984.49,0.19,274.57,-0.76,93.3,6.19,5.78,0.41,3.66,5.87,1251.89,0.71,2.24,297.6
2015-01-20 17:20:00,1704000.0,984.55,0.2,274.58,-0.7,93.6,6.2,5.8,0.4,3.67,5.89,1251.88,0.68,2.56,272.6
2015-01-20 17:30:00,1704600.0,984.57,0.22,274.6,-0.75,93.2,6.21,5.78,0.42,3.66,5.87,1251.84,0.65,1.36,5.32
2015-01-20 17:40:00,1705200.0,984.52,0.11,274.49,-0.86,93.2,6.15,5.74,0.42,3.63,5.83,1252.31,0.68,2.26,359.1
2015-01-20 17:50:00,1705800.0,984.57,0.16,274.53,-0.73,93.7,6.18,5.79,0.39,3.66,5.88,1252.12,0.54,1.18,307.6
2015-01-20 18:00:00,1706400.0,984.68,0.12,274.49,-0.78,93.6,6.16,5.77,0.39,3.65,5.86,1252.42,0.62,1.44,288.8
2015-01-20 18:10:00,1707000.0,984.71,0.09,274.45,-0.77,93.9,6.15,5.77,0.37,3.65,5.86,1252.61,0.63,1.24,305.8
2015-01-20 18:20:00,1707600.0,984.8,0.19,274.55,-0.59,94.5,6.19,5.85,0.34,3.7,5.94,1252.25,0.41,1.08,352.2
2015-01-20 18:30:00,1708200.0,984.89,0.26,274.61,-0.62,93.8,6.22,5.84,0.39,3.69,5.93,1252.04,0.38,0.8,235.5
2015-01-20 18:40:00,1708800.0,984.89,0.15,274.5,-0.67,94.2,6.17,5.81,0.36,3.68,5.9,1252.56,0.34,0.62,203.8
2015-01-20 18:50:00,1709400.0,984.95,0.06,274.4,-0.7,94.6,6.13,5.8,0.33,3.67,5.89,1253.06,0.86,1.24,231.3
2015-01-20 19:00:00,1710000.0,985.07,-0.02,274.32,-0.74,94.9,6.1,5.79,0.31,3.66,5.87,1253.57,0.77,1.16,245.3
2015-01-20 19:10:00,1710600.0,985.11,0.02,274.35,-0.67,95.1,6.11,5.81,0.3,3.68,5.9,1253.44,0.78,1.48,256.0
2015-01-20 19:20:00,1711200.0,985.05,0.01,274.35,-0.72,94.8,6.11,5.79,0.32,3.67,5.88,1253.39,0.55,1.16,356.5
2015-01-20 19:30:00,1711800.0,985.03,-0.1,274.25,-0.82,94.8,6.07,5.75,0.32,3.64,5.84,1253.87,0.98,1.56,72.4
2015-01-20 19:40:00,1712400.0,985.23,-0.02,274.3,-0.62,95.7,6.1,5.84,0.26,3.69,5.92,1253.75,0.43,0.72,210.4
2015-01-20 19:50:00,1713000.0,985.3,-0.14,274.18,-0.71,95.9,6.05,5.8,0.25,3.67,5.89,1254.39,0.62,0.8,228.6
2015-01-20 20:00:00,1713600.0,985.36,-0.13,274.18,-0.65,96.3,6.05,5.82,0.22,3.68,5.91,1254.44,0.58,0.8,228.8
2015-01-20 20:10:00,1714200.0,985.41,-0.06,274.25,-0.56,96.4,6.08,5.86,0.22,3.71,5.95,1254.14,0.43,1.44,280.5
2015-01-20 20:20:00,1714800.0,985.54,-0.03,274.27,-0.57,96.1,6.1,5.86,0.24,3.71,5.94,1254.16,1.27,2.54,257.2
2015-01-20 20:30:00,1715400.0,985.64,-0.07,274.22,-0.69,95.6,6.08,5.81,0.27,3.67,5.89,1254.52,1.17,2.26,261.1
2015-01-20 20:40:00,1716000.0,985.67,-0.12,274.17,-0.79,95.2,6.06,5.77,0.29,3.65,5.85,1254.78,1.33,2.68,259.3
2015-01-20 20:50:00,1716600.0,985.59,-0.14,274.16,-0.86,94.8,6.05,5.73,0.31,3.63,5.82,1254.78,1.34,2.2,263.2
2015-01-20 21:00:00,1717200.0,985.65,-0.18,274.11,-0.95,94.5,6.03,5.7,0.33,3.6,5.78,1255.09,1.04,1.68,249.4
2015-01-20 21:10:00,1717800.0,985.7,-0.13,274.16,-0.89,94.6,6.05,5.72,0.33,3.62,5.81,1254.9,0.69,1.32,269.5
2015-01-20 21:20:00,1718400.0,985.76,0.06,274.35,-0.71,94.5,6.14,5.8,0.34,3.67,5.88,1254.06,0.56,2.04,51.27
2015-01-20 21:30:00,1719000.0,985.79,-0.1,274.18,-0.9,94.3,6.06,5.72,0.35,3.62,5.8,1254.87,1.62,2.6,23.15
2015-01-20 21:40:00,1719600.0,985.83,-0.21,274.07,-0.92,94.9,6.02,5.71,0.31,3.61,5.79,1255.42,1.29,2.48,26.71
2015-01-20 21:50:00,1720200.0,985.86,-0.23,274.04,-0.89,95.3,6.01,5.72,0.28,3.62,5.81,1255.56,1.15,1.58,28.21
2015-01-20 22:00:00,1720800.0,985.93,-0.26,274.01,-0.89,95.5,5.99,5.72,0.27,3.62,5.8,1255.8,1.47,2.24,30.31
2015-01-20 22:10:00,1721400.0,986.0,-0.33,273.94,-0.98,95.3,5.96,5.68,0.28,3.59,5.76,1256.21,1.59,2.4,24.27
2015-01-20 22:20:00,1722000.0,986.05,-0.34,273.92,-1.04,95.0,5.96,5.66,0.3,3.58,5.74,1256.33,1.38,1.96,29.44
2015-01-20 22:30:00,1722600.0,986.11,-0.42,273.83,-1.18,94.6,5.92,5.6,0.32,3.54,5.68,1256.82,1.81,3.04,25.2
2015-01-20 22:40:00,1723200.0,986.18,-0.55,273.7,-1.36,94.2,5.87,5.53,0.34,3.49,5.61,1257.52,2.07,3.12,39.84
2015-01-20 22:50:00,1723800.0,986.24,-0.61,273.64,-1.45,94.0,5.84,5.49,0.35,3.47,5.57,1257.89,1.55,2.4,28.07
2015-01-20 23:00:00,1724400.0,986.32,-0.61,273.63,-1.4,94.3,5.84,5.51,0.33,3.48,5.59,1257.98,1.41,2.12,24.23
2015-01-20 23:10:00,1725000.0,986.46,-0.58,273.64,-1.44,93.9,5.85,5.5,0.36,3.47,5.57,1258.06,1.53,2.26,21.29
2015-01-20 23:20:00,1725600.0,986.53,-0.56,273.66,-1.65,92.3,5.86,5.41,0.45,3.42,5.49,1258.08,1.4,2.16,14.95
2015-01-20 23:30:00,1726200.0,986.61,-0.47,273.74,-1.72,91.2,5.9,5.38,0.52,3.4,5.46,1257.79,0.53,1.12,33.38
2015-01-20 23:40:00,1726800.0,986.67,-0.34,273.87,-1.62,91.0,5.96,5.42,0.54,3.43,5.5,1257.24,0.36,0.72,354.3
2015-01-20 23:50:00,1727400.0,986.68,-0.42,273.79,-1.52,92.2,5.92,5.46,0.46,3.45,5.54,1257.6,0.45,0.8,27.95
2015-01-21 00:00:00,1728000.0,986.7,-0.38,273.83,-1.36,93.0,5.94,5.53,0.42,3.49,5.6,1257.4,0.48,0.8,295.5
2015-01-21 00:10:00,1728600.0,986.77,-0.39,273.81,-1.29,93.6,5.94,5.56,0.38,3.51,5.63,1257.55,0.42,0.8,335.9
2015-01-21 00:20:00,1729200.0,986.79,-0.52,273.68,-1.46,93.3,5.88,5.49,0.39,3.46,5.56,1258.21,0.46,0.86,15.51
2015-01-21 00:30:00,1729800.0,986.81,-0.45,273.75,-1.47,92.8,5.91,5.48,0.43,3.46,5.56,1257.91,0.23,0.68,358.7
2015-01-21 00:40:00,1730400.0,986.8,-0.37,273.83,-1.35,93.0,5.95,5.53,0.42,3.49,5.6,1257.49,0.67,0.96,344.5
2015-01-21 00:50:00,1731000.0,986.8,-0.48,273.72,-1.62,91.9,5.9,5.42,0.48,3.42,5.49,1258.04,0.54,0.88,20.24
2015-01-21 01:00:00,1731600.0,986.8,-0.45,273.74,-1.65,91.6,5.91,5.41,0.5,3.42,5.48,1257.95,0.43,1.04,57.59
2015-01-21 01:10:00,1732200.0,986.8,-0.42,273.78,-1.64,91.4,5.92,5.41,0.51,3.42,5.49,1257.77,0.7,1.12,65.05
2015-01-21 01:20:00,1732800.0,986.81,-0.37,273.82,-1.52,91.9,5.94,5.46,0.48,3.45,5.54,1257.56,0.71,1.12,58.45
2015-01-21 01:30:00,1733400.0,986.79,-0.49,273.71,-1.58,92.3,5.89,5.44,0.45,3.44,5.51,1258.1,0.73,1.32,67.24
2015-01-21 01:40:00,1734000.0,986.88,-0.5,273.69,-1.54,92.6,5.89,5.45,0.44,3.44,5.53,1258.23,0.49,0.72,15.93
2015-01-21 01:50:00,1734600.0,986.9,-0.56,273.63,-1.66,92.2,5.86,5.41,0.46,3.41,5.48,1258.56,0.57,0.76,25.77
2015-01-21 02:00:00,1735200.0,986.89,-0.44,273.75,-1.62,91.7,5.91,5.42,0.49,3.43,5.5,1257.99,0.34,0.76,39.46
2015-01-21 02:10:00,1735800.0,986.91,-0.41,273.78,-1.57,91.8,5.93,5.44,0.49,3.44,5.52,1257.85,0.3,0.6,289.6
2015-01-21 02:20:00,1736400.0,986.92,-0.45,273.74,-1.65,91.5,5.91,5.41,0.5,3.42,5.48,1258.07,0.76,1.08,14.75
2015-01-21 02:30:00,1737000.0,986.93,-0.47,273.72,-1.66,91.6,5.9,5.4,0.5,3.41,5.48,1258.2,1.08,1.3,21.28
2015-01-21 02:40:00,1737600.0,986.87,-0.5,273.7,-1.63,92.0,5.89,5.42,0.47,3.42,5.49,1258.23,1.06,1.4,27.57
2015-01-21 02:50:00,1738200.0,986.83,-0.47,273.73,-1.51,92.6,5.9,5.47,0.44,3.45,5.54,1258.02,0.7,1.32,33.35
2015-01-21 03:00:00,1738800.0,986.78,-0.48,273.72,-1.38,93.6,5.9,5.52,0.38,3.49,5.59,1258.01,1.16,1.48,35.52
2015-01-21 03:10:00,1739400.0,986.78,-0.52,273.68,-1.32,94.3,5.88,5.55,0.34,3.5,5.62,1258.15,0.74,1.16,72.5
2015-01-21 03:20:00,1740000.0,986.79,-0.58,273.62,-1.35,94.5,5.86,5.53,0.32,3.5,5.61,1258.45,0.69,1.04,35.22
2015-01-21 03:30:00,1740600.0,986.76,-0.65,273.55,-1.42,94.5,5.82,5.5,0.32,3.48,5.58,1258.77,0.9,1.08,20.76
2015-01-21 03:40:00,1741200.0,986.67,-0.67,273.54,-1.41,94.7,5.81,5.51,0.31,3.48,5.58,1258.74,1.04,1.24,18.4
2015-01-21 03:50:00,1741800.0,986.57,-0.67,273.54,-1.43,94.6,5.81,5.5,0.31,3.48,5.58,1258.62,1.04,1.36,28.73
2015-01-21 04:00:00,1742400.0,986.64,-0.66,273.55,-1.39,94.8,5.82,5.52,0.3,3.49,5.59,1258.65,0.88,1.44,69.08
2015-01-21 04:10:00,1743000.0,986.65,-0.62,273.59,-1.32,95.0,5.84,5.55,0.29,3.5,5.62,1258.45,1.1,1.48,46.76
2015-01-21 04:20:00,1743600.0,986.67,-0.66,273.55,-1.32,95.2,5.82,5.54,0.28,3.5,5.62,1258.65,1.01,1.4,53.54
2015-01-21 04:30:00,1744200.0,986.65,-0.66,273.55,-1.3,95.4,5.82,5.55,0.27,3.51,5.63,1258.64,0.83,1.52,63.46
2015-01-21 04:40:00,1744800.0,986.66,-0.69,273.52,-1.3,95.6,5.81,5.55,0.26,3.51,5.63,1258.77,0.61,0.92,76.1
2015-01-21 04:50:00,1745400.0,986.67,-0.68,273.53,-1.28,95.7,5.81,5.56,0.25,3.51,5.64,1258.75,0.51,1.04,95.5
2015-01-21 05:00:00,1746000.0,986.67,-0.58,273.62,-1.21,95.5,5.85,5.59,0.26,3.53,5.66,1258.3,0.49,1.16,35.34
2015-01-21 05:10:00,1746600.0,986.68,-0.65,273.56,-1.31,95.2,5.83,5.55,0.28,3.5,5.62,1258.62,1.1,1.76,51.8
2015-01-21 05:20:00,1747200.0,986.66,-0.73,273.48,-1.38,95.3,5.79,5.52,0.27,3.49,5.59,1258.98,1.51,2.08,67.01
2015-01-21 05:30:00,1747800.0,986.65,-0.74,273.47,-1.33,95.7,5.79,5.54,0.25,3.5,5.61,1259.0,1.06,2.1,53.3
2015-01-21 05:40:00,1748400.0,986.73,-0.73,273.47,-1.32,95.8,5.79,5.55,0.24,3.5,5.62,1259.09,1.2,2.06,53.29
2015-01-21 05:50:00,1749000.0,986.81,-0.74,273.45,-1.33,95.8,5.78,5.54,0.24,3.5,5.62,1259.23,1.26,1.76,66.67
2015-01-21 06:00:00,1749600.0,986.97,-0.78,273.41,-1.33,96.0,5.77,5.54,0.23,3.5,5.61,1259.6,0.9,1.3,82.9
2015-01-21 06:10:00,1750200.0,987.04,-0.74,273.44,-1.31,95.9,5.79,5.55,0.24,3.5,5.62,1259.51,1.34,1.92,87.8
2015-01-21 06:20:00,1750800.0,987.14,-0.61,273.56,-1.28,95.2,5.84,5.56,0.28,3.51,5.63,1259.05,1.23,3.16,137.4
2015-01-21 06:30:00,1751400.0,987.15,-0.67,273.5,-1.64,93.1,5.82,5.42,0.4,3.42,5.49,1259.38,1.71,3.08,124.2
2015-01-21 06:40:00,1752000.0,987.15,-0.64,273.53,-1.88,91.3,5.83,5.32,0.51,3.36,5.39,1259.31,1.55,2.96,127.9
2015-01-21 06:50:00,1752600.0,987.17,-0.62,273.55,-1.9,91.0,5.84,5.31,0.53,3.35,5.38,1259.22,1.32,2.72,140.8
2015-01-21 07:00:00,1753200.0,987.2,-0.58,273.59,-1.95,90.4,5.86,5.29,0.56,3.34,5.36,1259.09,1.18,2.08,131.0
2015-01-21 07:10:00,1753800.0,987.3,-0.62,273.53,-2.07,89.9,5.84,5.25,0.59,3.31,5.31,1259.45,0.99,1.64,66.35
2015-01-21 07:20:00,1754400.0,987.31,-0.73,273.43,-2.11,90.3,5.79,5.23,0.56,3.3,5.3,1259.94,0.98,1.56,66.21
2015-01-21 07:30:00,1755000.0,987.41,-0.65,273.5,-2.11,89.8,5.82,5.23,0.59,3.3,5.3,1259.72,1.11,1.72,86.0
2015-01-21 07:40:00,1755600.0,987.52,-0.7,273.44,-2.22,89.4,5.8,5.19,0.61,3.27,5.25,1260.13,1.13,1.96,67.85
2015-01-21 07:50:00,1756200.0,987.53,-0.67,273.47,-2.14,89.7,5.82,5.22,0.6,3.29,5.28,1259.95,1.02,2.08,51.28
2015-01-21 08:00:00,1756800.0,987.61,-0.67,273.46,-2.19,89.4,5.82,5.2,0.62,3.28,5.26,1260.08,1.32,2.0,67.37
2015-01-21 08:10:00,1757400.0,987.64,-0.68,273.46,-2.18,89.5,5.81,5.2,0.61,3.28,5.27,1260.15,0.94,1.44,83.7
2015-01-21 08:20:00,1758000.0,987.75,-0.62,273.5,-2.17,89.2,5.84,5.21,0.63,3.28,5.27,1260.04,1.28,2.2,111.1
2015-01-21 08:30:00,1758600.0,987.7,-0.61,273.52,-2.23,88.7,5.84,5.18,0.66,3.27,5.25,1259.91,1.32,2.38,127.0
2015-01-21 08:40:00,1759200.0,987.78,-0.65,273.47,-2.35,88.2,5.82,5.14,0.69,3.24,5.2,1260.26,1.67,3.61,144.7
2015-01-21 08:50:00,1759800.0,987.79,-0.73,273.39,-2.6,87.1,5.79,5.04,0.75,3.18,5.1,1260.68,2.12,3.22,135.8
2015-01-21 09:00:00,1760400.0,987.75,-0.56,273.56,-2.4,87.3,5.86,5.12,0.74,3.23,5.18,1259.81,0.95,1.76,118.4
2015-01-21 09:10:00,1761000.0,987.77,-0.53,273.59,-2.42,87.0,5.87,5.11,0.76,3.22,5.17,1259.7,0.79,1.6,72.2
2015-01-21 09:20:00,1761600.0,987.79,-0.47,273.65,-2.36,87.0,5.9,5.13,0.77,3.24,5.2,1259.42,0.66,1.32,72.1
2015-01-21 09:30:00,1762200.0,987.78,-0.65,273.47,-2.63,86.4,5.82,5.03,0.79,3.17,5.09,1260.31,1.37,2.36,72.2
2015-01-21 09:40:00,1762800.0,987.85,-0.76,273.35,-2.58,87.4,5.78,5.05,0.73,3.18,5.11,1260.9,1.46,1.92,31.79
2015-01-21 09:50:00,1763400.0,987.83,-0.79,273.33,-2.5,88.1,5.77,5.08,0.69,3.2,5.14,1260.96,1.6,2.16,40.24
2015-01-21 10:00:00,1764000.0,987.93,-0.7,273.4,-2.45,87.9,5.8,5.1,0.7,3.22,5.16,1260.69,1.44,2.48,43.19
2015-01-21 10:10:00,1764600.0,987.91,-0.75,273.36,-2.53,87.6,5.78,5.07,0.72,3.2,5.13,1260.88,1.52,2.04,37.11
2015-01-21 10:20:00,1765200.0,988.0,-0.77,273.33,-2.47,88.2,5.77,5.09,0.68,3.21,5.15,1261.09,1.96,2.64,40.63
2015-01-21 10:30:00,1765800.0,988.09,-0.8,273.3,-2.43,88.6,5.76,5.1,0.66,3.22,5.17,1261.33,2.13,2.96,39.68
2015-01-21 10:40:00,1766400.0,988.06,-0.71,273.39,-2.32,88.8,5.8,5.15,0.65,3.25,5.21,1260.87,1.91,2.52,48.08
2015-01-21 10:50:00,1767000.0,988.15,-0.5,273.59,-2.23,88.0,5.89,5.18,0.71,3.27,5.24,1260.0,1.23,2.54,94.5
2015-01-21 11:00:00,1767600.0,988.16,-0.44,273.65,-2.31,87.1,5.91,5.15,0.76,3.25,5.21,1259.74,1.61,2.84,48.38
2015-01-21 11:10:00,1768200.0,988.18,-0.44,273.65,-2.51,85.8,5.91,5.07,0.84,3.2,5.13,1259.81,1.59,3.04,52.56
2015-01-21 11:20:00,1768800.0,988.1,-0.23,273.87,-2.43,85.0,6.01,5.11,0.9,3.22,5.17,1258.72,1.25,2.6,93.9
2015-01-21 11:30:00,1769400.0,988.12,-0.14,273.96,-2.53,83.8,6.05,5.07,0.98,3.2,5.13,1258.33,1.36,2.74,48.06
2015-01-21 11:40:00,1770000.0,988.04,-0.17,273.93,-2.5,84.2,6.03,5.08,0.95,3.2,5.14,1258.38,2.17,3.2,117.1
2015-01-21 11:50:00,1770600.0,988.06,-0.33,273.77,-2.87,82.9,5.96,4.94,1.02,3.12,5.0,1259.23,3.16,4.87,124.7
2015-01-21 12:00:00,1771200.0,988.04,-0.44,273.67,-3.0,82.7,5.92,4.89,1.02,3.09,4.95,1259.69,2.53,4.89,121.7
2015-01-21 12:10:00,1771800.0,988.0,-0.35,273.75,-3.01,82.1,5.95,4.89,1.07,3.08,4.95,1259.25,2.02,4.13,132.6
2015-01-21 12:20:00,1772400.0,987.99,-0.21,273.9,-2.96,81.6,6.02,4.91,1.11,3.1,4.97,1258.57,1.58,3.0,139.5
2015-01-21 12:30:00,1773000.0,987.93,0.13,274.24,-2.73,81.0,6.17,4.99,1.17,3.15,5.06,1256.9,0.97,1.8,161.0
2015-01-21 12:40:00,1773600.0,987.89,-0.05,274.07,-2.78,81.7,6.09,4.97,1.11,3.14,5.03,1257.67,1.49,3.85,70.8
2015-01-21 12:50:00,1774200.0,987.9,-0.44,273.67,-3.12,82.0,5.91,4.85,1.06,3.06,4.91,1259.57,2.06,4.57,82.5
2015-01-21 13:00:00,1774800.0,987.89,-0.32,273.79,-2.97,82.2,5.97,4.91,1.06,3.09,4.97,1258.96,1.69,3.3,114.7
2015-01-21 13:10:00,1775400.0,987.82,-0.28,273.83,-2.92,82.3,5.98,4.92,1.06,3.11,4.98,1258.7,2.17,3.36,92.8
2015-01-21 13:20:00,1776000.0,987.85,-0.33,273.78,-2.96,82.3,5.96,4.91,1.06,3.1,4.97,1258.96,1.89,3.53,100.2
2015-01-21 13:30:00,1776600.0,987.68,-0.34,273.79,-3.14,81.3,5.96,4.84,1.11,3.06,4.9,1258.82,2.15,3.43,63.59
2015-01-21 13:40:00,1777200.0,987.45,-0.32,273.83,-3.04,81.8,5.97,4.88,1.09,3.08,4.94,1258.42,2.27,3.61,73.4
2015-01-21 13:50:00,1777800.0,987.39,-0.31,273.84,-2.93,82.4,5.97,4.92,1.05,3.1,4.98,1258.29,2.61,3.85,47.9
2015-01-21 14:00:00,1778400.0,987.25,-0.36,273.81,-2.86,83.1,5.95,4.95,1.01,3.12,5.01,1258.3,2.86,4.09,38.45
2015-01-21 14:10:00,1779000.0,987.16,-0.22,273.95,-2.86,82.3,6.01,4.95,1.06,3.12,5.01,1257.57,2.83,4.65,42.1
2015-01-21 14:20:00,1779600.0,987.16,-0.25,273.93,-2.82,82.7,6.0,4.96,1.04,3.13,5.03,1257.66,3.14,4.21,37.76
2015-01-21 14:30:00,1780200.0,987.16,-0.12,274.05,-2.76,82.3,6.05,4.98,1.07,3.14,5.05,1257.09,2.65,4.01,44.08
2015-01-21 14:40:00,1780800.0,987.16,-0.18,273.99,-2.88,81.9,6.03,4.94,1.09,3.12,5.0,1257.38,3.61,4.69,42.03
2015-01-21 14:50:00,1781400.0,987.15,-0.01,274.16,-2.82,81.3,6.1,4.96,1.14,3.13,5.03,1256.58,2.84,4.29,47.2
2015-01-21 15:00:00,1782000.0,987.16,0.28,274.45,-2.63,80.7,6.23,5.03,1.2,3.18,5.09,1255.23,1.89,3.28,51.08
2015-01-21 15:10:00,1782600.0,987.19,0.0,274.17,-2.85,81.0,6.11,4.95,1.16,3.12,5.01,1256.56,3.06,4.29,42.11
2015-01-21 15:20:00,1783200.0,987.18,-0.2,273.97,-2.8,82.5,6.02,4.97,1.05,3.13,5.03,1257.48,3.42,4.63,44.89
2015-01-21 15:30:00,1783800.0,987.15,-0.26,273.91,-2.77,83.1,5.99,4.98,1.01,3.14,5.04,1257.73,2.8,3.93,46.52
2015-01-21 15:40:00,1784400.0,987.05,-0.28,273.9,-2.75,83.3,5.98,4.98,1.0,3.15,5.05,1257.67,2.86,4.37,44.1
2015-01-21 15:50:00,1785000.0,987.07,-0.32,273.86,-2.77,83.4,5.97,4.98,0.99,3.14,5.04,1257.88,2.8,3.89,41.5
2015-01-21 16:00:00,1785600.0,987.15,-0.32,273.85,-2.63,84.3,5.97,5.03,0.94,3.17,5.09,1257.97,1.82,3.28,45.63
2015-01-21 16:10:00,1786200.0,987.25,-0.23,273.93,-2.53,84.4,6.01,5.07,0.94,3.2,5.13,1257.65,1.41,2.68,84.3
2015-01-21 16:20:00,1786800.0,987.31,-0.16,274.0,-2.62,83.4,6.04,5.03,1.0,3.18,5.1,1257.43,1.54,2.76,90.0
2015-01-21 16:30:00,1787400.0,987.41,-0.16,274.0,-2.65,83.2,6.04,5.02,1.01,3.17,5.09,1257.54,1.17,2.12,103.2
2015-01-21 16:40:00,1788000.0,987.38,-0.19,273.96,-2.58,83.8,6.02,5.05,0.98,3.19,5.11,1257.64,1.03,2.1,77.5
2015-01-21 16:50:00,1788600.0,987.36,-0.23,273.92,-2.55,84.3,6.0,5.06,0.94,3.19,5.13,1257.82,1.23,2.8,39.66
2015-01-21 17:00:00,1789200.0,987.39,-0.38,273.77,-2.64,84.6,5.94,5.03,0.92,3.17,5.09,1258.53,2.41,3.77,43.79
2015-01-21 17:10:00,1789800.0,987.37,-0.41,273.74,-2.61,85.0,5.93,5.04,0.89,3.18,5.1,1258.66,2.26,3.45,47.62
2015-01-21 17:20:00,1790400.0,987.42,-0.4,273.75,-2.62,84.9,5.93,5.03,0.9,3.18,5.1,1258.69,1.83,2.56,45.4
2015-01-21 17:30:00,1791000.0,987.44,-0.42,273.73,-2.6,85.1,5.92,5.04,0.88,3.18,5.11,1258.78,1.98,3.49,44.19
2015-01-21 17:40:00,1791600.0,987.42,-0.41,273.74,-2.61,85.0,5.93,5.04,0.89,3.18,5.1,1258.72,2.37,4.33,42.52
2015-01-21 17:50:00,1792200.0,987.41,-0.46,273.69,-2.7,84.7,5.91,5.0,0.9,3.16,5.07,1258.94,3.24,4.97,40.83
2015-01-21 18:00:00,1792800.0,987.45,-0.48,273.67,-2.6,85.5,5.9,5.04,0.86,3.18,5.11,1259.06,3.05,4.41,30.77
2015-01-21 18:10:00,1793400.0,987.41,-0.49,273.66,-2.61,85.5,5.89,5.04,0.85,3.18,5.1,1259.05,3.35,4.53,34.35
2015-01-21 18:20:00,1794000.0,987.42,-0.54,273.61,-2.64,85.6,5.87,5.03,0.85,3.17,5.09,1259.31,4.0,5.37,36.37
2015-01-21 18:30:00,1794600.0,987.46,-0.58,273.57,-2.68,85.6,5.85,5.01,0.84,3.16,5.08,1259.56,4.03,5.49,37.78
2015-01-21 18:40:00,1795200.0,987.55,-0.64,273.5,-2.74,85.6,5.83,4.99,0.84,3.15,5.05,1259.98,4.44,5.79,41.77
2015-01-21 18:50:00,1795800.0,987.6,-0.71,273.43,-2.76,85.9,5.8,4.98,0.82,3.14,5.05,1260.34,3.66,6.09,39.06
2015-01-21 19:00:00,1796400.0,987.59,-0.76,273.38,-2.84,85.7,5.78,4.95,0.83,3.12,5.01,1260.59,4.4,6.53,43.36
2015-01-21 19:10:00,1797000.0,987.66,-0.82,273.31,-2.93,85.5,5.75,4.92,0.83,3.1,4.98,1260.97,3.35,6.61,56.21
2015-01-21 19:20:00,1797600.0,987.77,-0.74,273.38,-2.85,85.5,5.79,4.95,0.84,3.12,5.01,1260.73,1.29,3.25,116.4
2015-01-21 19:30:00,1798200.0,987.67,-0.85,273.28,-2.99,85.3,5.74,4.9,0.84,3.09,4.96,1261.14,1.71,4.57,63.19
2015-01-21 19:40:00,1798800.0,987.6,-0.97,273.17,-3.08,85.5,5.69,4.87,0.83,3.07,4.93,1261.6,2.49,4.25,62.09
2015-01-21 19:50:00,1799400.0,987.54,-1.1,273.03,-3.1,86.2,5.63,4.86,0.78,3.06,4.92,1262.16,2.31,4.27,52.61
2015-01-21 20:00:00,1800000.0,987.59,-1.25,272.88,-3.17,86.7,5.57,4.83,0.74,3.05,4.89,1262.94,2.9,4.93,50.06
2015-01-21 20:10:00,1800600.0,987.66,-1.4,272.72,-3.23,87.3,5.51,4.81,0.7,3.04,4.87,1263.73,2.05,4.37,71.7
2015-01-21 20:20:00,1801200.0,987.72,-1.39,272.73,-3.16,87.7,5.51,4.84,0.68,3.05,4.9,1263.75,0.83,1.92,123.0
2015-01-21 20:30:00,1801800.0,987.63,-1.5,272.63,-3.29,87.5,5.47,4.79,0.68,3.02,4.85,1264.15,0.91,1.88,53.6
2015-01-21 20:40:00,1802400.0,987.58,-1.6,272.53,-3.35,87.8,5.43,4.77,0.66,3.01,4.83,1264.56,1.15,2.52,129.0
2015-01-21 20:50:00,1803000.0,987.49,-1.73,272.41,-3.45,88.0,5.38,4.73,0.65,2.99,4.79,1265.09,1.46,3.17,136.6
2015-01-21 21:00:00,1803600.0,987.65,-1.73,272.4,-3.46,87.9,5.38,4.73,0.65,2.98,4.79,1265.28,0.68,1.48,70.2
2015-01-21 21:10:00,1804200.0,987.66,-1.9,272.23,-3.62,87.9,5.31,4.67,0.64,2.95,4.73,1266.1,1.62,2.32,353.8
2015-01-21 21:20:00,1804800.0,987.74,-2.07,272.04,-3.63,89.0,5.24,4.67,0.58,2.94,4.72,1267.03,2.16,2.97,354.6
2015-01-21 21:30:00,1805400.0,987.75,-2.17,271.94,-3.66,89.5,5.2,4.66,0.55,2.94,4.72,1267.52,1.99,2.92,4.98
2015-01-21 21:40:00,1806000.0,987.86,-2.21,271.9,-3.68,89.6,5.19,4.65,0.54,2.93,4.71,1267.85,2.15,3.05,18.52
2015-01-21 21:50:00,1806600.0,987.96,-2.24,271.86,-3.68,89.8,5.18,4.65,0.53,2.93,4.71,1268.1,1.61,2.2,0.22
2015-01-21 22:00:00,1807200.0,988.03,-2.27,271.83,-3.68,90.0,5.17,4.65,0.52,2.93,4.71,1268.32,1.41,1.8,353.2
2015-01-21 22:10:00,1807800.0,988.01,-2.22,271.87,-3.62,90.1,5.19,4.67,0.51,2.95,4.73,1268.08,1.18,1.72,344.6
2015-01-21 22:20:00,1808400.0,988.08,-2.18,271.91,-3.57,90.1,5.2,4.69,0.52,2.96,4.74,1267.94,1.11,1.5,335.5
2015-01-21 22:30:00,1809000.0,988.12,-2.19,271.9,-3.58,90.1,5.2,4.68,0.51,2.95,4.74,1268.05,1.12,1.72,347.6
2015-01-21 22:40:00,1809600.0,988.1,-2.15,271.94,-3.53,90.2,5.21,4.7,0.51,2.97,4.76,1267.83,1.47,1.96,18.04
2015-01-21 22:50:00,1810200.0,988.14,-2.14,271.95,-3.5,90.3,5.22,4.71,0.51,2.97,4.77,1267.82,1.33,1.68,25.71
2015-01-21 23:00:00,1810800.0,988.14,-2.07,272.02,-3.43,90.3,5.25,4.74,0.51,2.99,4.79,1267.47,1.76,2.44,22.48
2015-01-21 23:10:00,1811400.0,988.06,-1.92,272.17,-3.34,90.0,5.3,4.77,0.53,3.01,4.83,1266.69,1.92,2.72,24.97
2015-01-21 23:20:00,1812000.0,988.01,-1.93,272.17,-3.4,89.6,5.3,4.75,0.55,2.99,4.81,1266.67,2.52,3.41,8.7
2015-01-21 23:30:00,1812600.0,987.96,-1.93,272.17,-3.39,89.7,5.3,4.75,0.55,3.0,4.81,1266.61,2.58,3.73,25.89
2015-01-21 23:40:00,1813200.0,987.93,-1.95,272.15,-3.41,89.7,5.29,4.75,0.55,2.99,4.8,1266.66,3.12,4.25,30.68
2015-01-21 23:50:00,1813800.0,987.92,-1.96,272.15,-3.32,90.3,5.29,4.78,0.51,3.01,4.84,1266.66,2.28,3.45,26.06
2015-01-22 00:00:00,1814400.0,987.95,-1.84,272.26,-3.15,90.7,5.34,4.84,0.5,3.05,4.9,1266.13,1.66,2.77,25.21
2015-01-22 00:10:00,1815000.0,987.9,-1.75,272.36,-3.03,90.9,5.37,4.88,0.49,3.08,4.94,1265.6,1.72,2.81,37.4
2015-01-22 00:20:00,1815600.0,987.79,-1.68,272.44,-2.9,91.3,5.4,4.93,0.47,3.11,4.99,1265.12,1.84,2.97,36.35
2015-01-22 00:30:00,1816200.0,987.68,-1.62,272.5,-2.8,91.6,5.42,4.97,0.46,3.13,5.03,1264.71,2.28,3.57,28.12
2015-01-22 00:40:00,1816800.0,987.64,-1.57,272.56,-2.7,91.9,5.44,5.0,0.44,3.16,5.07,1264.37,2.44,3.85,30.82
2015-01-22 00:50:00,1817400.0,987.63,-1.5,272.63,-2.63,92.0,5.47,5.03,0.44,3.18,5.1,1264.05,2.47,4.21,32.49
2015-01-22 01:00:00,1818000.0,987.55,-1.46,272.67,-2.57,92.1,5.49,5.05,0.43,3.19,5.12,1263.76,3.33,4.79,34.45
2015-01-22 01:10:00,1818600.0,987.49,-1.45,272.69,-2.56,92.1,5.49,5.06,0.43,3.19,5.12,1263.61,3.67,5.13,31.95
2015-01-22 01:20:00,1819200.0,987.4,-1.4,272.75,-2.51,92.1,5.51,5.08,0.44,3.2,5.14,1263.25,4.03,5.59,27.77
2015-01-22 01:30:00,1819800.0,987.39,-1.4,272.75,-2.52,92.0,5.51,5.07,0.44,3.2,5.14,1263.23,4.73,6.21,27.18
2015-01-22 01:40:00,1820400.0,987.43,-1.4,272.75,-2.55,91.8,5.51,5.06,0.45,3.19,5.13,1263.29,4.92,6.37,27.5
2015-01-22 01:50:00,1821000.0,987.45,-1.37,272.77,-2.53,91.8,5.52,5.07,0.45,3.2,5.13,1263.19,3.98,5.31,26.77
2015-01-22 02:00:00,1821600.0,987.48,-1.33,272.81,-2.48,91.8,5.54,5.09,0.45,3.21,5.15,1263.03,2.93,4.81,35.01
2015-01-22 02:10:00,1822200.0,987.41,-1.33,272.82,-2.47,91.9,5.54,5.09,0.45,3.21,5.16,1262.94,2.35,3.57,27.81
2015-01-22 02:20:00,1822800.0,987.41,-1.37,272.77,-2.51,91.9,5.52,5.07,0.45,3.2,5.14,1263.15,2.71,4.73,29.39
2015-01-22 02:30:00,1823400.0,987.47,-1.37,272.77,-2.49,92.0,5.52,5.08,0.44,3.21,5.15,1263.21,2.3,3.95,33.71
2015-01-22 02:40:00,1824000.0,987.64,-1.34,272.79,-2.5,91.8,5.54,5.08,0.45,3.21,5.14,1263.29,2.81,4.33,44.63
2015-01-22 02:50:00,1824600.0,987.68,-1.4,272.73,-2.54,91.9,5.51,5.07,0.45,3.2,5.13,1263.61,2.55,4.19,43.35
2015-01-22 03:00:00,1825200.0,987.65,-1.46,272.67,-2.57,92.1,5.49,5.05,0.43,3.19,5.12,1263.87,3.36,5.05,40.12
2015-01-22 03:10:00,1825800.0,987.65,-1.4,272.73,-2.48,92.3,5.51,5.09,0.42,3.21,5.15,1263.57,2.06,3.85,50.9
2015-01-22 03:20:00,1826400.0,987.64,-1.36,272.77,-2.44,92.3,5.53,5.1,0.43,3.22,5.16,1263.38,1.8,2.48,40.45
2015-01-22 03:30:00,1827000.0,987.55,-1.33,272.81,-2.44,92.1,5.54,5.1,0.44,3.22,5.17,1263.11,1.47,2.77,48.78
2015-01-22 03:40:00,1827600.0,987.54,-1.33,272.81,-2.45,92.0,5.54,5.1,0.44,3.22,5.16,1263.09,1.58,2.28,41.55
2015-01-22 03:50:00,1828200.0,987.54,-1.32,272.82,-2.41,92.2,5.55,5.11,0.43,3.23,5.18,1263.03,1.36,2.36,56.46
2015-01-22 04:00:00,1828800.0,987.48,-1.27,272.88,-2.39,92.0,5.57,5.12,0.45,3.23,5.19,1262.71,1.36,2.02,53.75
2015-01-22 04:10:00,1829400.0,987.38,-1.27,272.88,-2.4,92.0,5.56,5.12,0.45,3.23,5.18,1262.61,1.2,1.68,43.78
2015-01-22 04:20:00,1830000.0,987.38,-1.3,272.85,-2.42,92.0,5.55,5.11,0.44,3.23,5.17,1262.73,1.5,2.28,40.99
2015-01-22 04:30:00,1830600.0,987.34,-1.33,272.82,-2.44,92.1,5.54,5.1,0.44,3.22,5.17,1262.86,2.12,2.93,38.6
2015-01-22 04:40:00,1831200.0,987.24,-1.31,272.85,-2.41,92.2,5.55,5.11,0.43,3.23,5.18,1262.63,2.2,3.01,41.78
2015-01-22 04:50:00,1831800.0,987.22,-1.26,272.9,-2.37,92.1,5.57,5.13,0.44,3.24,5.2,1262.34,2.04,3.29,45.05
2015-01-22 05:00:00,1832400.0,987.14,-1.28,272.88,-2.41,92.0,5.56,5.11,0.44,3.23,5.18,1262.37,2.61,3.69,41.25
2015-01-22 05:10:00,1833000.0,987.08,-1.32,272.85,-2.43,92.1,5.54,5.1,0.44,3.22,5.17,1262.48,2.37,3.17,29.25
2015-01-22 05:20:00,1833600.0,987.14,-1.31,272.86,-2.38,92.4,5.55,5.13,0.42,3.24,5.19,1262.49,2.31,3.17,42.31
2015-01-22 05:30:00,1834200.0,987.2,-1.31,272.86,-2.37,92.4,5.55,5.13,0.42,3.24,5.19,1262.53,2.63,3.77,44.08
2015-01-22 05:40:00,1834800.0,987.15,-1.33,272.84,-2.38,92.5,5.54,5.13,0.42,3.24,5.19,1262.58,2.73,3.77,43.52
2015-01-22 05:50:00,1835400.0,987.22,-1.34,272.83,-2.39,92.5,5.54,5.12,0.42,3.23,5.19,1262.7,2.57,3.69,45.61
2015-01-22 06:00:00,1836000.0,987.24,-1.29,272.87,-2.32,92.7,5.55,5.15,0.41,3.25,5.22,1262.52,2.17,3.11,45.32
2015-01-22 06:10:00,1836600.0,987.28,-1.31,272.85,-2.35,92.6,5.55,5.14,0.41,3.24,5.2,1262.65,2.71,4.29,40.01
2015-01-22 06:20:00,1837200.0,987.29,-1.34,272.82,-2.36,92.7,5.54,5.13,0.4,3.24,5.2,1262.81,3.04,4.29,40.94
2015-01-22 06:30:00,1837800.0,987.33,-1.39,272.77,-2.38,92.9,5.52,5.13,0.39,3.24,5.19,1263.08,2.99,4.21,41.28
2015-01-22 06:40:00,1838400.0,987.45,-1.34,272.8,-2.32,93.0,5.54,5.15,0.39,3.25,5.21,1263.0,2.11,3.21,25.47
2015-01-22 06:50:00,1839000.0,987.56,-1.34,272.8,-2.3,93.1,5.54,5.16,0.38,3.25,5.22,1263.13,2.23,3.13,26.93
2015-01-22 07:00:00,1839600.0,987.65,-1.4,272.73,-2.35,93.2,5.51,5.14,0.37,3.24,5.2,1263.54,2.32,3.73,26.46
2015-01-22 07:10:00,1840200.0,987.66,-1.43,272.7,-2.35,93.4,5.5,5.14,0.36,3.24,5.2,1263.7,2.12,3.69,21.82
2015-01-22 07:20:00,1840800.0,987.64,-1.46,272.66,-2.36,93.6,5.49,5.13,0.35,3.24,5.2,1263.83,2.48,3.49,22.5
2015-01-22 07:30:00,1841400.0,987.61,-1.47,272.66,-2.34,93.7,5.48,5.14,0.35,3.24,5.2,1263.8,2.6,3.39,17.87
2015-01-22 07:40:00,1842000.0,987.62,-1.47,272.66,-2.33,93.8,5.48,5.14,0.34,3.25,5.21,1263.82,2.88,4.13,18.21
2015-01-22 07:50:00,1842600.0,987.68,-1.47,272.66,-2.32,93.9,5.48,5.15,0.33,3.25,5.21,1263.89,2.74,3.53,22.12
2015-01-22 08:00:00,1843200.0,987.77,-1.44,272.68,-2.26,94.1,5.5,5.17,0.32,3.26,5.24,1263.86,2.6,3.93,28.5
2015-01-22 08:10:00,1843800.0,987.84,-1.42,272.7,-2.22,94.2,5.51,5.19,0.32,3.27,5.25,1263.84,2.74,4.13,25.09
2015-01-22 08:20:00,1844400.0,987.94,-1.46,272.64,-2.25,94.3,5.49,5.17,0.31,3.26,5.24,1264.2,2.88,4.05,27.65
2015-01-22 08:30:00,1845000.0,988.01,-1.44,272.66,-2.2,94.5,5.5,5.19,0.3,3.28,5.26,1264.15,2.99,3.97,30.33
2015-01-22 08:40:00,1845600.0,988.17,-1.4,272.69,-2.15,94.6,5.51,5.21,0.3,3.29,5.28,1264.17,2.51,3.79,29.59
2015-01-22 08:50:00,1846200.0,988.23,-1.39,272.69,-2.13,94.7,5.52,5.22,0.29,3.29,5.29,1264.2,2.53,3.81,29.84
2015-01-22 09:00:00,1846800.0,988.22,-1.33,272.75,-2.07,94.7,5.54,5.25,0.29,3.31,5.31,1263.91,2.59,3.77,33.22
2015-01-22 09:10:00,1847400.0,988.24,-1.33,272.75,-2.07,94.7,5.54,5.25,0.29,3.31,5.31,1263.93,2.58,3.81,27.27
2015-01-22 09:20:00,1848000.0,988.37,-1.31,272.76,-2.02,94.9,5.55,5.26,0.28,3.32,5.33,1264.01,2.68,5.17,27.62
2015-01-22 09:30:00,1848600.0,988.51,-1.27,272.8,-1.99,94.8,5.57,5.28,0.29,3.33,5.34,1263.96,2.68,4.25,24.61
2015-01-22 09:40:00,1849200.0,988.61,-1.26,272.79,-1.97,94.9,5.57,5.28,0.28,3.33,5.34,1264.07,2.61,3.71,25.78
2015-01-22 09:50:00,1849800.0,988.62,-1.27,272.79,-1.97,94.9,5.57,5.28,0.28,3.33,5.34,1264.09,3.24,4.17,21.97
2015-01-22 10:00:00,1850400.0,988.6,-1.27,272.79,-1.94,95.1,5.57,5.29,0.27,3.34,5.35,1264.06,3.68,5.25,25.07
2015-01-22 10:10:00,1851000.0,988.58,-1.27,272.79,-1.93,95.2,5.57,5.3,0.27,3.34,5.36,1264.04,3.63,5.53,26.44
2015-01-22 10:20:00,1851600.0,988.54,-1.27,272.79,-1.9,95.4,5.57,5.31,0.26,3.35,5.37,1263.98,2.83,4.25,26.56
2015-01-22 10:30:00,1852200.0,988.53,-1.27,272.79,-1.86,95.7,5.57,5.33,0.24,3.36,5.39,1263.96,3.17,4.93,23.59
2015-01-22 10:40:00,1852800.0,988.62,-1.2,272.85,-1.77,95.9,5.59,5.36,0.23,3.38,5.43,1263.76,2.97,4.65,31.81
2015-01-22 10:50:00,1853400.0,988.71,-1.16,272.88,-1.7,96.1,5.61,5.39,0.22,3.4,5.45,1263.69,2.29,3.29,31.78
2015-01-22 11:00:00,1854000.0,988.75,-1.15,272.89,-1.69,96.1,5.61,5.39,0.22,3.4,5.45,1263.69,3.22,5.33,44.2
2015-01-22 11:10:00,1854600.0,988.78,-1.13,272.91,-1.64,96.3,5.62,5.41,0.21,3.41,5.48,1263.61,3.1,5.41,37.45
2015-01-22 11:20:00,1855200.0,988.79,-1.11,272.93,-1.62,96.3,5.63,5.42,0.21,3.42,5.48,1263.51,2.81,4.49,40.33
2015-01-22 11:30:00,1855800.0,988.83,-1.07,272.97,-1.58,96.3,5.65,5.44,0.21,3.43,5.5,1263.37,2.88,4.21,34.62
2015-01-22 11:40:00,1856400.0,988.77,-1.07,272.97,-1.58,96.3,5.65,5.44,0.21,3.43,5.5,1263.32,3.35,4.65,38.31
2015-01-22 11:50:00,1857000.0,988.79,-1.07,272.97,-1.55,96.5,5.65,5.45,0.2,3.43,5.51,1263.33,2.63,4.01,29.18
2015-01-22 12:00:00,1857600.0,988.71,-1.06,272.99,-1.54,96.5,5.65,5.46,0.2,3.44,5.52,1263.15,2.54,3.85,26.75
2015-01-22 12:10:00,1858200.0,988.7,-1.06,272.99,-1.54,96.5,5.65,5.46,0.2,3.44,5.52,1263.14,2.53,3.45,23.24
2015-01-22 12:20:00,1858800.0,988.72,-1.06,272.98,-1.55,96.5,5.65,5.45,0.2,3.44,5.51,1263.21,3.12,5.33,23.61
2015-01-22 12:30:00,1859400.0,988.74,-1.07,272.98,-1.52,96.7,5.65,5.46,0.19,3.44,5.52,1263.24,2.86,5.25,22.73
2015-01-22 12:40:00,1860000.0,988.74,-1.07,272.98,-1.52,96.7,5.65,5.46,0.19,3.44,5.53,1263.23,2.56,4.57,23.85
2015-01-22 12:50:00,1860600.0,988.73,-1.07,272.97,-1.51,96.8,5.65,5.47,0.18,3.45,5.53,1263.24,2.98,4.25,25.5
2015-01-22 13:00:00,1861200.0,988.73,-1.07,272.97,-1.5,96.9,5.65,5.47,0.18,3.45,5.53,1263.24,2.92,3.83,22.26
2015-01-22 13:10:00,1861800.0,988.73,-1.07,272.98,-1.48,97.0,5.65,5.48,0.17,3.45,5.54,1263.21,3.02,4.57,24.23
2015-01-22 13:20:00,1862400.0,988.75,-1.07,272.98,-1.47,97.1,5.65,5.49,0.16,3.46,5.55,1263.24,3.13,4.41,20.61
2015-01-22 13:30:00,1863000.0,988.82,-1.07,272.97,-1.45,97.2,5.65,5.49,0.16,3.46,5.55,1263.32,3.48,4.89,26.57
2015-01-22 13:40:00,1863600.0,988.84,-1.07,272.97,-1.44,97.3,5.65,5.5,0.15,3.46,5.56,1263.35,3.17,4.45,20.75
2015-01-22 13:50:00,1864200.0,988.78,-1.07,272.97,-1.44,97.3,5.65,5.5,0.15,3.47,5.56,1263.27,3.6,5.59,21.93
2015-01-22 14:00:00,1864800.0,988.75,-1.07,272.98,-1.44,97.3,5.65,5.5,0.15,3.46,5.56,1263.23,3.59,5.33,21.75
2015-01-22 14:10:00,1865400.0,988.76,-1.06,272.98,-1.42,97.4,5.65,5.5,0.15,3.47,5.57,1263.21,2.89,4.57,27.08
2015-01-22 14:20:00,1866000.0,988.81,-1.04,273.0,-1.4,97.4,5.66,5.51,0.15,3.47,5.57,1263.18,2.58,4.01,23.94
2015-01-22 14:30:00,1866600.0,988.86,-1.04,272.99,-1.41,97.3,5.66,5.51,0.15,3.47,5.57,1263.25,3.53,5.21,25.49
2015-01-22 14:40:00,1867200.0,988.89,-1.01,273.02,-1.37,97.4,5.67,5.52,0.15,3.48,5.59,1263.15,3.56,5.15,24.32
2015-01-22 14:50:00,1867800.0,988.93,-1.0,273.02,-1.36,97.4,5.67,5.53,0.15,3.48,5.59,1263.16,3.98,5.57,28.61
2015-01-22 15:00:00,1868400.0,989.01,-0.99,273.03,-1.35,97.4,5.68,5.53,0.15,3.49,5.6,1263.18,2.86,4.29,27.58
2015-01-22 15:10:00,1869000.0,989.12,-0.94,273.07,-1.3,97.4,5.7,5.55,0.15,3.5,5.61,1263.09,2.53,3.77,22.72
2015-01-22 15:20:00,1869600.0,989.24,-0.93,273.07,-1.29,97.4,5.71,5.56,0.15,3.5,5.62,1263.2,2.94,4.65,25.21
2015-01-22 15:30:00,1870200.0,989.28,-0.93,273.07,-1.29,97.4,5.71,5.56,0.15,3.5,5.62,1263.25,2.9,4.05,21.73
2015-01-22 15:40:00,1870800.0,989.31,-0.89,273.11,-1.24,97.4,5.72,5.57,0.15,3.51,5.64,1263.08,2.94,4.57,24.97
2015-01-22 15:50:00,1871400.0,989.37,-0.86,273.13,-1.23,97.3,5.73,5.58,0.15,3.51,5.64,1263.04,2.45,4.09,21.14
2015-01-22 16:00:00,1872000.0,989.44,-0.86,273.12,-1.22,97.4,5.73,5.58,0.15,3.52,5.64,1263.14,2.99,4.97,24.62
2015-01-22 16:10:00,1872600.0,989.5,-0.83,273.15,-1.19,97.4,5.75,5.6,0.15,3.53,5.66,1263.04,2.65,4.45,18.55
2015-01-22 16:20:00,1873200.0,989.54,-0.8,273.18,-1.17,97.3,5.76,5.61,0.16,3.53,5.66,1262.95,2.57,3.49,23.94
2015-01-22 16:30:00,1873800.0,989.62,-0.8,273.18,-1.17,97.3,5.76,5.61,0.16,3.53,5.66,1263.05,2.84,4.09,21.75
2015-01-22 16:40:00,1874400.0,989.68,-0.8,273.17,-1.17,97.3,5.76,5.61,0.16,3.53,5.66,1263.13,2.71,4.21,20.57
2015-01-22 16:50:00,1875000.0,989.82,-0.76,273.2,-1.14,97.2,5.78,5.62,0.16,3.54,5.67,1263.11,2.66,3.73,21.23
2015-01-22 17:00:00,1875600.0,989.85,-0.73,273.22,-1.13,97.1,5.79,5.62,0.17,3.54,5.68,1263.03,2.48,4.09,20.31
2015-01-22 17:10:00,1876200.0,989.95,-0.68,273.27,-1.1,96.9,5.81,5.63,0.18,3.55,5.69,1262.89,2.35,4.29,13.95
2015-01-22 17:20:00,1876800.0,990.04,-0.62,273.32,-1.11,96.5,5.84,5.63,0.2,3.55,5.69,1262.76,1.63,2.64,13.91
2015-01-22 17:30:00,1877400.0,990.09,-0.66,273.28,-1.2,96.1,5.82,5.59,0.23,3.52,5.65,1263.02,1.82,2.56,19.71
2015-01-22 17:40:00,1878000.0,990.16,-0.67,273.27,-1.25,95.8,5.82,5.57,0.24,3.51,5.63,1263.14,2.0,2.84,17.36
2015-01-22 17:50:00,1878600.0,990.17,-0.67,273.26,-1.27,95.7,5.82,5.57,0.25,3.5,5.62,1263.17,2.01,3.73,21.27
2015-01-22 18:00:00,1879200.0,990.22,-0.67,273.26,-1.29,95.5,5.82,5.56,0.26,3.5,5.61,1263.23,2.18,4.21,20.76
2015-01-22 18:10:00,1879800.0,990.32,-0.67,273.25,-1.32,95.3,5.82,5.54,0.27,3.49,5.6,1263.37,2.32,3.41,14.26
2015-01-22 18:20:00,1880400.0,990.41,-0.67,273.24,-1.35,95.1,5.82,5.53,0.29,3.48,5.59,1263.49,2.21,3.51,18.47
2015-01-22 18:30:00,1881000.0,990.53,-0.61,273.29,-1.31,95.0,5.84,5.55,0.29,3.49,5.6,1263.37,1.98,3.51,24.74
2015-01-22 18:40:00,1881600.0,990.64,-0.6,273.29,-1.34,94.7,5.84,5.53,0.31,3.48,5.59,1263.48,2.2,3.33,21.66
2015-01-22 18:50:00,1882200.0,990.73,-0.6,273.28,-1.39,94.4,5.84,5.52,0.33,3.47,5.57,1263.6,2.55,3.93,25.08
2015-01-22 19:00:00,1882800.0,990.81,-0.6,273.28,-1.43,94.1,5.84,5.5,0.34,3.46,5.55,1263.71,2.35,4.19,24.54
2015-01-22 19:10:00,1883400.0,990.92,-0.6,273.27,-1.44,94.0,5.84,5.49,0.35,3.46,5.54,1263.86,2.99,4.83,24.97
2015-01-22 19:20:00,1884000.0,991.01,-0.6,273.26,-1.46,93.9,5.85,5.49,0.36,3.45,5.54,1263.97,2.98,4.53,24.82
2015-01-22 19:30:00,1884600.0,991.05,-0.6,273.26,-1.44,94.0,5.84,5.49,0.35,3.46,5.54,1264.02,2.59,3.89,24.43
2015-01-22 19:40:00,1885200.0,991.11,-0.6,273.26,-1.43,94.1,5.85,5.5,0.34,3.46,5.55,1264.09,3.01,4.53,22.04
2015-01-22 19:50:00,1885800.0,991.17,-0.6,273.26,-1.38,94.4,5.85,5.52,0.33,3.47,5.57,1264.14,1.17,2.88,24.63
2015-01-22 20:00:00,1886400.0,991.28,-0.65,273.19,-1.41,94.6,5.82,5.51,0.31,3.46,5.56,1264.55,1.41,2.8,359.4
2015-01-22 20:10:00,1887000.0,991.36,-0.79,273.05,-1.49,95.0,5.77,5.48,0.29,3.44,5.52,1265.3,2.29,4.25,11.8
2015-01-22 20:20:00,1887600.0,991.44,-0.87,272.96,-1.47,95.7,5.73,5.48,0.25,3.45,5.53,1265.77,1.94,3.05,13.9
2015-01-22 20:30:00,1888200.0,991.5,-0.87,272.96,-1.41,96.1,5.73,5.51,0.22,3.46,5.56,1265.83,2.15,4.01,23.56
2015-01-22 20:40:00,1888800.0,991.59,-0.92,272.9,-1.44,96.2,5.71,5.49,0.22,3.45,5.54,1266.18,2.5,3.79,21.16
2015-01-22 20:50:00,1889400.0,991.72,-0.84,272.97,-1.35,96.3,5.75,5.53,0.21,3.48,5.58,1265.95,2.29,3.61,15.87
2015-01-22 21:00:00,1890000.0,991.76,-0.82,272.99,-1.39,95.9,5.75,5.52,0.24,3.47,5.56,1265.93,2.95,4.79,18.7
2015-01-22 21:10:00,1890600.0,991.81,-0.94,272.86,-1.51,95.9,5.7,5.47,0.23,3.44,5.51,1266.57,2.58,3.77,18.69
2015-01-22 21:20:00,1891200.0,991.87,-1.0,272.79,-1.51,96.3,5.68,5.47,0.21,3.43,5.51,1266.95,2.24,3.81,25.74
2015-01-22 21:30:00,1891800.0,991.87,-1.04,272.76,-1.52,96.5,5.66,5.46,0.2,3.43,5.51,1267.12,1.71,3.99,20.52
2015-01-22 21:40:00,1892400.0,991.91,-1.18,272.62,-1.63,96.7,5.6,5.42,0.18,3.4,5.46,1267.83,3.04,5.17,20.9
2015-01-22 21:50:00,1893000.0,991.93,-1.2,272.59,-1.62,97.0,5.59,5.42,0.17,3.41,5.47,1267.98,2.62,3.75,20.17
2015-01-22 22:00:00,1893600.0,992.0,-1.2,272.58,-1.6,97.1,5.59,5.43,0.16,3.41,5.47,1268.06,1.96,2.98,15.56
2015-01-22 22:10:00,1894200.0,992.01,-1.2,272.59,-1.58,97.2,5.59,5.44,0.16,3.42,5.48,1268.05,1.83,3.16,19.82
2015-01-22 22:20:00,1894800.0,992.08,-1.23,272.55,-1.63,97.1,5.58,5.42,0.16,3.4,5.46,1268.31,2.33,3.81,16.38
2015-01-22 22:30:00,1895400.0,992.14,-1.32,272.45,-1.71,97.2,5.54,5.39,0.16,3.38,5.43,1268.82,2.45,3.97,16.52
2015-01-22 22:40:00,1896000.0,992.21,-1.34,272.43,-1.69,97.4,5.54,5.39,0.14,3.39,5.44,1268.97,1.97,2.88,21.93
2015-01-22 22:50:00,1896600.0,992.25,-1.34,272.43,-1.68,97.5,5.54,5.4,0.14,3.39,5.44,1269.01,2.25,3.89,19.61
2015-01-22 23:00:00,1897200.0,992.26,-1.34,272.43,-1.66,97.6,5.54,5.41,0.13,3.4,5.45,1269.02,2.63,4.35,17.29
2015-01-22 23:10:00,1897800.0,992.33,-1.28,272.48,-1.59,97.7,5.56,5.43,0.13,3.41,5.48,1268.84,1.01,2.2,14.01
2015-01-22 23:20:00,1898400.0,992.37,-1.2,272.55,-1.53,97.6,5.59,5.46,0.13,3.43,5.5,1268.52,1.07,2.52,7.92
2015-01-22 23:30:00,1899000.0,992.44,-1.18,272.57,-1.54,97.4,5.6,5.46,0.15,3.43,5.5,1268.5,0.95,2.08,19.64
2015-01-22 23:40:00,1899600.0,992.49,-1.26,272.48,-1.69,96.9,5.57,5.39,0.17,3.39,5.44,1268.99,1.09,2.36,22.06
2015-01-22 23:50:00,1900200.0,992.56,-1.31,272.43,-1.76,96.7,5.55,5.37,0.18,3.37,5.41,1269.31,0.94,2.0,28.99
2015-01-23 00:00:00,1900800.0,992.63,-1.31,272.42,-1.8,96.5,5.55,5.35,0.19,3.36,5.39,1269.43,1.63,3.29,36.29
2015-01-23 00:10:00,1901400.0,992.7,-1.39,272.34,-1.89,96.4,5.52,5.32,0.2,3.34,5.36,1269.89,1.71,3.53,17.14
2015-01-23 00:20:00,1902000.0,992.83,-1.35,272.37,-1.82,96.6,5.53,5.34,0.19,3.35,5.38,1269.87,1.14,3.09,49.17
2015-01-23 00:30:00,1902600.0,992.84,-1.33,272.39,-1.78,96.7,5.54,5.36,0.18,3.36,5.4,1269.75,0.99,2.32,117.8
2015-01-23 00:40:00,1903200.0,992.93,-1.31,272.41,-1.76,96.7,5.55,5.37,0.18,3.37,5.41,1269.76,1.03,1.92,17.62
2015-01-23 00:50:00,1903800.0,992.96,-1.27,272.44,-1.71,96.8,5.56,5.38,0.18,3.38,5.42,1269.65,1.23,3.93,46.21
2015-01-23 01:00:00,1904400.0,992.97,-1.34,272.37,-1.79,96.7,5.54,5.35,0.18,3.36,5.39,1269.97,1.54,3.65,37.79
2015-01-23 01:10:00,1905000.0,993.04,-1.38,272.32,-1.82,96.8,5.52,5.34,0.18,3.35,5.38,1270.26,1.97,3.49,25.28
2015-01-23 01:20:00,1905600.0,993.08,-1.45,272.25,-1.88,96.9,5.49,5.32,0.17,3.34,5.36,1270.67,2.25,4.25,23.22
2015-01-23 01:30:00,1906200.0,993.14,-1.43,272.27,-1.83,97.1,5.5,5.34,0.16,3.35,5.38,1270.61,1.72,2.7,28.12
2015-01-23 01:40:00,1906800.0,993.18,-1.42,272.27,-1.82,97.1,5.5,5.34,0.16,3.35,5.38,1270.65,2.05,3.93,29.48
2015-01-23 01:50:00,1907400.0,993.2,-1.47,272.22,-1.85,97.2,5.48,5.33,0.15,3.34,5.37,1270.9,2.26,3.63,23.92
2015-01-23 02:00:00,1908000.0,993.2,-1.47,272.22,-1.86,97.2,5.48,5.33,0.15,3.34,5.37,1270.9,2.08,4.01,19.56
2015-01-23 02:10:00,1908600.0,993.21,-1.44,272.25,-1.84,97.1,5.5,5.34,0.16,3.35,5.37,1270.76,1.45,3.12,15.15
2015-01-23 02:20:00,1909200.0,993.23,-1.4,272.28,-1.83,96.9,5.51,5.34,0.17,3.35,5.38,1270.62,1.63,3.57,24.29
2015-01-23 02:30:00,1909800.0,993.23,-1.42,272.27,-1.91,96.4,5.5,5.31,0.2,3.33,5.34,1270.7,2.16,3.81,23.04
2015-01-23 02:40:00,1910400.0,993.25,-1.47,272.22,-2.02,96.0,5.48,5.26,0.22,3.3,5.3,1270.99,2.22,3.93,20.63
2015-01-23 02:50:00,1911000.0,993.24,-1.44,272.25,-2.03,95.7,5.5,5.26,0.24,3.3,5.29,1270.84,2.12,3.77,16.47
2015-01-23 03:00:00,1911600.0,993.34,-1.43,272.25,-2.1,95.2,5.5,5.23,0.26,3.28,5.27,1270.94,2.32,3.41,20.43
2015-01-23 03:10:00,1912200.0,993.33,-1.43,272.25,-2.13,94.9,5.5,5.22,0.28,3.27,5.25,1270.93,1.86,3.21,18.4
2015-01-23 03:20:00,1912800.0,993.32,-1.41,272.28,-2.17,94.5,5.51,5.21,0.3,3.27,5.24,1270.81,1.91,3.69,18.12
2015-01-23 03:30:00,1913400.0,993.36,-1.41,272.27,-2.23,94.1,5.51,5.18,0.33,3.25,5.22,1270.88,1.51,2.8,19.25
2015-01-23 03:40:00,1914000.0,993.45,-1.45,272.23,-2.29,93.9,5.49,5.16,0.34,3.24,5.19,1271.18,2.01,4.01,17.2
2015-01-23 03:50:00,1914600.0,993.5,-1.53,272.14,-2.36,94.0,5.46,5.13,0.33,3.22,5.17,1271.65,1.42,3.29,24.44
2015-01-23 04:00:00,1915200.0,993.57,-1.6,272.06,-2.39,94.3,5.43,5.12,0.31,3.21,5.15,1272.08,2.38,4.41,24.24
2015-01-23 04:10:00,1915800.0,993.62,-1.66,271.99,-2.37,94.9,5.41,5.13,0.28,3.22,5.16,1272.44,2.0,3.93,23.67
2015-01-23 04:20:00,1916400.0,993.66,-1.64,272.02,-2.3,95.2,5.42,5.16,0.26,3.23,5.19,1272.35,1.34,3.51,25.5
2015-01-23 04:30:00,1917000.0,993.7,-1.66,272.0,-2.3,95.3,5.41,5.15,0.25,3.23,5.19,1272.5,2.05,3.93,20.06
2015-01-23 04:40:00,1917600.0,993.73,-1.67,271.98,-2.3,95.4,5.4,5.15,0.25,3.23,5.19,1272.6,2.25,3.45,16.93
2015-01-23 04:50:00,1918200.0,993.75,-1.72,271.93,-2.35,95.4,5.38,5.14,0.25,3.22,5.17,1272.84,2.15,3.41,22.46
2015-01-23 05:00:00,1918800.0,993.78,-1.67,271.97,-2.29,95.5,5.4,5.16,0.24,3.24,5.19,1272.67,2.05,2.98,20.66
2015-01-23 05:10:00,1919400.0,993.85,-1.67,271.97,-2.29,95.5,5.4,5.16,0.24,3.24,5.19,1272.75,2.08,3.01,18.99
2015-01-23 05:20:00,1920000.0,993.98,-1.67,271.96,-2.29,95.5,5.4,5.16,0.24,3.24,5.19,1272.9,1.66,2.95,23.43
2015-01-23 05:30:00,1920600.0,994.09,-1.63,271.99,-2.27,95.4,5.42,5.17,0.25,3.24,5.2,1272.87,1.01,2.1,4.76
2015-01-23 05:40:00,1921200.0,994.11,-1.61,272.01,-2.28,95.2,5.43,5.17,0.26,3.24,5.2,1272.81,1.32,2.72,30.5
2015-01-23 05:50:00,1921800.0,994.22,-1.69,271.92,-2.43,94.6,5.4,5.1,0.29,3.2,5.13,1273.33,2.54,4.49,17.44
2015-01-23 06:00:00,1922400.0,994.26,-1.74,271.87,-2.51,94.4,5.38,5.08,0.3,3.18,5.1,1273.63,1.55,2.8,14.65
2015-01-23 06:10:00,1923000.0,994.35,-1.77,271.83,-2.57,94.2,5.36,5.05,0.31,3.17,5.08,1273.9,2.05,4.41,16.24
2015-01-23 06:20:00,1923600.0,994.44,-1.8,271.79,-2.62,94.1,5.35,5.03,0.32,3.15,5.06,1274.18,1.92,3.75,20.46
2015-01-23 06:30:00,1924200.0,994.47,-1.81,271.79,-2.64,94.0,5.35,5.03,0.32,3.15,5.06,1274.24,1.86,3.21,21.82
2015-01-23 06:40:00,1924800.0,994.55,-1.8,271.78,-2.62,94.1,5.35,5.03,0.32,3.15,5.06,1274.33,1.58,2.97,23.5
2015-01-23 06:50:00,1925400.0,994.6,-1.81,271.77,-2.65,93.9,5.35,5.02,0.33,3.15,5.05,1274.42,1.86,3.17,15.79
2015-01-23 07:00:00,1926000.0,994.69,-1.8,271.77,-2.66,93.8,5.35,5.02,0.33,3.14,5.05,1274.52,1.54,4.39,19.62
2015-01-23 07:10:00,1926600.0,994.78,-1.77,271.8,-2.64,93.7,5.36,5.03,0.34,3.15,5.05,1274.47,1.46,3.79,27.38
2015-01-23 07:20:00,1927200.0,994.99,-1.79,271.76,-2.66,93.7,5.36,5.02,0.34,3.14,5.04,1274.83,1.55,2.93,25.59
2015-01-23 07:30:00,1927800.0,995.01,-1.76,271.79,-2.58,94.1,5.37,5.05,0.32,3.16,5.08,1274.7,0.95,2.68,30.42
2015-01-23 07:40:00,1928400.0,995.12,-1.69,271.85,-2.53,93.9,5.4,5.07,0.33,3.17,5.09,1274.5,0.81,2.44,55.16
2015-01-23 07:50:00,1929000.0,995.17,-1.73,271.81,-2.6,93.7,5.38,5.04,0.34,3.16,5.06,1274.77,1.63,3.21,14.52
2015-01-23 08:00:00,1929600.0,995.26,-1.73,271.8,-2.6,93.8,5.38,5.04,0.33,3.16,5.07,1274.91,1.77,4.13,15.77
2015-01-23 08:10:00,1930200.0,995.34,-1.74,271.79,-2.62,93.6,5.38,5.03,0.34,3.15,5.06,1275.03,1.59,2.97,18.15
2015-01-23 08:20:00,1930800.0,995.45,-1.66,271.85,-2.55,93.6,5.41,5.06,0.35,3.17,5.08,1274.81,0.94,2.64,30.39
2015-01-23 08:30:00,1931400.0,995.61,-1.44,272.06,-2.41,93.1,5.49,5.12,0.38,3.2,5.14,1273.96,0.67,2.72,323.7
2015-01-23 08:40:00,1932000.0,995.78,-1.55,271.94,-2.62,92.3,5.45,5.03,0.42,3.15,5.05,1274.7,1.59,3.71,12.54
2015-01-23 08:50:00,1932600.0,995.83,-1.58,271.91,-2.63,92.5,5.44,5.03,0.41,3.15,5.05,1274.92,1.22,2.96,12.9
2015-01-23 09:00:00,1933200.0,995.88,-1.59,271.89,-2.64,92.5,5.43,5.03,0.41,3.15,5.05,1275.06,1.51,2.4,14.31
2015-01-23 09:10:00,1933800.0,996.07,-1.42,272.05,-2.42,92.8,5.5,5.11,0.4,3.2,5.13,1274.43,0.78,2.4,17.06
2015-01-23 09:20:00,1934400.0,996.07,-1.56,271.91,-2.68,92.0,5.45,5.01,0.44,3.14,5.03,1275.13,2.32,4.25,12.03
2015-01-23 09:30:00,1935000.0,996.07,-1.68,271.79,-2.7,92.7,5.4,5.01,0.39,3.13,5.03,1275.7,2.81,4.97,20.75
2015-01-23 09:40:00,1935600.0,996.09,-1.64,271.83,-2.59,93.2,5.42,5.05,0.37,3.16,5.07,1275.53,1.62,2.92,16.63
2015-01-23 09:50:00,1936200.0,996.18,-1.64,271.82,-2.6,93.1,5.42,5.04,0.37,3.15,5.06,1275.64,1.99,3.97,17.61
2015-01-23 10:00:00,1936800.0,996.3,-1.67,271.78,-2.6,93.3,5.4,5.04,0.36,3.15,5.06,1275.94,1.86,3.27,17.25
2015-01-23 10:10:00,1937400.0,996.4,-1.62,271.82,-2.52,93.5,5.42,5.07,0.35,3.17,5.09,1275.81,2.24,4.61,17.2
2015-01-23 10:20:00,1938000.0,996.49,-1.67,271.77,-2.56,93.6,5.4,5.06,0.35,3.16,5.08,1276.17,2.08,3.33,21.24
2015-01-23 10:30:00,1938600.0,996.59,-1.69,271.74,-2.55,93.8,5.4,5.06,0.33,3.16,5.08,1276.4,2.33,3.77,12.65
2015-01-23 10:40:00,1939200.0,996.69,-1.68,271.74,-2.51,94.0,5.4,5.07,0.32,3.17,5.09,1276.48,2.48,4.49,25.84
2015-01-23 10:50:00,1939800.0,996.78,-1.67,271.74,-2.48,94.2,5.4,5.09,0.31,3.18,5.11,1276.55,1.65,3.21,21.36
2015-01-23 11:00:00,1940400.0,996.79,-1.67,271.74,-2.49,94.1,5.4,5.08,0.32,3.18,5.1,1276.55,2.39,5.11,25.64
2015-01-23 11:10:00,1941000.0,996.78,-1.67,271.74,-2.49,94.1,5.4,5.08,0.32,3.18,5.1,1276.54,2.61,4.29,22.26
2015-01-23 11:20:00,1941600.0,996.82,-1.67,271.74,-2.47,94.2,5.4,5.09,0.31,3.18,5.11,1276.57,2.25,3.95,19.28
2015-01-23 11:30:00,1942200.0,996.86,-1.61,271.8,-2.4,94.3,5.43,5.12,0.31,3.2,5.13,1276.34,1.88,3.99,26.15
2015-01-23 11:40:00,1942800.0,996.81,-1.59,271.82,-2.44,93.9,5.43,5.1,0.33,3.19,5.12,1276.21,2.44,4.83,22.83
2015-01-23 11:50:00,1943400.0,996.81,-1.59,271.82,-2.43,94.0,5.43,5.11,0.33,3.19,5.12,1276.2,2.23,3.13,23.84
2015-01-23 12:00:00,1944000.0,996.81,-1.6,271.81,-2.43,94.0,5.43,5.11,0.33,3.19,5.12,1276.24,2.12,4.01,19.78
2015-01-23 12:10:00,1944600.0,996.83,-1.6,271.81,-2.45,93.9,5.43,5.1,0.33,3.19,5.11,1276.28,2.61,4.33,19.98
2015-01-23 12:20:00,1945200.0,996.92,-1.6,271.8,-2.48,93.7,5.43,5.09,0.34,3.18,5.1,1276.4,2.46,4.73,19.03
2015-01-23 12:30:00,1945800.0,996.92,-1.56,271.84,-2.45,93.6,5.45,5.1,0.35,3.19,5.11,1276.21,2.43,4.13,23.59
2015-01-23 12:40:00,1946400.0,996.91,-1.53,271.87,-2.48,93.2,5.46,5.09,0.37,3.18,5.1,1276.08,2.57,3.69,22.19
2015-01-23 12:50:00,1947000.0,996.84,-1.47,271.94,-2.43,93.1,5.48,5.11,0.38,3.19,5.12,1275.66,1.94,3.09,17.92
2015-01-23 13:00:00,1947600.0,996.82,-1.42,271.99,-2.41,92.9,5.5,5.11,0.39,3.2,5.13,1275.39,1.88,3.41,16.44
2015-01-23 13:10:00,1948200.0,996.81,-1.4,272.01,-2.42,92.7,5.51,5.11,0.4,3.19,5.13,1275.3,1.99,3.17,22.46
2015-01-23 13:20:00,1948800.0,996.8,-1.37,272.04,-2.41,92.6,5.52,5.11,0.41,3.2,5.13,1275.16,2.01,3.15,17.88
2015-01-23 13:30:00,1949400.0,996.83,-1.33,272.07,-2.36,92.7,5.54,5.13,0.4,3.21,5.15,1275.01,2.36,3.99,20.97
2015-01-23 13:40:00,1950000.0,996.81,-1.33,272.07,-2.37,92.6,5.54,5.13,0.41,3.21,5.14,1274.99,2.53,3.97,20.85
2015-01-23 13:50:00,1950600.0,996.82,-1.28,272.13,-2.32,92.6,5.56,5.15,0.41,3.22,5.17,1274.73,2.37,4.41,22.74
2015-01-23 14:00:00,1951200.0,996.82,-1.28,272.13,-2.36,92.3,5.56,5.13,0.43,3.21,5.15,1274.72,2.82,4.07,22.12
2015-01-23 14:10:00,1951800.0,996.79,-1.32,272.09,-2.42,92.2,5.54,5.11,0.43,3.19,5.13,1274.93,2.87,3.97,18.5
2015-01-23 14:20:00,1952400.0,996.8,-1.33,272.08,-2.41,92.3,5.54,5.11,0.43,3.2,5.13,1274.99,2.63,4.41,14.56
2015-01-23 14:30:00,1953000.0,996.81,-1.39,272.02,-2.44,92.5,5.52,5.1,0.41,3.19,5.12,1275.23,2.98,4.61,22.26
2015-01-23 14:40:00,1953600.0,996.83,-1.4,272.01,-2.39,92.9,5.51,5.12,0.39,3.2,5.14,1275.33,2.74,3.85,25.5
2015-01-23 14:50:00,1954200.0,996.92,-1.45,271.95,-2.37,93.4,5.49,5.13,0.36,3.21,5.15,1275.65,2.51,4.25,22.19
2015-01-23 15:00:00,1954800.0,997.01,-1.48,271.92,-2.31,94.0,5.48,5.15,0.33,3.22,5.17,1275.9,2.38,3.97,16.61
2015-01-23 15:10:00,1955400.0,997.04,-1.53,271.86,-2.29,94.5,5.46,5.16,0.3,3.23,5.18,1276.17,2.49,4.19,17.35
2015-01-23 15:20:00,1956000.0,997.06,-1.53,271.86,-2.25,94.8,5.46,5.18,0.28,3.24,5.19,1276.17,2.13,3.81,16.26
2015-01-23 15:30:00,1956600.0,997.14,-1.47,271.92,-2.15,95.1,5.48,5.22,0.27,3.26,5.23,1275.99,1.63,2.86,18.42
2015-01-23 15:40:00,1957200.0,997.25,-1.46,271.92,-2.12,95.2,5.49,5.22,0.26,3.26,5.24,1276.09,1.52,2.4,17.68
2015-01-23 15:50:00,1957800.0,997.33,-1.47,271.9,-2.1,95.4,5.48,5.23,0.25,3.27,5.25,1276.23,1.64,3.81,5.75
2015-01-23 16:00:00,1958400.0,997.43,-1.38,271.98,-1.96,95.8,5.52,5.29,0.23,3.3,5.3,1275.9,1.13,2.32,15.68
2015-01-23 16:10:00,1959000.0,997.52,-1.42,271.93,-2.01,95.7,5.5,5.27,0.24,3.29,5.28,1276.23,1.5,3.09,10.87
2015-01-23 16:20:00,1959600.0,997.67,-1.43,271.91,-2.0,95.9,5.5,5.27,0.23,3.29,5.29,1276.47,1.56,3.57,12.78
2015-01-23 16:30:00,1960200.0,997.69,-1.57,271.77,-2.12,96.0,5.44,5.23,0.22,3.26,5.24,1277.18,1.76,4.07,18.45
2015-01-23 16:40:00,1960800.0,997.76,-1.66,271.67,-2.16,96.4,5.41,5.21,0.19,3.25,5.22,1277.71,1.62,3.85,2.6
2015-01-23 16:50:00,1961400.0,997.79,-1.56,271.77,-2.0,96.8,5.45,5.27,0.17,3.29,5.28,1277.25,0.77,1.72,42.02
2015-01-23 17:00:00,1962000.0,997.91,-1.71,271.61,-2.18,96.6,5.39,5.2,0.18,3.25,5.21,1278.14,1.52,3.63,16.89
2015-01-23 17:10:00,1962600.0,997.99,-1.81,271.51,-2.23,96.9,5.35,5.18,0.17,3.24,5.19,1278.68,1.05,2.2,14.21
2015-01-23 17:20:00,1963200.0,998.01,-1.92,271.4,-2.33,97.0,5.3,5.14,0.16,3.21,5.16,1279.27,1.51,3.53,31.0
2015-01-23 17:30:00,1963800.0,998.08,-2.04,271.27,-2.42,97.2,5.26,5.11,0.15,3.19,5.12,1279.92,2.64,3.57,17.04
2015-01-23 17:40:00,1964400.0,998.11,-2.07,271.24,-2.42,97.4,5.25,5.11,0.14,3.19,5.12,1280.11,2.38,3.45,16.19
2015-01-23 17:50:00,1965000.0,998.13,-2.04,271.26,-2.37,97.6,5.26,5.13,0.13,3.2,5.14,1280.01,1.72,3.79,16.02
2015-01-23 18:00:00,1965600.0,998.19,-2.05,271.25,-2.38,97.6,5.25,5.13,0.13,3.2,5.14,1280.13,2.43,3.93,21.75
2015-01-23 18:10:00,1966200.0,998.35,-2.06,271.23,-2.36,97.8,5.25,5.13,0.12,3.21,5.14,1280.35,1.91,3.45,21.6
2015-01-23 18:20:00,1966800.0,998.41,-2.07,271.21,-2.37,97.8,5.25,5.13,0.12,3.2,5.14,1280.49,1.88,3.49,21.14
2015-01-23 18:30:00,1967400.0,998.44,-2.07,271.21,-2.36,97.9,5.24,5.13,0.11,3.2,5.14,1280.54,2.03,3.21,21.24
2015-01-23 18:40:00,1968000.0,998.51,-2.07,271.21,-2.34,98.0,5.25,5.14,0.1,3.21,5.15,1280.62,1.31,2.52,14.99
2015-01-23 18:50:00,1968600.0,998.53,-2.04,271.23,-2.31,98.0,5.26,5.15,0.11,3.22,5.16,1280.5,1.28,2.76,16.97
2015-01-23 19:00:00,1969200.0,998.55,-1.96,271.31,-2.21,98.2,5.29,5.19,0.1,3.24,5.2,1280.15,0.69,1.56,15.94
2015-01-23 19:10:00,1969800.0,998.65,-2.01,271.26,-2.28,98.0,5.27,5.16,0.11,3.22,5.17,1280.5,1.27,2.36,15.77
2015-01-23 19:20:00,1970400.0,998.65,-2.07,271.2,-2.33,98.1,5.25,5.15,0.1,3.21,5.15,1280.79,1.38,2.24,20.36
2015-01-23 19:30:00,1971000.0,998.61,-2.07,271.2,-2.31,98.2,5.25,5.15,0.09,3.21,5.16,1280.74,1.9,2.8,16.17
2015-01-23 19:40:00,1971600.0,998.51,-2.06,271.22,-2.29,98.3,5.25,5.16,0.09,3.22,5.17,1280.57,1.43,2.4,23.27
2015-01-23 19:50:00,1972200.0,998.55,-2.07,271.21,-2.3,98.3,5.25,5.16,0.09,3.22,5.16,1280.65,2.41,3.81,19.63
2015-01-23 20:00:00,1972800.0,998.59,-2.04,271.23,-2.26,98.4,5.26,5.17,0.08,3.23,5.18,1280.58,2.04,3.45,17.94
2015-01-23 20:10:00,1973400.0,998.67,-1.99,271.27,-2.21,98.4,5.28,5.19,0.08,3.24,5.2,1280.43,1.62,2.54,26.67
2015-01-23 20:20:00,1974000.0,998.72,-1.89,271.37,-2.09,98.5,5.31,5.24,0.08,3.27,5.24,1280.01,0.72,1.68,13.51
2015-01-23 20:30:00,1974600.0,998.67,-1.87,271.4,-2.09,98.4,5.32,5.24,0.09,3.27,5.25,1279.82,0.69,1.32,208.2
2015-01-23 20:40:00,1975200.0,998.59,-1.89,271.38,-2.1,98.4,5.32,5.23,0.09,3.27,5.24,1279.81,0.85,2.0,316.8
2015-01-23 20:50:00,1975800.0,998.54,-1.92,271.35,-2.15,98.3,5.3,5.21,0.09,3.25,5.22,1279.93,0.74,1.48,345.9
2015-01-23 21:00:00,1976400.0,998.54,-1.89,271.39,-2.09,98.5,5.32,5.24,0.08,3.27,5.24,1279.76,0.7,2.2,334.1
2015-01-23 21:10:00,1977000.0,998.55,-1.92,271.36,-2.13,98.4,5.3,5.22,0.08,3.26,5.23,1279.91,0.91,1.6,7.11
2015-01-23 21:20:00,1977600.0,998.51,-1.9,271.37,-2.12,98.4,5.31,5.23,0.08,3.26,5.23,1279.8,0.58,1.4,349.6
2015-01-23 21:30:00,1978200.0,998.53,-1.71,271.57,-1.9,98.6,5.39,5.31,0.08,3.32,5.32,1278.87,0.27,0.88,290.8
2015-01-23 21:40:00,1978800.0,998.49,-1.77,271.51,-2.01,98.2,5.36,5.27,0.1,3.29,5.28,1279.11,0.62,1.36,39.47
2015-01-23 21:50:00,1979400.0,998.49,-1.93,271.34,-2.18,98.2,5.3,5.2,0.1,3.25,5.21,1279.93,0.94,2.08,1.05
2015-01-23 22:00:00,1980000.0,998.5,-1.95,271.33,-2.17,98.4,5.29,5.21,0.08,3.25,5.21,1280.02,1.04,1.84,0.64
2015-01-23 22:10:00,1980600.0,998.52,-1.86,271.41,-2.05,98.6,5.33,5.25,0.07,3.28,5.26,1279.6,0.57,1.24,324.2
2015-01-23 22:20:00,1981200.0,998.46,-1.84,271.44,-2.06,98.4,5.33,5.25,0.09,3.28,5.26,1279.44,0.52,1.16,17.27
2015-01-23 22:30:00,1981800.0,998.42,-1.81,271.47,-2.01,98.5,5.35,5.27,0.08,3.29,5.27,1279.23,0.63,1.48,29.75
2015-01-23 22:40:00,1982400.0,998.38,-1.85,271.43,-2.06,98.5,5.33,5.25,0.08,3.28,5.26,1279.37,0.74,1.8,24.71
2015-01-23 22:50:00,1983000.0,998.35,-1.86,271.43,-2.06,98.5,5.33,5.25,0.08,3.28,5.26,1279.37,0.57,1.12,2.51
2015-01-23 23:00:00,1983600.0,998.25,-1.87,271.42,-2.08,98.5,5.32,5.24,0.08,3.27,5.25,1279.31,0.72,1.2,347.9
2015-01-23 23:10:00,1984200.0,998.19,-1.91,271.39,-2.12,98.5,5.31,5.23,0.08,3.26,5.24,1279.43,0.84,1.48,33.45
2015-01-23 23:20:00,1984800.0,998.12,-1.94,271.37,-2.14,98.5,5.3,5.22,0.08,3.26,5.23,1279.47,1.25,1.96,14.98
2015-01-23 23:30:00,1985400.0,998.15,-1.81,271.49,-1.99,98.7,5.35,5.28,0.07,3.29,5.29,1278.87,0.5,0.96,243.9
2015-01-23 23:40:00,1986000.0,998.11,-1.74,271.57,-1.92,98.7,5.37,5.3,0.07,3.31,5.31,1278.48,0.57,1.04,291.7
2015-01-23 23:50:00,1986600.0,998.06,-1.77,271.54,-1.96,98.6,5.36,5.29,0.08,3.3,5.3,1278.56,0.49,1.44,18.29
2015-01-24 00:00:00,1987200.0,997.91,-1.86,271.46,-2.08,98.4,5.33,5.24,0.09,3.27,5.25,1278.81,1.1,2.0,31.04
2015-01-24 00:10:00,1987800.0,997.85,-1.92,271.41,-2.11,98.6,5.3,5.23,0.07,3.27,5.24,1279.02,1.29,1.8,32.12
2015-01-24 00:20:00,1988400.0,997.81,-1.93,271.4,-2.12,98.6,5.3,5.22,0.07,3.26,5.24,1279.04,1.6,2.48,36.32
2015-01-24 00:30:00,1989000.0,997.68,-1.93,271.41,-2.11,98.7,5.3,5.23,0.07,3.27,5.24,1278.87,1.53,2.04,40.64
2015-01-24 00:40:00,1989600.0,997.55,-1.89,271.46,-2.07,98.7,5.32,5.25,0.07,3.28,5.26,1278.48,1.52,2.08,39.28
2015-01-24 00:50:00,1990200.0,997.5,-1.99,271.37,-2.17,98.6,5.28,5.2,0.07,3.25,5.22,1278.89,1.48,1.92,34.13
2015-01-24 01:00:00,1990800.0,997.49,-1.92,271.43,-2.08,98.8,5.3,5.24,0.06,3.27,5.25,1278.56,1.16,1.52,38.16
2015-01-24 01:10:00,1991400.0,997.4,-1.88,271.49,-2.05,98.7,5.32,5.25,0.07,3.28,5.27,1278.22,0.84,1.36,44.47
2015-01-24 01:20:00,1992000.0,997.31,-1.96,271.41,-2.15,98.6,5.29,5.21,0.07,3.26,5.23,1278.53,0.73,0.96,9.03
2015-01-24 01:30:00,1992600.0,997.13,-1.91,271.48,-2.07,98.8,5.31,5.25,0.06,3.28,5.26,1278.02,0.62,1.24,186.2
2015-01-24 01:40:00,1993200.0,997.02,-1.87,271.53,-2.04,98.7,5.32,5.26,0.07,3.29,5.27,1277.69,0.99,1.24,199.2
2015-01-24 01:50:00,1993800.0,996.92,-1.9,271.5,-2.09,98.6,5.31,5.24,0.07,3.27,5.25,1277.75,1.3,1.6,208.3
2015-01-24 02:00:00,1994400.0,996.79,-1.96,271.45,-2.14,98.6,5.29,5.22,0.07,3.26,5.23,1277.84,1.47,2.0,211.3
2015-01-24 02:10:00,1995000.0,996.76,-2.01,271.41,-2.21,98.5,5.27,5.19,0.08,3.25,5.21,1278.05,1.42,2.16,220.1
2015-01-24 02:20:00,1995600.0,996.65,-2.07,271.35,-2.29,98.4,5.24,5.16,0.08,3.23,5.18,1278.24,2.45,2.96,214.9
2015-01-24 02:30:00,1996200.0,996.62,-2.08,271.34,-2.3,98.4,5.24,5.16,0.08,3.22,5.17,1278.25,1.25,1.76,222.8
2015-01-24 02:40:00,1996800.0,996.52,-2.05,271.38,-2.28,98.3,5.25,5.16,0.09,3.23,5.18,1277.96,1.75,2.56,208.5
2015-01-24 02:50:00,1997400.0,996.38,-2.1,271.34,-2.37,98.0,5.23,5.13,0.1,3.21,5.15,1278.03,2.55,3.49,210.7
2015-01-24 03:00:00,1998000.0,996.27,-2.05,271.41,-2.32,98.0,5.25,5.15,0.11,3.22,5.17,1277.62,1.74,2.56,200.2
2015-01-24 03:10:00,1998600.0,996.26,-2.06,271.39,-2.38,97.7,5.25,5.13,0.12,3.21,5.15,1277.72,2.32,3.16,175.0
2015-01-24 03:20:00,1999200.0,996.17,-2.04,271.42,-2.39,97.4,5.26,5.12,0.14,3.2,5.14,1277.48,1.47,2.16,197.6
2015-01-24 03:30:00,1999800.0,996.05,-2.06,271.4,-2.47,97.0,5.25,5.09,0.16,3.18,5.11,1277.46,2.27,3.12,182.1
2015-01-24 03:40:00,2000400.0,995.89,-2.09,271.39,-2.54,96.7,5.24,5.07,0.17,3.17,5.09,1277.38,2.29,3.12,180.9
2015-01-24 03:50:00,2001000.0,995.77,-2.1,271.39,-2.61,96.3,5.23,5.04,0.19,3.15,5.06,1277.3,2.14,3.04,196.8
2015-01-24 04:00:00,2001600.0,995.67,-2.08,271.42,-2.6,96.2,5.24,5.04,0.2,3.16,5.06,1277.06,1.97,2.68,195.7
2015-01-24 04:10:00,2002200.0,995.64,-2.01,271.49,-2.56,96.0,5.27,5.06,0.21,3.16,5.08,1276.71,2.46,4.67,189.6
2015-01-24 04:20:00,2002800.0,995.55,-2.11,271.39,-2.69,95.8,5.23,5.01,0.22,3.13,5.03,1277.09,2.6,3.97,195.2
2015-01-24 04:30:00,2003400.0,995.43,-2.09,271.42,-2.68,95.7,5.24,5.01,0.23,3.14,5.03,1276.84,2.62,3.57,197.1
2015-01-24 04:40:00,2004000.0,995.28,-2.05,271.48,-2.65,95.6,5.25,5.02,0.23,3.14,5.05,1276.44,2.54,3.51,186.9
2015-01-24 04:50:00,2004600.0,995.17,-1.94,271.59,-2.55,95.6,5.3,5.06,0.23,3.17,5.09,1275.77,2.1,4.05,182.1
2015-01-24 05:00:00,2005200.0,995.02,-1.98,271.56,-2.66,95.1,5.28,5.02,0.26,3.14,5.05,1275.79,2.56,3.91,193.5
2015-01-24 05:10:00,2005800.0,994.93,-1.96,271.59,-2.64,95.1,5.29,5.03,0.26,3.15,5.05,1275.57,2.3,3.41,189.6
2015-01-24 05:20:00,2006400.0,994.8,-1.91,271.66,-2.59,95.0,5.31,5.04,0.27,3.16,5.07,1275.12,2.43,3.26,185.5
2015-01-24 05:30:00,2007000.0,994.65,-1.97,271.61,-2.71,94.6,5.29,5.0,0.29,3.13,5.03,1275.24,2.57,3.69,200.7
2015-01-24 05:40:00,2007600.0,994.57,-1.94,271.64,-2.71,94.4,5.3,5.0,0.3,3.13,5.03,1275.02,2.83,4.61,176.4
2015-01-24 05:50:00,2008200.0,994.57,-1.92,271.66,-2.74,94.1,5.3,4.99,0.31,3.13,5.02,1274.93,2.99,4.45,175.2
2015-01-24 06:00:00,2008800.0,994.46,-1.93,271.66,-2.77,93.9,5.3,4.98,0.32,3.12,5.01,1274.83,2.36,3.69,202.7
2015-01-24 06:10:00,2009400.0,994.34,-1.88,271.72,-2.73,93.9,5.32,5.0,0.32,3.13,5.02,1274.44,1.91,2.58,194.4
2015-01-24 06:20:00,2010000.0,994.19,-1.83,271.78,-2.68,93.9,5.34,5.01,0.33,3.14,5.04,1274.01,2.09,3.12,194.4
2015-01-24 06:30:00,2010600.0,994.06,-1.85,271.77,-2.73,93.7,5.33,4.99,0.34,3.13,5.02,1273.96,2.95,4.65,177.0
2015-01-24 06:40:00,2011200.0,994.05,-1.88,271.75,-2.75,93.7,5.32,4.99,0.34,3.13,5.02,1274.05,3.12,4.49,175.0
2015-01-24 06:50:00,2011800.0,993.99,-1.87,271.76,-2.76,93.6,5.32,4.98,0.34,3.12,5.01,1273.95,2.33,3.08,182.3
2015-01-24 07:00:00,2012400.0,993.96,-1.84,271.79,-2.73,93.6,5.33,4.99,0.34,3.13,5.02,1273.78,2.26,3.0,177.9
2015-01-24 07:10:00,2013000.0,993.96,-1.85,271.78,-2.75,93.5,5.33,4.99,0.35,3.13,5.02,1273.81,2.34,3.49,179.0
2015-01-24 07:20:00,2013600.0,993.96,-1.86,271.77,-2.76,93.5,5.33,4.98,0.35,3.12,5.01,1273.84,2.47,3.65,176.4
2015-01-24 07:30:00,2014200.0,993.96,-1.89,271.74,-2.82,93.3,5.32,4.96,0.36,3.11,4.99,1273.99,2.73,4.21,174.9
2015-01-24 07:40:00,2014800.0,993.94,-1.94,271.69,-2.87,93.3,5.3,4.94,0.35,3.1,4.97,1274.24,2.89,3.65,166.1
2015-01-24 07:50:00,2015400.0,993.9,-1.98,271.65,-2.93,93.2,5.28,4.92,0.36,3.08,4.95,1274.4,1.95,2.68,168.5
2015-01-24 08:00:00,2016000.0,993.92,-2.19,271.44,-3.14,93.2,5.2,4.84,0.35,3.04,4.87,1275.44,2.28,3.0,160.8
2015-01-24 08:10:00,2016600.0,993.86,-2.29,271.35,-3.2,93.4,5.16,4.82,0.34,3.02,4.85,1275.82,1.71,2.36,177.3
2015-01-24 08:20:00,2017200.0,993.83,-2.37,271.27,-3.28,93.4,5.13,4.79,0.34,3.0,4.82,1276.19,1.95,2.52,171.5
2015-01-24 08:30:00,2017800.0,993.75,-2.45,271.19,-3.38,93.3,5.1,4.76,0.34,2.98,4.79,1276.5,1.68,2.4,179.0
2015-01-24 08:40:00,2018400.0,993.71,-2.53,271.12,-3.44,93.4,5.07,4.73,0.33,2.97,4.76,1276.8,1.62,2.72,184.8
2015-01-24 08:50:00,2019000.0,993.58,-2.52,271.14,-3.45,93.3,5.07,4.73,0.34,2.97,4.76,1276.63,1.64,2.76,197.1
2015-01-24 09:00:00,2019600.0,993.54,-2.21,271.46,-3.18,93.0,5.19,4.83,0.36,3.03,4.86,1275.02,1.05,2.0,183.6
2015-01-24 09:10:00,2020200.0,993.45,-1.87,271.8,-3.14,91.0,5.32,4.84,0.48,3.04,4.88,1273.33,1.36,2.56,180.9
2015-01-24 09:20:00,2020800.0,993.36,-1.68,272.0,-3.17,89.5,5.4,4.83,0.57,3.03,4.86,1272.33,1.5,2.02,179.2
2015-01-24 09:30:00,2021400.0,993.38,-1.49,272.19,-3.12,88.6,5.47,4.85,0.62,3.04,4.88,1271.45,1.46,2.64,180.4
2015-01-24 09:40:00,2022000.0,993.32,-1.28,272.4,-3.11,87.3,5.56,4.85,0.71,3.04,4.89,1270.4,1.54,2.8,181.7
2015-01-24 09:50:00,2022600.0,993.27,-1.18,272.51,-3.13,86.5,5.6,4.85,0.76,3.04,4.88,1269.86,2.46,3.59,169.8
2015-01-24 10:00:00,2023200.0,993.15,-1.24,272.45,-3.18,86.6,5.58,4.83,0.75,3.03,4.86,1270.02,2.53,3.24,173.8
2015-01-24 10:10:00,2023800.0,993.01,-1.04,272.67,-3.06,86.1,5.66,4.87,0.79,3.06,4.91,1268.87,2.6,3.53,153.9
2015-01-24 10:20:00,2024400.0,992.99,-0.89,272.81,-3.02,85.4,5.72,4.89,0.84,3.07,4.92,1268.15,2.65,4.05,157.7
2015-01-24 10:30:00,2025000.0,992.87,-0.59,273.12,-2.87,84.5,5.85,4.94,0.91,3.1,4.98,1266.58,2.56,3.77,153.7
2015-01-24 10:40:00,2025600.0,992.7,-0.43,273.3,-2.85,83.6,5.92,4.95,0.97,3.11,4.98,1265.61,2.78,4.65,152.4
2015-01-24 10:50:00,2026200.0,992.6,-0.23,273.51,-2.73,83.1,6.01,4.99,1.02,3.13,5.03,1264.52,2.17,3.61,145.8
2015-01-24 11:00:00,2026800.0,992.49,0.18,273.93,-2.55,81.8,6.19,5.06,1.13,3.18,5.1,1262.45,1.92,3.89,161.0
2015-01-24 11:10:00,2027400.0,992.38,0.17,273.93,-2.61,81.5,6.18,5.04,1.14,3.16,5.08,1262.38,2.33,3.89,140.3
2015-01-24 11:20:00,2028000.0,992.13,0.19,273.97,-2.6,81.4,6.19,5.04,1.15,3.17,5.08,1261.96,2.57,4.29,135.4
2015-01-24 11:30:00,2028600.0,991.95,0.33,274.13,-2.46,81.4,6.26,5.09,1.16,3.2,5.14,1261.04,2.75,4.65,146.0
2015-01-24 11:40:00,2029200.0,991.83,0.51,274.31,-2.44,80.5,6.34,5.1,1.24,3.21,5.14,1260.08,2.95,4.89,152.8
2015-01-24 11:50:00,2029800.0,991.75,0.71,274.52,-2.38,79.7,6.43,5.13,1.31,3.22,5.17,1259.02,2.95,4.41,166.5
2015-01-24 12:00:00,2030400.0,991.54,0.79,274.62,-2.33,79.5,6.47,5.14,1.33,3.23,5.19,1258.38,2.91,4.51,178.4
2015-01-24 12:10:00,2031000.0,991.37,1.02,274.86,-2.14,79.3,6.58,5.22,1.36,3.28,5.26,1257.08,2.7,4.53,177.3
2015-01-24 12:20:00,2031600.0,991.3,1.27,275.11,-2.02,78.6,6.7,5.26,1.43,3.31,5.31,1255.85,2.71,4.05,180.0
2015-01-24 12:30:00,2032200.0,991.19,1.55,275.41,-1.83,78.1,6.83,5.34,1.5,3.36,5.39,1254.37,2.19,3.49,190.1
2015-01-24 12:40:00,2032800.0,991.09,1.62,275.48,-1.87,77.5,6.87,5.32,1.55,3.35,5.37,1253.93,3.05,4.21,172.0
2015-01-24 12:50:00,2033400.0,991.03,1.67,275.54,-1.77,77.8,6.89,5.36,1.53,3.37,5.41,1253.61,2.66,4.13,200.6
2015-01-24 13:00:00,2034000.0,991.01,1.77,275.64,-1.7,77.6,6.94,5.39,1.56,3.39,5.44,1253.1,2.63,3.77,194.6
2015-01-24 13:10:00,2034600.0,991.09,1.66,275.52,-1.64,78.6,6.89,5.41,1.47,3.4,5.46,1253.72,2.17,3.53,201.1
2015-01-24 13:20:00,2035200.0,991.09,1.69,275.56,-1.75,77.8,6.9,5.37,1.53,3.38,5.42,1253.58,2.77,3.69,200.3
2015-01-24 13:30:00,2035800.0,991.09,1.67,275.54,-1.73,78.0,6.89,5.38,1.52,3.38,5.43,1253.68,2.44,3.79,220.8
2015-01-24 13:40:00,2036400.0,991.11,1.49,275.35,-1.74,79.0,6.8,5.37,1.43,3.38,5.42,1254.54,2.4,4.21,221.3
2015-01-24 13:50:00,2037000.0,990.99,1.36,275.23,-1.81,79.3,6.74,5.35,1.4,3.36,5.4,1254.97,2.83,4.39,202.5
2015-01-24 14:00:00,2037600.0,990.96,1.33,275.2,-1.68,80.3,6.72,5.4,1.32,3.4,5.45,1255.07,2.1,3.49,200.9
2015-01-24 14:10:00,2038200.0,990.97,1.33,275.21,-1.57,80.9,6.73,5.44,1.29,3.42,5.49,1255.03,1.54,2.54,205.2
2015-01-24 14:20:00,2038800.0,990.96,1.27,275.15,-1.55,81.4,6.7,5.45,1.25,3.43,5.5,1255.29,1.55,2.56,293.9
2015-01-24 14:30:00,2039400.0,990.91,0.99,274.86,-1.73,82.0,6.56,5.38,1.18,3.38,5.43,1256.58,1.59,2.84,282.5
2015-01-24 14:40:00,2040000.0,990.77,0.79,274.68,-1.95,81.8,6.47,5.29,1.18,3.33,5.34,1257.35,1.75,2.96,248.4
2015-01-24 14:50:00,2040600.0,990.73,0.48,274.37,-2.17,82.3,6.33,5.21,1.12,3.28,5.25,1258.75,1.58,3.2,246.0
2015-01-24 15:00:00,2041200.0,990.72,0.45,274.34,-2.02,83.4,6.31,5.26,1.05,3.31,5.31,1258.86,1.01,2.32,235.2
2015-01-24 15:10:00,2041800.0,990.72,0.66,274.55,-1.87,83.1,6.41,5.32,1.08,3.35,5.37,1257.87,0.9,1.6,252.1
2015-01-24 15:20:00,2042400.0,990.75,0.68,274.56,-1.87,83.0,6.42,5.32,1.09,3.35,5.37,1257.82,0.61,1.32,242.5
2015-01-24 15:30:00,2043000.0,990.92,0.44,274.31,-2.0,83.6,6.3,5.27,1.03,3.31,5.32,1259.17,1.06,1.88,317.4
2015-01-24 15:40:00,2043600.0,991.16,0.17,274.02,-2.19,84.1,6.18,5.2,0.98,3.27,5.25,1260.75,1.2,2.64,298.6
2015-01-24 15:50:00,2044200.0,991.25,0.06,273.91,-2.26,84.3,6.13,5.17,0.96,3.25,5.22,1261.37,0.98,2.68,289.7
2015-01-24 16:00:00,2044800.0,991.34,-0.03,273.81,-2.39,84.0,6.1,5.12,0.98,3.22,5.17,1261.91,0.78,1.76,285.6
2015-01-24 16:10:00,2045400.0,991.36,0.03,273.87,-2.32,84.1,6.12,5.15,0.97,3.24,5.19,1261.66,0.44,1.16,288.2
2015-01-24 16:20:00,2046000.0,991.36,0.03,273.87,-2.35,83.9,6.12,5.14,0.99,3.23,5.18,1261.66,0.94,1.54,224.1
2015-01-24 16:30:00,2046600.0,991.49,0.01,273.84,-2.23,84.8,6.11,5.18,0.93,3.26,5.23,1261.9,0.52,0.88,339.7
2015-01-24 16:40:00,2047200.0,991.56,0.04,273.87,-2.21,84.7,6.13,5.19,0.94,3.26,5.23,1261.84,0.63,1.04,252.6
2015-01-24 16:50:00,2047800.0,991.66,0.13,273.94,-2.19,84.3,6.16,5.2,0.97,3.27,5.24,1261.58,0.67,1.6,176.1
2015-01-24 17:00:00,2048400.0,991.79,0.03,273.83,-2.39,83.7,6.12,5.12,1.0,3.22,5.16,1262.24,1.04,2.12,220.3
2015-01-24 17:10:00,2049000.0,991.91,-0.15,273.65,-2.61,83.4,6.04,5.04,1.0,3.17,5.08,1263.25,0.9,1.44,219.6
2015-01-24 17:20:00,2049600.0,992.07,-0.32,273.46,-2.79,83.3,5.97,4.97,1.0,3.12,5.01,1264.28,1.33,1.76,205.5
2015-01-24 17:30:00,2050200.0,992.17,-0.45,273.33,-2.88,83.5,5.91,4.94,0.98,3.1,4.98,1265.0,1.53,2.12,208.4
2015-01-24 17:40:00,2050800.0,992.3,-0.41,273.36,-2.77,84.0,5.93,4.98,0.95,3.13,5.02,1264.97,1.15,1.6,195.2
2015-01-24 17:50:00,2051400.0,992.43,-0.41,273.35,-2.83,83.6,5.93,4.96,0.97,3.11,5.0,1265.13,1.37,2.0,192.8
2015-01-24 18:00:00,2052000.0,992.44,-0.45,273.31,-2.82,83.9,5.91,4.96,0.95,3.11,5.0,1265.33,1.29,1.72,195.1
2015-01-24 18:10:00,2052600.0,992.44,-0.51,273.24,-2.87,84.0,5.88,4.94,0.94,3.1,4.98,1265.65,1.62,2.64,191.8
2015-01-24 18:20:00,2053200.0,992.5,-0.56,273.19,-2.97,83.6,5.86,4.9,0.96,3.08,4.94,1265.94,2.12,2.84,191.5
2015-01-24 18:30:00,2053800.0,992.56,-0.57,273.17,-3.02,83.4,5.86,4.89,0.97,3.07,4.92,1266.1,1.69,2.6,200.9
2015-01-24 18:40:00,2054400.0,992.63,-0.66,273.08,-3.04,83.8,5.82,4.88,0.94,3.06,4.91,1266.6,1.47,2.04,210.0
2015-01-24 18:50:00,2055000.0,992.72,-0.71,273.02,-3.09,83.8,5.8,4.86,0.94,3.05,4.9,1266.96,1.68,2.48,206.3
2015-01-24 19:00:00,2055600.0,992.9,-0.67,273.04,-3.04,83.9,5.81,4.88,0.94,3.06,4.91,1267.01,1.61,2.48,201.3
2015-01-24 19:10:00,2056200.0,992.99,-0.6,273.11,-3.0,83.7,5.85,4.89,0.95,3.07,4.93,1266.76,1.34,2.32,198.8
2015-01-24 19:20:00,2056800.0,993.1,-0.56,273.15,-2.99,83.5,5.86,4.9,0.97,3.07,4.93,1266.72,1.1,1.64,210.1
2015-01-24 19:30:00,2057400.0,993.18,-0.6,273.09,-2.99,83.8,5.84,4.9,0.95,3.07,4.93,1267.03,1.31,1.76,210.1
2015-01-24 19:40:00,2058000.0,993.22,-0.58,273.11,-2.89,84.3,5.85,4.93,0.92,3.1,4.97,1266.98,0.61,1.32,219.2
2015-01-24 19:50:00,2058600.0,993.38,-0.49,273.19,-2.83,84.1,5.9,4.96,0.94,3.11,4.99,1266.72,0.42,0.92,212.2
2015-01-24 20:00:00,2059200.0,993.44,-0.37,273.3,-2.81,83.5,5.94,4.96,0.98,3.11,5.0,1266.26,0.41,0.9,240.1
2015-01-24 20:10:00,2059800.0,993.48,-0.4,273.27,-2.79,83.8,5.93,4.97,0.96,3.12,5.0,1266.43,0.7,1.52,227.7
2015-01-24 20:20:00,2060400.0,993.44,-0.33,273.34,-2.65,84.3,5.96,5.02,0.94,3.15,5.06,1266.05,0.63,1.76,248.4
2015-01-24 20:30:00,2061000.0,993.45,-0.28,273.4,-2.53,84.7,5.99,5.07,0.92,3.18,5.1,1265.79,1.32,2.32,243.3
2015-01-24 20:40:00,2061600.0,993.52,-0.31,273.35,-2.44,85.5,5.97,5.1,0.87,3.2,5.14,1266.03,1.45,2.38,244.9
2015-01-24 20:50:00,2062200.0,993.56,-0.28,273.39,-2.31,86.1,5.99,5.15,0.83,3.23,5.19,1265.89,1.49,2.34,241.1
2015-01-24 21:00:00,2062800.0,993.68,-0.26,273.39,-2.2,86.7,5.99,5.19,0.8,3.26,5.23,1265.95,1.32,1.92,258.8
2015-01-24 21:10:00,2063400.0,993.74,-0.24,273.41,-2.13,87.0,6.0,5.22,0.78,3.28,5.26,1265.9,1.82,2.88,240.7
2015-01-24 21:20:00,2064000.0,993.81,-0.34,273.31,-1.95,88.8,5.96,5.29,0.67,3.32,5.32,1266.42,0.76,1.72,212.6
2015-01-24 21:30:00,2064600.0,993.91,-0.38,273.26,-1.75,90.4,5.94,5.37,0.57,3.37,5.4,1266.71,0.87,1.96,190.3
2015-01-24 21:40:00,2065200.0,993.98,-0.43,273.2,-1.58,91.9,5.92,5.44,0.48,3.41,5.47,1267.01,0.7,1.28,140.9
2015-01-24 21:50:00,2065800.0,994.04,-0.52,273.11,-1.48,93.2,5.88,5.48,0.4,3.44,5.51,1267.47,0.74,1.52,142.6
2015-01-24 22:00:00,2066400.0,994.05,-0.56,273.07,-1.4,94.0,5.86,5.51,0.35,3.46,5.55,1267.63,0.74,1.52,120.5
2015-01-24 22:10:00,2067000.0,994.06,-0.55,273.08,-1.32,94.5,5.87,5.55,0.32,3.48,5.58,1267.59,0.74,1.88,115.7
2015-01-24 22:20:00,2067600.0,994.05,-0.54,273.08,-1.33,94.4,5.87,5.54,0.33,3.47,5.57,1267.56,0.9,1.68,157.5
2015-01-24 22:30:00,2068200.0,994.04,-0.56,273.07,-1.27,94.9,5.86,5.56,0.3,3.49,5.6,1267.59,0.8,1.6,122.2
2015-01-24 22:40:00,2068800.0,994.12,-0.48,273.14,-1.12,95.4,5.9,5.63,0.27,3.53,5.66,1267.3,0.48,0.96,185.0
2015-01-24 22:50:00,2069400.0,994.16,-0.41,273.21,-1.05,95.4,5.93,5.65,0.27,3.55,5.69,1267.03,0.9,2.2,218.7
2015-01-24 23:00:00,2070000.0,994.19,-0.33,273.29,-0.99,95.3,5.96,5.68,0.28,3.56,5.72,1266.68,1.07,2.52,230.6
2015-01-24 23:10:00,2070600.0,994.28,-0.28,273.32,-0.95,95.2,5.98,5.7,0.29,3.57,5.73,1266.58,0.85,1.88,212.7
2015-01-24 23:20:00,2071200.0,994.29,-0.29,273.32,-0.94,95.3,5.98,5.7,0.28,3.57,5.73,1266.59,1.05,2.12,227.4
2015-01-24 23:30:00,2071800.0,994.41,-0.18,273.42,-0.82,95.4,6.03,5.75,0.28,3.61,5.79,1266.21,2.06,3.04,239.4
2015-01-24 23:40:00,2072400.0,994.54,-0.04,273.55,-0.71,95.2,6.09,5.8,0.29,3.64,5.83,1265.7,2.33,3.41,245.8
2015-01-24 23:50:00,2073000.0,994.57,0.1,273.69,-0.63,94.8,6.15,5.83,0.32,3.66,5.87,1265.09,2.59,4.25,253.6
2015-01-25 00:00:00,2073600.0,994.58,0.23,273.82,-0.56,94.4,6.21,5.86,0.35,3.68,5.9,1264.49,2.85,4.39,251.6
2015-01-25 00:10:00,2074200.0,994.56,0.37,273.96,-0.49,93.9,6.28,5.89,0.38,3.69,5.92,1263.8,3.6,5.89,253.0
2015-01-25 00:20:00,2074800.0,994.7,0.5,274.07,-0.45,93.3,6.33,5.91,0.42,3.7,5.94,1263.39,2.84,4.77,252.3
2015-01-25 00:30:00,2075400.0,994.77,0.56,274.13,-0.47,92.8,6.36,5.9,0.46,3.7,5.93,1263.2,3.39,5.17,253.7
2015-01-25 00:40:00,2076000.0,994.89,0.62,274.18,-0.43,92.6,6.39,5.92,0.47,3.71,5.95,1263.07,4.01,5.89,252.0
2015-01-25 00:50:00,2076600.0,994.98,0.68,274.23,-0.39,92.5,6.42,5.93,0.48,3.72,5.96,1262.91,3.65,5.13,249.5
2015-01-25 01:00:00,2077200.0,995.01,0.73,274.28,-0.36,92.4,6.44,5.95,0.49,3.73,5.98,1262.72,3.86,4.93,250.9
2015-01-25 01:10:00,2077800.0,995.09,0.76,274.31,-0.34,92.3,6.46,5.96,0.5,3.73,5.99,1262.64,3.14,4.81,251.8
2015-01-25 01:20:00,2078400.0,995.15,0.8,274.34,-0.3,92.3,6.47,5.97,0.5,3.74,6.0,1262.55,3.25,5.57,251.0
2015-01-25 01:30:00,2079000.0,995.17,0.8,274.34,-0.3,92.3,6.47,5.97,0.5,3.74,6.0,1262.58,3.16,4.37,250.7
2015-01-25 01:40:00,2079600.0,995.33,0.84,274.37,-0.31,92.0,6.49,5.97,0.52,3.74,6.0,1262.58,2.74,4.41,251.4
2015-01-25 01:50:00,2080200.0,995.42,0.83,274.35,-0.37,91.7,6.49,5.95,0.54,3.72,5.97,1262.77,2.88,4.53,248.4
2015-01-25 02:00:00,2080800.0,995.54,0.77,274.28,-0.36,92.1,6.46,5.95,0.51,3.73,5.98,1263.18,2.56,3.61,252.9
2015-01-25 02:10:00,2081400.0,995.68,0.74,274.24,-0.39,92.1,6.45,5.94,0.51,3.72,5.96,1263.48,2.69,4.29,252.7
2015-01-25 02:20:00,2082000.0,995.8,0.76,274.25,-0.35,92.3,6.45,5.96,0.5,3.73,5.98,1263.57,2.82,4.41,248.4
2015-01-25 02:30:00,2082600.0,995.95,0.79,274.27,-0.32,92.2,6.47,5.97,0.5,3.73,5.99,1263.6,2.63,4.31,251.8
2015-01-25 02:40:00,2083200.0,996.0,0.72,274.19,-0.41,92.1,6.43,5.93,0.51,3.71,5.95,1264.04,2.78,4.17,247.8
2015-01-25 02:50:00,2083800.0,996.04,0.68,274.15,-0.42,92.3,6.42,5.92,0.49,3.71,5.95,1264.24,2.7,4.05,250.8
2015-01-25 03:00:00,2084400.0,996.09,0.68,274.14,-0.45,92.1,6.42,5.91,0.51,3.7,5.93,1264.33,3.25,4.37,251.6
2015-01-25 03:10:00,2085000.0,996.13,0.66,274.13,-0.48,92.0,6.41,5.9,0.51,3.69,5.92,1264.45,3.15,4.89,254.7
2015-01-25 03:20:00,2085600.0,996.24,0.65,274.11,-0.51,91.9,6.4,5.89,0.52,3.68,5.91,1264.65,2.86,4.07,251.1
2015-01-25 03:30:00,2086200.0,996.32,0.55,274.0,-0.6,91.9,6.36,5.84,0.52,3.66,5.87,1265.22,3.11,4.41,251.3
2015-01-25 03:40:00,2086800.0,996.42,0.49,273.93,-0.68,91.8,6.33,5.81,0.52,3.64,5.83,1265.66,3.07,5.05,252.8
2015-01-25 03:50:00,2087400.0,996.57,0.49,273.92,-0.68,91.8,6.33,5.81,0.52,3.64,5.83,1265.84,3.57,5.13,250.9
2015-01-25 04:00:00,2088000.0,996.64,0.5,273.93,-0.68,91.7,6.34,5.81,0.53,3.63,5.83,1265.88,3.54,5.65,251.4
2015-01-25 04:10:00,2088600.0,996.74,0.45,273.86,-0.72,91.8,6.31,5.79,0.52,3.62,5.81,1266.27,3.36,5.41,254.3
2015-01-25 04:20:00,2089200.0,996.81,0.38,273.79,-0.8,91.7,6.28,5.76,0.52,3.6,5.78,1266.68,2.63,3.89,252.2
2015-01-25 04:30:00,2089800.0,996.89,0.45,273.85,-0.72,91.8,6.31,5.79,0.52,3.62,5.81,1266.46,2.65,3.97,254.1
2015-01-25 04:40:00,2090400.0,996.99,0.53,273.92,-0.7,91.4,6.35,5.8,0.55,3.63,5.82,1266.22,2.78,3.77,252.5
2015-01-25 04:50:00,2091000.0,997.07,0.52,273.91,-0.74,91.2,6.34,5.79,0.56,3.62,5.8,1266.36,2.99,4.41,253.9
2015-01-25 05:00:00,2091600.0,997.12,0.44,273.83,-0.83,91.1,6.31,5.75,0.56,3.59,5.76,1266.8,3.09,4.45,258.2
2015-01-25 05:10:00,2092200.0,997.29,0.43,273.8,-0.83,91.2,6.3,5.75,0.55,3.59,5.76,1267.1,3.09,4.61,255.0
2015-01-25 05:20:00,2092800.0,997.41,0.44,273.81,-0.82,91.2,6.31,5.75,0.56,3.6,5.77,1267.17,2.98,4.73,254.3
2015-01-25 05:30:00,2093400.0,997.44,0.46,273.82,-0.8,91.2,6.32,5.76,0.56,3.6,5.78,1267.11,3.55,5.21,259.0
2015-01-25 05:40:00,2094000.0,997.59,0.47,273.81,-0.83,91.0,6.32,5.75,0.57,3.59,5.76,1267.3,3.11,5.25,258.8
2015-01-25 05:50:00,2094600.0,997.63,0.47,273.81,-0.84,90.9,6.32,5.74,0.57,3.59,5.76,1267.35,3.61,5.21,254.5
2015-01-25 06:00:00,2095200.0,997.65,0.45,273.79,-0.86,90.9,6.31,5.74,0.57,3.58,5.75,1267.47,3.36,5.13,254.6
2015-01-25 06:10:00,2095800.0,997.72,0.4,273.74,-0.93,90.7,6.29,5.7,0.58,3.56,5.72,1267.78,3.61,4.85,254.6
2015-01-25 06:20:00,2096400.0,997.77,0.44,273.78,-0.91,90.6,6.31,5.71,0.59,3.57,5.73,1267.65,3.19,4.77,253.1
2015-01-25 06:30:00,2097000.0,997.85,0.46,273.79,-0.92,90.4,6.32,5.71,0.61,3.57,5.72,1267.65,3.27,4.81,255.2
2015-01-25 06:40:00,2097600.0,997.87,0.52,273.84,-0.88,90.3,6.34,5.73,0.62,3.58,5.74,1267.42,3.36,4.77,256.3
2015-01-25 06:50:00,2098200.0,997.96,0.6,273.91,-0.85,90.0,6.38,5.74,0.64,3.59,5.75,1267.18,3.43,4.97,255.1
2015-01-25 07:00:00,2098800.0,998.07,0.69,274.01,-0.81,89.6,6.42,5.76,0.67,3.59,5.77,1266.84,3.32,4.55,257.0
2015-01-25 07:10:00,2099400.0,998.23,0.73,274.03,-0.79,89.5,6.44,5.76,0.68,3.6,5.77,1266.87,3.04,4.71,258.4
2015-01-25 07:20:00,2100000.0,998.36,0.73,274.02,-0.82,89.3,6.44,5.75,0.69,3.59,5.76,1267.02,2.6,5.29,260.6
2015-01-25 07:30:00,2100600.0,998.51,0.73,274.01,-0.82,89.3,6.44,5.75,0.69,3.59,5.76,1267.24,2.98,4.91,253.4
2015-01-25 07:40:00,2101200.0,998.6,0.7,273.97,-0.85,89.3,6.42,5.74,0.69,3.58,5.75,1267.51,3.05,5.01,253.8
2015-01-25 07:50:00,2101800.0,998.66,0.53,273.8,-1.0,89.4,6.35,5.68,0.67,3.54,5.68,1268.39,3.22,5.15,250.5
2015-01-25 08:00:00,2102400.0,998.71,0.4,273.66,-1.08,89.7,6.29,5.64,0.65,3.52,5.65,1269.07,3.17,4.85,254.3
2015-01-25 08:10:00,2103000.0,998.72,0.29,273.55,-1.15,90.0,6.24,5.61,0.62,3.5,5.62,1269.63,3.44,4.49,253.5
2015-01-25 08:20:00,2103600.0,998.88,0.27,273.51,-1.17,90.0,6.23,5.6,0.62,3.5,5.61,1269.93,3.03,4.97,255.9
2015-01-25 08:30:00,2104200.0,999.06,0.26,273.5,-1.21,89.8,6.23,5.59,0.64,3.49,5.6,1270.18,2.77,4.17,255.6
2015-01-25 08:40:00,2104800.0,999.15,0.29,273.51,-1.21,89.6,6.24,5.59,0.65,3.49,5.59,1270.19,3.16,4.53,254.7
2015-01-25 08:50:00,2105400.0,999.33,0.4,273.61,-1.19,89.0,6.29,5.6,0.69,3.49,5.6,1269.89,2.16,3.95,258.8
2015-01-25 09:00:00,2106000.0,999.37,0.48,273.69,-1.18,88.6,6.32,5.6,0.72,3.49,5.61,1269.58,2.09,3.28,255.4
2015-01-25 09:10:00,2106600.0,999.48,0.59,273.79,-1.08,88.5,6.38,5.64,0.73,3.52,5.65,1269.16,1.85,3.16,256.7
2015-01-25 09:20:00,2107200.0,999.55,0.72,273.91,-0.97,88.4,6.43,5.69,0.75,3.55,5.69,1268.66,1.59,3.28,261.1
2015-01-25 09:30:00,2107800.0,999.54,0.83,274.02,-0.86,88.4,6.49,5.73,0.75,3.58,5.74,1268.12,1.96,3.97,259.6
2015-01-25 09:40:00,2108400.0,999.61,1.09,274.28,-0.64,88.2,6.61,5.83,0.78,3.64,5.83,1266.95,2.4,3.85,259.2
2015-01-25 09:50:00,2109000.0,999.66,1.17,274.36,-0.65,87.6,6.65,5.82,0.82,3.63,5.83,1266.63,2.41,4.65,259.4
2015-01-25 10:00:00,2109600.0,999.68,1.11,274.29,-0.65,88.0,6.62,5.83,0.79,3.63,5.83,1266.94,2.03,4.05,261.4
2015-01-25 10:10:00,2110200.0,999.84,1.09,274.26,-0.65,88.1,6.61,5.82,0.79,3.63,5.82,1267.25,2.0,3.59,255.8
2015-01-25 10:20:00,2110800.0,999.88,1.16,274.32,-0.62,87.9,6.64,5.84,0.8,3.64,5.84,1266.98,1.7,3.73,253.2
2015-01-25 10:30:00,2111400.0,1000.02,1.26,274.42,-0.6,87.3,6.69,5.84,0.85,3.64,5.84,1266.64,1.51,2.88,264.9
2015-01-25 10:40:00,2112000.0,1000.09,1.29,274.45,-0.59,87.2,6.71,5.85,0.86,3.65,5.85,1266.6,1.37,3.57,272.4
2015-01-25 10:50:00,2112600.0,1000.08,1.42,274.57,-0.49,87.1,6.77,5.9,0.87,3.67,5.89,1265.99,1.58,4.01,245.5
2015-01-25 11:00:00,2113200.0,1000.16,1.68,274.83,-0.32,86.5,6.9,5.97,0.93,3.72,5.96,1264.85,1.74,4.05,254.0
2015-01-25 11:10:00,2113800.0,1000.17,1.74,274.89,-0.37,85.8,6.93,5.94,0.98,3.71,5.94,1264.58,1.2,3.28,252.0
2015-01-25 11:20:00,2114400.0,1000.06,1.7,274.86,-0.41,85.8,6.91,5.93,0.98,3.7,5.93,1264.63,1.78,3.53,241.3
2015-01-25 11:30:00,2115000.0,999.9,1.78,274.95,-0.36,85.6,6.95,5.95,1.0,3.71,5.95,1264.06,1.59,3.53,239.1
2015-01-25 11:40:00,2115600.0,999.8,1.95,275.12,-0.41,84.3,7.03,5.93,1.1,3.7,5.93,1263.19,1.28,4.17,294.6
2015-01-25 11:50:00,2116200.0,999.69,2.41,275.6,-0.23,82.6,7.27,6.0,1.26,3.74,6.01,1260.88,0.77,1.64,222.7
2015-01-25 12:00:00,2116800.0,999.71,2.49,275.67,-0.36,81.4,7.31,5.95,1.36,3.71,5.95,1260.57,1.58,4.15,228.2
2015-01-25 12:10:00,2117400.0,999.64,2.26,275.44,-0.5,81.9,7.19,5.89,1.3,3.67,5.89,1261.59,1.43,3.24,251.4
2015-01-25 12:20:00,2118000.0,999.54,2.27,275.47,-0.42,82.3,7.2,5.92,1.27,3.69,5.93,1261.36,1.25,2.52,215.5
2015-01-25 12:30:00,2118600.0,999.5,2.57,275.77,-0.17,82.1,7.35,6.03,1.32,3.76,6.04,1259.91,0.96,2.32,232.5
2015-01-25 12:40:00,2119200.0,999.45,2.85,276.06,0.07,81.8,7.5,6.14,1.37,3.83,6.14,1258.49,1.21,2.8,235.6
2015-01-25 12:50:00,2119800.0,999.46,3.05,276.25,0.02,80.4,7.61,6.12,1.49,3.81,6.12,1257.63,1.83,3.97,249.5
2015-01-25 13:00:00,2120400.0,999.43,2.74,275.94,-0.13,81.3,7.44,6.05,1.39,3.77,6.05,1259.05,2.33,3.77,261.1
2015-01-25 13:10:00,2121000.0,999.37,2.55,275.76,-0.08,82.7,7.34,6.07,1.27,3.79,6.07,1259.81,1.89,4.13,252.6
2015-01-25 13:20:00,2121600.0,999.25,2.59,275.81,0.07,83.4,7.36,6.14,1.22,3.83,6.14,1259.46,1.67,4.61,252.1
2015-01-25 13:30:00,2122200.0,999.22,2.46,275.68,0.01,83.8,7.29,6.11,1.18,3.81,6.12,1260.02,1.94,3.32,262.6
2015-01-25 13:40:00,2122800.0,999.17,2.31,275.54,0.01,84.7,7.22,6.11,1.1,3.82,6.12,1260.62,2.04,3.73,263.8
2015-01-25 13:50:00,2123400.0,999.07,2.27,275.51,0.04,85.1,7.2,6.13,1.07,3.82,6.13,1260.67,2.17,4.41,263.4
2015-01-25 14:00:00,2124000.0,998.94,2.45,275.7,0.23,85.2,7.29,6.21,1.08,3.88,6.22,1259.64,1.34,3.41,251.8
2015-01-25 14:10:00,2124600.0,998.89,2.4,275.65,0.22,85.4,7.27,6.2,1.06,3.87,6.21,1259.81,1.48,3.32,263.2
2015-01-25 14:20:00,2125200.0,998.77,2.34,275.6,0.26,86.1,7.23,6.23,1.01,3.89,6.23,1259.93,1.53,3.12,247.3
2015-01-25 14:30:00,2125800.0,998.81,2.35,275.61,0.39,86.8,7.24,6.28,0.96,3.92,6.29,1259.89,1.01,3.65,262.6
2015-01-25 14:40:00,2126400.0,998.83,2.21,275.46,0.27,86.9,7.17,6.23,0.94,3.89,6.23,1260.6,1.84,3.97,305.0
2015-01-25 14:50:00,2127000.0,998.84,2.18,275.43,0.33,87.5,7.15,6.26,0.89,3.9,6.26,1260.74,1.4,3.77,272.7
2015-01-25 15:00:00,2127600.0,998.88,2.15,275.4,0.31,87.6,7.13,6.25,0.88,3.9,6.26,1260.93,1.73,3.28,250.1
2015-01-25 15:10:00,2128200.0,998.82,2.1,275.36,0.36,88.2,7.11,6.27,0.84,3.91,6.28,1261.07,2.28,4.65,243.5
2015-01-25 15:20:00,2128800.0,998.96,2.05,275.29,0.34,88.4,7.08,6.26,0.82,3.91,6.27,1261.48,2.36,4.17,257.1
2015-01-25 15:30:00,2129400.0,999.02,1.98,275.22,0.31,88.6,7.05,6.25,0.8,3.9,6.25,1261.88,2.49,4.37,254.5
2015-01-25 15:40:00,2130000.0,999.13,1.88,275.11,0.32,89.3,7.0,6.25,0.75,3.9,6.26,1262.47,2.33,3.95,255.4
2015-01-25 15:50:00,2130600.0,999.24,1.84,275.06,0.33,89.7,6.98,6.26,0.72,3.9,6.26,1262.81,2.24,3.49,253.0
2015-01-25 16:00:00,2131200.0,999.2,1.71,274.93,0.31,90.4,6.91,6.25,0.66,3.9,6.25,1263.37,2.53,4.05,254.4
2015-01-25 16:10:00,2131800.0,999.26,1.67,274.88,0.35,90.9,6.89,6.26,0.63,3.91,6.27,1263.63,2.6,4.05,253.8
2015-01-25 16:20:00,2132400.0,999.4,1.72,274.92,0.4,90.9,6.92,6.29,0.63,3.92,6.29,1263.56,2.25,3.77,253.3
2015-01-25 16:30:00,2133000.0,999.39,1.67,274.87,0.35,90.9,6.89,6.26,0.63,3.91,6.27,1263.79,2.47,4.61,251.0
2015-01-25 16:40:00,2133600.0,999.34,1.6,274.82,0.33,91.2,6.86,6.26,0.6,3.9,6.26,1264.02,2.55,3.61,252.0
2015-01-25 16:50:00,2134200.0,999.41,1.56,274.77,0.32,91.4,6.84,6.25,0.59,3.9,6.25,1264.31,2.84,4.05,254.1
2015-01-25 17:00:00,2134800.0,999.44,1.53,274.74,0.33,91.7,6.82,6.26,0.57,3.9,6.26,1264.48,2.61,3.73,252.5
2015-01-25 17:10:00,2135400.0,999.55,1.53,274.73,0.35,91.8,6.82,6.26,0.56,3.91,6.27,1264.61,2.39,3.85,264.7
2015-01-25 17:20:00,2136000.0,999.59,1.53,274.72,0.33,91.7,6.82,6.26,0.57,3.9,6.26,1264.66,2.07,3.61,264.3
2015-01-25 17:30:00,2136600.0,999.62,1.47,274.66,0.29,91.8,6.8,6.24,0.56,3.89,6.24,1264.97,1.9,3.08,257.0
2015-01-25 17:40:00,2137200.0,999.58,1.27,274.46,0.17,92.3,6.7,6.18,0.52,3.86,6.18,1265.89,2.35,3.41,256.0
2015-01-25 17:50:00,2137800.0,999.64,1.14,274.32,0.13,93.0,6.63,6.17,0.46,3.85,6.17,1266.6,2.31,3.36,258.4
2015-01-25 18:00:00,2138400.0,999.69,0.89,274.07,-0.05,93.4,6.51,6.08,0.43,3.79,6.09,1267.84,2.12,3.73,253.2
2015-01-25 18:10:00,2139000.0,999.69,0.76,273.95,-0.06,94.2,6.46,6.08,0.37,3.79,6.08,1268.42,2.33,3.69,254.5
2015-01-25 18:20:00,2139600.0,999.72,0.8,273.98,0.04,94.6,6.47,6.12,0.35,3.82,6.13,1268.27,2.21,3.14,260.1
2015-01-25 18:30:00,2140200.0,999.71,0.87,274.05,0.12,94.7,6.51,6.16,0.34,3.84,6.16,1267.92,1.83,2.68,259.3
2015-01-25 18:40:00,2140800.0,999.65,0.81,274.0,0.05,94.6,6.48,6.13,0.35,3.82,6.13,1268.12,2.04,3.24,243.8
2015-01-25 18:50:00,2141400.0,999.72,0.78,273.96,0.04,94.8,6.46,6.13,0.34,3.82,6.13,1268.38,1.07,1.52,249.3
2015-01-25 19:00:00,2142000.0,999.7,0.61,273.79,-0.14,94.7,6.39,6.05,0.34,3.77,6.05,1269.16,1.05,1.52,234.5
2015-01-25 19:10:00,2142600.0,999.71,0.35,273.53,-0.33,95.2,6.26,5.96,0.3,3.72,5.96,1270.45,0.63,1.08,162.2
2015-01-25 19:20:00,2143200.0,999.69,0.19,273.37,-0.4,95.8,6.19,5.93,0.26,3.7,5.93,1271.17,0.64,1.32,177.2
2015-01-25 19:30:00,2143800.0,999.69,0.16,273.34,-0.34,96.4,6.18,5.96,0.22,3.71,5.96,1271.29,0.64,1.28,145.9
2015-01-25 19:40:00,2144400.0,999.66,0.32,273.51,-0.11,96.9,6.25,6.06,0.19,3.78,6.06,1270.46,0.53,1.36,233.9
2015-01-25 19:50:00,2145000.0,999.64,0.48,273.67,0.08,97.1,6.33,6.14,0.18,3.83,6.15,1269.63,0.96,1.88,228.4
2015-01-25 20:00:00,2145600.0,999.59,0.71,273.9,0.31,97.2,6.43,6.25,0.18,3.9,6.25,1268.49,1.61,3.28,250.5
2015-01-25 20:10:00,2146200.0,999.5,0.85,274.04,0.4,96.8,6.49,6.29,0.21,3.92,6.29,1267.7,1.51,2.6,247.5
2015-01-25 20:20:00,2146800.0,999.45,0.99,274.19,0.5,96.5,6.56,6.33,0.23,3.95,6.34,1266.94,1.7,3.45,260.4
2015-01-25 20:30:00,2147400.0,999.44,1.02,274.23,0.46,96.0,6.58,6.32,0.26,3.94,6.32,1266.8,2.03,3.24,248.8
2015-01-25 20:40:00,2148000.0,999.44,1.06,274.27,0.46,95.7,6.6,6.31,0.28,3.94,6.32,1266.6,2.1,3.49,249.3
2015-01-25 20:50:00,2148600.0,999.47,1.06,274.27,0.4,95.3,6.6,6.29,0.31,3.92,6.29,1266.65,1.93,3.2,244.3
2015-01-25 21:00:00,2149200.0,999.56,1.07,274.26,0.38,95.1,6.6,6.28,0.32,3.92,6.28,1266.75,1.77,3.53,252.8
2015-01-25 21:10:00,2149800.0,999.55,1.03,274.23,0.28,94.7,6.58,6.23,0.35,3.89,6.24,1266.93,1.63,2.68,244.5
2015-01-25 21:20:00,2150400.0,999.52,1.06,274.26,0.34,94.9,6.6,6.26,0.34,3.91,6.26,1266.75,1.68,4.05,256.6
2015-01-25 21:30:00,2151000.0,999.48,1.05,274.25,0.28,94.6,6.59,6.23,0.36,3.89,6.24,1266.78,2.28,3.77,256.1
2015-01-25 21:40:00,2151600.0,999.49,1.0,274.2,0.26,94.8,6.57,6.23,0.34,3.88,6.23,1267.02,2.09,4.33,252.8
2015-01-25 21:50:00,2152200.0,999.5,1.04,274.24,0.32,94.9,6.59,6.25,0.34,3.9,6.25,1266.83,1.7,2.76,252.4
2015-01-25 22:00:00,2152800.0,999.48,1.06,274.27,0.33,94.8,6.6,6.26,0.34,3.9,6.26,1266.68,1.7,4.01,254.4
2015-01-25 22:10:00,2153400.0,999.56,1.11,274.3,0.39,94.9,6.62,6.28,0.34,3.92,6.29,1266.56,1.22,3.18,255.8
2015-01-25 22:20:00,2154000.0,999.58,1.13,274.32,0.39,94.8,6.63,6.29,0.34,3.92,6.29,1266.49,0.54,1.08,314.5
2015-01-25 22:30:00,2154600.0,999.56,1.2,274.39,0.46,94.8,6.66,6.32,0.35,3.94,6.32,1266.14,0.56,1.2,307.9
2015-01-25 22:40:00,2155200.0,999.54,1.24,274.43,0.44,94.4,6.68,6.31,0.37,3.93,6.31,1265.94,0.81,1.84,257.0
2015-01-25 22:50:00,2155800.0,999.45,1.24,274.44,0.41,94.2,6.68,6.29,0.39,3.93,6.3,1265.82,1.06,1.76,221.0
2015-01-25 23:00:00,2156400.0,999.44,1.17,274.38,0.33,94.1,6.65,6.26,0.39,3.9,6.26,1266.14,1.35,2.56,244.0
2015-01-25 23:10:00,2157000.0,999.41,1.1,274.3,0.29,94.3,6.61,6.24,0.38,3.89,6.24,1266.47,1.46,2.8,233.4
2015-01-25 23:20:00,2157600.0,999.42,1.06,274.27,0.25,94.3,6.6,6.22,0.38,3.88,6.22,1266.64,1.65,3.24,244.5
2015-01-25 23:30:00,2158200.0,999.41,1.0,274.2,0.2,94.4,6.57,6.2,0.37,3.87,6.2,1266.93,1.86,3.08,242.8
2015-01-25 23:40:00,2158800.0,999.41,1.0,274.2,0.23,94.6,6.57,6.21,0.35,3.88,6.22,1266.93,1.65,3.12,240.3
2015-01-25 23:50:00,2159400.0,999.43,1.0,274.2,0.25,94.7,6.57,6.22,0.35,3.88,6.22,1266.95,1.77,2.84,248.6
2015-01-26 00:00:00,2160000.0,999.45,1.0,274.2,0.26,94.8,6.57,6.23,0.34,3.88,6.23,1266.97,2.2,3.12,251.6
2015-01-26 00:10:00,2160600.0,999.31,1.0,274.21,0.23,94.6,6.57,6.21,0.35,3.88,6.22,1266.8,2.55,3.61,251.0
2015-01-26 00:20:00,2161200.0,999.27,0.95,274.17,0.2,94.7,6.54,6.2,0.35,3.87,6.2,1266.97,2.13,3.24,243.8
2015-01-26 00:30:00,2161800.0,999.28,0.95,274.16,0.23,94.9,6.54,6.21,0.33,3.87,6.21,1267.0,1.03,1.64,229.1
2015-01-26 00:40:00,2162400.0,999.23,1.05,274.27,0.33,94.9,6.59,6.26,0.34,3.9,6.26,1266.43,1.08,2.04,215.3
2015-01-26 00:50:00,2163000.0,999.22,1.01,274.23,0.27,94.8,6.57,6.23,0.34,3.89,6.23,1266.63,1.01,1.96,211.4
2015-01-26 01:00:00,2163600.0,999.2,1.06,274.28,0.35,95.0,6.6,6.27,0.33,3.91,6.27,1266.33,0.57,1.68,214.3
2015-01-26 01:10:00,2164200.0,999.19,1.06,274.29,0.33,94.8,6.6,6.25,0.34,3.9,6.26,1266.33,0.59,1.16,198.9
2015-01-26 01:20:00,2164800.0,999.1,1.1,274.33,0.37,94.8,6.62,6.27,0.34,3.91,6.28,1266.02,0.97,2.36,249.4
2015-01-26 01:30:00,2165400.0,999.07,1.06,274.29,0.3,94.6,6.6,6.24,0.36,3.89,6.25,1266.19,1.39,2.56,247.7
2015-01-26 01:40:00,2166000.0,998.97,1.06,274.3,0.32,94.8,6.6,6.25,0.34,3.9,6.26,1266.07,1.36,2.88,256.5
2015-01-26 01:50:00,2166600.0,998.98,1.01,274.25,0.27,94.8,6.57,6.23,0.34,3.89,6.24,1266.32,1.14,2.1,244.5
2015-01-26 02:00:00,2167200.0,998.96,0.98,274.22,0.26,94.9,6.56,6.22,0.33,3.88,6.23,1266.43,1.24,1.96,235.2
2015-01-26 02:10:00,2167800.0,998.96,0.93,274.17,0.24,95.1,6.53,6.21,0.32,3.88,6.22,1266.66,1.59,2.32,238.5
2015-01-26 02:20:00,2168400.0,998.95,0.85,274.09,0.19,95.3,6.5,6.19,0.31,3.86,6.2,1267.03,1.39,2.04,229.0
2015-01-26 02:30:00,2169000.0,998.91,0.82,274.06,0.2,95.6,6.48,6.2,0.29,3.87,6.2,1267.13,1.05,1.68,223.8
2015-01-26 02:40:00,2169600.0,998.77,0.8,274.05,0.21,95.8,6.47,6.2,0.27,3.87,6.21,1267.04,0.99,1.16,211.0
2015-01-26 02:50:00,2170200.0,998.71,0.9,274.16,0.38,96.3,6.52,6.28,0.24,3.92,6.29,1266.46,0.43,1.0,178.7
2015-01-26 03:00:00,2170800.0,998.7,1.14,274.4,0.62,96.3,6.63,6.39,0.25,3.99,6.4,1265.3,0.37,0.64,79.7
2015-01-26 03:10:00,2171400.0,998.61,1.15,274.42,0.61,96.2,6.64,6.39,0.25,3.99,6.39,1265.14,0.44,0.82,150.4
2015-01-26 03:20:00,2172000.0,998.59,0.99,274.26,0.39,95.8,6.56,6.29,0.28,3.92,6.29,1265.9,0.64,0.92,212.0
2015-01-26 03:30:00,2172600.0,998.56,0.96,274.23,0.42,96.2,6.55,6.3,0.25,3.93,6.31,1266.0,0.55,1.04,210.2
2015-01-26 03:40:00,2173200.0,998.49,0.92,274.2,0.4,96.3,6.53,6.29,0.24,3.93,6.3,1266.09,0.38,0.68,225.3
2015-01-26 03:50:00,2173800.0,998.46,0.91,274.19,0.37,96.2,6.52,6.28,0.25,3.92,6.29,1266.11,0.66,1.28,196.6
2015-01-26 04:00:00,2174400.0,998.38,0.72,274.0,0.18,96.2,6.43,6.19,0.24,3.87,6.2,1266.92,0.91,1.16,216.7
2015-01-26 04:10:00,2175000.0,998.32,0.72,274.01,0.24,96.6,6.43,6.22,0.22,3.88,6.23,1266.84,0.81,1.0,216.9
2015-01-26 04:20:00,2175600.0,998.27,0.69,273.99,0.23,96.7,6.42,6.21,0.21,3.88,6.22,1266.88,0.36,0.58,188.4
2015-01-26 04:30:00,2176200.0,998.16,0.62,273.92,0.15,96.7,6.39,6.18,0.21,3.86,6.19,1267.12,0.42,0.8,152.3
2015-01-26 04:40:00,2176800.0,997.99,0.39,273.71,-0.09,96.6,6.28,6.07,0.21,3.79,6.08,1268.01,0.52,1.32,176.2
2015-01-26 04:50:00,2177400.0,998.03,0.34,273.66,-0.06,97.1,6.26,6.08,0.18,3.8,6.09,1268.26,0.82,1.36,218.7
2015-01-26 05:00:00,2178000.0,998.01,0.41,273.73,0.04,97.3,6.29,6.12,0.17,3.83,6.14,1267.9,0.56,1.24,192.9
2015-01-26 05:10:00,2178600.0,997.92,0.38,273.7,0.0,97.3,6.28,6.11,0.17,3.82,6.12,1267.94,0.81,1.48,175.1
2015-01-26 05:20:00,2179200.0,997.95,0.31,273.63,-0.05,97.4,6.25,6.08,0.16,3.8,6.1,1268.31,1.05,1.66,218.1
2015-01-26 05:30:00,2179800.0,997.88,0.24,273.57,-0.11,97.5,6.22,6.06,0.16,3.79,6.07,1268.56,0.87,1.36,198.9
2015-01-26 05:40:00,2180400.0,997.84,0.16,273.49,-0.17,97.6,6.18,6.03,0.15,3.77,6.04,1268.9,1.04,1.76,190.2
2015-01-26 05:50:00,2181000.0,997.78,0.08,273.42,-0.24,97.7,6.14,6.0,0.14,3.75,6.02,1269.19,1.29,2.22,197.2
2015-01-26 06:00:00,2181600.0,997.69,0.09,273.43,-0.2,97.9,6.15,6.02,0.13,3.76,6.03,1269.02,0.79,1.32,187.8
2015-01-26 06:10:00,2182200.0,997.6,0.04,273.39,-0.27,97.8,6.13,5.99,0.13,3.74,6.0,1269.17,0.82,1.28,193.7
2015-01-26 06:20:00,2182800.0,997.53,0.02,273.38,-0.25,98.0,6.12,6.0,0.12,3.75,6.01,1269.15,0.67,0.96,203.8
2015-01-26 06:30:00,2183400.0,997.49,-0.09,273.26,-0.38,97.9,6.07,5.94,0.13,3.71,5.95,1269.67,0.76,1.0,204.7
2015-01-26 06:40:00,2184000.0,997.49,-0.24,273.11,-0.52,98.0,6.0,5.88,0.12,3.68,5.9,1270.38,1.15,1.64,173.7
2015-01-26 06:50:00,2184600.0,997.48,-0.26,273.1,-0.51,98.2,5.99,5.89,0.11,3.68,5.9,1270.45,0.73,1.64,172.0
2015-01-26 07:00:00,2185200.0,997.48,-0.29,273.07,-0.54,98.2,5.98,5.87,0.11,3.67,5.89,1270.59,0.84,2.04,177.8
2015-01-26 07:10:00,2185800.0,997.47,-0.42,272.94,-0.68,98.1,5.92,5.81,0.11,3.63,5.82,1271.24,1.29,1.92,190.1
2015-01-26 07:20:00,2186400.0,997.46,-0.56,272.8,-0.81,98.2,5.86,5.76,0.11,3.6,5.77,1271.89,1.58,2.52,184.4
2015-01-26 07:30:00,2187000.0,997.39,-0.58,272.78,-0.83,98.2,5.85,5.75,0.11,3.59,5.76,1271.9,0.79,1.4,182.9
2015-01-26 07:40:00,2187600.0,997.29,-0.67,272.7,-0.88,98.5,5.82,5.73,0.09,3.58,5.74,1272.21,0.6,1.2,162.3
2015-01-26 07:50:00,2188200.0,997.33,-0.58,272.78,-0.78,98.6,5.85,5.77,0.08,3.61,5.79,1271.83,0.67,1.04,145.6
2015-01-26 08:00:00,2188800.0,997.25,-0.62,272.75,-0.83,98.5,5.84,5.75,0.09,3.59,5.76,1271.92,0.74,1.1,145.7
2015-01-26 08:10:00,2189400.0,997.21,-0.49,272.89,-0.67,98.7,5.89,5.82,0.08,3.64,5.83,1271.2,0.44,0.76,181.3
2015-01-26 08:20:00,2190000.0,997.13,-0.15,273.24,-0.3,98.9,6.04,5.98,0.07,3.74,5.99,1269.43,0.7,1.32,205.2
2015-01-26 08:30:00,2190600.0,997.11,-0.21,273.18,-0.41,98.5,6.02,5.93,0.09,3.7,5.94,1269.72,0.94,1.52,222.2
2015-01-26 08:40:00,2191200.0,996.99,-0.09,273.3,-0.27,98.7,6.07,5.99,0.08,3.74,6.01,1269.01,0.73,1.38,186.9
2015-01-26 08:50:00,2191800.0,996.98,-0.01,273.39,-0.21,98.5,6.11,6.01,0.09,3.76,6.03,1268.57,1.01,2.12,170.8
2015-01-26 09:00:00,2192400.0,996.98,0.02,273.41,-0.23,98.2,6.12,6.01,0.11,3.76,6.02,1268.47,0.94,1.76,200.6
2015-01-26 09:10:00,2193000.0,996.9,-0.02,273.39,-0.29,98.0,6.1,5.98,0.12,3.74,6.0,1268.53,1.36,2.2,184.9
2015-01-26 09:20:00,2193600.0,996.78,0.02,273.43,-0.25,98.0,6.12,6.0,0.12,3.75,6.01,1268.2,1.37,2.16,183.9
2015-01-26 09:30:00,2194200.0,996.73,0.11,273.53,-0.15,98.1,6.16,6.04,0.12,3.78,6.06,1267.7,0.63,1.44,206.5
2015-01-26 09:40:00,2194800.0,996.64,0.28,273.7,-0.02,97.9,6.23,6.1,0.13,3.82,6.12,1266.79,1.2,2.38,154.1
2015-01-26 09:50:00,2195400.0,996.44,0.23,273.66,-0.11,97.6,6.21,6.06,0.15,3.79,6.08,1266.8,1.54,2.38,173.2
2015-01-26 10:00:00,2196000.0,996.32,0.24,273.69,-0.11,97.5,6.22,6.06,0.16,3.79,6.08,1266.57,1.57,2.36,183.8
2015-01-26 10:10:00,2196600.0,996.21,0.4,273.86,0.08,97.7,6.29,6.14,0.14,3.84,6.17,1265.66,0.98,2.52,174.1
2015-01-26 10:20:00,2197200.0,996.13,0.53,273.99,0.12,97.1,6.35,6.16,0.18,3.86,6.19,1264.95,1.29,2.38,159.2
2015-01-26 10:30:00,2197800.0,996.03,0.58,274.05,0.16,97.0,6.37,6.18,0.19,3.87,6.2,1264.59,1.2,2.16,143.9
2015-01-26 10:40:00,2198400.0,995.96,0.65,274.12,0.21,96.9,6.4,6.2,0.2,3.88,6.23,1264.17,1.54,2.42,154.8
2015-01-26 10:50:00,2199000.0,995.82,0.87,274.36,0.42,96.8,6.51,6.3,0.21,3.94,6.33,1262.9,1.35,3.0,169.6
2015-01-26 11:00:00,2199600.0,995.71,0.99,274.48,0.48,96.4,6.56,6.33,0.24,3.96,6.35,1262.22,2.22,3.89,176.3
2015-01-26 11:10:00,2200200.0,995.55,1.2,274.71,0.69,96.4,6.66,6.42,0.24,4.02,6.45,1261.0,2.28,3.61,175.6
2015-01-26 11:20:00,2200800.0,995.39,1.53,275.05,0.92,95.7,6.82,6.53,0.29,4.09,6.56,1259.22,2.38,3.77,170.2
2015-01-26 11:30:00,2201400.0,995.13,1.77,275.31,0.88,93.8,6.94,6.51,0.43,4.08,6.54,1257.81,2.68,4.13,178.1
2015-01-26 11:40:00,2202000.0,994.88,1.91,275.47,0.74,91.9,7.01,6.44,0.57,4.04,6.48,1256.89,2.74,4.05,179.7
2015-01-26 11:50:00,2202600.0,994.67,1.96,275.54,0.62,90.8,7.04,6.39,0.65,4.01,6.43,1256.4,2.74,3.49,198.3
2015-01-26 12:00:00,2203200.0,994.53,2.01,275.6,0.6,90.3,7.06,6.38,0.69,4.0,6.41,1256.0,2.76,4.37,190.6
2015-01-26 12:10:00,2203800.0,994.42,2.12,275.72,0.65,89.9,7.12,6.4,0.72,4.01,6.44,1255.34,2.6,4.05,187.6
2015-01-26 12:20:00,2204400.0,994.39,2.13,275.73,0.57,89.4,7.12,6.37,0.75,3.99,6.4,1255.31,2.64,3.49,187.0
2015-01-26 12:30:00,2205000.0,994.21,2.19,275.81,0.61,89.2,7.16,6.38,0.77,4.0,6.42,1254.76,2.17,3.3,184.1
2015-01-26 12:40:00,2205600.0,993.89,2.31,275.96,0.65,88.7,7.22,6.4,0.82,4.02,6.44,1253.8,2.41,3.79,174.0
2015-01-26 12:50:00,2206200.0,993.72,2.5,276.15,0.72,88.0,7.31,6.44,0.88,4.04,6.48,1252.73,1.8,3.28,177.6
2015-01-26 13:00:00,2206800.0,993.72,2.64,276.3,0.77,87.4,7.39,6.46,0.93,4.05,6.5,1252.06,1.45,2.4,188.6
2015-01-26 13:10:00,2207400.0,993.58,2.69,276.36,0.7,86.7,7.42,6.43,0.99,4.03,6.47,1251.68,1.97,3.57,190.9
2015-01-26 13:20:00,2208000.0,993.36,2.75,276.44,0.67,86.1,7.45,6.41,1.04,4.02,6.45,1251.14,2.65,4.41,188.5
2015-01-26 13:30:00,2208600.0,993.18,2.71,276.41,0.5,85.3,7.43,6.34,1.09,3.98,6.38,1251.12,3.24,6.19,191.3
2015-01-26 13:40:00,2209200.0,993.03,2.75,276.46,0.54,85.3,7.45,6.35,1.09,3.99,6.4,1250.76,2.5,3.69,181.2
2015-01-26 13:50:00,2209800.0,992.91,2.75,276.47,0.5,85.1,7.45,6.34,1.11,3.98,6.38,1250.63,2.72,3.61,183.5
2015-01-26 14:00:00,2210400.0,992.71,2.7,276.44,0.41,84.8,7.42,6.29,1.13,3.95,6.34,1250.61,3.5,5.95,188.6
2015-01-26 14:10:00,2211000.0,992.69,2.68,276.42,0.09,83.0,7.41,6.15,1.26,3.86,6.19,1250.76,4.07,6.01,207.2
2015-01-26 14:20:00,2211600.0,992.44,2.66,276.42,-0.03,82.4,7.4,6.1,1.3,3.83,6.14,1250.56,4.38,6.21,201.0
2015-01-26 14:30:00,2212200.0,992.2,2.62,276.4,-0.11,82.1,7.38,6.06,1.32,3.81,6.1,1250.45,4.96,7.91,203.7
2015-01-26 14:40:00,2212800.0,991.99,2.61,276.4,-0.16,81.9,7.37,6.04,1.33,3.79,6.09,1250.25,4.72,6.41,206.5
2015-01-26 14:50:00,2213400.0,991.85,2.55,276.35,-0.27,81.6,7.34,5.99,1.35,3.76,6.04,1250.36,5.34,7.45,212.8
2015-01-26 15:00:00,2214000.0,991.67,2.5,276.32,-0.19,82.3,7.32,6.02,1.3,3.79,6.07,1250.31,4.05,5.01,207.3
2015-01-26 15:10:00,2214600.0,991.56,2.46,276.29,-0.22,82.4,7.29,6.01,1.28,3.78,6.06,1250.39,4.87,6.49,210.1
2015-01-26 15:20:00,2215200.0,991.38,2.4,276.24,-0.28,82.4,7.26,5.99,1.28,3.76,6.04,1250.43,4.83,6.91,206.7
2015-01-26 15:30:00,2215800.0,991.23,2.37,276.22,-0.23,82.9,7.25,6.01,1.24,3.78,6.06,1250.38,4.85,6.83,206.1
2015-01-26 15:40:00,2216400.0,991.1,2.31,276.17,-0.24,83.2,7.22,6.0,1.21,3.78,6.06,1250.49,5.57,8.09,212.5
2015-01-26 15:50:00,2217000.0,991.02,2.22,276.09,-0.24,83.7,7.17,6.0,1.17,3.77,6.05,1250.81,5.91,8.21,214.0
2015-01-26 16:00:00,2217600.0,990.91,2.14,276.02,-0.29,83.9,7.13,5.98,1.15,3.76,6.04,1251.03,4.53,6.03,206.6
2015-01-26 16:10:00,2218200.0,990.72,2.16,276.06,-0.25,84.0,7.14,6.0,1.14,3.77,6.05,1250.68,3.59,5.73,200.1
2015-01-26 16:20:00,2218800.0,990.56,2.13,276.04,-0.39,83.3,7.13,5.94,1.19,3.74,5.99,1250.64,4.78,7.69,207.4
2015-01-26 16:30:00,2219400.0,990.41,2.16,276.08,-0.52,82.4,7.14,5.88,1.26,3.7,5.94,1250.36,4.69,6.67,206.6
2015-01-26 16:40:00,2220000.0,990.25,2.17,276.1,-0.58,81.9,7.15,5.85,1.29,3.68,5.91,1250.1,4.39,6.45,196.4
2015-01-26 16:50:00,2220600.0,990.1,2.14,276.09,-0.51,82.5,7.13,5.88,1.25,3.7,5.94,1250.04,3.83,5.45,188.6
2015-01-26 17:00:00,2221200.0,989.94,1.95,275.9,-0.48,83.9,7.03,5.9,1.13,3.71,5.96,1250.72,4.14,5.49,193.5
2015-01-26 17:10:00,2221800.0,989.82,1.74,275.7,-0.28,86.4,6.93,5.99,0.94,3.77,6.05,1251.46,3.43,5.13,190.3
2015-01-26 17:20:00,2222400.0,989.78,1.66,275.63,-0.19,87.4,6.89,6.02,0.87,3.79,6.08,1251.74,3.55,5.25,189.9
2015-01-26 17:30:00,2223000.0,989.74,1.59,275.56,-0.26,87.5,6.85,6.0,0.86,3.78,6.06,1252.05,3.96,5.97,195.5
2015-01-26 17:40:00,2223600.0,989.69,1.52,275.5,-0.13,88.7,6.82,6.05,0.77,3.81,6.11,1252.25,3.2,6.07,191.9
2015-01-26 17:50:00,2224200.0,989.59,1.44,275.43,-0.1,89.4,6.78,6.06,0.72,3.82,6.13,1252.48,2.44,6.13,187.7
2015-01-26 18:00:00,2224800.0,989.45,1.28,275.27,-0.02,91.0,6.7,6.1,0.6,3.84,6.16,1253.05,2.38,4.05,187.3
2015-01-26 18:10:00,2225400.0,989.21,1.1,275.12,-0.09,91.7,6.62,6.07,0.55,3.82,6.13,1253.55,2.55,3.69,176.2
2015-01-26 18:20:00,2226000.0,989.13,0.9,274.92,-0.1,93.0,6.52,6.07,0.46,3.82,6.13,1254.37,2.61,4.97,175.9
2015-01-26 18:30:00,2226600.0,989.04,0.77,274.79,-0.14,93.6,6.46,6.05,0.41,3.81,6.11,1254.87,3.22,4.81,165.6
2015-01-26 18:40:00,2227200.0,988.84,0.55,274.59,-0.23,94.5,6.36,6.01,0.35,3.79,6.07,1255.65,2.8,4.07,170.5
2015-01-26 18:50:00,2227800.0,988.65,0.45,274.51,-0.22,95.2,6.31,6.01,0.3,3.79,6.08,1255.84,3.43,4.69,166.5
2015-01-26 19:00:00,2228400.0,988.53,0.42,274.49,-0.19,95.6,6.3,6.02,0.28,3.8,6.09,1255.82,2.83,4.45,167.9
2015-01-26 19:10:00,2229000.0,988.37,0.44,274.52,-0.12,96.0,6.31,6.06,0.25,3.82,6.13,1255.52,2.55,3.77,174.0
2015-01-26 19:20:00,2229600.0,988.24,0.55,274.64,0.03,96.3,6.36,6.12,0.24,3.86,6.19,1254.83,3.17,4.49,165.6
2015-01-26 19:30:00,2230200.0,988.17,0.75,274.84,0.24,96.4,6.45,6.22,0.23,3.92,6.29,1253.79,2.22,3.81,169.4
2015-01-26 19:40:00,2230800.0,988.12,0.96,275.06,0.34,95.6,6.55,6.26,0.29,3.95,6.33,1252.74,2.05,4.25,167.4
2015-01-26 19:50:00,2231400.0,988.11,0.95,275.05,0.25,95.1,6.54,6.22,0.32,3.93,6.3,1252.8,1.65,3.28,163.1
2015-01-26 20:00:00,2232000.0,988.0,1.04,275.15,0.29,94.7,6.59,6.24,0.35,3.94,6.31,1252.23,2.15,3.95,170.0
2015-01-26 20:10:00,2232600.0,987.89,1.12,275.23,0.31,94.3,6.62,6.25,0.38,3.94,6.32,1251.73,3.41,6.49,191.9
2015-01-26 20:20:00,2233200.0,987.77,1.32,275.45,0.23,92.4,6.72,6.21,0.51,3.92,6.29,1250.67,5.29,8.61,203.5
2015-01-26 20:30:00,2233800.0,987.76,1.4,275.53,0.01,90.4,6.76,6.11,0.65,3.86,6.19,1250.34,5.53,8.49,203.4
2015-01-26 20:40:00,2234400.0,987.72,1.35,275.48,-0.07,90.2,6.74,6.08,0.66,3.84,6.15,1250.52,5.92,8.05,206.7
2015-01-26 20:50:00,2235000.0,987.76,1.31,275.44,-0.08,90.4,6.72,6.07,0.64,3.83,6.15,1250.76,5.74,9.17,209.5
2015-01-26 21:00:00,2235600.0,987.7,1.22,275.35,-0.11,90.8,6.67,6.06,0.61,3.82,6.13,1251.11,6.38,9.89,212.3
2015-01-26 21:10:00,2236200.0,987.73,1.12,275.25,-0.12,91.4,6.62,6.05,0.57,3.82,6.13,1251.61,4.8,7.73,208.6
2015-01-26 21:20:00,2236800.0,987.64,1.07,275.21,-0.07,92.0,6.6,6.07,0.53,3.83,6.15,1251.69,5.37,10.41,206.9
2015-01-26 21:30:00,2237400.0,987.54,1.07,275.21,-0.04,92.3,6.6,6.09,0.51,3.85,6.17,1251.59,4.8,7.69,208.1
2015-01-26 21:40:00,2238000.0,987.62,1.06,275.2,0.03,92.8,6.6,6.12,0.48,3.87,6.2,1251.68,3.47,5.73,212.2
2015-01-26 21:50:00,2238600.0,987.65,1.05,275.19,0.1,93.3,6.59,6.15,0.44,3.88,6.23,1251.75,1.5,2.88,220.3
2015-01-26 22:00:00,2239200.0,987.64,1.11,275.25,0.23,93.8,6.62,6.21,0.41,3.92,6.29,1251.44,1.28,2.76,221.2
2015-01-26 22:10:00,2239800.0,987.6,1.13,275.27,0.26,93.9,6.63,6.23,0.4,3.93,6.3,1251.3,1.68,2.8,220.2
2015-01-26 22:20:00,2240400.0,987.63,1.14,275.28,0.29,94.0,6.63,6.24,0.4,3.94,6.31,1251.29,1.27,2.08,230.5
2015-01-26 22:30:00,2241000.0,987.56,1.15,275.29,0.34,94.3,6.64,6.26,0.38,3.95,6.34,1251.17,1.46,2.72,214.2
2015-01-26 22:40:00,2241600.0,987.58,1.23,275.37,0.46,94.6,6.68,6.32,0.36,3.99,6.39,1250.81,1.22,2.84,206.8
2015-01-26 22:50:00,2242200.0,987.57,1.38,275.52,0.61,94.6,6.75,6.39,0.36,4.03,6.47,1250.06,1.95,3.45,226.3
2015-01-26 23:00:00,2242800.0,987.62,1.43,275.57,0.63,94.4,6.78,6.4,0.38,4.04,6.48,1249.88,1.92,3.61,234.7
2015-01-26 23:10:00,2243400.0,987.7,1.45,275.58,0.67,94.5,6.79,6.41,0.37,4.05,6.49,1249.88,1.76,2.8,236.7
2015-01-26 23:20:00,2244000.0,987.67,1.51,275.65,0.77,94.8,6.81,6.46,0.35,4.08,6.54,1249.56,1.17,3.3,237.0
2015-01-26 23:30:00,2244600.0,987.72,1.62,275.76,0.85,94.6,6.87,6.5,0.37,4.1,6.58,1249.08,1.5,3.81,235.6
2015-01-26 23:40:00,2245200.0,987.74,1.69,275.82,0.87,94.3,6.9,6.51,0.39,4.11,6.59,1248.82,1.06,1.96,219.5
2015-01-26 23:50:00,2245800.0,987.7,1.78,275.92,0.92,94.0,6.95,6.53,0.42,4.12,6.61,1248.32,1.18,3.77,209.0
2015-01-27 00:00:00,2246400.0,987.72,1.93,276.07,1.01,93.6,7.02,6.57,0.45,4.15,6.66,1247.64,1.92,3.73,247.6
2015-01-27 00:10:00,2247000.0,987.7,2.04,276.18,1.03,93.0,7.08,6.58,0.5,4.16,6.67,1247.11,2.76,4.55,248.4
2015-01-27 00:20:00,2247600.0,987.68,2.15,276.29,1.02,92.2,7.13,6.58,0.56,4.15,6.66,1246.61,2.42,4.33,247.9
2015-01-27 00:30:00,2248200.0,987.66,2.15,276.29,0.96,91.8,7.13,6.55,0.58,4.13,6.63,1246.61,3.32,4.93,255.4
2015-01-27 00:40:00,2248800.0,987.66,2.14,276.28,0.88,91.3,7.13,6.51,0.62,4.11,6.59,1246.66,3.17,5.03,254.2
2015-01-27 00:50:00,2249400.0,987.79,2.17,276.3,0.89,91.2,7.14,6.52,0.63,4.11,6.6,1246.69,2.86,6.01,260.5
2015-01-27 01:00:00,2250000.0,987.75,2.2,276.33,0.84,90.7,7.16,6.49,0.67,4.1,6.57,1246.52,2.05,3.45,253.3
2015-01-27 01:10:00,2250600.0,987.63,2.23,276.38,0.85,90.5,7.18,6.5,0.68,4.1,6.58,1246.2,3.06,5.77,254.7
2015-01-27 01:20:00,2251200.0,987.65,2.28,276.42,0.83,90.1,7.2,6.49,0.71,4.1,6.57,1246.04,3.18,5.45,258.0
2015-01-27 01:30:00,2251800.0,987.67,2.27,276.4,0.82,90.1,7.19,6.48,0.71,4.09,6.56,1246.12,3.28,5.65,258.0
2015-01-27 01:40:00,2252400.0,987.56,2.25,276.4,0.79,90.0,7.19,6.47,0.72,4.08,6.55,1246.05,2.94,4.65,256.5
2015-01-27 01:50:00,2253000.0,987.41,2.15,276.31,0.75,90.4,7.14,6.45,0.69,4.07,6.53,1246.31,2.42,4.41,251.6
2015-01-27 02:00:00,2253600.0,987.47,2.04,276.19,0.7,90.8,7.08,6.43,0.65,4.06,6.51,1246.92,2.9,4.85,255.9
2015-01-27 02:10:00,2254200.0,987.55,2.0,276.14,0.61,90.5,7.06,6.39,0.67,4.03,6.47,1247.22,3.21,5.25,254.9
2015-01-27 02:20:00,2254800.0,987.62,2.02,276.17,0.62,90.4,7.07,6.39,0.68,4.04,6.47,1247.19,2.95,4.49,258.4
2015-01-27 02:30:00,2255400.0,987.66,2.15,276.29,0.69,90.0,7.13,6.42,0.71,4.05,6.5,1246.67,2.74,4.81,256.3
2015-01-27 02:40:00,2256000.0,987.69,2.16,276.3,0.67,89.8,7.14,6.41,0.73,4.05,6.49,1246.66,3.36,5.37,255.8
2015-01-27 02:50:00,2256600.0,987.71,1.9,276.04,0.63,91.2,7.01,6.39,0.62,4.04,6.47,1247.85,2.93,4.57,251.8
2015-01-27 03:00:00,2257200.0,987.75,1.89,276.02,0.72,91.9,7.0,6.44,0.57,4.06,6.52,1247.93,2.49,4.25,262.7
2015-01-27 03:10:00,2257800.0,987.76,2.01,276.14,0.75,91.3,7.06,6.45,0.61,4.07,6.53,1247.41,2.58,5.13,268.4
2015-01-27 03:20:00,2258400.0,987.82,2.15,276.28,0.69,90.0,7.14,6.42,0.71,4.05,6.5,1246.85,2.86,4.71,256.5
2015-01-27 03:30:00,2259000.0,987.91,2.23,276.35,0.65,89.2,7.18,6.4,0.78,4.04,6.48,1246.6,2.29,4.41,269.2
2015-01-27 03:40:00,2259600.0,988.0,2.27,276.38,0.6,88.7,7.19,6.38,0.81,4.03,6.46,1246.58,2.1,3.85,257.6
2015-01-27 03:50:00,2260200.0,988.02,2.27,276.38,0.6,88.7,7.19,6.38,0.81,4.03,6.46,1246.61,1.89,4.29,270.6
2015-01-27 04:00:00,2260800.0,988.04,2.25,276.36,0.57,88.6,7.19,6.37,0.82,4.02,6.44,1246.7,2.34,4.25,266.9
2015-01-27 04:10:00,2261400.0,988.03,2.2,276.31,0.57,88.9,7.16,6.36,0.79,4.02,6.44,1246.93,1.96,3.61,260.4
2015-01-27 04:20:00,2262000.0,988.12,2.2,276.3,0.53,88.7,7.16,6.35,0.81,4.01,6.43,1247.05,2.94,5.85,269.7
2015-01-27 04:30:00,2262600.0,988.17,2.21,276.31,0.48,88.3,7.16,6.33,0.84,3.99,6.4,1247.08,1.86,4.01,278.1
2015-01-27 04:40:00,2263200.0,988.21,2.23,276.33,0.44,87.9,7.18,6.31,0.87,3.98,6.38,1247.03,2.41,5.61,274.4
2015-01-27 04:50:00,2263800.0,988.22,2.21,276.3,0.39,87.7,7.16,6.28,0.88,3.96,6.36,1247.17,2.67,4.97,265.8
2015-01-27 05:00:00,2264400.0,988.26,2.25,276.34,0.39,87.4,7.19,6.28,0.91,3.96,6.36,1247.01,2.31,5.09,262.2
2015-01-27 05:10:00,2265000.0,988.29,2.17,276.26,0.25,87.1,7.14,6.22,0.92,3.93,6.3,1247.47,2.2,4.23,260.3
2015-01-27 05:20:00,2265600.0,988.4,2.06,276.14,0.18,87.3,7.09,6.19,0.9,3.9,6.26,1248.09,2.54,5.93,263.1
2015-01-27 05:30:00,2266200.0,988.49,2.03,276.1,0.18,87.5,7.07,6.19,0.88,3.9,6.26,1248.35,2.51,4.93,257.8
2015-01-27 05:40:00,2266800.0,988.58,2.0,276.06,0.17,87.6,7.06,6.18,0.88,3.9,6.25,1248.62,2.21,4.49,262.5
2015-01-27 05:50:00,2267400.0,988.63,2.01,276.07,0.19,87.7,7.06,6.19,0.87,3.91,6.26,1248.64,2.49,4.65,259.1
2015-01-27 06:00:00,2268000.0,988.7,1.93,275.98,0.06,87.4,7.02,6.14,0.88,3.87,6.21,1249.12,2.84,5.41,261.0
2015-01-27 06:10:00,2268600.0,988.73,1.92,275.98,0.03,87.2,7.02,6.12,0.9,3.86,6.19,1249.18,3.11,6.41,262.2
2015-01-27 06:20:00,2269200.0,988.86,1.93,275.97,-0.07,86.5,7.02,6.08,0.95,3.83,6.14,1249.33,2.73,4.61,254.2
2015-01-27 06:30:00,2269800.0,988.89,1.94,275.98,-0.16,85.9,7.03,6.04,0.99,3.81,6.11,1249.34,2.37,6.01,260.0
2015-01-27 06:40:00,2270400.0,988.94,1.93,275.97,-0.1,86.3,7.02,6.06,0.96,3.82,6.13,1249.44,2.71,4.41,259.9
2015-01-27 06:50:00,2271000.0,988.96,1.94,275.97,-0.03,86.7,7.03,6.09,0.93,3.84,6.16,1249.41,3.19,6.29,258.5
2015-01-27 07:00:00,2271600.0,988.98,1.93,275.97,-0.06,86.6,7.02,6.08,0.94,3.83,6.15,1249.47,3.01,5.29,262.4
2015-01-27 07:10:00,2272200.0,989.03,1.93,275.96,-0.06,86.6,7.02,6.08,0.94,3.83,6.15,1249.53,3.81,6.33,262.8
2015-01-27 07:20:00,2272800.0,989.13,1.97,275.99,-0.04,86.5,7.04,6.09,0.95,3.84,6.16,1249.51,3.02,6.33,256.2
2015-01-27 07:30:00,2273400.0,989.21,1.96,275.98,-0.07,86.3,7.04,6.08,0.96,3.83,6.14,1249.63,2.6,5.77,258.1
2015-01-27 07:40:00,2274000.0,989.26,1.99,276.0,-0.14,85.7,7.05,6.05,1.01,3.81,6.11,1249.58,2.93,6.13,262.8
2015-01-27 07:50:00,2274600.0,989.3,1.93,275.93,-0.2,85.7,7.02,6.02,1.0,3.79,6.08,1249.93,2.65,5.29,257.8
2015-01-27 08:00:00,2275200.0,989.35,1.86,275.87,-0.25,85.8,6.99,6.0,0.99,3.78,6.06,1250.3,2.85,5.37,253.9
2015-01-27 08:10:00,2275800.0,989.34,1.77,275.78,-0.28,86.2,6.94,5.99,0.96,3.77,6.05,1250.7,2.57,5.57,257.6
2015-01-27 08:20:00,2276400.0,989.46,1.7,275.69,-0.32,86.4,6.91,5.97,0.94,3.76,6.03,1251.22,2.58,3.93,252.3
2015-01-27 08:30:00,2277000.0,989.63,1.72,275.7,-0.25,86.7,6.92,6.0,0.92,3.78,6.06,1251.29,2.65,4.89,263.3
2015-01-27 08:40:00,2277600.0,989.68,1.73,275.71,-0.22,86.8,6.92,6.01,0.91,3.79,6.07,1251.31,2.85,5.25,256.6
2015-01-27 08:50:00,2278200.0,989.72,1.76,275.73,-0.23,86.6,6.94,6.01,0.93,3.78,6.07,1251.25,2.16,4.89,258.0
2015-01-27 09:00:00,2278800.0,989.8,1.88,275.85,-0.25,85.7,7.0,6.0,1.0,3.78,6.06,1250.79,2.42,4.53,263.7
2015-01-27 09:10:00,2279400.0,989.94,1.99,275.95,-0.25,85.0,7.06,6.0,1.06,3.78,6.06,1250.45,2.65,4.85,263.7
2015-01-27 09:20:00,2280000.0,989.97,1.98,275.93,-0.25,85.1,7.05,6.0,1.05,3.78,6.06,1250.58,2.87,5.25,257.5
2015-01-27 09:30:00,2280600.0,989.98,2.03,275.98,-0.26,84.7,7.07,5.99,1.08,3.77,6.05,1250.34,2.35,4.21,250.6
2015-01-27 09:40:00,2281200.0,990.06,2.17,276.12,-0.23,84.1,7.14,6.01,1.14,3.78,6.07,1249.81,2.27,5.13,258.5
2015-01-27 09:50:00,2281800.0,990.1,2.25,276.2,-0.19,83.8,7.19,6.02,1.16,3.79,6.08,1249.47,2.25,4.85,254.3
2015-01-27 10:00:00,2282400.0,990.22,2.06,275.99,-0.17,85.1,7.09,6.03,1.06,3.8,6.09,1250.5,2.89,5.93,264.3
2015-01-27 10:10:00,2283000.0,990.34,1.94,275.86,-0.18,85.8,7.03,6.03,1.0,3.79,6.09,1251.21,2.51,5.53,260.3
2015-01-27 10:20:00,2283600.0,990.39,1.98,275.9,-0.15,85.7,7.05,6.04,1.01,3.8,6.1,1251.05,2.26,4.61,259.2
2015-01-27 10:30:00,2284200.0,990.47,2.06,275.97,-0.11,85.5,7.09,6.06,1.03,3.81,6.12,1250.81,2.26,5.21,267.7
2015-01-27 10:40:00,2284800.0,990.55,1.85,275.76,-0.02,87.3,6.98,6.1,0.89,3.84,6.16,1251.82,2.84,4.93,264.9
2015-01-27 10:50:00,2285400.0,990.69,1.76,275.66,0.16,89.1,6.94,6.18,0.76,3.89,6.24,1252.38,2.02,4.05,249.0
2015-01-27 11:00:00,2286000.0,990.82,1.91,275.8,0.22,88.5,7.01,6.21,0.81,3.91,6.26,1251.84,2.35,4.29,256.4
2015-01-27 11:10:00,2286600.0,990.89,2.04,275.92,0.07,86.7,7.08,6.14,0.94,3.86,6.19,1251.37,2.9,5.33,255.6
2015-01-27 11:20:00,2287200.0,990.91,2.2,276.08,0.04,85.6,7.16,6.13,1.03,3.86,6.18,1250.69,2.53,4.61,250.0
2015-01-27 11:30:00,2287800.0,990.88,2.33,276.21,0.11,85.2,7.23,6.16,1.07,3.87,6.21,1250.03,2.25,4.21,248.3
2015-01-27 11:40:00,2288400.0,990.81,2.35,276.24,0.08,84.9,7.24,6.14,1.09,3.87,6.2,1249.87,1.99,3.08,242.8
2015-01-27 11:50:00,2289000.0,990.74,2.37,276.26,0.13,85.1,7.25,6.17,1.08,3.88,6.23,1249.68,1.61,2.66,256.8
2015-01-27 12:00:00,2289600.0,990.72,2.57,276.46,0.3,84.9,7.35,6.24,1.11,3.93,6.3,1248.72,1.32,3.12,232.0
2015-01-27 12:10:00,2290200.0,990.62,2.58,276.49,0.42,85.6,7.36,6.3,1.06,3.97,6.36,1248.49,1.52,3.49,242.7
2015-01-27 12:20:00,2290800.0,990.52,2.52,276.43,0.42,86.0,7.32,6.3,1.03,3.97,6.36,1248.66,2.11,4.11,251.8
2015-01-27 12:30:00,2291400.0,990.41,2.82,276.74,0.64,85.5,7.48,6.4,1.09,4.03,6.46,1247.11,2.57,5.25,248.0
2015-01-27 12:40:00,2292000.0,990.39,3.04,276.97,0.53,83.5,7.6,6.35,1.25,4.0,6.41,1246.1,3.13,6.41,251.9
2015-01-27 12:50:00,2292600.0,990.49,3.1,277.02,0.58,83.4,7.64,6.37,1.27,4.01,6.43,1245.95,2.84,5.65,252.6
2015-01-27 13:00:00,2293200.0,990.59,3.06,276.96,0.53,83.4,7.61,6.35,1.26,4.0,6.41,1246.29,2.28,4.93,258.8
2015-01-27 13:10:00,2293800.0,990.54,2.91,276.82,0.52,84.2,7.53,6.34,1.19,3.99,6.4,1246.9,2.59,4.57,255.0
2015-01-27 13:20:00,2294400.0,990.39,3.26,277.18,0.84,84.1,7.72,6.49,1.23,4.09,6.56,1245.06,2.16,4.69,246.4
2015-01-27 13:30:00,2295000.0,990.25,3.87,277.8,0.92,81.0,8.06,6.53,1.53,4.11,6.59,1242.14,2.08,4.01,244.7
2015-01-27 13:40:00,2295600.0,990.33,3.96,277.89,0.58,78.5,8.11,6.37,1.74,4.01,6.43,1241.9,2.56,5.65,268.2
2015-01-27 13:50:00,2296200.0,990.34,4.36,278.29,0.41,75.4,8.34,6.29,2.05,3.96,6.35,1240.17,1.91,4.09,261.0
2015-01-27 14:00:00,2296800.0,990.38,4.0,277.93,0.12,75.7,8.14,6.16,1.98,3.88,6.22,1241.88,2.43,4.49,263.4
2015-01-27 14:10:00,2297400.0,990.37,3.59,277.51,0.09,77.8,7.9,6.15,1.75,3.87,6.21,1243.73,3.27,5.21,263.9
2015-01-27 14:20:00,2298000.0,990.33,3.36,277.29,0.15,79.4,7.78,6.18,1.6,3.89,6.24,1244.66,1.84,4.41,239.8
2015-01-27 14:30:00,2298600.0,990.44,3.32,277.24,0.02,78.9,7.76,6.12,1.64,3.85,6.18,1245.03,2.49,5.93,270.1
2015-01-27 14:40:00,2299200.0,990.43,3.0,276.92,0.05,80.9,7.58,6.13,1.45,3.86,6.19,1246.46,1.63,3.49,276.7
2015-01-27 14:50:00,2299800.0,990.43,3.07,276.99,0.11,80.8,7.62,6.16,1.46,3.87,6.21,1246.13,1.72,3.73,287.3
2015-01-27 15:00:00,2300400.0,990.57,2.92,276.83,0.27,82.6,7.54,6.23,1.31,3.92,6.29,1246.92,1.42,3.47,293.1
2015-01-27 15:10:00,2301000.0,990.63,2.48,276.38,0.32,85.6,7.3,6.25,1.05,3.93,6.31,1249.01,1.4,4.31,314.8
2015-01-27 15:20:00,2301600.0,990.6,2.56,276.47,0.37,85.4,7.35,6.28,1.07,3.95,6.34,1248.57,1.65,3.45,256.9
2015-01-27 15:30:00,2302200.0,990.61,2.76,276.67,0.28,83.6,7.45,6.23,1.22,3.92,6.29,1247.7,1.33,3.12,282.8
2015-01-27 15:40:00,2302800.0,990.63,2.95,276.85,0.17,81.9,7.55,6.19,1.37,3.89,6.24,1246.91,1.21,3.08,235.9
2015-01-27 15:50:00,2303400.0,990.72,3.04,276.93,-0.04,80.1,7.6,6.09,1.51,3.83,6.15,1246.67,1.85,3.77,250.1
2015-01-27 16:00:00,2304000.0,990.75,3.14,277.03,-0.24,78.4,7.65,6.0,1.65,3.78,6.06,1246.3,2.18,4.23,255.5
2015-01-27 16:10:00,2304600.0,990.83,3.24,277.13,-0.42,76.8,7.71,5.92,1.79,3.73,5.98,1245.98,2.76,4.81,260.4
2015-01-27 16:20:00,2305200.0,990.87,3.15,277.04,-0.53,76.7,7.66,5.88,1.79,3.7,5.93,1246.44,2.26,4.21,253.4
2015-01-27 16:30:00,2305800.0,990.97,3.01,276.89,-0.61,77.0,7.59,5.84,1.75,3.68,5.9,1247.2,2.18,4.13,262.4
2015-01-27 16:40:00,2306400.0,991.0,2.96,276.83,-0.66,77.0,7.56,5.82,1.74,3.66,5.87,1247.52,1.96,3.89,263.4
2015-01-27 16:50:00,2307000.0,990.98,2.9,276.77,-0.69,77.2,7.52,5.81,1.72,3.65,5.86,1247.77,2.44,3.93,261.3
2015-01-27 17:00:00,2307600.0,991.03,2.85,276.73,-0.67,77.5,7.5,5.81,1.69,3.66,5.87,1248.02,2.4,4.05,255.9
2015-01-27 17:10:00,2308200.0,991.14,2.87,276.73,-0.61,77.8,7.51,5.84,1.67,3.67,5.89,1248.09,2.27,4.09,254.4
2015-01-27 17:20:00,2308800.0,991.19,2.89,276.74,-0.61,77.7,7.52,5.84,1.68,3.67,5.89,1248.07,2.47,3.99,258.3
2015-01-27 17:30:00,2309400.0,991.14,2.93,276.8,-0.58,77.6,7.55,5.86,1.69,3.68,5.91,1247.78,2.22,5.25,259.7
2015-01-27 17:40:00,2310000.0,991.21,2.93,276.79,-0.58,77.6,7.54,5.85,1.69,3.68,5.91,1247.87,1.88,4.13,249.5
2015-01-27 17:50:00,2310600.0,991.36,2.9,276.75,-0.57,77.8,7.53,5.86,1.67,3.68,5.91,1248.19,2.36,4.59,264.4
2015-01-27 18:00:00,2311200.0,991.45,2.83,276.67,-0.54,78.4,7.49,5.87,1.62,3.69,5.92,1248.64,2.14,3.73,260.0
2015-01-27 18:10:00,2311800.0,991.45,2.68,276.52,-0.53,79.3,7.41,5.88,1.53,3.7,5.93,1249.29,1.79,3.69,254.8
2015-01-27 18:20:00,2312400.0,991.46,2.51,276.35,-0.54,80.2,7.32,5.87,1.45,3.69,5.92,1250.08,2.08,4.25,251.2
2015-01-27 18:30:00,2313000.0,991.56,2.38,276.2,-0.5,81.2,7.25,5.89,1.36,3.7,5.94,1250.82,2.04,4.11,247.3
2015-01-27 18:40:00,2313600.0,991.64,2.33,276.15,-0.44,81.8,7.23,5.91,1.32,3.72,5.96,1251.11,2.54,5.05,259.5
2015-01-27 18:50:00,2314200.0,991.79,2.32,276.13,-0.43,82.0,7.22,5.92,1.3,3.72,5.97,1251.37,2.5,3.59,259.1
2015-01-27 19:00:00,2314800.0,991.96,2.24,276.04,-0.39,82.7,7.18,5.94,1.24,3.73,5.99,1251.92,2.09,3.81,259.8
2015-01-27 19:10:00,2315400.0,992.0,2.15,275.94,-0.33,83.6,7.13,5.96,1.17,3.75,6.01,1252.39,2.5,4.75,256.3
2015-01-27 19:20:00,2316000.0,991.94,2.01,275.8,-0.34,84.4,7.06,5.96,1.1,3.75,6.01,1252.95,2.13,3.36,251.4
2015-01-27 19:30:00,2316600.0,991.87,1.86,275.67,-0.38,85.0,6.99,5.94,1.05,3.73,5.99,1253.51,2.81,4.61,254.2
2015-01-27 19:40:00,2317200.0,991.96,1.78,275.57,-0.4,85.4,6.95,5.93,1.01,3.73,5.98,1254.04,2.49,3.77,255.7
2015-01-27 19:50:00,2317800.0,992.18,1.79,275.56,-0.36,85.6,6.95,5.95,1.0,3.74,6.0,1254.26,2.18,2.92,257.9
2015-01-27 20:00:00,2318400.0,992.29,1.75,275.52,-0.41,85.5,6.93,5.93,1.01,3.73,5.98,1254.55,2.26,3.65,253.4
2015-01-27 20:10:00,2319000.0,992.33,1.73,275.49,-0.38,85.8,6.92,5.94,0.98,3.73,5.98,1254.72,2.66,4.09,252.7
2015-01-27 20:20:00,2319600.0,992.39,1.73,275.49,-0.4,85.7,6.92,5.93,0.99,3.73,5.98,1254.78,2.51,3.65,252.4
2015-01-27 20:30:00,2320200.0,992.52,1.73,275.48,-0.43,85.5,6.92,5.92,1.0,3.72,5.96,1254.95,2.29,3.36,253.6
2015-01-27 20:40:00,2320800.0,992.57,1.72,275.46,-0.44,85.5,6.92,5.91,1.0,3.71,5.96,1255.09,2.41,3.53,246.8
2015-01-27 20:50:00,2321400.0,992.66,1.77,275.51,-0.42,85.3,6.94,5.92,1.02,3.72,5.97,1254.94,2.13,4.13,254.7
2015-01-27 21:00:00,2322000.0,992.64,1.77,275.51,-0.43,85.3,6.94,5.92,1.02,3.72,5.96,1254.95,2.53,3.65,255.3
2015-01-27 21:10:00,2322600.0,992.64,1.68,275.42,-0.43,85.8,6.9,5.92,0.98,3.72,5.96,1255.32,1.99,4.39,254.2
2015-01-27 21:20:00,2323200.0,992.48,1.62,275.38,-0.44,86.1,6.87,5.91,0.95,3.72,5.96,1255.4,2.2,3.2,256.7
2015-01-27 21:30:00,2323800.0,992.52,1.67,275.42,-0.39,86.1,6.9,5.94,0.96,3.73,5.98,1255.21,2.48,3.36,251.1
2015-01-27 21:40:00,2324400.0,992.62,1.82,275.56,-0.33,85.6,6.97,5.96,1.0,3.75,6.01,1254.67,2.03,2.9,256.0
2015-01-27 21:50:00,2325000.0,992.66,1.95,275.69,-0.26,85.2,7.04,5.99,1.04,3.76,6.04,1254.08,2.08,3.12,256.9
2015-01-27 22:00:00,2325600.0,992.57,2.06,275.81,-0.25,84.6,7.09,6.0,1.09,3.77,6.04,1253.49,2.0,3.61,256.0
2015-01-27 22:10:00,2326200.0,992.45,2.13,275.89,-0.25,84.2,7.12,6.0,1.13,3.77,6.04,1253.02,1.96,2.72,254.0
2015-01-27 22:20:00,2326800.0,992.41,2.2,275.96,-0.3,83.5,7.16,5.98,1.18,3.75,6.02,1252.66,2.27,3.93,258.3
2015-01-27 22:30:00,2327400.0,992.43,2.18,275.94,-0.3,83.6,7.15,5.98,1.17,3.75,6.02,1252.77,2.34,3.53,247.4
2015-01-27 22:40:00,2328000.0,992.38,2.13,275.89,-0.28,84.0,7.13,5.99,1.14,3.76,6.03,1252.92,2.46,3.24,251.5
2015-01-27 22:50:00,2328600.0,992.42,2.15,275.91,-0.26,84.0,7.13,5.99,1.14,3.76,6.04,1252.9,2.12,2.92,248.3
2015-01-27 23:00:00,2329200.0,992.43,2.2,275.96,-0.26,83.7,7.16,5.99,1.17,3.76,6.04,1252.67,2.47,3.81,250.1
2015-01-27 23:10:00,2329800.0,992.34,2.27,276.03,-0.26,83.3,7.19,5.99,1.2,3.76,6.04,1252.26,2.41,4.21,252.0
2015-01-27 23:20:00,2330400.0,992.42,2.28,276.04,-0.23,83.4,7.2,6.01,1.2,3.77,6.05,1252.29,2.23,3.41,256.8
2015-01-27 23:30:00,2331000.0,992.44,2.29,276.05,-0.24,83.3,7.21,6.0,1.2,3.77,6.05,1252.27,2.2,3.43,259.2
2015-01-27 23:40:00,2331600.0,992.43,2.24,276.0,-0.29,83.3,7.18,5.98,1.2,3.76,6.03,1252.5,2.43,4.05,254.1
2015-01-27 23:50:00,2332200.0,992.38,2.2,275.96,-0.33,83.3,7.16,5.96,1.2,3.75,6.01,1252.64,2.82,4.01,253.4
2015-01-28 00:00:00,2332800.0,992.44,2.18,275.94,-0.36,83.2,7.15,5.95,1.2,3.74,5.99,1252.8,2.49,4.01,254.5
2015-01-28 00:10:00,2333400.0,992.43,2.2,275.96,-0.38,83.0,7.16,5.94,1.22,3.73,5.99,1252.7,2.37,3.65,249.9
2015-01-28 00:20:00,2334000.0,992.41,2.12,275.88,-0.42,83.2,7.12,5.92,1.2,3.72,5.97,1253.02,1.97,2.72,249.0
2015-01-28 00:30:00,2334600.0,992.53,1.96,275.71,-0.47,83.9,7.04,5.9,1.13,3.71,5.95,1253.95,2.25,3.0,239.2
2015-01-28 00:40:00,2335200.0,992.58,1.86,275.61,-0.44,84.6,6.99,5.91,1.08,3.71,5.96,1254.43,1.83,2.76,240.7
2015-01-28 00:50:00,2335800.0,992.57,1.79,275.54,-0.4,85.3,6.95,5.93,1.02,3.73,5.98,1254.74,1.32,1.84,239.4
2015-01-28 01:00:00,2336400.0,992.61,1.75,275.5,-0.34,85.9,6.93,5.96,0.98,3.74,6.0,1254.94,1.25,2.04,255.4
2015-01-28 01:10:00,2337000.0,992.56,1.8,275.55,-0.28,86.0,6.96,5.98,0.97,3.76,6.03,1254.67,1.39,1.84,247.1
2015-01-28 01:20:00,2337600.0,992.51,1.85,275.6,-0.22,86.1,6.98,6.01,0.97,3.78,6.06,1254.35,1.11,1.6,239.2
2015-01-28 01:30:00,2338200.0,992.41,1.96,275.72,-0.17,85.7,7.04,6.03,1.01,3.79,6.08,1253.71,1.1,1.56,244.7
2015-01-28 01:40:00,2338800.0,992.38,2.09,275.85,-0.17,84.9,7.11,6.03,1.07,3.79,6.08,1253.08,1.57,2.94,252.0
2015-01-28 01:50:00,2339400.0,992.25,2.2,275.97,-0.25,83.8,7.16,6.0,1.16,3.77,6.05,1252.45,1.47,2.3,254.3
2015-01-28 02:00:00,2340000.0,992.25,2.16,275.93,-0.28,83.8,7.14,5.98,1.16,3.76,6.03,1252.62,1.35,2.2,249.8
2015-01-28 02:10:00,2340600.0,992.22,2.1,275.87,-0.33,83.9,7.11,5.96,1.14,3.75,6.01,1252.88,1.17,1.76,242.9
2015-01-28 02:20:00,2341200.0,992.2,1.98,275.76,-0.39,84.2,7.05,5.94,1.11,3.73,5.98,1253.39,1.23,1.68,242.4
2015-01-28 02:30:00,2341800.0,992.14,1.86,275.64,-0.36,85.1,6.99,5.95,1.04,3.74,5.99,1253.86,1.53,1.98,248.5
2015-01-28 02:40:00,2342400.0,992.01,1.8,275.59,-0.39,85.3,6.96,5.93,1.02,3.73,5.98,1253.99,1.7,2.2,254.5
2015-01-28 02:50:00,2343000.0,991.95,1.71,275.51,-0.43,85.6,6.91,5.92,1.0,3.72,5.97,1254.31,1.49,2.2,242.5
2015-01-28 03:00:00,2343600.0,991.91,1.66,275.46,-0.46,85.7,6.89,5.9,0.99,3.71,5.95,1254.5,1.84,2.6,227.9
2015-01-28 03:10:00,2344200.0,991.88,1.6,275.4,-0.51,85.8,6.86,5.88,0.97,3.7,5.93,1254.77,1.98,2.64,223.9
2015-01-28 03:20:00,2344800.0,991.73,1.54,275.35,-0.54,86.0,6.83,5.87,0.96,3.69,5.92,1254.85,1.71,2.36,225.8
2015-01-28 03:30:00,2345400.0,991.63,1.48,275.31,-0.56,86.2,6.8,5.86,0.94,3.69,5.91,1254.98,1.6,2.2,234.4
2015-01-28 03:40:00,2346000.0,991.58,1.39,275.21,-0.59,86.6,6.75,5.85,0.91,3.68,5.9,1255.36,1.86,2.64,239.3
2015-01-28 03:50:00,2346600.0,991.5,1.33,275.16,-0.62,86.8,6.73,5.84,0.89,3.67,5.89,1255.53,2.14,2.6,237.6
2015-01-28 04:00:00,2347200.0,991.35,1.3,275.15,-0.64,86.8,6.71,5.83,0.89,3.66,5.88,1255.47,2.17,2.52,231.5
2015-01-28 04:10:00,2347800.0,991.24,1.1,274.95,-0.75,87.4,6.62,5.78,0.83,3.64,5.83,1256.28,2.13,2.72,229.9
2015-01-28 04:20:00,2348400.0,991.21,1.11,274.96,-0.68,87.8,6.62,5.81,0.81,3.66,5.86,1256.19,1.54,2.2,234.7
2015-01-28 04:30:00,2349000.0,991.1,1.1,274.96,-0.72,87.6,6.61,5.79,0.82,3.64,5.85,1256.11,1.96,2.68,234.0
2015-01-28 04:40:00,2349600.0,991.06,0.99,274.86,-0.71,88.3,6.56,5.8,0.77,3.65,5.85,1256.54,1.49,2.84,234.3
2015-01-28 04:50:00,2350200.0,991.03,0.85,274.71,-0.62,89.9,6.49,5.84,0.66,3.67,5.89,1257.16,1.05,1.92,231.7
2015-01-28 05:00:00,2350800.0,991.01,0.87,274.73,-0.43,91.0,6.5,5.92,0.59,3.72,5.97,1257.0,0.93,1.76,243.3
2015-01-28 05:10:00,2351400.0,990.95,0.92,274.79,-0.36,91.1,6.53,5.95,0.58,3.74,6.0,1256.66,1.1,1.72,243.3
2015-01-28 05:20:00,2352000.0,990.87,1.05,274.93,-0.25,91.0,6.59,6.0,0.59,3.77,6.05,1255.93,0.99,1.72,239.0
2015-01-28 05:30:00,2352600.0,990.76,1.22,275.11,-0.18,90.3,6.67,6.03,0.65,3.79,6.08,1255.0,1.77,3.16,225.0
2015-01-28 05:40:00,2353200.0,990.61,1.39,275.29,-0.12,89.6,6.76,6.05,0.7,3.81,6.11,1254.02,1.92,2.56,227.4
2015-01-28 05:50:00,2353800.0,990.48,1.45,275.36,-0.12,89.2,6.79,6.05,0.73,3.81,6.11,1253.58,1.66,2.44,232.9
2015-01-28 06:00:00,2354400.0,990.3,1.39,275.32,-0.15,89.4,6.76,6.04,0.72,3.8,6.1,1253.63,1.91,2.88,222.5
2015-01-28 06:10:00,2355000.0,990.23,1.41,275.34,-0.18,89.1,6.76,6.03,0.74,3.79,6.09,1253.47,1.63,2.44,212.4
2015-01-28 06:20:00,2355600.0,990.14,1.5,275.44,-0.14,88.8,6.81,6.05,0.76,3.81,6.11,1252.93,1.2,1.68,178.6
2015-01-28 06:30:00,2356200.0,990.09,1.43,275.37,-0.12,89.4,6.77,6.06,0.72,3.81,6.12,1253.2,0.78,1.6,162.5
2015-01-28 06:40:00,2356800.0,990.0,1.37,275.32,-0.08,90.0,6.75,6.07,0.67,3.82,6.13,1253.32,0.69,1.28,185.8
2015-01-28 06:50:00,2357400.0,989.97,1.44,275.39,-0.08,89.6,6.78,6.07,0.7,3.82,6.13,1253.0,0.95,1.64,186.2
2015-01-28 07:00:00,2358000.0,989.86,1.46,275.42,-0.15,89.0,6.79,6.04,0.75,3.81,6.1,1252.77,1.06,1.76,198.2
2015-01-28 07:10:00,2358600.0,989.8,1.36,275.32,-0.19,89.4,6.74,6.03,0.71,3.79,6.09,1253.16,1.66,2.52,215.3
2015-01-28 07:20:00,2359200.0,989.68,1.4,275.38,-0.18,89.2,6.76,6.03,0.73,3.8,6.09,1252.81,2.48,2.82,214.3
2015-01-28 07:30:00,2359800.0,989.68,1.52,275.49,-0.2,88.3,6.82,6.02,0.8,3.79,6.08,1252.29,2.37,2.88,213.9
2015-01-28 07:40:00,2360400.0,989.52,1.59,275.58,-0.24,87.6,6.85,6.0,0.85,3.78,6.07,1251.77,2.18,3.12,205.9
2015-01-28 07:50:00,2361000.0,989.37,1.58,275.58,-0.31,87.2,6.85,5.97,0.88,3.76,6.03,1251.64,2.24,3.39,208.2
2015-01-28 08:00:00,2361600.0,989.26,1.6,275.61,-0.42,86.4,6.86,5.92,0.93,3.73,5.99,1251.43,2.29,3.36,211.2
2015-01-28 08:10:00,2362200.0,989.26,1.56,275.56,-0.51,86.1,6.84,5.89,0.95,3.71,5.95,1251.64,2.06,2.76,213.7
2015-01-28 08:20:00,2362800.0,989.14,1.62,275.64,-0.5,85.7,6.87,5.89,0.98,3.71,5.95,1251.18,2.23,2.84,206.3
2015-01-28 08:30:00,2363400.0,989.01,1.75,275.78,-0.51,84.9,6.93,5.89,1.05,3.71,5.95,1250.44,2.37,3.61,211.1
2015-01-28 08:40:00,2364000.0,988.9,1.85,275.88,-0.51,84.3,6.98,5.88,1.1,3.71,5.95,1249.86,2.79,4.33,208.0
2015-01-28 08:50:00,2364600.0,988.84,1.92,275.97,-0.43,84.3,7.02,5.92,1.1,3.73,5.98,1249.42,1.59,2.9,202.1
2015-01-28 09:00:00,2365200.0,988.66,2.08,276.13,-0.32,84.1,7.1,5.97,1.13,3.76,6.04,1248.48,1.94,3.0,194.1
2015-01-28 09:10:00,2365800.0,988.52,2.21,276.28,-0.26,83.6,7.17,5.99,1.18,3.78,6.06,1247.67,2.25,3.55,189.1
2015-01-28 09:20:00,2366400.0,988.39,2.37,276.45,-0.21,83.0,7.25,6.02,1.23,3.79,6.09,1246.78,2.18,3.08,194.1
2015-01-28 09:30:00,2367000.0,988.21,2.48,276.58,-0.11,82.9,7.31,6.06,1.25,3.82,6.13,1246.02,2.55,4.55,188.2
2015-01-28 09:40:00,2367600.0,987.95,2.51,276.62,-0.03,83.3,7.32,6.1,1.22,3.85,6.17,1245.57,1.99,2.88,183.7
2015-01-28 09:50:00,2368200.0,987.61,2.72,276.87,0.07,82.6,7.43,6.14,1.29,3.88,6.22,1244.15,2.92,4.81,190.8
2015-01-28 10:00:00,2368800.0,987.44,2.96,277.12,0.04,81.0,7.56,6.12,1.44,3.87,6.2,1242.86,3.77,5.49,192.1
2015-01-28 10:10:00,2369400.0,987.31,3.11,277.28,-0.02,79.8,7.64,6.1,1.54,3.85,6.18,1242.04,3.17,5.15,201.0
2015-01-28 10:20:00,2370000.0,987.26,3.26,277.43,-0.11,78.5,7.72,6.06,1.66,3.83,6.14,1241.33,5.81,8.73,205.1
2015-01-28 10:30:00,2370600.0,987.08,3.34,277.53,-0.21,77.5,7.76,6.02,1.75,3.8,6.1,1240.77,6.45,8.57,208.2
2015-01-28 10:40:00,2371200.0,987.08,3.5,277.69,-0.17,76.8,7.86,6.03,1.82,3.81,6.11,1240.01,5.31,7.65,206.0
2015-01-28 10:50:00,2371800.0,986.96,3.62,277.82,-0.25,75.7,7.92,6.0,1.92,3.79,6.07,1239.37,7.17,9.31,208.6
2015-01-28 11:00:00,2372400.0,987.01,3.73,277.93,-0.18,75.5,7.99,6.03,1.96,3.81,6.11,1238.89,5.09,6.83,209.1
2015-01-28 11:10:00,2373000.0,986.87,3.65,277.85,-0.28,75.4,7.94,5.98,1.95,3.78,6.06,1239.13,6.28,9.21,209.1
2015-01-28 11:20:00,2373600.0,986.62,3.56,277.78,-0.33,75.6,7.89,5.96,1.92,3.77,6.04,1239.23,5.72,8.11,206.5
2015-01-28 11:30:00,2374200.0,986.28,3.6,277.85,-0.31,75.5,7.91,5.97,1.94,3.77,6.05,1238.62,5.47,7.87,207.1
2015-01-28 11:40:00,2374800.0,986.11,3.67,277.94,-0.3,75.2,7.95,5.98,1.97,3.78,6.06,1238.09,4.95,6.75,206.5
2015-01-28 11:50:00,2375400.0,985.87,3.65,277.94,-0.33,75.1,7.94,5.96,1.98,3.77,6.05,1237.85,5.39,7.69,211.4
2015-01-28 12:00:00,2376000.0,985.84,3.55,277.84,-0.36,75.5,7.88,5.95,1.93,3.76,6.04,1238.28,6.38,8.97,217.3
2015-01-28 12:10:00,2376600.0,985.46,3.43,277.75,-0.36,76.1,7.82,5.95,1.87,3.76,6.04,1238.33,6.08,7.81,204.8
2015-01-28 12:20:00,2377200.0,985.11,3.4,277.75,-0.37,76.2,7.8,5.94,1.86,3.76,6.03,1238.03,4.74,8.81,207.6
2015-01-28 12:30:00,2377800.0,984.89,3.43,277.8,-0.31,76.4,7.82,5.97,1.84,3.78,6.06,1237.6,3.76,6.17,204.2
2015-01-28 12:40:00,2378400.0,984.41,3.47,277.88,-0.38,75.8,7.84,5.94,1.9,3.76,6.04,1236.83,5.36,7.77,200.5
2015-01-28 12:50:00,2379000.0,984.12,3.51,277.94,-0.39,75.5,7.86,5.94,1.93,3.76,6.03,1236.29,5.11,8.21,202.8
2015-01-28 13:00:00,2379600.0,983.76,3.48,277.94,-0.39,75.7,7.84,5.94,1.91,3.76,6.03,1235.99,6.18,10.13,208.2
2015-01-28 13:10:00,2380200.0,983.54,3.37,277.85,-0.37,76.4,7.78,5.95,1.84,3.77,6.05,1236.19,5.47,9.87,207.4
2015-01-28 13:20:00,2380800.0,983.08,3.26,277.78,-0.33,77.2,7.72,5.96,1.76,3.78,6.07,1236.08,5.01,8.15,197.6
2015-01-28 13:30:00,2381400.0,982.72,3.32,277.86,-0.31,77.0,7.76,5.97,1.78,3.79,6.08,1235.36,5.13,8.89,205.6
2015-01-28 13:40:00,2382000.0,982.29,3.27,277.84,-0.34,77.1,7.73,5.96,1.77,3.78,6.06,1235.08,5.67,8.61,207.9
2015-01-28 13:50:00,2382600.0,981.83,3.27,277.88,-0.38,76.9,7.73,5.94,1.78,3.77,6.05,1234.5,7.15,11.01,207.9
2015-01-28 14:00:00,2383200.0,981.56,3.26,277.9,-0.38,76.9,7.72,5.94,1.78,3.77,6.05,1234.17,7.23,11.7,208.2
2015-01-28 14:10:00,2383800.0,981.32,3.26,277.91,-0.37,77.0,7.72,5.94,1.78,3.78,6.06,1233.9,6.81,9.65,208.3
2015-01-28 14:20:00,2384400.0,981.12,3.31,277.98,-0.38,76.7,7.75,5.94,1.81,3.78,6.06,1233.42,7.2,11.66,203.6
2015-01-28 14:30:00,2385000.0,980.99,3.36,278.05,-0.36,76.5,7.78,5.95,1.83,3.78,6.07,1233.0,6.49,8.11,203.2
2015-01-28 14:40:00,2385600.0,980.5,3.45,278.17,-0.29,76.4,7.83,5.98,1.85,3.8,6.1,1232.0,5.53,8.25,199.1
2015-01-28 14:50:00,2386200.0,979.96,3.47,278.24,-0.27,76.4,7.84,5.99,1.85,3.81,6.11,1231.21,6.38,10.21,198.5
2015-01-28 15:00:00,2386800.0,979.86,3.53,278.31,-0.21,76.4,7.87,6.01,1.86,3.83,6.14,1230.8,7.29,10.87,206.8
2015-01-28 15:10:00,2387400.0,979.6,3.53,278.33,-0.16,76.7,7.87,6.04,1.83,3.84,6.16,1230.45,6.04,8.21,213.3
2015-01-28 15:20:00,2388000.0,979.32,3.53,278.35,-0.17,76.6,7.87,6.03,1.84,3.84,6.16,1230.1,5.47,7.53,210.5
2015-01-28 15:30:00,2388600.0,979.22,3.58,278.4,-0.15,76.5,7.9,6.04,1.86,3.85,6.17,1229.79,5.4,7.25,209.9
2015-01-28 15:40:00,2389200.0,979.0,3.62,278.47,-0.11,76.5,7.92,6.06,1.86,3.86,6.19,1229.31,4.22,6.69,198.3
2015-01-28 15:50:00,2389800.0,978.68,3.67,278.54,-0.13,76.1,7.95,6.05,1.9,3.85,6.18,1228.7,6.83,9.57,208.6
2015-01-28 16:00:00,2390400.0,978.4,3.61,278.5,-0.14,76.4,7.91,6.05,1.87,3.85,6.18,1228.61,5.71,8.45,204.6
2015-01-28 16:10:00,2391000.0,978.04,3.61,278.53,-0.17,76.2,7.91,6.03,1.88,3.84,6.17,1228.16,5.69,8.01,202.8
2015-01-28 16:20:00,2391600.0,977.55,3.69,278.66,-0.27,75.2,7.96,5.99,1.97,3.82,6.13,1227.19,7.65,12.14,205.5
2015-01-28 16:30:00,2392200.0,977.34,3.71,278.69,-0.32,74.8,7.97,5.96,2.01,3.8,6.1,1226.84,8.22,12.06,208.5
2015-01-28 16:40:00,2392800.0,977.12,3.63,278.63,-0.35,75.1,7.93,5.95,1.97,3.8,6.09,1226.95,9.01,12.66,212.8
2015-01-28 16:50:00,2393400.0,976.89,3.63,278.65,-0.42,74.7,7.93,5.92,2.01,3.78,6.06,1226.65,9.27,12.78,211.9
2015-01-28 17:00:00,2394000.0,976.38,3.61,278.66,-0.43,74.8,7.91,5.92,1.99,3.78,6.06,1226.14,8.19,13.38,212.8
2015-01-28 17:10:00,2394600.0,976.07,3.6,278.68,-0.51,74.4,7.91,5.89,2.03,3.76,6.03,1225.79,6.65,12.54,207.6
2015-01-28 17:20:00,2395200.0,975.53,3.6,278.73,-0.51,74.4,7.91,5.89,2.03,3.76,6.03,1225.11,6.8,10.33,197.0
2015-01-28 17:30:00,2395800.0,975.39,3.6,278.74,-0.47,74.6,7.91,5.9,2.01,3.77,6.05,1224.93,3.83,6.35,196.4
2015-01-28 17:40:00,2396400.0,975.33,3.62,278.76,-0.55,74.1,7.92,5.87,2.05,3.75,6.02,1224.8,4.99,9.11,202.0
2015-01-28 17:50:00,2397000.0,975.28,3.69,278.84,-0.61,73.4,7.96,5.84,2.12,3.73,5.99,1224.43,5.83,11.5,197.3
2015-01-28 18:00:00,2397600.0,974.58,3.74,278.94,-0.69,72.7,7.99,5.81,2.18,3.71,5.96,1223.34,6.64,11.54,199.2
2015-01-28 18:10:00,2398200.0,974.1,3.87,279.12,-0.77,71.6,8.06,5.77,2.29,3.7,5.93,1222.16,9.94,15.22,205.3
2015-01-28 18:20:00,2398800.0,973.69,3.93,279.22,-0.71,71.6,8.1,5.8,2.3,3.71,5.96,1221.36,9.93,13.74,204.0
2015-01-28 18:30:00,2399400.0,973.44,3.93,279.24,-0.69,71.7,8.1,5.81,2.29,3.72,5.97,1221.04,11.17,15.22,211.6
2015-01-28 18:40:00,2400000.0,973.48,3.99,279.29,-0.7,71.4,8.13,5.8,2.33,3.72,5.96,1220.86,11.16,14.3,216.2
2015-01-28 18:50:00,2400600.0,973.18,4.03,279.35,-0.72,71.1,8.15,5.8,2.36,3.71,5.96,1220.32,10.3,14.64,214.3
2015-01-28 19:00:00,2401200.0,972.77,4.09,279.44,-0.73,70.7,8.19,5.79,2.4,3.71,5.95,1219.54,10.29,15.46,209.4
2015-01-28 19:10:00,2401800.0,972.48,4.07,279.45,-0.71,70.9,8.18,5.8,2.38,3.72,5.96,1219.25,8.72,14.06,213.0
2015-01-28 19:20:00,2402400.0,972.0,4.14,279.56,-0.67,70.8,8.22,5.82,2.4,3.73,5.98,1218.34,11.2,16.94,212.3
2015-01-28 19:30:00,2403000.0,971.87,4.22,279.65,-0.6,70.7,8.27,5.84,2.42,3.75,6.01,1217.79,10.04,15.34,212.1
2015-01-28 19:40:00,2403600.0,971.49,4.19,279.65,-0.54,71.2,8.24,5.87,2.37,3.77,6.04,1217.45,8.16,11.62,201.5
2015-01-28 19:50:00,2404200.0,970.98,4.13,279.64,-0.44,72.0,8.21,5.91,2.3,3.8,6.09,1217.02,9.14,13.98,204.3
2015-01-28 20:00:00,2404800.0,970.98,4.11,279.61,-0.34,72.7,8.2,5.96,2.24,3.83,6.14,1217.13,6.93,11.9,203.5
2015-01-28 20:10:00,2405400.0,970.72,4.01,279.53,-0.26,73.6,8.14,5.99,2.15,3.85,6.17,1217.21,8.27,12.98,206.9
2015-01-28 20:20:00,2406000.0,970.6,3.75,279.28,-0.13,75.7,7.99,6.05,1.94,3.89,6.23,1218.17,10.02,14.02,204.3
2015-01-28 20:30:00,2406600.0,970.85,2.9,278.4,0.21,82.4,7.52,6.2,1.32,3.98,6.39,1222.18,9.78,14.04,210.1
2015-01-28 20:40:00,2407200.0,970.8,2.53,278.04,0.33,85.3,7.33,6.25,1.08,4.02,6.44,1223.7,7.88,11.58,203.6
2015-01-28 20:50:00,2407800.0,970.66,2.34,277.85,0.41,87.0,7.23,6.29,0.94,4.04,6.48,1224.37,7.43,9.09,198.4
2015-01-28 21:00:00,2408400.0,970.28,2.17,277.72,0.42,88.1,7.15,6.3,0.85,4.05,6.49,1224.62,7.05,10.89,184.8
2015-01-28 21:10:00,2409000.0,970.03,2.16,277.73,0.5,88.7,7.14,6.33,0.81,4.07,6.53,1224.33,5.89,9.33,180.7
2015-01-28 21:20:00,2409600.0,969.77,2.19,277.77,0.49,88.5,7.15,6.33,0.82,4.07,6.53,1223.9,5.51,8.95,179.3
2015-01-28 21:30:00,2410200.0,969.65,2.24,277.84,0.5,88.2,7.18,6.33,0.85,4.07,6.53,1223.51,5.24,7.33,181.6
2015-01-28 21:40:00,2410800.0,969.43,2.3,277.92,0.51,87.9,7.21,6.34,0.87,4.08,6.54,1222.96,4.64,6.69,189.8
2015-01-28 21:50:00,2411400.0,969.28,2.39,278.02,0.48,87.1,7.26,6.32,0.94,4.07,6.52,1222.36,4.83,6.37,187.0
2015-01-28 22:00:00,2412000.0,969.17,2.53,278.17,0.5,86.4,7.33,6.33,1.0,4.07,6.53,1221.63,5.01,8.69,189.3
2015-01-28 22:10:00,2412600.0,969.05,2.68,278.33,0.48,85.4,7.41,6.33,1.08,4.07,6.53,1220.82,4.7,6.93,195.5
2015-01-28 22:20:00,2413200.0,968.93,2.78,278.44,0.47,84.7,7.46,6.32,1.14,4.07,6.52,1220.21,5.11,6.89,196.4
2015-01-28 22:30:00,2413800.0,968.75,2.9,278.58,0.41,83.6,7.53,6.29,1.23,4.05,6.5,1219.45,6.56,9.97,205.4
2015-01-28 22:40:00,2414400.0,968.74,3.07,278.75,0.32,82.1,7.62,6.25,1.36,4.02,6.45,1218.74,6.17,8.61,206.4
2015-01-28 22:50:00,2415000.0,968.68,3.12,278.8,0.3,81.7,7.64,6.24,1.4,4.02,6.45,1218.45,7.17,11.26,207.0
2015-01-28 23:00:00,2415600.0,968.72,3.13,278.81,0.24,81.2,7.65,6.21,1.44,4.0,6.41,1218.44,6.15,10.77,207.1
2015-01-28 23:10:00,2416200.0,968.76,3.13,278.81,0.17,80.8,7.65,6.18,1.47,3.98,6.38,1218.51,5.42,8.29,210.8
2015-01-28 23:20:00,2416800.0,968.81,3.13,278.81,0.17,80.8,7.65,6.18,1.47,3.98,6.38,1218.57,5.42,7.49,212.1
2015-01-28 23:30:00,2417400.0,968.84,3.17,278.84,0.17,80.6,7.67,6.18,1.49,3.98,6.38,1218.45,7.21,12.5,211.1
2015-01-28 23:40:00,2418000.0,969.08,3.12,278.77,0.23,81.2,7.65,6.21,1.44,3.99,6.41,1218.95,5.39,9.69,213.7
2015-01-28 23:50:00,2418600.0,969.27,3.0,278.63,0.32,82.5,7.58,6.25,1.33,4.02,6.45,1219.71,3.25,6.69,218.5
2015-01-29 00:00:00,2419200.0,969.36,2.82,278.45,0.45,84.3,7.49,6.31,1.18,4.06,6.51,1220.56,3.08,5.41,227.3
2015-01-29 00:10:00,2419800.0,969.25,2.67,278.3,0.48,85.4,7.4,6.32,1.08,4.07,6.52,1221.1,2.46,5.13,231.5
2015-01-29 00:20:00,2420400.0,969.23,2.6,278.24,0.46,85.7,7.37,6.31,1.05,4.06,6.52,1221.38,2.41,5.01,245.8
2015-01-29 00:30:00,2421000.0,969.25,2.57,278.2,0.38,85.4,7.35,6.28,1.07,4.04,6.48,1221.58,2.45,5.25,229.0
2015-01-29 00:40:00,2421600.0,969.49,2.6,278.21,0.19,84.1,7.37,6.2,1.17,3.98,6.39,1221.79,2.85,4.77,227.3
2015-01-29 00:50:00,2422200.0,969.46,2.63,278.24,-0.01,82.7,7.38,6.1,1.28,3.93,6.3,1221.66,1.5,3.12,238.2
2015-01-29 01:00:00,2422800.0,969.44,2.6,278.22,-0.28,81.2,7.37,5.98,1.39,3.85,6.17,1221.82,1.88,3.97,252.0
2015-01-29 01:10:00,2423400.0,969.43,2.54,278.16,-0.44,80.6,7.34,5.91,1.42,3.8,6.1,1222.09,2.17,3.65,237.8
2015-01-29 01:20:00,2424000.0,969.49,2.44,278.06,-0.62,80.1,7.29,5.84,1.45,3.75,6.02,1222.64,2.44,5.25,257.4
2015-01-29 01:30:00,2424600.0,969.59,2.48,278.08,-1.0,77.7,7.3,5.68,1.63,3.65,5.85,1222.69,2.75,5.73,253.3
2015-01-29 01:40:00,2425200.0,969.54,2.42,278.02,-1.51,75.2,7.27,5.47,1.8,3.52,5.64,1223.01,4.01,7.61,246.6
2015-01-29 01:50:00,2425800.0,969.53,2.25,277.86,-1.79,74.5,7.19,5.36,1.83,3.44,5.52,1223.76,2.24,6.29,245.9
2015-01-29 02:00:00,2426400.0,969.48,2.01,277.62,-2.17,73.7,7.07,5.21,1.86,3.35,5.37,1224.84,2.12,5.77,255.4
2015-01-29 02:10:00,2427000.0,969.45,1.88,277.49,-2.5,72.6,7.0,5.08,1.92,3.27,5.24,1225.45,2.27,3.85,237.2
2015-01-29 02:20:00,2427600.0,969.47,1.72,277.33,-2.67,72.5,6.92,5.01,1.9,3.22,5.17,1226.23,1.67,3.45,251.7
2015-01-29 02:30:00,2428200.0,969.56,1.58,277.18,-2.84,72.3,6.85,4.95,1.9,3.18,5.11,1226.99,1.53,3.57,232.5
2015-01-29 02:40:00,2428800.0,969.6,1.44,277.03,-2.83,73.1,6.78,4.95,1.82,3.18,5.11,1227.69,2.34,4.91,225.4
2015-01-29 02:50:00,2429400.0,969.6,1.29,276.88,-2.81,74.0,6.71,4.96,1.74,3.19,5.12,1228.35,0.83,1.92,209.6
2015-01-29 03:00:00,2430000.0,969.58,1.2,276.79,-2.88,74.1,6.66,4.94,1.73,3.17,5.09,1228.75,1.69,3.65,217.1
2015-01-29 03:10:00,2430600.0,969.53,1.12,276.72,-2.98,74.0,6.63,4.9,1.72,3.15,5.06,1229.04,1.81,3.49,221.3
2015-01-29 03:20:00,2431200.0,969.63,1.07,276.65,-3.1,73.6,6.6,4.86,1.74,3.12,5.01,1229.43,2.22,4.05,227.1
2015-01-29 03:30:00,2431800.0,969.62,1.08,276.67,-3.09,73.6,6.61,4.86,1.74,3.13,5.01,1229.35,2.24,4.05,222.8
2015-01-29 03:40:00,2432400.0,969.62,1.24,276.83,-3.05,73.0,6.68,4.88,1.8,3.13,5.03,1228.65,2.85,5.93,215.2
2015-01-29 03:50:00,2433000.0,969.54,1.39,276.99,-3.05,72.2,6.75,4.88,1.88,3.13,5.03,1227.87,4.71,6.45,209.8
2015-01-29 04:00:00,2433600.0,969.55,1.29,276.89,-3.03,72.8,6.71,4.88,1.82,3.14,5.04,1228.32,4.03,6.13,212.0
2015-01-29 04:10:00,2434200.0,969.43,1.27,276.87,-2.94,73.4,6.7,4.91,1.78,3.16,5.07,1228.25,4.63,6.13,208.8
2015-01-29 04:20:00,2434800.0,969.42,1.28,276.89,-2.69,74.7,6.7,5.01,1.7,3.22,5.16,1228.13,5.22,7.09,210.2
2015-01-29 04:30:00,2435400.0,969.47,1.06,276.67,-2.12,79.2,6.6,5.23,1.37,3.36,5.39,1229.06,5.25,7.97,207.7
2015-01-29 04:40:00,2436000.0,969.36,1.0,276.61,-2.06,79.9,6.57,5.25,1.32,3.37,5.41,1229.19,3.27,5.45,220.4
2015-01-29 04:50:00,2436600.0,969.37,0.96,276.57,-2.41,78.1,6.55,5.11,1.43,3.29,5.28,1229.45,3.22,6.81,220.7
2015-01-29 05:00:00,2437200.0,969.43,0.98,276.58,-2.55,77.2,6.56,5.06,1.5,3.25,5.22,1229.47,3.47,5.81,222.1
2015-01-29 05:10:00,2437800.0,969.44,0.97,276.57,-2.36,78.3,6.55,5.13,1.42,3.3,5.29,1229.49,5.13,7.85,210.0
2015-01-29 05:20:00,2438400.0,969.52,0.94,276.54,-2.31,78.8,6.54,5.15,1.39,3.31,5.32,1229.71,3.39,5.17,235.5
2015-01-29 05:30:00,2439000.0,969.49,0.87,276.47,-2.39,78.7,6.51,5.12,1.39,3.29,5.28,1230.01,2.35,5.13,227.4
2015-01-29 05:40:00,2439600.0,969.43,0.78,276.39,-2.29,79.8,6.47,5.16,1.31,3.32,5.32,1230.29,3.5,6.33,216.2
2015-01-29 05:50:00,2440200.0,969.39,0.74,276.35,-2.25,80.3,6.45,5.18,1.27,3.33,5.34,1230.43,2.05,4.01,228.1
2015-01-29 06:00:00,2440800.0,969.34,0.78,276.39,-2.11,80.9,6.47,5.23,1.23,3.36,5.4,1230.16,1.52,3.43,216.4
2015-01-29 06:10:00,2441400.0,969.28,0.7,276.31,-1.93,82.5,6.43,5.3,1.12,3.41,5.47,1230.43,0.79,2.06,287.6
2015-01-29 06:20:00,2442000.0,969.23,0.66,276.28,-1.88,83.0,6.41,5.32,1.09,3.42,5.49,1230.52,1.49,2.16,258.6
2015-01-29 06:30:00,2442600.0,969.08,0.6,276.23,-1.98,82.8,6.38,5.28,1.1,3.4,5.45,1230.63,1.85,2.88,225.6
2015-01-29 06:40:00,2443200.0,968.98,0.47,276.11,-1.94,83.8,6.32,5.3,1.02,3.41,5.47,1231.07,1.16,1.72,197.6
2015-01-29 06:50:00,2443800.0,968.87,0.37,276.01,-2.23,82.6,6.27,5.18,1.09,3.33,5.35,1231.45,2.25,3.28,204.2
2015-01-29 07:00:00,2444400.0,968.75,0.21,275.87,-2.6,81.3,6.2,5.04,1.16,3.24,5.21,1232.06,1.9,3.24,206.8
2015-01-29 07:10:00,2445000.0,968.63,-0.02,275.64,-3.04,80.0,6.1,4.88,1.22,3.14,5.04,1233.05,2.85,4.01,213.9
2015-01-29 07:20:00,2445600.0,968.59,0.12,275.78,-3.45,76.8,6.16,4.73,1.43,3.04,4.88,1232.43,2.93,4.69,208.3
2015-01-29 07:30:00,2446200.0,968.57,0.22,275.89,-3.68,74.9,6.21,4.65,1.56,2.99,4.8,1231.97,3.39,5.65,205.4
2015-01-29 07:40:00,2446800.0,968.63,0.23,275.89,-3.77,74.4,6.21,4.62,1.59,2.97,4.77,1232.04,2.55,3.61,203.7
2015-01-29 07:50:00,2447400.0,968.62,0.12,275.78,-3.78,74.9,6.16,4.61,1.55,2.97,4.76,1232.53,2.12,2.78,196.1
2015-01-29 08:00:00,2448000.0,968.52,-0.13,275.54,-3.75,76.4,6.05,4.62,1.43,2.97,4.77,1233.49,2.28,3.49,199.2
2015-01-29 08:10:00,2448600.0,968.39,-0.28,275.4,-3.43,79.2,5.98,4.74,1.24,3.05,4.89,1233.96,2.53,4.17,179.5
2015-01-29 08:20:00,2449200.0,968.33,-0.33,275.35,-3.41,79.6,5.96,4.75,1.22,3.05,4.9,1234.12,2.18,3.41,183.0
2015-01-29 08:30:00,2449800.0,968.23,-0.11,275.58,-3.48,77.9,6.06,4.72,1.34,3.04,4.88,1233.0,2.79,3.95,181.4
2015-01-29 08:40:00,2450400.0,968.13,0.24,275.94,-3.67,74.9,6.21,4.65,1.56,3.0,4.81,1231.34,2.91,4.45,181.3
2015-01-29 08:50:00,2451000.0,968.07,0.54,276.25,-3.73,72.9,6.35,4.63,1.72,2.98,4.78,1229.91,2.7,4.73,174.2
2015-01-29 09:00:00,2451600.0,967.96,0.89,276.62,-3.73,71.1,6.52,4.63,1.88,2.98,4.79,1228.19,2.75,5.49,170.8
2015-01-29 09:10:00,2452200.0,967.84,1.07,276.81,-3.77,69.96,6.6,4.62,1.98,2.97,4.77,1227.25,2.38,4.07,190.3
2015-01-29 09:20:00,2452800.0,967.71,1.16,276.9,-3.83,69.21,6.64,4.6,2.05,2.96,4.75,1226.71,4.29,7.85,196.2
2015-01-29 09:30:00,2453400.0,967.77,1.15,276.89,-3.88,68.99,6.64,4.58,2.06,2.95,4.73,1226.82,5.26,8.21,207.1
2015-01-29 09:40:00,2454000.0,967.66,1.28,277.03,-3.9,68.27,6.7,4.57,2.13,2.95,4.73,1226.12,5.72,9.61,203.6
2015-01-29 09:50:00,2454600.0,967.55,1.34,277.1,-3.94,67.77,6.73,4.56,2.17,2.94,4.71,1225.71,5.88,8.13,205.6
2015-01-29 10:00:00,2455200.0,967.42,1.47,277.24,-3.86,67.5,6.79,4.59,2.21,2.95,4.74,1224.95,5.52,7.81,200.3
2015-01-29 10:10:00,2455800.0,967.29,1.6,277.39,-3.78,67.31,6.86,4.62,2.24,2.97,4.77,1224.19,7.25,12.1,202.5
2015-01-29 10:20:00,2456400.0,967.15,1.57,277.36,-3.69,67.91,6.84,4.65,2.2,2.99,4.8,1224.14,6.04,9.21,200.3
2015-01-29 10:30:00,2457000.0,967.04,1.66,277.47,-3.49,68.5,6.89,4.72,2.17,3.04,4.88,1223.56,6.59,10.21,208.1
2015-01-29 10:40:00,2457600.0,966.83,1.84,277.66,-3.3,68.6,6.98,4.79,2.19,3.08,4.95,1222.47,7.36,11.13,207.0
2015-01-29 10:50:00,2458200.0,966.61,1.92,277.76,-3.31,68.13,7.02,4.78,2.24,3.08,4.95,1221.83,7.73,11.7,208.8
2015-01-29 11:00:00,2458800.0,966.46,2.12,277.98,-3.14,68.02,7.12,4.84,2.28,3.12,5.01,1220.71,6.4,8.39,202.2
2015-01-29 11:10:00,2459400.0,966.21,2.2,278.08,-3.09,67.91,7.16,4.86,2.3,3.14,5.03,1220.06,8.11,11.66,206.6
2015-01-29 11:20:00,2460000.0,965.96,2.09,277.99,-2.96,69.08,7.11,4.91,2.2,3.17,5.08,1220.17,7.15,11.46,207.4
2015-01-29 11:30:00,2460600.0,965.68,2.13,278.06,-2.94,68.99,7.13,4.92,2.21,3.17,5.09,1219.64,9.99,16.86,209.1
2015-01-29 11:40:00,2461200.0,965.55,2.15,278.08,-2.89,69.15,7.13,4.93,2.2,3.18,5.11,1219.39,9.31,13.06,210.8
2015-01-29 11:50:00,2461800.0,965.4,2.2,278.14,-2.78,69.51,7.16,4.98,2.18,3.21,5.15,1218.98,7.95,10.77,207.6
2015-01-29 12:00:00,2462400.0,965.04,2.25,278.23,-2.75,69.34,7.19,4.98,2.2,3.22,5.16,1218.26,9.35,15.1,206.8
2015-01-29 12:10:00,2463000.0,964.8,2.37,278.37,-2.72,68.94,7.25,5.0,2.25,3.23,5.18,1217.42,8.15,11.66,207.8
2015-01-29 12:20:00,2463600.0,964.58,2.46,278.48,-2.68,68.7,7.3,5.01,2.28,3.24,5.2,1216.74,9.03,12.1,207.9
2015-01-29 12:30:00,2464200.0,964.42,2.54,278.57,-2.54,69.01,7.34,5.06,2.27,3.27,5.25,1216.16,6.97,9.73,208.2
2015-01-29 12:40:00,2464800.0,964.17,2.6,278.65,-2.35,69.7,7.37,5.14,2.23,3.32,5.33,1215.56,6.99,10.13,209.1
2015-01-29 12:50:00,2465400.0,964.0,2.57,278.63,-2.23,70.5,7.35,5.18,2.17,3.35,5.38,1215.47,6.9,11.09,207.3
2015-01-29 13:00:00,2466000.0,963.76,2.58,278.67,-2.14,70.9,7.36,5.22,2.14,3.37,5.41,1215.09,6.47,9.33,203.4
2015-01-29 13:10:00,2466600.0,963.62,2.71,278.81,-1.93,71.4,7.42,5.3,2.12,3.43,5.5,1214.32,4.69,7.73,197.7
2015-01-29 13:20:00,2467200.0,963.56,2.49,278.6,-1.67,73.9,7.31,5.4,1.91,3.5,5.61,1215.13,5.35,8.13,194.4
2015-01-29 13:30:00,2467800.0,963.44,1.86,277.96,-1.21,80.0,6.99,5.59,1.4,3.62,5.8,1217.71,5.2,8.05,200.7
2015-01-29 13:40:00,2468400.0,963.1,1.48,277.61,-0.9,84.1,6.8,5.72,1.08,3.7,5.94,1218.89,4.28,7.81,191.3
2015-01-29 13:50:00,2469000.0,962.73,1.66,277.82,-0.71,84.2,6.89,5.8,1.09,3.76,6.02,1217.58,4.34,6.43,177.4
2015-01-29 14:00:00,2469600.0,962.45,1.7,277.88,-0.75,83.7,6.91,5.78,1.13,3.74,6.01,1217.07,4.0,6.69,182.7
2015-01-29 14:10:00,2470200.0,962.28,1.83,278.03,-0.94,81.8,6.97,5.7,1.27,3.69,5.93,1216.31,4.33,6.45,188.4
2015-01-29 14:20:00,2470800.0,962.13,1.97,278.18,-1.04,80.4,7.04,5.66,1.38,3.67,5.88,1215.53,4.56,7.69,186.4
2015-01-29 14:30:00,2471400.0,961.97,2.06,278.29,-1.3,78.3,7.09,5.55,1.54,3.6,5.77,1214.95,4.28,7.81,195.0
2015-01-29 14:40:00,2472000.0,961.85,2.05,278.29,-1.28,78.5,7.09,5.56,1.52,3.6,5.78,1214.83,4.03,5.93,197.0
2015-01-29 14:50:00,2472600.0,961.65,1.85,278.1,-0.93,81.7,6.98,5.7,1.28,3.7,5.93,1215.41,3.65,5.17,180.6
2015-01-29 15:00:00,2473200.0,961.52,1.75,278.02,-0.86,82.7,6.93,5.73,1.2,3.72,5.96,1215.66,3.13,4.73,187.3
2015-01-29 15:10:00,2473800.0,961.35,1.91,278.19,-0.99,81.0,7.01,5.68,1.33,3.68,5.91,1214.78,3.05,5.89,189.7
2015-01-29 15:20:00,2474400.0,961.22,1.72,278.0,-1.13,81.3,6.92,5.62,1.29,3.65,5.85,1215.5,6.43,8.99,208.5
2015-01-29 15:30:00,2475000.0,961.1,1.31,277.61,-0.81,85.7,6.72,5.76,0.96,3.73,5.99,1217.06,4.99,7.97,203.5
2015-01-29 15:40:00,2475600.0,960.96,1.58,277.89,-0.72,84.6,6.85,5.8,1.05,3.76,6.03,1215.67,4.17,6.49,200.7
2015-01-29 15:50:00,2476200.0,960.73,1.99,278.32,-0.65,82.6,7.05,5.83,1.23,3.78,6.06,1213.57,3.49,6.69,187.7
2015-01-29 16:00:00,2476800.0,960.5,2.16,278.52,-0.98,79.6,7.14,5.68,1.46,3.69,5.92,1212.58,4.55,6.97,194.3
2015-01-29 16:10:00,2477400.0,960.31,2.2,278.57,-1.13,78.5,7.16,5.62,1.54,3.65,5.85,1212.2,4.01,6.53,192.3
2015-01-29 16:20:00,2478000.0,960.08,1.92,278.31,-1.32,79.0,7.02,5.55,1.47,3.6,5.78,1213.18,3.98,6.13,199.7
2015-01-29 16:30:00,2478600.0,959.85,1.9,278.31,-1.51,78.0,7.01,5.47,1.54,3.55,5.7,1213.01,4.72,6.69,207.5
2015-01-29 16:40:00,2479200.0,959.68,2.04,278.45,-1.64,76.5,7.08,5.41,1.66,3.52,5.64,1212.23,3.86,6.89,205.6
2015-01-29 16:50:00,2479800.0,959.46,2.06,278.5,-1.71,76.0,7.09,5.39,1.7,3.5,5.61,1211.87,3.76,5.53,202.2
2015-01-29 17:00:00,2480400.0,959.28,1.97,278.42,-1.76,76.2,7.04,5.37,1.68,3.49,5.6,1212.04,2.82,4.41,187.8
2015-01-29 17:10:00,2481000.0,959.15,1.84,278.3,-1.75,77.0,6.98,5.37,1.6,3.49,5.6,1212.46,2.86,4.53,188.4
2015-01-29 17:20:00,2481600.0,959.01,1.66,278.13,-1.65,78.5,6.89,5.41,1.48,3.52,5.64,1213.03,2.88,4.23,176.3
2015-01-29 17:30:00,2482200.0,958.84,1.46,277.94,-1.5,80.6,6.79,5.47,1.32,3.56,5.71,1213.71,2.46,3.65,177.9
2015-01-29 17:40:00,2482800.0,958.8,1.33,277.81,-1.51,81.3,6.72,5.47,1.26,3.55,5.7,1214.23,2.33,3.41,191.9
2015-01-29 17:50:00,2483400.0,958.49,1.26,277.77,-1.52,81.6,6.69,5.46,1.23,3.55,5.7,1214.11,1.89,2.52,175.2
2015-01-29 18:00:00,2484000.0,958.15,1.15,277.68,-1.5,82.4,6.64,5.47,1.17,3.56,5.71,1214.19,2.1,2.92,180.6
2015-01-29 18:10:00,2484600.0,957.94,0.95,277.5,-1.48,83.7,6.55,5.48,1.07,3.56,5.72,1214.79,2.36,3.16,191.2
2015-01-29 18:20:00,2485200.0,957.8,0.83,277.39,-1.52,84.2,6.49,5.46,1.03,3.56,5.7,1215.14,2.24,2.96,199.3
2015-01-29 18:30:00,2485800.0,957.6,0.9,277.48,-1.53,83.7,6.52,5.46,1.06,3.55,5.7,1214.6,2.0,2.96,189.8
2015-01-29 18:40:00,2486400.0,957.35,0.95,277.55,-1.45,83.9,6.54,5.49,1.05,3.57,5.73,1214.05,1.19,1.92,191.5
2015-01-29 18:50:00,2487000.0,957.12,1.04,277.66,-1.41,83.6,6.59,5.51,1.08,3.59,5.75,1213.33,1.6,2.48,187.1
2015-01-29 19:00:00,2487600.0,956.9,1.06,277.7,-1.37,83.7,6.6,5.52,1.08,3.6,5.77,1212.95,2.32,3.73,185.6
2015-01-29 19:10:00,2488200.0,956.71,1.13,277.78,-1.32,83.6,6.63,5.54,1.09,3.61,5.79,1212.4,2.89,4.37,181.2
2015-01-29 19:20:00,2488800.0,956.38,1.2,277.88,-1.31,83.3,6.66,5.55,1.11,3.62,5.8,1211.68,2.65,4.05,177.1
2015-01-29 19:30:00,2489400.0,956.09,1.21,277.91,-1.26,83.5,6.67,5.57,1.1,3.63,5.82,1211.27,2.23,2.96,184.7
2015-01-29 19:40:00,2490000.0,955.81,1.3,278.03,-1.16,83.6,6.71,5.61,1.1,3.66,5.87,1210.48,2.65,3.77,175.6
2015-01-29 19:50:00,2490600.0,955.37,1.37,278.14,-1.09,83.6,6.75,5.64,1.11,3.68,5.9,1209.6,2.47,3.97,174.5
2015-01-29 20:00:00,2491200.0,955.18,1.47,278.26,-0.99,83.6,6.8,5.68,1.11,3.71,5.95,1208.89,3.19,4.69,180.0
2015-01-29 20:10:00,2491800.0,955.03,1.56,278.36,-0.94,83.4,6.84,5.7,1.13,3.72,5.97,1208.31,2.64,4.05,180.9
2015-01-29 20:20:00,2492400.0,954.76,1.61,278.43,-0.94,83.1,6.86,5.7,1.16,3.72,5.97,1207.74,2.23,4.09,180.3
2015-01-29 20:30:00,2493000.0,954.5,1.63,278.48,-0.88,83.3,6.87,5.73,1.15,3.74,6.0,1207.29,2.52,4.05,177.7
2015-01-29 20:40:00,2493600.0,954.21,1.62,278.49,-0.78,84.0,6.87,5.77,1.1,3.77,6.05,1206.96,3.22,4.97,179.1
2015-01-29 20:50:00,2494200.0,953.88,1.64,278.54,-0.66,84.6,6.88,5.82,1.06,3.8,6.1,1206.44,2.25,3.51,179.8
2015-01-29 21:00:00,2494800.0,953.66,1.6,278.51,-0.67,84.8,6.86,5.81,1.04,3.8,6.1,1206.35,3.08,4.93,178.6
2015-01-29 21:10:00,2495400.0,953.42,1.62,278.56,-0.65,84.8,6.87,5.83,1.04,3.81,6.11,1205.92,2.75,4.21,177.8
2015-01-29 21:20:00,2496000.0,953.17,1.68,278.63,-0.63,84.6,6.9,5.83,1.06,3.82,6.12,1205.36,3.06,5.01,175.3
2015-01-29 21:30:00,2496600.0,952.88,1.72,278.7,-0.6,84.5,6.92,5.85,1.07,3.83,6.14,1204.78,3.38,5.31,176.0
2015-01-29 21:40:00,2497200.0,952.59,1.76,278.76,-0.53,84.7,6.94,5.88,1.06,3.85,6.17,1204.26,4.1,6.35,181.7
2015-01-29 21:50:00,2497800.0,952.32,1.94,278.97,-0.49,83.9,7.03,5.89,1.13,3.86,6.19,1203.12,4.83,8.49,179.1
2015-01-29 22:00:00,2498400.0,952.07,2.0,279.05,-0.47,83.6,7.06,5.9,1.16,3.86,6.2,1202.54,3.85,6.09,179.8
2015-01-29 22:10:00,2499000.0,951.81,1.92,278.99,-0.5,83.9,7.02,5.89,1.13,3.86,6.19,1202.55,3.86,5.61,173.5
2015-01-29 22:20:00,2499600.0,951.52,1.87,278.97,-0.48,84.3,6.99,5.9,1.1,3.86,6.2,1202.38,3.73,5.61,167.0
2015-01-29 22:30:00,2500200.0,951.35,1.84,278.95,-0.45,84.7,6.98,5.91,1.07,3.87,6.21,1202.31,2.53,4.65,167.3
2015-01-29 22:40:00,2500800.0,951.21,1.8,278.92,-0.44,85.0,6.96,5.91,1.04,3.88,6.22,1202.32,2.68,4.13,155.6
2015-01-29 22:50:00,2501400.0,950.99,1.76,278.9,-0.42,85.4,6.94,5.92,1.01,3.88,6.23,1202.21,2.26,4.01,154.6
2015-01-29 23:00:00,2502000.0,950.87,1.73,278.88,-0.41,85.6,6.92,5.93,1.0,3.89,6.23,1202.17,2.14,3.49,155.3
2015-01-29 23:10:00,2502600.0,950.61,1.73,278.9,-0.36,85.9,6.92,5.95,0.98,3.9,6.26,1201.83,1.7,3.0,152.7
2015-01-29 23:20:00,2503200.0,950.39,1.75,278.94,-0.35,85.9,6.93,5.96,0.98,3.91,6.27,1201.46,1.45,2.64,157.9
2015-01-29 23:30:00,2503800.0,950.16,1.73,278.94,-0.35,86.0,6.92,5.95,0.97,3.91,6.27,1201.26,0.95,1.7,183.8
2015-01-29 23:40:00,2504400.0,949.93,1.72,278.95,-0.34,86.1,6.92,5.96,0.96,3.91,6.27,1201.01,0.86,1.88,174.7
2015-01-29 23:50:00,2505000.0,949.73,1.73,278.98,-0.31,86.2,6.92,5.97,0.96,3.92,6.29,1200.69,1.69,3.14,171.5
2015-01-30 00:00:00,2505600.0,949.52,1.76,279.03,-0.25,86.4,6.94,6.0,0.94,3.94,6.31,1200.28,1.84,3.32,174.0
2015-01-30 00:10:00,2506200.0,949.37,1.77,279.05,-0.21,86.6,6.94,6.01,0.93,3.95,6.33,1200.04,2.09,3.45,177.2
2015-01-30 00:20:00,2506800.0,949.15,1.87,279.16,-0.12,86.6,6.99,6.05,0.94,3.98,6.38,1199.33,2.01,4.01,173.4
2015-01-30 00:30:00,2507400.0,949.01,1.97,279.27,-0.02,86.6,7.04,6.1,0.94,4.01,6.42,1198.71,2.42,3.77,165.5
2015-01-30 00:40:00,2508000.0,948.74,1.99,279.32,0.08,87.1,7.05,6.14,0.91,4.04,6.47,1198.25,2.0,3.61,165.4
2015-01-30 00:50:00,2508600.0,948.51,1.94,279.29,0.17,88.0,7.03,6.18,0.84,4.07,6.52,1198.15,2.13,3.28,164.9
2015-01-30 01:00:00,2509200.0,948.33,1.9,279.27,0.29,89.0,7.01,6.24,0.77,4.1,6.58,1198.05,1.56,3.28,168.7
2015-01-30 01:10:00,2509800.0,948.15,1.91,279.29,0.39,89.6,7.01,6.28,0.73,4.13,6.63,1197.76,2.19,4.13,172.3
2015-01-30 01:20:00,2510400.0,947.93,1.97,279.37,0.49,89.9,7.04,6.33,0.71,4.16,6.68,1197.23,2.79,5.57,171.6
2015-01-30 01:30:00,2511000.0,947.73,2.07,279.48,0.48,89.2,7.09,6.33,0.77,4.16,6.67,1196.54,3.72,6.49,171.9
2015-01-30 01:40:00,2511600.0,947.53,2.06,279.5,0.49,89.3,7.09,6.33,0.76,4.17,6.68,1196.31,3.7,6.05,171.0
2015-01-30 01:50:00,2512200.0,947.48,2.0,279.44,0.54,90.0,7.06,6.35,0.71,4.18,6.7,1196.5,2.27,4.53,171.1
2015-01-30 02:00:00,2512800.0,947.35,1.99,279.43,0.59,90.4,7.05,6.37,0.68,4.2,6.73,1196.39,2.44,4.49,165.2
2015-01-30 02:10:00,2513400.0,947.19,1.99,279.45,0.59,90.4,7.05,6.38,0.68,4.2,6.73,1196.17,1.94,3.14,165.9
2015-01-30 02:20:00,2514000.0,947.04,1.95,279.42,0.58,90.6,7.03,6.37,0.66,4.2,6.73,1196.15,1.75,2.76,179.0
2015-01-30 02:30:00,2514600.0,946.87,1.91,279.4,0.57,90.8,7.01,6.37,0.65,4.19,6.73,1196.11,1.5,2.32,186.9
2015-01-30 02:40:00,2515200.0,946.74,1.87,279.36,0.53,90.8,6.99,6.35,0.64,4.18,6.7,1196.15,1.84,2.64,190.4
2015-01-30 02:50:00,2515800.0,946.56,1.82,279.33,0.48,90.8,6.97,6.32,0.64,4.17,6.68,1196.15,1.96,2.6,199.2
2015-01-30 03:00:00,2516400.0,946.39,1.8,279.33,0.48,90.9,6.96,6.32,0.63,4.17,6.68,1196.01,1.89,2.92,198.1
2015-01-30 03:10:00,2517000.0,946.18,1.8,279.34,0.43,90.6,6.96,6.3,0.65,4.15,6.66,1195.75,2.11,3.08,201.9
2015-01-30 03:20:00,2517600.0,946.04,1.8,279.35,0.37,90.2,6.96,6.28,0.68,4.14,6.63,1195.59,2.47,3.2,210.4
2015-01-30 03:30:00,2518200.0,945.94,1.8,279.36,0.31,89.8,6.96,6.25,0.71,4.12,6.6,1195.48,2.31,3.16,205.0
2015-01-30 03:40:00,2518800.0,945.82,1.88,279.45,0.29,89.2,7.0,6.24,0.76,4.11,6.6,1194.99,2.1,3.24,196.7
2015-01-30 03:50:00,2519400.0,945.71,1.93,279.52,0.22,88.4,7.02,6.21,0.81,4.09,6.56,1194.63,2.02,2.92,196.8
2015-01-30 04:00:00,2520000.0,945.67,1.93,279.52,0.13,87.8,7.02,6.17,0.86,4.07,6.52,1194.59,2.19,3.04,207.5
2015-01-30 04:10:00,2520600.0,945.7,1.93,279.52,0.15,87.9,7.02,6.17,0.85,4.07,6.53,1194.63,1.79,2.36,204.0
2015-01-30 04:20:00,2521200.0,945.69,1.96,279.55,0.14,87.7,7.04,6.17,0.87,4.07,6.53,1194.5,1.93,2.8,201.2
2015-01-30 04:30:00,2521800.0,945.64,2.0,279.59,0.1,87.2,7.06,6.15,0.9,4.06,6.51,1194.27,2.05,2.88,200.2
2015-01-30 04:40:00,2522400.0,945.66,2.0,279.59,0.07,87.0,7.06,6.14,0.92,4.05,6.49,1194.3,2.44,3.59,199.7
2015-01-30 04:50:00,2523000.0,945.65,1.96,279.55,0.13,87.6,7.04,6.16,0.87,4.06,6.52,1194.46,2.26,3.24,194.8
2015-01-30 05:00:00,2523600.0,945.64,1.93,279.52,0.15,87.9,7.02,6.17,0.85,4.07,6.53,1194.55,2.25,3.73,186.9
2015-01-30 05:10:00,2524200.0,945.7,1.9,279.48,0.19,88.4,7.01,6.19,0.81,4.08,6.55,1194.77,2.12,2.96,188.9
2015-01-30 05:20:00,2524800.0,945.82,1.87,279.44,0.21,88.7,6.99,6.2,0.79,4.09,6.56,1195.06,2.16,2.64,188.8
2015-01-30 05:30:00,2525400.0,945.89,1.87,279.44,0.24,88.9,6.99,6.21,0.78,4.1,6.57,1195.14,1.86,3.04,182.2
2015-01-30 05:40:00,2526000.0,945.92,1.87,279.43,0.27,89.1,6.99,6.23,0.76,4.11,6.58,1195.16,1.51,2.72,175.0
2015-01-30 05:50:00,2526600.0,946.01,1.8,279.36,0.33,89.9,6.96,6.25,0.7,4.12,6.61,1195.56,1.4,1.96,170.6
2015-01-30 06:00:00,2527200.0,946.02,1.68,279.24,0.36,90.9,6.9,6.27,0.63,4.13,6.63,1196.06,1.25,2.08,180.9
2015-01-30 06:10:00,2527800.0,946.03,1.63,279.18,0.44,91.8,6.87,6.31,0.56,4.16,6.67,1196.31,1.47,2.08,187.1
2015-01-30 06:20:00,2528400.0,946.09,1.57,279.12,0.4,91.9,6.84,6.29,0.55,4.15,6.65,1196.63,1.69,2.04,200.0
2015-01-30 06:30:00,2529000.0,946.15,1.5,279.04,0.4,92.4,6.81,6.29,0.52,4.15,6.65,1197.03,1.76,2.3,202.4
2015-01-30 06:40:00,2529600.0,946.19,1.44,278.98,0.41,92.8,6.78,6.29,0.49,4.15,6.65,1197.33,1.96,2.36,201.2
2015-01-30 06:50:00,2530200.0,946.08,1.4,278.94,0.42,93.2,6.76,6.3,0.46,4.15,6.66,1197.38,1.35,1.96,209.1
2015-01-30 07:00:00,2530800.0,946.14,1.37,278.91,0.44,93.5,6.74,6.31,0.44,4.16,6.67,1197.57,0.92,1.48,209.1
2015-01-30 07:10:00,2531400.0,946.17,1.38,278.91,0.49,93.8,6.75,6.33,0.42,4.17,6.69,1197.57,0.35,0.8,208.4
2015-01-30 07:20:00,2532000.0,946.38,1.46,278.98,0.57,93.8,6.79,6.37,0.42,4.19,6.73,1197.47,0.65,1.08,234.7
2015-01-30 07:30:00,2532600.0,946.62,1.38,278.88,0.4,93.2,6.75,6.29,0.46,4.14,6.64,1198.16,1.56,2.52,228.9
2015-01-30 07:40:00,2533200.0,946.76,1.26,278.74,0.36,93.7,6.69,6.27,0.42,4.13,6.62,1198.86,2.41,2.92,213.9
2015-01-30 07:50:00,2533800.0,946.76,1.32,278.8,0.37,93.4,6.72,6.28,0.44,4.13,6.63,1198.6,2.33,2.6,214.6
2015-01-30 08:00:00,2534400.0,946.93,1.33,278.81,0.36,93.2,6.73,6.27,0.46,4.13,6.62,1198.76,1.91,2.3,213.5
2015-01-30 08:10:00,2535000.0,947.06,1.3,278.76,0.28,92.9,6.71,6.24,0.48,4.11,6.58,1199.07,1.64,2.08,221.8
2015-01-30 08:20:00,2535600.0,947.22,1.21,278.66,0.17,92.7,6.67,6.18,0.49,4.07,6.53,1199.69,1.27,1.8,210.9
2015-01-30 08:30:00,2536200.0,947.29,1.33,278.78,0.18,92.0,6.73,6.19,0.54,4.07,6.53,1199.24,1.12,1.66,212.7
2015-01-30 08:40:00,2536800.0,947.43,1.48,278.92,0.15,90.8,6.8,6.17,0.63,4.06,6.52,1198.78,0.67,1.76,199.2
2015-01-30 08:50:00,2537400.0,947.55,1.72,279.15,0.25,89.9,6.92,6.22,0.7,4.09,6.56,1197.86,0.45,1.08,237.5
2015-01-30 09:00:00,2538000.0,947.69,1.85,279.27,0.16,88.5,6.98,6.18,0.8,4.07,6.52,1197.49,0.86,1.28,42.27
2015-01-30 09:10:00,2538600.0,947.95,1.81,279.2,0.12,88.5,6.96,6.16,0.8,4.05,6.5,1198.02,1.9,5.65,233.1
2015-01-30 09:20:00,2539200.0,948.2,1.18,278.54,-0.15,90.8,6.65,6.04,0.61,3.97,6.37,1201.14,2.34,5.13,238.1
2015-01-30 09:30:00,2539800.0,948.45,1.09,278.44,0.08,92.9,6.61,6.14,0.47,4.04,6.48,1201.78,1.78,3.16,257.5
2015-01-30 09:40:00,2540400.0,948.7,1.01,278.33,-0.03,92.7,6.57,6.09,0.48,4.0,6.42,1202.48,1.69,4.77,245.5
2015-01-30 09:50:00,2541000.0,948.93,0.9,278.2,-0.16,92.6,6.52,6.04,0.48,3.97,6.36,1203.29,2.74,6.79,261.1
2015-01-30 10:00:00,2541600.0,949.15,0.66,277.93,-0.79,90.0,6.41,5.77,0.64,3.79,6.07,1204.78,3.78,6.77,255.8
2015-01-30 10:10:00,2542200.0,949.48,0.41,277.65,-1.11,89.5,6.29,5.63,0.66,3.7,5.93,1206.35,4.45,8.37,253.3
2015-01-30 10:20:00,2542800.0,949.69,0.24,277.47,-1.32,89.2,6.22,5.55,0.67,3.64,5.84,1207.39,2.9,5.61,251.0
2015-01-30 10:30:00,2543400.0,949.82,0.25,277.47,-1.29,89.3,6.22,5.56,0.67,3.65,5.85,1207.51,2.15,6.61,243.6
2015-01-30 10:40:00,2544000.0,949.97,0.39,277.6,-1.24,88.7,6.29,5.57,0.71,3.66,5.87,1207.07,3.61,7.89,243.3
2015-01-30 10:50:00,2544600.0,950.13,0.61,277.8,-1.53,85.5,6.38,5.46,0.93,3.58,5.74,1206.4,2.96,6.29,231.8
2015-01-30 11:00:00,2545200.0,950.26,0.78,277.97,-1.88,82.3,6.46,5.32,1.14,3.49,5.6,1205.86,3.4,6.05,240.8
2015-01-30 11:10:00,2545800.0,950.29,0.88,278.06,-2.16,80.0,6.51,5.21,1.3,3.42,5.48,1205.52,3.13,4.97,237.8
2015-01-30 11:20:00,2546400.0,950.3,1.31,278.5,-2.12,77.8,6.72,5.23,1.49,3.43,5.5,1203.63,2.76,6.19,241.3
2015-01-30 11:30:00,2547000.0,950.27,1.46,278.66,-2.57,74.4,6.79,5.05,1.74,3.31,5.32,1203.01,2.89,6.21,229.8
2015-01-30 11:40:00,2547600.0,950.29,1.77,278.97,-2.57,72.8,6.94,5.05,1.89,3.31,5.32,1201.68,1.8,4.89,230.0
2015-01-30 11:50:00,2548200.0,950.11,1.87,279.08,-2.98,70.1,6.99,4.9,2.09,3.21,5.16,1201.1,2.64,5.21,221.4
2015-01-30 12:00:00,2548800.0,950.0,1.96,279.19,-2.96,69.71,7.04,4.91,2.13,3.22,5.17,1200.54,2.41,6.05,231.1
2015-01-30 12:10:00,2549400.0,949.89,1.94,279.17,-3.13,68.96,7.03,4.85,2.18,3.18,5.1,1200.53,4.02,6.89,218.2
2015-01-30 12:20:00,2550000.0,949.92,1.76,278.99,-3.24,69.25,6.94,4.81,2.13,3.15,5.06,1201.37,4.13,7.17,223.8
2015-01-30 12:30:00,2550600.0,949.93,2.06,279.29,-3.13,68.37,7.09,4.85,2.24,3.18,5.1,1200.07,4.22,9.21,227.0
2015-01-30 12:40:00,2551200.0,949.95,2.06,279.29,-3.14,68.32,7.09,4.84,2.25,3.18,5.1,1200.09,2.93,4.97,232.2
2015-01-30 12:50:00,2551800.0,949.93,2.19,279.43,-3.06,68.08,7.16,4.87,2.28,3.2,5.13,1199.48,3.44,6.25,220.6
2015-01-30 13:00:00,2552400.0,949.94,2.08,279.31,-3.13,68.28,7.1,4.85,2.25,3.18,5.1,1199.99,4.18,8.17,226.6
2015-01-30 13:10:00,2553000.0,949.96,1.89,279.12,-3.23,68.71,7.0,4.81,2.19,3.16,5.07,1200.85,5.34,8.21,219.0
2015-01-30 13:20:00,2553600.0,950.01,1.72,278.94,-3.29,69.21,6.92,4.79,2.13,3.14,5.04,1201.67,5.21,7.77,214.8
2015-01-30 13:30:00,2554200.0,950.08,1.67,278.88,-3.27,69.59,6.89,4.8,2.1,3.15,5.05,1202.0,5.01,8.45,215.9
2015-01-30 13:40:00,2554800.0,950.06,1.66,278.87,-3.25,69.72,6.89,4.8,2.09,3.15,5.05,1202.0,5.49,8.29,214.9
2015-01-30 13:50:00,2555400.0,950.01,1.63,278.85,-3.26,69.85,6.87,4.8,2.07,3.15,5.05,1202.08,6.3,9.05,215.7
2015-01-30 14:00:00,2556000.0,950.06,1.66,278.87,-3.2,70.0,6.89,4.82,2.07,3.16,5.07,1202.0,5.61,9.65,216.4
2015-01-30 14:10:00,2556600.0,950.15,1.76,278.97,-3.02,70.4,6.94,4.89,2.05,3.2,5.14,1201.62,3.47,5.73,216.3
2015-01-30 14:20:00,2557200.0,950.09,1.79,279.01,-3.19,69.4,6.95,4.83,2.13,3.17,5.08,1201.44,2.9,5.45,239.3
2015-01-30 14:30:00,2557800.0,950.06,1.89,279.11,-3.1,69.37,7.0,4.86,2.14,3.19,5.11,1200.96,1.94,4.17,245.3
2015-01-30 14:40:00,2558400.0,950.0,1.98,279.2,-3.16,68.63,7.05,4.84,2.21,3.17,5.09,1200.51,2.41,4.45,203.7
2015-01-30 14:50:00,2559000.0,950.0,1.89,279.11,-3.51,67.27,7.0,4.71,2.29,3.09,4.96,1200.97,2.67,5.69,222.3
2015-01-30 15:00:00,2559600.0,949.97,2.11,279.34,-3.36,66.93,7.11,4.76,2.35,3.12,5.01,1199.93,4.8,7.49,210.9
2015-01-30 15:10:00,2560200.0,949.95,2.36,279.59,-3.32,65.98,7.24,4.78,2.46,3.13,5.03,1198.83,5.27,6.97,209.6
2015-01-30 15:20:00,2560800.0,949.93,2.42,279.66,-3.41,65.22,7.28,4.74,2.53,3.11,5.0,1198.53,5.55,8.43,214.6
2015-01-30 15:30:00,2561400.0,950.03,2.29,279.51,-3.44,65.71,7.2,4.73,2.47,3.11,4.98,1199.26,6.64,9.77,213.3
2015-01-30 15:40:00,2562000.0,950.11,2.17,279.39,-3.4,66.47,7.14,4.75,2.4,3.11,5.0,1199.85,5.4,7.37,209.2
2015-01-30 15:50:00,2562600.0,950.19,1.95,279.16,-3.52,66.9,7.04,4.71,2.33,3.09,4.95,1200.92,5.8,9.45,215.1
2015-01-30 16:00:00,2563200.0,950.22,1.82,279.02,-3.36,68.4,6.97,4.76,2.2,3.12,5.01,1201.53,4.23,6.97,211.8
2015-01-30 16:10:00,2563800.0,950.22,1.6,278.8,-3.36,69.49,6.86,4.76,2.09,3.12,5.01,1202.5,4.57,7.17,212.9
2015-01-30 16:20:00,2564400.0,950.19,1.12,278.31,-3.34,72.0,6.62,4.77,1.85,3.13,5.02,1204.56,4.58,7.05,211.3
2015-01-30 16:30:00,2565000.0,950.19,0.8,278.0,-3.26,74.1,6.47,4.8,1.68,3.15,5.05,1205.92,3.31,5.01,213.9
2015-01-30 16:40:00,2565600.0,950.19,0.59,277.78,-3.33,74.9,6.38,4.78,1.6,3.13,5.03,1206.87,3.53,5.49,212.4
2015-01-30 16:50:00,2566200.0,950.24,0.52,277.71,-3.41,74.8,6.34,4.75,1.6,3.11,4.99,1207.25,2.96,5.25,220.4
2015-01-30 17:00:00,2566800.0,950.33,0.4,277.57,-3.2,76.7,6.29,4.82,1.46,3.16,5.07,1207.87,2.25,4.05,229.3
2015-01-30 17:10:00,2567400.0,950.36,0.22,277.39,-2.83,79.9,6.2,4.96,1.25,3.25,5.22,1208.65,2.27,4.43,220.4
2015-01-30 17:20:00,2568000.0,950.36,0.19,277.36,-2.63,81.2,6.19,5.03,1.16,3.3,5.29,1208.72,1.13,2.36,209.4
2015-01-30 17:30:00,2568600.0,950.44,0.15,277.31,-2.81,80.4,6.17,4.96,1.21,3.26,5.22,1209.04,0.78,2.48,230.5
2015-01-30 17:40:00,2569200.0,950.57,0.15,277.3,-3.04,79.0,6.17,4.88,1.3,3.2,5.13,1209.25,0.88,2.76,226.2
2015-01-30 17:50:00,2569800.0,950.54,0.19,277.34,-3.3,77.3,6.19,4.79,1.41,3.14,5.03,1209.09,1.2,2.26,210.7
2015-01-30 18:00:00,2570400.0,950.55,0.05,277.21,-3.29,78.1,6.13,4.79,1.34,3.14,5.04,1209.69,2.09,3.49,207.1
2015-01-30 18:10:00,2571000.0,950.56,-0.03,277.12,-3.13,79.5,6.09,4.85,1.25,3.18,5.1,1210.05,3.17,5.09,202.0
2015-01-30 18:20:00,2571600.0,950.6,-0.17,276.97,-3.05,80.8,6.03,4.87,1.16,3.2,5.13,1210.71,3.63,4.87,203.5
2015-01-30 18:30:00,2572200.0,950.64,-0.25,276.89,-3.02,81.5,6.0,4.89,1.11,3.2,5.14,1211.11,2.14,4.01,218.7
2015-01-30 18:40:00,2572800.0,950.69,-0.32,276.82,-3.08,81.5,5.97,4.86,1.1,3.19,5.12,1211.48,0.97,1.8,240.2
2015-01-30 18:50:00,2573400.0,950.78,-0.21,276.92,-3.14,80.5,6.02,4.84,1.17,3.17,5.09,1211.12,0.58,1.1,209.0
2015-01-30 19:00:00,2574000.0,950.82,-0.16,276.97,-3.01,81.0,6.04,4.89,1.15,3.21,5.14,1210.93,1.26,2.88,214.9
2015-01-30 19:10:00,2574600.0,950.81,-0.3,276.82,-2.74,83.5,5.97,4.99,0.99,3.27,5.25,1211.5,1.35,2.2,221.9
2015-01-30 19:20:00,2575200.0,950.74,-0.34,276.79,-2.78,83.5,5.96,4.98,0.98,3.26,5.23,1211.58,2.07,3.65,209.0
2015-01-30 19:30:00,2575800.0,950.64,-0.32,276.82,-3.01,82.0,5.97,4.89,1.07,3.21,5.15,1211.42,3.9,5.27,211.3
2015-01-30 19:40:00,2576400.0,950.66,-0.22,276.92,-3.13,80.6,6.01,4.85,1.17,3.18,5.1,1211.0,1.67,4.01,233.1
2015-01-30 19:50:00,2577000.0,950.57,-0.2,276.94,-3.35,79.2,6.02,4.77,1.25,3.12,5.01,1210.87,1.42,2.62,226.1
2015-01-30 20:00:00,2577600.0,950.58,-0.11,277.03,-3.55,77.5,6.06,4.69,1.36,3.08,4.94,1210.51,1.61,2.68,233.7
2015-01-30 20:10:00,2578200.0,950.53,-0.07,277.08,-3.58,77.1,6.08,4.68,1.39,3.07,4.93,1210.27,2.28,4.21,230.6
2015-01-30 20:20:00,2578800.0,950.47,-0.11,277.04,-3.36,78.6,6.06,4.76,1.3,3.12,5.01,1210.33,1.93,3.0,234.0
2015-01-30 20:30:00,2579400.0,950.49,-0.16,276.99,-3.18,80.0,6.04,4.83,1.21,3.17,5.08,1210.55,1.89,3.26,226.4
2015-01-30 20:40:00,2580000.0,950.56,-0.25,276.9,-2.91,82.1,6.0,4.92,1.07,3.23,5.18,1210.97,1.86,3.36,221.4
2015-01-30 20:50:00,2580600.0,950.71,-0.27,276.87,-2.93,82.1,5.99,4.92,1.07,3.22,5.17,1211.24,1.98,4.49,225.8
2015-01-30 21:00:00,2581200.0,950.83,-0.34,276.78,-2.75,83.7,5.96,4.99,0.97,3.27,5.24,1211.71,2.19,5.15,256.5
2015-01-30 21:10:00,2581800.0,950.82,-0.45,276.67,-2.71,84.6,5.91,5.0,0.91,3.28,5.26,1212.16,1.61,3.57,252.3
2015-01-30 21:20:00,2582400.0,950.88,-0.54,276.58,-2.63,85.7,5.87,5.03,0.84,3.3,5.29,1212.62,1.19,2.32,219.0
2015-01-30 21:30:00,2583000.0,950.92,-0.59,276.52,-2.46,87.1,5.85,5.1,0.75,3.34,5.36,1212.87,0.87,1.76,177.8
2015-01-30 21:40:00,2583600.0,951.01,-0.57,276.54,-2.36,87.6,5.86,5.13,0.73,3.36,5.4,1212.86,0.55,1.44,152.2
2015-01-30 21:50:00,2584200.0,951.05,-0.55,276.55,-2.45,86.9,5.87,5.1,0.77,3.34,5.36,1212.85,1.34,1.96,216.9
2015-01-30 22:00:00,2584800.0,951.05,-0.45,276.65,-2.54,85.7,5.91,5.07,0.85,3.32,5.33,1212.42,1.06,2.32,232.9
2015-01-30 22:10:00,2585400.0,951.06,-0.38,276.73,-2.58,85.0,5.94,5.05,0.89,3.31,5.31,1212.12,0.77,1.96,185.7
2015-01-30 22:20:00,2586000.0,951.19,-0.23,276.86,-2.4,85.2,6.01,5.12,0.89,3.35,5.38,1211.61,0.53,1.36,179.1
2015-01-30 22:30:00,2586600.0,951.29,-0.23,276.86,-2.38,85.3,6.01,5.12,0.88,3.36,5.39,1211.73,0.42,1.08,250.6
2015-01-30 22:40:00,2587200.0,951.3,-0.05,277.04,-2.51,83.4,6.09,5.07,1.01,3.32,5.33,1210.97,0.51,1.12,187.2
2015-01-30 22:50:00,2587800.0,951.36,-0.03,277.05,-2.84,81.3,6.09,4.95,1.14,3.25,5.21,1211.02,0.69,1.5,248.7
2015-01-30 23:00:00,2588400.0,951.45,-0.08,277.0,-3.26,79.0,6.07,4.8,1.28,3.14,5.04,1211.4,1.09,2.76,253.5
2015-01-30 23:10:00,2589000.0,951.6,-0.05,277.01,-3.46,77.7,6.09,4.73,1.36,3.1,4.97,1211.52,0.97,1.8,240.1
2015-01-30 23:20:00,2589600.0,951.71,-0.03,277.03,-3.69,76.2,6.1,4.64,1.45,3.04,4.88,1211.6,1.67,4.21,249.7
2015-01-30 23:30:00,2590200.0,951.79,-0.11,276.93,-3.76,76.3,6.06,4.62,1.44,3.03,4.86,1212.09,0.92,1.76,236.3
2015-01-30 23:40:00,2590800.0,951.88,-0.22,276.82,-3.83,76.5,6.01,4.6,1.41,3.01,4.83,1212.68,0.71,1.32,231.6
2015-01-30 23:50:00,2591400.0,951.94,-0.35,276.68,-3.89,76.9,5.95,4.58,1.38,3.0,4.81,1213.37,0.59,1.26,224.5
2015-01-31 00:00:00,2592000.0,952.03,-0.55,276.47,-3.93,77.8,5.87,4.56,1.3,2.99,4.79,1214.37,1.2,1.96,239.6
2015-01-31 00:10:00,2592600.0,952.02,-0.72,276.3,-3.96,78.6,5.79,4.55,1.24,2.98,4.78,1215.13,1.54,2.32,248.7
2015-01-31 00:20:00,2593200.0,952.04,-0.77,276.25,-3.94,79.0,5.77,4.56,1.21,2.99,4.79,1215.36,1.35,2.4,245.5
2015-01-31 00:30:00,2593800.0,952.1,-0.81,276.2,-3.94,79.2,5.76,4.56,1.2,2.98,4.79,1215.61,1.21,2.48,242.1
2015-01-31 00:40:00,2594400.0,952.13,-0.81,276.2,-3.91,79.4,5.76,4.57,1.19,2.99,4.8,1215.63,1.13,1.96,255.3
2015-01-31 00:50:00,2595000.0,952.11,-0.82,276.19,-3.9,79.5,5.75,4.57,1.18,2.99,4.8,1215.67,1.44,2.52,247.1
2015-01-31 01:00:00,2595600.0,952.24,-0.82,276.18,-3.9,79.5,5.75,4.57,1.18,2.99,4.8,1215.84,1.57,2.36,247.0
2015-01-31 01:10:00,2596200.0,952.35,-0.95,276.03,-3.43,83.2,5.7,4.74,0.96,3.1,4.98,1216.49,1.78,2.8,245.6
2015-01-31 01:20:00,2596800.0,952.41,-1.15,275.83,-3.02,87.0,5.61,4.88,0.73,3.2,5.13,1217.37,1.07,1.84,257.2
2015-01-31 01:30:00,2597400.0,952.39,-1.23,275.76,-3.08,87.1,5.58,4.86,0.72,3.18,5.11,1217.7,0.55,1.32,257.0
2015-01-31 01:40:00,2598000.0,952.44,-1.27,275.7,-3.41,85.3,5.56,4.75,0.82,3.11,4.98,1218.03,1.2,1.88,226.3
2015-01-31 01:50:00,2598600.0,952.53,-1.32,275.65,-3.77,83.3,5.54,4.62,0.93,3.02,4.85,1218.43,1.05,1.72,226.7
2015-01-31 02:00:00,2599200.0,952.67,-1.33,275.62,-4.01,81.9,5.54,4.54,1.0,2.97,4.76,1218.7,1.2,1.8,225.9
2015-01-31 02:10:00,2599800.0,952.76,-1.34,275.61,-4.26,80.4,5.54,4.45,1.09,2.91,4.67,1218.88,1.46,2.36,237.4
2015-01-31 02:20:00,2600400.0,952.78,-1.34,275.61,-4.43,79.4,5.54,4.4,1.14,2.87,4.61,1218.95,2.29,3.77,236.8
2015-01-31 02:30:00,2601000.0,952.85,-1.41,275.53,-4.56,79.0,5.51,4.35,1.16,2.85,4.57,1219.35,2.58,3.37,240.3
2015-01-31 02:40:00,2601600.0,952.9,-1.36,275.58,-4.65,78.2,5.53,4.32,1.2,2.83,4.54,1219.22,2.46,3.12,236.1
2015-01-31 02:50:00,2602200.0,952.91,-1.38,275.56,-4.76,77.6,5.52,4.28,1.24,2.8,4.5,1219.32,2.54,4.61,224.8
2015-01-31 03:00:00,2602800.0,952.94,-1.25,275.69,-4.77,76.8,5.57,4.28,1.29,2.8,4.49,1218.78,2.54,4.57,223.9
2015-01-31 03:10:00,2603400.0,952.92,-1.08,275.86,-4.77,75.9,5.64,4.28,1.36,2.8,4.5,1218.0,2.89,4.81,223.0
2015-01-31 03:20:00,2604000.0,952.82,-1.0,275.95,-4.83,75.1,5.68,4.26,1.41,2.79,4.47,1217.53,2.98,4.85,226.1
2015-01-31 03:30:00,2604600.0,952.79,-0.92,276.03,-4.93,74.1,5.71,4.23,1.48,2.77,4.44,1217.16,3.8,6.69,221.5
2015-01-31 03:40:00,2605200.0,952.82,-0.75,276.2,-5.02,72.7,5.78,4.2,1.58,2.75,4.41,1216.46,3.91,5.55,224.4
2015-01-31 03:50:00,2605800.0,952.91,-0.83,276.11,-5.06,72.9,5.75,4.19,1.56,2.74,4.4,1216.94,3.13,4.69,222.1
2015-01-31 04:00:00,2606400.0,952.95,-0.87,276.07,-5.09,72.9,5.73,4.18,1.55,2.73,4.38,1217.16,3.39,4.57,221.4
2015-01-31 04:10:00,2607000.0,953.02,-0.91,276.03,-5.11,73.0,5.72,4.17,1.54,2.73,4.38,1217.41,2.42,3.65,220.8
2015-01-31 04:20:00,2607600.0,953.02,-0.99,275.94,-5.16,73.2,5.68,4.16,1.52,2.72,4.36,1217.8,1.63,2.56,227.1
2015-01-31 04:30:00,2608200.0,953.0,-1.18,275.75,-5.21,73.9,5.6,4.14,1.46,2.71,4.34,1218.62,1.84,3.08,218.8
2015-01-31 04:40:00,2608800.0,952.93,-1.5,275.43,-5.3,75.2,5.47,4.11,1.36,2.69,4.32,1219.99,2.08,2.58,216.2
2015-01-31 04:50:00,2609400.0,952.94,-1.8,275.13,-5.52,75.6,5.35,4.04,1.31,2.64,4.24,1221.39,2.32,2.68,218.7
2015-01-31 05:00:00,2610000.0,952.97,-1.88,275.04,-5.53,76.0,5.32,4.04,1.28,2.64,4.24,1221.8,2.89,3.29,214.0
2015-01-31 05:10:00,2610600.0,953.0,-1.78,275.15,-5.53,75.4,5.36,4.04,1.32,2.64,4.24,1221.35,3.11,3.61,212.2
2015-01-31 05:20:00,2611200.0,952.94,-1.78,275.14,-5.48,75.7,5.36,4.06,1.3,2.65,4.26,1221.31,2.78,3.21,212.9
2015-01-31 05:30:00,2611800.0,952.94,-1.86,275.06,-5.44,76.4,5.33,4.07,1.26,2.66,4.27,1221.66,2.98,3.37,210.1
2015-01-31 05:40:00,2612400.0,952.91,-1.97,274.96,-5.41,77.2,5.28,4.08,1.2,2.67,4.28,1222.1,3.11,3.85,204.5
2015-01-31 05:50:00,2613000.0,952.9,-1.85,275.08,-5.35,76.8,5.33,4.1,1.24,2.68,4.3,1221.51,2.58,3.09,207.4
2015-01-31 06:00:00,2613600.0,952.91,-1.62,275.31,-5.22,76.3,5.42,4.14,1.28,2.7,4.34,1220.51,2.2,3.0,207.7
2015-01-31 06:10:00,2614200.0,952.96,-1.46,275.47,-5.06,76.3,5.49,4.19,1.3,2.74,4.39,1219.79,1.87,2.64,201.3
2015-01-31 06:20:00,2614800.0,952.96,-1.43,275.5,-4.89,77.2,5.5,4.24,1.25,2.78,4.45,1219.66,1.91,2.56,189.0
2015-01-31 06:30:00,2615400.0,952.95,-1.63,275.3,-4.66,79.7,5.42,4.32,1.1,2.82,4.53,1220.5,1.96,3.11,185.1
2015-01-31 06:40:00,2616000.0,952.95,-1.65,275.28,-4.54,80.5,5.41,4.36,1.06,2.85,4.57,1220.55,1.96,2.68,179.4
2015-01-31 06:50:00,2616600.0,952.95,-1.7,275.23,-4.56,80.7,5.39,4.35,1.04,2.84,4.57,1220.79,2.11,3.21,186.9
2015-01-31 07:00:00,2617200.0,952.98,-1.68,275.25,-4.46,81.2,5.4,4.38,1.01,2.87,4.6,1220.73,2.08,2.92,180.4
2015-01-31 07:10:00,2617800.0,953.0,-1.66,275.26,-4.22,82.6,5.41,4.47,0.94,2.92,4.69,1220.63,2.01,3.41,175.1
2015-01-31 07:20:00,2618400.0,952.87,-1.67,275.26,-3.88,84.8,5.4,4.58,0.82,3.0,4.81,1220.45,1.92,3.25,175.0
2015-01-31 07:30:00,2619000.0,952.81,-1.7,275.24,-3.62,86.7,5.39,4.67,0.72,3.06,4.9,1220.47,2.31,3.65,160.4
2015-01-31 07:40:00,2619600.0,952.84,-1.68,275.26,-3.44,87.7,5.4,4.73,0.66,3.1,4.97,1220.38,2.57,3.61,171.5
2015-01-31 07:50:00,2620200.0,952.84,-1.67,275.27,-3.34,88.3,5.4,4.77,0.63,3.12,5.01,1220.32,2.97,4.33,173.6
2015-01-31 08:00:00,2620800.0,952.91,-1.64,275.3,-3.17,89.2,5.42,4.83,0.58,3.16,5.07,1220.22,2.2,3.16,183.7
2015-01-31 08:10:00,2621400.0,952.97,-1.65,275.28,-3.05,90.1,5.41,4.87,0.54,3.19,5.12,1220.34,1.94,2.72,184.2
2015-01-31 08:20:00,2622000.0,953.03,-1.65,275.27,-2.89,91.2,5.41,4.94,0.48,3.23,5.18,1220.38,1.86,2.56,186.1
2015-01-31 08:30:00,2622600.0,953.12,-1.56,275.36,-2.71,91.8,5.45,5.0,0.45,3.27,5.25,1220.06,1.81,2.6,182.9
2015-01-31 08:40:00,2623200.0,953.13,-1.5,275.41,-2.57,92.4,5.47,5.05,0.42,3.3,5.3,1219.81,2.19,3.12,174.7
2015-01-31 08:50:00,2623800.0,953.18,-1.43,275.48,-2.35,93.4,5.5,5.14,0.36,3.36,5.39,1219.51,1.94,2.92,169.7
2015-01-31 09:00:00,2624400.0,953.22,-1.22,275.69,-2.07,93.9,5.58,5.24,0.34,3.43,5.5,1218.57,2.96,5.61,193.7
2015-01-31 09:10:00,2625000.0,953.19,-0.93,275.99,-1.88,93.2,5.71,5.32,0.39,3.48,5.58,1217.16,4.02,6.01,203.5
2015-01-31 09:20:00,2625600.0,953.25,-0.75,276.16,-1.87,92.1,5.78,5.32,0.46,3.48,5.59,1216.46,3.8,5.49,200.4
2015-01-31 09:30:00,2626200.0,953.28,-0.71,276.2,-1.8,92.3,5.8,5.35,0.45,3.5,5.61,1216.3,4.17,6.53,197.5
2015-01-31 09:40:00,2626800.0,953.3,-0.59,276.33,-1.7,92.1,5.85,5.39,0.46,3.52,5.65,1215.75,2.97,4.65,213.0
2015-01-31 09:50:00,2627400.0,953.4,-0.32,276.59,-1.57,91.2,5.97,5.44,0.53,3.56,5.71,1214.67,1.37,2.96,236.8
2015-01-31 10:00:00,2628000.0,953.49,-0.05,276.86,-1.59,89.3,6.09,5.44,0.65,3.55,5.7,1213.57,2.27,4.69,237.2
2015-01-31 10:10:00,2628600.0,953.56,0.3,277.2,-1.65,86.7,6.24,5.41,0.83,3.54,5.67,1212.16,3.56,6.45,237.7
2015-01-31 10:20:00,2629200.0,953.75,0.57,277.46,-1.62,85.2,6.37,5.42,0.94,3.54,5.69,1211.19,2.6,4.49,233.8
2015-01-31 10:30:00,2629800.0,953.9,0.74,277.63,-1.49,84.9,6.45,5.47,0.97,3.58,5.74,1210.57,3.11,5.61,233.0
2015-01-31 10:40:00,2630400.0,954.06,0.86,277.73,-1.34,85.2,6.5,5.54,0.96,3.62,5.8,1210.25,2.91,5.97,234.3
2015-01-31 10:50:00,2631000.0,954.27,1.02,277.87,-1.24,84.8,6.58,5.58,1.0,3.64,5.84,1209.8,3.68,7.17,241.9
2015-01-31 11:00:00,2631600.0,954.42,1.13,277.97,-1.22,84.3,6.63,5.59,1.04,3.65,5.85,1209.5,3.0,4.81,236.6
2015-01-31 11:10:00,2632200.0,954.57,1.34,278.17,-1.17,83.3,6.73,5.61,1.12,3.66,5.87,1208.74,3.15,5.65,235.7
2015-01-31 11:20:00,2632800.0,954.71,1.65,278.48,-1.08,82.0,6.88,5.64,1.24,3.69,5.91,1207.52,3.24,5.57,238.6
2015-01-31 11:30:00,2633400.0,954.83,2.1,278.92,-1.03,79.7,7.11,5.67,1.44,3.7,5.93,1205.7,4.08,6.29,238.5
2015-01-31 11:40:00,2634000.0,954.84,2.22,279.05,-1.03,79.0,7.17,5.67,1.51,3.7,5.93,1205.17,3.6,6.29,236.7
2015-01-31 11:50:00,2634600.0,954.8,2.7,279.53,-0.86,77.3,7.42,5.74,1.68,3.75,6.01,1203.0,3.5,7.23,239.4
2015-01-31 12:00:00,2635200.0,954.88,2.66,279.49,-1.06,76.4,7.4,5.65,1.75,3.69,5.92,1203.31,3.95,7.45,234.2
2015-01-31 12:10:00,2635800.0,954.94,2.3,279.12,-1.26,77.2,7.21,5.57,1.64,3.63,5.83,1205.0,4.19,6.93,240.5
2015-01-31 12:20:00,2636400.0,955.03,2.3,279.11,-1.16,77.8,7.21,5.61,1.6,3.66,5.87,1205.11,2.42,4.73,242.2
2015-01-31 12:30:00,2637000.0,955.18,2.36,279.15,-1.26,76.9,7.24,5.57,1.67,3.63,5.83,1205.06,2.64,4.93,232.1
2015-01-31 12:40:00,2637600.0,955.32,2.38,279.16,-1.29,76.6,7.25,5.56,1.7,3.62,5.81,1205.15,2.81,6.53,232.2
2015-01-31 12:50:00,2638200.0,955.49,2.81,279.58,-1.18,74.9,7.48,5.6,1.88,3.65,5.86,1203.47,1.91,4.73,218.2
2015-01-31 13:00:00,2638800.0,955.65,2.79,279.55,-1.4,73.8,7.47,5.51,1.96,3.59,5.77,1203.79,2.46,5.29,216.2
2015-01-31 13:10:00,2639400.0,955.74,2.69,279.45,-1.47,73.9,7.42,5.48,1.94,3.58,5.74,1204.33,1.99,3.61,206.1
2015-01-31 13:20:00,2640000.0,955.82,2.62,279.36,-1.57,73.8,7.38,5.44,1.93,3.55,5.7,1204.79,3.18,5.93,229.9
2015-01-31 13:30:00,2640600.0,955.9,2.58,279.32,-1.62,73.7,7.36,5.42,1.94,3.54,5.67,1205.05,2.04,4.33,247.7
2015-01-31 13:40:00,2641200.0,955.98,2.41,279.14,-1.64,74.5,7.27,5.42,1.85,3.53,5.67,1205.9,3.24,5.39,243.9
2015-01-31 13:50:00,2641800.0,956.04,2.17,278.9,-1.42,77.0,7.15,5.5,1.64,3.59,5.76,1206.98,2.1,4.17,231.7
2015-01-31 14:00:00,2642400.0,956.08,2.09,278.81,-1.2,78.7,7.11,5.59,1.51,3.65,5.85,1207.35,1.0,3.28,224.4
2015-01-31 14:10:00,2643000.0,956.12,2.19,278.91,-1.28,77.7,7.16,5.56,1.6,3.63,5.82,1206.97,1.04,2.22,211.6
2015-01-31 14:20:00,2643600.0,956.22,2.29,279.0,-1.4,76.5,7.21,5.51,1.69,3.59,5.77,1206.69,1.5,2.72,209.0
2015-01-31 14:30:00,2644200.0,956.31,2.31,279.01,-1.61,75.2,7.22,5.43,1.79,3.54,5.68,1206.75,2.88,4.57,228.0
2015-01-31 14:40:00,2644800.0,956.37,2.32,279.02,-1.83,73.9,7.22,5.34,1.88,3.48,5.58,1206.84,2.79,4.65,231.4
2015-01-31 14:50:00,2645400.0,956.51,2.4,279.08,-1.94,72.9,7.26,5.29,1.97,3.45,5.53,1206.69,1.58,3.24,225.8
2015-01-31 15:00:00,2646000.0,956.56,2.41,279.09,-2.07,72.2,7.27,5.25,2.02,3.42,5.48,1206.74,2.28,3.85,235.0
2015-01-31 15:10:00,2646600.0,956.65,2.58,279.26,-1.93,72.0,7.36,5.3,2.06,3.45,5.54,1206.06,1.24,3.49,225.7
2015-01-31 15:20:00,2647200.0,956.72,2.66,279.34,-1.99,71.3,7.4,5.28,2.12,3.44,5.52,1205.81,1.92,3.18,242.9
2015-01-31 15:30:00,2647800.0,956.79,2.66,279.32,-2.05,71.0,7.4,5.25,2.15,3.42,5.49,1205.93,1.63,3.65,258.7
2015-01-31 15:40:00,2648400.0,956.84,2.63,279.29,-2.19,70.4,7.38,5.2,2.19,3.39,5.43,1206.14,1.65,4.53,234.9
2015-01-31 15:50:00,2649000.0,956.93,2.71,279.37,-2.17,70.1,7.43,5.21,2.22,3.39,5.44,1205.88,1.77,3.59,194.8
2015-01-31 16:00:00,2649600.0,956.98,2.47,279.11,-2.33,70.5,7.3,5.14,2.15,3.35,5.38,1207.06,1.9,3.24,205.0
2015-01-31 16:10:00,2650200.0,957.04,2.34,278.98,-2.4,70.8,7.23,5.12,2.11,3.33,5.35,1207.71,2.37,3.81,204.0
2015-01-31 16:20:00,2650800.0,957.08,2.16,278.8,-2.49,71.2,7.14,5.08,2.06,3.31,5.31,1208.54,2.18,3.99,202.4
2015-01-31 16:30:00,2651400.0,957.19,2.05,278.68,-2.67,70.8,7.08,5.02,2.07,3.27,5.24,1209.2,2.87,4.21,207.3
2015-01-31 16:40:00,2652000.0,957.34,1.91,278.52,-2.88,70.4,7.01,4.94,2.08,3.21,5.16,1210.06,3.23,4.81,206.3
2015-01-31 16:50:00,2652600.0,957.45,1.8,278.4,-2.99,70.4,6.96,4.9,2.06,3.19,5.12,1210.69,3.21,4.41,204.5
2015-01-31 17:00:00,2653200.0,957.48,1.64,278.24,-3.07,70.8,6.88,4.87,2.01,3.17,5.09,1211.46,3.61,5.05,204.6
2015-01-31 17:10:00,2653800.0,957.6,1.43,278.01,-3.07,71.9,6.77,4.87,1.9,3.17,5.09,1212.55,2.23,4.49,209.4
2015-01-31 17:20:00,2654400.0,957.71,1.25,277.82,-3.09,72.7,6.69,4.86,1.83,3.16,5.07,1213.49,1.46,2.12,202.4
2015-01-31 17:30:00,2655000.0,957.85,1.21,277.77,-3.05,73.1,6.67,4.87,1.79,3.17,5.09,1213.83,1.49,2.4,202.4
2015-01-31 17:40:00,2655600.0,957.99,1.06,277.6,-3.05,73.9,6.6,4.87,1.72,3.17,5.09,1214.67,1.88,2.68,202.1
2015-01-31 17:50:00,2656200.0,958.11,1.0,277.53,-3.02,74.4,6.57,4.89,1.68,3.18,5.1,1215.09,1.89,2.38,197.4
2015-01-31 18:00:00,2656800.0,958.28,0.96,277.48,-2.99,74.8,6.55,4.9,1.65,3.19,5.11,1215.47,1.62,2.28,209.6
2015-01-31 18:10:00,2657400.0,958.4,0.94,277.45,-3.0,74.8,6.54,4.89,1.65,3.18,5.1,1215.7,1.22,1.86,218.7
2015-01-31 18:20:00,2658000.0,958.42,0.81,277.31,-3.03,75.4,6.48,4.88,1.59,3.18,5.1,1216.33,2.02,2.72,213.1
2015-01-31 18:30:00,2658600.0,958.55,0.48,276.98,-3.04,77.1,6.33,4.88,1.45,3.17,5.09,1217.93,2.09,3.85,210.5
2015-01-31 18:40:00,2659200.0,958.69,0.51,276.99,-3.11,76.6,6.34,4.86,1.48,3.16,5.06,1218.01,2.69,3.89,209.0
2015-01-31 18:50:00,2659800.0,958.77,0.44,276.91,-3.14,76.8,6.31,4.84,1.46,3.15,5.05,1218.44,1.91,3.2,224.8
2015-01-31 19:00:00,2660400.0,958.85,0.35,276.81,-3.23,76.8,6.26,4.81,1.45,3.13,5.02,1218.96,1.32,2.16,216.0
2015-01-31 19:10:00,2661000.0,958.9,0.29,276.76,-3.25,77.0,6.24,4.8,1.44,3.12,5.01,1219.26,1.52,2.04,208.7
2015-01-31 19:20:00,2661600.0,958.94,0.18,276.64,-3.37,76.9,6.19,4.76,1.43,3.09,4.96,1219.83,1.73,2.48,216.8
2015-01-31 19:30:00,2662200.0,959.03,0.01,276.46,-3.43,77.5,6.11,4.74,1.38,3.08,4.94,1220.7,2.13,3.24,226.1
2015-01-31 19:40:00,2662800.0,959.07,-0.02,276.43,-3.39,77.9,6.1,4.75,1.35,3.09,4.95,1220.89,2.28,3.12,227.5
2015-01-31 19:50:00,2663400.0,959.27,-0.07,276.36,-3.38,78.3,6.08,4.76,1.32,3.09,4.96,1221.38,1.97,3.12,231.5
2015-01-31 20:00:00,2664000.0,959.43,-0.02,276.4,-3.29,78.5,6.1,4.79,1.31,3.11,4.99,1221.32,2.13,3.45,233.6
2015-01-31 20:10:00,2664600.0,959.52,0.09,276.5,-3.23,78.2,6.15,4.81,1.34,3.12,5.01,1220.95,2.02,2.84,222.0
2015-01-31 20:20:00,2665200.0,959.55,0.09,276.5,-3.23,78.2,6.15,4.81,1.34,3.12,5.01,1220.97,1.01,2.84,217.3
2015-01-31 20:30:00,2665800.0,959.56,0.03,276.43,-3.25,78.5,6.12,4.8,1.32,3.12,5.01,1221.29,1.11,1.72,223.7
2015-01-31 20:40:00,2666400.0,959.64,-0.06,276.34,-3.23,79.1,6.08,4.81,1.27,3.12,5.01,1221.76,2.21,3.73,233.1
2015-01-31 20:50:00,2667000.0,959.65,-0.12,276.27,-3.29,79.1,6.05,4.79,1.27,3.11,4.99,1222.08,2.85,4.01,224.2
2015-01-31 21:00:00,2667600.0,959.65,-0.22,276.18,-3.28,79.7,6.01,4.79,1.22,3.11,4.99,1222.5,2.73,3.77,225.2
2015-01-31 21:10:00,2668200.0,959.65,-0.29,276.1,-3.32,79.9,5.98,4.78,1.2,3.1,4.98,1222.85,3.04,4.09,225.3
2015-01-31 21:20:00,2668800.0,959.66,-0.27,276.12,-3.3,79.9,5.99,4.78,1.2,3.11,4.99,1222.76,2.81,3.89,226.1
2015-01-31 21:30:00,2669400.0,959.66,-0.38,276.02,-3.32,80.4,5.94,4.78,1.16,3.1,4.98,1223.23,2.66,3.53,223.7
2015-01-31 21:40:00,2670000.0,959.75,-0.34,276.04,-3.25,80.6,5.96,4.8,1.16,3.12,5.0,1223.18,2.91,3.69,227.5
2015-01-31 21:50:00,2670600.0,959.88,-0.19,276.19,-3.2,80.0,6.02,4.82,1.2,3.13,5.02,1222.66,3.82,5.29,232.3
2015-01-31 22:00:00,2671200.0,959.91,-0.26,276.11,-3.31,79.8,5.99,4.78,1.21,3.1,4.98,1223.05,3.6,4.65,222.9
2015-01-31 22:10:00,2671800.0,960.01,-0.37,275.99,-3.3,80.5,5.94,4.79,1.16,3.11,4.99,1223.65,3.39,4.29,227.6
2015-01-31 22:20:00,2672400.0,960.07,-0.36,276.0,-3.29,80.5,5.95,4.79,1.16,3.11,4.99,1223.67,3.13,4.53,224.5
2015-01-31 22:30:00,2673000.0,960.18,-0.49,275.85,-3.35,80.9,5.89,4.77,1.13,3.09,4.96,1224.43,3.05,3.65,219.3
2015-01-31 22:40:00,2673600.0,960.2,-0.4,275.95,-3.27,80.8,5.93,4.79,1.14,3.11,4.99,1224.01,3.01,3.57,226.7
2015-01-31 22:50:00,2674200.0,960.16,-0.48,275.87,-3.4,80.5,5.9,4.75,1.15,3.08,4.95,1224.33,2.88,3.65,215.8
2015-01-31 23:00:00,2674800.0,960.16,-1.06,275.28,-3.6,82.8,5.65,4.68,0.97,3.04,4.87,1227.0,2.6,3.41,213.1
2015-01-31 23:10:00,2675400.0,960.23,-1.33,275.01,-3.57,84.6,5.54,4.69,0.85,3.04,4.88,1228.28,2.69,3.16,210.2
2015-01-31 23:20:00,2676000.0,960.29,-1.2,275.13,-3.55,84.0,5.59,4.7,0.89,3.05,4.89,1227.8,2.65,3.04,219.4
2015-01-31 23:30:00,2676600.0,960.28,-1.36,274.97,-3.68,84.1,5.53,4.65,0.88,3.02,4.84,1228.5,2.57,3.08,223.6
2015-01-31 23:40:00,2677200.0,960.3,-1.27,275.06,-3.54,84.4,5.57,4.7,0.87,3.05,4.89,1228.1,2.4,3.0,230.4
2015-01-31 23:50:00,2677800.0,960.36,-1.21,275.12,-3.61,83.6,5.59,4.67,0.92,3.03,4.87,1227.91,1.52,2.4,224.7
2015-02-01 00:00:00,2678400.0,960.43,-1.24,275.08,-3.58,84.0,5.58,4.69,0.89,3.04,4.88,1228.14,0.87,2.0,203.2
2015-02-01 00:10:00,2679000.0,960.37,-1.34,274.99,-3.41,85.7,5.54,4.75,0.79,3.08,4.94,1228.48,1.26,1.88,162.1
2015-02-01 00:20:00,2679600.0,960.45,-1.46,274.85,-3.41,86.5,5.49,4.75,0.74,3.08,4.94,1229.15,1.07,1.92,180.3
2015-02-01 00:30:00,2680200.0,960.47,-1.64,274.68,-3.46,87.3,5.42,4.73,0.69,3.07,4.92,1229.97,1.41,2.12,203.7
2015-02-01 00:40:00,2680800.0,960.54,-1.53,274.77,-3.39,87.1,5.46,4.75,0.7,3.08,4.95,1229.59,1.12,1.96,204.2
2015-02-01 00:50:00,2681400.0,960.53,-1.47,274.84,-3.37,86.8,5.49,4.76,0.72,3.09,4.96,1229.26,1.14,1.84,187.8
2015-02-01 01:00:00,2682000.0,960.57,-1.4,274.91,-3.31,86.7,5.51,4.78,0.73,3.1,4.98,1229.0,0.78,1.64,332.6
2015-02-01 01:10:00,2682600.0,960.61,-1.23,275.08,-3.19,86.4,5.58,4.82,0.76,3.13,5.02,1228.26,0.96,1.4,191.7
2015-02-01 01:20:00,2683200.0,960.56,-1.26,275.04,-3.25,86.3,5.57,4.8,0.76,3.12,5.0,1228.37,1.13,1.48,235.8
2015-02-01 01:30:00,2683800.0,960.56,-1.23,275.08,-3.23,86.2,5.58,4.81,0.77,3.12,5.01,1228.2,0.8,1.44,223.0
2015-02-01 01:40:00,2684400.0,960.55,-1.08,275.23,-3.14,85.8,5.64,4.84,0.8,3.14,5.04,1227.49,0.45,0.9,221.0
2015-02-01 01:50:00,2685000.0,960.58,-0.85,275.47,-3.07,84.8,5.74,4.87,0.87,3.16,5.07,1226.47,0.6,1.56,144.2
2015-02-01 02:00:00,2685600.0,960.58,-1.06,275.24,-3.24,85.1,5.65,4.81,0.84,3.12,5.01,1227.49,0.88,1.26,184.8
2015-02-01 02:10:00,2686200.0,960.55,-1.23,275.08,-3.26,86.0,5.58,4.8,0.78,3.11,5.0,1228.22,0.98,1.44,197.9
2015-02-01 02:20:00,2686800.0,960.64,-1.15,275.15,-3.09,86.6,5.61,4.86,0.75,3.15,5.06,1227.93,0.78,1.76,135.8
2015-02-01 02:30:00,2687400.0,960.75,-1.1,275.19,-2.98,87.0,5.63,4.9,0.73,3.18,5.1,1227.84,0.79,1.8,139.0
2015-02-01 02:40:00,2688000.0,960.74,-1.06,275.23,-2.88,87.4,5.65,4.94,0.71,3.2,5.14,1227.63,0.56,1.32,107.4
2015-02-01 02:50:00,2688600.0,960.66,-1.05,275.26,-2.91,87.1,5.66,4.93,0.73,3.2,5.13,1227.45,0.57,1.24,225.2
2015-02-01 03:00:00,2689200.0,960.66,-1.24,275.06,-3.05,87.4,5.58,4.88,0.7,3.16,5.07,1228.34,0.58,1.4,208.9
2015-02-01 03:10:00,2689800.0,960.74,-1.33,274.96,-3.06,87.9,5.54,4.87,0.67,3.16,5.07,1228.85,0.59,1.12,184.9
2015-02-01 03:20:00,2690400.0,960.76,-1.35,274.94,-3.05,88.1,5.53,4.87,0.66,3.16,5.07,1228.97,0.93,1.84,195.6
2015-02-01 03:30:00,2691000.0,960.78,-1.57,274.71,-3.15,88.9,5.44,4.84,0.6,3.14,5.03,1230.04,1.41,1.88,215.3
2015-02-01 03:40:00,2691600.0,960.73,-1.65,274.63,-3.04,90.2,5.41,4.88,0.53,3.16,5.08,1230.32,0.71,1.56,208.5
2015-02-01 03:50:00,2692200.0,960.75,-1.46,274.83,-2.87,90.0,5.49,4.94,0.55,3.2,5.14,1229.42,0.44,1.16,352.0
2015-02-01 04:00:00,2692800.0,960.76,-1.27,275.02,-2.77,89.5,5.56,4.98,0.58,3.23,5.18,1228.57,0.46,1.08,240.8
2015-02-01 04:10:00,2693400.0,960.85,-1.21,275.08,-2.78,89.0,5.59,4.98,0.61,3.23,5.18,1228.41,1.16,1.64,224.3
2015-02-01 04:20:00,2694000.0,960.82,-1.15,275.13,-2.77,88.7,5.61,4.98,0.63,3.23,5.18,1228.12,1.16,1.56,214.3
2015-02-01 04:30:00,2694600.0,960.88,-1.06,275.23,-2.72,88.4,5.65,5.0,0.66,3.24,5.2,1227.74,0.97,1.92,214.7
2015-02-01 04:40:00,2695200.0,960.96,-1.02,275.26,-2.71,88.2,5.67,5.0,0.67,3.24,5.2,1227.67,0.66,1.52,167.7
2015-02-01 04:50:00,2695800.0,961.01,-0.92,275.36,-2.67,87.8,5.71,5.01,0.7,3.25,5.22,1227.28,0.43,0.84,194.6
2015-02-01 05:00:00,2696400.0,961.01,-1.11,275.16,-2.77,88.4,5.63,4.98,0.65,3.23,5.18,1228.17,0.55,1.06,169.5
2015-02-01 05:10:00,2697000.0,961.0,-1.23,275.04,-2.79,89.1,5.58,4.97,0.61,3.22,5.17,1228.72,0.58,1.04,136.2
2015-02-01 05:20:00,2697600.0,961.08,-1.37,274.9,-2.8,89.9,5.53,4.97,0.56,3.22,5.17,1229.42,0.69,1.2,161.4
2015-02-01 05:30:00,2698200.0,961.15,-1.57,274.68,-2.89,90.7,5.44,4.94,0.51,3.2,5.13,1230.47,0.75,1.32,159.4
2015-02-01 05:40:00,2698800.0,961.25,-1.72,274.53,-2.87,91.8,5.38,4.94,0.44,3.2,5.14,1231.24,0.67,1.2,32.18
2015-02-01 05:50:00,2699400.0,961.3,-1.79,274.45,-2.88,92.2,5.35,4.94,0.42,3.2,5.13,1231.65,0.61,1.32,116.8
2015-02-01 06:00:00,2700000.0,961.37,-2.08,274.15,-3.11,92.6,5.24,4.85,0.39,3.15,5.05,1233.09,0.81,1.2,216.8
2015-02-01 06:10:00,2700600.0,961.41,-2.17,274.06,-3.08,93.4,5.21,4.86,0.34,3.15,5.06,1233.52,1.04,1.88,204.4
2015-02-01 06:20:00,2701200.0,961.48,-2.1,274.12,-2.96,93.8,5.23,4.91,0.32,3.18,5.1,1233.3,1.22,1.88,226.3
2015-02-01 06:30:00,2701800.0,961.54,-2.07,274.15,-3.0,93.3,5.24,4.89,0.35,3.17,5.09,1233.24,0.69,1.44,151.5
2015-02-01 06:40:00,2702400.0,961.59,-2.1,274.12,-3.03,93.3,5.23,4.88,0.35,3.16,5.08,1233.43,1.14,2.32,143.3
2015-02-01 06:50:00,2703000.0,961.69,-2.16,274.04,-3.08,93.4,5.21,4.87,0.34,3.15,5.06,1233.86,0.53,1.08,191.4
2015-02-01 07:00:00,2703600.0,961.76,-2.27,273.92,-3.17,93.5,5.17,4.83,0.34,3.13,5.02,1234.48,0.64,1.52,164.8
2015-02-01 07:10:00,2704200.0,961.91,-2.43,273.76,-3.36,93.3,5.11,4.76,0.34,3.09,4.95,1235.41,0.76,1.44,207.1
2015-02-01 07:20:00,2704800.0,962.01,-2.45,273.72,-3.35,93.5,5.1,4.77,0.33,3.09,4.95,1235.65,0.56,1.08,276.0
2015-02-01 07:30:00,2705400.0,962.04,-2.46,273.71,-3.29,94.0,5.09,4.79,0.31,3.1,4.98,1235.73,0.54,1.1,201.4
2015-02-01 07:40:00,2706000.0,962.09,-2.47,273.7,-3.25,94.3,5.09,4.8,0.29,3.11,4.99,1235.8,0.44,1.12,98.7
2015-02-01 07:50:00,2706600.0,962.06,-2.37,273.8,-3.14,94.4,5.13,4.84,0.29,3.14,5.03,1235.29,0.3,0.68,117.2
2015-02-01 08:00:00,2707200.0,962.18,-2.49,273.67,-3.29,94.2,5.08,4.79,0.29,3.1,4.98,1236.04,0.28,0.66,328.2
2015-02-01 08:10:00,2707800.0,962.35,-2.58,273.56,-3.37,94.3,5.05,4.76,0.29,3.08,4.95,1236.68,0.44,0.74,142.9
2015-02-01 08:20:00,2708400.0,962.53,-2.68,273.45,-3.5,94.0,5.01,4.71,0.3,3.05,4.9,1237.37,0.46,1.08,17.7
2015-02-01 08:30:00,2709000.0,962.65,-2.8,273.32,-3.59,94.2,4.97,4.68,0.29,3.03,4.86,1238.09,0.63,0.88,21.33
2015-02-01 08:40:00,2709600.0,962.79,-2.78,273.33,-3.53,94.5,4.98,4.7,0.27,3.04,4.88,1238.16,0.47,1.04,223.6
2015-02-01 08:50:00,2710200.0,962.9,-2.71,273.4,-3.45,94.6,5.0,4.73,0.27,3.06,4.91,1237.96,0.55,1.04,182.2
2015-02-01 09:00:00,2710800.0,962.97,-2.6,273.5,-3.38,94.3,5.04,4.76,0.29,3.08,4.94,1237.55,0.39,0.8,227.8
2015-02-01 09:10:00,2711400.0,962.98,-2.53,273.56,-3.4,93.7,5.07,4.75,0.32,3.07,4.93,1237.26,0.71,1.24,226.1
2015-02-01 09:20:00,2712000.0,963.03,-2.59,273.5,-3.5,93.4,5.04,4.71,0.33,3.05,4.89,1237.63,1.14,1.68,215.3
2015-02-01 09:30:00,2712600.0,963.03,-2.54,273.55,-3.4,93.8,5.06,4.75,0.31,3.07,4.93,1237.38,0.68,1.28,217.9
2015-02-01 09:40:00,2713200.0,963.1,-2.36,273.72,-3.19,94.0,5.13,4.82,0.31,3.12,5.01,1236.61,0.58,1.32,189.8
2015-02-01 09:50:00,2713800.0,963.2,-2.11,273.97,-3.09,93.0,5.23,4.86,0.37,3.15,5.05,1235.59,0.59,1.4,161.1
2015-02-01 10:00:00,2714400.0,963.28,-1.94,274.14,-2.97,92.6,5.3,4.91,0.39,3.17,5.09,1234.86,0.31,0.76,79.7
2015-02-01 10:10:00,2715000.0,963.41,-1.69,274.38,-2.89,91.5,5.39,4.94,0.46,3.19,5.12,1233.9,0.36,0.92,37.19
2015-02-01 10:20:00,2715600.0,963.5,-1.78,274.28,-2.97,91.5,5.36,4.9,0.46,3.17,5.09,1234.42,0.76,1.24,37.9
2015-02-01 10:30:00,2716200.0,963.51,-1.82,274.24,-2.93,92.1,5.34,4.92,0.42,3.18,5.11,1234.62,0.44,0.72,8.45
2015-02-01 10:40:00,2716800.0,963.58,-1.68,274.37,-2.75,92.4,5.4,4.99,0.41,3.23,5.18,1234.05,0.27,0.62,210.1
2015-02-01 10:50:00,2717400.0,963.63,-1.29,274.77,-2.47,91.6,5.56,5.09,0.47,3.29,5.28,1232.26,0.18,0.44,53.6
2015-02-01 11:00:00,2718000.0,963.67,-1.16,274.9,-2.64,89.6,5.61,5.03,0.58,3.25,5.22,1231.76,0.38,0.96,11.48
2015-02-01 11:10:00,2718600.0,963.81,-1.22,274.83,-2.86,88.5,5.59,4.94,0.64,3.2,5.13,1232.24,0.65,1.02,20.04
2015-02-01 11:20:00,2719200.0,963.84,-1.09,274.95,-2.72,88.6,5.64,5.0,0.64,3.23,5.18,1231.69,0.96,1.32,14.07
2015-02-01 11:30:00,2719800.0,963.93,-0.95,275.08,-2.56,88.8,5.7,5.06,0.64,3.27,5.25,1231.15,0.87,1.84,4.16
2015-02-01 11:40:00,2720400.0,963.99,-0.64,275.4,-2.32,88.3,5.83,5.15,0.68,3.33,5.34,1229.75,0.75,1.2,119.7
2015-02-01 11:50:00,2721000.0,964.07,-0.56,275.47,-2.43,87.1,5.86,5.11,0.76,3.3,5.3,1229.55,0.33,0.8,34.74
2015-02-01 12:00:00,2721600.0,964.07,-0.41,275.62,-2.28,87.1,5.93,5.16,0.76,3.34,5.36,1228.81,0.24,0.56,18.88
2015-02-01 12:10:00,2722200.0,964.07,-0.28,275.75,-2.28,86.3,5.98,5.16,0.82,3.34,5.36,1228.26,0.64,0.98,212.5
2015-02-01 12:20:00,2722800.0,964.07,-0.33,275.7,-2.2,87.1,5.96,5.19,0.77,3.36,5.39,1228.46,0.42,0.82,195.0
2015-02-01 12:30:00,2723400.0,964.07,-0.27,275.76,-2.22,86.6,5.99,5.19,0.8,3.35,5.38,1228.2,0.59,0.96,227.1
2015-02-01 12:40:00,2724000.0,964.07,0.06,276.09,-1.99,86.0,6.13,5.27,0.86,3.41,5.47,1226.67,0.25,0.72,205.3
2015-02-01 12:50:00,2724600.0,964.06,0.73,276.77,-1.81,83.0,6.44,5.35,1.09,3.46,5.54,1223.63,0.2,0.48,111.3
2015-02-01 13:00:00,2725200.0,964.07,0.73,276.77,-2.08,81.4,6.44,5.24,1.2,3.39,5.44,1223.69,0.39,1.0,80.0
2015-02-01 13:10:00,2725800.0,964.13,0.52,276.55,-2.2,81.9,6.34,5.19,1.15,3.36,5.39,1224.73,0.56,0.9,11.55
2015-02-01 13:20:00,2726400.0,964.19,0.4,276.43,-2.27,82.2,6.29,5.17,1.12,3.34,5.36,1225.34,0.59,1.0,14.26
2015-02-01 13:30:00,2727000.0,964.2,0.54,276.56,-2.18,81.9,6.35,5.2,1.15,3.36,5.39,1224.74,0.56,1.16,266.2
2015-02-01 13:40:00,2727600.0,964.23,0.51,276.53,-2.08,82.7,6.34,5.24,1.1,3.39,5.44,1224.89,0.82,1.4,180.4
2015-02-01 13:50:00,2728200.0,964.25,0.68,276.71,-2.03,82.0,6.42,5.26,1.16,3.4,5.46,1224.13,0.48,1.04,137.6
2015-02-01 14:00:00,2728800.0,964.3,1.14,277.17,-1.84,80.4,6.64,5.34,1.3,3.45,5.53,1222.08,0.23,0.64,72.8
2015-02-01 14:10:00,2729400.0,964.35,1.16,277.18,-1.96,79.6,6.64,5.29,1.35,3.42,5.48,1222.12,0.37,0.74,149.3
2015-02-01 14:20:00,2730000.0,964.46,1.04,277.06,-1.97,80.2,6.59,5.28,1.3,3.41,5.48,1222.76,0.7,1.16,163.6
2015-02-01 14:30:00,2730600.0,964.57,0.95,276.95,-2.03,80.4,6.54,5.26,1.28,3.4,5.46,1223.32,0.7,1.32,173.7
2015-02-01 14:40:00,2731200.0,964.68,0.85,276.84,-2.09,80.6,6.5,5.24,1.26,3.38,5.43,1223.92,0.6,0.9,228.3
2015-02-01 14:50:00,2731800.0,964.8,0.91,276.89,-1.99,80.9,6.52,5.28,1.25,3.41,5.47,1223.81,0.34,0.68,320.6
2015-02-01 15:00:00,2732400.0,964.91,1.17,277.15,-1.89,79.9,6.65,5.31,1.34,3.43,5.51,1222.73,0.27,0.56,218.8
2015-02-01 15:10:00,2733000.0,964.93,1.06,277.04,-2.0,79.9,6.6,5.27,1.33,3.41,5.46,1223.27,0.5,0.8,194.4
2015-02-01 15:20:00,2733600.0,964.97,0.99,276.96,-1.92,80.8,6.56,5.3,1.26,3.43,5.5,1223.62,0.63,0.96,201.8
2015-02-01 15:30:00,2734200.0,965.07,0.99,276.96,-1.85,81.2,6.56,5.33,1.23,3.44,5.52,1223.73,0.54,0.88,206.2
2015-02-01 15:40:00,2734800.0,965.19,0.99,276.94,-1.86,81.2,6.56,5.33,1.23,3.44,5.52,1223.92,0.47,0.72,223.2
2015-02-01 15:50:00,2735400.0,965.29,0.96,276.9,-1.85,81.4,6.55,5.33,1.22,3.44,5.52,1224.18,0.66,1.12,211.8
2015-02-01 16:00:00,2736000.0,965.38,0.99,276.93,-1.82,81.4,6.56,5.34,1.22,3.45,5.53,1224.13,0.47,0.8,173.9
2015-02-01 16:10:00,2736600.0,965.39,0.93,276.86,-1.92,81.2,6.53,5.3,1.23,3.42,5.49,1224.45,1.03,1.34,152.7
2015-02-01 16:20:00,2737200.0,965.37,0.84,276.78,-1.93,81.6,6.49,5.3,1.19,3.42,5.49,1224.8,1.08,1.56,144.7
2015-02-01 16:30:00,2737800.0,965.32,0.86,276.8,-1.86,81.9,6.5,5.33,1.18,3.44,5.52,1224.63,0.86,1.44,173.5
2015-02-01 16:40:00,2738400.0,965.36,0.91,276.85,-1.85,81.7,6.53,5.33,1.19,3.44,5.52,1224.47,0.44,1.28,172.1
2015-02-01 16:50:00,2739000.0,965.41,0.83,276.76,-1.93,81.7,6.49,5.3,1.19,3.42,5.49,1224.93,0.44,0.96,176.9
2015-02-01 17:00:00,2739600.0,965.42,0.74,276.67,-1.91,82.4,6.44,5.31,1.13,3.43,5.5,1225.34,0.64,1.24,161.2
2015-02-01 17:10:00,2740200.0,965.53,0.57,276.49,-1.87,83.6,6.37,5.32,1.04,3.44,5.51,1226.21,0.41,1.04,164.3
2015-02-01 17:20:00,2740800.0,965.55,0.6,276.51,-1.85,83.6,6.38,5.33,1.05,3.44,5.52,1226.12,0.35,0.72,180.4
2015-02-01 17:30:00,2741400.0,965.7,0.4,276.3,-2.04,83.6,6.29,5.26,1.03,3.39,5.44,1227.23,0.65,1.36,215.3
2015-02-01 17:40:00,2742000.0,965.83,0.26,276.15,-2.31,82.8,6.22,5.15,1.07,3.32,5.33,1228.09,1.22,1.88,244.0
2015-02-01 17:50:00,2742600.0,965.93,0.26,276.15,-2.56,81.2,6.23,5.06,1.17,3.26,5.23,1228.23,1.32,1.76,256.2
2015-02-01 18:00:00,2743200.0,966.07,0.25,276.13,-2.81,79.8,6.22,4.97,1.26,3.2,5.14,1228.49,1.75,2.16,251.1
2015-02-01 18:10:00,2743800.0,966.15,0.15,276.01,-2.91,79.8,6.17,4.93,1.25,3.18,5.1,1229.1,1.25,2.0,242.3
2015-02-01 18:20:00,2744400.0,966.22,-0.06,275.8,-3.01,80.4,6.08,4.89,1.19,3.15,5.06,1230.11,1.41,2.04,246.4
2015-02-01 18:30:00,2745000.0,966.3,-0.2,275.65,-3.15,80.4,6.02,4.84,1.18,3.12,5.01,1230.9,1.48,1.92,251.7
2015-02-01 18:40:00,2745600.0,966.38,-0.32,275.52,-3.25,80.5,5.97,4.8,1.16,3.1,4.97,1231.55,1.85,2.32,253.0
2015-02-01 18:50:00,2746200.0,966.39,-0.3,275.54,-3.36,79.7,5.97,4.76,1.21,3.07,4.93,1231.5,1.87,2.42,250.1
2015-02-01 19:00:00,2746800.0,966.41,-0.44,275.4,-3.48,79.8,5.92,4.72,1.2,3.04,4.89,1232.15,1.36,2.2,243.8
2015-02-01 19:10:00,2747400.0,966.48,-0.65,275.18,-3.63,80.1,5.83,4.67,1.16,3.01,4.83,1233.23,1.86,2.68,238.4
2015-02-01 19:20:00,2748000.0,966.53,-0.85,274.97,-3.75,80.6,5.74,4.63,1.11,2.98,4.79,1234.24,1.8,2.44,226.0
2015-02-01 19:30:00,2748600.0,966.62,-0.94,274.88,-3.89,80.3,5.7,4.58,1.12,2.95,4.74,1234.78,2.21,2.96,228.2
2015-02-01 19:40:00,2749200.0,966.67,-0.96,274.85,-3.99,79.8,5.69,4.54,1.15,2.93,4.7,1234.94,2.08,2.8,232.4
2015-02-01 19:50:00,2749800.0,966.76,-1.01,274.8,-4.08,79.5,5.67,4.51,1.16,2.91,4.67,1235.28,1.94,2.36,227.4
2015-02-01 20:00:00,2750400.0,966.78,-1.04,274.76,-4.08,79.7,5.66,4.51,1.15,2.91,4.67,1235.46,2.0,2.64,229.9
2015-02-01 20:10:00,2751000.0,966.85,-1.15,274.64,-4.11,80.2,5.61,4.5,1.11,2.9,4.66,1236.07,2.13,2.96,224.4
2015-02-01 20:20:00,2751600.0,966.88,-1.22,274.58,-4.14,80.4,5.59,4.49,1.1,2.89,4.65,1236.4,2.43,3.2,223.3
2015-02-01 20:30:00,2752200.0,966.89,-1.27,274.52,-4.19,80.4,5.57,4.47,1.09,2.88,4.63,1236.65,2.29,3.04,224.2
2015-02-01 20:40:00,2752800.0,966.91,-1.3,274.49,-4.21,80.5,5.55,4.47,1.08,2.88,4.62,1236.85,1.46,2.2,225.7
2015-02-01 20:50:00,2753400.0,967.0,-1.39,274.39,-4.3,80.5,5.51,4.44,1.08,2.86,4.59,1237.39,2.32,3.2,223.2
2015-02-01 21:00:00,2754000.0,967.05,-1.47,274.31,-4.42,80.2,5.48,4.4,1.09,2.83,4.55,1237.81,1.95,2.44,212.2
2015-02-01 21:10:00,2754600.0,967.17,-1.49,274.27,-4.46,80.1,5.47,4.38,1.09,2.82,4.53,1238.08,1.89,2.96,209.3
2015-02-01 21:20:00,2755200.0,967.29,-1.65,274.11,-4.36,81.6,5.41,4.42,1.0,2.84,4.57,1238.92,0.81,1.5,192.9
2015-02-01 21:30:00,2755800.0,967.31,-1.69,274.06,-3.73,85.9,5.39,4.63,0.76,2.98,4.79,1239.06,1.05,2.48,171.0
2015-02-01 21:40:00,2756400.0,967.3,-1.71,274.04,-3.64,86.6,5.39,4.66,0.72,3.01,4.82,1239.11,1.17,2.16,154.1
2015-02-01 21:50:00,2757000.0,967.31,-1.87,273.89,-3.56,88.1,5.33,4.69,0.63,3.02,4.85,1239.81,2.3,3.13,150.6
2015-02-01 22:00:00,2757600.0,967.32,-1.95,273.8,-3.59,88.5,5.29,4.68,0.61,3.02,4.84,1240.24,1.69,2.76,160.1
2015-02-01 22:10:00,2758200.0,967.41,-2.01,273.74,-3.58,88.9,5.27,4.68,0.58,3.02,4.84,1240.59,1.88,2.86,138.2
2015-02-01 22:20:00,2758800.0,967.43,-1.94,273.8,-3.59,88.4,5.3,4.68,0.61,3.02,4.84,1240.31,1.82,2.48,153.4
2015-02-01 22:30:00,2759400.0,967.43,-1.98,273.76,-3.64,88.3,5.28,4.66,0.62,3.0,4.82,1240.5,1.79,2.96,172.6
2015-02-01 22:40:00,2760000.0,967.33,-2.25,273.5,-3.83,88.8,5.18,4.6,0.58,2.96,4.75,1241.62,1.34,1.92,189.1
2015-02-01 22:50:00,2760600.0,967.32,-2.41,273.34,-3.87,89.6,5.12,4.58,0.53,2.95,4.74,1242.36,1.5,2.44,200.3
2015-02-01 23:00:00,2761200.0,967.37,-2.32,273.42,-3.8,89.5,5.15,4.61,0.54,2.97,4.76,1242.02,1.32,2.16,208.9
2015-02-01 23:10:00,2761800.0,967.36,-2.26,273.49,-3.81,89.0,5.17,4.6,0.57,2.97,4.76,1241.71,1.08,1.96,200.3
2015-02-01 23:20:00,2762400.0,967.36,-2.17,273.58,-3.67,89.4,5.21,4.66,0.55,3.0,4.81,1241.28,0.86,1.76,193.8
2015-02-01 23:30:00,2763000.0,967.43,-2.04,273.7,-3.59,89.1,5.25,4.68,0.57,3.02,4.84,1240.79,1.01,1.8,193.8
2015-02-01 23:40:00,2763600.0,967.48,-1.97,273.76,-3.61,88.5,5.28,4.68,0.61,3.01,4.83,1240.53,0.94,1.48,185.6
2015-02-01 23:50:00,2764200.0,967.55,-1.88,273.85,-3.58,88.1,5.32,4.68,0.63,3.02,4.84,1240.21,0.94,1.68,168.7
2015-02-02 00:00:00,2764800.0,967.55,-1.73,274.0,-3.49,87.7,5.38,4.72,0.66,3.04,4.88,1239.49,0.91,2.16,154.4
2015-02-02 00:10:00,2765400.0,967.55,-1.77,273.97,-3.54,87.6,5.36,4.7,0.67,3.03,4.86,1239.67,0.94,1.8,170.9
2015-02-02 00:20:00,2766000.0,967.56,-1.66,274.07,-3.42,87.7,5.41,4.74,0.67,3.05,4.9,1239.16,0.61,1.44,166.1
2015-02-02 00:30:00,2766600.0,967.63,-1.6,274.13,-3.44,87.2,5.43,4.73,0.7,3.05,4.89,1239.0,0.63,1.72,160.0
2015-02-02 00:40:00,2767200.0,967.66,-1.51,274.22,-3.35,87.2,5.47,4.77,0.7,3.07,4.93,1238.6,0.59,1.24,140.5
2015-02-02 00:50:00,2767800.0,967.71,-1.31,274.41,-3.25,86.6,5.55,4.8,0.74,3.09,4.96,1237.75,0.48,1.36,142.1
2015-02-02 01:00:00,2768400.0,967.79,-1.18,274.54,-3.13,86.5,5.6,4.85,0.76,3.12,5.01,1237.24,0.61,1.4,162.4
2015-02-02 01:10:00,2769000.0,967.87,-1.27,274.44,-3.18,86.8,5.56,4.83,0.73,3.11,4.99,1237.76,0.81,1.56,191.6
2015-02-02 01:20:00,2769600.0,967.89,-1.2,274.51,-3.0,87.5,5.59,4.89,0.7,3.15,5.06,1237.42,0.5,1.28,167.5
2015-02-02 01:30:00,2770200.0,967.95,-1.15,274.56,-2.9,87.8,5.61,4.93,0.68,3.17,5.09,1237.26,0.64,1.16,164.4
2015-02-02 01:40:00,2770800.0,968.01,-1.08,274.62,-2.79,88.1,5.64,4.97,0.67,3.2,5.13,1237.02,0.64,1.6,133.1
2015-02-02 01:50:00,2771400.0,968.05,-1.13,274.57,-2.73,88.8,5.62,4.99,0.63,3.21,5.16,1237.25,0.71,1.44,143.9
2015-02-02 02:00:00,2772000.0,968.14,-1.06,274.63,-2.62,89.1,5.65,5.03,0.62,3.24,5.2,1237.06,0.67,1.64,167.6
2015-02-02 02:10:00,2772600.0,968.24,-0.77,274.92,-2.38,88.8,5.77,5.13,0.65,3.3,5.29,1235.81,0.3,0.84,112.5
2015-02-02 02:20:00,2773200.0,968.33,-0.67,275.01,-2.39,88.0,5.82,5.12,0.7,3.3,5.29,1235.45,0.44,1.0,139.0
2015-02-02 02:30:00,2773800.0,968.29,-0.56,275.12,-2.26,88.2,5.86,5.17,0.69,3.33,5.34,1234.91,0.78,1.48,136.5
2015-02-02 02:40:00,2774400.0,968.28,-0.69,274.99,-2.3,88.8,5.81,5.16,0.65,3.32,5.32,1235.49,0.47,1.32,85.9
2015-02-02 02:50:00,2775000.0,968.26,-0.67,275.02,-2.22,89.2,5.82,5.19,0.63,3.34,5.36,1235.35,0.87,2.12,124.2
2015-02-02 03:00:00,2775600.0,968.24,-0.78,274.9,-2.28,89.5,5.77,5.16,0.61,3.32,5.33,1235.85,0.4,0.84,153.5
2015-02-02 03:10:00,2776200.0,968.24,-0.74,274.95,-2.12,90.3,5.79,5.23,0.56,3.36,5.4,1235.62,0.71,1.56,96.3
2015-02-02 03:20:00,2776800.0,968.25,-0.58,275.11,-2.05,89.7,5.85,5.25,0.6,3.38,5.42,1234.89,0.52,1.62,131.0
2015-02-02 03:30:00,2777400.0,968.25,-0.58,275.1,-2.09,89.5,5.85,5.24,0.61,3.37,5.41,1234.91,0.4,1.44,205.9
2015-02-02 03:40:00,2778000.0,968.28,-0.46,275.22,-2.04,89.0,5.91,5.26,0.65,3.38,5.43,1234.4,0.39,0.76,157.0
2015-02-02 03:50:00,2778600.0,968.41,-0.08,275.6,-1.79,88.2,6.07,5.36,0.72,3.45,5.53,1232.79,0.3,0.72,104.4
2015-02-02 04:00:00,2779200.0,968.51,0.03,275.7,-1.95,86.4,6.12,5.29,0.83,3.4,5.46,1232.44,0.26,0.64,122.3
2015-02-02 04:10:00,2779800.0,968.62,-0.06,275.6,-1.95,87.0,6.08,5.29,0.79,3.4,5.46,1233.01,0.25,0.6,205.7
2015-02-02 04:20:00,2780400.0,968.68,-0.19,275.46,-1.99,87.6,6.02,5.28,0.75,3.39,5.45,1233.68,0.58,1.16,173.9
2015-02-02 04:30:00,2781000.0,968.78,-0.15,275.5,-1.91,87.8,6.04,5.31,0.74,3.41,5.48,1233.58,0.47,1.28,146.0
2015-02-02 04:40:00,2781600.0,968.87,0.0,275.64,-1.83,87.4,6.11,5.34,0.77,3.43,5.51,1233.02,0.86,1.96,207.4
2015-02-02 04:50:00,2782200.0,968.9,0.45,276.1,-1.73,85.2,6.31,5.38,0.93,3.46,5.55,1231.0,0.82,1.84,235.4
2015-02-02 05:00:00,2782800.0,968.98,0.66,276.3,-1.72,84.0,6.41,5.38,1.03,3.46,5.56,1230.16,0.87,1.84,234.5
2015-02-02 05:10:00,2783400.0,968.99,0.82,276.46,-1.58,83.9,6.48,5.44,1.04,3.5,5.61,1229.45,1.57,3.0,250.1
2015-02-02 05:20:00,2784000.0,969.05,0.92,276.56,-1.48,83.9,6.53,5.48,1.05,3.52,5.65,1229.03,1.75,3.04,268.0
2015-02-02 05:30:00,2784600.0,969.11,0.88,276.51,-1.39,84.7,6.51,5.52,1.0,3.55,5.69,1229.28,1.68,3.0,257.1
2015-02-02 05:40:00,2785200.0,969.19,0.83,276.45,-1.35,85.3,6.49,5.53,0.95,3.56,5.71,1229.61,2.06,3.93,256.4
2015-02-02 05:50:00,2785800.0,969.27,0.8,276.41,-1.35,85.5,6.47,5.53,0.94,3.56,5.71,1229.85,1.67,3.16,259.2
2015-02-02 06:00:00,2786400.0,969.42,0.84,276.44,-1.34,85.3,6.49,5.54,0.95,3.56,5.71,1229.87,1.92,3.36,260.2
2015-02-02 06:10:00,2787000.0,969.47,0.8,276.4,-1.39,85.2,6.47,5.51,0.96,3.55,5.69,1230.12,2.01,3.36,257.2
2015-02-02 06:20:00,2787600.0,969.56,0.78,276.37,-1.39,85.3,6.47,5.51,0.95,3.55,5.69,1230.3,1.39,2.16,266.4
2015-02-02 06:30:00,2788200.0,969.63,0.77,276.36,-1.36,85.6,6.46,5.53,0.93,3.55,5.7,1230.43,0.98,2.26,248.6
2015-02-02 06:40:00,2788800.0,969.73,0.75,276.33,-1.41,85.4,6.45,5.51,0.94,3.54,5.68,1230.67,1.28,2.84,256.1
2015-02-02 06:50:00,2789400.0,969.76,0.66,276.23,-1.53,85.2,6.41,5.46,0.95,3.51,5.63,1231.15,1.4,2.92,261.8
2015-02-02 07:00:00,2790000.0,969.84,0.55,276.12,-1.7,84.8,6.36,5.39,0.97,3.46,5.56,1231.75,1.52,3.16,260.4
2015-02-02 07:10:00,2790600.0,970.0,0.42,275.98,-1.89,84.4,6.3,5.32,0.98,3.42,5.48,1232.56,1.46,2.8,269.8
2015-02-02 07:20:00,2791200.0,970.07,0.27,275.82,-2.1,84.0,6.23,5.23,1.0,3.36,5.4,1233.37,1.57,2.56,264.6
2015-02-02 07:30:00,2791800.0,970.09,0.24,275.78,-2.3,83.0,6.21,5.16,1.06,3.31,5.32,1233.6,2.0,3.36,265.1
2015-02-02 07:40:00,2792400.0,970.16,0.23,275.76,-2.49,81.9,6.21,5.08,1.12,3.27,5.24,1233.78,2.12,3.69,266.3
2015-02-02 07:50:00,2793000.0,970.31,0.3,275.83,-2.64,80.5,6.24,5.03,1.22,3.23,5.18,1233.65,1.53,2.76,281.5
2015-02-02 08:00:00,2793600.0,970.44,0.2,275.72,-2.86,79.8,6.2,4.95,1.25,3.18,5.1,1234.3,2.2,3.36,255.0
2015-02-02 08:10:00,2794200.0,970.54,0.12,275.63,-2.99,79.5,6.16,4.9,1.26,3.15,5.05,1234.82,1.83,2.8,256.1
2015-02-02 08:20:00,2794800.0,970.64,0.03,275.53,-3.05,79.6,6.12,4.87,1.25,3.13,5.02,1235.35,1.84,2.98,253.9
2015-02-02 08:30:00,2795400.0,970.78,0.08,275.57,-3.04,79.4,6.14,4.88,1.27,3.13,5.03,1235.31,1.08,1.7,264.2
2015-02-02 08:40:00,2796000.0,970.81,0.09,275.57,-3.09,79.1,6.15,4.86,1.28,3.12,5.01,1235.33,1.08,1.96,235.3
2015-02-02 08:50:00,2796600.0,970.83,-0.05,275.43,-3.16,79.5,6.08,4.84,1.25,3.1,4.98,1236.01,1.28,1.92,255.6
2015-02-02 09:00:00,2797200.0,970.92,0.05,275.52,-3.04,79.6,6.13,4.88,1.25,3.13,5.02,1235.65,1.44,2.62,263.5
2015-02-02 09:10:00,2797800.0,970.97,0.0,275.47,-2.97,80.3,6.11,4.9,1.2,3.15,5.05,1235.93,1.58,2.64,251.7
2015-02-02 09:20:00,2798400.0,971.07,0.0,275.46,-2.87,80.9,6.11,4.94,1.17,3.17,5.09,1236.04,1.55,2.6,249.3
2015-02-02 09:30:00,2799000.0,971.08,0.09,275.55,-2.77,81.0,6.15,4.98,1.17,3.19,5.13,1235.63,1.49,2.76,253.3
2015-02-02 09:40:00,2799600.0,971.16,0.19,275.64,-2.67,81.0,6.19,5.01,1.18,3.22,5.16,1235.26,1.82,3.28,246.6
2015-02-02 09:50:00,2800200.0,971.2,0.38,275.84,-2.51,80.8,6.28,5.07,1.21,3.26,5.22,1234.4,1.6,2.96,229.2
2015-02-02 10:00:00,2800800.0,971.19,0.69,276.15,-2.38,79.8,6.42,5.13,1.3,3.29,5.28,1232.96,1.08,2.36,225.2
2015-02-02 10:10:00,2801400.0,971.19,0.93,276.39,-2.35,78.6,6.54,5.14,1.4,3.3,5.29,1231.88,1.84,3.71,221.7
2015-02-02 10:20:00,2802000.0,971.19,0.97,276.43,-2.48,77.6,6.55,5.09,1.47,3.26,5.24,1231.73,4.13,6.17,238.7
2015-02-02 10:30:00,2802600.0,971.19,1.15,276.61,-2.44,76.9,6.64,5.1,1.53,3.28,5.26,1230.93,3.99,6.23,239.0
2015-02-02 10:40:00,2803200.0,971.25,1.52,276.98,-2.3,75.6,6.82,5.16,1.66,3.31,5.31,1229.29,2.52,4.17,227.9
2015-02-02 10:50:00,2803800.0,971.35,1.65,277.1,-2.56,73.5,6.88,5.06,1.82,3.25,5.21,1228.91,2.48,4.77,236.1
2015-02-02 11:00:00,2804400.0,971.41,1.71,277.16,-2.72,72.3,6.91,5.0,1.91,3.21,5.14,1228.74,3.0,4.69,234.6
2015-02-02 11:10:00,2805000.0,971.42,1.79,277.24,-2.86,71.1,6.95,4.94,2.01,3.17,5.09,1228.42,2.52,4.45,228.3
2015-02-02 11:20:00,2805600.0,971.41,1.97,277.42,-2.97,69.65,7.04,4.9,2.14,3.15,5.05,1227.63,1.99,3.77,229.3
2015-02-02 11:30:00,2806200.0,971.35,2.59,278.05,-3.11,65.91,7.36,4.85,2.51,3.11,5.0,1224.8,2.41,4.45,216.5
2015-02-02 11:40:00,2806800.0,971.43,2.89,278.35,-3.06,64.78,7.52,4.87,2.65,3.13,5.02,1223.57,2.29,4.53,252.7
2015-02-02 11:50:00,2807400.0,971.4,2.89,278.35,-2.91,65.5,7.52,4.92,2.59,3.16,5.07,1223.53,4.08,6.19,238.3
2015-02-02 12:00:00,2808000.0,971.43,2.89,278.35,-2.71,66.46,7.52,5.0,2.52,3.21,5.15,1223.5,2.43,5.37,231.2
2015-02-02 12:10:00,2808600.0,971.39,3.04,278.5,-2.74,65.65,7.6,4.99,2.61,3.2,5.14,1222.79,2.52,4.73,205.5
2015-02-02 12:20:00,2809200.0,971.29,3.13,278.61,-2.69,65.46,7.65,5.01,2.64,3.21,5.16,1222.25,2.0,3.93,201.2
2015-02-02 12:30:00,2809800.0,971.33,3.07,278.54,-2.85,64.95,7.62,4.95,2.67,3.17,5.09,1222.62,2.68,4.65,236.0
2015-02-02 12:40:00,2810400.0,971.34,2.96,278.43,-3.11,64.18,7.56,4.85,2.71,3.11,5.0,1223.14,2.13,3.93,236.3
2015-02-02 12:50:00,2811000.0,971.33,2.97,278.43,-3.24,63.57,7.56,4.81,2.76,3.08,4.95,1223.13,2.91,5.77,226.6
2015-02-02 13:00:00,2811600.0,971.3,2.97,278.44,-3.15,63.96,7.56,4.84,2.73,3.1,4.98,1223.08,2.92,5.25,229.5
2015-02-02 13:10:00,2812200.0,971.33,2.92,278.38,-3.08,64.57,7.54,4.87,2.67,3.12,5.01,1223.34,2.83,6.33,245.1
2015-02-02 13:20:00,2812800.0,971.31,2.9,278.36,-3.1,64.56,7.52,4.86,2.67,3.12,5.0,1223.4,2.68,4.41,232.3
2015-02-02 13:30:00,2813400.0,971.31,2.79,278.25,-3.02,65.42,7.47,4.88,2.58,3.13,5.03,1223.87,2.1,4.07,235.6
2015-02-02 13:40:00,2814000.0,971.31,2.66,278.12,-3.02,66.05,7.4,4.89,2.51,3.13,5.03,1224.45,2.68,4.61,229.2
2015-02-02 13:50:00,2814600.0,971.28,2.76,278.23,-2.91,66.12,7.45,4.93,2.53,3.16,5.07,1223.92,2.26,3.93,224.3
2015-02-02 14:00:00,2815200.0,971.26,2.81,278.28,-2.98,65.56,7.48,4.9,2.58,3.15,5.05,1223.71,3.65,6.21,241.4
2015-02-02 14:10:00,2815800.0,971.28,2.86,278.33,-2.81,66.15,7.5,4.96,2.54,3.19,5.11,1223.48,2.95,5.21,232.6
2015-02-02 14:20:00,2816400.0,971.28,2.9,278.37,-2.92,65.44,7.52,4.92,2.6,3.16,5.07,1223.33,3.85,7.57,237.9
2015-02-02 14:30:00,2817000.0,971.32,2.96,278.42,-2.99,64.79,7.56,4.9,2.66,3.14,5.04,1223.12,2.69,4.75,242.0
2015-02-02 14:40:00,2817600.0,971.38,2.92,278.38,-2.87,65.58,7.54,4.94,2.59,3.17,5.09,1223.35,1.67,3.02,198.8
2015-02-02 14:50:00,2818200.0,971.33,3.21,278.68,-2.72,64.95,7.69,5.0,2.7,3.21,5.14,1221.98,1.75,2.86,200.8
2015-02-02 15:00:00,2818800.0,971.35,2.93,278.4,-2.78,65.91,7.55,4.97,2.57,3.19,5.12,1223.23,1.68,2.8,213.3
2015-02-02 15:10:00,2819400.0,971.4,2.82,278.28,-2.87,66.0,7.48,4.94,2.54,3.17,5.09,1223.81,2.69,4.45,225.6
2015-02-02 15:20:00,2820000.0,971.43,2.64,278.1,-2.86,66.92,7.39,4.95,2.44,3.17,5.09,1224.64,2.5,3.65,229.2
2015-02-02 15:30:00,2820600.0,971.44,2.51,277.96,-2.87,67.48,7.32,4.94,2.38,3.17,5.09,1225.24,2.16,3.81,224.0
2015-02-02 15:40:00,2821200.0,971.4,2.43,277.88,-2.93,67.6,7.28,4.92,2.36,3.16,5.06,1225.56,2.41,4.61,233.9
2015-02-02 15:50:00,2821800.0,971.36,2.41,277.87,-2.84,68.14,7.27,4.95,2.32,3.18,5.1,1225.58,1.3,2.08,228.8
2015-02-02 16:00:00,2822400.0,971.34,2.38,277.84,-2.78,68.56,7.25,4.97,2.28,3.19,5.12,1225.66,1.32,1.88,225.1
2015-02-02 16:10:00,2823000.0,971.33,2.29,277.76,-2.84,68.69,7.21,4.95,2.26,3.18,5.1,1226.05,1.63,2.76,218.0
2015-02-02 16:20:00,2823600.0,971.32,2.26,277.72,-2.78,69.18,7.19,4.97,2.22,3.19,5.12,1226.19,1.1,2.16,239.1
2015-02-02 16:30:00,2824200.0,971.36,2.22,277.68,-2.81,69.23,7.17,4.96,2.21,3.18,5.11,1226.41,1.19,1.96,214.9
2015-02-02 16:40:00,2824800.0,971.35,2.2,277.66,-2.81,69.33,7.16,4.96,2.2,3.18,5.11,1226.5,1.39,2.4,205.2
2015-02-02 16:50:00,2825400.0,971.46,2.14,277.59,-2.8,69.69,7.13,4.97,2.16,3.19,5.11,1226.9,1.77,7.25,238.8
2015-02-02 17:00:00,2826000.0,971.99,0.77,276.17,-2.25,80.1,6.46,5.18,1.29,3.32,5.32,1233.59,3.36,6.41,258.4
2015-02-02 17:10:00,2826600.0,972.02,-0.28,275.11,-1.97,88.3,5.99,5.29,0.7,3.39,5.44,1238.32,1.37,3.41,256.0
2015-02-02 17:20:00,2827200.0,971.9,-0.33,275.06,-1.9,89.1,5.96,5.31,0.65,3.41,5.47,1238.4,1.06,1.88,242.2
2015-02-02 17:30:00,2827800.0,971.82,-0.34,275.06,-1.94,88.9,5.96,5.3,0.66,3.4,5.45,1238.34,0.97,2.24,251.4
2015-02-02 17:40:00,2828400.0,971.81,-0.37,275.03,-2.01,88.6,5.94,5.27,0.68,3.38,5.42,1238.49,0.85,1.4,238.6
2015-02-02 17:50:00,2829000.0,971.81,-0.47,274.93,-2.09,88.7,5.9,5.24,0.67,3.36,5.39,1238.93,0.95,1.32,233.4
2015-02-02 18:00:00,2829600.0,971.91,-0.56,274.83,-2.15,88.9,5.86,5.21,0.65,3.34,5.36,1239.49,1.17,1.64,226.8
2015-02-02 18:10:00,2830200.0,971.93,-0.67,274.72,-2.47,87.5,5.82,5.09,0.73,3.26,5.24,1240.07,1.27,1.98,244.6
2015-02-02 18:20:00,2830800.0,971.98,-0.63,274.76,-2.7,85.8,5.83,5.01,0.83,3.21,5.15,1239.99,1.15,2.32,241.5
2015-02-02 18:30:00,2831400.0,972.02,-0.7,274.68,-2.74,86.0,5.8,4.99,0.81,3.2,5.13,1240.41,1.06,1.52,240.5
2015-02-02 18:40:00,2832000.0,972.05,-0.76,274.62,-2.86,85.6,5.78,4.95,0.83,3.17,5.09,1240.71,1.21,1.76,235.1
2015-02-02 18:50:00,2832600.0,972.05,-0.79,274.58,-2.92,85.4,5.76,4.92,0.84,3.16,5.06,1240.89,1.55,2.3,235.0
2015-02-02 19:00:00,2833200.0,972.05,-0.86,274.52,-3.06,84.9,5.74,4.87,0.87,3.12,5.01,1241.2,1.43,2.4,246.5
2015-02-02 19:10:00,2833800.0,972.13,-0.57,274.81,-3.06,83.1,5.86,4.87,0.99,3.12,5.01,1239.97,1.86,2.92,259.7
2015-02-02 19:20:00,2834400.0,972.18,-0.3,275.07,-2.97,82.1,5.97,4.9,1.07,3.14,5.05,1238.83,2.08,3.36,241.9
2015-02-02 19:30:00,2835000.0,972.2,-0.29,275.08,-2.78,83.2,5.98,4.98,1.0,3.19,5.12,1238.75,1.31,2.56,249.8
2015-02-02 19:40:00,2835600.0,972.22,-0.34,275.03,-2.57,84.8,5.96,5.05,0.91,3.24,5.2,1238.96,1.19,1.88,227.5
2015-02-02 19:50:00,2836200.0,972.26,-0.34,275.02,-2.39,86.0,5.96,5.12,0.83,3.28,5.27,1239.01,0.74,1.4,232.1
2015-02-02 20:00:00,2836800.0,972.26,-0.37,275.0,-2.4,86.1,5.95,5.12,0.83,3.28,5.27,1239.12,1.29,2.08,216.2
2015-02-02 20:10:00,2837400.0,972.22,-0.34,275.03,-2.46,85.5,5.96,5.09,0.86,3.27,5.24,1238.95,1.13,3.04,233.2
2015-02-02 20:20:00,2838000.0,972.18,-0.33,275.04,-2.52,85.1,5.96,5.07,0.89,3.25,5.22,1238.89,1.2,1.84,230.7
2015-02-02 20:30:00,2838600.0,972.18,-0.2,275.17,-2.51,84.3,6.02,5.07,0.95,3.25,5.22,1238.28,1.37,2.8,243.1
2015-02-02 20:40:00,2839200.0,972.16,-0.12,275.26,-2.61,83.2,6.06,5.04,1.02,3.23,5.18,1237.89,2.18,3.85,234.9
2015-02-02 20:50:00,2839800.0,972.15,0.0,275.38,-2.54,82.9,6.11,5.06,1.04,3.25,5.21,1237.34,2.45,4.29,234.3
2015-02-02 21:00:00,2840400.0,972.15,0.07,275.45,-2.39,83.4,6.14,5.12,1.02,3.28,5.27,1237.0,2.57,4.07,234.9
2015-02-02 21:10:00,2841000.0,972.19,0.13,275.5,-2.32,83.5,6.16,5.15,1.02,3.3,5.29,1236.78,2.08,4.33,243.6
2015-02-02 21:20:00,2841600.0,972.29,0.21,275.58,-2.29,83.2,6.2,5.16,1.04,3.31,5.31,1236.5,2.6,4.61,237.3
2015-02-02 21:30:00,2842200.0,972.3,0.27,275.64,-2.28,82.9,6.23,5.16,1.07,3.31,5.31,1236.25,2.29,3.69,228.4
2015-02-02 21:40:00,2842800.0,972.32,0.3,275.66,-2.23,83.0,6.24,5.18,1.06,3.32,5.33,1236.15,1.22,2.56,243.7
2015-02-02 21:50:00,2843400.0,972.3,0.37,275.73,-2.22,82.7,6.27,5.19,1.09,3.33,5.34,1235.81,0.84,2.26,249.1
2015-02-02 22:00:00,2844000.0,972.35,0.4,275.76,-2.24,82.4,6.29,5.18,1.11,3.32,5.33,1235.75,1.15,2.36,248.0
2015-02-02 22:10:00,2844600.0,972.39,0.39,275.75,-2.15,83.0,6.28,5.21,1.07,3.34,5.36,1235.83,2.13,4.81,239.7
2015-02-02 22:20:00,2845200.0,972.37,0.21,275.57,-1.86,85.9,6.2,5.33,0.87,3.41,5.48,1236.55,2.32,4.83,233.9
2015-02-02 22:30:00,2845800.0,972.3,0.13,275.5,-1.73,87.2,6.17,5.38,0.79,3.45,5.53,1236.78,2.22,3.37,237.3
2015-02-02 22:40:00,2846400.0,972.31,0.22,275.59,-1.77,86.4,6.21,5.36,0.84,3.44,5.52,1236.4,1.45,2.84,234.1
2015-02-02 22:50:00,2847000.0,972.31,0.33,275.69,-1.78,85.7,6.25,5.36,0.89,3.44,5.51,1235.93,2.17,3.41,227.3
2015-02-02 23:00:00,2847600.0,972.31,0.33,275.69,-1.79,85.6,6.26,5.36,0.9,3.43,5.51,1235.92,1.94,3.2,222.1
2015-02-02 23:10:00,2848200.0,972.36,0.4,275.76,-1.86,84.7,6.29,5.33,0.96,3.41,5.48,1235.66,1.91,3.14,226.5
2015-02-02 23:20:00,2848800.0,972.4,0.49,275.85,-1.9,83.9,6.33,5.31,1.02,3.4,5.46,1235.32,1.55,2.9,216.7
2015-02-02 23:30:00,2849400.0,972.47,0.57,275.92,-1.92,83.3,6.36,5.3,1.06,3.4,5.45,1235.08,1.46,2.72,225.9
2015-02-02 23:40:00,2850000.0,972.53,0.45,275.8,-1.77,85.0,6.31,5.36,0.95,3.44,5.51,1235.66,2.15,4.17,235.0
2015-02-02 23:50:00,2850600.0,972.54,0.16,275.5,-1.51,88.5,6.18,5.47,0.71,3.5,5.62,1236.93,1.44,3.45,224.8
2015-02-03 00:00:00,2851200.0,972.54,0.01,275.36,-1.38,90.3,6.11,5.52,0.59,3.54,5.68,1237.55,1.16,2.4,210.5
2015-02-03 00:10:00,2851800.0,972.47,-0.09,275.26,-1.24,91.9,6.07,5.58,0.49,3.57,5.73,1237.91,0.66,1.36,187.1
2015-02-03 00:20:00,2852400.0,972.51,-0.1,275.25,-1.22,92.1,6.07,5.59,0.48,3.58,5.74,1237.98,0.82,1.52,216.1
2015-02-03 00:30:00,2853000.0,972.54,0.06,275.41,-1.39,89.9,6.14,5.52,0.62,3.54,5.67,1237.34,0.85,1.66,197.2
2015-02-03 00:40:00,2853600.0,972.52,0.21,275.56,-1.66,87.2,6.2,5.41,0.79,3.47,5.56,1236.69,0.89,1.88,201.3
2015-02-03 00:50:00,2854200.0,972.48,0.33,275.68,-1.87,85.1,6.26,5.32,0.93,3.41,5.47,1236.15,1.07,2.24,224.0
2015-02-03 01:00:00,2854800.0,972.49,0.39,275.75,-2.03,83.7,6.29,5.26,1.02,3.37,5.41,1235.9,1.2,3.24,259.6
2015-02-03 01:10:00,2855400.0,972.51,0.49,275.84,-2.13,82.5,6.33,5.22,1.11,3.35,5.37,1235.53,1.36,2.56,239.8
2015-02-03 01:20:00,2856000.0,972.53,0.56,275.91,-2.19,81.7,6.36,5.2,1.16,3.33,5.34,1235.22,1.65,4.21,252.3
2015-02-03 01:30:00,2856600.0,972.58,0.6,275.94,-2.27,81.0,6.38,5.17,1.21,3.31,5.31,1235.14,1.42,3.12,251.1
2015-02-03 01:40:00,2857200.0,972.68,0.66,275.99,-2.3,80.5,6.41,5.16,1.25,3.3,5.3,1235.0,2.1,3.93,244.2
2015-02-03 01:50:00,2857800.0,972.72,0.65,275.98,-2.35,80.2,6.4,5.14,1.27,3.29,5.28,1235.1,1.82,3.93,231.4
2015-02-03 02:00:00,2858400.0,972.82,0.57,275.9,-2.38,80.5,6.37,5.13,1.24,3.28,5.27,1235.57,1.05,2.0,247.7
2015-02-03 02:10:00,2859000.0,972.95,0.45,275.77,-2.46,80.7,6.31,5.09,1.22,3.26,5.24,1236.3,1.05,2.6,228.8
2015-02-03 02:20:00,2859600.0,973.1,0.44,275.74,-2.56,80.2,6.31,5.06,1.25,3.24,5.2,1236.55,1.95,3.12,253.5
2015-02-03 02:30:00,2860200.0,973.16,0.46,275.76,-2.6,79.8,6.32,5.04,1.28,3.23,5.18,1236.55,1.45,3.12,235.9
2015-02-03 02:40:00,2860800.0,973.2,0.46,275.76,-2.65,79.5,6.32,5.02,1.3,3.22,5.16,1236.6,1.06,2.16,238.8
2015-02-03 02:50:00,2861400.0,973.25,0.45,275.74,-2.68,79.4,6.31,5.01,1.3,3.21,5.15,1236.73,1.39,2.92,245.7
2015-02-03 03:00:00,2862000.0,973.19,0.42,275.71,-2.7,79.5,6.3,5.01,1.29,3.21,5.14,1236.8,1.65,2.92,242.1
2015-02-03 03:10:00,2862600.0,973.22,0.37,275.66,-2.76,79.4,6.27,4.98,1.29,3.19,5.12,1237.08,1.74,3.41,239.3
2015-02-03 03:20:00,2863200.0,973.25,0.27,275.56,-2.76,80.0,6.23,4.98,1.25,3.19,5.12,1237.55,1.91,3.24,235.1
2015-02-03 03:30:00,2863800.0,973.26,0.2,275.48,-2.71,80.7,6.2,5.0,1.2,3.2,5.14,1237.9,2.19,3.2,234.2
2015-02-03 03:40:00,2864400.0,973.28,0.2,275.48,-2.7,80.8,6.2,5.01,1.19,3.21,5.14,1237.92,1.43,3.36,242.3
2015-02-03 03:50:00,2865000.0,973.29,0.18,275.46,-2.73,80.7,6.19,4.99,1.19,3.2,5.13,1238.03,1.61,3.85,227.3
2015-02-03 04:00:00,2865600.0,973.37,0.24,275.51,-2.74,80.3,6.21,4.99,1.22,3.19,5.13,1237.87,1.92,3.53,238.8
2015-02-03 04:10:00,2866200.0,973.41,0.29,275.57,-2.73,80.0,6.24,4.99,1.25,3.2,5.13,1237.66,2.01,4.33,234.4
2015-02-03 04:20:00,2866800.0,973.4,0.36,275.64,-2.7,79.8,6.27,5.0,1.27,3.2,5.14,1237.34,1.97,4.29,234.9
2015-02-03 04:30:00,2867400.0,973.42,0.34,275.61,-2.69,80.0,6.26,5.01,1.25,3.21,5.14,1237.47,1.7,3.24,238.2
2015-02-03 04:40:00,2868000.0,973.47,0.33,275.6,-2.65,80.3,6.26,5.02,1.23,3.22,5.16,1237.55,1.43,2.92,240.7
2015-02-03 04:50:00,2868600.0,973.5,0.31,275.58,-2.59,80.8,6.25,5.05,1.2,3.23,5.18,1237.67,1.16,2.32,230.3
2015-02-03 05:00:00,2869200.0,973.41,0.19,275.46,-2.61,81.4,6.19,5.04,1.15,3.23,5.18,1238.11,2.06,3.04,224.1
2015-02-03 05:10:00,2869800.0,973.48,0.02,275.29,-2.7,81.8,6.12,5.0,1.11,3.2,5.14,1238.99,1.8,2.88,234.6
2015-02-03 05:20:00,2870400.0,973.53,-0.18,275.08,-2.77,82.6,6.03,4.98,1.05,3.19,5.11,1239.97,2.04,2.68,231.3
2015-02-03 05:30:00,2871000.0,973.54,-0.29,274.98,-2.84,82.8,5.98,4.95,1.03,3.17,5.09,1240.46,2.11,3.24,232.3
2015-02-03 05:40:00,2871600.0,973.55,-0.31,274.95,-2.94,82.3,5.97,4.91,1.06,3.15,5.05,1240.61,1.85,3.04,227.0
2015-02-03 05:50:00,2872200.0,973.61,-0.34,274.91,-3.04,81.9,5.96,4.88,1.08,3.12,5.01,1240.84,1.75,2.46,232.1
2015-02-03 06:00:00,2872800.0,973.65,-0.38,274.87,-3.15,81.5,5.94,4.84,1.1,3.1,4.97,1241.11,1.77,2.36,230.6
2015-02-03 06:10:00,2873400.0,973.65,-0.48,274.77,-3.26,81.4,5.9,4.8,1.1,3.07,4.93,1241.56,1.16,1.92,243.4
2015-02-03 06:20:00,2874000.0,973.7,-0.51,274.74,-3.33,81.1,5.89,4.77,1.11,3.06,4.9,1241.75,1.28,2.2,247.4
2015-02-03 06:30:00,2874600.0,973.75,-0.52,274.73,-3.41,80.7,5.88,4.75,1.14,3.04,4.87,1241.88,1.23,1.96,248.6
2015-02-03 06:40:00,2875200.0,973.78,-0.54,274.7,-3.5,80.3,5.87,4.71,1.16,3.02,4.84,1242.06,0.87,1.52,237.1
2015-02-03 06:50:00,2875800.0,973.79,-0.65,274.59,-3.62,80.2,5.82,4.67,1.15,2.99,4.8,1242.59,1.26,2.36,232.5
2015-02-03 07:00:00,2876400.0,973.79,-0.72,274.51,-3.74,79.9,5.79,4.63,1.16,2.96,4.75,1242.93,1.05,2.0,235.0
2015-02-03 07:10:00,2877000.0,973.89,-0.84,274.39,-3.87,79.8,5.74,4.58,1.16,2.93,4.71,1243.61,1.18,2.24,246.6
2015-02-03 07:20:00,2877600.0,973.96,-0.87,274.35,-3.99,79.3,5.73,4.54,1.19,2.91,4.67,1243.87,1.28,2.12,230.1
2015-02-03 07:30:00,2878200.0,973.91,-0.85,274.37,-4.08,78.6,5.74,4.51,1.23,2.89,4.63,1243.73,1.59,2.64,232.8
2015-02-03 07:40:00,2878800.0,974.07,-0.85,274.37,-4.13,78.3,5.74,4.5,1.25,2.88,4.62,1243.91,0.92,2.64,234.7
2015-02-03 07:50:00,2879400.0,974.21,-0.87,274.33,-4.17,78.2,5.73,4.48,1.25,2.87,4.6,1244.22,1.11,1.88,220.7
2015-02-03 08:00:00,2880000.0,974.3,-0.88,274.31,-4.25,77.8,5.73,4.45,1.27,2.85,4.57,1244.39,1.45,2.88,212.2
2015-02-03 08:10:00,2880600.0,974.36,-0.94,274.25,-4.29,77.9,5.7,4.44,1.26,2.84,4.56,1244.75,1.71,2.52,224.9
2015-02-03 08:20:00,2881200.0,974.43,-1.01,274.18,-4.34,78.0,5.67,4.43,1.25,2.83,4.54,1245.15,1.59,2.56,232.6
2015-02-03 08:30:00,2881800.0,974.52,-0.76,274.42,-4.21,77.3,5.78,4.47,1.31,2.86,4.58,1244.09,1.23,1.8,230.0
2015-02-03 08:40:00,2882400.0,974.64,-0.25,274.92,-4.05,75.4,6.0,4.52,1.48,2.89,4.64,1241.91,1.22,2.8,204.2
2015-02-03 08:50:00,2883000.0,974.67,-0.21,274.96,-4.0,75.5,6.01,4.54,1.47,2.9,4.66,1241.77,2.98,5.05,193.9
2015-02-03 09:00:00,2883600.0,974.72,-0.27,274.9,-4.05,75.5,5.99,4.52,1.47,2.89,4.64,1242.11,4.01,5.97,206.9
2015-02-03 09:10:00,2884200.0,974.76,-0.16,275.0,-3.98,75.3,6.04,4.54,1.49,2.9,4.66,1241.67,4.08,6.17,212.7
2015-02-03 09:20:00,2884800.0,974.83,-0.09,275.07,-3.95,75.1,6.07,4.56,1.51,2.91,4.67,1241.42,3.93,5.83,212.6
2015-02-03 09:30:00,2885400.0,974.83,-0.09,275.07,-3.97,75.0,6.07,4.55,1.52,2.91,4.67,1241.42,4.63,6.37,217.3
2015-02-03 09:40:00,2886000.0,974.9,0.17,275.32,-3.84,74.3,6.18,4.59,1.59,2.94,4.71,1240.3,3.96,5.93,210.6
2015-02-03 09:50:00,2886600.0,975.0,0.39,275.53,-3.81,73.3,6.28,4.6,1.68,2.94,4.72,1239.44,4.2,5.81,213.3
2015-02-03 10:00:00,2887200.0,975.0,0.54,275.69,-3.77,72.7,6.35,4.62,1.73,2.95,4.74,1238.74,4.39,6.01,214.9
2015-02-03 10:10:00,2887800.0,975.01,0.71,275.86,-3.68,72.3,6.43,4.65,1.78,2.97,4.77,1237.97,3.84,5.41,210.0
2015-02-03 10:20:00,2888400.0,975.09,0.8,275.94,-3.63,72.1,6.47,4.67,1.81,2.98,4.79,1237.68,3.91,7.21,209.8
2015-02-03 10:30:00,2889000.0,975.13,0.74,275.88,-3.71,72.0,6.44,4.64,1.8,2.97,4.76,1238.0,4.69,6.93,214.6
2015-02-03 10:40:00,2889600.0,975.2,0.86,276.0,-3.65,71.7,6.5,4.66,1.84,2.98,4.78,1237.53,4.06,6.01,219.4
2015-02-03 10:50:00,2890200.0,975.34,1.03,276.15,-3.62,71.0,6.58,4.67,1.91,2.98,4.79,1236.95,3.9,6.41,217.1
2015-02-03 11:00:00,2890800.0,975.37,1.07,276.19,-3.69,70.4,6.6,4.65,1.95,2.97,4.76,1236.83,4.26,5.93,215.6
2015-02-03 11:10:00,2891400.0,975.37,1.19,276.32,-3.65,70.0,6.66,4.66,2.0,2.98,4.78,1236.25,4.33,6.37,211.2
2015-02-03 11:20:00,2892000.0,975.36,1.53,276.65,-3.56,68.77,6.82,4.69,2.13,3.0,4.81,1234.72,3.34,4.81,201.2
2015-02-03 11:30:00,2892600.0,975.26,1.72,276.85,-3.56,67.83,6.92,4.69,2.23,3.0,4.81,1233.73,3.38,5.21,206.9
2015-02-03 11:40:00,2893200.0,975.27,1.94,277.07,-3.48,67.19,7.03,4.72,2.31,3.02,4.84,1232.75,3.47,5.41,212.9
2015-02-03 11:50:00,2893800.0,975.25,2.03,277.17,-3.6,66.14,7.07,4.68,2.39,2.99,4.8,1232.33,4.89,8.01,212.1
2015-02-03 12:00:00,2894400.0,975.34,1.91,277.04,-3.57,66.88,7.01,4.69,2.32,3.0,4.81,1232.99,3.53,6.01,213.7
2015-02-03 12:10:00,2895000.0,975.24,2.23,277.37,-3.5,65.67,7.18,4.71,2.46,3.01,4.83,1231.4,4.15,6.77,211.1
2015-02-03 12:20:00,2895600.0,975.36,2.08,277.21,-3.44,66.71,7.1,4.74,2.36,3.03,4.86,1232.2,3.81,6.05,231.2
2015-02-03 12:30:00,2896200.0,975.37,1.88,277.0,-3.48,67.49,7.0,4.72,2.27,3.02,4.84,1233.15,2.25,4.17,226.7
2015-02-03 12:40:00,2896800.0,975.39,1.93,277.06,-3.42,67.53,7.02,4.74,2.28,3.03,4.86,1232.92,2.9,6.89,234.5
2015-02-03 12:50:00,2897400.0,975.38,2.0,277.13,-3.22,68.19,7.06,4.81,2.25,3.08,4.94,1232.54,1.89,4.17,215.6
2015-02-03 13:00:00,2898000.0,975.47,2.11,277.24,-3.01,68.71,7.12,4.89,2.23,3.12,5.01,1232.13,2.23,3.81,228.0
2015-02-03 13:10:00,2898600.0,975.53,2.17,277.29,-3.04,68.29,7.15,4.88,2.27,3.12,5.0,1231.95,2.35,4.37,234.2
2015-02-03 13:20:00,2899200.0,975.52,2.2,277.32,-3.08,67.93,7.16,4.86,2.3,3.11,4.99,1231.82,2.42,4.61,226.7
2015-02-03 13:30:00,2899800.0,975.5,2.12,277.24,-3.28,67.32,7.12,4.79,2.33,3.06,4.91,1232.19,2.89,5.69,227.1
2015-02-03 13:40:00,2900400.0,975.5,2.2,277.32,-3.39,66.42,7.16,4.75,2.4,3.04,4.87,1231.86,3.4,5.81,214.9
2015-02-03 13:50:00,2901000.0,975.48,2.28,277.41,-3.4,65.95,7.2,4.75,2.45,3.03,4.87,1231.45,4.47,7.41,212.4
2015-02-03 14:00:00,2901600.0,975.48,2.06,277.18,-3.45,66.75,7.09,4.73,2.36,3.02,4.85,1232.46,4.52,7.37,217.9
2015-02-03 14:10:00,2902200.0,975.51,2.04,277.16,-3.54,66.4,7.08,4.7,2.38,3.0,4.82,1232.6,4.14,6.37,221.4
2015-02-03 14:20:00,2902800.0,975.57,2.07,277.18,-3.48,66.56,7.09,4.72,2.37,3.02,4.84,1232.53,3.87,5.67,219.1
2015-02-03 14:30:00,2903400.0,975.59,2.06,277.17,-3.48,66.59,7.09,4.72,2.37,3.01,4.84,1232.61,4.47,6.65,217.1
2015-02-03 14:40:00,2904000.0,975.63,2.0,277.11,-3.49,66.8,7.06,4.72,2.34,3.01,4.83,1232.9,3.0,6.45,225.5
2015-02-03 14:50:00,2904600.0,975.62,2.08,277.19,-3.44,66.7,7.1,4.73,2.36,3.02,4.85,1232.55,1.82,4.05,229.3
2015-02-03 15:00:00,2905200.0,975.62,2.14,277.25,-3.58,65.74,7.13,4.69,2.44,2.99,4.8,1232.31,1.83,3.32,240.4
2015-02-03 15:10:00,2905800.0,975.61,2.24,277.35,-3.61,65.09,7.18,4.67,2.51,2.99,4.79,1231.84,1.76,3.08,240.9
2015-02-03 15:20:00,2906400.0,975.5,2.31,277.43,-3.69,64.36,7.22,4.65,2.57,2.97,4.76,1231.39,1.89,3.3,221.3
2015-02-03 15:30:00,2907000.0,975.52,2.23,277.35,-3.68,64.78,7.18,4.65,2.53,2.97,4.77,1231.76,2.44,4.29,231.6
2015-02-03 15:40:00,2907600.0,975.6,2.18,277.29,-3.73,64.8,7.15,4.63,2.52,2.96,4.75,1232.12,2.17,4.21,241.1
2015-02-03 15:50:00,2908200.0,975.62,2.15,277.26,-3.75,64.83,7.13,4.62,2.51,2.95,4.74,1232.3,2.67,4.73,232.7
2015-02-03 16:00:00,2908800.0,975.71,2.04,277.14,-3.73,65.47,7.08,4.63,2.44,2.96,4.75,1232.89,1.74,2.96,246.6
2015-02-03 16:10:00,2909400.0,975.78,1.94,277.03,-3.84,65.39,7.03,4.59,2.43,2.93,4.71,1233.45,1.99,3.61,237.4
2015-02-03 16:20:00,2910000.0,975.91,1.82,276.9,-3.87,65.78,6.97,4.58,2.38,2.93,4.7,1234.16,2.1,3.49,252.8
2015-02-03 16:30:00,2910600.0,976.11,1.61,276.67,-3.28,69.85,6.86,4.79,2.07,3.06,4.91,1235.26,1.8,4.17,305.5
2015-02-03 16:40:00,2911200.0,976.34,0.57,275.61,-2.23,81.4,6.37,5.18,1.18,3.31,5.31,1240.04,2.1,5.07,283.0
2015-02-03 16:50:00,2911800.0,976.38,-0.03,275.01,-1.83,87.6,6.1,5.34,0.76,3.41,5.47,1242.73,1.47,3.53,248.7
2015-02-03 17:00:00,2912400.0,976.46,-0.21,274.82,-1.64,90.0,6.01,5.41,0.6,3.46,5.54,1243.63,1.29,2.28,238.6
2015-02-03 17:10:00,2913000.0,976.46,-0.15,274.87,-1.6,89.9,6.04,5.43,0.61,3.47,5.56,1243.36,1.62,2.64,250.7
2015-02-03 17:20:00,2913600.0,976.56,-0.05,274.97,-1.72,88.4,6.09,5.38,0.71,3.43,5.51,1243.02,1.99,2.96,268.3
2015-02-03 17:30:00,2914200.0,976.66,0.06,275.07,-2.02,85.8,6.14,5.26,0.87,3.36,5.39,1242.71,2.2,3.69,264.1
2015-02-03 17:40:00,2914800.0,976.82,0.08,275.08,-2.19,84.6,6.14,5.2,0.95,3.32,5.32,1242.88,2.14,2.88,266.5
2015-02-03 17:50:00,2915400.0,976.91,0.06,275.05,-2.39,83.5,6.14,5.12,1.01,3.27,5.24,1243.11,1.95,3.08,265.1
2015-02-03 18:00:00,2916000.0,977.01,-0.01,274.97,-2.52,83.1,6.1,5.07,1.03,3.23,5.19,1243.59,1.99,2.92,262.1
2015-02-03 18:10:00,2916600.0,977.1,-0.08,274.89,-2.66,82.7,6.07,5.02,1.05,3.2,5.14,1244.05,1.93,2.58,254.3
2015-02-03 18:20:00,2917200.0,977.15,-0.15,274.82,-2.79,82.3,6.04,4.97,1.07,3.17,5.09,1244.46,1.94,2.56,252.0
2015-02-03 18:30:00,2917800.0,977.3,-0.23,274.73,-2.91,82.0,6.01,4.92,1.08,3.14,5.04,1245.02,1.89,2.44,258.9
2015-02-03 18:40:00,2918400.0,977.46,-0.28,274.67,-3.03,81.6,5.99,4.88,1.1,3.11,5.0,1245.47,1.95,2.48,252.7
2015-02-03 18:50:00,2919000.0,977.58,-0.36,274.58,-3.12,81.5,5.95,4.85,1.1,3.09,4.96,1245.99,1.65,2.18,250.1
2015-02-03 19:00:00,2919600.0,977.67,-0.42,274.5,-3.22,81.3,5.92,4.81,1.11,3.07,4.92,1246.44,1.48,2.24,253.1
2015-02-03 19:10:00,2920200.0,977.7,-0.47,274.46,-3.31,81.0,5.9,4.78,1.12,3.05,4.89,1246.69,1.68,2.52,247.7
2015-02-03 19:20:00,2920800.0,977.74,-0.58,274.34,-3.37,81.3,5.85,4.76,1.09,3.03,4.87,1247.27,1.71,2.16,250.1
2015-02-03 19:30:00,2921400.0,977.85,-0.55,274.36,-3.37,81.1,5.87,4.76,1.11,3.03,4.87,1247.27,1.83,2.44,248.3
2015-02-03 19:40:00,2922000.0,977.93,-0.61,274.29,-3.47,80.9,5.84,4.73,1.12,3.01,4.83,1247.67,1.97,2.4,242.0
2015-02-03 19:50:00,2922600.0,977.96,-0.76,274.14,-3.6,81.0,5.78,4.68,1.1,2.98,4.78,1248.42,2.35,2.92,243.4
2015-02-03 20:00:00,2923200.0,978.05,-0.95,273.94,-3.74,81.3,5.7,4.63,1.07,2.95,4.73,1249.44,2.51,2.92,248.0
2015-02-03 20:10:00,2923800.0,978.13,-1.1,273.79,-3.76,82.0,5.64,4.62,1.01,2.94,4.72,1250.21,2.19,2.8,241.8
2015-02-03 20:20:00,2924400.0,978.2,-1.14,273.74,-3.72,82.5,5.62,4.64,0.98,2.95,4.74,1250.48,2.37,2.68,247.2
2015-02-03 20:30:00,2925000.0,978.31,-1.23,273.64,-3.76,82.8,5.58,4.62,0.96,2.94,4.72,1251.02,2.38,2.64,242.1
2015-02-03 20:40:00,2925600.0,978.32,-1.33,273.54,-3.71,83.7,5.54,4.64,0.9,2.95,4.74,1251.49,2.54,3.08,242.6
2015-02-03 20:50:00,2926200.0,978.35,-1.29,273.57,-3.6,84.2,5.56,4.68,0.88,2.98,4.78,1251.36,3.23,3.65,245.9
2015-02-03 21:00:00,2926800.0,978.43,-1.2,273.66,-3.49,84.3,5.59,4.72,0.88,3.0,4.82,1251.0,3.15,3.53,246.5
2015-02-03 21:10:00,2927400.0,978.49,-1.2,273.65,-3.48,84.4,5.59,4.72,0.87,3.01,4.82,1251.1,2.46,3.31,252.9
2015-02-03 21:20:00,2928000.0,978.55,-1.16,273.69,-3.36,84.9,5.61,4.76,0.85,3.03,4.87,1250.98,2.0,2.56,244.5
2015-02-03 21:30:00,2928600.0,978.58,-1.05,273.8,-3.2,85.2,5.66,4.82,0.84,3.07,4.93,1250.45,1.97,2.2,244.6
2015-02-03 21:40:00,2929200.0,978.58,-0.92,273.93,-3.11,85.0,5.71,4.85,0.86,3.09,4.96,1249.87,1.87,2.36,243.7
2015-02-03 21:50:00,2929800.0,978.66,-0.8,274.05,-2.99,85.0,5.76,4.9,0.86,3.12,5.0,1249.37,2.0,2.72,249.1
2015-02-03 22:00:00,2930400.0,978.72,-0.68,274.16,-2.94,84.6,5.81,4.92,0.89,3.13,5.02,1248.92,1.68,2.54,248.0
2015-02-03 22:10:00,2931000.0,978.8,-0.65,274.19,-2.97,84.2,5.83,4.91,0.92,3.12,5.01,1248.85,1.49,2.14,246.4
2015-02-03 22:20:00,2931600.0,978.81,-0.61,274.22,-2.98,83.9,5.84,4.9,0.94,3.12,5.01,1248.72,0.88,1.5,235.4
2015-02-03 22:30:00,2932200.0,978.86,-0.68,274.15,-2.97,84.4,5.81,4.91,0.91,3.12,5.01,1249.07,0.44,0.84,186.6
2015-02-03 22:40:00,2932800.0,978.93,-0.52,274.3,-2.78,84.6,5.88,4.97,0.91,3.17,5.08,1248.42,0.26,0.56,110.0
2015-02-03 22:50:00,2933400.0,978.94,-0.54,274.29,-2.81,84.5,5.87,4.96,0.91,3.16,5.07,1248.49,0.23,0.52,83.7
2015-02-03 23:00:00,2934000.0,978.93,-0.7,274.13,-2.89,85.0,5.8,4.93,0.87,3.14,5.04,1249.25,0.2,0.32,16.26
2015-02-03 23:10:00,2934600.0,978.95,-0.74,274.08,-2.81,85.8,5.79,4.96,0.82,3.16,5.07,1249.46,0.14,0.32,359.5
2015-02-03 23:20:00,2935200.0,979.03,-0.71,274.11,-2.9,85.0,5.8,4.93,0.87,3.14,5.04,1249.41,0.36,0.84,258.2
2015-02-03 23:30:00,2935800.0,979.0,-0.63,274.19,-2.87,84.7,5.83,4.94,0.89,3.15,5.05,1248.99,0.23,0.48,324.1
2015-02-03 23:40:00,2936400.0,979.04,-0.61,274.21,-2.98,83.9,5.84,4.9,0.94,3.12,5.01,1248.98,0.39,0.68,203.5
2015-02-03 23:50:00,2937000.0,979.12,-0.68,274.13,-2.94,84.6,5.81,4.92,0.9,3.13,5.02,1249.41,0.41,0.88,217.9
2015-02-04 00:00:00,2937600.0,979.18,-0.67,274.14,-2.91,84.7,5.82,4.93,0.89,3.14,5.03,1249.41,0.46,0.88,228.6
2015-02-04 00:10:00,2938200.0,979.24,-0.65,274.15,-2.91,84.6,5.82,4.93,0.9,3.14,5.03,1249.42,0.5,0.88,223.8
2015-02-04 00:20:00,2938800.0,979.31,-0.64,274.15,-2.92,84.5,5.83,4.92,0.9,3.13,5.03,1249.49,0.34,0.86,251.3
2015-02-04 00:30:00,2939400.0,979.42,-0.58,274.2,-2.92,84.1,5.85,4.92,0.93,3.13,5.03,1249.34,0.46,0.86,209.5
2015-02-04 00:40:00,2940000.0,979.42,-0.66,274.13,-2.96,84.3,5.82,4.91,0.91,3.12,5.01,1249.7,0.75,1.1,234.8
2015-02-04 00:50:00,2940600.0,979.46,-0.72,274.06,-2.94,84.8,5.8,4.91,0.88,3.13,5.02,1250.02,0.85,1.32,237.1
2015-02-04 01:00:00,2941200.0,979.54,-0.8,273.98,-3.04,84.7,5.76,4.88,0.88,3.1,4.98,1250.5,0.85,1.12,251.3
2015-02-04 01:10:00,2941800.0,979.55,-0.69,274.09,-2.87,85.1,5.81,4.94,0.87,3.14,5.05,1249.99,0.68,1.32,305.0
2015-02-04 01:20:00,2942400.0,979.67,-0.71,274.06,-2.9,85.0,5.8,4.93,0.87,3.14,5.03,1250.24,2.23,6.17,24.71
2015-02-04 01:30:00,2943000.0,979.77,-1.52,273.24,-3.25,87.9,5.46,4.8,0.66,3.05,4.9,1254.14,5.06,6.97,40.73
2015-02-04 01:40:00,2943600.0,979.9,-1.84,272.9,-3.38,89.2,5.33,4.76,0.58,3.03,4.86,1255.85,4.13,6.09,32.1
2015-02-04 01:50:00,2944200.0,979.96,-2.03,272.7,-3.91,86.9,5.26,4.57,0.69,2.91,4.66,1256.89,4.0,5.65,20.39
2015-02-04 02:00:00,2944800.0,980.12,-2.17,272.55,-4.06,86.8,5.21,4.52,0.69,2.87,4.61,1257.74,3.89,5.33,17.68
2015-02-04 02:10:00,2945400.0,980.25,-2.32,272.39,-4.04,87.9,5.15,4.52,0.62,2.88,4.62,1258.63,3.73,5.77,21.38
2015-02-04 02:20:00,2946000.0,980.35,-2.44,272.26,-3.95,89.3,5.1,4.56,0.55,2.9,4.65,1259.31,3.24,4.73,16.16
2015-02-04 02:30:00,2946600.0,980.5,-2.47,272.21,-3.75,90.9,5.09,4.63,0.46,2.94,4.72,1259.61,2.06,2.88,18.51
2015-02-04 02:40:00,2947200.0,980.64,-2.47,272.21,-3.67,91.4,5.09,4.65,0.44,2.96,4.75,1259.76,1.77,2.96,19.32
2015-02-04 02:50:00,2947800.0,980.69,-2.47,272.2,-3.74,90.9,5.09,4.63,0.46,2.94,4.72,1259.84,1.45,2.52,24.67
2015-02-04 03:00:00,2948400.0,980.77,-2.47,272.2,-3.8,90.5,5.09,4.61,0.48,2.93,4.7,1259.95,1.49,2.2,24.41
2015-02-04 03:10:00,2949000.0,980.84,-2.46,272.2,-3.85,90.1,5.1,4.59,0.5,2.92,4.68,1259.98,1.77,2.72,31.33
2015-02-04 03:20:00,2949600.0,980.88,-2.43,272.23,-3.86,89.8,5.11,4.59,0.52,2.91,4.68,1259.91,1.78,2.7,41.39
2015-02-04 03:30:00,2950200.0,980.96,-2.46,272.19,-3.88,89.9,5.1,4.58,0.51,2.91,4.67,1260.15,1.71,2.2,37.29
2015-02-04 03:40:00,2950800.0,980.98,-2.53,272.12,-3.88,90.4,5.07,4.58,0.49,2.91,4.67,1260.53,1.71,2.2,36.84
2015-02-04 03:50:00,2951400.0,981.02,-2.49,272.16,-3.87,90.2,5.08,4.59,0.5,2.91,4.67,1260.37,1.27,1.84,42.73
2015-02-04 04:00:00,2952000.0,981.14,-2.39,272.24,-3.83,89.8,5.12,4.6,0.52,2.92,4.69,1260.07,0.62,1.26,316.9
2015-02-04 04:10:00,2952600.0,981.22,-2.41,272.22,-4.04,88.5,5.11,4.53,0.59,2.87,4.61,1260.28,1.36,3.19,28.03
2015-02-04 04:20:00,2953200.0,981.29,-2.53,272.09,-4.22,88.1,5.07,4.46,0.6,2.83,4.55,1260.98,2.06,3.45,16.19
2015-02-04 04:30:00,2953800.0,981.38,-2.58,272.04,-4.27,88.1,5.05,4.45,0.6,2.82,4.53,1261.34,1.75,2.7,12.89
2015-02-04 04:40:00,2954400.0,981.46,-2.6,272.01,-4.3,88.0,5.04,4.44,0.61,2.82,4.52,1261.52,1.52,2.16,13.43
2015-02-04 04:50:00,2955000.0,981.48,-2.55,272.06,-4.26,87.9,5.06,4.45,0.61,2.82,4.53,1261.3,0.95,1.72,4.09
2015-02-04 05:00:00,2955600.0,981.59,-2.53,272.07,-4.25,87.9,5.07,4.45,0.61,2.83,4.54,1261.38,1.17,1.96,17.07
2015-02-04 05:10:00,2956200.0,981.71,-2.5,272.09,-4.19,88.1,5.08,4.47,0.6,2.84,4.56,1261.38,0.68,1.64,335.9
2015-02-04 05:20:00,2956800.0,981.74,-2.37,272.22,-4.06,88.1,5.13,4.52,0.61,2.87,4.6,1260.77,0.58,2.22,350.1
2015-02-04 05:30:00,2957400.0,981.8,-2.51,272.08,-4.27,87.6,5.08,4.45,0.63,2.82,4.53,1261.52,1.17,2.16,17.77
2015-02-04 05:40:00,2958000.0,981.95,-2.53,272.04,-4.25,87.9,5.07,4.45,0.61,2.83,4.54,1261.83,0.64,1.44,264.0
2015-02-04 05:50:00,2958600.0,982.0,-2.5,272.07,-4.25,87.7,5.08,4.45,0.62,2.83,4.54,1261.75,0.77,1.8,31.1
2015-02-04 06:00:00,2959200.0,982.03,-2.57,272.0,-4.32,87.7,5.05,4.43,0.62,2.81,4.51,1262.12,1.08,1.92,25.11
2015-02-04 06:10:00,2959800.0,982.08,-2.6,271.96,-4.36,87.6,5.04,4.42,0.63,2.8,4.5,1262.34,1.8,2.99,21.32
2015-02-04 06:20:00,2960400.0,982.11,-2.6,271.96,-4.5,86.7,5.04,4.37,0.67,2.77,4.45,1262.4,2.07,3.21,23.88
2015-02-04 06:30:00,2961000.0,982.21,-2.6,271.95,-4.7,85.4,5.04,4.3,0.74,2.73,4.38,1262.57,2.14,3.41,18.82
2015-02-04 06:40:00,2961600.0,982.36,-2.61,271.93,-4.83,84.6,5.04,4.26,0.78,2.7,4.34,1262.83,1.54,2.32,21.8
2015-02-04 06:50:00,2962200.0,982.47,-2.59,271.95,-4.82,84.5,5.05,4.26,0.78,2.7,4.34,1262.85,0.62,1.58,336.1
2015-02-04 07:00:00,2962800.0,982.64,-2.62,271.9,-4.98,83.7,5.03,4.21,0.82,2.67,4.29,1263.25,0.7,1.72,288.7
2015-02-04 07:10:00,2963400.0,982.74,-2.73,271.78,-5.2,83.0,4.99,4.14,0.85,2.63,4.22,1263.93,1.0,2.24,262.2
2015-02-04 07:20:00,2964000.0,982.79,-2.79,271.71,-5.34,82.5,4.97,4.1,0.87,2.6,4.17,1264.31,0.87,2.04,311.3
2015-02-04 07:30:00,2964600.0,982.9,-2.79,271.71,-5.49,81.5,4.97,4.05,0.92,2.57,4.12,1264.43,1.03,1.84,265.5
2015-02-04 07:40:00,2965200.0,983.08,-2.87,271.61,-5.51,81.9,4.94,4.05,0.89,2.56,4.12,1265.08,0.74,1.44,208.5
2015-02-04 07:50:00,2965800.0,983.19,-2.87,271.61,-5.48,82.1,4.94,4.06,0.88,2.57,4.13,1265.18,0.64,1.08,224.0
2015-02-04 08:00:00,2966400.0,983.25,-2.99,271.48,-5.42,83.2,4.9,4.07,0.82,2.58,4.14,1265.83,0.93,1.36,216.4
2015-02-04 08:10:00,2967000.0,983.42,-3.0,271.45,-5.4,83.4,4.89,4.08,0.81,2.59,4.15,1266.09,0.62,1.64,136.0
2015-02-04 08:20:00,2967600.0,983.51,-2.97,271.47,-5.63,81.8,4.9,4.01,0.89,2.54,4.08,1266.12,0.61,1.56,358.6
2015-02-04 08:30:00,2968200.0,983.6,-2.93,271.51,-5.58,81.8,4.92,4.02,0.9,2.55,4.09,1266.01,0.76,1.44,3.06
2015-02-04 08:40:00,2968800.0,983.72,-2.86,271.57,-5.47,82.1,4.95,4.06,0.89,2.57,4.13,1265.82,0.63,1.3,237.3
2015-02-04 08:50:00,2969400.0,983.79,-2.83,271.59,-5.41,82.3,4.96,4.08,0.88,2.58,4.15,1265.78,0.56,1.4,242.2
2015-02-04 09:00:00,2970000.0,983.88,-2.73,271.69,-5.37,81.9,4.99,4.09,0.9,2.59,4.16,1265.41,0.55,1.6,229.4
2015-02-04 09:10:00,2970600.0,983.99,-2.7,271.71,-5.41,81.5,5.0,4.08,0.93,2.58,4.14,1265.44,0.89,1.32,211.5
2015-02-04 09:20:00,2971200.0,984.03,-2.6,271.81,-5.37,81.1,5.04,4.09,0.95,2.59,4.16,1264.99,0.8,1.28,205.7
2015-02-04 09:30:00,2971800.0,984.13,-2.41,271.99,-5.39,79.9,5.11,4.08,1.03,2.59,4.15,1264.26,0.8,1.52,207.5
2015-02-04 09:40:00,2972400.0,984.2,-2.34,272.06,-5.4,79.4,5.14,4.08,1.06,2.58,4.15,1264.02,1.33,1.84,210.1
2015-02-04 09:50:00,2973000.0,984.29,-2.05,272.34,-5.28,78.4,5.25,4.12,1.13,2.61,4.18,1262.75,0.71,1.36,183.9
2015-02-04 10:00:00,2973600.0,984.36,-1.67,272.71,-5.25,76.4,5.4,4.13,1.27,2.61,4.19,1261.09,0.92,1.74,345.7
2015-02-04 10:10:00,2974200.0,984.43,-1.42,272.97,-5.2,75.3,5.5,4.14,1.36,2.62,4.21,1259.98,0.58,1.42,324.9
2015-02-04 10:20:00,2974800.0,984.5,-1.28,273.1,-5.29,74.0,5.56,4.11,1.45,2.6,4.18,1259.46,0.84,1.84,337.1
2015-02-04 10:30:00,2975400.0,984.6,-1.31,273.06,-5.43,73.4,5.55,4.07,1.48,2.58,4.14,1259.73,0.94,2.16,280.3
2015-02-04 10:40:00,2976000.0,984.74,-1.39,272.97,-5.54,73.2,5.52,4.04,1.48,2.55,4.1,1260.29,1.52,2.4,277.2
2015-02-04 10:50:00,2976600.0,984.88,-1.44,272.91,-5.52,73.6,5.5,4.04,1.45,2.56,4.11,1260.71,0.84,2.56,331.0
2015-02-04 11:00:00,2977200.0,984.97,-1.31,273.03,-5.53,72.8,5.55,4.04,1.51,2.55,4.1,1260.22,1.13,2.44,264.1
2015-02-04 11:10:00,2977800.0,985.06,-1.48,272.85,-5.59,73.4,5.48,4.02,1.46,2.54,4.08,1261.15,1.43,2.86,300.4
2015-02-04 11:20:00,2978400.0,985.09,-1.32,273.01,-5.35,73.9,5.55,4.1,1.45,2.59,4.16,1260.39,0.66,2.14,333.6
2015-02-04 11:30:00,2979000.0,985.12,-0.91,273.42,-5.15,72.8,5.72,4.16,1.55,2.63,4.22,1258.49,0.83,1.86,6.85
2015-02-04 11:40:00,2979600.0,985.2,-0.83,273.49,-5.07,72.8,5.75,4.18,1.56,2.65,4.25,1258.23,1.31,2.4,309.7
2015-02-04 11:50:00,2980200.0,985.21,-0.98,273.35,-4.98,74.1,5.69,4.21,1.47,2.66,4.28,1258.9,0.84,2.12,291.9
2015-02-04 12:00:00,2980800.0,985.22,-0.84,273.49,-4.76,74.6,5.74,4.29,1.46,2.71,4.35,1258.24,0.69,2.14,265.4
2015-02-04 12:10:00,2981400.0,985.31,-1.08,273.23,-5.05,74.3,5.64,4.19,1.45,2.65,4.25,1259.54,1.26,2.32,311.1
2015-02-04 12:20:00,2982000.0,985.35,-1.09,273.23,-4.86,75.4,5.64,4.25,1.39,2.69,4.32,1259.57,0.98,2.24,297.2
2015-02-04 12:30:00,2982600.0,985.42,-1.25,273.05,-5.12,74.8,5.57,4.17,1.4,2.64,4.23,1260.47,1.46,2.8,282.8
2015-02-04 12:40:00,2983200.0,985.45,-1.31,272.99,-5.13,75.1,5.55,4.17,1.38,2.63,4.23,1260.8,1.54,3.0,284.3
2015-02-04 12:50:00,2983800.0,985.51,-1.25,273.05,-4.96,75.7,5.57,4.22,1.35,2.67,4.28,1260.53,0.62,1.8,19.54
2015-02-04 13:00:00,2984400.0,985.56,-0.85,273.45,-4.82,74.3,5.74,4.27,1.48,2.7,4.33,1258.73,0.46,1.8,250.2
2015-02-04 13:10:00,2985000.0,985.57,-1.0,273.29,-4.97,74.3,5.68,4.22,1.46,2.67,4.28,1259.47,1.56,3.16,291.2
2015-02-04 13:20:00,2985600.0,985.56,-1.1,273.2,-4.82,75.7,5.64,4.27,1.37,2.7,4.33,1259.88,1.13,2.1,302.7
2015-02-04 13:30:00,2986200.0,985.57,-1.03,273.27,-4.77,75.6,5.67,4.28,1.38,2.71,4.35,1259.56,1.11,2.2,284.7
2015-02-04 13:40:00,2986800.0,985.61,-0.92,273.37,-4.7,75.4,5.71,4.31,1.4,2.72,4.37,1259.1,0.88,2.12,307.5
2015-02-04 13:50:00,2987400.0,985.63,-0.95,273.34,-4.8,75.0,5.7,4.27,1.42,2.7,4.33,1259.3,1.06,2.92,348.2
2015-02-04 14:00:00,2988000.0,985.66,-0.85,273.44,-4.58,75.7,5.74,4.35,1.39,2.75,4.41,1258.82,0.95,2.32,285.9
2015-02-04 14:10:00,2988600.0,985.74,-0.94,273.34,-4.58,76.2,5.7,4.35,1.36,2.75,4.41,1259.34,1.61,2.64,284.9
2015-02-04 14:20:00,2989200.0,985.85,-1.06,273.21,-4.54,77.1,5.65,4.36,1.29,2.75,4.42,1260.04,1.62,3.57,285.6
2015-02-04 14:30:00,2989800.0,985.93,-1.1,273.16,-4.48,77.7,5.63,4.38,1.26,2.77,4.44,1260.34,1.44,2.5,263.9
2015-02-04 14:40:00,2990400.0,985.93,-1.0,273.27,-4.36,77.8,5.68,4.42,1.26,2.79,4.48,1259.84,0.9,2.04,281.3
2015-02-04 14:50:00,2991000.0,985.98,-0.73,273.53,-4.18,77.3,5.79,4.48,1.31,2.83,4.54,1258.62,0.59,1.32,24.63
2015-02-04 15:00:00,2991600.0,986.06,-0.98,273.27,-4.33,77.9,5.68,4.43,1.26,2.8,4.49,1259.92,1.44,2.64,26.67
2015-02-04 15:10:00,2992200.0,986.15,-1.13,273.12,-4.4,78.3,5.62,4.4,1.22,2.78,4.47,1260.71,1.08,2.64,335.1
2015-02-04 15:20:00,2992800.0,986.2,-0.79,273.45,-4.18,77.7,5.76,4.48,1.29,2.83,4.54,1259.19,0.58,1.64,0.75
2015-02-04 15:30:00,2993400.0,986.32,-0.78,273.46,-4.23,77.3,5.77,4.46,1.31,2.82,4.52,1259.28,0.69,2.28,23.6
2015-02-04 15:40:00,2994000.0,986.48,-0.78,273.45,-4.32,76.8,5.77,4.43,1.34,2.8,4.49,1259.5,0.87,1.96,39.37
2015-02-04 15:50:00,2994600.0,986.62,-0.84,273.37,-4.35,77.0,5.74,4.42,1.32,2.79,4.48,1259.99,0.54,1.24,8.12
2015-02-04 16:00:00,2995200.0,986.72,-0.97,273.24,-4.43,77.2,5.69,4.39,1.3,2.77,4.45,1260.7,1.71,3.16,20.25
2015-02-04 16:10:00,2995800.0,986.82,-1.16,273.03,-4.47,78.1,5.61,4.38,1.23,2.77,4.44,1261.76,2.01,2.68,29.52
2015-02-04 16:20:00,2996400.0,986.95,-1.18,273.01,-4.45,78.3,5.6,4.39,1.22,2.77,4.45,1261.97,0.97,2.8,9.59
2015-02-04 16:30:00,2997000.0,987.04,-1.04,273.13,-4.29,78.5,5.66,4.44,1.22,2.8,4.5,1261.45,0.48,1.44,334.1
2015-02-04 16:40:00,2997600.0,987.04,-1.13,273.05,-4.32,78.8,5.62,4.43,1.19,2.8,4.49,1261.84,1.1,2.26,10.23
2015-02-04 16:50:00,2998200.0,987.06,-1.23,272.94,-4.24,79.9,5.58,4.46,1.12,2.81,4.52,1262.35,0.82,1.52,0.98
2015-02-04 17:00:00,2998800.0,987.13,-1.26,272.91,-4.24,80.0,5.57,4.46,1.11,2.81,4.51,1262.55,0.74,1.22,338.7
2015-02-04 17:10:00,2999400.0,987.26,-1.34,272.82,-4.24,80.5,5.54,4.46,1.08,2.81,4.52,1263.08,0.8,1.16,356.1
2015-02-04 17:20:00,3000000.0,987.43,-1.26,272.88,-4.15,80.6,5.57,4.49,1.08,2.83,4.54,1262.94,0.53,1.16,320.8
2015-02-04 17:30:00,3000600.0,987.54,-1.25,272.89,-4.19,80.3,5.57,4.47,1.1,2.82,4.53,1263.03,0.71,1.2,272.1
2015-02-04 17:40:00,3001200.0,987.7,-1.22,272.9,-4.18,80.2,5.58,4.48,1.11,2.83,4.53,1263.11,0.46,0.92,263.7
2015-02-04 17:50:00,3001800.0,987.82,-1.31,272.8,-4.25,80.3,5.55,4.45,1.09,2.81,4.51,1263.68,0.78,1.08,233.0
2015-02-04 18:00:00,3002400.0,987.9,-1.41,272.69,-4.23,81.0,5.51,4.46,1.05,2.81,4.51,1264.26,0.9,1.48,233.1
2015-02-04 18:10:00,3003000.0,987.99,-1.48,272.62,-4.2,81.6,5.48,4.47,1.01,2.82,4.53,1264.66,0.91,1.32,243.7
2015-02-04 18:20:00,3003600.0,988.06,-1.47,272.62,-4.15,81.9,5.48,4.49,0.99,2.83,4.54,1264.73,0.59,0.88,262.2
2015-02-04 18:30:00,3004200.0,988.2,-1.44,272.64,-4.1,82.0,5.49,4.5,0.99,2.84,4.56,1264.77,0.63,1.08,320.0
2015-02-04 18:40:00,3004800.0,988.36,-1.45,272.62,-4.09,82.1,5.49,4.51,0.98,2.84,4.56,1265.02,0.49,0.9,337.3
2015-02-04 18:50:00,3005400.0,988.42,-1.39,272.68,-3.98,82.4,5.52,4.55,0.97,2.87,4.6,1264.77,0.48,0.88,349.5
2015-02-04 19:00:00,3006000.0,988.51,-1.44,272.62,-4.06,82.2,5.5,4.52,0.98,2.85,4.57,1265.11,0.64,0.9,355.1
2015-02-04 19:10:00,3006600.0,988.54,-1.48,272.58,-3.93,83.3,5.48,4.56,0.92,2.88,4.62,1265.34,0.5,0.72,357.9
2015-02-04 19:20:00,3007200.0,988.63,-1.57,272.48,-3.89,84.1,5.44,4.58,0.87,2.89,4.63,1265.85,0.93,1.36,16.6
2015-02-04 19:30:00,3007800.0,988.75,-1.67,272.37,-3.7,85.9,5.4,4.64,0.76,2.93,4.7,1266.44,0.66,1.48,353.5
2015-02-04 19:40:00,3008400.0,988.87,-1.68,272.35,-3.55,87.0,5.4,4.7,0.7,2.96,4.75,1266.63,0.5,1.04,317.1
2015-02-04 19:50:00,3009000.0,988.96,-1.68,272.35,-3.56,86.9,5.4,4.69,0.71,2.96,4.74,1266.74,0.61,1.28,36.31
2015-02-04 20:00:00,3009600.0,989.01,-1.71,272.31,-3.42,88.0,5.39,4.74,0.65,2.99,4.79,1266.92,1.35,1.92,44.02
2015-02-04 20:10:00,3010200.0,989.08,-1.8,272.21,-3.29,89.5,5.35,4.79,0.56,3.02,4.84,1267.42,1.97,3.24,36.97
2015-02-04 20:20:00,3010800.0,989.2,-1.92,272.08,-3.26,90.5,5.3,4.8,0.5,3.02,4.85,1268.15,2.14,2.98,31.31
2015-02-04 20:30:00,3011400.0,989.28,-2.0,272.0,-3.29,90.8,5.27,4.79,0.49,3.02,4.84,1268.6,2.12,3.16,34.18
2015-02-04 20:40:00,3012000.0,989.39,-2.08,271.91,-3.51,89.8,5.24,4.71,0.53,2.97,4.76,1269.14,2.07,2.88,29.36
2015-02-04 20:50:00,3012600.0,989.5,-2.02,271.96,-3.59,88.9,5.27,4.68,0.58,2.95,4.73,1269.02,1.49,2.4,46.6
2015-02-04 21:00:00,3013200.0,989.51,-2.0,271.98,-3.4,90.1,5.27,4.75,0.52,2.99,4.8,1268.94,1.09,1.7,43.74
2015-02-04 21:10:00,3013800.0,989.61,-2.04,271.93,-3.38,90.5,5.26,4.76,0.5,3.0,4.81,1269.22,1.14,1.6,38.36
2015-02-04 21:20:00,3014400.0,989.7,-2.04,271.93,-3.72,88.2,5.26,4.64,0.62,2.92,4.68,1269.4,0.72,1.36,38.15
2015-02-04 21:30:00,3015000.0,989.77,-2.07,271.89,-3.99,86.6,5.24,4.54,0.7,2.86,4.59,1269.69,0.41,0.92,35.95
2015-02-04 21:40:00,3015600.0,989.87,-2.07,271.88,-4.18,85.4,5.24,4.48,0.77,2.82,4.52,1269.84,0.68,1.04,27.22
2015-02-04 21:50:00,3016200.0,990.04,-2.03,271.91,-4.26,84.6,5.26,4.45,0.81,2.8,4.49,1269.89,0.7,1.26,20.74
2015-02-04 22:00:00,3016800.0,990.16,-2.01,271.92,-4.29,84.3,5.27,4.44,0.83,2.79,4.49,1269.95,0.68,0.84,29.02
2015-02-04 22:10:00,3017400.0,990.16,-1.92,272.01,-4.2,84.3,5.3,4.47,0.83,2.81,4.51,1269.53,0.66,1.16,217.7
2015-02-04 22:20:00,3018000.0,990.22,-2.0,271.92,-4.11,85.4,5.27,4.5,0.77,2.83,4.55,1269.97,1.06,1.22,228.4
2015-02-04 22:30:00,3018600.0,990.19,-2.04,271.89,-3.99,86.4,5.26,4.54,0.72,2.86,4.59,1270.06,1.19,1.72,235.5
2015-02-04 22:40:00,3019200.0,990.18,-2.07,271.85,-4.04,86.3,5.24,4.52,0.72,2.85,4.57,1270.24,1.44,1.76,236.6
2015-02-04 22:50:00,3019800.0,990.26,-2.07,271.85,-4.1,85.9,5.25,4.51,0.74,2.84,4.55,1270.32,1.21,1.72,233.3
2015-02-04 23:00:00,3020400.0,990.28,-2.09,271.83,-4.1,86.0,5.24,4.5,0.73,2.83,4.55,1270.45,1.47,1.76,233.5
2015-02-04 23:10:00,3021000.0,990.41,-2.14,271.77,-4.12,86.2,5.22,4.5,0.72,2.83,4.54,1270.87,1.43,1.8,266.9
2015-02-04 23:20:00,3021600.0,990.46,-2.11,271.8,-4.34,84.6,5.23,4.42,0.81,2.78,4.47,1270.81,1.36,1.66,253.1
2015-02-04 23:30:00,3022200.0,990.54,-2.21,271.69,-4.31,85.4,5.19,4.43,0.76,2.79,4.48,1271.37,1.33,1.66,232.4
2015-02-04 23:40:00,3022800.0,990.62,-2.35,271.54,-4.22,86.9,5.14,4.46,0.67,2.81,4.51,1272.11,1.52,2.1,255.0
2015-02-04 23:50:00,3023400.0,990.67,-2.41,271.48,-4.29,86.8,5.12,4.44,0.68,2.79,4.48,1272.47,1.5,2.0,251.5
2015-02-05 00:00:00,3024000.0,990.8,-2.28,271.6,-4.32,85.8,5.16,4.43,0.73,2.79,4.47,1272.03,1.77,2.68,300.9
2015-02-05 00:10:00,3024600.0,990.82,-2.23,271.64,-4.78,82.6,5.18,4.28,0.9,2.69,4.32,1271.93,1.64,2.6,303.0
2015-02-05 00:20:00,3025200.0,990.88,-2.15,271.72,-4.72,82.4,5.21,4.3,0.92,2.7,4.34,1271.6,0.96,1.8,249.0
2015-02-05 00:30:00,3025800.0,990.89,-2.27,271.6,-4.78,82.8,5.17,4.28,0.89,2.69,4.32,1272.19,1.33,2.2,302.4
2015-02-05 00:40:00,3026400.0,990.81,-2.37,271.5,-5.07,81.6,5.13,4.18,0.94,2.63,4.22,1272.61,1.81,2.86,298.6
2015-02-05 00:50:00,3027000.0,990.81,-2.38,271.5,-5.3,80.2,5.13,4.11,1.02,2.59,4.15,1272.66,2.06,2.92,292.0
2015-02-05 01:00:00,3027600.0,990.89,-2.45,271.42,-5.33,80.5,5.1,4.1,0.99,2.58,4.14,1273.14,1.65,2.64,294.8
2015-02-05 01:10:00,3028200.0,990.89,-2.51,271.36,-5.35,80.7,5.08,4.1,0.98,2.57,4.13,1273.42,0.83,1.94,270.9
2015-02-05 01:20:00,3028800.0,990.93,-2.55,271.32,-5.4,80.6,5.06,4.08,0.98,2.57,4.12,1273.63,1.23,2.64,276.0
2015-02-05 01:30:00,3029400.0,990.94,-2.66,271.21,-5.43,81.1,5.02,4.07,0.95,2.56,4.11,1274.18,1.13,1.8,261.8
2015-02-05 01:40:00,3030000.0,990.91,-2.68,271.19,-5.47,81.0,5.01,4.06,0.95,2.55,4.1,1274.23,1.03,2.04,300.1
2015-02-05 01:50:00,3030600.0,991.02,-2.65,271.21,-5.49,80.7,5.02,4.05,0.97,2.55,4.09,1274.26,0.99,1.44,311.2
2015-02-05 02:00:00,3031200.0,991.04,-2.67,271.19,-5.51,80.7,5.01,4.05,0.97,2.54,4.08,1274.39,0.7,1.62,303.0
2015-02-05 02:10:00,3031800.0,991.04,-2.63,271.23,-5.53,80.3,5.03,4.04,0.99,2.54,4.08,1274.17,1.37,1.76,301.9
2015-02-05 02:20:00,3032400.0,990.96,-2.63,271.24,-5.53,80.3,5.03,4.04,0.99,2.54,4.08,1274.08,0.94,1.48,264.9
2015-02-05 02:30:00,3033000.0,991.03,-2.75,271.11,-5.47,81.4,4.99,4.06,0.93,2.55,4.1,1274.73,1.19,1.68,297.1
2015-02-05 02:40:00,3033600.0,991.04,-2.8,271.05,-5.49,81.6,4.97,4.05,0.91,2.55,4.09,1275.0,0.83,1.52,272.2
2015-02-05 02:50:00,3034200.0,991.03,-2.8,271.06,-5.46,81.8,4.97,4.06,0.9,2.55,4.1,1274.98,0.73,1.24,280.3
2015-02-05 03:00:00,3034800.0,991.01,-2.83,271.03,-5.5,81.7,4.96,4.05,0.91,2.55,4.09,1275.08,0.61,1.26,299.7
2015-02-05 03:10:00,3035400.0,990.93,-2.88,270.99,-5.48,82.1,4.94,4.05,0.88,2.55,4.09,1275.2,0.5,0.88,247.6
2015-02-05 03:20:00,3036000.0,990.81,-2.92,270.95,-5.47,82.5,4.92,4.06,0.86,2.55,4.1,1275.27,0.69,1.68,355.8
2015-02-05 03:30:00,3036600.0,990.79,-2.94,270.93,-5.38,83.2,4.91,4.09,0.83,2.57,4.13,1275.32,0.91,1.08,332.2
2015-02-05 03:40:00,3037200.0,990.77,-3.07,270.81,-5.33,84.3,4.87,4.1,0.76,2.58,4.14,1275.88,0.85,1.4,6.72
2015-02-05 03:50:00,3037800.0,990.69,-3.14,270.75,-5.22,85.4,4.84,4.14,0.71,2.6,4.18,1276.08,0.95,1.44,15.8
2015-02-05 04:00:00,3038400.0,990.65,-3.14,270.75,-5.1,86.2,4.84,4.18,0.67,2.63,4.21,1276.02,0.82,1.4,2.48
2015-02-05 04:10:00,3039000.0,990.66,-3.15,270.74,-5.04,86.7,4.84,4.2,0.64,2.64,4.24,1276.07,0.92,1.58,18.2
2015-02-05 04:20:00,3039600.0,990.7,-3.15,270.73,-4.97,87.2,4.84,4.22,0.62,2.65,4.26,1276.13,0.58,1.36,30.44
2015-02-05 04:30:00,3040200.0,990.82,-3.1,270.77,-4.99,86.7,4.86,4.21,0.65,2.65,4.25,1276.04,0.63,1.4,292.4
2015-02-05 04:40:00,3040800.0,991.0,-3.1,270.76,-4.99,86.7,4.86,4.21,0.65,2.65,4.25,1276.26,0.46,1.24,23.14
2015-02-05 04:50:00,3041400.0,991.09,-3.09,270.76,-5.04,86.3,4.86,4.19,0.67,2.64,4.23,1276.37,0.65,1.66,312.9
2015-02-05 05:00:00,3042000.0,991.16,-3.1,270.74,-5.08,86.1,4.86,4.18,0.67,2.63,4.22,1276.51,0.89,1.64,323.8
2015-02-05 05:10:00,3042600.0,991.23,-3.12,270.72,-5.04,86.5,4.85,4.19,0.65,2.64,4.23,1276.68,0.62,1.6,324.9
2015-02-05 05:20:00,3043200.0,991.31,-3.08,270.75,-5.0,86.5,4.86,4.21,0.66,2.64,4.24,1276.59,0.38,1.32,343.1
2015-02-05 05:30:00,3043800.0,991.34,-2.99,270.85,-4.95,86.2,4.9,4.22,0.68,2.65,4.26,1276.17,0.72,1.24,314.7
2015-02-05 05:40:00,3044400.0,991.35,-3.11,270.72,-5.09,86.1,4.85,4.18,0.67,2.63,4.22,1276.79,0.58,1.04,343.8
2015-02-05 05:50:00,3045000.0,991.41,-3.15,270.68,-5.05,86.6,4.84,4.19,0.65,2.63,4.23,1277.03,0.73,1.08,285.6
2015-02-05 06:00:00,3045600.0,991.47,-3.24,270.58,-5.09,87.0,4.8,4.18,0.62,2.63,4.22,1277.58,1.08,1.44,254.2
2015-02-05 06:10:00,3046200.0,991.53,-3.32,270.5,-5.08,87.5,4.78,4.18,0.6,2.63,4.22,1278.01,1.17,1.34,260.2
2015-02-05 06:20:00,3046800.0,991.55,-3.34,270.48,-5.06,87.8,4.77,4.19,0.58,2.63,4.23,1278.12,1.13,1.44,261.2
2015-02-05 06:30:00,3047400.0,991.56,-3.25,270.57,-4.91,88.2,4.8,4.24,0.57,2.66,4.27,1277.68,0.91,1.16,296.6
2015-02-05 06:40:00,3048000.0,991.61,-3.19,270.62,-4.82,88.4,4.82,4.26,0.56,2.68,4.3,1277.47,0.72,1.06,322.0
2015-02-05 06:50:00,3048600.0,991.72,-3.16,270.64,-4.75,88.7,4.84,4.29,0.55,2.69,4.32,1277.45,0.62,1.12,334.7
2015-02-05 07:00:00,3049200.0,991.76,-3.26,270.54,-4.72,89.6,4.8,4.3,0.5,2.7,4.33,1277.99,1.01,1.4,2.87
2015-02-05 07:10:00,3049800.0,991.79,-3.27,270.53,-4.64,90.2,4.8,4.33,0.47,2.72,4.36,1278.05,1.45,2.36,10.71
2015-02-05 07:20:00,3050400.0,991.86,-3.27,270.52,-4.62,90.3,4.8,4.33,0.47,2.72,4.37,1278.14,1.49,2.0,10.67
2015-02-05 07:30:00,3051000.0,991.95,-3.27,270.51,-4.54,90.9,4.79,4.36,0.44,2.74,4.39,1278.24,1.87,2.42,17.26
2015-02-05 07:40:00,3051600.0,992.05,-3.24,270.54,-4.44,91.3,4.81,4.39,0.42,2.76,4.42,1278.19,1.55,2.64,20.8
2015-02-05 07:50:00,3052200.0,992.17,-3.21,270.56,-4.36,91.7,4.82,4.42,0.4,2.77,4.45,1278.21,2.3,3.41,33.26
2015-02-05 08:00:00,3052800.0,992.38,-3.19,270.56,-4.3,92.0,4.82,4.44,0.39,2.79,4.47,1278.37,2.03,2.76,36.13
2015-02-05 08:10:00,3053400.0,992.51,-3.2,270.54,-4.27,92.3,4.82,4.45,0.37,2.79,4.48,1278.6,1.96,2.7,35.46
2015-02-05 08:20:00,3054000.0,992.62,-3.19,270.55,-4.19,92.7,4.83,4.47,0.35,2.81,4.51,1278.64,2.45,3.41,32.06
2015-02-05 08:30:00,3054600.0,992.75,-3.1,270.62,-4.1,92.8,4.86,4.51,0.35,2.83,4.54,1278.41,2.23,2.76,28.44
2015-02-05 08:40:00,3055200.0,992.82,-2.97,270.75,-3.94,93.0,4.9,4.56,0.34,2.86,4.59,1277.85,3.04,4.73,28.22
2015-02-05 08:50:00,3055800.0,992.93,-2.88,270.83,-3.84,93.1,4.94,4.6,0.34,2.88,4.63,1277.56,3.31,4.49,35.42
2015-02-05 09:00:00,3056400.0,993.07,-2.79,270.91,-3.75,93.1,4.97,4.63,0.34,2.9,4.66,1277.28,2.63,3.73,33.26
2015-02-05 09:10:00,3057000.0,993.14,-2.71,270.99,-3.72,92.7,5.0,4.64,0.37,2.91,4.67,1276.96,3.14,4.39,35.49
2015-02-05 09:20:00,3057600.0,993.16,-2.54,271.15,-3.61,92.3,5.06,4.67,0.39,2.93,4.71,1276.19,2.19,3.57,33.68
2015-02-05 09:30:00,3058200.0,993.18,-2.47,271.22,-3.6,91.9,5.09,4.68,0.41,2.94,4.71,1275.88,2.68,4.41,30.14
2015-02-05 09:40:00,3058800.0,993.29,-2.43,271.25,-3.56,91.9,5.11,4.69,0.41,2.94,4.72,1275.84,3.14,4.21,26.31
2015-02-05 09:50:00,3059400.0,993.33,-2.28,271.4,-3.5,91.3,5.16,4.71,0.45,2.96,4.75,1275.17,3.84,5.17,40.27
2015-02-05 10:00:00,3060000.0,993.42,-2.18,271.5,-3.54,90.3,5.2,4.7,0.5,2.95,4.73,1274.8,3.53,4.67,41.88
2015-02-05 10:10:00,3060600.0,993.51,-2.14,271.52,-3.58,89.8,5.22,4.68,0.53,2.94,4.71,1274.76,3.68,5.49,32.15
2015-02-05 10:20:00,3061200.0,993.64,-2.19,271.46,-3.71,89.3,5.2,4.64,0.56,2.91,4.67,1275.18,3.47,4.85,28.07
2015-02-05 10:30:00,3061800.0,993.8,-2.11,271.53,-3.67,89.0,5.23,4.65,0.58,2.92,4.68,1275.01,3.75,5.09,37.1
2015-02-05 10:40:00,3062400.0,993.9,-2.12,271.51,-3.75,88.5,5.22,4.62,0.6,2.9,4.65,1275.19,3.49,4.53,38.19
2015-02-05 10:50:00,3063000.0,993.9,-2.16,271.48,-3.79,88.5,5.21,4.61,0.6,2.89,4.64,1275.37,4.93,6.69,38.69
2015-02-05 11:00:00,3063600.0,993.93,-2.14,271.49,-3.69,89.1,5.22,4.65,0.57,2.91,4.68,1275.32,3.96,7.05,40.15
2015-02-05 11:10:00,3064200.0,993.91,-2.08,271.55,-3.7,88.6,5.24,4.64,0.6,2.91,4.67,1275.0,4.68,7.07,38.55
2015-02-05 11:20:00,3064800.0,993.9,-2.06,271.57,-3.8,87.8,5.25,4.61,0.64,2.89,4.64,1274.91,5.15,6.91,36.77
2015-02-05 11:30:00,3065400.0,993.99,-1.98,271.65,-3.89,86.7,5.28,4.58,0.7,2.87,4.61,1274.65,4.97,6.45,36.82
2015-02-05 11:40:00,3066000.0,994.13,-1.98,271.64,-4.15,85.0,5.28,4.49,0.79,2.81,4.51,1274.89,4.73,6.57,37.66
2015-02-05 11:50:00,3066600.0,994.18,-1.91,271.71,-4.34,83.3,5.31,4.42,0.89,2.77,4.45,1274.64,4.45,6.49,37.59
2015-02-05 12:00:00,3067200.0,994.15,-1.91,271.71,-4.56,82.0,5.31,4.35,0.96,2.73,4.38,1274.65,5.1,6.47,42.0
2015-02-05 12:10:00,3067800.0,994.21,-1.84,271.77,-4.33,83.0,5.34,4.43,0.91,2.77,4.45,1274.37,3.75,5.57,50.33
2015-02-05 12:20:00,3068400.0,994.29,-1.71,271.89,-4.51,81.1,5.39,4.37,1.02,2.74,4.39,1273.91,3.74,6.69,57.98
2015-02-05 12:30:00,3069000.0,994.39,-1.85,271.75,-4.91,79.5,5.33,4.24,1.09,2.65,4.26,1274.74,4.6,7.57,61.92
2015-02-05 12:40:00,3069600.0,994.47,-1.84,271.75,-4.99,78.9,5.34,4.21,1.13,2.64,4.23,1274.78,4.62,6.63,67.39
2015-02-05 12:50:00,3070200.0,994.54,-1.66,271.92,-4.87,78.6,5.41,4.25,1.16,2.66,4.27,1274.05,4.09,6.09,38.27
2015-02-05 13:00:00,3070800.0,994.46,-1.69,271.9,-5.07,77.6,5.4,4.19,1.21,2.62,4.21,1274.08,4.94,6.25,41.68
2015-02-05 13:10:00,3071400.0,994.49,-1.67,271.92,-4.96,78.1,5.4,4.22,1.18,2.64,4.24,1274.02,4.38,6.77,43.89
2015-02-05 13:20:00,3072000.0,994.56,-1.63,271.96,-4.77,79.0,5.42,4.28,1.14,2.68,4.31,1273.88,3.63,5.15,58.46
2015-02-05 13:30:00,3072600.0,994.75,-1.79,271.78,-4.93,79.0,5.35,4.23,1.12,2.65,4.25,1274.93,4.89,7.29,67.93
2015-02-05 13:40:00,3073200.0,994.74,-1.92,271.65,-4.91,79.9,5.3,4.24,1.07,2.65,4.26,1275.51,4.13,5.69,57.88
2015-02-05 13:50:00,3073800.0,994.69,-1.83,271.75,-4.88,79.5,5.34,4.25,1.09,2.66,4.27,1275.01,4.44,7.01,46.8
2015-02-05 14:00:00,3074400.0,994.67,-1.64,271.93,-4.8,78.9,5.41,4.27,1.14,2.68,4.29,1274.1,4.45,7.37,46.13
2015-02-05 14:10:00,3075000.0,994.62,-1.52,272.06,-4.95,77.3,5.46,4.22,1.24,2.65,4.25,1273.48,4.6,7.45,47.59
2015-02-05 14:20:00,3075600.0,994.72,-1.55,272.02,-4.88,77.9,5.45,4.25,1.2,2.66,4.27,1273.75,4.27,6.17,64.69
2015-02-05 14:30:00,3076200.0,994.87,-1.68,271.88,-5.02,77.8,5.4,4.2,1.2,2.63,4.22,1274.55,5.08,7.33,69.17
2015-02-05 14:40:00,3076800.0,994.83,-1.72,271.84,-5.13,77.4,5.38,4.17,1.22,2.61,4.19,1274.72,4.4,6.19,67.76
2015-02-05 14:50:00,3077400.0,994.8,-1.63,271.94,-5.3,75.9,5.42,4.11,1.31,2.58,4.14,1274.26,3.98,6.17,59.99
2015-02-05 15:00:00,3078000.0,994.77,-1.53,272.04,-5.27,75.5,5.46,4.12,1.34,2.58,4.14,1273.79,4.77,7.33,48.79
2015-02-05 15:10:00,3078600.0,994.83,-1.52,272.04,-5.23,75.7,5.46,4.14,1.33,2.59,4.16,1273.81,3.85,6.27,59.2
2015-02-05 15:20:00,3079200.0,994.94,-1.46,272.09,-5.5,73.8,5.49,4.05,1.44,2.53,4.07,1273.71,4.83,8.61,64.52
2015-02-05 15:30:00,3079800.0,995.03,-1.53,272.02,-5.76,72.7,5.46,3.97,1.49,2.48,3.99,1274.18,5.01,7.21,64.39
2015-02-05 15:40:00,3080400.0,995.03,-1.5,272.05,-5.68,73.0,5.47,4.0,1.48,2.5,4.02,1274.01,4.49,5.85,59.21
2015-02-05 15:50:00,3081000.0,995.03,-1.32,272.23,-5.91,70.8,5.54,3.93,1.62,2.46,3.95,1273.21,3.85,6.93,58.32
2015-02-05 16:00:00,3081600.0,995.04,-1.14,272.4,-5.92,69.83,5.62,3.92,1.69,2.46,3.94,1272.41,4.67,7.53,54.64
2015-02-05 16:10:00,3082200.0,995.15,-1.35,272.19,-5.81,71.5,5.53,3.96,1.58,2.48,3.97,1273.5,3.4,5.65,50.9
2015-02-05 16:20:00,3082800.0,995.17,-1.49,272.05,-5.76,72.5,5.48,3.97,1.51,2.49,3.99,1274.15,4.29,6.81,47.81
2015-02-05 16:30:00,3083400.0,995.26,-1.57,271.96,-5.66,73.5,5.44,4.0,1.44,2.5,4.02,1274.66,4.39,5.59,47.44
2015-02-05 16:40:00,3084000.0,995.28,-1.65,271.88,-5.61,74.2,5.41,4.01,1.4,2.51,4.03,1275.05,4.32,6.43,44.82
2015-02-05 16:50:00,3084600.0,995.37,-1.71,271.81,-5.57,74.8,5.39,4.03,1.36,2.52,4.05,1275.44,4.57,6.41,44.03
2015-02-05 17:00:00,3085200.0,995.53,-1.81,271.7,-5.4,76.3,5.35,4.08,1.27,2.55,4.1,1276.07,4.13,5.45,37.18
2015-02-05 17:10:00,3085800.0,995.65,-2.0,271.5,-5.12,79.1,5.27,4.17,1.1,2.61,4.19,1277.09,4.71,6.69,34.83
2015-02-05 17:20:00,3086400.0,995.82,-2.08,271.41,-5.06,79.9,5.24,4.19,1.05,2.62,4.21,1277.67,5.19,7.05,37.37
2015-02-05 17:30:00,3087000.0,995.94,-2.16,271.32,-5.11,80.1,5.21,4.17,1.04,2.61,4.19,1278.21,4.77,6.65,36.87
2015-02-05 17:40:00,3087600.0,996.01,-2.26,271.21,-5.07,80.9,5.17,4.18,0.99,2.62,4.2,1278.76,4.14,5.49,39.48
2015-02-05 17:50:00,3088200.0,996.06,-2.32,271.15,-5.1,81.1,5.15,4.18,0.97,2.61,4.19,1279.12,3.83,5.77,37.79
2015-02-05 18:00:00,3088800.0,996.19,-2.28,271.18,-5.01,81.4,5.17,4.2,0.96,2.63,4.22,1279.07,3.17,4.97,35.0
2015-02-05 18:10:00,3089400.0,996.32,-2.27,271.17,-4.83,82.5,5.17,4.26,0.9,2.67,4.28,1279.18,3.49,5.01,34.44
2015-02-05 18:20:00,3090000.0,996.37,-2.27,271.17,-4.61,83.9,5.17,4.34,0.83,2.71,4.35,1279.22,4.64,6.91,37.36
2015-02-05 18:30:00,3090600.0,996.46,-2.27,271.17,-4.53,84.4,5.17,4.36,0.81,2.73,4.38,1279.31,4.63,5.85,36.85
2015-02-05 18:40:00,3091200.0,996.6,-2.2,271.22,-4.45,84.5,5.19,4.39,0.8,2.74,4.4,1279.16,4.45,6.69,35.98
2015-02-05 18:50:00,3091800.0,996.72,-2.16,271.26,-4.54,83.6,5.21,4.36,0.85,2.72,4.37,1279.12,3.69,5.69,46.46
2015-02-05 19:00:00,3092400.0,996.86,-2.18,271.23,-4.72,82.6,5.2,4.3,0.91,2.69,4.31,1279.41,4.28,5.81,44.54
2015-02-05 19:10:00,3093000.0,997.04,-2.22,271.17,-4.79,82.4,5.19,4.27,0.91,2.67,4.29,1279.85,3.99,5.29,44.77
2015-02-05 19:20:00,3093600.0,997.18,-2.22,271.16,-4.83,82.2,5.19,4.26,0.92,2.66,4.27,1280.07,3.11,4.85,42.34
2015-02-05 19:30:00,3094200.0,997.21,-2.16,271.22,-4.85,81.7,5.21,4.26,0.95,2.66,4.27,1279.8,3.71,6.33,40.42
2015-02-05 19:40:00,3094800.0,997.18,-2.1,271.28,-4.79,81.7,5.24,4.28,0.96,2.67,4.29,1279.45,3.38,6.13,45.73
2015-02-05 19:50:00,3095400.0,997.17,-1.99,271.39,-4.75,81.3,5.28,4.29,0.99,2.68,4.3,1278.93,5.01,9.15,42.76
2015-02-05 20:00:00,3096000.0,997.23,-1.91,271.46,-4.77,80.7,5.31,4.28,1.02,2.68,4.29,1278.65,4.48,6.93,47.86
2015-02-05 20:10:00,3096600.0,997.31,-1.9,271.47,-4.76,80.7,5.31,4.29,1.03,2.68,4.3,1278.71,4.3,6.57,50.64
2015-02-05 20:20:00,3097200.0,997.42,-1.9,271.47,-4.77,80.6,5.31,4.28,1.03,2.67,4.29,1278.81,4.07,7.45,48.19
2015-02-05 20:30:00,3097800.0,997.49,-1.97,271.38,-4.85,80.6,5.28,4.26,1.02,2.66,4.27,1279.29,3.81,6.17,52.79
2015-02-05 20:40:00,3098400.0,997.5,-2.03,271.33,-5.03,79.8,5.26,4.2,1.06,2.62,4.21,1279.58,3.68,6.17,63.17
2015-02-05 20:50:00,3099000.0,997.6,-2.18,271.17,-5.16,79.9,5.2,4.16,1.05,2.6,4.17,1280.45,3.41,6.03,63.56
2015-02-05 21:00:00,3099600.0,997.62,-2.29,271.05,-5.27,79.9,5.16,4.12,1.04,2.57,4.13,1281.02,3.23,5.69,47.5
2015-02-05 21:10:00,3100200.0,997.72,-2.38,270.96,-5.34,80.0,5.13,4.1,1.03,2.56,4.11,1281.57,3.21,5.61,48.02
2015-02-05 21:20:00,3100800.0,997.82,-2.5,270.83,-5.4,80.3,5.08,4.08,1.0,2.55,4.09,1282.26,4.27,7.41,48.74
2015-02-05 21:30:00,3101400.0,997.85,-2.6,270.73,-5.46,80.6,5.04,4.06,0.98,2.54,4.07,1282.81,3.59,5.97,51.58
2015-02-05 21:40:00,3102000.0,997.92,-2.68,270.64,-5.44,81.2,5.01,4.07,0.94,2.54,4.08,1283.29,3.67,6.05,56.07
2015-02-05 21:50:00,3102600.0,997.96,-2.75,270.57,-5.48,81.4,4.99,4.06,0.93,2.53,4.07,1283.68,3.06,4.77,53.42
2015-02-05 22:00:00,3103200.0,997.89,-2.86,270.46,-5.54,81.7,4.94,4.04,0.9,2.52,4.05,1284.12,3.37,4.97,53.36
2015-02-05 22:10:00,3103800.0,997.85,-2.95,270.38,-5.54,82.2,4.91,4.04,0.87,2.52,4.05,1284.49,2.68,4.31,66.5
2015-02-05 22:20:00,3104400.0,997.78,-3.03,270.31,-5.57,82.5,4.88,4.03,0.85,2.52,4.04,1284.75,3.22,4.25,36.61
2015-02-05 22:30:00,3105000.0,997.78,-3.09,270.24,-5.54,83.1,4.86,4.04,0.82,2.52,4.05,1285.06,3.3,4.57,42.98
2015-02-05 22:40:00,3105600.0,997.8,-3.14,270.19,-5.47,83.8,4.84,4.06,0.78,2.53,4.07,1285.3,3.81,5.21,40.29
2015-02-05 22:50:00,3106200.0,997.83,-3.1,270.23,-5.44,83.8,4.86,4.07,0.79,2.54,4.08,1285.16,3.58,5.15,39.93
2015-02-05 23:00:00,3106800.0,997.89,-3.08,270.24,-5.48,83.4,4.86,4.06,0.81,2.53,4.06,1285.15,3.86,5.73,39.66
2015-02-05 23:10:00,3107400.0,997.97,-3.03,270.29,-5.49,83.0,4.88,4.05,0.83,2.53,4.06,1285.02,4.18,5.77,40.51
2015-02-05 23:20:00,3108000.0,998.1,-3.0,270.31,-5.51,82.7,4.89,4.05,0.85,2.53,4.05,1285.04,4.24,5.75,37.51
2015-02-05 23:30:00,3108600.0,998.26,-2.92,270.38,-5.57,81.8,4.92,4.03,0.9,2.51,4.03,1284.85,3.5,5.65,50.62
2015-02-05 23:40:00,3109200.0,998.31,-2.78,270.51,-5.8,79.6,4.97,3.96,1.01,2.47,3.97,1284.32,3.87,8.17,61.7
2015-02-05 23:50:00,3109800.0,998.22,-2.65,270.65,-6.13,76.8,5.02,3.86,1.17,2.41,3.87,1283.61,3.65,6.17,55.77
2015-02-06 00:00:00,3110400.0,998.27,-2.57,270.73,-6.28,75.5,5.05,3.82,1.24,2.38,3.82,1283.31,4.32,7.97,54.83
2015-02-06 00:10:00,3111000.0,998.25,-2.54,270.76,-6.31,75.1,5.07,3.8,1.26,2.37,3.81,1283.15,5.43,9.51,63.61
2015-02-06 00:20:00,3111600.0,998.3,-2.54,270.75,-6.18,75.9,5.07,3.84,1.22,2.4,3.85,1283.2,4.86,7.97,61.06
2015-02-06 00:30:00,3112200.0,998.3,-2.52,270.77,-6.23,75.5,5.07,3.83,1.24,2.39,3.84,1283.12,6.21,8.81,61.63
2015-02-06 00:40:00,3112800.0,998.23,-2.47,270.83,-6.2,75.4,5.09,3.84,1.25,2.4,3.85,1282.79,5.16,9.01,59.51
2015-02-06 00:50:00,3113400.0,998.22,-2.47,270.83,-6.04,76.3,5.09,3.89,1.21,2.42,3.89,1282.75,5.41,8.77,60.53
2015-02-06 01:00:00,3114000.0,998.24,-2.47,270.83,-5.91,77.1,5.09,3.93,1.17,2.45,3.93,1282.75,5.15,7.49,60.31
2015-02-06 01:10:00,3114600.0,998.11,-2.47,270.84,-5.91,77.1,5.09,3.93,1.17,2.45,3.93,1282.59,4.32,7.49,55.84
2015-02-06 01:20:00,3115200.0,998.05,-2.47,270.84,-5.78,77.9,5.09,3.97,1.12,2.47,3.97,1282.51,4.61,7.59,64.85
2015-02-06 01:30:00,3115800.0,998.05,-2.52,270.79,-5.72,78.5,5.07,3.98,1.09,2.48,3.99,1282.73,4.31,6.41,64.61
2015-02-06 01:40:00,3116400.0,997.99,-2.47,270.85,-5.59,79.0,5.09,4.02,1.07,2.51,4.03,1282.39,3.68,6.05,60.2
2015-02-06 01:50:00,3117000.0,997.96,-2.49,270.83,-5.51,79.6,5.08,4.05,1.04,2.53,4.06,1282.42,4.22,8.45,53.9
2015-02-06 02:00:00,3117600.0,998.02,-2.48,270.83,-5.45,79.9,5.09,4.06,1.02,2.54,4.07,1282.47,4.37,6.65,63.35
2015-02-06 02:10:00,3118200.0,997.97,-2.47,270.85,-5.5,79.5,5.09,4.05,1.04,2.53,4.06,1282.34,5.76,8.21,55.29
2015-02-06 02:20:00,3118800.0,997.96,-2.46,270.86,-5.67,78.5,5.09,4.0,1.1,2.5,4.01,1282.33,5.38,8.99,55.64
2015-02-06 02:30:00,3119400.0,998.04,-2.4,270.91,-5.79,77.4,5.12,3.96,1.16,2.47,3.97,1282.16,6.32,11.14,62.85
2015-02-06 02:40:00,3120000.0,997.9,-2.4,270.92,-5.67,78.1,5.12,4.0,1.12,2.5,4.01,1281.96,5.39,8.29,58.75
2015-02-06 02:50:00,3120600.0,997.85,-2.39,270.94,-5.63,78.3,5.12,4.01,1.11,2.5,4.02,1281.83,5.14,9.33,60.25
2015-02-06 03:00:00,3121200.0,997.62,-2.37,270.98,-5.57,78.5,5.13,4.03,1.1,2.51,4.04,1281.42,5.87,9.49,56.83
2015-02-06 03:10:00,3121800.0,997.53,-2.41,270.95,-5.36,80.0,5.12,4.09,1.02,2.56,4.1,1281.47,4.77,7.21,60.39
2015-02-06 03:20:00,3122400.0,997.53,-2.4,270.95,-5.23,80.8,5.12,4.13,0.98,2.58,4.14,1281.43,4.1,7.17,64.5
2015-02-06 03:30:00,3123000.0,997.55,-2.41,270.94,-5.17,81.2,5.11,4.15,0.96,2.59,4.16,1281.47,3.91,5.81,56.47
2015-02-06 03:40:00,3123600.0,997.64,-2.4,270.94,-5.16,81.2,5.12,4.16,0.96,2.59,4.17,1281.55,4.04,6.61,58.67
2015-02-06 03:50:00,3124200.0,997.77,-2.4,270.93,-5.21,80.9,5.12,4.14,0.98,2.59,4.15,1281.71,4.39,7.81,58.55
2015-02-06 04:00:00,3124800.0,997.71,-2.45,270.89,-5.1,81.9,5.1,4.18,0.92,2.61,4.18,1281.88,4.2,5.69,40.25
2015-02-06 04:10:00,3125400.0,997.74,-2.55,270.79,-5.1,82.5,5.06,4.18,0.89,2.61,4.19,1282.36,4.62,6.09,41.55
2015-02-06 04:20:00,3126000.0,997.95,-2.6,270.72,-4.99,83.5,5.04,4.21,0.83,2.63,4.22,1282.86,4.97,6.65,42.9
2015-02-06 04:30:00,3126600.0,998.01,-2.59,270.72,-5.0,83.4,5.04,4.21,0.84,2.63,4.22,1282.91,5.05,7.69,47.17
2015-02-06 04:40:00,3127200.0,998.06,-2.53,270.78,-5.17,82.0,5.07,4.15,0.91,2.59,4.16,1282.72,4.33,6.21,46.76
2015-02-06 04:50:00,3127800.0,998.1,-2.54,270.77,-5.15,82.1,5.07,4.16,0.91,2.6,4.17,1282.8,4.45,6.11,46.83
2015-02-06 05:00:00,3128400.0,998.2,-2.59,270.71,-4.95,83.7,5.04,4.22,0.82,2.64,4.23,1283.15,4.41,6.49,38.28
2015-02-06 05:10:00,3129000.0,998.35,-2.6,270.69,-4.99,83.5,5.04,4.21,0.83,2.63,4.22,1283.38,4.25,6.45,44.54
2015-02-06 05:20:00,3129600.0,998.37,-2.59,270.7,-5.11,82.7,5.05,4.17,0.87,2.6,4.18,1283.37,4.75,6.49,43.9
2015-02-06 05:30:00,3130200.0,998.48,-2.63,270.65,-5.07,83.2,5.03,4.19,0.85,2.61,4.19,1283.7,5.33,7.53,39.56
2015-02-06 05:40:00,3130800.0,998.56,-2.7,270.57,-5.06,83.7,5.0,4.19,0.82,2.61,4.19,1284.14,6.3,10.74,38.84
2015-02-06 05:50:00,3131400.0,998.6,-2.73,270.54,-5.13,83.4,4.99,4.16,0.83,2.6,4.17,1284.33,5.81,9.07,47.7
2015-02-06 06:00:00,3132000.0,998.72,-2.8,270.46,-5.14,83.8,4.97,4.16,0.8,2.6,4.17,1284.84,5.91,9.38,47.67
2015-02-06 06:10:00,3132600.0,998.75,-2.87,270.39,-5.14,84.2,4.94,4.16,0.78,2.6,4.17,1285.19,5.04,7.09,42.32
2015-02-06 06:20:00,3133200.0,998.75,-2.91,270.35,-5.2,84.1,4.93,4.14,0.78,2.58,4.15,1285.39,5.53,8.41,49.88
2015-02-06 06:30:00,3133800.0,998.77,-2.89,270.36,-5.23,83.8,4.93,4.13,0.8,2.58,4.14,1285.35,4.63,7.53,51.01
2015-02-06 06:40:00,3134400.0,998.68,-2.87,270.39,-5.27,83.4,4.94,4.12,0.82,2.57,4.13,1285.14,3.1,4.99,49.95
2015-02-06 06:50:00,3135000.0,998.59,-2.88,270.39,-5.28,83.4,4.94,4.12,0.82,2.57,4.12,1285.06,2.86,5.01,60.87
2015-02-06 07:00:00,3135600.0,998.58,-2.87,270.4,-5.32,83.1,4.94,4.11,0.84,2.56,4.11,1284.99,3.51,6.45,53.35
2015-02-06 07:10:00,3136200.0,998.59,-2.87,270.4,-5.38,82.7,4.94,4.09,0.86,2.55,4.09,1285.02,4.15,6.53,65.15
2015-02-06 07:20:00,3136800.0,998.7,-2.87,270.39,-5.4,82.6,4.94,4.08,0.86,2.55,4.09,1285.18,4.63,7.55,61.36
2015-02-06 07:30:00,3137400.0,998.76,-2.87,270.39,-5.46,82.2,4.94,4.06,0.88,2.53,4.07,1285.24,5.04,7.89,62.3
2015-02-06 07:40:00,3138000.0,998.81,-2.87,270.38,-5.52,81.8,4.94,4.04,0.9,2.52,4.05,1285.33,4.68,7.09,50.26
2015-02-06 07:50:00,3138600.0,998.81,-2.81,270.44,-5.5,81.6,4.96,4.05,0.91,2.53,4.05,1285.07,4.25,8.57,50.67
2015-02-06 08:00:00,3139200.0,998.96,-2.83,270.42,-5.47,81.9,4.96,4.06,0.9,2.53,4.06,1285.3,3.84,6.09,56.67
2015-02-06 08:10:00,3139800.0,999.0,-2.87,270.37,-5.54,81.7,4.94,4.04,0.9,2.52,4.04,1285.56,5.07,7.89,58.13
2015-02-06 08:20:00,3140400.0,999.13,-2.81,270.42,-5.48,81.7,4.96,4.06,0.91,2.53,4.06,1285.45,4.41,7.53,50.78
2015-02-06 08:30:00,3141000.0,999.26,-2.75,270.47,-5.47,81.4,4.99,4.06,0.93,2.53,4.06,1285.34,4.13,5.81,53.3
2015-02-06 08:40:00,3141600.0,999.42,-2.75,270.46,-5.48,81.3,4.99,4.05,0.93,2.53,4.06,1285.52,4.55,9.74,57.19
2015-02-06 08:50:00,3142200.0,999.49,-2.74,270.46,-5.56,80.8,4.99,4.03,0.96,2.51,4.03,1285.59,4.97,7.65,55.25
2015-02-06 09:00:00,3142800.0,999.55,-2.72,270.47,-5.56,80.7,5.0,4.03,0.96,2.51,4.03,1285.59,4.71,7.71,55.02
2015-02-06 09:10:00,3143400.0,999.58,-2.67,270.52,-5.54,80.5,5.02,4.04,0.98,2.52,4.04,1285.39,5.04,8.89,54.15
2015-02-06 09:20:00,3144000.0,999.71,-2.69,270.5,-5.56,80.5,5.01,4.03,0.98,2.51,4.03,1285.62,4.94,7.17,52.35
2015-02-06 09:30:00,3144600.0,999.78,-2.68,270.5,-5.52,80.7,5.01,4.05,0.97,2.52,4.05,1285.67,4.73,7.43,58.78
2015-02-06 09:40:00,3145200.0,999.84,-2.67,270.5,-5.53,80.6,5.01,4.04,0.97,2.52,4.04,1285.73,4.89,8.71,48.59
2015-02-06 09:50:00,3145800.0,999.86,-2.67,270.5,-5.62,80.0,5.02,4.01,1.0,2.5,4.01,1285.76,5.36,7.69,49.95
2015-02-06 10:00:00,3146400.0,999.89,-2.65,270.51,-5.66,79.7,5.02,4.0,1.02,2.49,4.0,1285.72,5.47,9.13,55.46
2015-02-06 10:10:00,3147000.0,999.9,-2.64,270.52,-5.71,79.3,5.03,3.99,1.04,2.48,3.99,1285.69,5.76,8.01,45.24
2015-02-06 10:20:00,3147600.0,999.94,-2.68,270.48,-5.67,79.8,5.01,4.0,1.01,2.49,4.0,1285.92,6.12,7.97,40.8
2015-02-06 10:30:00,3148200.0,1000.07,-2.75,270.41,-5.67,80.2,4.99,4.0,0.99,2.49,4.0,1286.4,6.89,9.66,49.08
2015-02-06 10:40:00,3148800.0,1000.14,-2.77,270.38,-5.64,80.5,4.98,4.01,0.97,2.5,4.01,1286.58,5.58,10.58,45.18
2015-02-06 10:50:00,3149400.0,1000.25,-2.85,270.29,-5.96,79.0,4.95,3.91,1.04,2.43,3.91,1287.17,5.92,9.35,56.75
2015-02-06 11:00:00,3150000.0,1000.33,-2.8,270.33,-5.9,79.1,4.97,3.93,1.04,2.45,3.93,1287.01,4.32,8.17,62.9
2015-02-06 11:10:00,3150600.0,1000.54,-2.83,270.29,-5.65,80.8,4.96,4.0,0.95,2.49,4.0,1287.39,4.23,7.45,55.5
2015-02-06 11:20:00,3151200.0,1000.62,-2.94,270.18,-5.4,83.0,4.92,4.08,0.84,2.54,4.08,1287.97,4.93,7.41,47.35
2015-02-06 11:30:00,3151800.0,1000.66,-3.01,270.1,-5.76,81.2,4.89,3.97,0.92,2.47,3.97,1288.44,5.7,7.69,48.85
2015-02-06 11:40:00,3152400.0,1000.64,-2.94,270.17,-6.0,79.3,4.91,3.9,1.02,2.43,3.89,1288.1,4.92,7.01,54.5
2015-02-06 11:50:00,3153000.0,1000.58,-2.79,270.33,-5.8,79.6,4.97,3.96,1.01,2.46,3.96,1287.26,3.74,5.23,52.73
2015-02-06 12:00:00,3153600.0,1000.55,-2.85,270.27,-5.49,81.9,4.95,4.05,0.9,2.52,4.05,1287.46,4.28,6.09,38.65
2015-02-06 12:10:00,3154200.0,1000.51,-3.03,270.09,-5.37,83.8,4.88,4.09,0.79,2.55,4.09,1288.29,5.74,8.93,40.89
2015-02-06 12:20:00,3154800.0,1000.61,-3.03,270.09,-5.36,83.8,4.88,4.09,0.79,2.55,4.09,1288.37,5.52,7.37,44.33
2015-02-06 12:30:00,3155400.0,1000.69,-2.97,270.14,-5.34,83.6,4.9,4.1,0.8,2.55,4.1,1288.21,4.58,6.73,43.67
2015-02-06 12:40:00,3156000.0,1000.65,-2.95,270.16,-5.34,83.5,4.91,4.1,0.81,2.55,4.1,1288.07,4.81,7.13,41.79
2015-02-06 12:50:00,3156600.0,1000.74,-2.95,270.15,-5.62,81.7,4.91,4.01,0.9,2.5,4.01,1288.23,5.0,7.77,58.02
2015-02-06 13:00:00,3157200.0,1000.78,-2.9,270.2,-5.98,79.2,4.93,3.9,1.03,2.43,3.9,1288.09,4.74,7.33,55.99
2015-02-06 13:10:00,3157800.0,1000.7,-2.83,270.28,-6.1,78.0,4.96,3.87,1.09,2.41,3.86,1287.65,4.62,7.57,53.88
2015-02-06 13:20:00,3158400.0,1000.61,-2.74,270.37,-5.92,78.6,4.99,3.92,1.07,2.44,3.92,1287.11,4.0,6.97,53.28
2015-02-06 13:30:00,3159000.0,1000.69,-2.84,270.27,-5.87,79.5,4.95,3.94,1.02,2.45,3.93,1287.66,4.66,6.97,62.97
2015-02-06 13:40:00,3159600.0,1000.77,-2.9,270.2,-5.86,79.9,4.93,3.94,0.99,2.45,3.94,1288.06,5.14,8.53,57.06
2015-02-06 13:50:00,3160200.0,1000.73,-2.82,270.28,-5.84,79.6,4.96,3.95,1.01,2.46,3.94,1287.64,3.31,6.65,51.89
2015-02-06 14:00:00,3160800.0,1000.75,-2.74,270.36,-5.77,79.5,4.99,3.97,1.02,2.47,3.96,1287.25,3.9,5.75,43.7
2015-02-06 14:10:00,3161400.0,1000.77,-2.72,270.38,-5.85,78.9,5.0,3.94,1.05,2.45,3.94,1287.2,3.82,6.21,51.66
2015-02-06 14:20:00,3162000.0,1000.7,-2.73,270.37,-5.9,78.7,4.99,3.93,1.06,2.45,3.93,1287.17,5.16,7.53,55.35
2015-02-06 14:30:00,3162600.0,1000.65,-2.69,270.42,-5.91,78.4,5.01,3.93,1.08,2.44,3.92,1286.92,4.36,7.13,48.85
2015-02-06 14:40:00,3163200.0,1000.57,-2.65,270.46,-5.87,78.4,5.02,3.94,1.08,2.45,3.93,1286.63,4.56,6.45,39.96
2015-02-06 14:50:00,3163800.0,1000.64,-2.62,270.49,-5.8,78.6,5.04,3.96,1.08,2.46,3.96,1286.54,4.5,6.73,38.7
2015-02-06 15:00:00,3164400.0,1000.74,-2.63,270.47,-5.8,78.7,5.03,3.96,1.07,2.46,3.96,1286.72,5.11,7.15,39.15
2015-02-06 15:10:00,3165000.0,1000.74,-2.67,270.43,-5.8,78.9,5.02,3.96,1.06,2.46,3.95,1286.92,5.89,8.61,42.03
2015-02-06 15:20:00,3165600.0,1000.76,-2.68,270.42,-5.81,78.9,5.01,3.95,1.06,2.46,3.95,1286.99,5.21,7.73,39.99
2015-02-06 15:30:00,3166200.0,1000.85,-2.7,270.4,-5.84,78.8,5.01,3.94,1.06,2.46,3.94,1287.18,4.78,7.41,39.65
2015-02-06 15:40:00,3166800.0,1000.89,-2.73,270.36,-5.88,78.8,4.99,3.93,1.06,2.45,3.93,1287.39,5.33,8.63,41.41
2015-02-06 15:50:00,3167400.0,1000.97,-2.75,270.33,-5.93,78.6,4.99,3.92,1.07,2.44,3.92,1287.62,4.59,6.81,42.65
2015-02-06 16:00:00,3168000.0,1001.06,-2.84,270.24,-6.03,78.5,4.95,3.89,1.07,2.42,3.88,1288.16,4.61,7.29,41.77
2015-02-06 16:10:00,3168600.0,1001.07,-2.88,270.2,-6.06,78.6,4.94,3.88,1.06,2.42,3.88,1288.37,4.51,6.65,44.58
2015-02-06 16:20:00,3169200.0,1001.0,-2.94,270.15,-6.11,78.6,4.92,3.87,1.05,2.41,3.86,1288.56,4.65,6.61,42.82
2015-02-06 16:30:00,3169800.0,1000.96,-2.98,270.1,-6.21,78.3,4.9,3.84,1.06,2.39,3.83,1288.75,4.58,7.05,36.48
2015-02-06 16:40:00,3170400.0,1001.0,-3.11,269.97,-6.47,77.5,4.85,3.76,1.09,2.34,3.76,1289.46,5.74,8.53,28.94
2015-02-06 16:50:00,3171000.0,1001.06,-3.22,269.86,-6.67,76.9,4.81,3.7,1.11,2.3,3.7,1290.09,6.46,9.33,36.48
2015-02-06 17:00:00,3171600.0,1001.09,-3.22,269.86,-6.6,77.3,4.81,3.72,1.09,2.32,3.72,1290.11,5.03,7.85,40.25
2015-02-06 17:10:00,3172200.0,1001.2,-3.27,269.8,-6.18,80.2,4.8,3.85,0.95,2.39,3.84,1290.42,4.3,6.89,38.46
2015-02-06 17:20:00,3172800.0,1001.36,-3.3,269.75,-6.09,80.9,4.78,3.87,0.91,2.41,3.87,1290.77,3.85,6.65,37.51
2015-02-06 17:30:00,3173400.0,1001.37,-3.34,269.71,-6.23,80.3,4.77,3.83,0.94,2.38,3.82,1291.0,5.14,7.21,38.13
2015-02-06 17:40:00,3174000.0,1001.37,-3.37,269.69,-6.17,80.8,4.76,3.85,0.91,2.39,3.84,1291.12,4.82,6.57,38.82
2015-02-06 17:50:00,3174600.0,1001.49,-3.4,269.65,-6.2,80.8,4.75,3.84,0.91,2.39,3.83,1291.41,4.03,5.91,39.56
2015-02-06 18:00:00,3175200.0,1001.59,-3.32,269.72,-6.03,81.4,4.78,3.89,0.89,2.42,3.88,1291.15,3.54,5.27,43.45
2015-02-06 18:10:00,3175800.0,1001.64,-3.33,269.7,-6.04,81.4,4.77,3.88,0.89,2.42,3.88,1291.28,3.21,5.29,31.91
2015-02-06 18:20:00,3176400.0,1001.65,-3.39,269.65,-6.09,81.4,4.75,3.87,0.88,2.41,3.86,1291.54,3.28,5.57,40.89
2015-02-06 18:30:00,3177000.0,1001.67,-3.4,269.63,-6.09,81.5,4.75,3.87,0.88,2.41,3.86,1291.64,4.44,5.69,37.89
2015-02-06 18:40:00,3177600.0,1001.74,-3.39,269.64,-6.18,80.9,4.75,3.84,0.91,2.39,3.84,1291.7,4.29,7.09,35.44
2015-02-06 18:50:00,3178200.0,1001.78,-3.35,269.67,-6.11,81.1,4.77,3.87,0.9,2.4,3.86,1291.54,3.19,4.49,40.85
2015-02-06 19:00:00,3178800.0,1001.77,-3.39,269.63,-6.16,81.0,4.75,3.85,0.9,2.39,3.84,1291.73,4.38,7.39,34.21
2015-02-06 19:10:00,3179400.0,1001.78,-3.41,269.61,-6.25,80.6,4.75,3.83,0.92,2.38,3.82,1291.85,4.01,6.59,30.49
2015-02-06 19:20:00,3180000.0,1001.84,-3.44,269.58,-6.26,80.7,4.74,3.82,0.91,2.38,3.82,1292.05,4.28,6.33,38.39
2015-02-06 19:30:00,3180600.0,1001.84,-3.43,269.59,-6.29,80.4,4.74,3.81,0.93,2.37,3.8,1292.01,3.87,6.63,41.64
2015-02-06 19:40:00,3181200.0,1001.89,-3.47,269.54,-6.5,79.4,4.72,3.75,0.97,2.33,3.74,1292.32,4.05,6.09,34.88
2015-02-06 19:50:00,3181800.0,1002.02,-3.47,269.53,-6.65,78.5,4.72,3.71,1.02,2.3,3.7,1292.52,4.46,6.03,43.83
2015-02-06 20:00:00,3182400.0,1002.09,-3.58,269.42,-6.92,77.5,4.68,3.63,1.05,2.26,3.62,1293.17,5.9,8.17,34.57
2015-02-06 20:10:00,3183000.0,1002.25,-3.62,269.37,-7.04,77.0,4.67,3.6,1.07,2.23,3.59,1293.58,5.57,8.19,40.7
2015-02-06 20:20:00,3183600.0,1002.19,-3.64,269.35,-7.08,76.9,4.66,3.59,1.08,2.23,3.58,1293.6,4.61,9.13,42.49
2015-02-06 20:30:00,3184200.0,1002.22,-3.69,269.3,-7.1,77.1,4.65,3.58,1.06,2.23,3.57,1293.9,5.25,7.53,42.67
2015-02-06 20:40:00,3184800.0,1002.21,-3.74,269.26,-7.19,76.8,4.63,3.56,1.07,2.21,3.55,1294.09,5.14,7.37,45.26
2015-02-06 20:50:00,3185400.0,1002.32,-3.73,269.25,-7.22,76.6,4.63,3.55,1.08,2.2,3.54,1294.22,4.71,6.69,51.36
2015-02-06 21:00:00,3186000.0,1002.43,-3.74,269.23,-7.23,76.6,4.63,3.55,1.08,2.2,3.54,1294.42,4.57,7.25,45.38
2015-02-06 21:10:00,3186600.0,1002.48,-3.75,269.22,-7.24,76.6,4.62,3.54,1.08,2.2,3.53,1294.55,4.32,6.35,51.41
2015-02-06 21:20:00,3187200.0,1002.68,-3.78,269.17,-7.23,76.8,4.62,3.54,1.07,2.2,3.54,1294.93,3.76,6.05,53.79
2015-02-06 21:30:00,3187800.0,1002.82,-3.74,269.2,-7.16,77.0,4.63,3.56,1.06,2.21,3.55,1294.92,3.68,6.01,54.64
2015-02-06 21:40:00,3188400.0,1002.8,-3.77,269.17,-7.17,77.1,4.62,3.56,1.06,2.21,3.55,1295.04,3.26,6.25,61.29
2015-02-06 21:50:00,3189000.0,1002.78,-3.78,269.17,-7.16,77.2,4.61,3.56,1.05,2.21,3.55,1295.05,4.06,5.49,54.9
2015-02-06 22:00:00,3189600.0,1002.87,-3.77,269.17,-7.12,77.4,4.62,3.58,1.04,2.22,3.56,1295.1,3.39,5.37,51.66
2015-02-06 22:10:00,3190200.0,1002.84,-3.8,269.14,-7.09,77.8,4.61,3.58,1.02,2.23,3.57,1295.23,3.03,4.93,44.22
2015-02-06 22:20:00,3190800.0,1002.9,-3.8,269.13,-7.02,78.2,4.61,3.6,1.0,2.24,3.59,1295.29,3.35,5.33,44.26
2015-02-06 22:30:00,3191400.0,1002.92,-3.84,269.09,-7.07,78.1,4.59,3.59,1.01,2.23,3.58,1295.51,2.99,5.25,50.6
2015-02-06 22:40:00,3192000.0,1002.8,-3.96,268.99,-7.22,77.9,4.55,3.55,1.01,2.2,3.54,1295.94,3.54,5.99,48.03
2015-02-06 22:50:00,3192600.0,1002.81,-4.07,268.87,-7.31,78.0,4.51,3.52,0.99,2.19,3.51,1296.51,3.78,5.33,44.72
2015-02-06 23:00:00,3193200.0,1002.75,-4.15,268.8,-7.34,78.3,4.49,3.51,0.97,2.18,3.5,1296.83,4.36,6.15,40.37
2015-02-06 23:10:00,3193800.0,1002.77,-4.17,268.78,-7.34,78.4,4.48,3.51,0.97,2.18,3.5,1296.93,3.91,6.49,43.05
2015-02-06 23:20:00,3194400.0,1002.8,-4.15,268.8,-7.34,78.3,4.49,3.51,0.97,2.18,3.51,1296.87,3.44,4.93,58.82
2015-02-06 23:30:00,3195000.0,1002.82,-4.19,268.75,-7.33,78.6,4.47,3.52,0.96,2.18,3.51,1297.1,2.64,3.97,70.5
2015-02-06 23:40:00,3195600.0,1002.9,-4.14,268.8,-7.31,78.4,4.49,3.52,0.97,2.19,3.51,1296.94,2.89,4.45,50.75
2015-02-06 23:50:00,3196200.0,1002.87,-4.2,268.74,-7.36,78.5,4.47,3.51,0.96,2.18,3.5,1297.22,3.07,4.73,63.03
2015-02-07 00:00:00,3196800.0,1002.98,-4.21,268.73,-7.35,78.6,4.47,3.51,0.96,2.18,3.5,1297.38,2.67,4.09,59.95
2015-02-07 00:10:00,3197400.0,1002.96,-4.21,268.72,-7.35,78.6,4.47,3.51,0.96,2.18,3.5,1297.38,2.63,4.21,51.92
2015-02-07 00:20:00,3198000.0,1003.03,-4.21,268.72,-7.33,78.7,4.47,3.52,0.95,2.18,3.51,1297.47,2.4,3.45,54.19
2015-02-07 00:30:00,3198600.0,1003.07,-4.24,268.69,-7.33,78.9,4.46,3.52,0.94,2.18,3.51,1297.64,2.76,4.05,45.21
2015-02-07 00:40:00,3199200.0,1003.02,-4.27,268.66,-7.37,78.8,4.45,3.51,0.94,2.18,3.49,1297.73,2.63,3.81,65.67
2015-02-07 00:50:00,3199800.0,1002.93,-4.26,268.68,-7.33,79.0,4.45,3.52,0.94,2.18,3.51,1297.56,1.93,2.96,61.22
2015-02-07 01:00:00,3200400.0,1002.96,-4.24,268.69,-7.3,79.1,4.46,3.53,0.93,2.19,3.51,1297.53,1.87,2.72,56.67
2015-02-07 01:10:00,3201000.0,1003.1,-4.24,268.68,-7.27,79.3,4.46,3.53,0.92,2.19,3.52,1297.71,2.14,3.21,50.18
2015-02-07 01:20:00,3201600.0,1003.16,-4.27,268.64,-7.3,79.3,4.45,3.53,0.92,2.19,3.51,1297.94,2.19,2.97,60.65
2015-02-07 01:30:00,3202200.0,1003.28,-4.25,268.66,-7.21,79.7,4.45,3.55,0.9,2.2,3.54,1297.96,2.82,4.25,45.93
2015-02-07 01:40:00,3202800.0,1003.4,-4.25,268.65,-7.23,79.6,4.45,3.54,0.91,2.2,3.53,1298.13,3.29,4.51,40.11
2015-02-07 01:50:00,3203400.0,1003.41,-4.25,268.65,-7.2,79.8,4.45,3.55,0.9,2.21,3.54,1298.15,2.96,4.37,37.81
2015-02-07 02:00:00,3204000.0,1003.6,-4.26,268.63,-7.22,79.7,4.45,3.55,0.9,2.2,3.54,1298.41,2.07,4.13,42.68
2015-02-07 02:10:00,3204600.0,1003.59,-4.2,268.68,-7.18,79.6,4.47,3.56,0.91,2.21,3.55,1298.14,2.23,3.57,49.08
2015-02-07 02:20:00,3205200.0,1003.73,-4.21,268.66,-7.17,79.7,4.47,3.56,0.91,2.21,3.55,1298.36,1.88,2.76,68.96
2015-02-07 02:30:00,3205800.0,1003.74,-4.24,268.63,-7.15,80.0,4.46,3.57,0.89,2.21,3.55,1298.5,1.46,2.36,71.4
2015-02-07 02:40:00,3206400.0,1003.66,-4.21,268.67,-7.09,80.2,4.47,3.58,0.88,2.22,3.57,1298.23,1.01,1.68,72.6
2015-02-07 02:50:00,3207000.0,1003.66,-4.2,268.68,-7.03,80.5,4.47,3.6,0.87,2.23,3.59,1298.2,1.2,2.0,54.63
2015-02-07 03:00:00,3207600.0,1003.65,-4.16,268.72,-7.01,80.4,4.48,3.61,0.88,2.24,3.59,1297.99,0.66,1.48,53.93
2015-02-07 03:10:00,3208200.0,1003.63,-4.19,268.7,-7.11,79.9,4.48,3.58,0.9,2.22,3.56,1298.09,0.86,1.16,235.4
2015-02-07 03:20:00,3208800.0,1003.55,-4.2,268.69,-7.08,80.2,4.47,3.59,0.89,2.23,3.57,1298.04,0.8,1.36,235.8
2015-02-07 03:30:00,3209400.0,1003.58,-4.24,268.64,-7.09,80.4,4.46,3.58,0.87,2.22,3.57,1298.31,0.62,1.52,253.0
2015-02-07 03:40:00,3210000.0,1003.68,-4.38,268.5,-7.13,81.0,4.41,3.57,0.84,2.22,3.56,1299.1,1.42,2.08,19.15
2015-02-07 03:50:00,3210600.0,1003.62,-4.44,268.44,-7.16,81.2,4.39,3.56,0.83,2.21,3.55,1299.34,1.45,2.52,22.45
2015-02-07 04:00:00,3211200.0,1003.72,-4.52,268.36,-7.23,81.2,4.36,3.54,0.82,2.2,3.53,1299.84,1.68,2.52,21.18
2015-02-07 04:10:00,3211800.0,1003.6,-4.58,268.3,-7.3,81.2,4.34,3.53,0.82,2.19,3.51,1300.0,0.92,1.84,11.94
2015-02-07 04:20:00,3212400.0,1003.66,-4.7,268.18,-7.37,81.4,4.31,3.5,0.8,2.17,3.49,1300.64,1.08,1.88,19.15
2015-02-07 04:30:00,3213000.0,1003.63,-4.72,268.16,-7.38,81.5,4.3,3.5,0.8,2.17,3.49,1300.73,0.69,1.56,0.0
2015-02-07 04:40:00,3213600.0,1003.52,-4.69,268.2,-7.38,81.3,4.31,3.5,0.81,2.17,3.49,1300.44,0.66,1.32,326.1
2015-02-07 04:50:00,3214200.0,1003.36,-4.83,268.08,-7.48,81.5,4.26,3.48,0.79,2.16,3.46,1300.89,0.72,1.24,2.4
2015-02-07 05:00:00,3214800.0,1003.37,-4.83,268.07,-7.44,81.8,4.26,3.49,0.78,2.16,3.47,1300.93,0.47,1.46,359.2
2015-02-07 05:10:00,3215400.0,1003.42,-4.96,267.93,-7.53,82.1,4.22,3.46,0.76,2.15,3.45,1301.64,1.08,1.68,347.7
2015-02-07 05:20:00,3216000.0,1003.51,-5.0,267.89,-7.53,82.3,4.21,3.46,0.74,2.15,3.45,1301.95,0.86,1.68,323.8
2015-02-07 05:30:00,3216600.0,1003.48,-5.1,267.79,-7.61,82.4,4.18,3.44,0.73,2.14,3.43,1302.4,0.63,1.2,297.3
2015-02-07 05:40:00,3217200.0,1003.38,-5.1,267.8,-7.52,83.0,4.18,3.47,0.71,2.15,3.45,1302.26,1.19,1.76,304.1
2015-02-07 05:50:00,3217800.0,1003.25,-4.9,268.01,-7.48,82.0,4.24,3.48,0.76,2.16,3.47,1301.1,1.13,1.72,299.8
2015-02-07 06:00:00,3218400.0,1003.16,-5.08,267.84,-7.62,82.2,4.18,3.44,0.74,2.14,3.43,1301.86,0.85,1.34,274.9
2015-02-07 06:10:00,3219000.0,1003.02,-5.23,267.69,-7.68,82.8,4.13,3.42,0.71,2.13,3.41,1302.46,0.86,1.28,222.9
2015-02-07 06:20:00,3219600.0,1003.03,-5.33,267.6,-7.68,83.4,4.1,3.42,0.68,2.12,3.41,1302.94,0.83,1.24,263.1
2015-02-07 06:30:00,3220200.0,1002.98,-5.28,267.66,-7.66,83.2,4.12,3.43,0.69,2.13,3.42,1302.6,1.05,1.32,250.9
2015-02-07 06:40:00,3220800.0,1002.96,-5.29,267.64,-7.66,83.3,4.12,3.43,0.69,2.13,3.42,1302.65,1.0,1.4,243.5
2015-02-07 06:50:00,3221400.0,1002.88,-5.34,267.6,-7.68,83.5,4.1,3.42,0.68,2.13,3.41,1302.81,1.03,1.56,237.3
2015-02-07 07:00:00,3222000.0,1002.74,-5.61,267.34,-7.9,83.8,4.02,3.37,0.65,2.09,3.36,1303.95,1.93,2.4,236.8
2015-02-07 07:10:00,3222600.0,1002.77,-5.91,267.04,-7.95,85.4,3.92,3.35,0.57,2.08,3.34,1305.47,1.91,2.48,257.3
2015-02-07 07:20:00,3223200.0,1002.85,-5.84,267.1,-7.77,86.1,3.95,3.4,0.55,2.11,3.39,1305.2,0.87,1.92,311.4
2015-02-07 07:30:00,3223800.0,1002.82,-5.59,267.35,-7.76,84.6,4.02,3.4,0.62,2.11,3.39,1303.95,0.38,0.64,316.4
2015-02-07 07:40:00,3224400.0,1002.73,-5.94,267.01,-8.03,85.1,3.91,3.33,0.58,2.07,3.32,1305.59,0.37,0.88,178.9
2015-02-07 07:50:00,3225000.0,1002.68,-6.16,266.79,-8.05,86.4,3.85,3.33,0.52,2.07,3.32,1306.59,0.77,1.72,252.5
2015-02-07 08:00:00,3225600.0,1002.63,-6.39,266.57,-8.22,86.7,3.78,3.28,0.5,2.04,3.27,1307.64,1.17,2.04,240.4
2015-02-07 08:10:00,3226200.0,1002.67,-6.48,266.48,-8.26,87.1,3.76,3.27,0.48,2.03,3.26,1308.16,0.83,1.6,223.7
2015-02-07 08:20:00,3226800.0,1002.52,-6.41,266.56,-8.23,86.8,3.78,3.28,0.5,2.04,3.27,1307.63,2.46,3.31,238.1
2015-02-07 08:30:00,3227400.0,1002.48,-6.27,266.71,-8.1,86.7,3.82,3.31,0.51,2.06,3.3,1306.83,1.89,2.72,249.1
2015-02-07 08:40:00,3228000.0,1002.47,-5.9,267.07,-7.88,85.8,3.93,3.37,0.56,2.09,3.36,1305.01,1.54,2.0,249.1
2015-02-07 08:50:00,3228600.0,1002.59,-5.63,267.33,-7.79,84.6,4.01,3.39,0.62,2.11,3.38,1303.84,1.53,1.92,257.2
2015-02-07 09:00:00,3229200.0,1002.61,-5.34,267.62,-7.68,83.5,4.1,3.42,0.68,2.13,3.41,1302.44,0.83,1.6,224.1
2015-02-07 09:10:00,3229800.0,1002.78,-5.31,267.63,-7.62,83.7,4.11,3.44,0.67,2.14,3.43,1302.52,1.38,2.4,23.6
2015-02-07 09:20:00,3230400.0,1002.88,-5.35,267.59,-7.42,85.2,4.1,3.49,0.61,2.17,3.48,1302.78,1.63,2.22,25.86
2015-02-07 09:30:00,3231000.0,1002.81,-4.77,268.17,-7.11,83.6,4.28,3.58,0.7,2.22,3.57,1299.87,0.71,1.32,25.94
2015-02-07 09:40:00,3231600.0,1002.89,-4.07,268.87,-6.98,80.0,4.52,3.61,0.9,2.24,3.6,1296.55,0.78,2.44,257.1
2015-02-07 09:50:00,3232200.0,1002.89,-3.94,269.0,-7.14,78.3,4.56,3.57,0.99,2.22,3.56,1295.96,1.09,2.04,335.6
2015-02-07 10:00:00,3232800.0,1002.93,-3.78,269.15,-7.07,77.8,4.61,3.59,1.02,2.23,3.58,1295.25,1.29,2.24,291.7
2015-02-07 10:10:00,3233400.0,1003.0,-3.9,269.03,-7.23,77.5,4.57,3.54,1.03,2.2,3.53,1295.92,1.81,3.81,333.3
2015-02-07 10:20:00,3234000.0,1003.07,-3.85,269.07,-7.09,78.1,4.59,3.58,1.01,2.23,3.57,1295.77,1.66,3.17,322.1
2015-02-07 10:30:00,3234600.0,1003.09,-3.39,269.53,-6.82,77.0,4.75,3.66,1.09,2.27,3.65,1293.53,1.41,2.76,290.6
2015-02-07 10:40:00,3235200.0,1003.19,-3.33,269.58,-6.84,76.5,4.77,3.65,1.12,2.27,3.64,1293.38,1.61,3.13,11.13
2015-02-07 10:50:00,3235800.0,1003.19,-2.93,269.98,-6.47,76.4,4.92,3.76,1.16,2.33,3.75,1291.41,1.17,2.24,289.1
2015-02-07 11:00:00,3236400.0,1003.09,-2.8,270.12,-6.67,74.5,4.97,3.7,1.27,2.3,3.69,1290.68,1.9,2.88,285.2
2015-02-07 11:10:00,3237000.0,1003.09,-3.01,269.91,-6.74,75.3,4.89,3.68,1.21,2.29,3.67,1291.71,1.7,3.12,322.1
2015-02-07 11:20:00,3237600.0,1002.99,-2.68,270.25,-6.37,75.6,5.01,3.79,1.22,2.35,3.78,1289.93,1.42,2.9,293.2
2015-02-07 11:30:00,3238200.0,1002.86,-2.37,270.57,-6.41,73.6,5.13,3.78,1.35,2.35,3.77,1288.29,1.56,3.53,286.0
2015-02-07 11:40:00,3238800.0,1002.67,-1.9,271.05,-6.18,72.4,5.31,3.84,1.47,2.39,3.83,1285.81,1.18,2.16,109.6
2015-02-07 11:50:00,3239400.0,1002.6,-1.31,271.65,-5.94,70.6,5.55,3.92,1.63,2.43,3.91,1282.89,0.9,1.88,217.5
2015-02-07 12:00:00,3240000.0,1002.45,-1.01,271.96,-6.12,68.12,5.67,3.86,1.81,2.4,3.85,1281.31,1.36,3.41,233.4
2015-02-07 12:10:00,3240600.0,1002.26,-1.22,271.77,-6.78,65.69,5.59,3.67,1.92,2.28,3.66,1282.12,1.9,3.12,323.2
2015-02-07 12:20:00,3241200.0,1002.11,-1.11,271.88,-6.67,65.78,5.63,3.7,1.93,2.3,3.69,1281.43,1.54,2.4,294.9
2015-02-07 12:30:00,3241800.0,1001.95,-0.93,272.08,-6.68,64.83,5.71,3.7,2.01,2.3,3.69,1280.34,1.71,3.04,292.4
2015-02-07 12:40:00,3242400.0,1001.7,-0.75,272.28,-6.59,64.43,5.78,3.73,2.06,2.32,3.72,1279.18,1.51,3.41,314.7
2015-02-07 12:50:00,3243000.0,1001.4,-0.28,272.77,-6.79,61.29,5.98,3.67,2.32,2.28,3.66,1276.65,2.13,3.45,217.2
2015-02-07 13:00:00,3243600.0,1001.13,0.08,273.15,-6.7,60.14,6.14,3.69,2.45,2.3,3.69,1274.59,2.29,3.61,191.5
2015-02-07 13:10:00,3244200.0,1000.83,0.02,273.12,-6.81,59.84,6.12,3.66,2.46,2.28,3.66,1274.49,2.88,4.13,198.2
2015-02-07 13:20:00,3244800.0,1000.61,-0.02,273.1,-6.65,60.79,6.1,3.71,2.39,2.31,3.71,1274.36,3.21,4.53,204.6
2015-02-07 13:30:00,3245400.0,1000.47,-0.01,273.11,-6.6,60.99,6.1,3.72,2.38,2.32,3.72,1274.15,4.05,5.69,209.5
2015-02-07 13:40:00,3246000.0,1000.44,0.12,273.24,-6.43,61.23,6.16,3.77,2.39,2.35,3.77,1273.5,4.07,4.89,211.7
2015-02-07 13:50:00,3246600.0,1000.3,0.37,273.5,-6.2,61.18,6.27,3.84,2.44,2.39,3.84,1272.12,3.69,5.21,212.9
2015-02-07 14:00:00,3247200.0,1000.28,0.56,273.7,-6.12,60.7,6.36,3.86,2.5,2.4,3.86,1271.2,3.59,4.97,212.1
2015-02-07 14:10:00,3247800.0,1000.23,0.91,274.05,-5.9,60.19,6.53,3.93,2.6,2.45,3.93,1269.46,2.8,4.09,213.2
2015-02-07 14:20:00,3248400.0,1000.09,1.43,274.58,-5.67,59.03,6.77,4.0,2.77,2.49,4.0,1266.87,1.35,2.96,215.9
2015-02-07 14:30:00,3249000.0,999.85,2.12,275.29,-5.75,55.82,7.12,3.97,3.14,2.48,3.97,1263.4,1.56,3.69,257.3
2015-02-07 14:40:00,3249600.0,999.62,2.47,275.66,-6.0,53.41,7.3,3.9,3.4,2.43,3.9,1261.55,1.6,3.08,268.3
2015-02-07 14:50:00,3250200.0,999.39,2.19,275.39,-6.0,54.48,7.15,3.9,3.26,2.43,3.9,1262.54,1.32,3.0,245.8
2015-02-07 15:00:00,3250800.0,999.22,1.95,275.17,-6.03,55.27,7.03,3.89,3.15,2.42,3.89,1263.39,1.64,2.92,228.6
2015-02-07 15:10:00,3251400.0,999.11,2.54,275.77,-5.96,53.3,7.33,3.91,3.43,2.44,3.91,1260.57,0.81,1.68,225.9
2015-02-07 15:20:00,3252000.0,998.71,3.21,276.47,-6.55,48.59,7.69,3.74,3.95,2.33,3.74,1257.1,2.03,5.77,237.3
2015-02-07 15:30:00,3252600.0,998.31,2.69,275.98,-6.93,48.95,7.41,3.63,3.78,2.26,3.63,1259.02,2.41,3.97,211.9
2015-02-07 15:40:00,3253200.0,998.33,2.44,275.73,-6.66,50.86,7.28,3.7,3.58,2.31,3.71,1260.15,1.25,3.89,255.8
2015-02-07 15:50:00,3253800.0,998.56,2.68,275.96,-6.86,49.22,7.41,3.65,3.76,2.28,3.65,1259.34,1.27,4.81,304.2
2015-02-07 16:00:00,3254400.0,998.77,2.36,275.62,-6.06,53.57,7.24,3.88,3.36,2.42,3.88,1260.98,2.84,4.93,277.6
2015-02-07 16:10:00,3255000.0,998.86,1.49,274.74,-5.42,59.87,6.8,4.07,2.73,2.54,4.08,1264.99,1.5,2.96,280.1
2015-02-07 16:20:00,3255600.0,998.79,1.3,274.56,-4.83,63.49,6.71,4.26,2.45,2.66,4.27,1265.67,1.66,4.55,304.9
2015-02-07 16:30:00,3256200.0,998.55,1.22,274.5,-4.65,64.73,6.67,4.32,2.35,2.7,4.33,1265.7,1.35,3.12,275.3
2015-02-07 16:40:00,3256800.0,998.22,1.15,274.45,-4.32,66.73,6.64,4.43,2.21,2.77,4.44,1265.57,1.01,1.8,217.8
2015-02-07 16:50:00,3257400.0,998.16,1.19,274.49,-4.15,67.39,6.66,4.49,2.17,2.8,4.49,1265.29,0.98,2.32,305.3
2015-02-07 17:00:00,3258000.0,998.33,1.2,274.49,-4.0,68.12,6.66,4.54,2.12,2.83,4.55,1265.44,1.22,3.0,277.7
2015-02-07 17:10:00,3258600.0,998.3,1.13,274.42,-3.92,68.86,6.63,4.57,2.06,2.85,4.57,1265.7,1.39,3.41,283.2
2015-02-07 17:20:00,3259200.0,997.8,1.09,274.42,-3.94,69.01,6.61,4.56,2.05,2.85,4.57,1265.26,1.04,2.2,188.6
2015-02-07 17:30:00,3259800.0,997.59,1.03,274.38,-3.88,69.58,6.58,4.58,2.0,2.86,4.59,1265.24,1.31,2.72,252.8
2015-02-07 17:40:00,3260400.0,997.91,1.09,274.42,-3.65,70.5,6.61,4.66,1.95,2.91,4.67,1265.32,1.41,3.2,278.6
2015-02-07 17:50:00,3261000.0,997.97,1.17,274.49,-3.27,72.1,6.65,4.8,1.86,2.99,4.8,1264.97,1.01,2.84,270.1
2015-02-07 18:00:00,3261600.0,997.91,1.24,274.56,-2.95,73.5,6.68,4.91,1.77,3.07,4.92,1264.54,1.32,3.32,281.6
2015-02-07 18:10:00,3262200.0,997.6,1.28,274.63,-2.73,74.5,6.7,4.99,1.71,3.12,5.01,1263.9,1.0,2.7,246.2
2015-02-07 18:20:00,3262800.0,997.45,1.27,274.63,-2.46,76.1,6.7,5.1,1.6,3.18,5.11,1263.73,1.84,3.65,256.7
2015-02-07 18:30:00,3263400.0,997.86,1.32,274.65,-2.18,77.4,6.72,5.2,1.52,3.25,5.21,1263.94,1.92,4.71,278.2
2015-02-07 18:40:00,3264000.0,997.81,1.4,274.73,-1.9,78.6,6.76,5.31,1.45,3.32,5.32,1263.48,1.2,3.08,274.6
2015-02-07 18:50:00,3264600.0,997.49,1.36,274.72,-1.81,79.3,6.74,5.35,1.4,3.34,5.36,1263.22,2.47,4.97,264.2
2015-02-07 19:00:00,3265200.0,997.21,1.33,274.71,-1.67,80.3,6.73,5.4,1.33,3.38,5.42,1262.99,2.36,4.85,262.8
2015-02-07 19:10:00,3265800.0,996.97,1.33,274.73,-1.51,81.3,6.73,5.47,1.26,3.42,5.49,1262.65,2.29,4.17,255.0
2015-02-07 19:20:00,3266400.0,996.6,1.32,274.74,-1.37,82.2,6.72,5.52,1.2,3.45,5.54,1262.21,2.05,5.29,255.5
2015-02-07 19:30:00,3267000.0,996.68,1.34,274.76,-1.2,83.1,6.73,5.59,1.14,3.5,5.61,1262.19,1.8,3.32,264.1
2015-02-07 19:40:00,3267600.0,996.5,1.34,274.77,-1.09,83.8,6.73,5.64,1.09,3.53,5.66,1261.93,1.94,4.19,258.6
2015-02-07 19:50:00,3268200.0,996.46,1.4,274.83,-0.9,84.6,6.76,5.72,1.04,3.58,5.74,1261.58,1.99,4.01,261.7
2015-02-07 20:00:00,3268800.0,996.18,1.41,274.87,-0.79,85.2,6.77,5.77,1.0,3.61,5.79,1261.12,2.09,3.85,257.6
2015-02-07 20:10:00,3269400.0,996.26,1.46,274.92,-0.71,85.4,6.79,5.8,0.99,3.63,5.82,1260.97,1.81,4.91,264.7
2015-02-07 20:20:00,3270000.0,995.95,1.48,274.96,-0.68,85.5,6.8,5.81,0.99,3.64,5.84,1260.51,2.09,3.59,249.4
2015-02-07 20:30:00,3270600.0,996.02,1.53,275.0,-0.63,85.5,6.82,5.83,0.99,3.65,5.86,1260.38,2.25,4.81,260.2
2015-02-07 20:40:00,3271200.0,995.8,1.6,275.09,-0.58,85.4,6.86,5.86,1.0,3.67,5.88,1259.75,2.56,4.33,255.6
2015-02-07 20:50:00,3271800.0,995.61,1.61,275.12,-0.51,85.7,6.87,5.88,0.98,3.68,5.91,1259.42,1.87,4.97,269.2
2015-02-07 21:00:00,3272400.0,995.8,1.68,275.17,-0.43,85.8,6.9,5.92,0.98,3.7,5.94,1259.35,1.6,4.05,260.4
2015-02-07 21:10:00,3273000.0,995.74,1.66,275.16,-0.35,86.4,6.89,5.95,0.94,3.73,5.98,1259.33,2.56,5.07,262.2
2015-02-07 21:20:00,3273600.0,995.49,1.65,275.17,-0.28,86.9,6.89,5.98,0.9,3.75,6.01,1259.04,2.83,4.77,271.4
2015-02-07 21:30:00,3274200.0,995.14,1.6,275.14,-0.27,87.3,6.86,5.99,0.87,3.75,6.02,1258.85,3.23,5.57,250.9
2015-02-07 21:40:00,3274800.0,994.87,1.62,275.18,-0.16,87.9,6.87,6.04,0.83,3.78,6.07,1258.41,3.32,5.65,258.9
2015-02-07 21:50:00,3275400.0,995.03,1.71,275.27,-0.11,87.6,6.91,6.06,0.86,3.8,6.09,1258.14,3.61,5.97,257.9
2015-02-07 22:00:00,3276000.0,994.82,1.77,275.34,-0.12,87.2,6.94,6.05,0.89,3.79,6.08,1257.64,3.19,4.81,261.2
2015-02-07 22:10:00,3276600.0,994.78,1.8,275.37,-0.08,87.3,6.96,6.07,0.88,3.81,6.11,1257.44,3.41,6.57,258.9
2015-02-07 22:20:00,3277200.0,994.48,1.75,275.35,-0.01,88.0,6.93,6.1,0.83,3.83,6.14,1257.26,3.61,5.49,251.0
2015-02-07 22:30:00,3277800.0,994.25,1.68,275.29,0.05,88.9,6.9,6.13,0.77,3.84,6.17,1257.29,3.36,6.65,260.3
2015-02-07 22:40:00,3278400.0,994.01,1.62,275.25,0.1,89.6,6.87,6.15,0.71,3.86,6.19,1257.26,2.79,5.27,256.5
2015-02-07 22:50:00,3279000.0,993.99,1.65,275.28,0.2,90.1,6.88,6.2,0.68,3.89,6.24,1257.08,2.79,5.09,260.1
2015-02-07 23:00:00,3279600.0,993.88,1.73,275.38,0.28,90.0,6.92,6.23,0.69,3.91,6.27,1256.52,2.82,5.23,270.6
2015-02-07 23:10:00,3280200.0,993.84,1.74,275.39,0.3,90.1,6.93,6.24,0.69,3.92,6.28,1256.43,3.08,5.85,260.0
2015-02-07 23:20:00,3280800.0,993.74,1.69,275.35,0.31,90.5,6.9,6.25,0.66,3.92,6.29,1256.53,2.85,5.65,258.3
2015-02-07 23:30:00,3281400.0,993.75,1.7,275.35,0.33,90.6,6.91,6.26,0.65,3.93,6.3,1256.49,3.05,6.09,261.3
2015-02-07 23:40:00,3282000.0,993.71,1.77,275.43,0.36,90.3,6.94,6.27,0.67,3.93,6.31,1256.11,2.26,4.33,256.8
2015-02-07 23:50:00,3282600.0,993.54,1.77,275.44,0.29,89.9,6.94,6.24,0.7,3.92,6.28,1255.93,3.16,5.69,260.8
2015-02-08 00:00:00,3283200.0,993.59,1.78,275.44,0.27,89.7,6.95,6.23,0.72,3.91,6.27,1255.95,2.81,5.49,258.8
2015-02-08 00:10:00,3283800.0,993.35,1.77,275.46,0.25,89.6,6.94,6.22,0.72,3.91,6.26,1255.67,1.83,3.67,258.4
2015-02-08 00:20:00,3284400.0,993.31,1.8,275.49,0.25,89.4,6.96,6.22,0.74,3.91,6.26,1255.48,2.51,4.77,255.0
2015-02-08 00:30:00,3285000.0,993.17,1.87,275.56,0.24,88.9,6.99,6.21,0.78,3.9,6.26,1255.03,2.48,4.45,254.1
2015-02-08 00:40:00,3285600.0,992.82,1.9,275.63,0.29,89.0,7.01,6.24,0.77,3.92,6.28,1254.4,2.85,5.21,264.1
2015-02-08 00:50:00,3286200.0,992.65,1.96,275.7,0.34,89.0,7.04,6.26,0.77,3.93,6.31,1253.93,2.99,6.45,253.0
2015-02-08 01:00:00,3286800.0,992.57,2.0,275.75,0.34,88.7,7.06,6.26,0.8,3.93,6.31,1253.64,2.45,4.17,265.8
2015-02-08 01:10:00,3287400.0,992.34,2.01,275.78,0.35,88.7,7.06,6.27,0.8,3.94,6.31,1253.28,2.13,4.53,264.8
2015-02-08 01:20:00,3288000.0,992.12,2.07,275.85,0.31,88.1,7.09,6.25,0.84,3.93,6.3,1252.76,2.38,4.49,256.9
2015-02-08 01:30:00,3288600.0,991.48,1.99,275.82,0.29,88.5,7.05,6.24,0.81,3.92,6.29,1252.32,2.97,5.65,257.9
2015-02-08 01:40:00,3289200.0,991.37,1.93,275.77,0.35,89.2,7.02,6.26,0.76,3.94,6.32,1252.42,3.24,5.77,258.9
2015-02-08 01:50:00,3289800.0,991.22,1.99,275.84,0.34,88.8,7.05,6.26,0.79,3.94,6.32,1251.99,3.23,6.21,258.5
2015-02-08 02:00:00,3290400.0,991.1,1.94,275.8,0.32,89.0,7.03,6.25,0.77,3.93,6.31,1252.06,2.59,5.41,261.3
2015-02-08 02:10:00,3291000.0,991.02,2.01,275.88,0.33,88.6,7.06,6.26,0.81,3.94,6.31,1251.63,3.24,6.57,259.3
2015-02-08 02:20:00,3291600.0,991.08,2.03,275.89,0.29,88.2,7.07,6.24,0.83,3.92,6.29,1251.64,2.27,5.33,277.2
2015-02-08 02:30:00,3292200.0,991.17,1.64,275.5,0.05,89.1,6.88,6.13,0.75,3.85,6.18,1253.56,1.91,6.45,339.6
2015-02-08 02:40:00,3292800.0,991.04,1.28,275.15,-0.4,88.5,6.7,5.93,0.77,3.73,5.99,1255.12,2.63,6.45,250.8
2015-02-08 02:50:00,3293400.0,991.21,0.94,274.8,-0.43,90.5,6.54,5.92,0.62,3.72,5.97,1256.9,1.79,5.53,349.0
2015-02-08 03:00:00,3294000.0,991.27,1.0,274.85,-0.25,91.3,6.57,6.0,0.57,3.77,6.05,1256.66,1.31,3.81,283.0
2015-02-08 03:10:00,3294600.0,991.26,1.17,275.02,-0.27,90.1,6.65,5.99,0.66,3.77,6.04,1255.9,1.59,4.37,279.2
2015-02-08 03:20:00,3295200.0,991.24,1.31,275.16,-0.42,88.2,6.72,5.92,0.79,3.73,5.98,1255.24,1.3,5.77,305.4
2015-02-08 03:30:00,3295800.0,991.21,1.54,275.39,-0.98,83.3,6.83,5.69,1.14,3.58,5.74,1254.29,1.69,5.29,324.9
2015-02-08 03:40:00,3296400.0,991.43,1.67,275.5,-1.06,82.0,6.89,5.65,1.24,3.55,5.7,1254.0,1.69,4.29,264.3
2015-02-08 03:50:00,3297000.0,991.33,1.65,275.5,-1.37,80.2,6.89,5.52,1.36,3.47,5.57,1253.99,2.03,4.93,1.66
2015-02-08 04:00:00,3297600.0,991.38,1.64,275.48,-2.11,76.0,6.88,5.23,1.65,3.29,5.27,1254.26,2.43,6.37,290.3
2015-02-08 04:10:00,3298200.0,991.25,1.71,275.56,-2.98,70.9,6.91,4.9,2.01,3.08,4.94,1253.93,1.94,5.41,328.6
2015-02-08 04:20:00,3298800.0,991.22,1.73,275.58,-3.28,69.21,6.92,4.79,2.13,3.01,4.83,1253.87,2.09,5.57,1.61
2015-02-08 04:30:00,3299400.0,991.41,1.65,275.48,-3.1,70.6,6.88,4.86,2.02,3.05,4.9,1254.45,2.51,5.33,8.53
2015-02-08 04:40:00,3300000.0,991.52,1.13,274.96,-2.45,76.9,6.63,5.1,1.53,3.21,5.14,1256.82,3.69,7.25,16.89
2015-02-08 04:50:00,3300600.0,991.65,0.53,274.35,-2.04,82.8,6.35,5.26,1.09,3.3,5.3,1259.67,3.65,9.77,21.6
2015-02-08 05:00:00,3301200.0,991.74,0.21,274.02,-1.97,85.2,6.2,5.28,0.92,3.32,5.33,1261.24,1.7,4.83,332.6
2015-02-08 05:10:00,3301800.0,991.69,0.26,274.08,-2.08,84.2,6.23,5.24,0.98,3.29,5.29,1260.97,1.98,5.21,173.7
2015-02-08 05:20:00,3302400.0,991.76,0.34,274.15,-2.1,83.6,6.26,5.23,1.03,3.29,5.28,1260.71,1.63,4.25,0.86
2015-02-08 05:30:00,3303000.0,991.62,0.41,274.23,-2.2,82.5,6.29,5.19,1.1,3.26,5.24,1260.2,2.24,4.37,240.9
2015-02-08 05:40:00,3303600.0,991.73,0.51,274.32,-2.59,79.6,6.34,5.05,1.29,3.17,5.09,1259.95,1.56,3.73,148.1
2015-02-08 05:50:00,3304200.0,991.94,0.72,274.51,-3.01,76.0,6.44,4.89,1.54,3.07,4.93,1259.34,1.41,3.45,358.4
2015-02-08 06:00:00,3304800.0,992.02,0.8,274.59,-3.12,74.9,6.47,4.85,1.62,3.05,4.89,1259.11,1.29,2.8,197.2
2015-02-08 06:10:00,3305400.0,992.15,0.82,274.6,-3.5,72.7,6.48,4.71,1.77,2.96,4.75,1259.23,1.26,3.89,154.7
2015-02-08 06:20:00,3306000.0,992.09,0.83,274.61,-4.04,69.78,6.49,4.53,1.96,2.84,4.56,1259.2,1.48,3.93,250.6
2015-02-08 06:30:00,3306600.0,992.16,0.8,274.58,-4.41,67.97,6.47,4.4,2.07,2.76,4.43,1259.5,1.54,3.63,272.5
2015-02-08 06:40:00,3307200.0,992.33,0.79,274.56,-4.75,66.28,6.47,4.29,2.18,2.69,4.32,1259.8,1.75,3.45,269.3
2015-02-08 06:50:00,3307800.0,992.36,0.73,274.49,-4.9,65.84,6.44,4.24,2.2,2.66,4.27,1260.13,1.88,4.23,240.0
2015-02-08 07:00:00,3308400.0,992.47,0.68,274.43,-4.9,66.08,6.42,4.24,2.18,2.66,4.27,1260.53,1.56,2.64,172.4
2015-02-08 07:10:00,3309000.0,992.61,0.6,274.34,-4.87,66.64,6.38,4.25,2.13,2.67,4.28,1261.07,1.49,3.49,205.3
2015-02-08 07:20:00,3309600.0,992.77,0.54,274.27,-4.96,66.4,6.35,4.22,2.14,2.65,4.25,1261.53,1.51,3.2,193.2
2015-02-08 07:30:00,3310200.0,993.04,0.54,274.25,-4.96,66.46,6.35,4.22,2.13,2.65,4.25,1261.9,1.59,3.81,49.64
2015-02-08 07:40:00,3310800.0,993.3,0.53,274.22,-4.96,66.49,6.35,4.22,2.13,2.65,4.25,1262.27,1.76,4.77,201.5
2015-02-08 07:50:00,3311400.0,993.45,0.51,274.19,-4.95,66.63,6.34,4.22,2.12,2.65,4.25,1262.54,1.46,3.61,331.8
2015-02-08 08:00:00,3312000.0,993.54,0.45,274.12,-4.93,67.05,6.31,4.23,2.08,2.65,4.26,1262.95,1.67,4.97,197.9
2015-02-08 08:10:00,3312600.0,993.66,0.4,274.06,-5.04,66.7,6.29,4.19,2.09,2.63,4.22,1263.36,2.0,5.45,288.8
2015-02-08 08:20:00,3313200.0,993.75,0.33,273.98,-4.97,67.39,6.26,4.22,2.04,2.64,4.24,1263.76,2.03,4.37,287.3
2015-02-08 08:30:00,3313800.0,993.85,0.32,273.96,-4.95,67.58,6.25,4.22,2.03,2.65,4.25,1263.95,1.45,4.05,254.7
2015-02-08 08:40:00,3314400.0,994.04,0.34,273.97,-4.98,67.27,6.26,4.21,2.05,2.64,4.24,1264.08,2.43,7.57,326.6
2015-02-08 08:50:00,3315000.0,994.19,0.4,274.01,-4.92,67.37,6.29,4.23,2.05,2.65,4.26,1264.02,2.01,5.25,16.97
2015-02-08 09:00:00,3315600.0,994.28,0.37,273.97,-5.01,67.02,6.27,4.2,2.07,2.63,4.23,1264.29,1.72,4.21,8.44
2015-02-08 09:10:00,3316200.0,994.37,0.4,274.0,-4.96,67.11,6.29,4.22,2.07,2.64,4.24,1264.25,1.52,4.41,26.82
2015-02-08 09:20:00,3316800.0,994.63,0.43,274.01,-4.91,67.22,6.3,4.24,2.07,2.65,4.26,1264.44,2.08,5.97,24.28
2015-02-08 09:30:00,3317400.0,994.84,0.4,273.97,-4.89,67.44,6.29,4.24,2.05,2.66,4.26,1264.81,2.11,6.05,10.83
2015-02-08 09:40:00,3318000.0,995.0,0.44,273.99,-4.98,66.86,6.3,4.22,2.09,2.64,4.24,1264.88,2.49,5.65,5.72
2015-02-08 09:50:00,3318600.0,995.14,0.4,273.94,-4.97,67.11,6.29,4.22,2.07,2.64,4.24,1265.23,1.59,4.69,172.1
2015-02-08 10:00:00,3319200.0,995.3,0.35,273.88,-4.95,67.41,6.27,4.22,2.04,2.64,4.24,1265.63,2.03,5.87,45.7
2015-02-08 10:10:00,3319800.0,995.4,0.44,273.96,-4.9,67.26,6.3,4.24,2.06,2.65,4.26,1265.37,1.99,4.13,20.08
2015-02-08 10:20:00,3320400.0,995.42,0.47,273.99,-4.92,66.96,6.32,4.23,2.09,2.65,4.25,1265.23,1.99,5.89,32.97
2015-02-08 10:30:00,3321000.0,995.62,0.48,273.98,-4.93,66.88,6.32,4.23,2.09,2.65,4.25,1265.45,2.12,5.41,6.37
2015-02-08 10:40:00,3321600.0,995.8,0.64,274.12,-4.94,66.07,6.4,4.23,2.17,2.64,4.24,1264.97,1.85,6.89,24.55
2015-02-08 10:50:00,3322200.0,995.95,0.74,274.22,-4.98,65.39,6.44,4.21,2.23,2.64,4.23,1264.69,2.24,4.81,14.52
2015-02-08 11:00:00,3322800.0,996.24,0.77,274.23,-5.17,64.28,6.46,4.15,2.31,2.6,4.17,1264.92,2.79,7.57,9.41
2015-02-08 11:10:00,3323400.0,996.37,0.99,274.44,-5.3,62.68,6.56,4.11,2.45,2.57,4.13,1264.1,3.26,6.29,21.97
2015-02-08 11:20:00,3324000.0,996.46,0.94,274.37,-5.62,61.37,6.54,4.01,2.53,2.51,4.03,1264.52,4.1,8.53,18.54
2015-02-08 11:30:00,3324600.0,996.46,1.08,274.51,-6.08,58.68,6.6,3.88,2.73,2.42,3.89,1263.94,4.65,7.81,18.31
2015-02-08 11:40:00,3325200.0,996.43,1.14,274.58,-6.13,58.16,6.63,3.86,2.78,2.41,3.87,1263.62,3.88,7.47,20.18
2015-02-08 11:50:00,3325800.0,996.45,1.15,274.59,-6.21,57.74,6.64,3.83,2.81,2.4,3.85,1263.59,4.43,8.21,20.11
2015-02-08 12:00:00,3326400.0,996.43,1.06,274.5,-6.48,56.96,6.6,3.76,2.84,2.35,3.77,1264.03,4.75,8.09,16.17
2015-02-08 12:10:00,3327000.0,996.51,1.17,274.61,-6.45,56.62,6.65,3.76,2.88,2.35,3.78,1263.62,5.62,9.77,18.81
2015-02-08 12:20:00,3327600.0,996.51,1.13,274.56,-6.71,55.69,6.63,3.69,2.94,2.31,3.7,1263.85,4.97,9.37,18.16
2015-02-08 12:30:00,3328200.0,996.54,1.15,274.58,-6.71,55.6,6.64,3.69,2.95,2.31,3.7,1263.79,4.8,7.97,17.61
2015-02-08 12:40:00,3328800.0,996.57,1.3,274.73,-6.78,54.68,6.71,3.67,3.04,2.29,3.68,1263.16,4.26,8.69,13.35
2015-02-08 12:50:00,3329400.0,996.69,1.42,274.84,-6.75,54.37,6.77,3.68,3.09,2.3,3.69,1262.77,3.32,6.49,17.99
2015-02-08 13:00:00,3330000.0,996.79,1.41,274.82,-6.92,53.65,6.77,3.63,3.14,2.27,3.64,1262.93,4.85,8.25,20.59
2015-02-08 13:10:00,3330600.0,996.9,1.32,274.73,-7.29,52.49,6.72,3.53,3.19,2.2,3.54,1263.53,4.5,8.49,23.21
2015-02-08 13:20:00,3331200.0,996.96,1.45,274.85,-6.89,53.65,6.78,3.64,3.14,2.27,3.65,1262.98,3.83,7.91,20.77
2015-02-08 13:30:00,3331800.0,997.09,1.3,274.68,-6.92,54.12,6.71,3.63,3.08,2.27,3.64,1263.84,3.76,7.73,20.74
2015-02-08 13:40:00,3332400.0,997.11,1.36,274.75,-6.91,53.89,6.74,3.63,3.11,2.27,3.64,1263.57,3.53,5.93,21.05
2015-02-08 13:50:00,3333000.0,997.15,1.62,275.0,-7.27,51.45,6.87,3.53,3.33,2.21,3.54,1262.49,3.31,6.61,19.97
2015-02-08 14:00:00,3333600.0,997.24,1.45,274.83,-7.46,51.32,6.78,3.48,3.3,2.17,3.49,1263.39,2.17,4.77,28.45
2015-02-08 14:10:00,3334200.0,997.21,1.75,275.13,-7.35,50.63,6.93,3.51,3.42,2.19,3.52,1261.96,2.44,7.57,19.4
2015-02-08 14:20:00,3334800.0,997.22,1.56,274.94,-7.72,49.89,6.84,3.41,3.43,2.13,3.42,1262.91,3.16,8.23,14.37
2015-02-08 14:30:00,3335400.0,997.32,0.98,274.35,-7.05,54.81,6.56,3.59,2.96,2.24,3.6,1265.62,3.6,9.05,15.16
2015-02-08 14:40:00,3336000.0,997.39,0.74,274.1,-6.66,57.5,6.44,3.71,2.74,2.31,3.72,1266.76,2.94,5.85,20.04
2015-02-08 14:50:00,3336600.0,997.35,1.79,275.16,-6.62,53.48,6.95,3.72,3.23,2.32,3.73,1261.87,2.08,5.41,335.9
2015-02-08 15:00:00,3337200.0,997.38,2.38,275.75,-7.72,47.02,7.26,3.41,3.84,2.13,3.42,1259.33,2.35,6.65,9.28
2015-02-08 15:10:00,3337800.0,997.51,1.49,274.84,-8.19,48.34,6.8,3.29,3.51,2.05,3.3,1263.66,2.32,4.93,13.34
2015-02-08 15:20:00,3338400.0,997.65,1.28,274.62,-7.88,50.3,6.7,3.37,3.33,2.1,3.38,1264.76,3.18,8.01,16.79
2015-02-08 15:30:00,3339000.0,997.8,0.98,274.31,-7.85,51.49,6.56,3.38,3.18,2.11,3.38,1266.33,4.07,6.21,20.16
2015-02-08 15:40:00,3339600.0,997.85,0.88,274.21,-7.52,53.22,6.51,3.46,3.05,2.16,3.47,1266.82,1.69,4.37,324.2
2015-02-08 15:50:00,3340200.0,997.86,1.44,274.77,-7.4,51.57,6.78,3.5,3.28,2.18,3.5,1264.21,1.53,3.36,17.13
2015-02-08 16:00:00,3340800.0,997.84,1.5,274.83,-7.99,49.04,6.81,3.34,3.47,2.08,3.35,1263.98,1.74,4.61,354.5
2015-02-08 16:10:00,3341400.0,997.86,1.34,274.66,-7.84,50.25,6.73,3.38,3.35,2.11,3.39,1264.76,1.75,4.97,307.1
2015-02-08 16:20:00,3342000.0,997.96,1.14,274.46,-7.68,51.57,6.64,3.42,3.21,2.14,3.43,1265.76,1.5,3.73,321.2
2015-02-08 16:30:00,3342600.0,998.03,0.83,274.14,-7.44,53.74,6.49,3.49,3.0,2.18,3.49,1267.26,1.57,3.24,281.7
2015-02-08 16:40:00,3343200.0,998.16,0.64,273.94,-7.44,54.49,6.4,3.49,2.91,2.18,3.49,1268.31,1.37,2.64,241.3
2015-02-08 16:50:00,3343800.0,998.26,0.48,273.77,-7.53,54.78,6.32,3.46,2.86,2.16,3.47,1269.2,1.28,3.45,187.0
2015-02-08 17:00:00,3344400.0,998.35,0.33,273.62,-7.61,54.98,6.26,3.44,2.82,2.15,3.45,1269.98,1.37,3.49,266.5
2015-02-08 17:10:00,3345000.0,998.47,0.13,273.41,-7.5,56.3,6.16,3.47,2.69,2.16,3.48,1271.09,1.05,2.64,263.9
2015-02-08 17:20:00,3345600.0,998.54,0.05,273.32,-7.57,56.34,6.13,3.45,2.68,2.15,3.46,1271.55,1.56,3.2,276.1
2015-02-08 17:30:00,3346200.0,998.64,-0.01,273.26,-7.86,55.29,6.1,3.37,2.73,2.1,3.38,1271.99,1.38,3.47,251.7
2015-02-08 17:40:00,3346800.0,998.77,-0.01,273.25,-8.24,53.65,6.11,3.28,2.83,2.04,3.28,1272.18,1.31,2.8,229.7
2015-02-08 17:50:00,3347400.0,998.95,0.02,273.26,-8.34,53.13,6.12,3.25,2.87,2.03,3.25,1272.29,1.67,4.77,276.8
2015-02-08 18:00:00,3348000.0,999.09,0.02,273.25,-8.38,52.97,6.11,3.24,2.88,2.02,3.24,1272.5,2.01,5.13,269.8
2015-02-08 18:10:00,3348600.0,999.26,-0.11,273.11,-8.2,54.25,6.06,3.29,2.77,2.05,3.29,1273.29,1.58,3.93,263.1
2015-02-08 18:20:00,3349200.0,999.36,-0.2,273.01,-7.97,55.61,6.02,3.35,2.67,2.09,3.35,1273.82,1.71,2.96,268.7
2015-02-08 18:30:00,3349800.0,999.48,-0.31,272.89,-7.76,56.98,5.97,3.4,2.57,2.12,3.4,1274.44,1.87,3.33,261.5
2015-02-08 18:40:00,3350400.0,999.66,-0.42,272.77,-7.7,57.68,5.92,3.42,2.51,2.13,3.42,1275.16,2.04,3.47,270.2
2015-02-08 18:50:00,3351000.0,999.67,-0.56,272.62,-7.64,58.55,5.86,3.43,2.43,2.14,3.43,1275.85,2.12,3.97,269.1
2015-02-08 19:00:00,3351600.0,999.7,-0.66,272.52,-7.63,59.03,5.82,3.43,2.38,2.14,3.44,1276.36,2.18,3.73,271.2
2015-02-08 19:10:00,3352200.0,999.79,-0.69,272.49,-7.86,58.12,5.81,3.38,2.43,2.1,3.38,1276.61,2.0,3.49,272.4
2015-02-08 19:20:00,3352800.0,999.84,-0.73,272.44,-7.96,57.86,5.79,3.35,2.44,2.09,3.35,1276.91,1.94,3.41,259.5
2015-02-08 19:30:00,3353400.0,999.85,-0.77,272.41,-8.18,56.99,5.77,3.29,2.48,2.05,3.29,1277.11,1.8,3.77,263.1
2015-02-08 19:40:00,3354000.0,999.86,-0.8,272.37,-8.36,56.36,5.76,3.25,2.51,2.02,3.25,1277.31,2.29,3.97,260.8
2015-02-08 19:50:00,3354600.0,999.88,-0.87,272.3,-8.39,56.49,5.73,3.24,2.49,2.02,3.24,1277.64,2.1,3.45,258.3
2015-02-08 20:00:00,3355200.0,999.84,-1.0,272.17,-8.23,57.77,5.68,3.28,2.4,2.04,3.28,1278.2,2.38,4.09,254.9
2015-02-08 20:10:00,3355800.0,999.82,-0.97,272.2,-7.9,59.12,5.69,3.36,2.33,2.09,3.36,1277.99,2.61,4.13,247.7
2015-02-08 20:20:00,3356400.0,999.94,-0.91,272.25,-7.69,59.86,5.71,3.42,2.29,2.13,3.42,1277.84,2.39,3.83,248.9
2015-02-08 20:30:00,3357000.0,1000.02,-0.92,272.24,-7.64,60.11,5.71,3.43,2.28,2.14,3.43,1277.96,2.06,3.61,246.5
2015-02-08 20:40:00,3357600.0,1000.13,-0.82,272.33,-7.75,59.15,5.75,3.4,2.35,2.12,3.4,1277.65,2.58,4.45,254.0
2015-02-08 20:50:00,3358200.0,1000.03,-0.78,272.37,-7.8,58.79,5.77,3.39,2.38,2.11,3.39,1277.37,2.51,3.93,248.0
2015-02-08 21:00:00,3358800.0,999.91,-0.8,272.37,-7.95,58.17,5.76,3.35,2.41,2.09,3.35,1277.31,3.34,5.07,251.3
2015-02-08 21:10:00,3359400.0,1000.04,-0.8,272.35,-8.18,57.15,5.76,3.29,2.47,2.05,3.29,1277.53,3.0,4.71,252.1
2015-02-08 21:20:00,3360000.0,1000.2,-0.91,272.24,-8.22,57.38,5.72,3.28,2.44,2.04,3.28,1278.21,2.68,4.43,253.5
2015-02-08 21:30:00,3360600.0,1000.24,-0.95,272.19,-8.32,57.15,5.7,3.26,2.44,2.03,3.26,1278.46,3.22,4.75,252.1
2015-02-08 21:40:00,3361200.0,1000.2,-0.95,272.2,-8.34,57.05,5.7,3.25,2.45,2.02,3.25,1278.43,3.49,4.51,251.4
2015-02-08 21:50:00,3361800.0,1000.08,-1.03,272.12,-8.25,57.79,5.66,3.27,2.39,2.04,3.27,1278.65,3.33,4.49,251.5
2015-02-08 22:00:00,3362400.0,1000.05,-1.16,272.0,-8.21,58.56,5.61,3.28,2.32,2.05,3.28,1279.21,3.63,5.33,253.5
2015-02-08 22:10:00,3363000.0,1000.0,-1.16,272.01,-8.19,58.6,5.61,3.29,2.32,2.05,3.29,1279.12,3.69,5.45,253.8
2015-02-08 22:20:00,3363600.0,999.9,-1.13,272.03,-8.2,58.48,5.62,3.29,2.33,2.05,3.29,1278.89,3.31,5.23,253.4
2015-02-08 22:30:00,3364200.0,999.79,-1.11,272.06,-8.17,58.51,5.63,3.29,2.34,2.05,3.29,1278.66,3.46,5.05,254.2
2015-02-08 22:40:00,3364800.0,999.72,-1.04,272.14,-8.11,58.48,5.66,3.31,2.35,2.06,3.31,1278.2,3.47,5.67,250.7
2015-02-08 22:50:00,3365400.0,999.68,-0.94,272.25,-8.0,58.52,5.7,3.34,2.37,2.08,3.34,1277.65,2.97,4.65,254.7
2015-02-08 23:00:00,3366000.0,999.54,-0.85,272.34,-7.87,58.78,5.74,3.37,2.37,2.1,3.37,1277.07,2.93,5.21,259.0
2015-02-08 23:10:00,3366600.0,999.43,-0.74,272.47,-7.68,59.14,5.79,3.42,2.36,2.13,3.42,1276.35,2.51,3.77,258.0
2015-02-08 23:20:00,3367200.0,999.4,-0.62,272.59,-7.5,59.43,5.84,3.47,2.37,2.16,3.47,1275.74,3.09,5.33,256.2
2015-02-08 23:30:00,3367800.0,999.31,-0.48,272.73,-7.37,59.46,5.9,3.51,2.39,2.19,3.51,1274.98,3.01,4.33,253.7
2015-02-08 23:40:00,3368400.0,999.18,-0.35,272.87,-7.25,59.46,5.95,3.54,2.41,2.21,3.54,1274.18,3.25,5.19,255.5
2015-02-08 23:50:00,3369000.0,999.07,-0.22,273.01,-7.18,59.19,6.01,3.56,2.45,2.22,3.56,1273.41,3.05,4.81,258.0
2015-02-09 00:00:00,3369600.0,999.15,-0.07,273.16,-7.13,58.79,6.08,3.57,2.5,2.23,3.58,1272.82,2.89,4.67,256.5
2015-02-09 00:10:00,3370200.0,999.1,0.04,273.27,-6.91,59.34,6.13,3.63,2.49,2.27,3.64,1272.21,2.64,4.15,261.7
2015-02-09 00:20:00,3370800.0,998.93,0.1,273.34,-6.55,60.76,6.15,3.74,2.41,2.33,3.74,1271.68,2.8,4.85,258.6
2015-02-09 00:30:00,3371400.0,998.96,0.15,273.39,-6.2,62.16,6.18,3.84,2.34,2.39,3.84,1271.42,2.95,4.81,263.8
2015-02-09 00:40:00,3372000.0,999.06,0.2,273.43,-5.83,63.72,6.2,3.95,2.25,2.46,3.95,1271.27,2.33,4.37,268.0
2015-02-09 00:50:00,3372600.0,998.88,0.11,273.35,-5.37,66.44,6.16,4.09,2.07,2.55,4.09,1271.41,2.96,7.31,265.9
2015-02-09 01:00:00,3373200.0,998.8,-0.03,273.22,-4.84,69.89,6.09,4.26,1.84,2.66,4.26,1271.85,2.21,5.17,263.4
2015-02-09 01:10:00,3373800.0,998.73,-0.16,273.1,-4.37,73.1,6.04,4.41,1.62,2.75,4.42,1272.27,2.48,4.61,256.0
2015-02-09 01:20:00,3374400.0,998.65,-0.3,272.97,-4.01,75.9,5.98,4.54,1.44,2.83,4.54,1272.78,2.32,5.13,256.9
2015-02-09 01:30:00,3375000.0,998.66,-0.46,272.8,-3.53,79.6,5.91,4.7,1.2,2.93,4.71,1273.47,2.71,4.41,258.0
2015-02-09 01:40:00,3375600.0,998.71,-0.64,272.62,-3.09,83.4,5.83,4.86,0.97,3.03,4.87,1274.3,2.92,5.25,258.9
2015-02-09 01:50:00,3376200.0,998.65,-0.66,272.61,-2.87,84.9,5.82,4.94,0.88,3.08,4.95,1274.27,2.58,4.33,265.5
2015-02-09 02:00:00,3376800.0,998.49,-0.58,272.7,-2.71,85.4,5.86,5.0,0.85,3.12,5.01,1273.66,2.28,3.69,262.2
2015-02-09 02:10:00,3377400.0,998.31,-0.42,272.88,-2.6,85.1,5.92,5.04,0.88,3.15,5.05,1272.65,1.86,3.37,257.3
2015-02-09 02:20:00,3378000.0,998.22,-0.23,273.07,-2.48,84.7,6.01,5.09,0.92,3.18,5.1,1271.64,2.25,4.13,257.2
2015-02-09 02:30:00,3378600.0,998.04,-0.03,273.28,-2.37,84.2,6.09,5.13,0.96,3.2,5.14,1270.48,2.14,3.57,257.8
2015-02-09 02:40:00,3379200.0,997.76,0.1,273.44,-2.28,83.9,6.15,5.16,0.99,3.22,5.17,1269.49,2.43,4.37,254.8
2015-02-09 02:50:00,3379800.0,997.76,0.29,273.63,-2.18,83.4,6.24,5.2,1.04,3.25,5.21,1268.58,2.04,4.57,254.8
2015-02-09 03:00:00,3380400.0,997.55,0.4,273.75,-2.09,83.3,6.29,5.24,1.05,3.27,5.25,1267.8,2.36,4.41,255.5
2015-02-09 03:10:00,3381000.0,997.33,0.54,273.91,-1.98,83.1,6.35,5.28,1.07,3.3,5.29,1266.82,2.7,6.41,262.2
2015-02-09 03:20:00,3381600.0,997.13,0.7,274.08,-1.89,82.7,6.43,5.31,1.11,3.32,5.33,1265.83,2.6,5.33,255.9
2015-02-09 03:30:00,3382200.0,996.94,0.81,274.21,-1.82,82.5,6.48,5.34,1.13,3.34,5.36,1265.09,2.17,5.33,251.1
2015-02-09 03:40:00,3382800.0,996.67,0.88,274.3,-1.7,82.8,6.51,5.39,1.12,3.37,5.41,1264.37,1.65,4.21,255.4
2015-02-09 03:50:00,3383400.0,996.54,1.02,274.45,-1.53,83.0,6.58,5.46,1.12,3.41,5.48,1263.54,2.29,4.97,254.5
2015-02-09 04:00:00,3384000.0,996.42,1.18,274.63,-1.34,83.2,6.66,5.54,1.12,3.46,5.56,1262.59,2.72,4.81,260.1
2015-02-09 04:10:00,3384600.0,996.45,1.36,274.8,-1.13,83.4,6.74,5.62,1.12,3.52,5.64,1261.76,2.6,5.09,265.0
2015-02-09 04:20:00,3385200.0,996.32,1.4,274.85,-1.04,83.7,6.76,5.66,1.1,3.54,5.68,1261.41,2.96,4.85,261.0
2015-02-09 04:30:00,3385800.0,996.24,1.4,274.85,-1.01,83.9,6.76,5.67,1.09,3.55,5.69,1261.32,2.55,4.97,256.3
2015-02-09 04:40:00,3386400.0,996.13,1.4,274.86,-0.96,84.2,6.76,5.69,1.07,3.56,5.71,1261.16,2.91,5.49,264.7
2015-02-09 04:50:00,3387000.0,996.14,1.4,274.86,-0.88,84.7,6.76,5.73,1.03,3.58,5.75,1261.16,2.99,6.17,264.1
2015-02-09 05:00:00,3387600.0,996.09,1.4,274.87,-0.82,85.1,6.76,5.75,1.01,3.6,5.77,1261.09,3.02,6.53,258.5
2015-02-09 05:10:00,3388200.0,995.96,1.4,274.88,-0.77,85.4,6.76,5.77,0.99,3.61,5.8,1260.91,4.01,6.85,259.5
2015-02-09 05:20:00,3388800.0,995.82,1.4,274.89,-0.72,85.7,6.76,5.79,0.97,3.63,5.82,1260.7,3.32,6.29,259.3
2015-02-09 05:30:00,3389400.0,995.74,1.46,274.95,-0.63,85.9,6.79,5.83,0.96,3.65,5.86,1260.34,3.41,7.89,260.0
2015-02-09 05:40:00,3390000.0,995.59,1.47,274.98,-0.57,86.2,6.8,5.86,0.94,3.67,5.88,1260.06,3.86,6.97,259.1
2015-02-09 05:50:00,3390600.0,995.42,1.54,275.06,-0.48,86.4,6.83,5.9,0.93,3.69,5.93,1259.53,3.88,6.41,260.1
2015-02-09 06:00:00,3391200.0,995.32,1.62,275.15,-0.38,86.5,6.87,5.94,0.93,3.72,5.97,1258.99,3.73,5.85,257.9
2015-02-09 06:10:00,3391800.0,995.24,1.74,275.28,-0.29,86.3,6.93,5.98,0.95,3.75,6.01,1258.31,3.74,7.51,257.3
2015-02-09 06:20:00,3392400.0,995.17,1.87,275.42,-0.22,85.9,6.99,6.01,0.99,3.76,6.04,1257.62,3.93,6.97,259.0
2015-02-09 06:30:00,3393000.0,995.16,1.99,275.53,-0.16,85.6,7.05,6.04,1.02,3.78,6.07,1257.05,3.57,6.61,255.6
2015-02-09 06:40:00,3393600.0,995.23,2.08,275.62,-0.14,85.2,7.1,6.05,1.05,3.79,6.08,1256.73,3.72,7.77,255.6
2015-02-09 06:50:00,3394200.0,995.22,2.13,275.67,-0.1,85.1,7.12,6.06,1.06,3.8,6.09,1256.48,3.2,5.03,263.6
2015-02-09 07:00:00,3394800.0,995.12,2.11,275.66,-0.1,85.2,7.12,6.06,1.05,3.8,6.09,1256.43,3.74,7.65,261.1
2015-02-09 07:10:00,3395400.0,995.11,2.13,275.68,-0.05,85.4,7.13,6.09,1.04,3.81,6.12,1256.33,3.33,5.69,255.6
2015-02-09 07:20:00,3396000.0,995.13,2.19,275.73,0.05,85.7,7.15,6.13,1.02,3.84,6.16,1256.08,2.8,6.21,254.8
2015-02-09 07:30:00,3396600.0,995.1,2.24,275.78,0.1,85.7,7.18,6.15,1.03,3.85,6.18,1255.79,2.19,4.69,262.2
2015-02-09 07:40:00,3397200.0,995.12,2.31,275.85,0.1,85.3,7.22,6.15,1.06,3.86,6.18,1255.5,2.97,6.27,272.8
2015-02-09 07:50:00,3397800.0,995.16,2.39,275.93,0.15,85.1,7.26,6.18,1.08,3.87,6.21,1255.17,2.54,5.21,258.4
2015-02-09 08:00:00,3398400.0,995.1,2.4,275.95,0.18,85.2,7.26,6.19,1.07,3.88,6.22,1255.04,2.65,5.51,261.6
2015-02-09 08:10:00,3399000.0,995.06,2.45,276.0,0.22,85.2,7.29,6.21,1.08,3.89,6.24,1254.78,2.6,4.47,262.1
2015-02-09 08:20:00,3399600.0,995.22,2.53,276.07,0.28,85.0,7.33,6.23,1.1,3.9,6.26,1254.56,2.35,4.81,268.8
2015-02-09 08:30:00,3400200.0,995.29,2.54,276.07,0.41,85.8,7.34,6.3,1.04,3.94,6.32,1254.59,2.41,6.97,271.5
2015-02-09 08:40:00,3400800.0,995.42,2.5,276.03,0.57,87.0,7.32,6.37,0.95,3.99,6.4,1254.88,2.33,4.49,264.3
2015-02-09 08:50:00,3401400.0,995.44,2.4,275.92,0.7,88.5,7.26,6.43,0.83,4.02,6.46,1255.38,2.2,5.37,259.1
2015-02-09 09:00:00,3402000.0,995.56,2.48,275.99,0.77,88.4,7.3,6.46,0.85,4.04,6.49,1255.13,1.84,4.81,245.8
2015-02-09 09:10:00,3402600.0,995.43,2.53,276.05,0.77,88.1,7.33,6.46,0.87,4.05,6.49,1254.72,2.71,6.29,245.8
2015-02-09 09:20:00,3403200.0,995.37,2.59,276.12,0.8,87.9,7.36,6.47,0.89,4.05,6.5,1254.36,2.44,5.29,251.0
2015-02-09 09:30:00,3403800.0,995.35,2.7,276.23,0.82,87.4,7.42,6.48,0.93,4.06,6.51,1253.86,2.39,5.45,254.3
2015-02-09 09:40:00,3404400.0,995.41,2.74,276.27,0.84,87.2,7.44,6.49,0.95,4.07,6.52,1253.73,2.37,4.41,253.7
2015-02-09 09:50:00,3405000.0,995.5,2.75,276.27,0.89,87.5,7.45,6.52,0.93,4.08,6.55,1253.79,2.02,5.09,248.1
2015-02-09 10:00:00,3405600.0,995.55,2.74,276.25,0.94,87.9,7.44,6.54,0.9,4.1,6.57,1253.89,1.97,4.21,256.1
2015-02-09 10:10:00,3406200.0,995.52,2.71,276.22,1.02,88.6,7.43,6.58,0.85,4.12,6.61,1253.98,2.16,5.09,246.8
2015-02-09 10:20:00,3406800.0,995.59,2.69,276.19,1.09,89.2,7.41,6.61,0.8,4.14,6.64,1254.16,1.96,3.89,252.5
2015-02-09 10:30:00,3407400.0,995.64,2.72,276.23,1.19,89.6,7.43,6.66,0.77,4.17,6.69,1254.02,2.55,5.73,245.2
2015-02-09 10:40:00,3408000.0,995.57,2.79,276.3,1.23,89.4,7.47,6.68,0.79,4.18,6.71,1253.63,3.2,5.75,254.5
2015-02-09 10:50:00,3408600.0,995.53,2.96,276.47,1.3,88.8,7.56,6.71,0.85,4.2,6.74,1252.79,2.58,5.69,248.9
2015-02-09 11:00:00,3409200.0,995.6,3.08,276.59,1.36,88.4,7.62,6.74,0.88,4.22,6.77,1252.33,2.31,4.21,251.3
2015-02-09 11:10:00,3409800.0,995.77,3.18,276.67,1.44,88.3,7.68,6.78,0.9,4.24,6.81,1252.08,2.27,5.33,250.6
2015-02-09 11:20:00,3410400.0,995.81,3.31,276.81,1.48,87.7,7.75,6.8,0.95,4.26,6.83,1251.5,2.07,5.45,253.2
2015-02-09 11:30:00,3411000.0,995.85,3.34,276.83,1.49,87.6,7.76,6.8,0.96,4.26,6.83,1251.44,2.64,4.73,253.4
2015-02-09 11:40:00,3411600.0,995.94,3.51,276.99,1.6,87.3,7.86,6.86,1.0,4.3,6.89,1250.76,1.56,3.89,226.8
2015-02-09 11:50:00,3412200.0,995.88,3.65,277.13,1.6,86.4,7.94,6.86,1.08,4.29,6.89,1250.05,2.36,4.69,251.3
2015-02-09 12:00:00,3412800.0,995.84,3.62,277.11,1.6,86.6,7.92,6.86,1.06,4.3,6.89,1250.13,3.04,7.17,245.3
2015-02-09 12:10:00,3413400.0,995.75,3.78,277.27,1.66,86.0,8.01,6.89,1.12,4.31,6.92,1249.28,2.76,6.13,249.3
2015-02-09 12:20:00,3414000.0,995.59,3.91,277.42,1.65,85.1,8.09,6.88,1.2,4.31,6.91,1248.48,2.53,5.07,255.5
2015-02-09 12:30:00,3414600.0,995.55,3.98,277.49,1.68,84.9,8.13,6.9,1.23,4.32,6.93,1248.11,2.94,5.23,261.6
2015-02-09 12:40:00,3415200.0,995.56,3.97,277.48,1.71,85.1,8.12,6.91,1.21,4.33,6.94,1248.16,3.51,7.93,251.2
2015-02-09 12:50:00,3415800.0,995.49,3.95,277.47,1.73,85.4,8.11,6.93,1.18,4.34,6.96,1248.15,2.86,5.57,245.2
2015-02-09 13:00:00,3416400.0,995.39,4.03,277.56,1.78,85.2,8.15,6.95,1.21,4.35,6.98,1247.67,3.29,6.83,250.3
2015-02-09 13:10:00,3417000.0,995.29,4.14,277.67,1.8,84.7,8.22,6.96,1.26,4.36,6.99,1247.04,3.17,5.69,249.1
2015-02-09 13:20:00,3417600.0,995.3,4.2,277.74,1.87,84.7,8.25,6.99,1.26,4.38,7.02,1246.75,2.39,4.89,234.0
2015-02-09 13:30:00,3418200.0,995.33,4.29,277.82,1.95,84.7,8.31,7.04,1.27,4.41,7.07,1246.37,2.04,4.61,246.1
2015-02-09 13:40:00,3418800.0,995.32,4.41,277.94,1.96,84.0,8.38,7.04,1.34,4.41,7.07,1245.82,2.32,4.81,256.0
2015-02-09 13:50:00,3419400.0,995.37,4.45,277.98,1.96,83.8,8.4,7.04,1.36,4.41,7.07,1245.71,2.47,6.89,251.5
2015-02-09 14:00:00,3420000.0,995.34,4.4,277.93,1.96,84.1,8.37,7.04,1.33,4.41,7.07,1245.88,3.05,5.89,262.8
2015-02-09 14:10:00,3420600.0,995.2,4.41,277.95,1.97,84.1,8.38,7.04,1.33,4.41,7.08,1245.66,2.49,4.49,254.8
2015-02-09 14:20:00,3421200.0,995.09,4.48,278.03,2.01,83.9,8.42,7.06,1.35,4.43,7.1,1245.21,2.21,4.65,262.0
2015-02-09 14:30:00,3421800.0,994.97,4.52,278.08,2.06,84.0,8.44,7.09,1.35,4.44,7.13,1244.86,2.19,4.21,261.3
2015-02-09 14:40:00,3422400.0,994.9,4.54,278.1,2.11,84.2,8.45,7.11,1.33,4.46,7.15,1244.71,1.87,3.61,273.8
2015-02-09 14:50:00,3423000.0,994.86,4.62,278.19,2.12,83.8,8.5,7.12,1.38,4.46,7.16,1244.28,2.16,4.37,259.7
2015-02-09 15:00:00,3423600.0,994.84,4.71,278.28,2.14,83.4,8.55,7.13,1.42,4.47,7.17,1243.85,1.96,4.41,262.3
2015-02-09 15:10:00,3424200.0,994.82,4.74,278.31,2.14,83.2,8.57,7.13,1.44,4.47,7.17,1243.7,2.87,5.23,265.9
2015-02-09 15:20:00,3424800.0,995.01,4.71,278.27,2.2,83.7,8.56,7.16,1.39,4.49,7.2,1244.02,2.39,5.07,262.9
2015-02-09 15:30:00,3425400.0,995.13,4.71,278.26,2.2,83.7,8.56,7.16,1.39,4.49,7.2,1244.17,2.71,5.89,264.3
2015-02-09 15:40:00,3426000.0,995.35,4.67,278.2,2.13,83.5,8.53,7.12,1.41,4.46,7.16,1244.66,2.38,4.89,264.4
2015-02-09 15:50:00,3426600.0,995.4,4.65,278.18,2.07,83.3,8.52,7.09,1.42,4.45,7.13,1244.82,3.22,5.49,251.7
2015-02-09 16:00:00,3427200.0,995.48,4.53,278.05,2.02,83.7,8.45,7.07,1.38,4.43,7.1,1245.48,2.97,5.07,254.3
2015-02-09 16:10:00,3427800.0,995.54,4.47,277.99,2.05,84.2,8.41,7.08,1.33,4.44,7.11,1245.81,1.94,4.21,257.8
2015-02-09 16:20:00,3428400.0,995.51,4.46,277.98,2.02,84.1,8.41,7.07,1.34,4.43,7.1,1245.81,2.05,5.67,263.7
2015-02-09 16:30:00,3429000.0,995.52,4.45,277.97,2.0,84.0,8.4,7.06,1.34,4.42,7.09,1245.88,2.15,4.17,263.1
2015-02-09 16:40:00,3429600.0,995.58,4.37,277.88,2.0,84.5,8.35,7.06,1.29,4.42,7.09,1246.32,2.08,4.53,280.3
2015-02-09 16:50:00,3430200.0,995.61,4.34,277.85,2.01,84.8,8.33,7.07,1.27,4.43,7.1,1246.5,1.69,3.97,260.4
2015-02-09 17:00:00,3430800.0,995.75,4.38,277.88,2.04,84.7,8.36,7.08,1.28,4.43,7.11,1246.47,1.96,3.34,262.3
2015-02-09 17:10:00,3431400.0,995.87,4.35,277.84,2.02,84.7,8.34,7.07,1.28,4.43,7.1,1246.75,2.13,4.09,263.2
2015-02-09 17:20:00,3432000.0,996.01,4.34,277.81,2.05,85.0,8.33,7.08,1.25,4.43,7.11,1247.01,1.87,4.25,260.5
2015-02-09 17:30:00,3432600.0,996.1,4.29,277.76,2.07,85.4,8.3,7.09,1.21,4.44,7.12,1247.32,2.7,4.57,268.0
2015-02-09 17:40:00,3433200.0,996.36,4.25,277.7,2.13,86.0,8.28,7.12,1.16,4.46,7.15,1247.79,2.45,4.31,270.2
2015-02-09 17:50:00,3433800.0,996.58,4.21,277.64,2.13,86.3,8.26,7.13,1.13,4.46,7.15,1248.27,2.21,4.37,267.6
2015-02-09 18:00:00,3434400.0,996.62,4.17,277.6,2.09,86.3,8.23,7.11,1.13,4.45,7.13,1248.51,2.34,4.17,262.0
2015-02-09 18:10:00,3435000.0,996.68,4.16,277.58,2.04,86.0,8.23,7.08,1.15,4.43,7.1,1248.64,2.99,4.81,251.9
2015-02-09 18:20:00,3435600.0,996.85,4.14,277.55,2.05,86.2,8.22,7.08,1.13,4.43,7.11,1248.94,3.12,5.17,255.2
2015-02-09 18:30:00,3436200.0,997.08,4.13,277.53,2.08,86.4,8.21,7.1,1.12,4.44,7.12,1249.24,2.99,4.71,259.7
2015-02-09 18:40:00,3436800.0,997.23,4.14,277.52,2.08,86.4,8.22,7.1,1.12,4.44,7.12,1249.42,2.71,4.53,254.6
2015-02-09 18:50:00,3437400.0,997.35,4.19,277.56,2.12,86.3,8.25,7.12,1.13,4.45,7.14,1249.32,2.89,4.93,256.9
2015-02-09 19:00:00,3438000.0,997.47,4.18,277.54,2.13,86.5,8.24,7.13,1.11,4.46,7.14,1249.54,3.13,5.05,254.5
2015-02-09 19:10:00,3438600.0,997.57,4.14,277.5,2.17,86.9,8.22,7.14,1.08,4.47,7.16,1249.81,3.65,5.59,254.8
2015-02-09 19:20:00,3439200.0,997.57,4.13,277.49,2.21,87.2,8.21,7.16,1.05,4.48,7.18,1249.83,3.25,4.69,258.5
2015-02-09 19:30:00,3439800.0,997.6,4.13,277.48,2.22,87.3,8.21,7.17,1.04,4.48,7.19,1249.87,3.68,5.93,257.3
2015-02-09 19:40:00,3440400.0,997.63,4.13,277.48,2.25,87.5,8.21,7.19,1.03,4.49,7.2,1249.89,2.93,4.69,262.9
2015-02-09 19:50:00,3441000.0,997.67,4.12,277.46,2.25,87.6,8.21,7.19,1.02,4.49,7.2,1250.02,2.59,4.93,255.6
2015-02-09 20:00:00,3441600.0,997.71,4.07,277.41,2.24,87.8,8.18,7.18,1.0,4.49,7.2,1250.3,2.94,4.37,255.5
2015-02-09 20:10:00,3442200.0,997.84,4.07,277.4,2.24,87.8,8.18,7.18,1.0,4.49,7.19,1250.46,2.69,4.41,256.1
2015-02-09 20:20:00,3442800.0,998.02,4.07,277.39,2.24,87.8,8.18,7.18,1.0,4.49,7.2,1250.67,2.79,4.85,258.5
2015-02-09 20:30:00,3443400.0,998.1,4.11,277.42,2.26,87.7,8.2,7.19,1.01,4.49,7.21,1250.57,2.53,4.13,256.3
2015-02-09 20:40:00,3444000.0,997.99,4.09,277.41,2.28,87.9,8.19,7.2,0.99,4.5,7.21,1250.53,2.45,4.09,261.6
2015-02-09 20:50:00,3444600.0,997.95,4.07,277.39,2.27,88.0,8.18,7.2,0.98,4.5,7.21,1250.57,2.94,4.73,253.5
2015-02-09 21:00:00,3445200.0,997.97,4.07,277.39,2.3,88.2,8.18,7.21,0.96,4.51,7.23,1250.6,2.84,4.73,253.3
2015-02-09 21:10:00,3445800.0,998.15,4.07,277.38,2.36,88.6,8.18,7.24,0.93,4.53,7.26,1250.82,2.91,5.35,253.4
2015-02-09 21:20:00,3446400.0,998.23,4.03,277.33,2.38,89.0,8.15,7.26,0.9,4.53,7.27,1251.11,2.48,3.81,251.1
2015-02-09 21:30:00,3447000.0,998.23,4.0,277.3,2.39,89.2,8.14,7.26,0.88,4.54,7.27,1251.22,2.67,4.73,250.9
2015-02-09 21:40:00,3447600.0,998.22,4.0,277.3,2.36,89.0,8.14,7.24,0.9,4.52,7.25,1251.23,2.43,4.09,257.6
2015-02-09 21:50:00,3448200.0,998.27,4.0,277.3,2.31,88.7,8.14,7.22,0.92,4.51,7.23,1251.28,1.78,3.57,254.9
2015-02-09 22:00:00,3448800.0,998.3,3.97,277.27,2.28,88.7,8.12,7.2,0.92,4.5,7.22,1251.46,2.8,4.41,252.9
2015-02-09 22:10:00,3449400.0,998.36,3.94,277.23,2.34,89.3,8.1,7.23,0.87,4.52,7.25,1251.69,1.96,3.61,251.0
2015-02-09 22:20:00,3450000.0,998.35,3.93,277.23,2.39,89.6,8.1,7.26,0.84,4.53,7.27,1251.67,2.44,4.97,259.9
2015-02-09 22:30:00,3450600.0,998.45,3.9,277.18,2.37,89.7,8.08,7.25,0.83,4.53,7.26,1251.95,1.84,3.85,258.1
2015-02-09 22:40:00,3451200.0,998.46,3.87,277.15,2.34,89.7,8.06,7.23,0.83,4.52,7.24,1252.13,1.62,3.24,250.9
2015-02-09 22:50:00,3451800.0,998.45,3.86,277.14,2.29,89.4,8.06,7.2,0.85,4.5,7.22,1252.15,1.58,3.41,252.1
2015-02-09 23:00:00,3452400.0,998.43,3.87,277.16,2.2,88.8,8.06,7.16,0.9,4.47,7.17,1252.1,1.3,2.64,250.3
2015-02-09 23:10:00,3453000.0,998.5,3.93,277.2,2.14,88.1,8.09,7.13,0.96,4.45,7.14,1251.95,1.85,4.13,255.3
2015-02-09 23:20:00,3453600.0,998.58,3.91,277.18,2.14,88.2,8.08,7.13,0.95,4.45,7.14,1252.14,1.44,2.56,250.5
2015-02-09 23:30:00,3454200.0,998.64,3.89,277.16,2.14,88.3,8.07,7.13,0.94,4.45,7.14,1252.3,1.1,2.56,249.9
2015-02-09 23:40:00,3454800.0,998.74,3.93,277.19,2.12,87.9,8.1,7.12,0.98,4.45,7.13,1252.23,1.17,2.64,249.7
2015-02-09 23:50:00,3455400.0,998.8,3.92,277.18,2.12,88.0,8.09,7.12,0.97,4.45,7.13,1252.36,1.19,2.88,261.2
2015-02-10 00:00:00,3456000.0,998.89,3.93,277.18,2.1,87.8,8.1,7.11,0.99,4.44,7.12,1252.42,1.44,2.52,260.7
2015-02-10 00:10:00,3456600.0,998.85,3.9,277.15,2.09,87.9,8.08,7.1,0.98,4.43,7.11,1252.52,1.38,2.68,263.9
2015-02-10 00:20:00,3457200.0,998.93,3.86,277.11,2.06,88.0,8.06,7.09,0.97,4.43,7.1,1252.8,1.56,3.97,258.3
2015-02-10 00:30:00,3457800.0,998.92,3.78,277.03,2.08,88.6,8.01,7.1,0.91,4.43,7.11,1253.16,1.37,4.09,268.8
2015-02-10 00:40:00,3458400.0,998.83,3.74,276.99,2.11,89.1,7.99,7.12,0.87,4.44,7.12,1253.25,0.98,1.8,270.2
2015-02-10 00:50:00,3459000.0,998.87,3.69,276.93,2.13,89.5,7.96,7.12,0.84,4.45,7.13,1253.51,1.29,3.36,247.3
2015-02-10 01:00:00,3459600.0,998.95,3.6,276.84,2.18,90.4,7.91,7.15,0.76,4.46,7.16,1254.0,1.09,2.28,260.7
2015-02-10 01:10:00,3460200.0,998.95,3.54,276.79,2.25,91.2,7.88,7.19,0.69,4.49,7.19,1254.23,0.87,1.72,250.4
2015-02-10 01:20:00,3460800.0,998.96,3.52,276.76,2.23,91.2,7.87,7.17,0.69,4.48,7.18,1254.34,1.34,1.96,258.7
2015-02-10 01:30:00,3461400.0,999.03,3.47,276.71,2.15,91.0,7.84,7.13,0.71,4.45,7.14,1254.66,1.64,3.36,243.4
2015-02-10 01:40:00,3462000.0,999.01,3.41,276.65,2.1,91.1,7.8,7.11,0.69,4.44,7.12,1254.94,1.59,2.72,251.0
2015-02-10 01:50:00,3462600.0,999.08,3.4,276.63,2.11,91.2,7.8,7.11,0.69,4.44,7.12,1255.07,1.9,3.97,253.7
2015-02-10 02:00:00,3463200.0,999.08,3.36,276.59,2.1,91.4,7.78,7.11,0.67,4.44,7.12,1255.25,2.22,4.25,253.0
2015-02-10 02:10:00,3463800.0,999.12,3.33,276.56,2.12,91.7,7.76,7.12,0.64,4.44,7.12,1255.42,2.53,3.41,249.3
2015-02-10 02:20:00,3464400.0,999.2,3.33,276.56,2.12,91.7,7.76,7.12,0.64,4.44,7.12,1255.53,2.1,3.0,253.6
2015-02-10 02:30:00,3465000.0,999.22,3.35,276.57,2.15,91.8,7.77,7.14,0.64,4.45,7.14,1255.46,2.28,3.65,254.6
2015-02-10 02:40:00,3465600.0,999.23,3.4,276.62,2.17,91.6,7.8,7.14,0.66,4.46,7.15,1255.25,2.3,2.96,259.4
2015-02-10 02:50:00,3466200.0,999.2,3.36,276.58,2.16,91.8,7.78,7.14,0.64,4.46,7.15,1255.4,2.47,3.97,249.3
2015-02-10 03:00:00,3466800.0,999.22,3.33,276.55,2.22,92.4,7.76,7.17,0.59,4.48,7.18,1255.53,2.16,3.43,254.5
2015-02-10 03:10:00,3467400.0,999.28,3.33,276.55,2.22,92.4,7.76,7.17,0.59,4.48,7.18,1255.6,2.24,3.49,254.7
2015-02-10 03:20:00,3468000.0,999.29,3.33,276.55,2.22,92.4,7.76,7.17,0.59,4.48,7.18,1255.62,2.18,3.16,250.2
2015-02-10 03:30:00,3468600.0,999.26,3.28,276.5,2.25,92.9,7.74,7.19,0.55,4.49,7.19,1255.79,1.74,3.04,248.2
2015-02-10 03:40:00,3469200.0,999.19,3.28,276.5,2.31,93.3,7.73,7.21,0.52,4.5,7.22,1255.71,1.82,3.32,244.7
2015-02-10 03:50:00,3469800.0,999.18,3.3,276.52,2.32,93.3,7.74,7.22,0.52,4.51,7.23,1255.62,1.48,2.72,251.0
2015-02-10 04:00:00,3470400.0,999.2,3.33,276.56,2.37,93.4,7.76,7.25,0.51,4.53,7.26,1255.46,1.47,2.64,250.4
2015-02-10 04:10:00,3471000.0,999.19,3.33,276.56,2.36,93.3,7.76,7.24,0.52,4.52,7.25,1255.45,1.93,3.85,253.1
2015-02-10 04:20:00,3471600.0,999.17,3.36,276.59,2.37,93.2,7.78,7.25,0.53,4.52,7.25,1255.31,2.04,4.05,252.6
2015-02-10 04:30:00,3472200.0,999.23,3.38,276.6,2.35,92.9,7.79,7.24,0.55,4.52,7.24,1255.28,1.6,3.2,248.6
2015-02-10 04:40:00,3472800.0,999.33,3.37,276.58,2.35,93.0,7.78,7.24,0.54,4.52,7.24,1255.48,1.36,2.32,251.6
2015-02-10 04:50:00,3473400.0,999.42,3.46,276.67,2.39,92.7,7.83,7.26,0.57,4.53,7.26,1255.17,0.87,2.28,247.6
2015-02-10 05:00:00,3474000.0,999.45,3.45,276.66,2.33,92.3,7.83,7.23,0.6,4.51,7.23,1255.25,1.21,2.8,231.6
2015-02-10 05:10:00,3474600.0,999.47,3.47,276.67,2.33,92.2,7.84,7.23,0.61,4.51,7.23,1255.2,0.85,1.64,232.2
2015-02-10 05:20:00,3475200.0,999.46,3.47,276.67,2.3,92.0,7.84,7.21,0.63,4.5,7.21,1255.2,1.69,2.62,253.7
2015-02-10 05:30:00,3475800.0,999.54,3.47,276.66,2.27,91.8,7.84,7.19,0.64,4.49,7.2,1255.31,1.78,3.81,255.4
2015-02-10 05:40:00,3476400.0,999.66,3.51,276.69,2.29,91.7,7.86,7.21,0.65,4.5,7.21,1255.28,1.68,3.69,267.1
2015-02-10 05:50:00,3477000.0,999.69,3.5,276.68,2.28,91.7,7.85,7.2,0.65,4.49,7.2,1255.35,1.45,3.18,261.2
2015-02-10 06:00:00,3477600.0,999.78,3.49,276.67,2.26,91.6,7.85,7.19,0.66,4.48,7.19,1255.52,1.45,3.77,261.2
2015-02-10 06:10:00,3478200.0,999.81,3.47,276.64,2.22,91.5,7.84,7.17,0.67,4.47,7.17,1255.67,1.37,3.04,250.5
2015-02-10 06:20:00,3478800.0,999.82,3.49,276.66,2.19,91.2,7.85,7.16,0.69,4.46,7.16,1255.59,1.29,3.0,241.3
2015-02-10 06:30:00,3479400.0,999.91,3.46,276.63,2.24,91.7,7.83,7.18,0.65,4.48,7.18,1255.81,1.42,2.3,254.5
2015-02-10 06:40:00,3480000.0,999.95,3.41,276.57,2.25,92.1,7.8,7.19,0.62,4.48,7.19,1256.11,1.24,1.96,244.4
2015-02-10 06:50:00,3480600.0,1000.05,3.4,276.56,2.27,92.3,7.8,7.2,0.6,4.49,7.2,1256.26,1.81,3.24,252.7
2015-02-10 07:00:00,3481200.0,1000.15,3.4,276.55,2.2,91.8,7.8,7.16,0.64,4.47,7.16,1256.39,1.46,3.28,255.3
2015-02-10 07:10:00,3481800.0,1000.18,3.41,276.55,2.13,91.3,7.8,7.12,0.68,4.44,7.12,1256.42,1.8,3.36,251.6
2015-02-10 07:20:00,3482400.0,1000.3,3.4,276.54,2.09,91.1,7.8,7.11,0.69,4.43,7.1,1256.61,1.56,3.08,243.3
2015-02-10 07:30:00,3483000.0,1000.42,3.39,276.51,2.12,91.4,7.79,7.12,0.67,4.44,7.12,1256.82,1.64,4.43,243.7
2015-02-10 07:40:00,3483600.0,1000.47,3.33,276.45,2.14,91.9,7.76,7.13,0.63,4.45,7.13,1257.15,1.58,3.41,244.5
2015-02-10 07:50:00,3484200.0,1000.58,3.27,276.38,2.16,92.4,7.73,7.14,0.59,4.45,7.13,1257.56,1.74,2.8,249.7
2015-02-10 08:00:00,3484800.0,1000.82,3.31,276.4,2.24,92.7,7.75,7.18,0.57,4.48,7.18,1257.65,1.03,2.88,257.3
2015-02-10 08:10:00,3485400.0,1000.99,3.34,276.42,2.22,92.3,7.77,7.17,0.6,4.47,7.16,1257.72,1.15,2.0,258.5
2015-02-10 08:20:00,3486000.0,1001.09,3.34,276.41,2.2,92.2,7.77,7.16,0.61,4.46,7.15,1257.85,1.18,2.36,250.4
2015-02-10 08:30:00,3486600.0,1001.21,3.35,276.41,2.21,92.2,7.77,7.16,0.61,4.46,7.15,1257.98,1.29,2.6,257.0
2015-02-10 08:40:00,3487200.0,1001.34,3.33,276.39,2.22,92.4,7.76,7.17,0.59,4.47,7.16,1258.2,1.1,2.08,240.4
2015-02-10 08:50:00,3487800.0,1001.41,3.39,276.44,2.28,92.4,7.79,7.2,0.59,4.48,7.19,1258.02,1.19,2.2,251.9
2015-02-10 09:00:00,3488400.0,1001.48,3.46,276.5,2.32,92.2,7.83,7.22,0.61,4.5,7.21,1257.78,1.42,2.72,252.3
2015-02-10 09:10:00,3489000.0,1001.47,3.48,276.52,2.32,92.1,7.84,7.22,0.62,4.5,7.21,1257.67,1.39,2.08,247.3
2015-02-10 09:20:00,3489600.0,1001.47,3.53,276.57,2.37,92.1,7.87,7.25,0.62,4.51,7.24,1257.45,1.19,2.1,236.9
2015-02-10 09:30:00,3490200.0,1001.46,3.55,276.59,2.35,91.8,7.88,7.24,0.65,4.51,7.22,1257.34,1.66,2.76,235.4
2015-02-10 09:40:00,3490800.0,1001.5,3.59,276.63,2.36,91.6,7.91,7.24,0.66,4.51,7.23,1257.19,1.18,2.12,242.5
2015-02-10 09:50:00,3491400.0,1001.54,3.63,276.67,2.36,91.4,7.93,7.24,0.68,4.51,7.23,1257.06,0.98,1.92,225.6
2015-02-10 10:00:00,3492000.0,1001.61,3.72,276.75,2.42,91.2,7.97,7.27,0.7,4.53,7.26,1256.76,1.07,3.04,234.1
2015-02-10 10:10:00,3492600.0,1001.54,3.68,276.72,2.33,90.8,7.96,7.22,0.73,4.5,7.21,1256.83,1.67,2.84,247.6
2015-02-10 10:20:00,3493200.0,1001.52,3.8,276.84,2.46,90.9,8.02,7.29,0.73,4.54,7.28,1256.25,0.76,1.64,204.1
2015-02-10 10:30:00,3493800.0,1001.51,4.07,277.11,2.58,90.0,8.18,7.36,0.82,4.58,7.35,1254.99,0.87,2.68,241.3
2015-02-10 10:40:00,3494400.0,1001.55,3.99,277.03,2.47,89.8,8.13,7.3,0.83,4.55,7.29,1255.42,1.24,2.04,248.6
2015-02-10 10:50:00,3495000.0,1001.54,3.96,277.0,2.43,89.7,8.12,7.28,0.84,4.53,7.27,1255.54,1.71,3.14,251.2
2015-02-10 11:00:00,3495600.0,1001.66,4.02,277.05,2.39,89.1,8.15,7.26,0.89,4.52,7.25,1255.45,1.72,3.12,277.2
2015-02-10 11:10:00,3496200.0,1001.86,4.11,277.12,2.39,88.5,8.2,7.26,0.94,4.52,7.24,1255.29,1.41,3.32,291.9
2015-02-10 11:20:00,3496800.0,1001.94,4.17,277.17,2.37,88.0,8.23,7.25,0.99,4.51,7.23,1255.13,1.29,2.68,312.0
2015-02-10 11:30:00,3497400.0,1001.93,4.24,277.25,2.34,87.4,8.28,7.23,1.04,4.5,7.22,1254.79,1.43,3.45,284.1
2015-02-10 11:40:00,3498000.0,1001.91,4.5,277.51,2.45,86.5,8.43,7.29,1.14,4.54,7.28,1253.58,0.33,1.24,282.3
2015-02-10 11:50:00,3498600.0,1001.96,4.54,277.54,2.31,85.4,8.45,7.22,1.23,4.49,7.2,1253.49,0.98,2.24,290.8
2015-02-10 12:00:00,3499200.0,1001.89,4.38,277.39,2.24,85.9,8.36,7.18,1.18,4.47,7.17,1254.14,1.36,2.64,332.5
2015-02-10 12:10:00,3499800.0,1001.79,4.44,277.46,2.31,86.0,8.39,7.22,1.17,4.49,7.2,1253.73,1.14,2.56,276.4
2015-02-10 12:20:00,3500400.0,1001.74,4.54,277.56,2.33,85.5,8.45,7.23,1.23,4.5,7.21,1253.21,0.89,2.08,267.0
2015-02-10 12:30:00,3501000.0,1001.63,4.67,277.71,2.38,85.0,8.53,7.25,1.28,4.52,7.24,1252.44,0.65,1.2,280.3
2015-02-10 12:40:00,3501600.0,1001.53,4.8,277.84,2.29,83.7,8.61,7.21,1.4,4.49,7.19,1251.78,1.47,2.6,246.3
2015-02-10 12:50:00,3502200.0,1001.54,4.82,277.86,2.21,83.1,8.62,7.16,1.46,4.46,7.15,1251.71,1.35,3.34,247.5
2015-02-10 13:00:00,3502800.0,1001.54,4.83,277.87,2.23,83.2,8.63,7.18,1.45,4.47,7.17,1251.67,1.19,3.0,283.9
2015-02-10 13:10:00,3503400.0,1001.49,4.88,277.92,2.21,82.8,8.65,7.17,1.49,4.46,7.15,1251.4,1.46,3.89,265.2
2015-02-10 13:20:00,3504000.0,1001.58,4.94,277.98,2.29,82.9,8.69,7.21,1.49,4.49,7.2,1251.2,0.91,2.2,228.1
2015-02-10 13:30:00,3504600.0,1001.55,4.92,277.95,2.16,82.3,8.68,7.14,1.54,4.45,7.13,1251.32,1.81,3.36,276.4
2015-02-10 13:40:00,3505200.0,1001.44,4.88,277.93,2.11,82.2,8.66,7.12,1.54,4.43,7.11,1251.35,1.27,2.68,293.6
2015-02-10 13:50:00,3505800.0,1001.35,4.84,277.89,2.04,82.0,8.63,7.08,1.55,4.41,7.07,1251.44,1.16,3.08,293.9
2015-02-10 14:00:00,3506400.0,1001.35,4.91,277.97,2.11,82.0,8.68,7.11,1.56,4.43,7.11,1251.08,1.31,4.21,278.0
2015-02-10 14:10:00,3507000.0,1001.28,4.91,277.97,2.09,81.9,8.68,7.11,1.57,4.43,7.1,1251.01,1.65,3.36,286.7
2015-02-10 14:20:00,3507600.0,1001.21,4.98,278.05,2.09,81.5,8.72,7.11,1.61,4.43,7.1,1250.6,1.27,2.94,273.3
2015-02-10 14:30:00,3508200.0,1001.21,4.93,277.99,2.08,81.7,8.69,7.1,1.59,4.42,7.09,1250.85,1.42,3.32,234.5
2015-02-10 14:40:00,3508800.0,1001.24,4.91,277.97,2.03,81.6,8.67,7.08,1.6,4.41,7.07,1251.0,1.72,3.12,286.0
2015-02-10 14:50:00,3509400.0,1001.24,4.92,277.98,2.02,81.4,8.68,7.07,1.61,4.4,7.06,1250.93,1.13,3.28,239.7
2015-02-10 15:00:00,3510000.0,1001.25,4.91,277.97,1.89,80.7,8.68,7.0,1.67,4.36,6.99,1251.02,1.79,3.96,278.2
2015-02-10 15:10:00,3510600.0,1001.24,4.89,277.95,1.95,81.2,8.66,7.03,1.63,4.38,7.02,1251.12,1.51,2.88,283.6
2015-02-10 15:20:00,3511200.0,1001.27,4.83,277.89,1.94,81.5,8.62,7.03,1.6,4.38,7.02,1251.42,1.48,3.36,253.3
2015-02-10 15:30:00,3511800.0,1001.2,4.82,277.88,1.89,81.3,8.62,7.01,1.61,4.36,7.0,1251.4,1.22,2.8,271.4
2015-02-10 15:40:00,3512400.0,1001.29,4.79,277.85,1.82,81.0,8.6,6.97,1.63,4.34,6.96,1251.63,1.58,2.96,279.6
2015-02-10 15:50:00,3513000.0,1001.36,4.81,277.86,1.77,80.6,8.61,6.94,1.67,4.32,6.93,1251.66,1.04,2.18,284.9
2015-02-10 16:00:00,3513600.0,1001.42,4.75,277.8,1.68,80.4,8.58,6.9,1.68,4.29,6.89,1252.02,1.86,4.0,276.9
2015-02-10 16:10:00,3514200.0,1001.45,4.69,277.73,1.65,80.6,8.54,6.88,1.66,4.29,6.87,1252.33,1.09,2.8,286.6
2015-02-10 16:20:00,3514800.0,1001.46,4.67,277.71,1.63,80.6,8.53,6.87,1.65,4.28,6.86,1252.44,1.17,3.28,262.9
2015-02-10 16:30:00,3515400.0,1001.43,4.66,277.7,1.57,80.3,8.52,6.84,1.68,4.26,6.83,1252.48,1.11,1.96,280.8
2015-02-10 16:40:00,3516000.0,1001.52,4.6,277.64,1.6,80.8,8.49,6.86,1.63,4.27,6.85,1252.85,1.43,2.72,249.4
2015-02-10 16:50:00,3516600.0,1001.65,4.53,277.56,1.65,81.5,8.45,6.89,1.56,4.29,6.87,1253.29,1.08,2.2,259.1
2015-02-10 17:00:00,3517200.0,1001.69,4.51,277.54,1.63,81.5,8.43,6.87,1.56,4.28,6.86,1253.45,1.2,3.0,246.0
2015-02-10 17:10:00,3517800.0,1001.77,4.46,277.48,1.6,81.6,8.41,6.86,1.55,4.27,6.85,1253.77,1.08,1.92,252.5
2015-02-10 17:20:00,3518400.0,1001.71,4.41,277.44,1.52,81.4,8.38,6.82,1.56,4.24,6.81,1253.95,1.46,2.92,261.7
2015-02-10 17:30:00,3519000.0,1001.77,4.4,277.42,1.54,81.6,8.37,6.83,1.54,4.25,6.82,1254.08,1.14,2.28,230.3
2015-02-10 17:40:00,3519600.0,1001.85,4.34,277.36,1.59,82.2,8.34,6.85,1.48,4.27,6.84,1254.41,1.12,2.04,257.0
2015-02-10 17:50:00,3520200.0,1001.91,4.32,277.33,1.67,82.8,8.32,6.89,1.43,4.29,6.88,1254.57,1.52,2.32,254.0
2015-02-10 18:00:00,3520800.0,1002.04,4.25,277.24,1.66,83.2,8.28,6.89,1.39,4.29,6.87,1255.07,1.65,2.32,255.2
2015-02-10 18:10:00,3521400.0,1002.08,4.23,277.22,1.64,83.2,8.27,6.88,1.39,4.28,6.86,1255.23,1.49,2.34,251.4
2015-02-10 18:20:00,3522000.0,1002.18,4.21,277.2,1.64,83.3,8.26,6.88,1.38,4.28,6.86,1255.43,1.34,2.18,258.9
2015-02-10 18:30:00,3522600.0,1002.28,4.26,277.23,1.64,83.0,8.28,6.88,1.41,4.28,6.86,1255.33,1.16,2.24,255.9
2015-02-10 18:40:00,3523200.0,1002.37,4.21,277.18,1.6,83.1,8.26,6.86,1.4,4.27,6.84,1255.68,0.84,1.5,248.7
2015-02-10 18:50:00,3523800.0,1002.41,4.18,277.15,1.63,83.4,8.24,6.87,1.37,4.27,6.85,1255.85,1.08,1.8,254.1
2015-02-10 19:00:00,3524400.0,1002.41,4.13,277.1,1.64,83.8,8.21,6.88,1.33,4.28,6.86,1256.08,1.36,2.08,249.8
2015-02-10 19:10:00,3525000.0,1002.37,4.07,277.04,1.6,83.9,8.18,6.86,1.32,4.27,6.84,1256.32,1.24,1.72,243.8
2015-02-10 19:20:00,3525600.0,1002.26,4.08,277.06,1.58,83.7,8.18,6.85,1.33,4.26,6.83,1256.11,1.44,2.68,258.0
2015-02-10 19:30:00,3526200.0,1002.25,4.08,277.06,1.53,83.4,8.18,6.82,1.36,4.25,6.81,1256.12,1.3,1.88,254.1
2015-02-10 19:40:00,3526800.0,1002.34,4.07,277.04,1.5,83.3,8.18,6.81,1.37,4.24,6.79,1256.3,1.59,2.48,251.9
2015-02-10 19:50:00,3527400.0,1002.48,4.07,277.03,1.48,83.2,8.18,6.8,1.37,4.23,6.78,1256.48,1.39,2.48,248.7
2015-02-10 20:00:00,3528000.0,1002.57,4.04,277.0,1.44,83.1,8.16,6.78,1.38,4.22,6.76,1256.72,1.48,2.0,248.4
2015-02-10 20:10:00,3528600.0,1002.53,4.05,277.01,1.45,83.1,8.17,6.79,1.38,4.22,6.77,1256.62,1.63,2.2,249.2
2015-02-10 20:20:00,3529200.0,1002.58,4.05,277.01,1.42,82.9,8.17,6.77,1.4,4.21,6.75,1256.69,1.19,1.6,250.9
2015-02-10 20:30:00,3529800.0,1002.59,4.06,277.01,1.41,82.8,8.17,6.77,1.41,4.21,6.75,1256.67,1.84,3.0,257.1
2015-02-10 20:40:00,3530400.0,1002.59,4.09,277.04,1.42,82.7,8.19,6.77,1.42,4.21,6.75,1256.52,1.19,1.88,272.3
2015-02-10 20:50:00,3531000.0,1002.61,4.09,277.04,1.4,82.6,8.19,6.76,1.42,4.21,6.74,1256.58,1.13,1.96,259.3
2015-02-10 21:00:00,3531600.0,1002.66,4.12,277.07,1.41,82.4,8.21,6.76,1.44,4.21,6.75,1256.46,1.23,1.8,253.8
2015-02-10 21:10:00,3532200.0,1002.76,4.13,277.07,1.39,82.3,8.21,6.76,1.45,4.2,6.74,1256.58,1.28,1.96,266.3
2015-02-10 21:20:00,3532800.0,1002.78,4.07,277.01,1.33,82.3,8.18,6.73,1.45,4.18,6.71,1256.88,1.39,2.28,253.6
2015-02-10 21:30:00,3533400.0,1002.74,4.07,277.02,1.34,82.3,8.18,6.73,1.45,4.19,6.71,1256.81,0.87,1.4,269.1
2015-02-10 21:40:00,3534000.0,1002.72,4.05,277.0,1.34,82.4,8.17,6.73,1.44,4.19,6.71,1256.86,0.99,1.44,248.6
2015-02-10 21:50:00,3534600.0,1002.71,3.96,276.9,1.31,82.8,8.11,6.72,1.4,4.18,6.7,1257.29,1.19,1.52,256.2
2015-02-10 22:00:00,3535200.0,1002.71,4.0,276.94,1.32,82.6,8.14,6.72,1.42,4.18,6.7,1257.12,1.19,2.04,265.2
2015-02-10 22:10:00,3535800.0,1002.67,4.04,276.98,1.34,82.5,8.16,6.73,1.43,4.19,6.71,1256.89,1.0,1.98,276.6
2015-02-10 22:20:00,3536400.0,1002.68,3.98,276.93,1.2,82.0,8.13,6.66,1.46,4.14,6.65,1257.18,1.07,2.2,244.7
2015-02-10 22:30:00,3537000.0,1002.69,3.93,276.88,1.25,82.6,8.1,6.69,1.41,4.16,6.67,1257.39,1.21,1.68,254.3
2015-02-10 22:40:00,3537600.0,1002.7,3.97,276.91,1.22,82.2,8.12,6.67,1.45,4.15,6.66,1257.26,0.91,1.48,264.6
2015-02-10 22:50:00,3538200.0,1002.63,3.96,276.91,1.18,82.0,8.11,6.65,1.46,4.14,6.64,1257.22,1.41,1.8,255.5
2015-02-10 23:00:00,3538800.0,1002.62,3.96,276.91,1.2,82.1,8.11,6.66,1.45,4.14,6.64,1257.21,0.91,1.6,292.0
2015-02-10 23:10:00,3539400.0,1002.55,4.0,276.96,1.22,82.0,8.14,6.67,1.46,4.15,6.65,1256.93,0.52,0.84,264.2
2015-02-10 23:20:00,3540000.0,1002.51,4.0,276.96,1.12,81.4,8.14,6.62,1.51,4.12,6.61,1256.9,0.89,1.32,249.9
2015-02-10 23:30:00,3540600.0,1002.47,4.02,276.98,1.03,80.8,8.15,6.58,1.56,4.09,6.57,1256.8,1.09,1.84,270.8
2015-02-10 23:40:00,3541200.0,1002.49,4.08,277.04,1.06,80.6,8.18,6.6,1.59,4.1,6.58,1256.52,0.43,0.96,260.1
2015-02-10 23:50:00,3541800.0,1002.51,4.08,277.04,0.99,80.2,8.18,6.56,1.62,4.08,6.55,1256.56,0.77,1.64,282.2
2015-02-11 00:00:00,3542400.0,1002.53,4.1,277.06,0.89,79.5,8.2,6.52,1.68,4.05,6.5,1256.51,1.02,1.52,274.2
2015-02-11 00:10:00,3543000.0,1002.52,4.1,277.06,0.78,78.9,8.2,6.47,1.73,4.02,6.45,1256.53,0.78,1.6,355.5
2015-02-11 00:20:00,3543600.0,1002.48,4.12,277.09,0.88,79.3,8.21,6.51,1.7,4.05,6.49,1256.36,0.74,1.24,272.1
2015-02-11 00:30:00,3544200.0,1002.38,4.05,277.02,0.76,79.1,8.16,6.46,1.71,4.02,6.44,1256.62,0.85,1.4,312.6
2015-02-11 00:40:00,3544800.0,1002.32,3.93,276.91,0.83,80.1,8.1,6.49,1.61,4.04,6.47,1257.04,0.82,1.84,270.0
2015-02-11 00:50:00,3545400.0,1002.28,3.94,276.92,0.76,79.7,8.1,6.46,1.64,4.02,6.44,1256.98,0.85,1.72,251.3
2015-02-11 01:00:00,3546000.0,1002.25,3.89,276.87,0.72,79.7,8.07,6.43,1.64,4.0,6.42,1257.17,0.87,1.36,265.8
2015-02-11 01:10:00,3546600.0,1002.26,3.93,276.91,0.67,79.2,8.1,6.41,1.68,3.99,6.4,1256.99,1.04,1.56,263.8
2015-02-11 01:20:00,3547200.0,1002.23,3.93,276.91,0.62,78.9,8.1,6.39,1.71,3.97,6.37,1256.97,0.7,1.04,306.5
2015-02-11 01:30:00,3547800.0,1002.16,3.93,276.92,0.62,78.9,8.1,6.39,1.71,3.97,6.38,1256.89,0.57,1.44,312.9
2015-02-11 01:40:00,3548400.0,1002.14,3.83,276.82,0.57,79.2,8.04,6.37,1.67,3.96,6.35,1257.33,0.69,1.44,255.9
2015-02-11 01:50:00,3549000.0,1002.14,3.79,276.78,0.56,79.4,8.02,6.36,1.65,3.96,6.35,1257.53,1.13,2.16,269.2
2015-02-11 02:00:00,3549600.0,1002.11,3.92,276.91,0.54,78.5,8.09,6.35,1.74,3.95,6.34,1256.9,1.4,2.36,288.2
2015-02-11 02:10:00,3550200.0,1002.12,3.88,276.87,0.54,78.7,8.07,6.35,1.72,3.95,6.34,1257.08,1.29,1.72,281.3
2015-02-11 02:20:00,3550800.0,1002.13,3.76,276.75,0.5,79.2,8.0,6.33,1.66,3.94,6.32,1257.66,1.13,1.66,293.1
2015-02-11 02:30:00,3551400.0,1002.14,3.72,276.71,0.52,79.5,7.98,6.34,1.64,3.95,6.33,1257.83,1.2,1.96,270.9
2015-02-11 02:40:00,3552000.0,1002.15,3.73,276.72,0.53,79.5,7.99,6.35,1.64,3.95,6.34,1257.79,0.92,1.64,285.0
2015-02-11 02:50:00,3552600.0,1002.14,3.73,276.72,0.49,79.3,7.98,6.33,1.65,3.94,6.32,1257.82,0.86,1.84,304.7
2015-02-11 03:00:00,3553200.0,1002.05,3.71,276.71,0.44,79.1,7.97,6.31,1.67,3.92,6.29,1257.78,0.65,1.68,339.0
2015-02-11 03:10:00,3553800.0,1002.02,3.74,276.74,0.45,79.0,7.99,6.31,1.68,3.93,6.3,1257.63,0.51,0.96,299.5
2015-02-11 03:20:00,3554400.0,1001.9,3.65,276.66,0.4,79.2,7.94,6.29,1.65,3.91,6.27,1257.89,1.21,1.76,239.4
2015-02-11 03:30:00,3555000.0,1001.84,3.6,276.62,0.37,79.3,7.91,6.27,1.64,3.9,6.26,1258.04,1.31,2.48,250.1
2015-02-11 03:40:00,3555600.0,1001.78,3.46,276.47,0.69,82.0,7.83,6.42,1.41,4.0,6.41,1258.55,0.83,1.44,123.2
2015-02-11 03:50:00,3556200.0,1001.73,3.32,276.34,0.7,82.9,7.75,6.43,1.33,4.0,6.42,1259.11,0.77,1.36,182.3
2015-02-11 04:00:00,3556800.0,1001.65,3.3,276.33,0.67,82.8,7.75,6.41,1.33,3.99,6.4,1259.08,0.44,1.12,200.2
2015-02-11 04:10:00,3557400.0,1001.65,3.33,276.36,0.83,83.6,7.76,6.49,1.27,4.04,6.48,1258.91,0.43,0.8,158.8
2015-02-11 04:20:00,3558000.0,1001.65,3.29,276.32,0.89,84.2,7.74,6.51,1.22,4.06,6.5,1259.11,0.57,0.96,166.3
2015-02-11 04:30:00,3558600.0,1001.64,3.34,276.37,0.99,84.5,7.77,6.56,1.2,4.09,6.55,1258.83,0.37,0.96,146.4
2015-02-11 04:40:00,3559200.0,1001.55,3.23,276.27,0.88,84.5,7.71,6.51,1.19,4.05,6.5,1259.23,0.62,1.14,214.0
2015-02-11 04:50:00,3559800.0,1001.54,3.13,276.17,0.82,84.7,7.65,6.48,1.17,4.04,6.47,1259.69,0.58,1.04,200.5
2015-02-11 05:00:00,3560400.0,1001.56,3.11,276.15,0.85,85.0,7.64,6.5,1.15,4.04,6.49,1259.8,0.67,1.36,177.9
2015-02-11 05:10:00,3561000.0,1001.53,3.27,276.31,0.83,84.0,7.73,6.49,1.24,4.04,6.48,1259.06,0.5,1.06,137.1
2015-02-11 05:20:00,3561600.0,1001.53,3.16,276.2,0.75,84.1,7.67,6.45,1.22,4.01,6.44,1259.58,0.47,0.8,185.4
2015-02-11 05:30:00,3562200.0,1001.53,3.08,276.12,0.66,84.1,7.62,6.41,1.21,3.99,6.4,1259.97,1.15,2.04,130.6
2015-02-11 05:40:00,3562800.0,1001.51,3.13,276.17,0.6,83.4,7.65,6.38,1.27,3.97,6.37,1259.72,1.05,1.44,141.4
2015-02-11 05:50:00,3563400.0,1001.43,3.03,276.08,0.6,84.0,7.6,6.38,1.22,3.97,6.37,1260.07,0.96,1.56,139.6
2015-02-11 06:00:00,3564000.0,1001.45,3.03,276.08,0.64,84.2,7.6,6.4,1.2,3.98,6.39,1260.08,0.91,1.88,144.8
2015-02-11 06:10:00,3564600.0,1001.31,3.03,276.08,0.53,83.6,7.6,6.35,1.25,3.95,6.34,1259.95,0.89,2.0,157.3
2015-02-11 06:20:00,3565200.0,1001.31,2.95,276.0,0.42,83.4,7.55,6.3,1.25,3.92,6.29,1260.34,0.71,1.12,214.2
2015-02-11 06:30:00,3565800.0,1001.37,2.98,276.03,0.41,83.1,7.57,6.29,1.28,3.92,6.28,1260.25,0.3,0.64,57.77
2015-02-11 06:40:00,3566400.0,1001.31,3.02,276.08,0.23,81.8,7.59,6.21,1.38,3.87,6.2,1260.02,0.59,1.16,249.9
2015-02-11 06:50:00,3567000.0,1001.29,2.96,276.01,0.11,81.5,7.56,6.16,1.4,3.83,6.15,1260.33,1.02,1.84,202.8
2015-02-11 07:00:00,3567600.0,1001.32,2.93,275.99,0.02,81.1,7.54,6.12,1.43,3.81,6.11,1260.5,1.14,1.64,207.2
2015-02-11 07:10:00,3568200.0,1001.29,2.88,275.94,-0.01,81.2,7.52,6.1,1.41,3.8,6.09,1260.72,1.07,1.56,208.0
2015-02-11 07:20:00,3568800.0,1001.31,2.95,276.01,0.04,81.1,7.56,6.13,1.43,3.82,6.12,1260.39,0.75,1.64,171.7
2015-02-11 07:30:00,3569400.0,1001.41,2.96,276.01,0.14,81.6,7.56,6.17,1.39,3.84,6.16,1260.45,1.18,2.28,158.6
2015-02-11 07:40:00,3570000.0,1001.51,2.91,275.95,0.0,81.1,7.53,6.11,1.42,3.8,6.1,1260.85,1.86,2.76,112.3
2015-02-11 07:50:00,3570600.0,1001.54,2.97,276.0,0.23,82.1,7.56,6.21,1.35,3.87,6.2,1260.58,1.17,2.04,124.1
2015-02-11 08:00:00,3571200.0,1001.55,3.14,276.18,0.32,81.6,7.66,6.25,1.41,3.89,6.24,1259.76,0.43,0.92,130.6
2015-02-11 08:10:00,3571800.0,1001.54,3.19,276.23,0.26,81.0,7.69,6.23,1.46,3.88,6.22,1259.53,0.36,0.84,119.9
2015-02-11 08:20:00,3572400.0,1001.57,3.12,276.16,0.13,80.6,7.65,6.16,1.48,3.84,6.15,1259.93,1.17,2.02,96.8
2015-02-11 08:30:00,3573000.0,1001.65,3.05,276.08,0.22,81.6,7.61,6.21,1.4,3.86,6.2,1260.35,1.22,2.04,135.6
2015-02-11 08:40:00,3573600.0,1001.63,2.99,276.02,0.13,81.4,7.57,6.17,1.41,3.84,6.16,1260.62,1.38,2.56,105.4
2015-02-11 08:50:00,3574200.0,1001.57,3.02,276.06,0.16,81.4,7.59,6.18,1.41,3.85,6.17,1260.37,1.1,1.96,149.8
2015-02-11 09:00:00,3574800.0,1001.54,3.03,276.07,0.03,80.6,7.6,6.12,1.47,3.81,6.11,1260.34,1.59,3.14,138.0
2015-02-11 09:10:00,3575400.0,1001.54,2.93,275.97,-0.08,80.5,7.54,6.07,1.47,3.78,6.06,1260.79,1.86,2.92,116.2
2015-02-11 09:20:00,3576000.0,1001.53,2.92,275.96,-0.09,80.5,7.54,6.07,1.47,3.78,6.06,1260.85,2.21,4.01,143.5
2015-02-11 09:30:00,3576600.0,1001.47,2.82,275.87,-0.2,80.4,7.49,6.02,1.47,3.75,6.01,1261.24,2.7,3.97,156.6
2015-02-11 09:40:00,3577200.0,1001.44,2.75,275.8,-0.29,80.3,7.45,5.98,1.47,3.72,5.97,1261.55,2.17,3.24,182.1
2015-02-11 09:50:00,3577800.0,1001.43,2.81,275.85,-0.25,80.2,7.48,6.0,1.48,3.73,5.99,1261.27,2.3,3.73,171.7
2015-02-11 10:00:00,3578400.0,1001.41,2.85,275.9,-0.19,80.3,7.5,6.02,1.48,3.75,6.01,1261.05,1.9,3.39,168.3
2015-02-11 10:10:00,3579000.0,1001.41,2.95,276.0,-0.14,80.0,7.55,6.04,1.51,3.76,6.04,1260.56,2.15,3.43,172.1
2015-02-11 10:20:00,3579600.0,1001.36,2.93,275.99,-0.13,80.2,7.54,6.05,1.49,3.77,6.04,1260.59,2.01,3.12,188.0
2015-02-11 10:30:00,3580200.0,1001.38,2.94,275.99,-0.05,80.6,7.55,6.08,1.46,3.79,6.08,1260.54,2.12,3.36,191.6
2015-02-11 10:40:00,3580800.0,1001.39,2.99,276.04,-0.06,80.3,7.57,6.08,1.49,3.79,6.07,1260.35,2.48,3.65,184.3
2015-02-11 10:50:00,3581400.0,1001.41,2.92,275.97,-0.16,80.1,7.54,6.04,1.5,3.76,6.03,1260.71,2.31,3.36,189.6
2015-02-11 11:00:00,3582000.0,1001.38,3.03,276.08,-0.12,79.7,7.6,6.05,1.54,3.77,6.05,1260.18,1.49,2.64,180.2
2015-02-11 11:10:00,3582600.0,1001.34,3.16,276.21,-0.06,79.3,7.67,6.08,1.59,3.79,6.07,1259.52,1.86,2.98,185.3
2015-02-11 11:20:00,3583200.0,1001.29,3.13,276.19,-0.07,79.4,7.65,6.08,1.58,3.78,6.07,1259.56,1.91,3.12,156.0
2015-02-11 11:30:00,3583800.0,1001.28,3.23,276.29,-0.03,79.1,7.71,6.09,1.61,3.79,6.09,1259.11,2.14,3.57,185.5
2015-02-11 11:40:00,3584400.0,1001.24,3.2,276.27,-0.09,78.9,7.69,6.07,1.62,3.78,6.06,1259.18,2.1,3.53,178.6
2015-02-11 11:50:00,3585000.0,1001.16,3.22,276.29,-0.07,78.9,7.7,6.08,1.62,3.78,6.07,1259.01,2.4,3.81,192.6
2015-02-11 12:00:00,3585600.0,1001.07,3.31,276.39,0.02,78.9,7.75,6.12,1.64,3.81,6.11,1258.45,1.68,2.88,165.3
2015-02-11 12:10:00,3586200.0,1001.02,3.48,276.56,0.04,78.1,7.85,6.13,1.72,3.82,6.12,1257.61,2.61,4.29,177.4
2015-02-11 12:20:00,3586800.0,1000.9,3.41,276.5,-0.05,78.0,7.8,6.09,1.72,3.79,6.08,1257.82,2.04,3.69,186.7
2015-02-11 12:30:00,3587400.0,1000.77,3.58,276.68,0.08,77.8,7.9,6.15,1.75,3.83,6.14,1256.85,1.96,3.97,190.3
2015-02-11 12:40:00,3588000.0,1000.68,3.7,276.81,0.15,77.5,7.97,6.18,1.79,3.85,6.17,1256.15,2.67,4.17,181.0
2015-02-11 12:50:00,3588600.0,1000.61,3.77,276.88,0.16,77.2,8.0,6.18,1.82,3.85,6.18,1255.79,1.65,2.82,174.4
2015-02-11 13:00:00,3589200.0,1000.51,3.95,277.07,0.25,76.7,8.11,6.22,1.89,3.87,6.21,1254.81,1.98,3.28,179.8
2015-02-11 13:10:00,3589800.0,1000.42,4.05,277.17,0.22,76.0,8.16,6.21,1.96,3.87,6.2,1254.26,2.07,3.24,108.2
2015-02-11 13:20:00,3590400.0,1000.33,4.35,277.48,0.36,75.2,8.34,6.27,2.07,3.91,6.27,1252.76,1.69,2.78,177.3
2015-02-11 13:30:00,3591000.0,1000.26,4.77,277.91,0.6,74.3,8.59,6.38,2.21,3.98,6.38,1250.73,1.83,3.56,165.0
2015-02-11 13:40:00,3591600.0,1000.17,5.05,278.2,0.5,72.3,8.76,6.33,2.43,3.95,6.33,1249.37,1.45,2.4,85.3
2015-02-11 13:50:00,3592200.0,1000.02,4.82,277.98,0.51,73.5,8.62,6.34,2.28,3.95,6.34,1250.19,1.08,2.36,41.98
2015-02-11 14:00:00,3592800.0,999.84,5.48,278.65,0.64,70.9,9.02,6.4,2.63,3.99,6.4,1247.01,1.18,2.48,184.7
2015-02-11 14:10:00,3593400.0,999.7,5.55,278.74,0.61,70.4,9.07,6.39,2.69,3.98,6.39,1246.51,1.98,3.16,184.7
2015-02-11 14:20:00,3594000.0,999.6,5.59,278.78,0.65,70.4,9.09,6.4,2.69,3.99,6.4,1246.21,1.62,2.88,164.0
2015-02-11 14:30:00,3594600.0,999.44,5.8,279.0,0.7,69.66,9.23,6.43,2.8,4.01,6.43,1245.05,1.84,2.92,171.2
2015-02-11 14:40:00,3595200.0,999.26,6.04,279.26,0.83,69.09,9.39,6.49,2.9,4.05,6.49,1243.71,2.35,3.44,166.5
2015-02-11 14:50:00,3595800.0,999.2,5.84,279.06,0.66,69.24,9.25,6.41,2.85,4.0,6.41,1244.6,2.51,3.52,187.0
2015-02-11 15:00:00,3596400.0,999.12,5.61,278.84,0.68,70.5,9.11,6.42,2.69,4.01,6.42,1245.52,2.46,3.4,207.3
2015-02-11 15:10:00,3597000.0,999.02,5.77,279.01,0.78,70.2,9.21,6.47,2.74,4.04,6.47,1244.64,2.13,2.92,200.9
2015-02-11 15:20:00,3597600.0,998.95,5.95,279.2,0.84,69.62,9.33,6.49,2.83,4.05,6.5,1243.73,1.93,3.16,193.1
2015-02-11 15:30:00,3598200.0,998.83,6.05,279.3,0.84,69.11,9.39,6.49,2.9,4.05,6.5,1243.14,1.87,3.32,200.7
2015-02-11 15:40:00,3598800.0,998.77,5.92,279.17,0.82,69.69,9.3,6.48,2.82,4.05,6.49,1243.67,2.13,2.76,205.6
2015-02-11 15:50:00,3599400.0,998.72,5.89,279.15,0.86,70.0,9.29,6.5,2.79,4.06,6.51,1243.71,1.62,2.36,194.1
2015-02-11 16:00:00,3600000.0,998.7,5.9,279.17,0.86,69.95,9.29,6.5,2.79,4.06,6.51,1243.64,1.57,2.66,193.4
2015-02-11 16:10:00,3600600.0,998.69,5.62,278.89,0.74,70.7,9.12,6.44,2.67,4.02,6.45,1244.9,1.86,2.36,198.5
2015-02-11 16:20:00,3601200.0,998.66,5.23,278.5,0.62,72.0,8.87,6.39,2.48,3.99,6.4,1246.63,1.97,2.64,202.7
2015-02-11 16:30:00,3601800.0,998.58,5.1,278.37,0.68,73.0,8.79,6.42,2.37,4.01,6.43,1247.12,1.44,2.26,197.5
2015-02-11 16:40:00,3602400.0,998.53,5.13,278.4,0.7,73.0,8.81,6.43,2.38,4.01,6.44,1246.93,1.3,2.36,192.2
2015-02-11 16:50:00,3603000.0,998.46,4.75,278.03,0.64,74.6,8.58,6.4,2.18,4.0,6.41,1248.54,1.68,2.36,187.6
2015-02-11 17:00:00,3603600.0,998.46,4.45,277.74,0.56,75.7,8.4,6.36,2.04,3.97,6.37,1249.89,1.75,2.64,192.9
2015-02-11 17:10:00,3604200.0,998.44,4.19,277.47,0.5,76.8,8.25,6.33,1.91,3.95,6.34,1251.08,1.62,2.32,191.3
2015-02-11 17:20:00,3604800.0,998.4,3.92,277.2,0.41,77.8,8.09,6.29,1.8,3.93,6.3,1252.27,1.76,2.36,205.1
2015-02-11 17:30:00,3605400.0,998.39,3.73,277.01,0.35,78.5,7.98,6.26,1.72,3.91,6.27,1253.13,1.15,2.2,202.5
2015-02-11 17:40:00,3606000.0,998.45,3.55,276.83,0.33,79.4,7.88,6.26,1.62,3.91,6.27,1254.03,0.94,1.56,195.3
2015-02-11 17:50:00,3606600.0,998.45,3.35,276.64,0.25,80.0,7.77,6.22,1.55,3.88,6.23,1254.92,1.17,1.6,203.7
2015-02-11 18:00:00,3607200.0,998.45,3.16,276.44,0.19,80.8,7.66,6.19,1.47,3.87,6.2,1255.83,1.52,2.2,202.2
2015-02-11 18:10:00,3607800.0,998.42,2.96,276.24,0.08,81.3,7.56,6.15,1.41,3.84,6.16,1256.71,1.44,1.92,210.7
2015-02-11 18:20:00,3608400.0,998.43,2.75,276.03,0.01,82.1,7.45,6.11,1.33,3.82,6.12,1257.68,1.26,1.64,206.8
2015-02-11 18:30:00,3609000.0,998.44,2.59,275.88,-0.01,82.9,7.36,6.1,1.26,3.81,6.11,1258.42,1.3,1.96,209.7
2015-02-11 18:40:00,3609600.0,998.42,2.44,275.73,-0.07,83.4,7.29,6.08,1.21,3.79,6.09,1259.09,1.27,2.54,203.0
2015-02-11 18:50:00,3610200.0,998.42,2.31,275.59,-0.09,84.1,7.22,6.07,1.15,3.79,6.08,1259.72,1.04,1.6,194.3
2015-02-11 19:00:00,3610800.0,998.43,2.16,275.44,-0.14,84.7,7.14,6.05,1.09,3.78,6.06,1260.42,1.31,1.82,205.1
2015-02-11 19:10:00,3611400.0,998.43,2.04,275.32,-0.18,85.2,7.08,6.03,1.05,3.76,6.04,1261.0,0.86,1.4,210.7
2015-02-11 19:20:00,3612000.0,998.44,1.86,275.14,-0.26,85.8,6.99,5.99,0.99,3.74,6.0,1261.84,0.55,1.04,199.2
2015-02-11 19:30:00,3612600.0,998.4,1.7,274.99,-0.3,86.5,6.91,5.98,0.93,3.73,5.99,1262.5,0.42,0.94,167.8
2015-02-11 19:40:00,3613200.0,998.31,1.5,274.79,-0.45,86.8,6.81,5.91,0.9,3.69,5.92,1263.37,0.7,1.2,213.0
2015-02-11 19:50:00,3613800.0,998.33,1.28,274.57,-0.51,87.8,6.7,5.88,0.82,3.67,5.89,1264.42,1.14,1.68,218.4
2015-02-11 20:00:00,3614400.0,998.34,1.14,274.43,-0.57,88.3,6.63,5.86,0.78,3.66,5.87,1265.1,1.35,2.16,221.2
2015-02-11 20:10:00,3615000.0,998.34,0.97,274.26,-0.66,88.8,6.55,5.82,0.73,3.63,5.83,1265.87,1.55,1.92,219.3
2015-02-11 20:20:00,3615600.0,998.34,0.79,274.08,-0.77,89.2,6.47,5.77,0.7,3.6,5.78,1266.72,1.66,2.28,216.6
2015-02-11 20:30:00,3616200.0,998.33,0.56,273.85,-0.92,89.8,6.36,5.71,0.65,3.57,5.72,1267.83,1.11,1.84,205.5
2015-02-11 20:40:00,3616800.0,998.27,0.41,273.7,-0.97,90.4,6.29,5.69,0.6,3.55,5.7,1268.47,1.07,1.46,201.2
2015-02-11 20:50:00,3617400.0,998.2,0.25,273.55,-1.07,90.8,6.22,5.65,0.57,3.53,5.66,1269.12,1.21,1.68,212.2
2015-02-11 21:00:00,3618000.0,998.1,0.1,273.41,-1.16,91.2,6.15,5.61,0.54,3.5,5.62,1269.71,1.51,1.94,212.6
2015-02-11 21:10:00,3618600.0,998.02,-0.01,273.31,-1.23,91.4,6.11,5.58,0.53,3.49,5.59,1270.11,1.44,1.96,214.5
2015-02-11 21:20:00,3619200.0,997.98,-0.16,273.16,-1.36,91.6,6.04,5.53,0.51,3.45,5.54,1270.81,1.54,2.2,203.1
2015-02-11 21:30:00,3619800.0,997.97,-0.33,272.99,-1.49,91.8,5.96,5.47,0.49,3.42,5.48,1271.61,1.33,2.64,192.8
2015-02-11 21:40:00,3620400.0,998.01,-0.57,272.74,-1.7,92.0,5.86,5.39,0.47,3.37,5.4,1272.83,1.06,1.92,170.6
2015-02-11 21:50:00,3621000.0,998.06,-0.99,272.32,-2.06,92.4,5.68,5.25,0.43,3.28,5.26,1274.92,0.61,1.0,178.4
2015-02-11 22:00:00,3621600.0,997.98,-1.39,271.93,-2.32,93.3,5.52,5.15,0.37,3.21,5.16,1276.71,1.25,1.68,214.6
2015-02-11 22:10:00,3622200.0,997.92,-1.58,271.74,-2.42,94.0,5.44,5.11,0.33,3.19,5.12,1277.59,1.44,2.16,194.5
2015-02-11 22:20:00,3622800.0,997.82,-1.79,271.54,-2.57,94.3,5.36,5.05,0.31,3.15,5.06,1278.43,1.8,2.44,199.1
2015-02-11 22:30:00,3623400.0,997.75,-1.98,271.36,-2.68,94.9,5.28,5.01,0.27,3.13,5.02,1279.28,1.62,2.56,193.5
2015-02-11 22:40:00,3624000.0,997.74,-2.11,271.23,-2.77,95.2,5.23,4.98,0.25,3.11,4.99,1279.9,1.58,2.44,197.0
2015-02-11 22:50:00,3624600.0,997.69,-2.2,271.14,-2.8,95.6,5.19,4.97,0.23,3.1,4.98,1280.27,1.96,2.72,197.7
2015-02-11 23:00:00,3625200.0,997.64,-2.16,271.19,-2.71,96.0,5.21,5.0,0.21,3.12,5.01,1279.99,2.27,2.92,199.3
2015-02-11 23:10:00,3625800.0,997.6,-2.08,271.26,-2.62,96.1,5.24,5.03,0.2,3.15,5.05,1279.58,2.15,2.72,197.0
2015-02-11 23:20:00,3626400.0,997.57,-2.01,271.34,-2.53,96.2,5.27,5.07,0.2,3.17,5.08,1279.16,1.94,2.64,194.8
2015-02-11 23:30:00,3627000.0,997.49,-2.07,271.28,-2.61,96.1,5.24,5.04,0.2,3.15,5.05,1279.37,2.16,2.86,191.9
2015-02-11 23:40:00,3627600.0,997.5,-2.19,271.17,-2.72,96.1,5.2,5.0,0.2,3.12,5.01,1279.95,2.04,2.72,195.0
2015-02-11 23:50:00,3628200.0,997.43,-2.27,271.09,-2.79,96.2,5.17,4.97,0.2,3.1,4.98,1280.28,2.07,2.64,195.8
2015-02-12 00:00:00,3628800.0,997.41,-2.36,271.0,-2.88,96.2,5.13,4.94,0.2,3.08,4.95,1280.68,1.73,2.28,199.8
2015-02-12 00:10:00,3629400.0,997.41,-2.4,270.96,-2.89,96.4,5.12,4.93,0.18,3.08,4.95,1280.87,1.82,2.44,202.7
2015-02-12 00:20:00,3630000.0,997.41,-2.45,270.92,-2.94,96.4,5.1,4.92,0.18,3.07,4.93,1281.09,2.16,2.76,210.4
2015-02-12 00:30:00,3630600.0,997.36,-2.43,270.94,-2.9,96.5,5.11,4.93,0.18,3.08,4.94,1280.94,2.17,2.66,207.7
2015-02-12 00:40:00,3631200.0,997.33,-2.47,270.9,-2.95,96.5,5.09,4.91,0.18,3.07,4.93,1281.12,2.14,2.76,209.4
2015-02-12 00:50:00,3631800.0,997.27,-2.48,270.89,-2.96,96.5,5.09,4.91,0.18,3.07,4.92,1281.07,2.11,2.92,213.9
2015-02-12 01:00:00,3632400.0,997.15,-2.47,270.91,-2.95,96.5,5.09,4.91,0.18,3.07,4.93,1280.87,2.18,3.29,208.5
2015-02-12 01:10:00,3633000.0,997.11,-2.47,270.92,-2.95,96.5,5.09,4.91,0.18,3.07,4.93,1280.81,1.95,2.99,214.2
2015-02-12 01:20:00,3633600.0,997.08,-2.44,270.95,-2.93,96.4,5.1,4.92,0.18,3.08,4.93,1280.62,2.17,3.09,209.8
2015-02-12 01:30:00,3634200.0,997.08,-2.44,270.94,-2.96,96.2,5.1,4.91,0.19,3.07,4.92,1280.66,1.79,2.84,209.7
2015-02-12 01:40:00,3634800.0,997.1,-2.47,270.92,-3.0,96.1,5.09,4.89,0.2,3.06,4.91,1280.81,1.42,2.36,211.6
2015-02-12 01:50:00,3635400.0,997.05,-2.46,270.93,-3.0,96.0,5.1,4.89,0.2,3.06,4.91,1280.71,1.62,2.7,209.0
2015-02-12 02:00:00,3636000.0,997.02,-2.49,270.9,-3.06,95.8,5.08,4.87,0.21,3.04,4.89,1280.81,1.01,1.64,205.3
2015-02-12 02:10:00,3636600.0,997.0,-2.49,270.9,-3.08,95.7,5.08,4.87,0.22,3.04,4.88,1280.8,0.96,1.8,200.8
2015-02-12 02:20:00,3637200.0,996.94,-2.49,270.91,-3.12,95.4,5.09,4.85,0.23,3.03,4.87,1280.7,1.04,2.08,180.3
2015-02-12 02:30:00,3637800.0,996.87,-2.63,270.78,-3.28,95.2,5.03,4.79,0.24,2.99,4.81,1281.32,1.0,1.8,187.9
2015-02-12 02:40:00,3638400.0,996.79,-2.78,270.63,-3.44,95.2,4.98,4.74,0.24,2.96,4.75,1281.97,0.83,1.7,180.9
2015-02-12 02:50:00,3639000.0,996.68,-2.77,270.65,-3.38,95.5,4.98,4.76,0.22,2.97,4.77,1281.74,0.82,1.08,222.4
2015-02-12 03:00:00,3639600.0,996.61,-2.66,270.76,-3.26,95.6,5.02,4.8,0.22,3.0,4.81,1281.15,0.62,1.16,230.6
2015-02-12 03:10:00,3640200.0,996.51,-2.75,270.68,-3.42,95.1,4.99,4.74,0.24,2.97,4.76,1281.44,0.69,1.5,216.5
2015-02-12 03:20:00,3640800.0,996.48,-2.76,270.67,-3.46,94.9,4.98,4.73,0.25,2.96,4.75,1281.47,0.92,1.6,219.1
2015-02-12 03:30:00,3641400.0,996.39,-2.78,270.66,-3.5,94.7,4.98,4.71,0.26,2.95,4.73,1281.46,0.84,1.4,209.7
2015-02-12 03:40:00,3642000.0,996.33,-2.94,270.5,-3.78,93.9,4.92,4.62,0.3,2.89,4.63,1282.2,0.34,0.72,232.8
2015-02-12 03:50:00,3642600.0,996.28,-2.99,270.46,-3.8,94.1,4.9,4.61,0.29,2.88,4.63,1282.37,0.33,0.96,252.3
2015-02-12 04:00:00,3643200.0,996.23,-3.11,270.34,-4.0,93.5,4.85,4.54,0.32,2.84,4.55,1282.92,0.21,0.48,350.3
2015-02-12 04:10:00,3643800.0,996.23,-3.28,270.17,-4.12,93.9,4.79,4.5,0.29,2.81,4.52,1283.75,0.28,0.48,25.55
2015-02-12 04:20:00,3644400.0,996.21,-3.19,270.27,-4.02,93.9,4.83,4.53,0.29,2.83,4.55,1283.24,0.17,0.4,22.75
2015-02-12 04:30:00,3645000.0,996.17,-3.4,270.05,-4.25,93.8,4.75,4.45,0.29,2.79,4.47,1284.27,0.21,0.48,43.52
2015-02-12 04:40:00,3645600.0,996.16,-3.82,269.63,-4.74,93.3,4.6,4.29,0.31,2.68,4.31,1286.35,0.37,0.6,37.78
2015-02-12 04:50:00,3646200.0,996.14,-3.85,269.61,-4.61,94.4,4.59,4.33,0.26,2.71,4.35,1286.42,0.22,0.36,77.2
2015-02-12 05:00:00,3646800.0,996.14,-4.04,269.42,-4.91,93.6,4.52,4.24,0.29,2.65,4.25,1287.39,0.21,0.4,67.83
2015-02-12 05:10:00,3647400.0,996.15,-4.12,269.34,-4.98,93.7,4.5,4.21,0.28,2.64,4.23,1287.79,0.45,0.6,41.18
2015-02-12 05:20:00,3648000.0,996.14,-4.3,269.16,-5.11,94.0,4.44,4.17,0.27,2.61,4.19,1288.64,0.58,0.76,52.28
2015-02-12 05:30:00,3648600.0,996.14,-4.55,268.91,-5.31,94.4,4.35,4.11,0.24,2.57,4.13,1289.87,0.32,0.48,42.41
2015-02-12 05:40:00,3649200.0,996.14,-4.69,268.77,-5.36,95.0,4.31,4.09,0.22,2.56,4.11,1290.56,0.19,0.36,109.2
2015-02-12 05:50:00,3649800.0,996.14,-4.56,268.9,-5.19,95.3,4.35,4.15,0.2,2.59,4.16,1289.9,0.24,0.56,76.7
2015-02-12 06:00:00,3650400.0,996.14,-4.53,268.93,-5.3,94.3,4.36,4.11,0.25,2.57,4.13,1289.79,0.2,0.44,151.7
2015-02-12 06:10:00,3651000.0,996.18,-4.76,268.69,-5.67,93.3,4.28,4.0,0.29,2.5,4.01,1291.0,0.24,0.76,8.81
2015-02-12 06:20:00,3651600.0,996.24,-4.61,268.84,-5.42,94.0,4.33,4.07,0.26,2.55,4.09,1290.32,0.23,0.92,315.0
2015-02-12 06:30:00,3652200.0,996.22,-4.79,268.66,-5.74,93.0,4.28,3.98,0.3,2.49,3.99,1291.19,0.41,0.84,113.8
2015-02-12 06:40:00,3652800.0,996.21,-5.04,268.41,-6.04,92.6,4.2,3.88,0.31,2.43,3.9,1292.43,0.78,1.72,242.9
2015-02-12 06:50:00,3653400.0,996.25,-5.2,268.25,-6.15,93.0,4.14,3.85,0.29,2.41,3.87,1293.27,0.86,1.6,253.2
2015-02-12 07:00:00,3654000.0,996.29,-5.37,268.07,-6.28,93.3,4.09,3.82,0.27,2.39,3.83,1294.19,0.88,1.64,246.0
2015-02-12 07:10:00,3654600.0,996.33,-5.5,267.94,-6.4,93.3,4.05,3.78,0.27,2.36,3.79,1294.87,1.3,2.12,233.7
2015-02-12 07:20:00,3655200.0,996.44,-5.61,267.83,-6.52,93.2,4.02,3.74,0.27,2.34,3.76,1295.55,1.6,2.08,241.8
2015-02-12 07:30:00,3655800.0,996.57,-5.61,267.81,-6.5,93.4,4.02,3.75,0.27,2.34,3.76,1295.72,1.52,2.24,243.4
2015-02-12 07:40:00,3656400.0,996.66,-5.59,267.83,-6.48,93.4,4.02,3.76,0.27,2.35,3.77,1295.73,0.85,1.2,229.3
2015-02-12 07:50:00,3657000.0,996.73,-5.76,267.66,-6.7,93.0,3.97,3.69,0.28,2.31,3.71,1296.66,1.42,2.04,244.2
2015-02-12 08:00:00,3657600.0,996.77,-5.66,267.75,-6.55,93.4,4.0,3.74,0.26,2.33,3.75,1296.24,0.44,1.04,352.3
2015-02-12 08:10:00,3658200.0,996.76,-5.65,267.76,-6.62,92.8,4.0,3.72,0.29,2.32,3.73,1296.18,1.3,2.0,247.6
2015-02-12 08:20:00,3658800.0,996.76,-5.7,267.71,-6.71,92.5,3.99,3.69,0.3,2.31,3.7,1296.42,1.63,2.28,240.2
2015-02-12 08:30:00,3659400.0,996.78,-5.64,267.76,-6.76,91.8,4.01,3.68,0.33,2.3,3.69,1296.2,1.69,2.2,212.3
2015-02-12 08:40:00,3660000.0,996.76,-5.32,268.09,-6.4,92.0,4.11,3.78,0.33,2.36,3.79,1294.54,0.96,1.64,193.3
2015-02-12 08:50:00,3660600.0,996.76,-4.94,268.46,-6.06,91.8,4.23,3.88,0.35,2.42,3.89,1292.7,0.76,1.32,200.8
2015-02-12 09:00:00,3661200.0,996.72,-4.64,268.77,-5.69,92.3,4.32,3.99,0.33,2.49,4.0,1291.13,0.75,1.16,169.2
2015-02-12 09:10:00,3661800.0,996.73,-4.34,269.07,-5.48,91.7,4.42,4.06,0.37,2.53,4.07,1289.68,0.62,1.1,181.1
2015-02-12 09:20:00,3662400.0,996.7,-4.12,269.29,-5.28,91.6,4.5,4.12,0.38,2.58,4.13,1288.53,0.61,1.08,187.8
2015-02-12 09:30:00,3663000.0,996.65,-3.8,269.62,-5.08,90.8,4.61,4.18,0.42,2.62,4.2,1286.93,0.68,1.2,214.7
2015-02-12 09:40:00,3663600.0,996.6,-3.25,270.17,-4.72,89.5,4.8,4.3,0.5,2.69,4.31,1284.19,0.67,1.28,206.3
2015-02-12 09:50:00,3664200.0,996.58,-2.88,270.55,-4.54,88.2,4.94,4.36,0.58,2.72,4.37,1282.34,0.73,1.4,212.6
2015-02-12 10:00:00,3664800.0,996.6,-2.32,271.1,-4.19,86.9,5.15,4.47,0.67,2.8,4.49,1279.69,0.73,1.32,167.4
2015-02-12 10:10:00,3665400.0,996.52,-1.69,271.74,-4.0,84.1,5.4,4.54,0.86,2.84,4.55,1276.56,0.71,1.2,163.8
2015-02-12 10:20:00,3666000.0,996.51,-1.34,272.1,-3.9,82.6,5.54,4.57,0.96,2.86,4.59,1274.88,0.88,1.58,156.2
2015-02-12 10:30:00,3666600.0,996.54,-1.08,272.35,-3.74,82.0,5.64,4.63,1.02,2.89,4.64,1273.68,0.74,1.6,140.7
2015-02-12 10:40:00,3667200.0,996.61,-0.65,272.77,-3.54,80.7,5.82,4.7,1.12,2.94,4.72,1271.74,0.82,1.72,138.9
2015-02-12 10:50:00,3667800.0,996.6,-0.65,272.77,-3.46,81.2,5.82,4.73,1.09,2.96,4.74,1271.72,0.83,1.8,99.9
2015-02-12 11:00:00,3668400.0,996.5,-0.3,273.13,-3.12,81.2,5.97,4.85,1.12,3.03,4.87,1269.91,0.7,1.32,117.0
2015-02-12 11:10:00,3669000.0,996.42,0.11,273.55,-2.84,80.4,6.16,4.95,1.21,3.1,4.97,1267.82,0.66,1.6,92.3
2015-02-12 11:20:00,3669600.0,996.33,0.85,274.3,-2.37,78.9,6.5,5.13,1.37,3.21,5.15,1264.2,0.83,1.56,194.9
2015-02-12 11:30:00,3670200.0,996.21,1.33,274.79,-2.17,77.4,6.72,5.21,1.52,3.26,5.22,1261.82,0.69,1.48,136.5
2015-02-12 11:40:00,3670800.0,996.11,1.66,275.12,-1.89,77.2,6.89,5.32,1.57,3.33,5.34,1260.15,0.94,1.6,147.2
2015-02-12 11:50:00,3671400.0,996.04,2.04,275.52,-1.49,77.3,7.08,5.47,1.61,3.43,5.5,1258.2,1.18,2.0,138.2
2015-02-12 12:00:00,3672000.0,995.89,2.69,276.18,-0.99,76.6,7.42,5.68,1.74,3.56,5.7,1254.95,1.38,2.24,166.8
2015-02-12 12:10:00,3672600.0,995.84,3.08,276.57,-0.81,75.5,7.63,5.76,1.87,3.6,5.78,1253.07,1.84,3.16,156.7
2015-02-12 12:20:00,3673200.0,995.75,3.61,277.11,-0.5,74.4,7.91,5.89,2.03,3.69,5.91,1250.53,1.86,2.84,161.9
2015-02-12 12:30:00,3673800.0,995.69,4.27,277.77,-0.25,72.3,8.29,6.0,2.3,3.75,6.02,1247.41,1.31,2.52,168.4
2015-02-12 12:40:00,3674400.0,995.55,4.57,278.09,-0.23,70.9,8.47,6.01,2.47,3.76,6.03,1245.87,1.29,2.84,131.7
2015-02-12 12:50:00,3675000.0,995.44,4.95,278.47,-0.05,69.96,8.7,6.08,2.61,3.81,6.11,1244.02,1.81,3.52,152.6
2015-02-12 13:00:00,3675600.0,995.4,5.13,278.66,0.13,70.0,8.81,6.17,2.64,3.86,6.2,1243.1,1.86,3.04,151.1
2015-02-12 13:10:00,3676200.0,995.24,5.54,279.08,0.11,67.94,9.06,6.16,2.91,3.86,6.19,1241.1,1.81,2.68,150.2
2015-02-12 13:20:00,3676800.0,995.06,5.76,279.32,0.25,67.56,9.2,6.22,2.99,3.9,6.25,1239.86,2.16,3.24,162.5
2015-02-12 13:30:00,3677400.0,995.01,6.05,279.61,0.4,66.96,9.39,6.29,3.1,3.94,6.32,1238.45,1.65,2.92,150.1
2015-02-12 13:40:00,3678000.0,994.91,6.19,279.76,0.33,65.98,9.49,6.26,3.23,3.92,6.29,1237.72,2.02,3.12,153.1
2015-02-12 13:50:00,3678600.0,994.9,6.54,280.1,0.46,65.04,9.71,6.32,3.4,3.96,6.35,1236.18,2.35,3.36,157.2
2015-02-12 14:00:00,3679200.0,994.87,6.61,280.18,0.51,64.96,9.76,6.34,3.42,3.97,6.37,1235.81,2.21,3.48,140.4
2015-02-12 14:10:00,3679800.0,994.85,6.72,280.29,0.51,64.43,9.84,6.34,3.5,3.97,6.37,1235.28,2.15,3.4,130.1
2015-02-12 14:20:00,3680400.0,994.87,6.07,279.64,0.51,67.43,9.4,6.34,3.06,3.97,6.37,1238.19,2.14,3.2,48.33
2015-02-12 14:30:00,3681000.0,994.85,5.2,278.77,0.4,71.0,8.85,6.29,2.57,3.94,6.32,1242.04,3.07,3.64,26.34
2015-02-12 14:40:00,3681600.0,994.84,4.83,278.4,0.4,72.9,8.62,6.29,2.34,3.94,6.32,1243.72,3.11,3.66,21.94
2015-02-12 14:50:00,3682200.0,994.84,4.63,278.21,0.34,73.6,8.51,6.26,2.25,3.92,6.29,1244.59,3.13,4.04,25.09
2015-02-12 15:00:00,3682800.0,994.81,4.43,278.0,0.33,74.6,8.38,6.25,2.13,3.92,6.29,1245.49,2.46,3.48,25.85
2015-02-12 15:10:00,3683400.0,994.8,4.33,277.91,0.29,74.9,8.33,6.24,2.09,3.91,6.27,1245.89,2.02,2.82,2.29
2015-02-12 15:20:00,3684000.0,994.78,4.12,277.7,0.22,75.6,8.21,6.21,2.0,3.89,6.24,1246.83,2.8,3.56,28.41
2015-02-12 15:30:00,3684600.0,994.77,3.74,277.31,0.11,77.1,7.99,6.16,1.83,3.86,6.19,1248.59,2.85,3.4,25.71
2015-02-12 15:40:00,3685200.0,994.79,3.39,276.96,0.01,78.4,7.79,6.11,1.68,3.83,6.14,1250.19,2.91,3.42,16.07
2015-02-12 15:50:00,3685800.0,994.77,3.28,276.86,0.0,79.0,7.73,6.11,1.62,3.83,6.14,1250.66,1.9,2.96,347.0
2015-02-12 16:00:00,3686400.0,994.85,2.77,276.34,-0.25,80.4,7.46,6.0,1.46,3.76,6.03,1253.12,2.42,3.4,327.7
2015-02-12 16:10:00,3687000.0,994.81,2.28,275.85,-0.35,82.7,7.2,5.95,1.25,3.73,5.99,1255.34,1.72,2.56,333.6
2015-02-12 16:20:00,3687600.0,994.88,1.87,275.43,-0.54,84.0,6.99,5.87,1.12,3.68,5.9,1257.34,1.36,2.36,331.2
2015-02-12 16:30:00,3688200.0,994.93,1.53,275.09,-0.64,85.4,6.82,5.83,1.0,3.65,5.86,1258.97,1.78,2.4,322.8
2015-02-12 16:40:00,3688800.0,994.94,1.11,274.66,-0.79,87.1,6.62,5.76,0.85,3.61,5.79,1260.97,1.88,3.0,311.5
2015-02-12 16:50:00,3689400.0,995.02,0.84,274.39,-0.93,87.9,6.49,5.71,0.79,3.58,5.74,1262.3,1.57,2.52,316.2
2015-02-12 17:00:00,3690000.0,995.07,0.61,274.15,-0.96,89.2,6.38,5.69,0.69,3.57,5.72,1263.47,1.01,1.72,318.6
2015-02-12 17:10:00,3690600.0,995.12,0.58,274.12,-0.9,89.8,6.37,5.72,0.65,3.58,5.75,1263.64,0.48,0.84,82.2
2015-02-12 17:20:00,3691200.0,995.17,0.36,273.9,-1.05,90.2,6.27,5.66,0.61,3.54,5.68,1264.73,0.29,0.64,38.67
2015-02-12 17:30:00,3691800.0,995.27,0.06,273.59,-1.37,90.1,6.13,5.53,0.61,3.46,5.55,1266.34,0.46,0.96,166.6
2015-02-12 17:40:00,3692400.0,995.38,-0.27,273.25,-1.58,90.8,5.99,5.44,0.55,3.4,5.46,1268.03,0.59,1.2,115.0
2015-02-12 17:50:00,3693000.0,995.53,-0.48,273.04,-1.62,91.9,5.9,5.42,0.48,3.39,5.45,1269.19,0.91,1.44,58.74
2015-02-12 18:00:00,3693600.0,995.63,-0.61,272.89,-1.59,93.0,5.84,5.43,0.41,3.4,5.46,1269.94,0.5,1.04,65.56
2015-02-12 18:10:00,3694200.0,995.64,-0.69,272.81,-1.63,93.3,5.81,5.42,0.39,3.39,5.44,1270.35,0.37,0.68,5.07
2015-02-12 18:20:00,3694800.0,995.62,-0.77,272.73,-1.61,94.0,5.77,5.43,0.35,3.4,5.45,1270.69,0.63,1.0,31.35
2015-02-12 18:30:00,3695400.0,995.64,-0.87,272.63,-1.62,94.6,5.73,5.42,0.31,3.39,5.45,1271.16,0.79,1.08,21.97
2015-02-12 18:40:00,3696000.0,995.74,-0.94,272.55,-1.61,95.2,5.7,5.43,0.27,3.4,5.45,1271.63,0.66,1.04,8.52
2015-02-12 18:50:00,3696600.0,995.76,-0.97,272.52,-1.55,95.8,5.69,5.45,0.24,3.41,5.47,1271.78,0.38,0.84,224.9
2015-02-12 19:00:00,3697200.0,995.76,-1.2,272.29,-1.81,95.6,5.59,5.35,0.25,3.35,5.37,1272.9,0.98,1.68,232.3
2015-02-12 19:10:00,3697800.0,995.78,-1.28,272.21,-1.82,96.1,5.56,5.34,0.22,3.34,5.37,1273.3,1.64,1.9,244.2
2015-02-12 19:20:00,3698400.0,995.82,-1.16,272.32,-1.72,96.0,5.61,5.38,0.22,3.37,5.41,1272.79,1.37,1.76,237.3
2015-02-12 19:30:00,3699000.0,995.85,-1.03,272.45,-1.66,95.5,5.66,5.41,0.25,3.38,5.43,1272.21,1.24,1.56,231.0
2015-02-12 19:40:00,3699600.0,995.85,-0.99,272.5,-1.75,94.5,5.68,5.37,0.31,3.36,5.39,1272.0,1.1,1.92,216.1
2015-02-12 19:50:00,3700200.0,995.82,-1.07,272.41,-1.92,93.9,5.65,5.3,0.34,3.32,5.32,1272.4,1.41,2.2,224.1
2015-02-12 20:00:00,3700800.0,995.81,-1.18,272.31,-2.08,93.5,5.6,5.24,0.36,3.28,5.26,1272.91,1.43,2.16,215.0
2015-02-12 20:10:00,3701400.0,995.86,-1.18,272.31,-2.04,93.8,5.6,5.26,0.35,3.29,5.28,1272.97,1.43,1.98,218.9
2015-02-12 20:20:00,3702000.0,995.89,-1.22,272.26,-2.17,93.2,5.59,5.21,0.38,3.26,5.23,1273.24,1.62,2.28,204.6
2015-02-12 20:30:00,3702600.0,995.87,-1.35,272.14,-2.4,92.5,5.53,5.12,0.42,3.2,5.14,1273.84,2.0,2.8,200.0
2015-02-12 20:40:00,3703200.0,995.87,-1.51,271.98,-2.58,92.3,5.47,5.05,0.42,3.16,5.07,1274.62,1.92,2.84,196.9
2015-02-12 20:50:00,3703800.0,995.88,-1.65,271.83,-2.73,92.3,5.41,5.0,0.42,3.13,5.02,1275.32,1.96,2.7,196.6
2015-02-12 21:00:00,3704400.0,995.88,-1.69,271.79,-2.7,92.8,5.39,5.01,0.39,3.13,5.03,1275.53,1.77,2.76,195.2
2015-02-12 21:10:00,3705000.0,995.89,-1.65,271.83,-2.69,92.6,5.41,5.01,0.4,3.13,5.03,1275.36,1.87,2.68,196.8
2015-02-12 21:20:00,3705600.0,995.84,-1.69,271.8,-2.72,92.6,5.4,5.0,0.4,3.13,5.02,1275.47,2.13,3.0,202.8
2015-02-12 21:30:00,3706200.0,995.84,-1.68,271.8,-2.72,92.6,5.4,5.0,0.4,3.13,5.02,1275.44,1.9,2.94,198.2
2015-02-12 21:40:00,3706800.0,995.82,-1.73,271.75,-2.77,92.6,5.38,4.98,0.4,3.12,5.0,1275.65,1.66,2.48,202.0
2015-02-12 21:50:00,3707400.0,995.8,-1.71,271.77,-2.73,92.7,5.39,4.99,0.39,3.12,5.01,1275.53,2.07,2.84,196.8
2015-02-12 22:00:00,3708000.0,995.7,-1.76,271.74,-2.76,92.8,5.37,4.98,0.39,3.12,5.0,1275.63,2.04,2.6,196.2
2015-02-12 22:10:00,3708600.0,995.67,-1.72,271.78,-2.7,93.0,5.38,5.01,0.38,3.13,5.03,1275.39,2.27,3.21,196.4
2015-02-12 22:20:00,3709200.0,995.59,-1.67,271.84,-2.69,92.7,5.4,5.01,0.39,3.14,5.03,1275.03,2.34,3.29,192.1
2015-02-12 22:30:00,3709800.0,995.46,-1.66,271.85,-2.71,92.5,5.41,5.0,0.41,3.13,5.02,1274.85,2.05,3.08,196.8
2015-02-12 22:40:00,3710400.0,995.44,-1.67,271.84,-2.72,92.5,5.4,5.0,0.41,3.13,5.02,1274.87,2.03,2.7,190.7
2015-02-12 22:50:00,3711000.0,995.35,-1.77,271.75,-2.83,92.4,5.36,4.96,0.41,3.1,4.98,1275.24,2.07,2.76,194.1
2015-02-12 23:00:00,3711600.0,995.27,-1.89,271.64,-2.91,92.7,5.32,4.93,0.39,3.09,4.95,1275.72,2.22,2.84,197.9
2015-02-12 23:10:00,3712200.0,995.21,-1.93,271.6,-2.9,93.0,5.3,4.93,0.37,3.09,4.95,1275.82,1.94,2.72,192.0
2015-02-12 23:20:00,3712800.0,995.23,-1.92,271.62,-2.89,93.0,5.31,4.93,0.37,3.09,4.96,1275.78,2.03,2.8,185.5
2015-02-12 23:30:00,3713400.0,995.27,-1.98,271.55,-2.96,93.0,5.28,4.91,0.37,3.07,4.93,1276.16,1.81,3.15,186.1
2015-02-12 23:40:00,3714000.0,995.2,-2.05,271.49,-3.01,93.1,5.25,4.89,0.36,3.06,4.91,1276.39,1.94,2.96,195.7
2015-02-12 23:50:00,3714600.0,995.21,-2.04,271.49,-2.96,93.4,5.26,4.91,0.35,3.07,4.93,1276.36,2.07,3.02,187.4
2015-02-13 00:00:00,3715200.0,995.22,-2.02,271.51,-2.97,93.2,5.26,4.91,0.36,3.07,4.93,1276.28,2.0,2.8,181.5
2015-02-13 00:10:00,3715800.0,995.28,-2.17,271.36,-3.11,93.2,5.21,4.85,0.35,3.04,4.88,1277.07,1.67,2.32,196.2
2015-02-13 00:20:00,3716400.0,995.26,-2.2,271.33,-3.1,93.5,5.19,4.86,0.34,3.04,4.88,1277.22,1.86,2.72,191.5
2015-02-13 00:30:00,3717000.0,995.26,-2.23,271.3,-3.12,93.6,5.18,4.85,0.33,3.04,4.87,1277.35,1.99,2.76,185.9
2015-02-13 00:40:00,3717600.0,995.17,-2.24,271.29,-3.13,93.6,5.18,4.85,0.33,3.03,4.87,1277.29,1.71,2.92,189.8
2015-02-13 00:50:00,3718200.0,995.19,-2.32,271.21,-3.21,93.6,5.15,4.82,0.33,3.02,4.84,1277.7,1.65,2.52,202.8
2015-02-13 01:00:00,3718800.0,995.05,-2.32,271.23,-3.2,93.6,5.15,4.82,0.33,3.02,4.84,1277.49,1.9,2.68,199.8
2015-02-13 01:10:00,3719400.0,995.05,-2.4,271.15,-3.3,93.5,5.12,4.79,0.33,3.0,4.81,1277.91,1.97,2.84,199.0
2015-02-13 01:20:00,3720000.0,995.0,-2.47,271.08,-3.35,93.6,5.09,4.77,0.33,2.98,4.79,1278.18,1.89,2.72,201.2
2015-02-13 01:30:00,3720600.0,995.01,-2.5,271.05,-3.36,93.8,5.08,4.76,0.31,2.98,4.79,1278.35,1.94,2.8,205.5
2015-02-13 01:40:00,3721200.0,995.0,-2.47,271.08,-3.31,93.9,5.09,4.78,0.31,2.99,4.8,1278.17,1.62,2.44,202.5
2015-02-13 01:50:00,3721800.0,994.98,-2.52,271.03,-3.39,93.7,5.07,4.75,0.32,2.98,4.78,1278.38,1.65,2.5,200.3
2015-02-13 02:00:00,3722400.0,995.01,-2.56,270.99,-3.43,93.7,5.06,4.74,0.32,2.97,4.76,1278.62,1.63,2.44,201.2
2015-02-13 02:10:00,3723000.0,995.02,-2.59,270.96,-3.46,93.7,5.05,4.73,0.32,2.96,4.75,1278.78,1.45,2.4,191.5
2015-02-13 02:20:00,3723600.0,994.99,-2.67,270.88,-3.52,93.8,5.02,4.71,0.31,2.95,4.73,1279.12,1.77,2.88,191.5
2015-02-13 02:30:00,3724200.0,994.88,-2.68,270.88,-3.51,94.0,5.01,4.71,0.3,2.95,4.73,1279.05,1.9,2.84,195.7
2015-02-13 02:40:00,3724800.0,994.85,-2.67,270.89,-3.52,93.8,5.02,4.71,0.31,2.95,4.73,1278.95,1.45,2.4,193.8
2015-02-13 02:50:00,3725400.0,994.75,-2.68,270.89,-3.55,93.7,5.01,4.7,0.32,2.94,4.72,1278.89,1.34,2.28,199.8
2015-02-13 03:00:00,3726000.0,994.74,-2.77,270.8,-3.64,93.7,4.98,4.66,0.31,2.92,4.69,1279.32,1.68,2.52,203.1
2015-02-13 03:10:00,3726600.0,994.72,-2.79,270.78,-3.65,93.8,4.97,4.66,0.31,2.92,4.69,1279.39,2.11,2.76,205.3
2015-02-13 03:20:00,3727200.0,994.63,-2.82,270.75,-3.71,93.6,4.96,4.64,0.32,2.91,4.67,1279.44,2.02,2.66,200.1
2015-02-13 03:30:00,3727800.0,994.42,-2.92,270.68,-3.78,93.7,4.92,4.61,0.31,2.89,4.64,1279.63,2.1,3.01,198.1
2015-02-13 03:40:00,3728400.0,994.32,-2.99,270.61,-3.83,93.9,4.9,4.6,0.3,2.88,4.63,1279.83,2.19,3.17,198.1
2015-02-13 03:50:00,3729000.0,994.26,-3.07,270.54,-3.92,93.8,4.87,4.57,0.3,2.86,4.59,1280.16,2.0,3.13,202.8
2015-02-13 04:00:00,3729600.0,994.13,-3.32,270.3,-4.16,93.8,4.78,4.48,0.3,2.81,4.51,1281.2,2.19,3.33,200.0
2015-02-13 04:10:00,3730200.0,994.0,-3.41,270.22,-4.16,94.5,4.75,4.49,0.26,2.81,4.51,1281.47,2.09,3.05,198.5
2015-02-13 04:20:00,3730800.0,993.92,-3.38,270.25,-4.11,94.7,4.75,4.5,0.25,2.82,4.53,1281.24,1.99,2.77,200.3
2015-02-13 04:30:00,3731400.0,993.88,-3.48,270.15,-4.22,94.6,4.72,4.46,0.25,2.8,4.49,1281.69,2.22,3.13,199.4
2015-02-13 04:40:00,3732000.0,993.82,-3.51,270.12,-4.21,94.9,4.71,4.47,0.24,2.8,4.5,1281.75,2.06,2.81,203.2
2015-02-13 04:50:00,3732600.0,993.71,-3.47,270.18,-4.16,94.9,4.73,4.48,0.24,2.81,4.51,1281.38,2.01,2.48,200.1
2015-02-13 05:00:00,3733200.0,993.72,-3.41,270.24,-4.12,94.8,4.75,4.5,0.25,2.82,4.53,1281.1,2.05,3.05,195.8
2015-02-13 05:10:00,3733800.0,993.68,-3.35,270.3,-4.1,94.5,4.77,4.51,0.26,2.83,4.53,1280.75,1.99,3.37,195.9
2015-02-13 05:20:00,3734400.0,993.67,-3.47,270.18,-4.27,94.1,4.73,4.45,0.28,2.79,4.47,1281.35,1.97,2.81,201.2
2015-02-13 05:30:00,3735000.0,993.57,-3.47,270.19,-4.26,94.2,4.72,4.45,0.27,2.79,4.48,1281.21,2.08,3.33,201.1
2015-02-13 05:40:00,3735600.0,993.48,-3.53,270.14,-4.35,94.0,4.7,4.42,0.28,2.77,4.45,1281.39,2.14,2.93,200.1
2015-02-13 05:50:00,3736200.0,993.43,-3.6,270.07,-4.42,94.0,4.68,4.4,0.28,2.76,4.43,1281.7,2.4,3.53,200.6
2015-02-13 06:00:00,3736800.0,993.42,-3.68,269.99,-4.52,93.9,4.65,4.37,0.28,2.74,4.39,1282.09,2.43,3.35,201.1
2015-02-13 06:10:00,3737400.0,993.42,-3.77,269.89,-4.59,94.0,4.62,4.34,0.28,2.72,4.37,1282.54,2.19,3.25,194.3
2015-02-13 06:20:00,3738000.0,993.43,-3.72,269.95,-4.49,94.3,4.64,4.37,0.26,2.74,4.4,1282.26,2.39,3.53,187.1
2015-02-13 06:30:00,3738600.0,993.42,-3.74,269.93,-4.56,94.0,4.63,4.35,0.28,2.73,4.38,1282.36,2.41,3.21,196.1
2015-02-13 06:40:00,3739200.0,993.43,-3.8,269.87,-4.61,94.1,4.61,4.34,0.27,2.72,4.36,1282.68,2.3,3.33,199.2
2015-02-13 06:50:00,3739800.0,993.5,-3.8,269.86,-4.59,94.2,4.61,4.34,0.27,2.72,4.37,1282.77,2.21,3.49,193.4
2015-02-13 07:00:00,3740400.0,993.59,-3.81,269.84,-4.63,94.0,4.6,4.33,0.28,2.71,4.36,1282.94,1.95,2.73,195.2
2015-02-13 07:10:00,3741000.0,993.58,-3.85,269.81,-4.66,94.0,4.59,4.32,0.28,2.71,4.34,1283.1,2.02,3.09,197.4
2015-02-13 07:20:00,3741600.0,993.67,-3.81,269.84,-4.63,94.0,4.6,4.33,0.28,2.71,4.36,1283.04,1.99,3.57,193.2
2015-02-13 07:30:00,3742200.0,993.72,-3.76,269.89,-4.58,94.0,4.62,4.34,0.28,2.72,4.37,1282.85,1.92,3.61,187.0
2015-02-13 07:40:00,3742800.0,993.77,-3.73,269.91,-4.59,93.7,4.63,4.34,0.29,2.72,4.37,1282.8,1.39,2.6,184.0
2015-02-13 07:50:00,3743400.0,993.67,-3.7,269.95,-4.58,93.5,4.64,4.34,0.3,2.72,4.37,1282.48,2.16,3.57,192.5
2015-02-13 08:00:00,3744000.0,993.66,-3.7,269.96,-4.64,93.1,4.64,4.32,0.32,2.71,4.35,1282.47,2.21,3.29,195.6
2015-02-13 08:10:00,3744600.0,993.67,-3.48,270.18,-4.52,92.4,4.72,4.36,0.36,2.74,4.39,1281.43,2.42,3.61,189.0
2015-02-13 08:20:00,3745200.0,993.6,-3.31,270.35,-4.46,91.7,4.78,4.38,0.4,2.75,4.41,1280.55,2.54,3.57,195.9
2015-02-13 08:30:00,3745800.0,993.55,-3.03,270.63,-4.29,91.0,4.88,4.44,0.44,2.79,4.47,1279.13,2.41,3.29,194.8
2015-02-13 08:40:00,3746400.0,993.54,-2.72,270.94,-4.16,89.8,5.0,4.49,0.51,2.81,4.52,1277.64,2.53,3.53,192.1
2015-02-13 08:50:00,3747000.0,993.52,-2.48,271.18,-4.1,88.6,5.09,4.51,0.58,2.83,4.54,1276.46,2.59,3.81,185.7
2015-02-13 09:00:00,3747600.0,993.55,-2.26,271.41,-3.99,87.8,5.17,4.54,0.63,2.85,4.57,1275.42,2.5,4.21,187.0
2015-02-13 09:10:00,3748200.0,993.51,-2.01,271.66,-3.88,86.9,5.27,4.58,0.69,2.87,4.61,1274.17,2.73,4.45,181.9
2015-02-13 09:20:00,3748800.0,993.43,-1.72,271.95,-3.77,85.8,5.38,4.62,0.76,2.9,4.65,1272.7,2.71,4.41,178.7
2015-02-13 09:30:00,3749400.0,993.35,-1.46,272.22,-3.7,84.6,5.49,4.64,0.85,2.91,4.67,1271.38,2.97,4.81,170.2
2015-02-13 09:40:00,3750000.0,993.35,-1.1,272.58,-3.46,83.9,5.64,4.73,0.91,2.97,4.76,1269.65,2.49,3.81,173.1
2015-02-13 09:50:00,3750600.0,993.23,-0.67,273.02,-3.26,82.5,5.82,4.8,1.02,3.01,4.83,1267.46,2.5,4.11,165.3
2015-02-13 10:00:00,3751200.0,993.12,-0.24,273.46,-3.07,81.1,6.0,4.87,1.13,3.06,4.9,1265.27,2.38,3.49,171.4
2015-02-13 10:10:00,3751800.0,993.08,0.11,273.81,-2.95,79.8,6.16,4.91,1.24,3.08,4.95,1263.6,2.69,4.25,173.0
2015-02-13 10:20:00,3752400.0,993.05,0.41,274.11,-2.83,78.8,6.29,4.96,1.33,3.11,4.99,1262.17,2.38,3.77,170.7
2015-02-13 10:30:00,3753000.0,992.94,1.0,274.71,-2.49,77.4,6.57,5.08,1.48,3.19,5.12,1259.25,2.07,3.93,171.9
2015-02-13 10:40:00,3753600.0,992.87,1.29,275.01,-2.5,75.7,6.71,5.08,1.63,3.19,5.11,1257.81,3.05,4.41,154.8
2015-02-13 10:50:00,3754200.0,992.81,1.45,275.17,-2.43,75.3,6.78,5.11,1.68,3.21,5.14,1257.01,2.98,4.21,151.1
2015-02-13 11:00:00,3754800.0,992.79,1.65,275.38,-2.35,74.6,6.89,5.14,1.75,3.22,5.17,1256.02,3.56,4.45,150.8
2015-02-13 11:10:00,3755400.0,992.81,1.94,275.67,-2.18,74.0,7.03,5.2,1.83,3.27,5.24,1254.7,3.53,4.49,149.8
2015-02-13 11:20:00,3756000.0,992.8,2.35,276.08,-2.05,72.6,7.24,5.25,1.98,3.3,5.29,1252.81,3.58,4.97,150.6
2015-02-13 11:30:00,3756600.0,992.69,2.77,276.51,-1.95,71.0,7.46,5.29,2.16,3.32,5.33,1250.76,3.37,4.41,152.0
2015-02-13 11:40:00,3757200.0,992.59,3.17,276.91,-1.76,69.94,7.67,5.36,2.31,3.37,5.4,1248.79,3.01,4.41,155.7
2015-02-13 11:50:00,3757800.0,992.5,3.52,277.27,-1.75,68.32,7.86,5.37,2.49,3.37,5.41,1247.1,2.95,4.49,153.9
2015-02-13 12:00:00,3758400.0,992.36,3.84,277.61,-1.6,67.49,8.05,5.43,2.62,3.41,5.47,1245.44,3.24,5.09,149.9
2015-02-13 12:10:00,3759000.0,992.27,3.98,277.75,-1.6,66.85,8.12,5.43,2.69,3.41,5.47,1244.7,3.95,5.05,153.7
2015-02-13 12:20:00,3759600.0,992.15,4.09,277.87,-1.58,66.41,8.19,5.44,2.75,3.42,5.48,1244.05,3.97,5.17,153.8
2015-02-13 12:30:00,3760200.0,991.98,4.38,278.18,-1.42,65.82,8.36,5.5,2.86,3.46,5.55,1242.48,3.56,5.37,151.3
2015-02-13 12:40:00,3760800.0,991.95,4.76,278.56,-1.31,64.63,8.58,5.55,3.04,3.49,5.59,1240.75,3.34,4.53,157.2
2015-02-13 12:50:00,3761400.0,991.86,5.29,279.1,-1.12,63.16,8.91,5.62,3.28,3.53,5.67,1238.24,2.62,3.89,161.6
2015-02-13 13:00:00,3762000.0,991.76,5.55,279.37,-1.18,61.75,9.07,5.6,3.47,3.52,5.65,1236.95,3.24,4.41,151.8
2015-02-13 13:10:00,3762600.0,991.58,5.83,279.66,-1.08,61.01,9.25,5.64,3.61,3.55,5.69,1235.49,2.96,4.29,150.5
2015-02-13 13:20:00,3763200.0,991.39,6.2,280.05,-0.88,60.35,9.49,5.73,3.76,3.6,5.78,1233.57,2.94,4.79,154.1
2015-02-13 13:30:00,3763800.0,991.27,6.51,280.37,-0.81,59.4,9.69,5.76,3.94,3.62,5.81,1232.04,2.54,4.12,145.8
2015-02-13 13:40:00,3764400.0,991.09,6.77,280.65,-0.76,58.53,9.87,5.78,4.09,3.63,5.83,1230.66,2.74,4.08,159.4
2015-02-13 13:50:00,3765000.0,990.91,7.19,281.08,-0.63,57.43,10.16,5.83,4.32,3.67,5.89,1228.56,2.37,3.68,159.7
2015-02-13 14:00:00,3765600.0,990.78,7.32,281.22,-0.61,56.98,10.25,5.84,4.41,3.67,5.89,1227.82,3.18,4.32,152.8
2015-02-13 14:10:00,3766200.0,990.7,7.36,281.27,-0.5,57.28,10.28,5.89,4.39,3.7,5.94,1227.53,2.41,3.9,156.7
2015-02-13 14:20:00,3766800.0,990.56,7.59,281.51,-0.44,56.64,10.44,5.91,4.53,3.72,5.97,1226.33,2.5,3.42,160.9
2015-02-13 14:30:00,3767400.0,990.45,7.94,281.87,-0.31,55.84,10.69,5.97,4.72,3.76,6.03,1224.64,2.55,3.76,167.5
2015-02-13 14:40:00,3768000.0,990.44,8.2,282.13,-0.19,55.32,10.89,6.02,4.86,3.79,6.08,1223.48,2.57,3.94,172.5
2015-02-13 14:50:00,3768600.0,990.44,8.42,282.35,-0.14,54.7,11.05,6.04,5.01,3.8,6.1,1222.51,2.66,3.72,162.1
2015-02-13 15:00:00,3769200.0,990.36,8.65,282.59,-0.01,54.38,11.22,6.1,5.12,3.84,6.16,1221.39,2.64,3.6,161.5
2015-02-13 15:10:00,3769800.0,990.25,8.87,282.82,-0.01,53.57,11.39,6.1,5.29,3.84,6.16,1220.3,2.62,4.22,157.0
2015-02-13 15:20:00,3770400.0,990.19,8.93,282.89,-0.01,53.36,11.44,6.1,5.33,3.84,6.16,1219.96,2.75,3.88,169.7
2015-02-13 15:30:00,3771000.0,990.12,8.92,282.88,-0.05,53.23,11.43,6.08,5.35,3.83,6.15,1219.93,2.99,4.44,166.7
2015-02-13 15:40:00,3771600.0,990.1,8.94,282.9,0.02,53.45,11.45,6.12,5.33,3.85,6.18,1219.8,2.72,3.72,169.7
2015-02-13 15:50:00,3772200.0,990.01,9.01,282.98,0.11,53.53,11.5,6.16,5.34,3.88,6.22,1219.37,2.06,4.12,169.1
2015-02-13 16:00:00,3772800.0,989.89,8.84,282.82,0.12,54.18,11.37,6.16,5.21,3.88,6.22,1219.96,2.13,3.56,183.3
2015-02-13 16:10:00,3773400.0,989.86,8.54,282.52,0.09,55.2,11.14,6.15,4.99,3.87,6.21,1221.22,1.51,3.0,182.5
2015-02-13 16:20:00,3774000.0,989.82,8.08,282.06,-0.01,56.54,10.8,6.1,4.69,3.85,6.17,1223.19,2.29,3.48,170.0
2015-02-13 16:30:00,3774600.0,989.77,7.63,281.62,-0.05,58.12,10.47,6.09,4.38,3.83,6.15,1225.1,1.89,2.96,172.3
2015-02-13 16:40:00,3775200.0,989.73,7.28,281.27,-0.09,59.37,10.22,6.07,4.15,3.82,6.13,1226.59,1.63,2.52,171.9
2015-02-13 16:50:00,3775800.0,989.67,6.93,280.92,-0.13,60.64,9.98,6.05,3.93,3.81,6.11,1228.07,1.62,3.14,168.3
2015-02-13 17:00:00,3776400.0,989.61,6.5,280.5,-0.29,61.73,9.69,5.98,3.71,3.77,6.04,1229.89,1.77,3.24,176.5
2015-02-13 17:10:00,3777000.0,989.61,5.95,279.94,-0.48,63.27,9.32,5.9,3.42,3.72,5.96,1232.37,1.54,2.6,188.1
2015-02-13 17:20:00,3777600.0,989.57,5.77,279.76,-0.62,63.38,9.21,5.84,3.37,3.68,5.9,1233.16,1.7,2.32,184.0
2015-02-13 17:30:00,3778200.0,989.52,5.6,279.6,-0.72,63.67,9.1,5.8,3.31,3.65,5.86,1233.84,1.55,2.54,179.2
2015-02-13 17:40:00,3778800.0,989.49,5.23,279.23,-0.8,64.96,8.87,5.76,3.11,3.63,5.82,1235.46,1.82,2.96,191.9
2015-02-13 17:50:00,3779400.0,989.49,4.83,278.83,-0.93,66.14,8.63,5.71,2.92,3.59,5.77,1237.26,2.37,3.6,186.4
2015-02-13 18:00:00,3780000.0,989.49,4.33,278.32,-1.03,68.02,8.33,5.66,2.66,3.57,5.72,1239.54,2.34,3.58,188.8
2015-02-13 18:10:00,3780600.0,989.53,3.87,277.87,-1.08,69.95,8.07,5.64,2.42,3.55,5.7,1241.62,2.14,2.92,190.1
2015-02-13 18:20:00,3781200.0,989.59,3.61,277.6,-1.14,71.0,7.91,5.62,2.3,3.54,5.68,1242.9,2.18,3.54,191.0
2015-02-13 18:30:00,3781800.0,989.61,3.25,277.23,-1.26,72.2,7.72,5.57,2.14,3.51,5.63,1244.56,2.41,3.72,183.3
2015-02-13 18:40:00,3782400.0,989.59,2.86,276.85,-1.41,73.4,7.51,5.51,2.0,3.47,5.57,1246.32,1.9,2.96,190.0
2015-02-13 18:50:00,3783000.0,989.51,2.56,276.55,-1.57,74.1,7.35,5.44,1.9,3.43,5.5,1247.6,2.33,3.32,192.2
2015-02-13 19:00:00,3783600.0,989.53,2.21,276.2,-1.71,75.2,7.17,5.39,1.78,3.39,5.45,1249.24,2.01,3.04,197.8
2015-02-13 19:10:00,3784200.0,989.58,1.97,275.96,-1.79,76.0,7.04,5.35,1.69,3.37,5.41,1250.4,2.05,2.64,200.1
2015-02-13 19:20:00,3784800.0,989.63,1.86,275.84,-1.87,76.2,6.99,5.32,1.66,3.35,5.38,1250.99,1.9,2.96,188.3
2015-02-13 19:30:00,3785400.0,989.71,1.67,275.64,-2.02,76.4,6.89,5.27,1.63,3.32,5.32,1251.99,1.84,3.49,191.3
2015-02-13 19:40:00,3786000.0,989.7,1.36,275.34,-2.12,77.5,6.74,5.22,1.52,3.29,5.28,1253.4,1.87,3.24,190.5
2015-02-13 19:50:00,3786600.0,989.64,1.11,275.09,-2.21,78.4,6.62,5.19,1.43,3.27,5.24,1254.49,1.6,2.68,187.8
2015-02-13 20:00:00,3787200.0,989.53,0.9,274.89,-2.31,79.0,6.52,5.15,1.37,3.24,5.21,1255.32,1.77,3.39,190.5
2015-02-13 20:10:00,3787800.0,989.49,0.66,274.65,-2.42,79.7,6.41,5.11,1.3,3.22,5.16,1256.38,2.13,3.08,182.6
2015-02-13 20:20:00,3788400.0,989.49,0.45,274.43,-2.47,80.7,6.31,5.09,1.22,3.21,5.15,1257.39,2.7,3.65,175.5
2015-02-13 20:30:00,3789000.0,989.44,0.34,274.34,-2.5,81.1,6.26,5.08,1.18,3.2,5.13,1257.8,2.86,4.17,177.7
2015-02-13 20:40:00,3789600.0,989.37,0.17,274.17,-2.59,81.6,6.18,5.05,1.14,3.18,5.1,1258.53,2.77,4.81,179.0
2015-02-13 20:50:00,3790200.0,989.34,-0.06,273.94,-2.67,82.5,6.08,5.02,1.06,3.16,5.07,1259.56,2.37,3.61,182.9
2015-02-13 21:00:00,3790800.0,989.25,-0.25,273.76,-2.75,83.1,6.0,4.99,1.01,3.14,5.04,1260.32,2.15,3.16,181.9
2015-02-13 21:10:00,3791400.0,989.24,-0.34,273.67,-2.78,83.5,5.96,4.98,0.98,3.13,5.03,1260.74,2.09,3.2,177.7
2015-02-13 21:20:00,3792000.0,989.24,-0.41,273.6,-2.81,83.7,5.93,4.96,0.97,3.13,5.02,1261.06,1.55,2.64,178.9
2015-02-13 21:30:00,3792600.0,989.23,-0.45,273.56,-2.84,83.8,5.91,4.95,0.96,3.12,5.01,1261.24,1.56,3.06,179.2
2015-02-13 21:40:00,3793200.0,989.13,-0.55,273.47,-2.92,83.9,5.87,4.92,0.94,3.1,4.98,1261.58,1.66,2.74,184.5
2015-02-13 21:50:00,3793800.0,989.13,-0.69,273.32,-3.0,84.3,5.81,4.89,0.91,3.08,4.95,1262.28,1.68,2.52,204.1
2015-02-13 22:00:00,3794400.0,989.11,-0.74,273.28,-3.04,84.3,5.79,4.88,0.91,3.07,4.93,1262.47,1.7,2.32,202.8
2015-02-13 22:10:00,3795000.0,989.04,-0.85,273.17,-3.13,84.4,5.74,4.85,0.9,3.05,4.9,1262.89,2.03,2.8,207.6
2015-02-13 22:20:00,3795600.0,989.04,-0.94,273.08,-3.16,84.8,5.7,4.84,0.87,3.05,4.89,1263.33,2.35,3.1,203.2
2015-02-13 22:30:00,3796200.0,989.0,-0.99,273.03,-3.23,84.7,5.68,4.81,0.87,3.03,4.86,1263.54,2.39,3.33,202.6
2015-02-13 22:40:00,3796800.0,988.9,-1.24,272.79,-3.36,85.4,5.58,4.76,0.81,3.0,4.82,1264.57,2.68,3.53,207.0
2015-02-13 22:50:00,3797400.0,988.78,-1.33,272.71,-3.34,86.1,5.54,4.77,0.77,3.01,4.83,1264.84,2.37,3.24,203.0
2015-02-13 23:00:00,3798000.0,988.81,-1.41,272.62,-3.41,86.2,5.51,4.75,0.76,2.99,4.8,1265.29,2.1,2.92,205.8
2015-02-13 23:10:00,3798600.0,988.7,-1.47,272.58,-3.43,86.4,5.48,4.74,0.75,2.99,4.79,1265.4,1.96,2.68,207.0
2015-02-13 23:20:00,3799200.0,988.65,-1.5,272.55,-3.43,86.6,5.47,4.74,0.73,2.99,4.79,1265.5,2.44,3.41,195.0
2015-02-13 23:30:00,3799800.0,988.66,-1.56,272.49,-3.46,86.8,5.45,4.73,0.72,2.98,4.78,1265.78,2.42,3.73,190.7
2015-02-13 23:40:00,3800400.0,988.6,-1.61,272.44,-3.42,87.4,5.43,4.74,0.68,2.99,4.8,1265.94,2.71,3.89,184.6
2015-02-13 23:50:00,3801000.0,988.56,-1.71,272.34,-3.5,87.5,5.39,4.71,0.67,2.97,4.77,1266.37,2.49,3.81,186.7
2015-02-14 00:00:00,3801600.0,988.55,-1.83,272.23,-3.59,87.7,5.34,4.68,0.66,2.95,4.74,1266.93,2.32,3.53,191.6
2015-02-14 00:10:00,3802200.0,988.46,-2.0,272.06,-3.67,88.3,5.27,4.65,0.62,2.93,4.71,1267.62,2.16,3.21,192.1
2015-02-14 00:20:00,3802800.0,988.42,-2.11,271.95,-3.72,88.7,5.23,4.64,0.59,2.92,4.69,1268.1,2.1,2.8,196.9
2015-02-14 00:30:00,3803400.0,988.33,-2.29,271.78,-3.81,89.2,5.16,4.6,0.56,2.9,4.66,1268.83,2.14,2.88,195.8
2015-02-14 00:40:00,3804000.0,988.28,-2.36,271.71,-3.8,89.8,5.13,4.61,0.52,2.91,4.66,1269.1,2.2,3.25,194.9
2015-02-14 00:50:00,3804600.0,988.2,-2.31,271.77,-3.77,89.6,5.15,4.62,0.54,2.91,4.67,1268.74,2.1,2.92,197.2
2015-02-14 01:00:00,3805200.0,988.12,-2.35,271.74,-3.83,89.5,5.14,4.6,0.54,2.9,4.65,1268.84,1.85,2.68,192.8
2015-02-14 01:10:00,3805800.0,988.03,-2.43,271.67,-3.88,89.7,5.11,4.58,0.53,2.89,4.64,1269.1,2.21,3.25,197.4
2015-02-14 01:20:00,3806400.0,987.91,-2.44,271.67,-3.86,89.9,5.1,4.59,0.52,2.89,4.64,1268.98,2.78,4.05,186.1
2015-02-14 01:30:00,3807000.0,987.84,-2.42,271.69,-3.88,89.6,5.11,4.58,0.53,2.89,4.64,1268.82,2.68,3.97,197.3
2015-02-14 01:40:00,3807600.0,987.78,-2.53,271.59,-4.01,89.5,5.07,4.54,0.53,2.86,4.59,1269.27,2.51,3.25,206.0
2015-02-14 01:50:00,3808200.0,987.81,-2.59,271.52,-4.03,89.8,5.04,4.53,0.51,2.86,4.59,1269.62,2.1,2.93,190.4
2015-02-14 02:00:00,3808800.0,987.78,-2.7,271.42,-4.11,89.9,5.01,4.5,0.51,2.84,4.56,1270.08,2.38,3.65,183.5
2015-02-14 02:10:00,3809400.0,987.77,-2.69,271.42,-4.07,90.2,5.01,4.52,0.49,2.85,4.57,1270.05,2.61,3.53,175.7
2015-02-14 02:20:00,3810000.0,987.69,-2.66,271.46,-4.05,90.1,5.02,4.52,0.5,2.85,4.58,1269.79,3.02,4.21,176.6
2015-02-14 02:30:00,3810600.0,987.66,-2.71,271.41,-4.1,90.1,5.0,4.5,0.49,2.84,4.56,1270.0,2.59,3.37,180.1
2015-02-14 02:40:00,3811200.0,987.59,-2.78,271.35,-4.15,90.2,4.97,4.49,0.49,2.83,4.54,1270.25,2.37,3.29,187.0
2015-02-14 02:50:00,3811800.0,987.56,-2.83,271.3,-4.19,90.3,4.96,4.48,0.48,2.82,4.53,1270.43,2.62,3.53,184.4
2015-02-14 03:00:00,3812400.0,987.54,-2.77,271.36,-4.23,89.6,4.98,4.46,0.52,2.81,4.52,1270.15,2.33,3.53,192.2
2015-02-14 03:10:00,3813000.0,987.5,-3.02,271.11,-4.51,89.4,4.88,4.37,0.52,2.76,4.42,1271.33,1.92,3.37,207.6
2015-02-14 03:20:00,3813600.0,987.41,-3.0,271.14,-4.41,89.9,4.89,4.4,0.49,2.78,4.46,1271.08,2.23,3.21,208.5
2015-02-14 03:30:00,3814200.0,987.29,-3.03,271.12,-4.49,89.6,4.88,4.38,0.51,2.76,4.43,1271.07,2.33,3.33,201.0
2015-02-14 03:40:00,3814800.0,987.12,-3.08,271.08,-4.53,89.7,4.86,4.36,0.5,2.75,4.42,1271.12,2.18,3.09,199.4
2015-02-14 03:50:00,3815400.0,987.02,-3.1,271.08,-4.55,89.6,4.86,4.35,0.51,2.75,4.41,1271.05,2.72,3.73,196.8
2015-02-14 04:00:00,3816000.0,986.92,-3.17,271.01,-4.65,89.4,4.83,4.32,0.51,2.73,4.38,1271.28,2.46,2.93,200.8
2015-02-14 04:10:00,3816600.0,986.86,-3.17,271.01,-4.67,89.3,4.83,4.31,0.52,2.72,4.37,1271.22,2.41,3.33,196.4
2015-02-14 04:20:00,3817200.0,986.79,-3.15,271.04,-4.68,89.1,4.84,4.31,0.53,2.72,4.37,1271.02,2.66,3.77,198.2
2015-02-14 04:30:00,3817800.0,986.67,-3.17,271.03,-4.76,88.7,4.83,4.29,0.55,2.71,4.34,1270.97,2.29,2.97,198.8
2015-02-14 04:40:00,3818400.0,986.56,-3.14,271.07,-4.74,88.6,4.84,4.29,0.55,2.71,4.35,1270.68,2.36,3.61,192.6
2015-02-14 04:50:00,3819000.0,986.56,-3.15,271.05,-4.76,88.6,4.84,4.29,0.55,2.71,4.34,1270.76,2.25,3.55,192.1
2015-02-14 05:00:00,3819600.0,986.56,-3.28,270.93,-4.85,88.8,4.79,4.26,0.54,2.69,4.31,1271.35,1.98,2.93,199.2
2015-02-14 05:10:00,3820200.0,986.64,-3.35,270.85,-4.88,89.1,4.77,4.25,0.52,2.68,4.3,1271.81,1.94,3.33,209.3
2015-02-14 05:20:00,3820800.0,986.68,-3.04,271.16,-4.78,87.7,4.88,4.28,0.6,2.7,4.34,1270.39,1.9,3.25,192.2
2015-02-14 05:30:00,3821400.0,986.66,-2.88,271.32,-4.89,85.9,4.94,4.24,0.7,2.68,4.3,1269.61,1.95,3.37,197.3
2015-02-14 05:40:00,3822000.0,986.62,-2.89,271.31,-4.94,85.7,4.93,4.23,0.71,2.67,4.29,1269.63,2.28,3.25,197.6
2015-02-14 05:50:00,3822600.0,986.56,-2.95,271.25,-4.98,85.8,4.91,4.21,0.7,2.66,4.27,1269.86,2.45,3.25,198.7
2015-02-14 06:00:00,3823200.0,986.55,-3.04,271.17,-5.04,86.0,4.88,4.2,0.68,2.65,4.25,1270.27,2.23,3.13,205.7
2015-02-14 06:10:00,3823800.0,986.48,-3.0,271.21,-5.03,85.8,4.89,4.2,0.69,2.65,4.26,1269.98,1.87,2.64,194.0
2015-02-14 06:20:00,3824400.0,986.46,-3.1,271.11,-5.11,85.9,4.86,4.17,0.68,2.63,4.23,1270.45,1.91,3.29,202.5
2015-02-14 06:30:00,3825000.0,986.43,-3.23,270.99,-5.18,86.3,4.81,4.15,0.66,2.62,4.21,1271.01,1.47,2.48,203.0
2015-02-14 06:40:00,3825600.0,986.41,-3.27,270.95,-5.18,86.5,4.8,4.15,0.65,2.62,4.21,1271.17,1.29,2.28,200.2
2015-02-14 06:50:00,3826200.0,986.37,-3.29,270.93,-5.22,86.4,4.79,4.14,0.65,2.61,4.19,1271.24,1.55,2.32,203.6
2015-02-14 07:00:00,3826800.0,986.32,-3.29,270.94,-5.31,85.8,4.79,4.11,0.68,2.6,4.17,1271.17,1.89,2.44,204.7
2015-02-14 07:10:00,3827400.0,986.31,-3.31,270.92,-5.32,85.9,4.78,4.11,0.67,2.59,4.16,1271.26,1.91,2.97,192.6
2015-02-14 07:20:00,3828000.0,986.26,-3.33,270.9,-5.35,85.8,4.77,4.1,0.68,2.59,4.15,1271.31,2.3,3.85,187.8
2015-02-14 07:30:00,3828600.0,986.24,-3.53,270.7,-5.41,86.7,4.7,4.08,0.63,2.58,4.13,1272.22,2.45,3.69,187.9
2015-02-14 07:40:00,3829200.0,986.37,-3.64,270.59,-5.41,87.4,4.67,4.08,0.59,2.58,4.13,1272.89,2.13,3.65,189.3
2015-02-14 07:50:00,3829800.0,986.4,-3.6,270.62,-5.35,87.6,4.68,4.1,0.58,2.59,4.15,1272.75,1.99,2.79,191.1
2015-02-14 08:00:00,3830400.0,986.42,-3.34,270.87,-5.18,87.0,4.77,4.15,0.62,2.62,4.21,1271.55,1.8,2.54,201.7
2015-02-14 08:10:00,3831000.0,986.45,-2.87,271.35,-5.17,84.0,4.94,4.15,0.79,2.62,4.21,1269.34,1.26,2.46,203.3
2015-02-14 08:20:00,3831600.0,986.43,-2.65,271.57,-5.12,83.0,5.02,4.17,0.85,2.63,4.23,1268.3,1.53,2.85,192.3
2015-02-14 08:30:00,3832200.0,986.43,-2.41,271.81,-5.01,82.2,5.12,4.2,0.91,2.66,4.26,1267.13,1.59,3.43,191.7
2015-02-14 08:40:00,3832800.0,986.39,-2.1,272.12,-4.94,80.8,5.23,4.23,1.0,2.67,4.29,1265.65,1.83,2.85,184.4
2015-02-14 08:50:00,3833400.0,986.33,-1.96,272.27,-4.85,80.5,5.29,4.26,1.03,2.69,4.32,1264.89,1.25,1.84,194.3
2015-02-14 09:00:00,3834000.0,986.3,-1.82,272.41,-4.77,80.1,5.34,4.28,1.06,2.7,4.34,1264.18,1.79,2.85,172.8
2015-02-14 09:10:00,3834600.0,986.25,-1.89,272.35,-4.79,80.4,5.32,4.27,1.04,2.7,4.33,1264.44,1.62,2.68,178.8
2015-02-14 09:20:00,3835200.0,986.26,-1.68,272.55,-4.68,79.9,5.4,4.31,1.08,2.72,4.37,1263.48,1.38,2.44,187.2
2015-02-14 09:30:00,3835800.0,986.32,-1.32,272.92,-4.55,78.5,5.55,4.35,1.19,2.75,4.41,1261.84,1.74,3.0,167.2
2015-02-14 09:40:00,3836400.0,986.29,-0.95,273.29,-4.54,76.5,5.7,4.36,1.34,2.75,4.42,1260.1,2.04,3.57,165.1
2015-02-14 09:50:00,3837000.0,986.31,-0.89,273.34,-4.46,76.6,5.72,4.38,1.34,2.77,4.44,1259.84,1.64,3.04,182.8
2015-02-14 10:00:00,3837600.0,986.22,-0.54,273.7,-4.21,76.1,5.87,4.47,1.4,2.82,4.53,1258.07,2.01,3.41,180.5
2015-02-14 10:10:00,3838200.0,986.18,-0.33,273.92,-4.22,74.9,5.96,4.47,1.5,2.82,4.53,1257.05,1.73,2.6,178.5
2015-02-14 10:20:00,3838800.0,986.18,0.03,274.28,-3.91,74.7,6.12,4.57,1.55,2.89,4.64,1255.35,1.59,2.76,182.3
2015-02-14 10:30:00,3839400.0,986.09,0.65,274.91,-3.75,72.2,6.41,4.62,1.78,2.92,4.69,1252.33,1.92,3.08,169.8
2015-02-14 10:40:00,3840000.0,986.05,0.99,275.26,-3.65,71.0,6.56,4.66,1.9,2.95,4.73,1250.72,2.25,3.81,169.4
2015-02-14 10:50:00,3840600.0,986.05,1.38,275.65,-3.55,69.57,6.75,4.7,2.05,2.97,4.76,1248.94,2.42,3.59,156.1
2015-02-14 11:00:00,3841200.0,985.98,1.87,276.14,-3.29,68.48,6.99,4.79,2.2,3.03,4.86,1246.6,1.78,3.69,167.1
2015-02-14 11:10:00,3841800.0,986.04,2.33,276.6,-3.18,66.82,7.23,4.83,2.4,3.05,4.9,1244.56,1.96,3.16,183.1
2015-02-14 11:20:00,3842400.0,986.0,2.8,277.08,-2.99,65.5,7.48,4.9,2.58,3.09,4.97,1242.33,1.58,2.94,152.3
2015-02-14 11:30:00,3843000.0,985.93,3.19,277.47,-2.88,64.28,7.68,4.94,2.74,3.12,5.01,1240.49,1.82,2.88,171.5
2015-02-14 11:40:00,3843600.0,985.87,3.44,277.73,-2.92,62.97,7.82,4.92,2.9,3.11,4.99,1239.31,1.96,3.16,156.1
2015-02-14 11:50:00,3844200.0,985.85,3.9,278.19,-2.71,61.87,8.08,5.0,3.08,3.16,5.07,1237.17,1.6,2.72,168.6
2015-02-14 12:00:00,3844800.0,985.72,4.11,278.41,-2.75,60.8,8.2,4.99,3.21,3.15,5.06,1236.1,2.15,2.96,154.0
2015-02-14 12:10:00,3845400.0,985.65,4.44,278.75,-2.58,60.16,8.39,5.05,3.34,3.19,5.12,1234.49,1.71,2.6,163.9
2015-02-14 12:20:00,3846000.0,985.52,4.8,279.13,-2.49,59.04,8.61,5.08,3.53,3.21,5.16,1232.7,1.92,2.96,137.1
2015-02-14 12:30:00,3846600.0,985.39,4.72,279.05,-2.6,58.91,8.56,5.04,3.52,3.19,5.12,1232.95,2.03,3.24,120.8
2015-02-14 12:40:00,3847200.0,985.28,5.07,279.41,-2.46,58.08,8.77,5.09,3.68,3.22,5.17,1231.21,1.96,3.84,132.4
2015-02-14 12:50:00,3847800.0,985.2,5.49,279.84,-2.32,57.02,9.03,5.15,3.88,3.26,5.23,1229.25,1.75,3.64,121.6
2015-02-14 13:00:00,3848400.0,985.2,6.31,280.66,-1.98,55.22,9.56,5.28,4.28,3.34,5.36,1225.58,1.21,2.4,166.5
2015-02-14 13:10:00,3849000.0,985.19,6.66,281.01,-2.08,53.51,9.79,5.24,4.55,3.31,5.32,1224.06,1.35,2.56,143.9
2015-02-14 13:20:00,3849600.0,985.18,6.85,281.21,-1.95,53.3,9.93,5.29,4.64,3.35,5.37,1223.17,1.46,2.48,176.2
2015-02-14 13:30:00,3850200.0,985.1,7.21,281.58,-1.94,52.05,10.17,5.3,4.88,3.35,5.38,1221.5,1.08,2.32,159.5
2015-02-14 13:40:00,3850800.0,984.89,7.59,281.98,-1.84,51.1,10.44,5.34,5.11,3.38,5.42,1219.57,1.24,3.14,149.7
2015-02-14 13:50:00,3851400.0,984.82,7.78,282.17,-1.89,50.26,10.58,5.32,5.26,3.36,5.4,1218.67,1.24,2.88,158.5
2015-02-14 14:00:00,3852000.0,984.75,7.69,282.09,-1.89,50.57,10.51,5.32,5.2,3.37,5.4,1218.97,0.8,1.8,111.4
2015-02-14 14:10:00,3852600.0,984.69,7.69,282.09,-1.92,50.45,10.51,5.3,5.21,3.36,5.39,1218.9,1.37,2.12,99.4
2015-02-14 14:20:00,3853200.0,984.62,7.59,282.0,-1.87,50.98,10.44,5.32,5.12,3.37,5.41,1219.24,0.9,2.1,110.6
2015-02-14 14:30:00,3853800.0,984.57,8.11,282.52,-1.71,49.79,10.82,5.39,5.43,3.41,5.47,1216.9,1.27,2.52,189.9
2015-02-14 14:40:00,3854400.0,984.5,8.52,282.94,-1.62,48.76,11.13,5.42,5.7,3.43,5.51,1215.02,1.1,2.2,171.2
2015-02-14 14:50:00,3855000.0,984.45,9.07,283.5,-1.43,47.61,11.55,5.5,6.05,3.48,5.58,1212.56,0.93,2.08,173.7
2015-02-14 15:00:00,3855600.0,984.45,9.19,283.62,-1.47,47.09,11.64,5.48,6.16,3.47,5.57,1212.05,0.93,1.56,215.2
2015-02-14 15:10:00,3856200.0,984.38,9.19,283.62,-1.51,46.96,11.64,5.47,6.17,3.46,5.55,1211.97,1.06,1.56,213.1
2015-02-14 15:20:00,3856800.0,984.44,9.17,283.6,-1.55,46.88,11.63,5.45,6.18,3.45,5.54,1212.14,1.3,2.68,197.3
2015-02-14 15:30:00,3857400.0,984.47,9.63,284.06,-1.56,45.42,11.99,5.45,6.55,3.45,5.53,1210.2,1.12,1.6,188.1
2015-02-14 15:40:00,3858000.0,984.46,9.99,284.42,-1.49,44.55,12.29,5.47,6.81,3.47,5.56,1208.64,0.83,1.68,189.0
2015-02-14 15:50:00,3858600.0,984.43,10.23,284.66,-1.6,43.51,12.48,5.43,7.05,3.44,5.52,1207.6,0.73,1.44,191.8
2015-02-14 16:00:00,3859200.0,984.38,10.05,284.49,-1.82,43.31,12.34,5.34,6.99,3.38,5.43,1208.35,0.78,1.4,168.5
2015-02-14 16:10:00,3859800.0,984.33,9.75,284.19,-1.97,43.72,12.09,5.29,6.8,3.35,5.37,1209.59,0.85,1.44,184.0
2015-02-14 16:20:00,3860400.0,984.33,8.98,283.42,-1.98,46.0,11.48,5.28,6.2,3.34,5.36,1212.9,0.69,1.32,151.9
2015-02-14 16:30:00,3861000.0,984.36,8.35,282.78,-2.12,47.5,11.0,5.22,5.77,3.31,5.31,1215.67,0.85,1.16,2.78
2015-02-14 16:40:00,3861600.0,984.31,8.07,282.5,-2.0,48.87,10.79,5.27,5.52,3.34,5.36,1216.8,0.82,1.28,358.8
2015-02-14 16:50:00,3862200.0,984.3,7.85,282.28,-1.84,50.19,10.63,5.33,5.29,3.38,5.42,1217.71,0.98,1.2,2.17
2015-02-14 17:00:00,3862800.0,984.36,7.69,282.12,-1.85,50.69,10.51,5.33,5.18,3.37,5.41,1218.48,0.9,1.24,21.66
2015-02-14 17:10:00,3863400.0,984.44,7.26,281.68,-1.74,52.64,10.21,5.37,4.83,3.4,5.46,1220.43,0.68,1.44,56.94
2015-02-14 17:20:00,3864000.0,984.44,6.86,281.28,-1.59,54.74,9.93,5.44,4.49,3.44,5.52,1222.15,0.61,1.48,57.67
2015-02-14 17:30:00,3864600.0,984.53,6.64,281.05,-1.58,55.61,9.78,5.44,4.34,3.44,5.52,1223.22,0.22,0.6,76.7
2015-02-14 17:40:00,3865200.0,984.69,6.2,280.6,-1.7,56.78,9.49,5.39,4.1,3.41,5.47,1225.35,0.28,0.72,51.19
2015-02-14 17:50:00,3865800.0,984.71,5.93,280.32,-1.65,58.09,9.31,5.41,3.9,3.42,5.49,1226.56,1.26,2.2,139.0
2015-02-14 18:00:00,3866400.0,984.68,5.48,279.87,-1.66,59.9,9.02,5.41,3.62,3.42,5.49,1228.52,0.87,1.76,161.9
2015-02-14 18:10:00,3867000.0,984.68,5.0,279.39,-1.73,61.62,8.73,5.38,3.35,3.41,5.46,1230.63,0.62,1.24,178.0
2015-02-14 18:20:00,3867600.0,984.77,4.57,278.95,-1.77,63.29,8.47,5.36,3.11,3.39,5.44,1232.66,0.98,1.64,200.7
2015-02-14 18:30:00,3868200.0,984.86,4.33,278.71,-1.81,64.19,8.33,5.35,2.98,3.38,5.43,1233.84,1.37,2.2,188.9
2015-02-14 18:40:00,3868800.0,985.0,4.02,278.38,-1.89,65.22,8.15,5.32,2.83,3.36,5.4,1235.42,2.0,2.68,210.6
2015-02-14 18:50:00,3869400.0,985.07,3.6,277.95,-1.92,67.05,7.91,5.3,2.61,3.36,5.38,1237.4,1.47,3.36,209.4
2015-02-14 19:00:00,3870000.0,985.13,3.3,277.65,-1.84,68.88,7.74,5.33,2.41,3.37,5.41,1238.81,1.68,2.88,197.0
2015-02-14 19:10:00,3870600.0,985.21,3.0,277.34,-1.87,70.2,7.58,5.32,2.26,3.37,5.4,1240.25,1.6,2.12,193.5
2015-02-14 19:20:00,3871200.0,985.23,2.74,277.08,-1.89,71.4,7.44,5.31,2.13,3.36,5.39,1241.45,1.39,2.24,201.3
2015-02-14 19:30:00,3871800.0,985.25,2.47,276.81,-1.96,72.4,7.3,5.29,2.02,3.34,5.37,1242.69,1.32,2.16,200.1
2015-02-14 19:40:00,3872400.0,985.3,2.2,276.52,-2.01,73.6,7.16,5.27,1.89,3.33,5.35,1244.01,1.37,2.12,202.4
2015-02-14 19:50:00,3873000.0,985.36,2.01,276.33,-2.05,74.4,7.06,5.25,1.81,3.32,5.33,1244.96,1.59,2.32,208.3
2015-02-14 20:00:00,3873600.0,985.38,1.83,276.15,-2.11,75.0,6.97,5.23,1.74,3.31,5.31,1245.78,1.41,2.12,206.0
2015-02-14 20:10:00,3874200.0,985.32,1.64,275.97,-2.18,75.6,6.88,5.2,1.68,3.29,5.28,1246.57,1.64,2.56,211.5
2015-02-14 20:20:00,3874800.0,985.32,1.48,275.81,-2.2,76.4,6.8,5.2,1.6,3.29,5.27,1247.31,1.8,2.54,209.2
2015-02-14 20:30:00,3875400.0,985.45,1.4,275.71,-2.23,76.7,6.76,5.18,1.57,3.28,5.26,1247.86,1.41,2.32,207.7
2015-02-14 20:40:00,3876000.0,985.48,1.22,275.53,-2.27,77.4,6.68,5.17,1.51,3.27,5.24,1248.7,1.12,2.12,200.5
2015-02-14 20:50:00,3876600.0,985.53,0.99,275.3,-2.36,78.2,6.56,5.13,1.43,3.25,5.21,1249.83,0.71,1.98,197.9
2015-02-14 21:00:00,3877200.0,985.6,0.65,274.95,-2.5,79.3,6.4,5.08,1.33,3.21,5.15,1251.5,1.03,1.54,209.0
2015-02-14 21:10:00,3877800.0,985.62,0.49,274.78,-2.46,80.5,6.33,5.09,1.23,3.22,5.17,1252.28,0.72,1.72,215.4
2015-02-14 21:20:00,3878400.0,985.68,0.36,274.65,-2.49,81.1,6.27,5.08,1.18,3.21,5.16,1252.95,0.92,1.6,204.6
2015-02-14 21:30:00,3879000.0,985.67,0.18,274.47,-2.57,81.7,6.19,5.05,1.13,3.2,5.13,1253.78,0.87,1.48,204.8
2015-02-14 21:40:00,3879600.0,985.67,-0.11,274.18,-2.68,82.7,6.06,5.01,1.05,3.17,5.08,1255.12,0.93,1.5,198.8
2015-02-14 21:50:00,3880200.0,985.69,-0.35,273.93,-2.73,83.9,5.95,4.99,0.96,3.16,5.07,1256.27,1.03,2.2,210.0
2015-02-14 22:00:00,3880800.0,985.72,-0.53,273.76,-2.8,84.5,5.88,4.97,0.91,3.14,5.04,1257.11,1.27,1.96,208.3
2015-02-14 22:10:00,3881400.0,985.77,-0.67,273.61,-2.87,85.0,5.81,4.94,0.87,3.12,5.01,1257.87,1.01,2.08,201.6
2015-02-14 22:20:00,3882000.0,985.81,-0.78,273.49,-2.9,85.5,5.77,4.93,0.84,3.12,5.0,1258.43,1.28,1.96,218.0
2015-02-14 22:30:00,3882600.0,985.82,-0.88,273.39,-2.9,86.1,5.73,4.93,0.8,3.12,5.0,1258.9,1.32,1.92,207.8
2015-02-14 22:40:00,3883200.0,985.88,-1.02,273.25,-2.96,86.6,5.67,4.91,0.76,3.1,4.98,1259.63,1.49,1.92,207.5
2015-02-14 22:50:00,3883800.0,985.93,-1.16,273.11,-2.99,87.3,5.61,4.9,0.71,3.1,4.97,1260.34,1.17,2.36,205.4
2015-02-14 23:00:00,3884400.0,985.96,-1.22,273.04,-3.01,87.6,5.58,4.89,0.69,3.09,4.96,1260.68,1.32,2.12,196.7
2015-02-14 23:10:00,3885000.0,985.99,-1.38,272.88,-3.14,87.7,5.52,4.84,0.68,3.06,4.91,1261.47,1.3,1.94,205.4
2015-02-14 23:20:00,3885600.0,985.94,-1.61,272.65,-3.26,88.4,5.43,4.8,0.63,3.03,4.87,1262.49,1.35,2.12,191.9
2015-02-14 23:30:00,3886200.0,985.94,-1.78,272.48,-3.3,89.3,5.36,4.79,0.57,3.02,4.85,1263.3,1.52,2.48,192.1
2015-02-14 23:40:00,3886800.0,985.94,-1.92,272.34,-3.33,90.0,5.3,4.77,0.53,3.02,4.84,1263.94,1.57,2.24,205.6
2015-02-14 23:50:00,3887400.0,985.94,-1.88,272.38,-3.25,90.3,5.32,4.8,0.52,3.03,4.87,1263.77,1.41,1.92,216.0
2015-02-15 00:00:00,3888000.0,985.99,-1.77,272.49,-3.18,90.0,5.36,4.83,0.54,3.05,4.9,1263.27,1.02,1.4,210.3
2015-02-15 00:10:00,3888600.0,986.06,-1.73,272.52,-3.2,89.6,5.38,4.82,0.56,3.05,4.89,1263.2,0.89,1.96,212.0
2015-02-15 00:20:00,3889200.0,986.09,-1.81,272.44,-3.34,89.2,5.35,4.77,0.58,3.02,4.84,1263.61,0.74,1.44,209.1
2015-02-15 00:30:00,3889800.0,986.18,-1.93,272.31,-3.39,89.7,5.3,4.75,0.55,3.0,4.82,1264.34,0.85,1.52,203.4
2015-02-15 00:40:00,3890400.0,986.2,-2.14,272.1,-3.55,90.0,5.22,4.7,0.52,2.97,4.76,1265.34,0.99,1.48,208.5
2015-02-15 00:50:00,3891000.0,986.19,-2.21,272.03,-3.53,90.6,5.19,4.7,0.49,2.97,4.77,1265.68,1.06,2.04,211.5
2015-02-15 01:00:00,3891600.0,986.08,-2.23,272.01,-3.55,90.6,5.18,4.69,0.49,2.97,4.76,1265.64,1.56,2.38,208.2
2015-02-15 01:10:00,3892200.0,986.09,-2.3,271.95,-3.6,90.7,5.16,4.68,0.48,2.96,4.74,1265.94,1.28,2.1,206.3
2015-02-15 01:20:00,3892800.0,986.12,-2.37,271.88,-3.63,91.0,5.13,4.67,0.46,2.95,4.73,1266.33,1.28,2.2,203.8
2015-02-15 01:30:00,3893400.0,986.1,-2.4,271.84,-3.63,91.2,5.12,4.67,0.45,2.95,4.73,1266.47,1.26,2.18,213.0
2015-02-15 01:40:00,3894000.0,986.08,-2.5,271.75,-3.73,91.2,5.08,4.63,0.45,2.93,4.7,1266.92,1.06,2.08,186.7
2015-02-15 01:50:00,3894600.0,986.1,-2.58,271.67,-3.79,91.3,5.05,4.61,0.44,2.91,4.68,1267.31,0.59,1.32,191.1
2015-02-15 02:00:00,3895200.0,986.14,-2.67,271.57,-3.84,91.6,5.02,4.6,0.42,2.9,4.66,1267.79,1.03,1.48,213.7
2015-02-15 02:10:00,3895800.0,986.23,-2.67,271.57,-3.79,91.9,5.02,4.61,0.41,2.91,4.68,1267.89,1.32,1.84,218.1
2015-02-15 02:20:00,3896400.0,986.29,-2.68,271.55,-3.76,92.2,5.01,4.62,0.39,2.92,4.69,1268.02,1.22,1.84,207.6
2015-02-15 02:30:00,3897000.0,986.35,-2.68,271.55,-3.79,92.0,5.01,4.61,0.4,2.91,4.67,1268.11,1.37,2.02,207.0
2015-02-15 02:40:00,3897600.0,986.35,-2.73,271.5,-3.87,91.8,4.99,4.59,0.41,2.9,4.65,1268.34,1.41,2.36,218.1
2015-02-15 02:50:00,3898200.0,986.32,-2.74,271.49,-3.89,91.7,4.99,4.58,0.41,2.89,4.64,1268.36,1.56,2.64,206.4
2015-02-15 03:00:00,3898800.0,986.31,-2.84,271.39,-4.01,91.6,4.95,4.54,0.42,2.87,4.6,1268.86,1.04,1.6,199.9
2015-02-15 03:10:00,3899400.0,986.27,-2.95,271.28,-4.09,91.8,4.91,4.51,0.4,2.85,4.57,1269.33,1.1,1.56,207.0
2015-02-15 03:20:00,3900000.0,986.24,-2.95,271.28,-4.05,92.1,4.91,4.52,0.39,2.86,4.59,1269.28,0.69,1.36,187.5
2015-02-15 03:30:00,3900600.0,986.25,-3.01,271.23,-4.13,91.9,4.89,4.5,0.4,2.84,4.56,1269.57,1.29,1.76,205.3
2015-02-15 03:40:00,3901200.0,986.26,-3.06,271.17,-4.15,92.1,4.87,4.49,0.38,2.83,4.55,1269.84,0.86,1.48,197.4
2015-02-15 03:50:00,3901800.0,986.26,-3.23,271.0,-4.32,92.1,4.81,4.43,0.38,2.8,4.49,1270.67,0.95,1.52,215.5
2015-02-15 04:00:00,3902400.0,986.23,-3.29,270.94,-4.31,92.6,4.79,4.43,0.35,2.8,4.49,1270.93,0.68,1.08,225.9
2015-02-15 04:10:00,3903000.0,986.29,-3.37,270.86,-4.37,92.7,4.76,4.41,0.35,2.79,4.47,1271.35,0.63,1.06,156.4
2015-02-15 04:20:00,3903600.0,986.4,-3.43,270.79,-4.4,92.9,4.74,4.4,0.34,2.78,4.46,1271.78,0.33,0.64,47.43
2015-02-15 04:30:00,3904200.0,986.48,-3.54,270.68,-4.58,92.4,4.7,4.34,0.36,2.74,4.4,1272.43,0.68,1.44,27.98
2015-02-15 04:40:00,3904800.0,986.54,-3.72,270.49,-4.71,92.8,4.64,4.3,0.33,2.72,4.36,1273.39,0.56,1.0,38.96
2015-02-15 04:50:00,3905400.0,986.56,-3.93,270.27,-4.89,93.0,4.56,4.24,0.32,2.68,4.3,1274.46,0.22,0.46,227.5
2015-02-15 05:00:00,3906000.0,986.61,-4.08,270.12,-4.99,93.3,4.51,4.21,0.3,2.66,4.27,1275.23,0.23,0.48,211.2
2015-02-15 05:10:00,3906600.0,986.69,-4.04,270.16,-4.9,93.7,4.53,4.24,0.29,2.68,4.3,1275.13,0.21,0.36,207.2
2015-02-15 05:20:00,3907200.0,986.75,-3.99,270.19,-4.88,93.5,4.54,4.25,0.3,2.68,4.3,1275.0,0.21,0.36,56.36
2015-02-15 05:30:00,3907800.0,986.73,-4.09,270.1,-5.12,92.5,4.51,4.17,0.34,2.63,4.23,1275.46,0.33,0.8,205.9
2015-02-15 05:40:00,3908400.0,986.78,-4.35,269.84,-5.32,92.9,4.42,4.11,0.31,2.59,4.16,1276.79,0.37,0.66,235.8
2015-02-15 05:50:00,3909000.0,986.8,-4.12,270.06,-5.02,93.4,4.5,4.2,0.3,2.65,4.26,1275.69,0.24,0.64,263.4
2015-02-15 06:00:00,3909600.0,986.85,-4.14,270.04,-5.14,92.7,4.49,4.16,0.33,2.63,4.22,1275.87,0.39,0.72,74.7
2015-02-15 06:10:00,3910200.0,986.92,-4.12,270.06,-5.13,92.6,4.5,4.17,0.33,2.63,4.22,1275.83,0.45,0.84,38.85
2015-02-15 06:20:00,3910800.0,986.96,-4.29,269.89,-5.3,92.6,4.44,4.11,0.33,2.6,4.17,1276.72,0.4,0.76,71.9
2015-02-15 06:30:00,3911400.0,986.98,-4.48,269.69,-5.48,92.6,4.38,4.05,0.32,2.56,4.11,1277.67,0.31,0.64,44.21
2015-02-15 06:40:00,3912000.0,987.05,-4.5,269.67,-5.48,92.8,4.37,4.06,0.31,2.56,4.11,1277.87,0.2,0.36,232.2
2015-02-15 06:50:00,3912600.0,987.06,-4.43,269.73,-5.42,92.7,4.39,4.07,0.32,2.57,4.13,1277.55,0.27,0.52,83.2
2015-02-15 07:00:00,3913200.0,987.16,-4.6,269.56,-5.65,92.3,4.34,4.0,0.33,2.53,4.06,1278.51,0.4,0.84,61.76
2015-02-15 07:10:00,3913800.0,987.31,-4.84,269.31,-5.81,92.8,4.26,3.95,0.31,2.49,4.0,1279.87,0.35,0.76,76.4
2015-02-15 07:20:00,3914400.0,987.44,-4.98,269.16,-5.98,92.6,4.22,3.9,0.31,2.46,3.95,1280.73,0.4,0.9,202.6
2015-02-15 07:30:00,3915000.0,987.54,-5.07,269.06,-6.01,93.0,4.19,3.89,0.29,2.46,3.94,1281.29,0.41,0.82,213.9
2015-02-15 07:40:00,3915600.0,987.71,-5.09,269.02,-5.97,93.5,4.18,3.91,0.27,2.46,3.95,1281.64,0.22,0.64,302.7
2015-02-15 07:50:00,3916200.0,987.78,-5.07,269.03,-5.98,93.3,4.18,3.9,0.28,2.46,3.95,1281.63,0.23,0.44,19.44
2015-02-15 08:00:00,3916800.0,987.81,-4.95,269.15,-5.83,93.5,4.22,3.95,0.27,2.49,4.0,1281.06,0.37,0.56,42.74
2015-02-15 08:10:00,3917400.0,987.91,-4.73,269.36,-5.66,93.2,4.29,4.0,0.29,2.52,4.05,1280.13,0.57,0.84,37.87
2015-02-15 08:20:00,3918000.0,988.09,-4.51,269.57,-5.52,92.6,4.37,4.04,0.32,2.55,4.09,1279.3,0.93,1.62,34.48
2015-02-15 08:30:00,3918600.0,988.26,-4.57,269.5,-5.68,91.9,4.35,3.99,0.35,2.52,4.04,1279.83,1.5,1.76,28.18
2015-02-15 08:40:00,3919200.0,988.35,-4.5,269.56,-5.67,91.5,4.37,4.0,0.37,2.52,4.05,1279.61,1.6,1.98,22.57
2015-02-15 08:50:00,3919800.0,988.46,-4.37,269.68,-5.63,90.9,4.41,4.01,0.4,2.53,4.06,1279.13,1.03,1.6,31.25
2015-02-15 09:00:00,3920400.0,988.51,-3.89,270.16,-5.1,91.2,4.58,4.18,0.4,2.63,4.22,1276.8,0.35,0.92,25.24
2015-02-15 09:10:00,3921000.0,988.62,-3.77,270.28,-5.36,88.6,4.62,4.09,0.53,2.58,4.14,1276.42,1.42,2.36,33.22
2015-02-15 09:20:00,3921600.0,988.69,-4.0,270.04,-5.27,90.8,4.54,4.12,0.42,2.6,4.17,1277.61,1.55,1.96,21.54
2015-02-15 09:30:00,3922200.0,988.69,-3.96,270.08,-5.05,92.0,4.55,4.19,0.36,2.64,4.24,1277.35,1.74,2.6,8.14
2015-02-15 09:40:00,3922800.0,988.7,-3.64,270.4,-4.69,92.4,4.66,4.31,0.35,2.72,4.36,1275.82,1.5,2.04,15.16
2015-02-15 09:50:00,3923400.0,988.74,-3.49,270.55,-4.63,91.7,4.72,4.33,0.39,2.73,4.38,1275.13,1.99,2.64,13.04
2015-02-15 10:00:00,3924000.0,988.73,-3.36,270.68,-4.58,91.2,4.76,4.34,0.42,2.74,4.39,1274.5,2.06,2.6,15.4
2015-02-15 10:10:00,3924600.0,988.74,-2.96,271.08,-4.27,90.6,4.91,4.45,0.46,2.8,4.5,1272.59,1.81,2.44,21.27
2015-02-15 10:20:00,3925200.0,988.75,-2.89,271.15,-4.35,89.6,4.94,4.42,0.51,2.79,4.47,1272.26,2.26,2.76,9.31
2015-02-15 10:30:00,3925800.0,988.82,-2.62,271.42,-4.15,89.1,5.04,4.49,0.55,2.83,4.54,1271.05,2.25,3.29,10.33
2015-02-15 10:40:00,3926400.0,988.81,-2.41,271.62,-4.02,88.6,5.11,4.53,0.58,2.86,4.58,1270.04,2.48,3.21,10.12
2015-02-15 10:50:00,3927000.0,988.79,-2.31,271.73,-4.01,88.0,5.15,4.53,0.62,2.86,4.59,1269.54,2.85,3.45,13.98
2015-02-15 11:00:00,3927600.0,988.81,-1.85,272.19,-3.71,87.0,5.33,4.64,0.69,2.92,4.69,1267.37,2.26,3.25,19.82
2015-02-15 11:10:00,3928200.0,988.89,-1.47,272.56,-3.61,85.2,5.48,4.67,0.81,2.94,4.73,1265.67,2.65,3.41,24.44
2015-02-15 11:20:00,3928800.0,988.91,-1.32,272.71,-3.56,84.6,5.55,4.69,0.85,2.96,4.74,1264.98,2.59,3.61,23.58
2015-02-15 11:30:00,3929400.0,988.93,-0.78,273.25,-3.26,83.2,5.77,4.8,0.97,3.02,4.85,1262.48,2.15,3.24,11.16
2015-02-15 11:40:00,3930000.0,988.89,-0.5,273.53,-3.26,81.5,5.89,4.8,1.09,3.02,4.85,1261.14,2.25,3.37,10.34
2015-02-15 11:50:00,3930600.0,988.79,-0.18,273.86,-3.23,79.8,6.03,4.81,1.22,3.03,4.86,1259.53,2.65,3.24,20.21
2015-02-15 12:00:00,3931200.0,988.74,0.17,274.22,-2.82,80.2,6.18,4.96,1.22,3.13,5.02,1257.77,2.28,3.08,15.62
2015-02-15 12:10:00,3931800.0,988.66,0.46,274.52,-2.71,79.2,6.32,5.0,1.31,3.15,5.06,1256.31,2.49,3.49,13.58
2015-02-15 12:20:00,3932400.0,988.64,0.69,274.75,-2.59,78.6,6.42,5.05,1.37,3.18,5.11,1255.21,2.43,3.28,14.04
2015-02-15 12:30:00,3933000.0,988.6,1.13,275.19,-2.26,78.0,6.63,5.17,1.46,3.26,5.23,1253.08,2.25,3.14,11.41
2015-02-15 12:40:00,3933600.0,988.53,1.56,275.62,-2.21,75.9,6.84,5.19,1.65,3.27,5.25,1251.05,2.2,3.65,16.23
2015-02-15 12:50:00,3934200.0,988.52,2.09,276.16,-2.11,73.6,7.1,5.23,1.88,3.3,5.29,1248.59,2.64,3.57,26.16
2015-02-15 13:00:00,3934800.0,988.55,2.37,276.44,-2.18,71.8,7.25,5.2,2.04,3.28,5.26,1247.37,2.97,4.17,36.67
2015-02-15 13:10:00,3935400.0,988.56,2.39,276.45,-2.39,70.6,7.26,5.12,2.13,3.23,5.18,1247.34,3.59,4.73,39.62
2015-02-15 13:20:00,3936000.0,988.61,2.78,276.85,-2.24,69.4,7.46,5.18,2.28,3.27,5.24,1245.6,2.33,4.05,42.13
2015-02-15 13:30:00,3936600.0,988.63,3.09,277.15,-2.18,68.17,7.63,5.2,2.43,3.28,5.26,1244.23,2.94,4.09,44.03
2015-02-15 13:40:00,3937200.0,988.67,2.85,276.91,-2.14,69.6,7.5,5.22,2.28,3.29,5.28,1245.35,3.02,4.73,40.75
2015-02-15 13:50:00,3937800.0,988.73,2.84,276.9,-1.95,70.6,7.5,5.29,2.2,3.34,5.35,1245.41,4.34,5.69,41.12
2015-02-15 14:00:00,3938400.0,988.75,2.75,276.81,-1.73,72.2,7.45,5.38,2.07,3.39,5.44,1245.81,3.85,5.33,32.92
2015-02-15 14:10:00,3939000.0,988.73,2.78,276.83,-1.61,72.7,7.46,5.43,2.04,3.42,5.49,1245.64,3.25,4.49,32.74
2015-02-15 14:20:00,3939600.0,988.68,2.78,276.84,-1.62,72.7,7.46,5.42,2.04,3.42,5.49,1245.59,3.51,4.97,35.92
2015-02-15 14:30:00,3940200.0,988.75,3.02,277.08,-1.38,72.7,7.59,5.52,2.07,3.48,5.58,1244.53,2.87,4.49,25.01
2015-02-15 14:40:00,3940800.0,988.78,3.1,277.15,-1.34,72.5,7.63,5.54,2.1,3.49,5.6,1244.2,3.9,5.45,33.13
2015-02-15 14:50:00,3941400.0,988.79,2.74,276.79,-1.37,74.2,7.44,5.52,1.92,3.48,5.58,1245.84,4.73,5.69,29.0
2015-02-15 15:00:00,3942000.0,988.83,2.47,276.52,-1.28,76.2,7.3,5.56,1.74,3.51,5.62,1247.1,4.5,5.93,31.6
2015-02-15 15:10:00,3942600.0,988.96,2.48,276.52,-1.18,76.7,7.3,5.6,1.7,3.53,5.67,1247.2,5.09,6.41,28.24
2015-02-15 15:20:00,3943200.0,989.04,2.58,276.61,-0.95,77.4,7.36,5.7,1.66,3.59,5.76,1246.78,3.96,4.99,31.84
2015-02-15 15:30:00,3943800.0,989.12,2.62,276.65,-0.83,77.9,7.38,5.75,1.63,3.62,5.81,1246.69,3.54,4.73,40.89
2015-02-15 15:40:00,3944400.0,989.16,2.58,276.6,-0.75,78.6,7.36,5.78,1.57,3.64,5.85,1246.92,3.5,4.73,31.14
2015-02-15 15:50:00,3945000.0,989.24,2.44,276.46,-0.73,79.5,7.29,5.79,1.49,3.65,5.86,1247.63,4.42,5.75,32.26
2015-02-15 16:00:00,3945600.0,989.28,2.3,276.31,-0.73,80.3,7.21,5.79,1.42,3.65,5.85,1248.35,3.39,4.93,31.97
2015-02-15 16:10:00,3946200.0,989.25,2.17,276.18,-0.76,80.9,7.14,5.78,1.36,3.64,5.84,1248.9,2.82,3.93,15.61
2015-02-15 16:20:00,3946800.0,989.26,2.02,276.03,-0.8,81.5,7.07,5.76,1.31,3.63,5.82,1249.58,3.2,4.41,11.51
2015-02-15 16:30:00,3947400.0,989.3,1.92,275.92,-0.82,82.0,7.02,5.75,1.26,3.63,5.82,1250.11,3.48,4.57,10.68
2015-02-15 16:40:00,3948000.0,989.36,1.83,275.83,-0.82,82.5,6.97,5.75,1.22,3.62,5.81,1250.6,3.05,4.93,11.35
2015-02-15 16:50:00,3948600.0,989.37,1.79,275.79,-0.81,82.8,6.95,5.75,1.2,3.63,5.82,1250.8,2.53,3.81,13.95
2015-02-15 17:00:00,3949200.0,989.47,1.65,275.64,-0.85,83.4,6.88,5.74,1.14,3.62,5.8,1251.54,2.56,4.55,8.74
2015-02-15 17:10:00,3949800.0,989.54,1.6,275.59,-0.83,83.8,6.86,5.75,1.11,3.62,5.81,1251.84,1.77,2.54,29.68
2015-02-15 17:20:00,3950400.0,989.61,1.6,275.58,-0.8,84.0,6.86,5.76,1.1,3.63,5.82,1251.95,1.97,2.52,22.22
2015-02-15 17:30:00,3951000.0,989.63,1.56,275.54,-0.79,84.3,6.84,5.77,1.07,3.63,5.83,1252.14,1.91,2.52,15.71
2015-02-15 17:40:00,3951600.0,989.71,1.53,275.5,-0.75,84.7,6.82,5.78,1.04,3.64,5.84,1252.37,2.92,3.53,17.68
2015-02-15 17:50:00,3952200.0,989.8,1.53,275.5,-0.69,85.1,6.82,5.81,1.02,3.66,5.87,1252.47,2.75,3.51,8.19
2015-02-15 18:00:00,3952800.0,989.99,1.53,275.48,-0.66,85.3,6.82,5.82,1.0,3.67,5.88,1252.71,2.34,3.28,354.9
2015-02-15 18:10:00,3953400.0,990.14,1.55,275.48,-0.64,85.3,6.83,5.83,1.0,3.67,5.89,1252.83,1.17,2.08,320.6
2015-02-15 18:20:00,3954000.0,990.23,1.57,275.5,-0.62,85.3,6.84,5.84,1.01,3.68,5.9,1252.82,1.07,1.48,319.3
2015-02-15 18:30:00,3954600.0,990.17,1.59,275.53,-0.58,85.4,6.85,5.85,1.0,3.68,5.91,1252.66,1.17,1.68,346.5
2015-02-15 18:40:00,3955200.0,990.18,1.58,275.52,-0.54,85.7,6.85,5.87,0.98,3.7,5.93,1252.7,1.36,1.92,340.1
2015-02-15 18:50:00,3955800.0,990.23,1.56,275.49,-0.56,85.7,6.84,5.86,0.98,3.69,5.92,1252.85,1.74,2.36,340.7
2015-02-15 19:00:00,3956400.0,990.31,1.57,275.5,-0.51,86.0,6.84,5.89,0.96,3.7,5.94,1252.91,1.34,2.08,351.3
2015-02-15 19:10:00,3957000.0,990.36,1.63,275.56,-0.46,85.9,6.87,5.91,0.97,3.72,5.96,1252.67,1.06,1.64,356.9
2015-02-15 19:20:00,3957600.0,990.45,1.77,275.69,-0.39,85.5,6.94,5.94,1.01,3.74,5.99,1252.14,0.51,0.96,334.5
2015-02-15 19:30:00,3958200.0,990.52,1.8,275.71,-0.41,85.2,6.96,5.93,1.03,3.73,5.98,1252.11,0.36,0.76,349.8
2015-02-15 19:40:00,3958800.0,990.54,1.93,275.84,-0.31,85.0,7.02,5.97,1.05,3.76,6.03,1251.51,0.36,1.04,96.2
2015-02-15 19:50:00,3959400.0,990.58,1.89,275.8,-0.43,84.5,7.0,5.92,1.09,3.72,5.97,1251.76,0.39,0.84,36.08
2015-02-15 20:00:00,3960000.0,990.58,1.88,275.79,-0.36,85.0,7.0,5.95,1.05,3.74,6.01,1251.78,0.41,0.92,9.05
2015-02-15 20:10:00,3960600.0,990.57,1.97,275.88,-0.29,84.9,7.04,5.98,1.06,3.76,6.04,1251.37,0.46,1.32,40.31
2015-02-15 20:20:00,3961200.0,990.59,1.8,275.7,-0.43,85.1,6.96,5.92,1.04,3.73,5.98,1252.21,1.21,2.08,43.16
2015-02-15 20:30:00,3961800.0,990.69,1.69,275.59,-0.37,86.1,6.9,5.94,0.96,3.74,6.0,1252.81,0.93,1.6,2.8
2015-02-15 20:40:00,3962400.0,990.72,1.82,275.71,-0.31,85.7,6.97,5.97,1.0,3.76,6.03,1252.27,0.85,1.76,323.7
2015-02-15 20:50:00,3963000.0,990.81,1.94,275.83,-0.28,85.1,7.03,5.98,1.05,3.76,6.04,1251.79,0.42,1.0,108.6
2015-02-15 21:00:00,3963600.0,990.98,1.95,275.83,-0.35,84.6,7.04,5.95,1.08,3.74,6.01,1251.97,0.68,1.72,215.8
2015-02-15 21:10:00,3964200.0,991.08,1.86,275.72,-0.37,85.1,6.99,5.95,1.04,3.74,6.0,1252.54,0.63,1.48,354.5
2015-02-15 21:20:00,3964800.0,991.09,2.05,275.91,-0.29,84.4,7.08,5.98,1.1,3.76,6.03,1251.67,0.29,0.64,57.04
2015-02-15 21:30:00,3965400.0,991.13,1.95,275.81,-0.34,84.7,7.03,5.96,1.08,3.75,6.01,1252.17,0.38,0.8,21.9
2015-02-15 21:40:00,3966000.0,991.17,1.92,275.77,-0.33,85.0,7.02,5.96,1.05,3.75,6.02,1252.38,0.43,0.76,23.77
2015-02-15 21:50:00,3966600.0,991.2,1.93,275.79,-0.28,85.2,7.02,5.98,1.04,3.76,6.04,1252.34,0.33,0.72,86.9
2015-02-15 22:00:00,3967200.0,991.27,1.97,275.82,-0.3,84.8,7.05,5.97,1.07,3.76,6.03,1252.24,0.27,0.48,122.4
2015-02-15 22:10:00,3967800.0,991.33,1.86,275.71,-0.44,84.6,6.99,5.91,1.08,3.72,5.97,1252.84,0.8,1.12,199.6
2015-02-15 22:20:00,3968400.0,991.25,1.69,275.54,-0.43,85.7,6.9,5.92,0.99,3.72,5.97,1253.52,0.62,1.12,292.9
2015-02-15 22:30:00,3969000.0,991.12,1.73,275.59,-0.38,85.8,6.92,5.94,0.98,3.74,5.99,1253.17,0.7,1.24,74.9
2015-02-15 22:40:00,3969600.0,991.05,1.72,275.59,-0.33,86.2,6.92,5.96,0.95,3.75,6.02,1253.11,0.58,1.32,19.5
2015-02-15 22:50:00,3970200.0,990.99,1.72,275.59,-0.31,86.3,6.92,5.97,0.95,3.76,6.02,1253.05,0.62,1.32,236.9
2015-02-15 23:00:00,3970800.0,991.08,1.78,275.64,-0.29,86.1,6.95,5.98,0.97,3.76,6.03,1252.89,0.88,2.68,42.59
2015-02-15 23:10:00,3971400.0,991.15,1.59,275.45,-0.45,86.2,6.86,5.91,0.95,3.72,5.96,1253.85,2.06,2.98,2.59
2015-02-15 23:20:00,3972000.0,991.14,1.71,275.57,-0.29,86.5,6.91,5.98,0.93,3.76,6.03,1253.27,1.95,3.87,335.8
2015-02-15 23:30:00,3972600.0,991.21,1.89,275.74,-0.28,85.5,7.0,5.99,1.02,3.77,6.04,1252.55,0.52,1.4,0.57
2015-02-15 23:40:00,3973200.0,991.28,1.91,275.75,-0.31,85.2,7.01,5.97,1.04,3.76,6.03,1252.56,0.56,0.84,221.2
2015-02-15 23:50:00,3973800.0,991.29,1.93,275.77,-0.27,85.3,7.02,5.99,1.03,3.77,6.04,1252.48,0.46,0.9,242.7
2015-02-16 00:00:00,3974400.0,991.33,1.95,275.8,-0.27,85.1,7.03,5.99,1.05,3.76,6.04,1252.4,0.46,0.8,233.0
2015-02-16 00:10:00,3975000.0,991.33,1.97,275.82,-0.21,85.4,7.04,6.01,1.03,3.78,6.07,1252.32,0.39,0.8,45.37
2015-02-16 00:20:00,3975600.0,991.4,1.92,275.76,-0.25,85.5,7.02,6.0,1.02,3.77,6.05,1252.64,0.34,1.0,333.0
2015-02-16 00:30:00,3976200.0,991.46,1.76,275.59,-0.35,85.8,6.94,5.95,0.99,3.74,6.0,1253.47,0.53,1.24,221.0
2015-02-16 00:40:00,3976800.0,991.52,1.6,275.43,-0.35,86.8,6.86,5.95,0.91,3.74,6.01,1254.25,0.66,1.2,221.0
2015-02-16 00:50:00,3977400.0,991.58,1.46,275.28,-0.4,87.4,6.79,5.93,0.86,3.73,5.98,1255.01,0.58,1.28,244.2
2015-02-16 01:00:00,3978000.0,991.58,1.36,275.18,-0.39,88.1,6.74,5.94,0.8,3.73,5.99,1255.47,0.73,1.06,219.0
2015-02-16 01:10:00,3978600.0,991.6,1.34,275.16,-0.34,88.5,6.73,5.96,0.77,3.74,6.01,1255.57,0.6,1.12,220.0
2015-02-16 01:20:00,3979200.0,991.64,1.42,275.24,-0.33,88.1,6.77,5.96,0.81,3.75,6.01,1255.25,0.23,0.52,154.5
2015-02-16 01:30:00,3979800.0,991.59,1.46,275.29,-0.39,87.4,6.79,5.93,0.86,3.73,5.98,1255.0,0.18,0.32,20.87
2015-02-16 01:40:00,3980400.0,991.57,1.28,275.1,-0.56,87.5,6.7,5.86,0.84,3.69,5.91,1255.86,0.24,0.52,233.9
2015-02-16 01:50:00,3981000.0,991.64,1.09,274.9,-0.64,88.2,6.61,5.83,0.78,3.66,5.88,1256.84,0.36,0.74,208.2
2015-02-16 02:00:00,3981600.0,991.72,1.01,274.82,-0.68,88.4,6.57,5.81,0.76,3.65,5.86,1257.29,0.35,0.76,306.1
2015-02-16 02:10:00,3982200.0,991.85,1.0,274.8,-0.61,89.0,6.57,5.84,0.72,3.67,5.89,1257.51,1.36,1.68,32.2
2015-02-16 02:20:00,3982800.0,991.95,0.87,274.67,-0.71,89.1,6.51,5.8,0.71,3.64,5.84,1258.23,0.79,1.52,26.07
2015-02-16 02:30:00,3983400.0,991.95,0.72,274.51,-0.83,89.3,6.44,5.75,0.69,3.61,5.79,1258.95,0.26,0.6,166.4
2015-02-16 02:40:00,3984000.0,992.04,0.62,274.41,-0.84,89.9,6.39,5.74,0.65,3.61,5.79,1259.52,0.25,0.48,18.48
2015-02-16 02:50:00,3984600.0,991.99,0.48,274.27,-0.92,90.3,6.33,5.71,0.61,3.59,5.76,1260.11,0.4,0.64,6.17
2015-02-16 03:00:00,3985200.0,992.0,0.38,274.17,-0.92,90.9,6.28,5.71,0.57,3.59,5.76,1260.58,0.49,0.88,39.82
2015-02-16 03:10:00,3985800.0,992.04,0.24,274.03,-0.98,91.4,6.22,5.68,0.53,3.57,5.73,1261.28,0.27,0.62,44.06
2015-02-16 03:20:00,3986400.0,992.05,0.0,273.78,-1.16,91.9,6.11,5.61,0.49,3.53,5.66,1262.47,0.49,0.76,31.63
2015-02-16 03:30:00,3987000.0,992.01,-0.08,273.71,-1.13,92.6,6.07,5.62,0.45,3.53,5.67,1262.77,0.68,0.96,19.9
2015-02-16 03:40:00,3987600.0,992.01,-0.13,273.66,-1.09,93.2,6.05,5.64,0.41,3.54,5.68,1262.99,0.37,0.76,350.9
2015-02-16 03:50:00,3988200.0,992.06,-0.29,273.5,-1.26,93.1,5.98,5.57,0.41,3.5,5.61,1263.81,0.4,0.78,230.0
2015-02-16 04:00:00,3988800.0,992.07,-0.32,273.47,-1.22,93.6,5.97,5.59,0.38,3.51,5.63,1263.95,0.32,0.52,236.3
2015-02-16 04:10:00,3989400.0,992.12,-0.34,273.44,-1.24,93.6,5.96,5.58,0.38,3.5,5.62,1264.12,0.22,0.48,305.9
2015-02-16 04:20:00,3990000.0,992.18,-0.32,273.45,-1.25,93.4,5.97,5.57,0.39,3.5,5.62,1264.12,0.15,0.32,353.2
2015-02-16 04:30:00,3990600.0,992.22,-0.5,273.27,-1.49,93.0,5.89,5.48,0.41,3.44,5.52,1265.06,0.28,0.64,218.0
2015-02-16 04:40:00,3991200.0,992.26,-0.62,273.15,-1.5,93.7,5.84,5.47,0.37,3.44,5.51,1265.66,1.02,1.36,231.1
2015-02-16 04:50:00,3991800.0,992.28,-0.52,273.24,-1.34,94.2,5.88,5.54,0.34,3.48,5.58,1265.21,0.46,0.88,242.9
2015-02-16 05:00:00,3992400.0,992.41,-0.43,273.33,-1.28,93.9,5.92,5.56,0.36,3.49,5.6,1264.92,0.39,0.6,14.21
2015-02-16 05:10:00,3993000.0,992.52,-1.05,272.69,-2.05,92.9,5.66,5.25,0.4,3.3,5.29,1268.11,0.65,1.2,184.0
2015-02-16 05:20:00,3993600.0,992.57,-1.49,272.25,-2.32,94.0,5.47,5.15,0.33,3.23,5.19,1270.27,0.45,0.8,223.0
2015-02-16 05:30:00,3994200.0,992.58,-1.31,272.43,-2.01,95.0,5.55,5.27,0.28,3.31,5.31,1269.39,0.54,1.5,268.3
2015-02-16 05:40:00,3994800.0,992.64,-1.18,272.56,-1.84,95.2,5.6,5.33,0.27,3.35,5.37,1268.8,0.61,0.96,40.57
2015-02-16 05:50:00,3995400.0,992.68,-1.14,272.59,-1.82,95.1,5.62,5.34,0.28,3.35,5.38,1268.7,0.84,1.16,51.93
2015-02-16 06:00:00,3996000.0,992.79,-1.25,272.48,-1.97,94.8,5.57,5.28,0.29,3.32,5.32,1269.34,0.33,0.72,59.98
2015-02-16 06:10:00,3996600.0,993.0,-1.65,272.06,-2.42,94.4,5.41,5.11,0.3,3.21,5.15,1271.57,0.46,0.68,97.6
2015-02-16 06:20:00,3997200.0,993.07,-1.83,271.87,-2.53,94.9,5.34,5.07,0.27,3.18,5.1,1272.53,0.23,0.4,352.4
2015-02-16 06:30:00,3997800.0,993.15,-1.97,271.72,-2.65,95.1,5.28,5.02,0.26,3.15,5.06,1273.34,0.35,0.82,261.0
2015-02-16 06:40:00,3998400.0,993.09,-2.03,271.67,-2.67,95.3,5.26,5.01,0.25,3.15,5.05,1273.52,0.72,1.08,218.4
2015-02-16 06:50:00,3999000.0,993.16,-1.93,271.76,-2.51,95.8,5.3,5.08,0.22,3.19,5.11,1273.14,0.24,0.48,355.1
2015-02-16 07:00:00,3999600.0,993.22,-2.05,271.64,-2.66,95.5,5.25,5.02,0.24,3.15,5.05,1273.78,0.53,0.92,75.7
2015-02-16 07:10:00,4000200.0,993.27,-2.1,271.59,-2.69,95.7,5.23,5.01,0.23,3.14,5.04,1274.07,0.27,0.64,109.2
2015-02-16 07:20:00,4000800.0,993.42,-2.31,271.37,-2.92,95.5,5.15,4.92,0.23,3.09,4.95,1275.29,0.44,0.8,4.9
2015-02-16 07:30:00,4001400.0,993.6,-2.16,271.5,-2.74,95.8,5.21,4.99,0.22,3.13,5.02,1274.81,0.35,0.64,91.6
2015-02-16 07:40:00,4002000.0,993.71,-2.21,271.44,-2.83,95.5,5.19,4.96,0.23,3.11,4.99,1275.23,0.35,0.7,318.2
2015-02-16 07:50:00,4002600.0,993.8,-2.17,271.47,-2.79,95.5,5.21,4.97,0.23,3.12,5.0,1275.12,0.38,0.72,203.5
2015-02-16 08:00:00,4003200.0,993.79,-2.14,271.5,-2.8,95.2,5.22,4.97,0.25,3.11,5.0,1274.98,0.38,1.12,195.2
2015-02-16 08:10:00,4003800.0,993.71,-2.19,271.46,-2.83,95.3,5.2,4.95,0.24,3.11,4.99,1275.1,0.7,1.08,216.5
2015-02-16 08:20:00,4004400.0,993.73,-2.12,271.53,-2.71,95.7,5.23,5.0,0.22,3.14,5.03,1274.77,0.46,0.78,200.0
2015-02-16 08:30:00,4005000.0,993.75,-1.96,271.68,-2.5,96.1,5.29,5.08,0.21,3.19,5.11,1274.04,0.38,0.8,322.8
2015-02-16 08:40:00,4005600.0,993.8,-1.82,271.82,-2.35,96.2,5.34,5.14,0.2,3.22,5.17,1273.41,0.53,1.16,178.6
2015-02-16 08:50:00,4006200.0,993.71,-2.13,271.52,-2.69,95.9,5.22,5.01,0.21,3.14,5.04,1274.78,0.54,1.08,204.8
2015-02-16 09:00:00,4006800.0,993.8,-2.07,271.57,-2.58,96.3,5.24,5.05,0.19,3.17,5.08,1274.62,0.52,1.22,37.25
2015-02-16 09:10:00,4007400.0,993.74,-1.81,271.84,-2.24,96.9,5.35,5.18,0.17,3.25,5.21,1273.27,0.33,0.56,233.7
2015-02-16 09:20:00,4008000.0,993.7,-1.42,272.24,-1.91,96.4,5.5,5.31,0.2,3.33,5.34,1271.29,0.52,1.12,64.04
2015-02-16 09:30:00,4008600.0,993.67,-1.41,272.24,-2.01,95.7,5.51,5.27,0.24,3.3,5.3,1271.27,1.06,1.56,51.24
2015-02-16 09:40:00,4009200.0,993.7,-1.68,271.97,-2.29,95.6,5.4,5.16,0.24,3.24,5.19,1272.6,1.97,2.72,30.39
2015-02-16 09:50:00,4009800.0,993.83,-0.9,272.74,-1.27,97.3,5.72,5.56,0.15,3.49,5.6,1268.94,0.69,1.76,173.4
2015-02-16 10:00:00,4010400.0,993.81,-0.33,273.31,-0.88,96.1,5.96,5.73,0.23,3.59,5.76,1266.19,0.76,1.24,185.2
2015-02-16 10:10:00,4011000.0,993.8,0.05,273.69,-0.64,95.1,6.13,5.83,0.3,3.66,5.87,1264.36,0.5,1.0,82.3
2015-02-16 10:20:00,4011600.0,993.77,0.61,274.26,-0.34,93.3,6.39,5.96,0.43,3.74,6.0,1261.65,0.8,1.32,132.4
2015-02-16 10:30:00,4012200.0,993.79,1.06,274.71,-0.45,89.6,6.6,5.91,0.69,3.71,5.95,1259.64,0.69,1.32,131.7
2015-02-16 10:40:00,4012800.0,993.8,1.86,275.51,-0.29,85.6,6.99,5.98,1.01,3.75,6.02,1255.95,0.44,0.96,134.8
2015-02-16 10:50:00,4013400.0,993.79,2.59,276.24,-0.09,82.4,7.36,6.07,1.3,3.81,6.1,1252.58,0.48,1.0,113.7
2015-02-16 11:00:00,4014000.0,993.76,3.51,277.17,0.05,78.0,7.86,6.13,1.73,3.85,6.17,1248.34,0.58,1.28,152.5
2015-02-16 11:10:00,4014600.0,993.81,3.97,277.62,0.1,75.8,8.12,6.15,1.96,3.86,6.19,1246.34,0.66,1.2,170.8
2015-02-16 11:20:00,4015200.0,993.87,4.13,277.78,0.08,74.8,8.21,6.14,2.07,3.85,6.18,1245.68,1.1,2.0,203.4
2015-02-16 11:30:00,4015800.0,993.91,4.26,277.9,0.13,74.4,8.29,6.16,2.12,3.87,6.2,1245.16,1.08,2.18,178.2
2015-02-16 11:40:00,4016400.0,993.92,4.92,278.56,0.39,72.4,8.68,6.28,2.4,3.94,6.32,1242.14,0.91,2.16,166.0
2015-02-16 11:50:00,4017000.0,993.9,5.39,279.04,0.34,69.8,8.97,6.26,2.71,3.93,6.3,1240.02,1.23,2.6,156.0
2015-02-16 12:00:00,4017600.0,993.79,5.49,279.14,0.25,68.88,9.03,6.22,2.81,3.9,6.26,1239.48,2.45,4.41,124.5
2015-02-16 12:10:00,4018200.0,993.64,5.59,279.26,0.11,67.65,9.1,6.15,2.94,3.86,6.19,1238.85,2.34,3.96,113.3
2015-02-16 12:20:00,4018800.0,993.45,5.58,279.26,0.05,67.45,9.09,6.13,2.96,3.85,6.17,1238.7,2.52,4.04,84.8
2015-02-16 12:30:00,4019400.0,993.34,6.24,279.93,0.37,65.96,9.51,6.27,3.24,3.94,6.32,1235.57,1.76,3.12,105.1
2015-02-16 12:40:00,4020000.0,993.31,6.7,280.4,0.3,63.53,9.82,6.24,3.58,3.92,6.28,1233.49,2.56,4.57,150.6
2015-02-16 12:50:00,4020600.0,993.28,6.95,280.65,0.29,62.42,9.99,6.24,3.76,3.92,6.28,1232.37,2.08,3.84,149.4
2015-02-16 13:00:00,4021200.0,993.2,6.88,280.58,0.3,62.78,9.94,6.24,3.7,3.92,6.28,1232.59,1.94,3.84,111.4
2015-02-16 13:10:00,4021800.0,993.18,7.13,280.84,0.33,61.83,10.12,6.26,3.86,3.93,6.3,1231.45,1.88,4.28,113.3
2015-02-16 13:20:00,4022400.0,993.13,7.03,280.74,0.4,62.59,10.05,6.29,3.76,3.95,6.33,1231.8,1.75,4.0,104.3
2015-02-16 13:30:00,4023000.0,993.06,7.61,281.33,0.51,60.63,10.46,6.34,4.12,3.98,6.38,1229.15,1.67,3.92,136.1
2015-02-16 13:40:00,4023600.0,993.05,7.48,281.2,0.41,60.74,10.36,6.29,4.07,3.95,6.34,1229.72,1.98,3.8,102.0
2015-02-16 13:50:00,4024200.0,993.04,7.64,281.36,0.52,60.54,10.48,6.34,4.13,3.98,6.39,1228.99,1.81,3.44,119.0
2015-02-16 14:00:00,4024800.0,992.94,7.62,281.35,0.49,60.5,10.46,6.33,4.13,3.97,6.38,1228.96,1.81,3.14,93.1
2015-02-16 14:10:00,4025400.0,992.85,7.62,281.36,0.56,60.81,10.46,6.36,4.1,4.0,6.41,1228.83,1.91,3.32,100.7
2015-02-16 14:20:00,4026000.0,992.81,8.0,281.74,0.73,59.96,10.74,6.44,4.3,4.04,6.49,1227.09,1.76,3.36,141.8
2015-02-16 14:30:00,4026600.0,992.8,8.21,281.95,0.74,59.17,10.89,6.45,4.45,4.05,6.49,1226.16,1.72,3.36,125.5
2015-02-16 14:40:00,4027200.0,992.75,8.68,282.43,0.87,57.85,11.25,6.51,4.74,4.09,6.55,1224.02,1.3,3.0,128.7
2015-02-16 14:50:00,4027800.0,992.69,8.72,282.47,0.92,57.9,11.28,6.53,4.75,4.1,6.58,1223.76,1.85,3.12,139.1
2015-02-16 15:00:00,4028400.0,992.68,8.89,282.64,0.92,57.26,11.41,6.53,4.88,4.1,6.58,1223.01,1.55,2.6,121.2
2015-02-16 15:10:00,4029000.0,992.68,9.01,282.76,0.9,56.69,11.5,6.52,4.98,4.1,6.57,1222.5,1.92,3.48,113.2
2015-02-16 15:20:00,4029600.0,992.68,9.32,283.07,1.07,56.21,11.74,6.6,5.14,4.15,6.65,1221.12,1.82,3.36,149.8
2015-02-16 15:30:00,4030200.0,992.68,9.33,283.08,1.0,55.87,11.75,6.57,5.19,4.12,6.61,1221.09,1.65,2.98,141.9
2015-02-16 15:40:00,4030800.0,992.62,9.46,283.22,0.99,55.37,11.86,6.56,5.29,4.12,6.61,1220.46,1.7,2.96,118.3
2015-02-16 15:50:00,4031400.0,992.57,9.55,283.31,0.93,54.79,11.93,6.54,5.39,4.11,6.58,1220.02,2.14,3.18,166.6
2015-02-16 16:00:00,4032000.0,992.55,9.37,283.13,0.66,54.39,11.78,6.41,5.37,4.03,6.46,1220.83,2.3,3.94,187.5
2015-02-16 16:10:00,4032600.0,992.63,8.89,282.65,0.47,55.42,11.41,6.32,5.09,3.97,6.37,1223.05,2.54,3.96,183.9
2015-02-16 16:20:00,4033200.0,992.69,8.38,282.13,0.31,56.69,11.02,6.25,4.77,3.92,6.29,1225.37,2.47,3.76,182.9
2015-02-16 16:30:00,4033800.0,992.72,8.11,281.86,0.25,57.49,10.82,6.22,4.6,3.91,6.27,1226.6,2.18,3.2,185.9
2015-02-16 16:40:00,4034400.0,992.8,7.82,281.56,0.11,58.05,10.61,6.16,4.45,3.87,6.2,1227.99,1.74,2.36,189.4
2015-02-16 16:50:00,4035000.0,992.92,7.62,281.35,0.06,58.65,10.46,6.14,4.33,3.85,6.18,1229.03,1.94,3.52,184.6
2015-02-16 17:00:00,4035600.0,993.0,7.42,281.14,0.08,59.53,10.32,6.14,4.18,3.86,6.19,1230.0,2.08,3.32,183.8
2015-02-16 17:10:00,4036200.0,993.04,7.03,280.75,-0.08,60.45,10.05,6.07,3.97,3.81,6.12,1231.79,2.49,3.6,192.6
2015-02-16 17:20:00,4036800.0,993.11,6.78,280.5,-0.27,60.64,9.88,5.99,3.89,3.76,6.03,1233.01,2.43,3.36,196.8
2015-02-16 17:30:00,4037400.0,993.19,6.71,280.41,-0.31,60.77,9.83,5.97,3.85,3.75,6.01,1233.46,2.24,3.42,203.1
2015-02-16 17:40:00,4038000.0,993.3,6.57,280.27,-0.33,61.25,9.74,5.96,3.77,3.74,6.0,1234.18,1.91,2.86,211.2
2015-02-16 17:50:00,4038600.0,993.41,6.43,280.12,-0.33,61.87,9.64,5.96,3.68,3.74,6.0,1234.97,1.88,2.64,201.5
2015-02-16 18:00:00,4039200.0,993.52,6.22,279.9,-0.37,62.58,9.5,5.95,3.56,3.73,5.98,1236.03,1.83,2.6,196.8
2015-02-16 18:10:00,4039800.0,993.65,6.02,279.69,-0.39,63.37,9.37,5.94,3.43,3.73,5.98,1237.09,1.77,2.32,197.3
2015-02-16 18:20:00,4040400.0,993.7,5.94,279.6,-0.4,63.65,9.32,5.93,3.39,3.72,5.97,1237.5,1.42,2.08,187.3
2015-02-16 18:30:00,4041000.0,993.77,5.78,279.44,-0.45,64.11,9.22,5.91,3.31,3.71,5.95,1238.29,1.36,1.96,195.7
2015-02-16 18:40:00,4041600.0,993.89,5.48,279.12,-0.45,65.49,9.02,5.91,3.11,3.71,5.95,1239.8,1.37,2.2,183.2
2015-02-16 18:50:00,4042200.0,993.91,5.22,278.86,-0.46,66.64,8.86,5.91,2.96,3.7,5.94,1240.99,1.26,2.1,176.0
2015-02-16 19:00:00,4042800.0,993.93,5.01,278.65,-0.46,67.63,8.73,5.91,2.83,3.7,5.94,1241.95,1.42,2.12,177.1
2015-02-16 19:10:00,4043400.0,993.94,4.92,278.57,-0.47,67.96,8.68,5.9,2.78,3.7,5.94,1242.34,1.16,2.4,193.3
2015-02-16 19:20:00,4044000.0,993.95,4.77,278.41,-0.51,68.54,8.59,5.89,2.7,3.69,5.92,1243.06,0.93,1.68,212.1
2015-02-16 19:30:00,4044600.0,994.05,4.55,278.19,-0.5,69.59,8.46,5.89,2.57,3.69,5.92,1244.14,0.62,1.76,166.0
2015-02-16 19:40:00,4045200.0,994.11,4.4,278.03,-0.53,70.2,8.37,5.87,2.49,3.68,5.91,1244.92,0.36,0.84,185.5
2015-02-16 19:50:00,4045800.0,994.2,4.17,277.79,-0.58,71.1,8.24,5.86,2.38,3.67,5.89,1246.05,0.98,1.44,200.9
2015-02-16 20:00:00,4046400.0,994.29,3.98,277.59,-0.63,71.8,8.12,5.83,2.29,3.66,5.87,1247.06,1.18,1.72,203.2
2015-02-16 20:10:00,4047000.0,994.32,3.81,277.42,-0.68,72.4,8.03,5.81,2.22,3.64,5.85,1247.86,1.21,1.56,206.2
2015-02-16 20:20:00,4047600.0,994.31,3.73,277.35,-0.66,72.9,7.99,5.82,2.16,3.65,5.85,1248.18,1.37,1.92,210.7
2015-02-16 20:30:00,4048200.0,994.4,3.8,277.41,-0.63,72.7,8.02,5.83,2.19,3.66,5.87,1247.97,1.36,2.04,212.5
2015-02-16 20:40:00,4048800.0,994.44,3.78,277.38,-0.63,72.8,8.01,5.83,2.18,3.66,5.86,1248.12,1.38,2.08,220.5
2015-02-16 20:50:00,4049400.0,994.53,3.55,277.14,-0.71,73.6,7.88,5.8,2.08,3.64,5.83,1249.31,0.92,1.8,194.2
2015-02-16 21:00:00,4050000.0,994.59,3.05,276.64,-0.86,75.4,7.61,5.74,1.87,3.59,5.77,1251.66,1.01,1.54,194.1
2015-02-16 21:10:00,4050600.0,994.65,2.8,276.38,-0.87,76.7,7.47,5.73,1.74,3.59,5.76,1252.9,0.86,1.16,197.3
2015-02-16 21:20:00,4051200.0,994.73,2.62,276.2,-0.85,77.8,7.38,5.74,1.64,3.6,5.77,1253.79,0.37,0.8,189.7
2015-02-16 21:30:00,4051800.0,994.8,2.65,276.22,-0.87,77.5,7.39,5.73,1.66,3.59,5.76,1253.74,0.2,0.54,296.5
2015-02-16 21:40:00,4052400.0,994.89,2.63,276.2,-0.8,78.0,7.38,5.76,1.62,3.61,5.79,1253.92,0.34,0.76,159.8
2015-02-16 21:50:00,4053000.0,994.91,2.12,275.68,-1.18,78.7,7.12,5.6,1.52,3.51,5.63,1256.35,0.43,0.92,180.6
2015-02-16 22:00:00,4053600.0,994.96,1.35,274.91,-1.27,82.6,6.74,5.56,1.17,3.49,5.59,1259.95,1.06,1.8,193.0
2015-02-16 22:10:00,4054200.0,995.08,0.91,274.46,-1.44,84.2,6.53,5.5,1.03,3.44,5.52,1262.15,0.37,0.62,110.5
2015-02-16 22:20:00,4054800.0,995.12,0.6,274.14,-1.62,85.0,6.38,5.42,0.96,3.4,5.45,1263.7,0.29,0.64,144.2
2015-02-16 22:30:00,4055400.0,995.03,0.13,273.68,-1.88,86.3,6.16,5.32,0.84,3.33,5.35,1265.82,0.41,0.66,184.4
2015-02-16 22:40:00,4056000.0,995.12,-0.03,273.51,-1.77,88.0,6.1,5.36,0.73,3.36,5.39,1266.62,0.46,0.8,96.2
2015-02-16 22:50:00,4056600.0,995.14,-0.18,273.37,-1.87,88.3,6.03,5.32,0.71,3.33,5.35,1267.35,0.52,0.84,99.2
2015-02-16 23:00:00,4057200.0,995.21,-0.25,273.28,-1.87,88.8,6.0,5.32,0.67,3.33,5.35,1267.8,0.46,0.96,118.3
2015-02-16 23:10:00,4057800.0,995.28,-0.52,273.01,-2.06,89.3,5.88,5.25,0.63,3.29,5.27,1269.19,0.51,0.96,163.8
2015-02-16 23:20:00,4058400.0,995.33,-0.63,272.89,-2.09,89.8,5.83,5.24,0.59,3.28,5.26,1269.75,0.23,0.48,299.8
2015-02-16 23:30:00,4059000.0,995.38,-0.63,272.89,-2.02,90.3,5.83,5.27,0.57,3.3,5.29,1269.82,0.47,0.68,47.72
2015-02-16 23:40:00,4059600.0,995.44,-0.61,272.91,-2.0,90.2,5.84,5.27,0.57,3.3,5.29,1269.75,0.35,0.6,67.99
2015-02-16 23:50:00,4060200.0,995.4,-0.64,272.88,-2.07,90.0,5.83,5.24,0.58,3.28,5.27,1269.9,0.26,0.48,206.7
2015-02-17 00:00:00,4060800.0,995.47,-0.71,272.81,-2.07,90.4,5.8,5.24,0.56,3.28,5.27,1270.28,0.19,0.4,10.83
2015-02-17 00:10:00,4061400.0,995.49,-0.76,272.75,-2.1,90.6,5.78,5.23,0.54,3.28,5.26,1270.58,0.37,0.64,28.53
2015-02-17 00:20:00,4062000.0,995.52,-0.88,272.63,-2.21,90.6,5.73,5.19,0.54,3.25,5.21,1271.18,0.72,1.24,35.65
2015-02-17 00:30:00,4062600.0,995.65,-1.2,272.3,-2.47,91.0,5.59,5.09,0.5,3.19,5.11,1272.88,0.81,0.96,58.06
2015-02-17 00:40:00,4063200.0,995.8,-1.47,272.02,-2.63,91.7,5.49,5.03,0.46,3.15,5.05,1274.36,0.54,0.88,73.2
2015-02-17 00:50:00,4063800.0,995.91,-1.57,271.91,-2.65,92.3,5.44,5.02,0.42,3.14,5.04,1275.0,0.47,0.96,84.0
2015-02-17 01:00:00,4064400.0,996.0,-1.61,271.86,-2.66,92.5,5.43,5.02,0.41,3.14,5.04,1275.29,0.65,1.2,166.8
2015-02-17 01:10:00,4065000.0,996.01,-1.71,271.76,-2.72,92.8,5.39,5.0,0.39,3.13,5.02,1275.78,0.55,1.28,197.4
2015-02-17 01:20:00,4065600.0,996.01,-1.75,271.72,-2.71,93.1,5.37,5.0,0.37,3.13,5.02,1275.97,0.34,0.64,296.8
2015-02-17 01:30:00,4066200.0,996.0,-1.64,271.83,-2.56,93.4,5.41,5.06,0.36,3.16,5.08,1275.43,0.21,0.56,20.76
2015-02-17 01:40:00,4066800.0,996.06,-1.66,271.81,-2.56,93.5,5.41,5.06,0.35,3.16,5.08,1275.56,0.64,1.08,31.6
2015-02-17 01:50:00,4067400.0,996.18,-1.57,271.89,-2.43,93.8,5.44,5.11,0.34,3.19,5.13,1275.29,0.37,0.8,28.56
2015-02-17 02:00:00,4068000.0,996.3,-1.68,271.77,-2.71,92.6,5.4,5.0,0.4,3.13,5.02,1276.01,0.36,0.52,180.5
2015-02-17 02:10:00,4068600.0,996.42,-2.02,271.42,-3.04,92.7,5.26,4.88,0.38,3.05,4.9,1277.83,0.82,1.44,194.8
2015-02-17 02:20:00,4069200.0,996.51,-1.95,271.48,-2.83,93.7,5.29,4.96,0.33,3.1,4.97,1277.6,1.34,1.6,198.4
2015-02-17 02:30:00,4069800.0,996.52,-1.94,271.49,-2.78,93.9,5.3,4.97,0.32,3.11,4.99,1277.53,1.19,1.6,200.4
2015-02-17 02:40:00,4070400.0,996.59,-2.02,271.4,-2.84,94.1,5.26,4.95,0.31,3.1,4.97,1278.03,0.52,0.84,202.0
2015-02-17 02:50:00,4071000.0,996.66,-2.08,271.34,-2.87,94.3,5.24,4.94,0.3,3.09,4.96,1278.39,0.32,0.6,189.2
2015-02-17 03:00:00,4071600.0,996.71,-1.99,271.42,-2.75,94.5,5.28,4.99,0.29,3.12,5.0,1278.01,0.38,0.62,156.9
2015-02-17 03:10:00,4072200.0,996.74,-2.25,271.16,-3.12,93.7,5.17,4.85,0.33,3.03,4.86,1279.35,0.42,0.68,170.1
2015-02-17 03:20:00,4072800.0,996.71,-2.49,270.92,-3.31,94.1,5.08,4.78,0.3,2.99,4.8,1280.48,0.76,1.2,186.3
2015-02-17 03:30:00,4073400.0,996.8,-2.54,270.87,-3.28,94.6,5.07,4.79,0.27,3.0,4.81,1280.8,0.57,0.96,159.4
2015-02-17 03:40:00,4074000.0,996.93,-2.67,270.73,-3.41,94.6,5.02,4.75,0.27,2.97,4.76,1281.61,0.94,1.36,148.1
2015-02-17 03:50:00,4074600.0,996.99,-2.89,270.5,-3.59,94.9,4.93,4.68,0.25,2.93,4.7,1282.77,0.8,1.64,119.4
2015-02-17 04:00:00,4075200.0,997.04,-2.87,270.52,-3.49,95.4,4.94,4.72,0.23,2.95,4.73,1282.7,0.43,0.76,147.9
2015-02-17 04:10:00,4075800.0,997.1,-2.99,270.4,-3.66,95.1,4.9,4.66,0.24,2.91,4.67,1283.4,1.01,2.0,127.4
2015-02-17 04:20:00,4076400.0,997.13,-3.02,270.37,-3.64,95.4,4.89,4.66,0.22,2.91,4.68,1283.57,0.45,0.84,212.6
2015-02-17 04:30:00,4077000.0,997.19,-3.19,270.19,-3.83,95.3,4.82,4.6,0.23,2.87,4.61,1284.5,0.74,1.04,203.4
2015-02-17 04:40:00,4077600.0,997.25,-3.09,270.28,-3.69,95.6,4.86,4.65,0.21,2.9,4.66,1284.09,0.95,1.28,192.3
2015-02-17 04:50:00,4078200.0,997.44,-3.26,270.1,-3.86,95.6,4.8,4.59,0.21,2.87,4.6,1285.14,0.85,1.6,158.8
2015-02-17 05:00:00,4078800.0,997.53,-3.18,270.17,-3.75,95.8,4.83,4.62,0.2,2.89,4.64,1284.88,0.37,1.04,151.9
2015-02-17 05:10:00,4079400.0,997.55,-3.29,270.06,-3.89,95.6,4.79,4.58,0.21,2.86,4.59,1285.45,0.37,0.84,167.1
2015-02-17 05:20:00,4080000.0,997.66,-3.31,270.03,-3.91,95.6,4.78,4.57,0.21,2.85,4.58,1285.7,0.6,1.4,171.4
2015-02-17 05:30:00,4080600.0,997.71,-3.27,270.07,-3.86,95.7,4.8,4.59,0.21,2.87,4.6,1285.57,0.53,0.88,170.6
2015-02-17 05:40:00,4081200.0,997.83,-3.35,269.98,-3.96,95.5,4.77,4.55,0.21,2.84,4.56,1286.1,0.62,0.92,190.9
2015-02-17 05:50:00,4081800.0,997.93,-3.16,270.16,-3.7,96.0,4.83,4.64,0.19,2.9,4.65,1285.29,0.31,0.74,133.4
2015-02-17 06:00:00,4082400.0,998.05,-3.11,270.2,-3.74,95.4,4.85,4.63,0.22,2.89,4.64,1285.22,0.45,0.9,191.0
2015-02-17 06:10:00,4083000.0,998.16,-2.88,270.42,-3.49,95.5,4.94,4.72,0.22,2.94,4.72,1284.21,0.47,0.8,100.9
2015-02-17 06:20:00,4083600.0,998.25,-3.0,270.3,-3.67,95.1,4.89,4.65,0.24,2.91,4.66,1284.93,0.58,1.16,67.53
2015-02-17 06:30:00,4084200.0,998.36,-3.27,270.02,-3.99,94.7,4.8,4.54,0.25,2.83,4.55,1286.41,0.48,0.88,138.7
2015-02-17 06:40:00,4084800.0,998.5,-3.38,269.89,-4.05,95.1,4.76,4.52,0.23,2.82,4.53,1287.14,0.68,1.16,113.6
2015-02-17 06:50:00,4085400.0,998.61,-3.25,270.01,-3.87,95.5,4.8,4.59,0.22,2.86,4.59,1286.64,0.64,1.72,106.1
2015-02-17 07:00:00,4086000.0,998.81,-3.17,270.08,-3.81,95.3,4.83,4.6,0.23,2.87,4.61,1286.5,0.42,0.88,70.6
2015-02-17 07:10:00,4086600.0,998.92,-3.17,270.08,-3.82,95.2,4.83,4.6,0.23,2.87,4.61,1286.61,0.47,1.08,19.41
2015-02-17 07:20:00,4087200.0,999.06,-2.94,270.29,-3.57,95.4,4.91,4.69,0.23,2.92,4.69,1285.7,0.37,1.2,146.1
2015-02-17 07:30:00,4087800.0,999.3,-2.81,270.41,-3.48,95.1,4.96,4.72,0.24,2.94,4.72,1285.35,0.5,0.96,122.1
2015-02-17 07:40:00,4088400.0,999.45,-2.95,270.26,-3.73,94.3,4.91,4.63,0.28,2.89,4.64,1286.24,0.38,0.64,135.9
2015-02-17 07:50:00,4089000.0,999.61,-3.12,270.07,-3.94,94.0,4.85,4.56,0.29,2.84,4.56,1287.32,0.89,1.52,147.6
2015-02-17 08:00:00,4089600.0,999.91,-3.3,269.87,-4.11,94.1,4.79,4.5,0.28,2.81,4.5,1288.57,0.98,1.6,138.4
2015-02-17 08:10:00,4090200.0,1000.11,-2.91,270.24,-3.65,94.6,4.93,4.66,0.27,2.9,4.66,1286.9,0.49,1.04,92.5
2015-02-17 08:20:00,4090800.0,1000.23,-2.47,270.67,-3.31,93.9,5.09,4.78,0.31,2.98,4.78,1284.9,0.46,0.84,81.9
2015-02-17 08:30:00,4091400.0,1000.36,-1.92,271.21,-2.99,92.3,5.3,4.9,0.41,3.05,4.89,1282.4,0.31,0.66,82.2
2015-02-17 08:40:00,4092000.0,1000.51,-1.17,271.95,-2.64,89.7,5.6,5.03,0.58,3.13,5.02,1279.02,0.23,0.46,83.5
2015-02-17 08:50:00,4092600.0,1000.64,-0.96,272.15,-3.07,85.5,5.69,4.87,0.83,3.03,4.86,1278.28,0.38,0.72,106.0
2015-02-17 09:00:00,4093200.0,1000.78,-0.59,272.51,-2.93,84.1,5.85,4.92,0.93,3.06,4.92,1276.67,0.3,0.84,74.2
2015-02-17 09:10:00,4093800.0,1001.06,-0.85,272.23,-2.97,85.4,5.74,4.9,0.84,3.05,4.9,1278.25,1.57,2.2,19.87
2015-02-17 09:20:00,4094400.0,1001.39,-1.07,271.98,-2.73,88.4,5.65,4.99,0.66,3.11,4.99,1279.67,1.93,3.65,319.7
2015-02-17 09:30:00,4095000.0,1001.68,-1.45,271.58,-2.91,89.7,5.49,4.93,0.57,3.06,4.92,1281.87,1.32,3.08,303.6
2015-02-17 09:40:00,4095600.0,1001.92,-1.81,271.2,-2.91,92.1,5.35,4.93,0.42,3.06,4.92,1283.87,1.43,3.41,332.6
2015-02-17 09:50:00,4096200.0,1002.14,-1.78,271.22,-2.64,93.8,5.36,5.03,0.33,3.13,5.02,1283.96,1.02,1.72,42.92
2015-02-17 10:00:00,4096800.0,1002.27,-1.7,271.28,-2.48,94.4,5.39,5.09,0.3,3.16,5.08,1283.74,0.91,1.84,42.56
2015-02-17 10:10:00,4097400.0,1002.34,-1.53,271.45,-2.24,94.9,5.46,5.18,0.28,3.22,5.17,1282.99,1.13,2.76,358.5
2015-02-17 10:20:00,4098000.0,1002.52,-1.31,271.65,-1.95,95.4,5.55,5.29,0.26,3.29,5.28,1282.11,0.97,2.74,295.3
2015-02-17 10:30:00,4098600.0,1002.65,-0.93,272.03,-1.59,95.2,5.71,5.43,0.27,3.38,5.42,1280.4,0.78,1.7,61.49
2015-02-17 10:40:00,4099200.0,1002.82,-0.54,272.4,-1.27,94.8,5.87,5.57,0.31,3.46,5.55,1278.75,0.77,2.48,188.3
2015-02-17 10:50:00,4099800.0,1002.96,-0.09,272.84,-0.95,93.9,6.07,5.7,0.37,3.54,5.68,1276.77,0.5,0.96,62.76
2015-02-17 11:00:00,4100400.0,1003.14,0.21,273.12,-0.96,91.8,6.2,5.69,0.51,3.54,5.68,1275.58,1.0,2.66,325.6
2015-02-17 11:10:00,4101000.0,1003.25,0.21,273.11,-0.98,91.7,6.2,5.69,0.51,3.53,5.67,1275.73,0.69,1.56,272.2
2015-02-17 11:20:00,4101600.0,1003.31,0.48,273.38,-0.75,91.4,6.32,5.78,0.54,3.59,5.76,1274.5,0.69,1.72,42.27
2015-02-17 11:30:00,4102200.0,1003.43,0.56,273.45,-0.73,91.0,6.36,5.79,0.57,3.6,5.77,1274.27,1.34,3.53,325.2
2015-02-17 11:40:00,4102800.0,1003.57,0.72,273.6,-0.6,90.8,6.44,5.84,0.59,3.63,5.82,1273.66,1.13,3.36,322.6
2015-02-17 11:50:00,4103400.0,1003.74,0.59,273.46,-0.84,90.1,6.37,5.74,0.63,3.57,5.72,1274.56,1.49,4.23,306.7
2015-02-17 12:00:00,4104000.0,1003.75,0.69,273.55,-0.65,90.7,6.42,5.82,0.6,3.62,5.8,1274.08,0.86,2.72,302.2
2015-02-17 12:10:00,4104600.0,1003.87,0.81,273.66,-0.67,89.8,6.48,5.82,0.66,3.61,5.79,1273.67,1.26,2.8,322.1
2015-02-17 12:20:00,4105200.0,1003.96,0.88,273.73,-0.58,89.9,6.51,5.86,0.66,3.64,5.83,1273.4,1.54,3.61,260.2
2015-02-17 12:30:00,4105800.0,1004.08,0.98,273.82,-0.53,89.6,6.56,5.88,0.68,3.65,5.85,1273.09,1.28,3.28,319.1
2015-02-17 12:40:00,4106400.0,1004.2,1.1,273.93,-0.48,89.2,6.61,5.9,0.71,3.66,5.87,1272.71,1.49,3.77,279.6
2015-02-17 12:50:00,4107000.0,1004.28,1.1,273.92,-0.49,89.1,6.61,5.89,0.72,3.66,5.87,1272.81,1.7,4.17,306.9
2015-02-17 13:00:00,4107600.0,1004.42,1.17,273.99,-0.42,89.1,6.65,5.92,0.72,3.68,5.9,1272.63,1.17,3.41,310.8
2015-02-17 13:10:00,4108200.0,1004.51,1.17,273.98,-0.45,88.9,6.65,5.91,0.74,3.67,5.89,1272.74,1.49,3.04,281.8
2015-02-17 13:20:00,4108800.0,1004.68,1.26,274.06,-0.42,88.5,6.69,5.92,0.77,3.68,5.9,1272.52,1.37,3.08,292.8
2015-02-17 13:30:00,4109400.0,1004.73,1.37,274.16,-0.38,88.1,6.75,5.94,0.8,3.69,5.91,1272.09,1.22,2.1,268.2
2015-02-17 13:40:00,4110000.0,1004.83,1.33,274.11,-0.45,87.9,6.73,5.91,0.81,3.67,5.88,1272.43,1.29,2.74,302.2
2015-02-17 13:50:00,4110600.0,1004.85,1.23,274.01,-0.54,87.9,6.68,5.87,0.81,3.64,5.84,1272.91,1.3,3.16,275.1
2015-02-17 14:00:00,4111200.0,1004.85,1.21,273.99,-0.62,87.5,6.67,5.84,0.83,3.62,5.81,1273.02,1.08,2.64,313.9
2015-02-17 14:10:00,4111800.0,1004.85,1.2,273.98,-0.66,87.3,6.67,5.82,0.85,3.61,5.79,1273.07,0.85,2.24,320.7
2015-02-17 14:20:00,4112400.0,1004.98,1.14,273.91,-0.79,86.9,6.63,5.76,0.87,3.57,5.73,1273.58,1.58,3.02,292.1
2015-02-17 14:30:00,4113000.0,1005.1,1.08,273.84,-0.81,87.1,6.61,5.75,0.85,3.57,5.73,1273.99,1.22,2.24,339.8
2015-02-17 14:40:00,4113600.0,1005.1,1.04,273.8,-0.84,87.2,6.59,5.74,0.84,3.56,5.71,1274.2,1.51,3.81,310.3
2015-02-17 14:50:00,4114200.0,1005.25,1.08,273.83,-0.83,87.0,6.61,5.75,0.86,3.56,5.72,1274.18,1.05,2.92,357.9
2015-02-17 15:00:00,4114800.0,1005.44,0.97,273.7,-0.94,87.0,6.55,5.7,0.85,3.53,5.67,1274.97,1.67,2.92,324.6
2015-02-17 15:10:00,4115400.0,1005.65,1.09,273.81,-0.84,86.9,6.61,5.74,0.87,3.56,5.71,1274.66,0.77,1.56,46.66
2015-02-17 15:20:00,4116000.0,1005.86,1.07,273.77,-1.0,86.0,6.6,5.68,0.92,3.52,5.64,1275.05,1.37,4.61,333.6
2015-02-17 15:30:00,4116600.0,1006.0,1.03,273.72,-0.96,86.5,6.58,5.69,0.89,3.53,5.66,1275.42,1.0,2.26,284.9
2015-02-17 15:40:00,4117200.0,1006.08,1.11,273.8,-0.96,86.0,6.62,5.69,0.93,3.53,5.66,1275.12,1.06,2.36,239.7
2015-02-17 15:50:00,4117800.0,1006.18,1.19,273.87,-0.94,85.6,6.66,5.7,0.96,3.53,5.67,1274.86,1.63,3.89,261.8
2015-02-17 16:00:00,4118400.0,1006.34,1.19,273.86,-0.96,85.5,6.66,5.69,0.97,3.53,5.66,1275.07,1.55,2.8,257.7
2015-02-17 16:10:00,4119000.0,1006.44,1.25,273.9,-0.97,85.1,6.69,5.69,1.0,3.52,5.65,1274.95,0.77,2.14,252.4
2015-02-17 16:20:00,4119600.0,1006.55,1.29,273.94,-0.96,84.9,6.71,5.69,1.01,3.53,5.66,1274.88,0.84,1.72,246.7
2015-02-17 16:30:00,4120200.0,1006.63,1.3,273.94,-0.99,84.6,6.71,5.68,1.03,3.52,5.64,1274.95,1.06,2.0,254.7
2015-02-17 16:40:00,4120800.0,1006.78,1.27,273.9,-0.99,84.8,6.7,5.68,1.02,3.52,5.64,1275.27,0.81,2.2,253.0
2015-02-17 16:50:00,4121400.0,1006.88,1.33,273.95,-0.93,84.8,6.73,5.7,1.02,3.53,5.67,1275.11,0.87,2.08,244.6
2015-02-17 17:00:00,4122000.0,1007.07,1.3,273.91,-0.94,84.9,6.71,5.7,1.01,3.53,5.66,1275.48,0.74,1.32,219.0
2015-02-17 17:10:00,4122600.0,1007.33,1.53,274.12,-0.82,84.3,6.82,5.75,1.07,3.56,5.71,1274.73,0.43,1.28,146.2
2015-02-17 17:20:00,4123200.0,1007.41,1.36,273.94,-0.98,84.3,6.74,5.68,1.06,3.52,5.64,1275.65,0.89,1.36,211.6
2015-02-17 17:30:00,4123800.0,1007.47,1.34,273.91,-0.89,85.0,6.73,5.72,1.01,3.54,5.68,1275.82,0.6,1.28,216.2
2015-02-17 17:40:00,4124400.0,1007.69,1.31,273.87,-0.94,84.9,6.72,5.7,1.01,3.53,5.66,1276.24,0.69,1.08,226.4
2015-02-17 17:50:00,4125000.0,1007.9,1.36,273.9,-0.9,84.8,6.74,5.72,1.02,3.54,5.67,1276.26,0.47,1.24,247.0
2015-02-17 18:00:00,4125600.0,1008.05,1.33,273.86,-0.92,84.9,6.73,5.71,1.02,3.53,5.66,1276.61,0.86,1.56,234.2
2015-02-17 18:10:00,4126200.0,1008.22,1.3,273.82,-0.92,85.1,6.71,5.71,1.0,3.53,5.66,1276.96,1.32,1.88,246.8
2015-02-17 18:20:00,4126800.0,1008.27,1.28,273.8,-0.92,85.2,6.7,5.71,0.99,3.53,5.66,1277.09,1.36,1.92,243.3
2015-02-17 18:30:00,4127400.0,1008.4,1.32,273.82,-0.88,85.2,6.72,5.73,0.99,3.54,5.68,1277.1,1.58,2.08,255.9
2015-02-17 18:40:00,4128000.0,1008.52,1.33,273.83,-0.89,85.1,6.73,5.72,1.0,3.54,5.68,1277.18,1.93,3.3,248.7
2015-02-17 18:50:00,4128600.0,1008.53,1.28,273.77,-0.91,85.3,6.7,5.72,0.98,3.53,5.67,1277.46,2.85,3.28,237.7
2015-02-17 19:00:00,4129200.0,1008.67,1.22,273.7,-0.9,85.7,6.67,5.72,0.95,3.53,5.67,1277.9,2.04,3.12,229.2
2015-02-17 19:10:00,4129800.0,1008.92,1.36,273.82,-0.81,85.4,6.74,5.76,0.98,3.56,5.7,1277.55,1.83,2.84,212.0
2015-02-17 19:20:00,4130400.0,1009.17,1.53,273.97,-0.77,84.6,6.82,5.77,1.05,3.57,5.72,1277.06,0.42,1.12,354.5
2015-02-17 19:30:00,4131000.0,1009.37,1.69,274.11,-0.67,84.3,6.9,5.82,1.08,3.59,5.76,1276.56,0.58,1.28,77.5
2015-02-17 19:40:00,4131600.0,1009.41,1.72,274.14,-0.67,84.1,6.92,5.82,1.1,3.59,5.76,1276.47,0.93,1.92,125.9
2015-02-17 19:50:00,4132200.0,1009.53,1.59,274.01,-0.74,84.4,6.85,5.78,1.07,3.57,5.73,1277.23,1.1,2.0,180.8
2015-02-17 20:00:00,4132800.0,1009.72,1.64,274.04,-0.68,84.5,6.88,5.81,1.07,3.59,5.76,1277.21,0.25,0.72,359.4
2015-02-17 20:10:00,4133400.0,1009.81,1.87,274.26,-0.6,83.6,6.99,5.85,1.15,3.61,5.79,1276.26,0.36,0.88,137.1
2015-02-17 20:20:00,4134000.0,1009.86,1.7,274.09,-0.7,84.0,6.91,5.8,1.11,3.58,5.74,1277.14,0.59,1.08,183.9
2015-02-17 20:30:00,4134600.0,1009.94,1.56,273.95,-0.67,85.0,6.84,5.81,1.03,3.59,5.76,1277.86,0.64,1.36,139.2
2015-02-17 20:40:00,4135200.0,1010.12,1.61,273.98,-0.63,85.0,6.86,5.83,1.03,3.6,5.77,1277.88,0.44,0.96,138.2
2015-02-17 20:50:00,4135800.0,1010.28,1.58,273.93,-0.68,84.9,6.85,5.81,1.03,3.59,5.75,1278.23,0.39,0.68,34.46
2015-02-17 21:00:00,4136400.0,1010.45,1.54,273.89,-0.63,85.4,6.83,5.83,1.0,3.6,5.77,1278.59,0.55,0.92,13.96
2015-02-17 21:10:00,4137000.0,1010.51,1.67,274.0,-0.65,84.5,6.89,5.82,1.07,3.59,5.76,1278.11,0.56,0.96,258.1
2015-02-17 21:20:00,4137600.0,1010.6,1.56,273.89,-0.69,84.9,6.84,5.81,1.03,3.58,5.74,1278.72,0.54,0.92,156.9
2015-02-17 21:30:00,4138200.0,1010.74,1.56,273.88,-0.62,85.4,6.84,5.84,1.0,3.6,5.78,1278.9,0.61,1.12,208.0
2015-02-17 21:40:00,4138800.0,1010.9,1.33,273.64,-0.71,86.2,6.73,5.8,0.93,3.58,5.74,1280.15,0.76,1.22,203.3
2015-02-17 21:50:00,4139400.0,1010.91,1.2,273.51,-0.69,87.1,6.67,5.81,0.86,3.58,5.74,1280.77,1.1,1.88,169.0
2015-02-17 22:00:00,4140000.0,1010.98,1.15,273.45,-0.67,87.6,6.64,5.81,0.82,3.59,5.75,1281.12,0.76,1.12,220.8
2015-02-17 22:10:00,4140600.0,1011.05,1.25,273.55,-0.57,87.6,6.69,5.86,0.83,3.61,5.8,1280.7,0.6,1.12,176.3
2015-02-17 22:20:00,4141200.0,1011.19,1.4,273.69,-0.58,86.6,6.76,5.86,0.91,3.61,5.79,1280.18,0.51,1.1,157.1
2015-02-17 22:30:00,4141800.0,1011.29,1.38,273.66,-0.6,86.6,6.75,5.85,0.9,3.6,5.78,1280.41,0.48,0.96,113.4
2015-02-17 22:40:00,4142400.0,1011.35,1.46,273.73,-0.55,86.4,6.79,5.87,0.92,3.62,5.8,1280.11,0.49,1.08,128.8
2015-02-17 22:50:00,4143000.0,1011.36,1.43,273.7,-0.6,86.3,6.77,5.85,0.93,3.6,5.78,1280.27,0.68,1.36,33.93
2015-02-17 23:00:00,4143600.0,1011.36,1.31,273.59,-0.63,86.8,6.72,5.83,0.89,3.59,5.77,1280.82,0.62,1.28,78.0
2015-02-17 23:10:00,4144200.0,1011.46,1.29,273.55,-0.71,86.5,6.71,5.8,0.91,3.57,5.73,1281.08,0.55,0.92,255.2
2015-02-17 23:20:00,4144800.0,1011.48,1.27,273.53,-0.69,86.7,6.7,5.81,0.89,3.58,5.74,1281.19,0.49,0.76,225.1
2015-02-17 23:30:00,4145400.0,1011.48,1.27,273.53,-0.74,86.4,6.7,5.78,0.91,3.57,5.72,1281.21,0.61,0.8,206.1
2015-02-17 23:40:00,4146000.0,1011.51,1.26,273.52,-0.69,86.8,6.69,5.81,0.88,3.58,5.74,1281.27,0.8,1.48,224.5
2015-02-17 23:50:00,4146600.0,1011.56,1.3,273.56,-0.66,86.7,6.71,5.82,0.89,3.59,5.75,1281.14,0.86,1.36,212.1
2015-02-18 00:00:00,4147200.0,1011.62,1.34,273.59,-0.58,87.0,6.73,5.86,0.87,3.61,5.79,1281.02,0.56,1.24,225.0
2015-02-18 00:10:00,4147800.0,1011.68,1.39,273.64,-0.62,86.4,6.76,5.84,0.92,3.6,5.77,1280.85,0.6,1.0,163.9
2015-02-18 00:20:00,4148400.0,1011.71,1.23,273.47,-0.66,87.2,6.68,5.82,0.85,3.59,5.75,1281.68,0.68,1.08,188.5
2015-02-18 00:30:00,4149000.0,1011.82,1.24,273.48,-0.61,87.4,6.68,5.84,0.84,3.6,5.77,1281.75,0.37,1.04,179.4
2015-02-18 00:40:00,4149600.0,1011.82,1.24,273.48,-0.61,87.4,6.68,5.84,0.84,3.6,5.77,1281.72,0.54,0.88,172.2
2015-02-18 00:50:00,4150200.0,1011.85,1.19,273.43,-0.62,87.7,6.66,5.84,0.82,3.6,5.77,1282.02,0.35,0.72,182.1
2015-02-18 01:00:00,4150800.0,1011.91,1.34,273.58,-0.57,87.0,6.73,5.86,0.88,3.61,5.79,1281.36,0.37,0.8,153.8
2015-02-18 01:10:00,4151400.0,1011.86,1.33,273.57,-0.57,87.1,6.73,5.86,0.87,3.61,5.79,1281.36,0.35,0.8,196.7
2015-02-18 01:20:00,4152000.0,1011.91,1.29,273.52,-0.59,87.2,6.71,5.85,0.86,3.6,5.78,1281.61,0.36,0.9,186.7
2015-02-18 01:30:00,4152600.0,1011.99,1.25,273.48,-0.54,87.8,6.69,5.87,0.82,3.62,5.8,1281.87,0.48,1.0,135.6
2015-02-18 01:40:00,4153200.0,1012.09,1.17,273.39,-0.63,87.7,6.65,5.83,0.82,3.59,5.76,1282.4,0.62,1.04,161.1
2015-02-18 01:50:00,4153800.0,1012.1,1.15,273.36,-0.55,88.4,6.64,5.87,0.77,3.61,5.8,1282.52,0.5,0.84,147.1
2015-02-18 02:00:00,4154400.0,1012.2,1.07,273.28,-0.61,88.5,6.6,5.84,0.76,3.6,5.77,1283.04,0.8,1.52,129.7
2015-02-18 02:10:00,4155000.0,1012.25,0.95,273.15,-0.64,89.1,6.54,5.83,0.71,3.59,5.76,1283.66,0.89,1.64,162.5
2015-02-18 02:20:00,4155600.0,1012.23,0.99,273.2,-0.53,89.5,6.56,5.88,0.69,3.62,5.8,1283.4,0.46,0.8,164.4
2015-02-18 02:30:00,4156200.0,1012.28,1.02,273.22,-0.55,89.2,6.58,5.87,0.71,3.61,5.79,1283.36,0.41,1.0,172.3
2015-02-18 02:40:00,4156800.0,1012.22,1.11,273.32,-0.51,88.9,6.62,5.89,0.73,3.62,5.81,1282.83,0.39,0.8,108.2
2015-02-18 02:50:00,4157400.0,1012.22,1.13,273.34,-0.45,89.1,6.63,5.91,0.72,3.64,5.84,1282.71,0.37,0.84,227.3
2015-02-18 03:00:00,4158000.0,1012.19,1.1,273.31,-0.44,89.4,6.61,5.91,0.7,3.64,5.84,1282.84,0.68,1.48,133.0
2015-02-18 03:10:00,4158600.0,1012.1,1.03,273.25,-0.53,89.3,6.58,5.88,0.7,3.62,5.81,1283.07,0.69,1.04,148.2
2015-02-18 03:20:00,4159200.0,1012.12,1.0,273.21,-0.5,89.7,6.57,5.89,0.68,3.63,5.82,1283.24,0.69,1.2,114.5
2015-02-18 03:30:00,4159800.0,1012.04,0.83,273.05,-0.62,90.0,6.49,5.84,0.65,3.6,5.77,1283.95,1.33,2.0,198.1
2015-02-18 03:40:00,4160400.0,1012.09,0.78,273.0,-0.55,90.8,6.46,5.87,0.59,3.61,5.8,1284.23,0.66,1.36,13.19
2015-02-18 03:50:00,4161000.0,1012.11,0.84,273.06,-0.49,90.8,6.49,5.9,0.6,3.63,5.82,1283.95,0.6,1.12,52.03
2015-02-18 04:00:00,4161600.0,1012.09,0.96,273.18,-0.38,90.7,6.55,5.94,0.61,3.66,5.87,1283.34,0.36,0.8,72.3
2015-02-18 04:10:00,4162200.0,1012.12,0.97,273.19,-0.49,89.9,6.55,5.89,0.66,3.63,5.82,1283.37,0.26,0.68,226.5
2015-02-18 04:20:00,4162800.0,1012.26,1.2,273.41,-0.29,89.7,6.67,5.98,0.69,3.68,5.91,1282.4,0.28,0.76,91.6
2015-02-18 04:30:00,4163400.0,1012.4,1.31,273.5,-0.42,88.2,6.71,5.92,0.79,3.65,5.85,1282.13,0.31,0.6,208.7
2015-02-18 04:40:00,4164000.0,1012.46,1.25,273.44,-0.41,88.6,6.69,5.93,0.76,3.65,5.85,1282.45,0.35,0.56,199.8
2015-02-18 04:50:00,4164600.0,1012.46,1.21,273.4,-0.47,88.5,6.67,5.9,0.77,3.63,5.83,1282.66,0.57,1.06,162.0
2015-02-18 05:00:00,4165200.0,1012.46,1.18,273.37,-0.43,88.9,6.66,5.92,0.74,3.64,5.84,1282.78,0.58,1.0,208.2
2015-02-18 05:10:00,4165800.0,1012.53,1.11,273.29,-0.44,89.4,6.62,5.92,0.7,3.64,5.84,1283.24,0.53,1.04,221.5
2015-02-18 05:20:00,4166400.0,1012.59,1.27,273.45,-0.32,89.1,6.7,5.97,0.73,3.67,5.89,1282.51,0.46,0.92,131.1
2015-02-18 05:30:00,4167000.0,1012.67,1.09,273.26,-0.47,89.3,6.61,5.9,0.71,3.63,5.83,1283.49,0.54,0.84,201.0
2015-02-18 05:40:00,4167600.0,1012.71,1.04,273.21,-0.42,89.9,6.59,5.92,0.67,3.65,5.85,1283.76,0.37,0.72,230.9
2015-02-18 05:50:00,4168200.0,1012.7,0.95,273.12,-0.49,90.1,6.54,5.89,0.65,3.63,5.82,1284.21,0.55,0.84,196.1
2015-02-18 06:00:00,4168800.0,1012.71,0.98,273.15,-0.41,90.4,6.56,5.93,0.63,3.65,5.85,1284.05,0.31,0.58,247.0
2015-02-18 06:10:00,4169400.0,1012.68,1.04,273.21,-0.42,89.9,6.59,5.92,0.67,3.64,5.85,1283.73,0.47,0.88,207.0
2015-02-18 06:20:00,4170000.0,1012.61,0.99,273.17,-0.46,90.0,6.56,5.91,0.66,3.64,5.83,1283.9,0.8,1.16,192.9
2015-02-18 06:30:00,4170600.0,1012.66,0.93,273.11,-0.42,90.6,6.54,5.92,0.61,3.65,5.85,1284.21,0.59,1.16,200.6
2015-02-18 06:40:00,4171200.0,1012.72,1.01,273.18,-0.4,90.3,6.57,5.93,0.64,3.65,5.86,1283.93,0.71,1.2,166.2
2015-02-18 06:50:00,4171800.0,1012.8,0.94,273.11,-0.43,90.5,6.54,5.92,0.62,3.64,5.84,1284.34,0.52,1.0,150.0
2015-02-18 07:00:00,4172400.0,1012.72,0.89,273.06,-0.45,90.7,6.52,5.91,0.61,3.64,5.84,1284.48,0.81,1.44,177.1
2015-02-18 07:10:00,4173000.0,1012.73,0.83,273.0,-0.45,91.1,6.49,5.91,0.58,3.64,5.84,1284.77,1.4,1.84,182.6
2015-02-18 07:20:00,4173600.0,1012.83,0.74,272.9,-0.47,91.6,6.44,5.9,0.54,3.63,5.83,1285.34,0.94,1.78,158.3
2015-02-18 07:30:00,4174200.0,1012.93,0.76,272.91,-0.4,91.9,6.45,5.93,0.52,3.65,5.86,1285.36,1.11,2.12,29.48
2015-02-18 07:40:00,4174800.0,1012.84,0.86,273.02,-0.36,91.5,6.5,5.95,0.55,3.66,5.87,1284.75,0.99,2.16,169.7
2015-02-18 07:50:00,4175400.0,1012.85,0.82,272.98,-0.41,91.4,6.48,5.93,0.56,3.65,5.85,1284.96,0.76,1.64,188.6
2015-02-18 08:00:00,4176000.0,1012.95,0.86,273.01,-0.41,91.2,6.5,5.93,0.57,3.65,5.85,1284.93,0.8,2.2,108.7
2015-02-18 08:10:00,4176600.0,1013.08,0.85,272.99,-0.36,91.6,6.49,5.95,0.55,3.66,5.87,1285.14,1.05,1.8,110.9
2015-02-18 08:20:00,4177200.0,1013.14,0.95,273.08,-0.29,91.4,6.54,5.98,0.56,3.68,5.9,1284.73,0.68,1.08,167.1
2015-02-18 08:30:00,4177800.0,1013.16,1.08,273.21,-0.25,90.8,6.6,6.0,0.61,3.69,5.92,1284.14,0.6,1.0,190.5
2015-02-18 08:40:00,4178400.0,1013.23,1.14,273.27,-0.27,90.3,6.63,5.99,0.64,3.68,5.91,1283.95,0.5,0.84,214.7
2015-02-18 08:50:00,4179000.0,1013.37,1.33,273.45,-0.11,90.1,6.72,6.06,0.67,3.73,5.98,1283.2,0.35,0.56,21.46
2015-02-18 09:00:00,4179600.0,1013.48,1.47,273.58,-0.08,89.4,6.79,6.07,0.72,3.74,5.99,1282.66,0.48,0.88,44.57
2015-02-18 09:10:00,4180200.0,1013.57,1.47,273.57,-0.11,89.2,6.79,6.06,0.73,3.73,5.98,1282.8,0.73,1.1,26.77
2015-02-18 09:20:00,4180800.0,1013.64,1.59,273.68,-0.01,89.1,6.85,6.1,0.75,3.75,6.02,1282.31,0.64,0.92,27.83
2015-02-18 09:30:00,4181400.0,1013.68,1.76,273.85,0.12,88.8,6.94,6.16,0.78,3.79,6.08,1281.53,0.38,0.92,26.65
2015-02-18 09:40:00,4182000.0,1013.71,2.07,274.16,0.23,87.6,7.09,6.21,0.88,3.82,6.13,1280.1,0.43,0.92,216.7
2015-02-18 09:50:00,4182600.0,1013.81,2.29,274.37,0.42,87.4,7.21,6.3,0.91,3.87,6.21,1279.16,0.49,0.96,77.0
2015-02-18 10:00:00,4183200.0,1013.91,2.47,274.54,0.49,86.7,7.3,6.33,0.97,3.89,6.24,1278.43,0.9,2.48,290.7
2015-02-18 10:10:00,4183800.0,1013.94,2.36,274.43,0.55,87.8,7.24,6.36,0.88,3.91,6.27,1278.96,1.25,2.24,342.4
2015-02-18 10:20:00,4184400.0,1013.93,2.42,274.49,0.71,88.4,7.27,6.43,0.84,3.95,6.34,1278.63,1.1,2.2,302.2
2015-02-18 10:30:00,4185000.0,1013.89,2.59,274.66,0.79,87.9,7.36,6.47,0.89,3.98,6.38,1277.8,0.48,1.12,246.2
2015-02-18 10:40:00,4185600.0,1013.84,2.75,274.83,0.8,86.9,7.45,6.47,0.98,3.98,6.39,1276.95,0.7,1.44,326.7
2015-02-18 10:50:00,4186200.0,1013.72,2.86,274.95,0.82,86.4,7.51,6.48,1.02,3.99,6.4,1276.31,1.16,1.96,211.6
2015-02-18 11:00:00,4186800.0,1013.65,2.94,275.03,0.83,85.9,7.55,6.49,1.06,3.99,6.4,1275.83,1.47,2.86,256.3
2015-02-18 11:10:00,4187400.0,1013.68,3.04,275.13,0.9,85.8,7.6,6.52,1.08,4.01,6.43,1275.41,1.16,2.22,284.7
2015-02-18 11:20:00,4188000.0,1013.7,3.13,275.22,0.87,85.0,7.65,6.51,1.15,4.0,6.42,1275.01,0.78,2.0,328.3
2015-02-18 11:30:00,4188600.0,1013.61,3.2,275.29,0.82,84.3,7.69,6.48,1.21,3.99,6.4,1274.6,1.32,2.56,307.4
2015-02-18 11:40:00,4189200.0,1013.56,3.29,275.38,0.84,83.9,7.74,6.49,1.25,3.99,6.4,1274.13,1.32,2.52,283.2
2015-02-18 11:50:00,4189800.0,1013.46,3.49,275.59,0.82,82.6,7.85,6.48,1.37,3.99,6.4,1273.07,0.97,2.12,256.5
2015-02-18 12:00:00,4190400.0,1013.44,3.55,275.66,0.76,81.9,7.88,6.46,1.43,3.97,6.37,1272.78,0.92,2.04,256.3
2015-02-18 12:10:00,4191000.0,1013.35,3.43,275.54,0.74,82.5,7.82,6.45,1.37,3.97,6.36,1273.23,0.98,1.96,240.6
2015-02-18 12:20:00,4191600.0,1013.28,3.57,275.68,0.8,82.0,7.89,6.47,1.42,3.98,6.39,1272.5,0.75,1.52,270.8
2015-02-18 12:30:00,4192200.0,1013.16,3.56,275.69,0.77,81.9,7.89,6.46,1.43,3.98,6.38,1272.39,0.87,2.14,279.5
2015-02-18 12:40:00,4192800.0,1013.02,3.36,275.49,0.76,83.0,7.77,6.45,1.32,3.97,6.37,1273.16,1.34,2.62,290.0
2015-02-18 12:50:00,4193400.0,1012.88,3.46,275.61,0.91,83.3,7.83,6.52,1.31,4.02,6.44,1272.46,0.62,1.7,205.8
2015-02-18 13:00:00,4194000.0,1012.83,3.64,275.79,0.81,81.7,7.93,6.48,1.45,3.99,6.4,1271.62,1.18,2.18,296.2
2015-02-18 13:10:00,4194600.0,1012.75,3.7,275.85,0.87,81.7,7.96,6.51,1.46,4.01,6.42,1271.23,0.79,1.68,288.0
2015-02-18 13:20:00,4195200.0,1012.71,3.79,275.95,0.81,80.8,8.02,6.48,1.54,3.99,6.39,1270.77,1.38,2.72,325.7
2015-02-18 13:30:00,4195800.0,1012.63,3.83,276.0,0.7,79.9,8.04,6.43,1.62,3.96,6.35,1270.48,0.92,1.72,290.9
2015-02-18 13:40:00,4196400.0,1012.49,3.9,276.07,0.69,79.5,8.08,6.42,1.66,3.95,6.34,1270.02,0.98,1.96,41.39
2015-02-18 13:50:00,4197000.0,1012.35,3.99,276.17,0.37,77.2,8.13,6.28,1.85,3.86,6.2,1269.5,1.11,2.16,188.3
2015-02-18 14:00:00,4197600.0,1012.21,4.08,276.28,0.44,77.1,8.18,6.31,1.87,3.89,6.23,1268.9,1.52,2.84,184.2
2015-02-18 14:10:00,4198200.0,1012.12,3.87,276.08,0.65,79.4,8.06,6.4,1.66,3.94,6.33,1269.67,1.57,2.68,172.0
2015-02-18 14:20:00,4198800.0,1012.03,3.94,276.15,0.62,78.9,8.1,6.39,1.71,3.94,6.31,1269.28,1.55,2.2,179.0
2015-02-18 14:30:00,4199400.0,1011.92,3.88,276.1,0.77,80.1,8.07,6.46,1.61,3.98,6.38,1269.37,1.17,2.08,182.2
2015-02-18 14:40:00,4200000.0,1011.76,3.94,276.18,0.7,79.3,8.1,6.43,1.68,3.96,6.35,1268.88,1.46,1.96,151.4
2015-02-18 14:50:00,4200600.0,1011.67,4.09,276.33,0.69,78.4,8.19,6.42,1.77,3.96,6.35,1268.09,1.07,1.68,142.7
2015-02-18 15:00:00,4201200.0,1011.58,4.07,276.32,0.51,77.5,8.18,6.34,1.84,3.91,6.27,1268.11,1.46,2.12,143.2
2015-02-18 15:10:00,4201800.0,1011.4,4.03,276.29,0.46,77.5,8.15,6.32,1.83,3.89,6.25,1268.1,1.24,2.2,155.9
2015-02-18 15:20:00,4202400.0,1011.28,4.14,276.41,0.57,77.5,8.21,6.37,1.85,3.93,6.3,1267.43,0.72,1.4,182.5
2015-02-18 15:30:00,4203000.0,1011.23,4.03,276.31,0.15,75.7,8.16,6.17,1.98,3.81,6.11,1267.93,1.23,2.02,227.9
2015-02-18 15:40:00,4203600.0,1011.23,3.91,276.18,-0.01,75.5,8.08,6.1,1.98,3.76,6.03,1268.54,1.2,2.24,250.8
2015-02-18 15:50:00,4204200.0,1011.19,3.87,276.15,0.03,75.9,8.06,6.12,1.94,3.77,6.05,1268.65,1.02,1.76,225.7
2015-02-18 16:00:00,4204800.0,1011.14,3.72,276.01,0.05,76.8,7.98,6.13,1.85,3.78,6.06,1269.25,1.66,2.44,234.1
2015-02-18 16:10:00,4205400.0,1011.07,3.7,275.99,0.08,77.1,7.97,6.14,1.82,3.79,6.08,1269.25,0.95,1.8,249.8
2015-02-18 16:20:00,4206000.0,1010.91,3.71,276.01,0.09,77.1,7.97,6.15,1.83,3.79,6.08,1269.02,1.0,1.54,299.0
2015-02-18 16:30:00,4206600.0,1010.84,3.78,276.09,0.14,77.0,8.01,6.17,1.84,3.81,6.1,1268.58,1.09,1.92,244.0
2015-02-18 16:40:00,4207200.0,1010.78,3.64,275.95,0.05,77.3,7.93,6.13,1.8,3.78,6.06,1269.2,0.99,1.36,236.1
2015-02-18 16:50:00,4207800.0,1010.69,3.6,275.92,0.0,77.2,7.91,6.11,1.8,3.77,6.04,1269.25,0.81,1.12,251.6
2015-02-18 17:00:00,4208400.0,1010.44,3.49,275.83,-0.07,77.4,7.85,6.08,1.77,3.75,6.01,1269.46,1.2,1.64,221.0
2015-02-18 17:10:00,4209000.0,1010.39,3.27,275.61,-0.04,78.8,7.73,6.09,1.64,3.76,6.03,1270.42,1.08,1.52,234.3
2015-02-18 17:20:00,4209600.0,1010.42,3.19,275.54,-0.13,78.7,7.69,6.05,1.64,3.73,5.99,1270.81,0.7,0.92,243.3
2015-02-18 17:30:00,4210200.0,1010.35,3.18,275.53,-0.18,78.5,7.68,6.03,1.65,3.72,5.97,1270.79,0.61,0.74,263.7
2015-02-18 17:40:00,4210800.0,1010.28,3.05,275.4,-0.29,78.6,7.61,5.98,1.63,3.69,5.92,1271.33,0.92,1.66,234.4
2015-02-18 17:50:00,4211400.0,1010.24,2.79,275.14,-0.36,79.7,7.47,5.95,1.52,3.67,5.89,1272.52,1.39,1.56,246.3
2015-02-18 18:00:00,4212000.0,1010.23,2.64,275.0,-0.34,80.6,7.39,5.96,1.43,3.68,5.9,1273.16,1.34,1.72,248.2
2015-02-18 18:10:00,4212600.0,1010.24,2.76,275.11,-0.25,80.5,7.45,6.0,1.45,3.7,5.94,1272.63,0.53,0.96,249.8
2015-02-18 18:20:00,4213200.0,1010.21,2.47,274.83,-0.53,80.5,7.3,5.88,1.42,3.63,5.82,1273.96,0.29,0.8,299.4
2015-02-18 18:30:00,4213800.0,1010.12,2.02,274.39,-0.62,82.6,7.07,5.84,1.23,3.6,5.78,1275.96,0.32,0.76,274.8
2015-02-18 18:40:00,4214400.0,1010.13,1.9,274.27,-0.54,83.8,7.01,5.87,1.14,3.62,5.81,1276.52,1.03,1.48,250.1
2015-02-18 18:50:00,4215000.0,1010.13,1.92,274.29,-0.55,83.6,7.02,5.87,1.15,3.62,5.81,1276.42,1.43,2.0,225.0
2015-02-18 19:00:00,4215600.0,1010.11,1.57,273.94,-0.76,84.4,6.84,5.78,1.07,3.56,5.72,1278.06,1.78,2.16,229.7
2015-02-18 19:10:00,4216200.0,1010.04,1.26,273.64,-0.81,86.0,6.69,5.76,0.94,3.55,5.7,1279.41,1.27,2.2,231.8
2015-02-18 19:20:00,4216800.0,1009.94,1.11,273.49,-0.88,86.5,6.62,5.73,0.89,3.53,5.67,1280.02,1.2,1.56,228.6
2015-02-18 19:30:00,4217400.0,1009.88,0.71,273.11,-1.08,87.7,6.43,5.64,0.79,3.48,5.59,1281.83,1.53,2.16,227.0
2015-02-18 19:40:00,4218000.0,1009.88,0.68,273.08,-1.0,88.4,6.42,5.67,0.74,3.5,5.62,1281.95,1.15,1.76,212.4
2015-02-18 19:50:00,4218600.0,1009.86,0.57,272.96,-1.03,89.0,6.37,5.66,0.7,3.5,5.61,1282.48,1.63,2.12,235.7
2015-02-18 20:00:00,4219200.0,1009.82,0.57,272.97,-1.01,89.1,6.37,5.67,0.69,3.5,5.62,1282.41,1.24,1.72,223.7
2015-02-18 20:10:00,4219800.0,1009.78,0.36,272.76,-1.18,89.3,6.27,5.6,0.67,3.46,5.55,1283.36,0.91,1.48,206.1
2015-02-18 20:20:00,4220400.0,1009.75,0.21,272.61,-1.2,90.2,6.2,5.59,0.61,3.45,5.54,1284.07,0.77,1.48,216.3
2015-02-18 20:30:00,4221000.0,1009.67,0.08,272.49,-1.27,90.6,6.14,5.56,0.58,3.44,5.51,1284.59,1.06,1.64,214.5
2015-02-18 20:40:00,4221600.0,1009.54,-0.17,272.25,-1.56,90.3,6.03,5.45,0.59,3.36,5.4,1285.63,1.77,2.58,218.6
2015-02-18 20:50:00,4222200.0,1009.52,-0.6,271.83,-1.82,91.4,5.85,5.34,0.5,3.3,5.29,1287.68,1.34,2.36,209.5
2015-02-18 21:00:00,4222800.0,1009.59,-0.7,271.72,-1.81,92.1,5.8,5.35,0.46,3.3,5.29,1288.24,0.68,1.22,192.5
2015-02-18 21:10:00,4223400.0,1009.52,-0.78,271.64,-1.85,92.4,5.77,5.33,0.44,3.29,5.28,1288.56,1.1,1.8,196.8
2015-02-18 21:20:00,4224000.0,1009.41,-1.02,271.42,-2.09,92.4,5.67,5.24,0.43,3.23,5.19,1289.58,1.61,2.48,204.5
2015-02-18 21:30:00,4224600.0,1009.3,-1.2,271.24,-2.17,93.1,5.59,5.21,0.39,3.21,5.16,1290.33,0.96,1.6,217.4
2015-02-18 21:40:00,4225200.0,1009.19,-1.34,271.11,-2.29,93.2,5.54,5.16,0.38,3.19,5.11,1290.84,0.87,1.4,160.7
2015-02-18 21:50:00,4225800.0,1009.16,-1.65,270.8,-2.6,93.2,5.41,5.04,0.37,3.11,5.0,1292.37,0.96,1.48,153.8
2015-02-18 22:00:00,4226400.0,1009.16,-1.69,270.77,-2.53,93.9,5.4,5.07,0.33,3.13,5.02,1292.51,0.51,1.34,163.3
2015-02-18 22:10:00,4227000.0,1009.12,-1.77,270.68,-2.61,94.0,5.36,5.04,0.32,3.11,4.99,1292.89,0.7,1.4,204.6
2015-02-18 22:20:00,4227600.0,1008.9,-1.74,270.73,-2.53,94.3,5.37,5.07,0.31,3.13,5.02,1292.46,1.12,1.76,186.4
2015-02-18 22:30:00,4228200.0,1008.88,-1.75,270.73,-2.52,94.4,5.37,5.07,0.3,3.13,5.03,1292.46,0.82,1.8,138.5
2015-02-18 22:40:00,4228800.0,1008.77,-1.84,270.64,-2.67,94.0,5.34,5.02,0.32,3.1,4.97,1292.77,0.93,1.72,183.9
2015-02-18 22:50:00,4229400.0,1008.64,-2.04,270.46,-2.84,94.2,5.26,4.95,0.3,3.06,4.91,1293.57,1.05,2.04,201.0
2015-02-18 23:00:00,4230000.0,1008.66,-2.02,270.48,-2.75,94.7,5.27,4.99,0.28,3.08,4.94,1293.49,0.41,1.08,202.2
2015-02-18 23:10:00,4230600.0,1008.55,-2.12,270.39,-2.85,94.7,5.23,4.95,0.28,3.06,4.91,1293.83,0.74,1.2,171.1
2015-02-18 23:20:00,4231200.0,1008.55,-2.01,270.49,-2.67,95.2,5.27,5.02,0.25,3.1,4.97,1293.28,0.31,0.64,20.97
2015-02-18 23:30:00,4231800.0,1008.48,-1.88,270.63,-2.58,94.9,5.32,5.05,0.27,3.12,5.01,1292.57,0.79,1.84,209.0
2015-02-18 23:40:00,4232400.0,1008.39,-1.92,270.6,-2.65,94.7,5.31,5.02,0.28,3.1,4.98,1292.64,0.74,1.52,209.3
2015-02-18 23:50:00,4233000.0,1008.31,-1.88,270.64,-2.6,94.8,5.32,5.04,0.28,3.12,5.0,1292.36,0.57,1.0,274.6
2015-02-19 00:00:00,4233600.0,1008.26,-1.79,270.74,-2.52,94.7,5.36,5.07,0.28,3.13,5.03,1291.84,0.5,1.16,200.4
2015-02-19 00:10:00,4234200.0,1008.26,-1.82,270.71,-2.58,94.5,5.34,5.05,0.29,3.12,5.01,1291.99,0.98,1.46,233.7
2015-02-19 00:20:00,4234800.0,1008.32,-1.81,270.71,-2.59,94.3,5.35,5.04,0.3,3.12,5.0,1292.02,1.12,1.68,216.0
2015-02-19 00:30:00,4235400.0,1008.19,-1.76,270.77,-2.57,94.2,5.37,5.05,0.31,3.12,5.01,1291.64,1.03,1.36,212.4
2015-02-19 00:40:00,4236000.0,1008.06,-1.84,270.69,-2.69,93.9,5.33,5.01,0.33,3.1,4.97,1291.88,1.41,2.08,218.6
2015-02-19 00:50:00,4236600.0,1007.97,-1.9,270.64,-2.73,94.0,5.31,4.99,0.32,3.09,4.95,1292.06,1.85,2.32,233.7
2015-02-19 01:00:00,4237200.0,1007.87,-2.01,270.54,-2.88,93.7,5.27,4.94,0.33,3.05,4.9,1292.46,1.93,2.48,226.1
2015-02-19 01:10:00,4237800.0,1007.78,-2.06,270.5,-2.9,93.9,5.25,4.93,0.32,3.05,4.89,1292.57,1.04,1.96,197.8
2015-02-19 01:20:00,4238400.0,1007.61,-2.15,270.43,-2.99,93.9,5.22,4.9,0.32,3.03,4.86,1292.8,0.68,1.12,158.1
2015-02-19 01:30:00,4239000.0,1007.52,-2.23,270.35,-3.03,94.2,5.18,4.88,0.3,3.02,4.84,1293.11,1.02,1.44,196.9
2015-02-19 01:40:00,4239600.0,1007.39,-2.28,270.31,-3.08,94.2,5.16,4.86,0.3,3.01,4.83,1293.19,0.95,1.5,181.1
2015-02-19 01:50:00,4240200.0,1007.48,-2.46,270.12,-3.26,94.2,5.09,4.8,0.3,2.97,4.76,1294.18,0.82,1.52,168.5
2015-02-19 02:00:00,4240800.0,1007.41,-2.61,269.98,-3.35,94.6,5.04,4.77,0.27,2.95,4.73,1294.8,1.05,1.88,185.1
2015-02-19 02:10:00,4241400.0,1007.28,-2.73,269.87,-3.44,94.8,4.99,4.73,0.26,2.93,4.7,1295.25,1.21,1.68,195.2
2015-02-19 02:20:00,4242000.0,1007.16,-2.79,269.82,-3.43,95.3,4.97,4.74,0.23,2.93,4.7,1295.37,0.78,1.72,199.1
2015-02-19 02:30:00,4242600.0,1006.95,-2.84,269.78,-3.5,95.2,4.95,4.71,0.24,2.92,4.68,1295.36,0.55,0.8,177.2
2015-02-19 02:40:00,4243200.0,1006.86,-3.09,269.54,-3.77,95.0,4.86,4.62,0.24,2.86,4.59,1296.5,0.53,1.08,177.0
2015-02-19 02:50:00,4243800.0,1006.71,-3.24,269.4,-3.87,95.4,4.81,4.58,0.22,2.84,4.55,1297.04,1.1,1.48,183.9
2015-02-19 03:00:00,4244400.0,1006.64,-3.01,269.64,-3.55,96.0,4.89,4.69,0.2,2.91,4.66,1295.77,0.69,1.32,187.9
2015-02-19 03:10:00,4245000.0,1006.62,-2.89,269.76,-3.48,95.7,4.93,4.72,0.21,2.92,4.69,1295.16,0.55,1.6,194.5
2015-02-19 03:20:00,4245600.0,1006.57,-2.87,269.79,-3.46,95.7,4.94,4.73,0.21,2.93,4.7,1295.0,0.39,0.88,148.8
2015-02-19 03:30:00,4246200.0,1006.5,-2.83,269.83,-3.42,95.7,4.96,4.74,0.21,2.94,4.71,1294.72,0.42,0.84,243.2
2015-02-19 03:40:00,4246800.0,1006.33,-2.73,269.94,-3.34,95.5,4.99,4.77,0.22,2.95,4.74,1293.99,0.77,1.08,210.4
2015-02-19 03:50:00,4247400.0,1006.2,-3.15,269.53,-3.92,94.4,4.84,4.57,0.27,2.83,4.54,1295.94,1.1,1.28,210.1
2015-02-19 04:00:00,4248000.0,1006.17,-3.52,269.16,-4.18,95.2,4.7,4.48,0.23,2.77,4.45,1297.74,1.25,1.92,201.3
2015-02-19 04:10:00,4248600.0,1006.02,-3.4,269.29,-4.01,95.5,4.75,4.53,0.21,2.81,4.51,1296.95,0.93,1.28,212.9
2015-02-19 04:20:00,4249200.0,1005.93,-3.45,269.25,-4.08,95.4,4.73,4.51,0.22,2.8,4.49,1297.07,0.65,1.12,170.5
2015-02-19 04:30:00,4249800.0,1005.91,-3.72,268.99,-4.36,95.3,4.64,4.42,0.22,2.74,4.39,1298.39,0.64,1.08,148.0
2015-02-19 04:40:00,4250400.0,1005.86,-3.82,268.89,-4.42,95.6,4.6,4.4,0.2,2.72,4.37,1298.82,0.56,0.96,144.9
2015-02-19 04:50:00,4251000.0,1005.75,-3.86,268.86,-4.44,95.7,4.59,4.39,0.2,2.72,4.37,1298.86,0.59,0.96,195.8
2015-02-19 05:00:00,4251600.0,1005.71,-3.89,268.83,-4.47,95.7,4.58,4.38,0.2,2.71,4.36,1298.96,0.68,0.94,192.8
2015-02-19 05:10:00,4252200.0,1005.69,-4.01,268.72,-4.6,95.6,4.54,4.34,0.2,2.69,4.31,1299.52,0.61,0.92,169.6
2015-02-19 05:20:00,4252800.0,1005.56,-4.18,268.55,-4.79,95.5,4.48,4.28,0.2,2.65,4.25,1300.23,0.44,0.72,191.0
2015-02-19 05:30:00,4253400.0,1005.47,-3.81,268.93,-4.28,96.5,4.6,4.44,0.16,2.75,4.42,1298.25,0.61,1.82,173.5
2015-02-19 05:40:00,4254000.0,1005.43,-3.48,269.27,-4.03,95.9,4.72,4.53,0.19,2.81,4.5,1296.54,1.0,2.0,159.9
2015-02-19 05:50:00,4254600.0,1005.32,-3.51,269.24,-4.11,95.6,4.71,4.5,0.21,2.79,4.48,1296.59,0.85,1.5,185.4
2015-02-19 06:00:00,4255200.0,1005.14,-3.39,269.38,-3.94,95.9,4.75,4.56,0.19,2.83,4.54,1295.72,0.58,1.32,143.8
2015-02-19 06:10:00,4255800.0,1005.11,-3.3,269.47,-3.93,95.4,4.78,4.56,0.22,2.83,4.54,1295.26,0.63,0.96,145.7
2015-02-19 06:20:00,4256400.0,1005.08,-3.35,269.42,-3.99,95.3,4.77,4.54,0.22,2.82,4.52,1295.5,0.69,1.0,161.1
2015-02-19 06:30:00,4257000.0,1005.04,-3.53,269.25,-4.19,95.1,4.7,4.47,0.23,2.77,4.45,1296.3,0.62,1.04,194.5
2015-02-19 06:40:00,4257600.0,1004.97,-3.41,269.36,-4.04,95.4,4.74,4.53,0.22,2.81,4.5,1295.65,0.8,1.52,186.4
2015-02-19 06:50:00,4258200.0,1004.86,-3.36,269.43,-4.01,95.2,4.76,4.54,0.23,2.81,4.51,1295.23,0.46,1.06,195.5
2015-02-19 07:00:00,4258800.0,1004.65,-3.27,269.53,-3.93,95.2,4.79,4.56,0.23,2.83,4.54,1294.54,0.78,1.16,214.5
2015-02-19 07:10:00,4259400.0,1004.61,-3.27,269.54,-3.97,94.8,4.8,4.55,0.25,2.82,4.53,1294.46,0.88,1.44,219.5
2015-02-19 07:20:00,4260000.0,1004.61,-3.15,269.66,-3.86,94.8,4.84,4.59,0.25,2.85,4.57,1293.86,1.29,1.82,210.9
2015-02-19 07:30:00,4260600.0,1004.53,-3.12,269.69,-3.92,94.2,4.85,4.57,0.28,2.83,4.55,1293.66,1.19,1.52,185.8
2015-02-19 07:40:00,4261200.0,1004.49,-3.01,269.8,-3.86,93.8,4.89,4.59,0.3,2.84,4.57,1293.08,1.03,1.48,214.3
2015-02-19 07:50:00,4261800.0,1004.49,-3.0,269.81,-3.91,93.4,4.89,4.57,0.32,2.84,4.55,1293.02,1.02,1.4,214.7
2015-02-19 08:00:00,4262400.0,1004.47,-2.77,270.04,-3.77,92.8,4.98,4.62,0.36,2.87,4.6,1291.87,1.24,1.72,217.6
2015-02-19 08:10:00,4263000.0,1004.43,-2.5,270.32,-3.6,92.1,5.08,4.68,0.4,2.9,4.66,1290.49,1.05,1.56,205.1
2015-02-19 08:20:00,4263600.0,1004.4,-1.88,270.94,-3.19,90.7,5.32,4.82,0.49,2.99,4.8,1287.45,0.53,1.12,176.6
2015-02-19 08:30:00,4264200.0,1004.39,-1.23,271.59,-3.2,86.4,5.58,4.82,0.76,2.99,4.8,1284.37,0.51,0.92,139.8
2015-02-19 08:40:00,4264800.0,1004.35,-1.06,271.76,-3.36,84.3,5.65,4.76,0.89,2.96,4.74,1283.53,0.48,0.96,201.3
2015-02-19 08:50:00,4265400.0,1004.28,-0.58,272.25,-3.03,83.4,5.85,4.88,0.97,3.03,4.86,1281.12,0.44,0.84,162.1
2015-02-19 09:00:00,4266000.0,1004.24,-0.09,272.74,-2.91,81.2,6.07,4.93,1.14,3.06,4.91,1278.74,0.38,0.96,162.6
2015-02-19 09:10:00,4266600.0,1004.2,0.23,273.06,-3.03,78.6,6.21,4.88,1.33,3.03,4.86,1277.24,0.52,0.76,145.6
2015-02-19 09:20:00,4267200.0,1004.14,-0.03,272.81,-3.11,79.6,6.1,4.85,1.24,3.01,4.83,1278.35,0.64,1.08,164.4
2015-02-19 09:30:00,4267800.0,1004.03,-0.01,272.83,-2.9,80.8,6.1,4.93,1.17,3.06,4.91,1278.11,0.48,1.0,162.5
2015-02-19 09:40:00,4268400.0,1003.89,0.62,273.47,-2.72,78.2,6.39,5.0,1.39,3.1,4.98,1274.97,0.44,0.92,160.4
2015-02-19 09:50:00,4269000.0,1003.87,0.93,273.78,-2.56,77.4,6.53,5.06,1.48,3.14,5.04,1273.47,0.64,1.2,141.1
2015-02-19 10:00:00,4269600.0,1003.85,0.78,273.64,-2.56,78.2,6.47,5.06,1.41,3.14,5.04,1274.12,0.84,1.72,129.0
2015-02-19 10:10:00,4270200.0,1003.78,1.08,273.94,-2.31,78.0,6.6,5.15,1.45,3.2,5.13,1272.62,0.71,1.54,141.6
2015-02-19 10:20:00,4270800.0,1003.74,1.31,274.18,-2.24,77.1,6.72,5.18,1.54,3.22,5.16,1271.48,0.76,1.64,124.6
2015-02-19 10:30:00,4271400.0,1003.73,1.79,274.66,-2.01,75.8,6.95,5.27,1.68,3.27,5.25,1269.2,0.81,1.52,137.7
2015-02-19 10:40:00,4272000.0,1003.62,1.93,274.8,-1.82,76.1,7.02,5.34,1.68,3.32,5.32,1268.38,1.17,2.08,145.3
2015-02-19 10:50:00,4272600.0,1003.61,2.19,275.07,-1.67,75.5,7.16,5.4,1.75,3.35,5.38,1267.14,1.21,2.46,123.5
2015-02-19 11:00:00,4273200.0,1003.52,2.75,275.63,-1.26,74.8,7.44,5.57,1.88,3.46,5.55,1264.39,0.73,1.96,136.0
2015-02-19 11:10:00,4273800.0,1003.47,3.65,276.53,-1.14,70.8,7.94,5.62,2.32,3.49,5.6,1260.2,1.03,1.96,162.4
2015-02-19 11:20:00,4274400.0,1003.38,4.31,277.2,-0.98,68.37,8.32,5.69,2.63,3.53,5.67,1257.02,0.92,1.72,155.0
2015-02-19 11:30:00,4275000.0,1003.31,4.56,277.46,-1.04,66.83,8.47,5.66,2.81,3.51,5.64,1255.82,1.39,2.6,154.1
2015-02-19 11:40:00,4275600.0,1003.15,4.73,277.64,-1.09,65.85,8.56,5.64,2.92,3.5,5.62,1254.89,1.58,2.84,158.6
2015-02-19 11:50:00,4276200.0,1003.0,4.77,277.69,-1.15,65.36,8.59,5.61,2.97,3.49,5.6,1254.53,1.34,2.04,150.6
2015-02-19 12:00:00,4276800.0,1002.84,4.98,277.91,-1.08,64.75,8.72,5.64,3.07,3.51,5.63,1253.36,1.69,2.84,129.7
2015-02-19 12:10:00,4277400.0,1002.63,5.41,278.36,-1.1,62.73,8.98,5.64,3.35,3.5,5.62,1251.15,2.12,3.48,148.4
2015-02-19 12:20:00,4278000.0,1002.4,5.67,278.64,-1.16,61.3,9.15,5.61,3.54,3.49,5.59,1249.69,2.21,3.42,161.0
2015-02-19 12:30:00,4278600.0,1002.18,6.17,279.16,-1.11,59.44,9.47,5.63,3.84,3.5,5.62,1247.17,2.47,3.48,199.6
2015-02-19 12:40:00,4279200.0,1002.04,6.42,279.42,-1.21,58.01,9.63,5.59,4.05,3.48,5.58,1245.93,2.95,5.05,209.9
2015-02-19 12:50:00,4279800.0,1001.88,6.86,279.87,-1.23,56.2,9.93,5.58,4.35,3.47,5.57,1243.78,3.1,4.77,203.0
2015-02-19 13:00:00,4280400.0,1001.66,6.96,279.99,-1.47,54.84,10.0,5.49,4.52,3.41,5.48,1243.09,3.35,4.97,196.5
2015-02-19 13:10:00,4281000.0,1001.39,6.95,279.99,-1.83,53.46,9.99,5.34,4.65,3.32,5.33,1242.89,4.15,5.13,191.5
2015-02-19 13:20:00,4281600.0,1001.22,7.0,280.06,-2.05,52.39,10.03,5.25,4.77,3.27,5.25,1242.48,4.94,6.61,206.6
2015-02-19 13:30:00,4282200.0,1001.14,7.1,280.17,-1.99,52.26,10.1,5.28,4.82,3.28,5.27,1241.92,3.71,6.57,197.3
2015-02-19 13:40:00,4282800.0,1001.05,7.33,280.41,-1.95,51.6,10.26,5.29,4.96,3.3,5.29,1240.79,4.48,6.49,214.0
2015-02-19 13:50:00,4283400.0,1000.99,7.47,280.55,-2.18,50.24,10.36,5.2,5.15,3.24,5.2,1240.13,3.12,5.25,217.7
2015-02-19 14:00:00,4284000.0,1000.83,7.54,280.63,-1.31,53.31,10.41,5.55,4.86,3.45,5.54,1239.47,3.12,5.13,185.5
2015-02-19 14:10:00,4284600.0,1000.66,7.28,280.39,-0.96,55.69,10.22,5.69,4.53,3.55,5.69,1240.35,3.33,5.85,170.0
2015-02-19 14:20:00,4285200.0,1000.64,7.09,280.2,-0.92,56.6,10.09,5.71,4.38,3.56,5.71,1241.14,2.92,5.53,174.3
2015-02-19 14:30:00,4285800.0,1000.5,6.5,279.62,-0.93,58.93,9.69,5.71,3.98,3.56,5.7,1243.61,3.21,5.53,156.7
2015-02-19 14:40:00,4286400.0,1000.34,6.4,279.53,-1.02,58.91,9.62,5.67,3.95,3.53,5.67,1243.85,3.44,6.33,158.9
2015-02-19 14:50:00,4287000.0,1000.2,5.83,278.97,-1.23,60.36,9.25,5.58,3.67,3.48,5.58,1246.26,4.9,6.93,149.1
2015-02-19 15:00:00,4287600.0,1000.07,5.76,278.92,-1.19,60.8,9.21,5.6,3.61,3.49,5.6,1246.39,3.89,5.93,161.6
2015-02-19 15:10:00,4288200.0,999.95,5.82,278.98,-1.22,60.44,9.24,5.58,3.66,3.48,5.58,1246.02,4.05,6.45,157.4
2015-02-19 15:20:00,4288800.0,999.87,5.99,279.16,-1.12,60.15,9.35,5.62,3.73,3.51,5.63,1245.12,3.43,6.13,163.2
2015-02-19 15:30:00,4289400.0,999.87,6.39,279.56,-1.04,58.85,9.61,5.66,3.96,3.53,5.66,1243.32,2.4,3.92,186.1
2015-02-19 15:40:00,4290000.0,999.71,6.29,279.47,-1.24,58.44,9.55,5.58,3.97,3.48,5.58,1243.62,3.87,5.93,176.6
2015-02-19 15:50:00,4290600.0,999.67,5.67,278.86,-1.51,59.79,9.15,5.47,3.68,3.41,5.47,1246.37,3.96,5.31,172.1
2015-02-19 16:00:00,4291200.0,999.66,5.26,278.44,-1.65,60.91,8.89,5.41,3.47,3.37,5.41,1248.24,3.97,6.45,168.0
2015-02-19 16:10:00,4291800.0,999.64,4.32,277.51,-1.92,63.72,8.32,5.3,3.02,3.31,5.31,1252.46,3.85,6.65,163.0
2015-02-19 16:20:00,4292400.0,999.57,3.66,276.86,-2.04,66.16,7.95,5.26,2.69,3.28,5.26,1255.39,3.77,6.29,159.7
2015-02-19 16:30:00,4293000.0,999.55,3.49,276.68,-2.02,67.08,7.85,5.26,2.58,3.28,5.27,1256.16,2.41,4.81,160.6
2015-02-19 16:40:00,4293600.0,999.47,3.32,276.53,-2.12,67.36,7.76,5.23,2.53,3.26,5.23,1256.81,3.33,5.45,160.0
2015-02-19 16:50:00,4294200.0,999.34,2.81,276.02,-2.27,69.1,7.48,5.17,2.31,3.22,5.17,1259.02,3.51,5.79,158.2
2015-02-19 17:00:00,4294800.0,999.33,2.18,275.39,-2.55,70.8,7.15,5.06,2.09,3.16,5.07,1261.94,3.91,6.57,150.3
2015-02-19 17:10:00,4295400.0,999.32,1.42,274.64,-2.86,73.0,6.77,4.94,1.83,3.08,4.95,1265.45,4.22,7.09,151.0
2015-02-19 17:20:00,4296000.0,999.21,0.81,274.03,-3.09,75.0,6.48,4.86,1.62,3.03,4.86,1268.18,4.81,7.89,154.1
2015-02-19 17:30:00,4296600.0,999.18,0.43,273.66,-3.16,76.7,6.3,4.83,1.47,3.01,4.84,1269.92,4.23,6.45,159.9
2015-02-19 17:40:00,4297200.0,999.1,0.05,273.28,-3.31,78.0,6.13,4.78,1.35,2.98,4.79,1271.6,4.9,7.61,160.5
2015-02-19 17:50:00,4297800.0,999.11,-0.14,273.09,-3.34,78.9,6.05,4.77,1.28,2.98,4.77,1272.52,5.29,6.79,160.7
2015-02-19 18:00:00,4298400.0,999.01,-0.23,273.01,-3.43,78.9,6.01,4.74,1.27,2.96,4.74,1272.83,5.03,7.17,166.4
2015-02-19 18:10:00,4299000.0,999.01,-0.37,272.87,-3.58,78.8,5.95,4.68,1.26,2.92,4.69,1273.5,4.12,6.09,177.0
2015-02-19 18:20:00,4299600.0,998.95,-0.54,272.7,-3.75,78.8,5.87,4.63,1.24,2.89,4.63,1274.26,4.52,5.97,172.8
2015-02-19 18:30:00,4300200.0,999.0,-0.73,272.51,-3.88,79.1,5.79,4.58,1.21,2.86,4.59,1275.21,4.45,6.13,172.6
2015-02-19 18:40:00,4300800.0,998.95,-0.97,272.27,-4.04,79.6,5.69,4.53,1.16,2.82,4.53,1276.33,4.19,5.77,175.7
2015-02-19 18:50:00,4301400.0,998.78,-1.25,272.01,-4.13,80.6,5.57,4.49,1.08,2.8,4.5,1277.4,4.45,6.47,179.6
2015-02-19 19:00:00,4302000.0,998.67,-1.42,271.85,-4.14,81.6,5.5,4.49,1.01,2.8,4.5,1278.07,4.1,6.17,179.8
2015-02-19 19:10:00,4302600.0,998.65,-1.53,271.73,-4.16,82.2,5.46,4.49,0.97,2.8,4.49,1278.59,4.11,6.21,181.8
2015-02-19 19:20:00,4303200.0,998.57,-1.61,271.66,-4.2,82.4,5.43,4.47,0.96,2.79,4.48,1278.84,4.04,6.89,184.0
2015-02-19 19:30:00,4303800.0,998.49,-1.59,271.69,-4.21,82.2,5.44,4.47,0.97,2.79,4.48,1278.65,4.0,6.49,174.0
2015-02-19 19:40:00,4304400.0,998.3,-1.59,271.71,-4.24,82.0,5.44,4.46,0.98,2.78,4.47,1278.4,3.97,5.97,176.6
2015-02-19 19:50:00,4305000.0,998.2,-1.61,271.69,-4.24,82.1,5.43,4.46,0.97,2.78,4.46,1278.38,3.34,4.45,182.5
2015-02-19 20:00:00,4305600.0,998.08,-1.67,271.64,-4.27,82.3,5.4,4.45,0.96,2.78,4.45,1278.53,2.89,4.69,181.7
2015-02-19 20:10:00,4306200.0,997.99,-1.72,271.6,-4.3,82.4,5.38,4.44,0.95,2.77,4.44,1278.64,3.15,4.93,185.5
2015-02-19 20:20:00,4306800.0,997.97,-1.79,271.53,-4.37,82.4,5.35,4.41,0.94,2.75,4.42,1278.96,3.36,4.61,193.2
2015-02-19 20:30:00,4307400.0,997.97,-1.8,271.51,-4.39,82.4,5.35,4.41,0.94,2.75,4.42,1279.03,2.81,3.85,183.3
2015-02-19 20:40:00,4308000.0,997.83,-1.8,271.52,-4.37,82.5,5.35,4.41,0.94,2.76,4.42,1278.85,2.87,4.07,174.8
2015-02-19 20:50:00,4308600.0,997.78,-1.8,271.53,-4.37,82.5,5.35,4.41,0.94,2.76,4.42,1278.78,2.49,3.43,171.9
2015-02-19 21:00:00,4309200.0,997.75,-1.87,271.47,-4.38,82.8,5.33,4.41,0.92,2.75,4.42,1279.03,1.68,2.88,170.6
2015-02-19 21:10:00,4309800.0,997.77,-1.92,271.41,-4.43,82.9,5.3,4.4,0.91,2.74,4.41,1279.35,1.61,2.2,184.7
2015-02-19 21:20:00,4310400.0,997.69,-2.06,271.28,-4.53,83.1,5.25,4.36,0.89,2.72,4.37,1279.91,1.67,2.26,182.3
2015-02-19 21:30:00,4311000.0,997.63,-2.25,271.09,-4.63,83.6,5.18,4.33,0.85,2.7,4.34,1280.74,1.5,2.1,194.0
2015-02-19 21:40:00,4311600.0,997.61,-2.24,271.1,-4.58,83.9,5.18,4.34,0.83,2.71,4.36,1280.66,1.44,2.0,190.9
2015-02-19 21:50:00,4312200.0,997.7,-2.21,271.12,-4.58,83.7,5.19,4.34,0.85,2.71,4.35,1280.65,1.37,1.92,186.7
2015-02-19 22:00:00,4312800.0,997.69,-2.21,271.13,-4.65,83.3,5.19,4.32,0.87,2.7,4.33,1280.64,1.08,1.88,168.5
2015-02-19 22:10:00,4313400.0,997.64,-2.34,271.0,-4.72,83.6,5.14,4.3,0.84,2.68,4.31,1281.2,1.01,1.64,223.1
2015-02-19 22:20:00,4314000.0,997.55,-2.31,271.04,-4.74,83.3,5.15,4.29,0.86,2.68,4.3,1280.95,0.92,1.4,208.3
2015-02-19 22:30:00,4314600.0,997.55,-2.29,271.06,-4.77,83.0,5.16,4.28,0.88,2.67,4.29,1280.87,1.49,2.24,208.6
2015-02-19 22:40:00,4315200.0,997.57,-2.45,270.9,-4.86,83.4,5.1,4.25,0.85,2.66,4.26,1281.64,1.19,1.88,207.0
2015-02-19 22:50:00,4315800.0,997.46,-2.56,270.8,-4.89,83.9,5.06,4.24,0.81,2.65,4.25,1282.02,1.37,2.2,200.5
2015-02-19 23:00:00,4316400.0,997.43,-2.52,270.84,-4.85,83.9,5.07,4.26,0.82,2.66,4.27,1281.77,1.67,2.32,199.8
2015-02-19 23:10:00,4317000.0,997.44,-2.59,270.77,-4.93,83.8,5.05,4.23,0.82,2.64,4.24,1282.14,1.33,1.76,202.6
2015-02-19 23:20:00,4317600.0,997.34,-2.65,270.72,-4.9,84.4,5.02,4.24,0.78,2.65,4.25,1282.28,1.85,2.68,196.3
2015-02-19 23:30:00,4318200.0,997.17,-2.67,270.71,-5.0,83.9,5.01,4.21,0.81,2.63,4.22,1282.21,1.96,2.72,206.8
2015-02-19 23:40:00,4318800.0,997.09,-2.77,270.62,-5.01,84.4,4.98,4.2,0.78,2.63,4.22,1282.55,1.95,2.6,204.8
2015-02-19 23:50:00,4319400.0,997.0,-2.79,270.6,-5.04,84.4,4.97,4.2,0.78,2.62,4.21,1282.54,1.99,2.81,196.6
2015-02-20 00:00:00,4320000.0,996.83,-2.99,270.42,-5.15,84.9,4.9,4.16,0.74,2.6,4.17,1283.28,2.11,2.89,187.0
2015-02-20 00:10:00,4320600.0,996.64,-3.28,270.14,-5.29,85.9,4.79,4.12,0.68,2.57,4.13,1284.45,1.94,2.81,183.7
2015-02-20 00:20:00,4321200.0,996.59,-3.42,270.0,-5.23,87.2,4.74,4.13,0.61,2.58,4.15,1285.05,1.97,3.09,183.1
2015-02-20 00:30:00,4321800.0,996.33,-3.42,270.03,-5.17,87.6,4.74,4.16,0.59,2.6,4.17,1284.68,1.92,2.95,167.0
2015-02-20 00:40:00,4322400.0,996.24,-3.5,269.95,-5.28,87.4,4.71,4.12,0.59,2.58,4.13,1285.01,1.5,2.24,189.4
2015-02-20 00:50:00,4323000.0,996.13,-3.53,269.93,-5.22,88.0,4.7,4.14,0.56,2.59,4.15,1284.97,1.97,2.81,175.0
2015-02-20 01:00:00,4323600.0,996.08,-3.32,270.14,-5.03,87.9,4.78,4.2,0.58,2.63,4.21,1283.9,2.1,3.55,161.9
2015-02-20 01:10:00,4324200.0,996.01,-3.27,270.2,-5.08,87.2,4.8,4.18,0.61,2.62,4.2,1283.54,1.49,2.73,174.5
2015-02-20 01:20:00,4324800.0,995.91,-3.35,270.12,-5.15,87.3,4.77,4.16,0.61,2.6,4.18,1283.83,1.26,1.9,185.3
2015-02-20 01:30:00,4325400.0,995.73,-3.46,270.03,-5.23,87.5,4.73,4.14,0.59,2.59,4.15,1284.13,1.52,2.71,201.7
2015-02-20 01:40:00,4326000.0,995.55,-3.4,270.11,-5.15,87.6,4.75,4.16,0.59,2.6,4.18,1283.58,2.12,3.05,197.7
2015-02-20 01:50:00,4326600.0,995.53,-3.32,270.18,-5.12,87.3,4.78,4.17,0.61,2.61,4.19,1283.19,2.02,2.93,193.4
2015-02-20 02:00:00,4327200.0,995.46,-3.35,270.17,-5.19,87.0,4.77,4.15,0.62,2.6,4.17,1283.23,1.87,2.85,188.3
2015-02-20 02:10:00,4327800.0,995.25,-3.43,270.1,-5.19,87.5,4.74,4.15,0.59,2.6,4.17,1283.33,2.87,4.33,175.5
2015-02-20 02:20:00,4328400.0,995.03,-3.27,270.28,-5.09,87.1,4.8,4.18,0.62,2.62,4.2,1282.27,3.41,4.49,171.6
2015-02-20 02:30:00,4329000.0,994.83,-3.17,270.39,-5.14,86.2,4.83,4.16,0.67,2.61,4.19,1281.57,2.95,4.73,179.7
2015-02-20 02:40:00,4329600.0,994.67,-3.18,270.39,-5.12,86.4,4.83,4.17,0.66,2.61,4.19,1281.43,3.04,4.25,175.7
2015-02-20 02:50:00,4330200.0,994.56,-3.27,270.32,-5.26,86.0,4.8,4.13,0.67,2.58,4.15,1281.69,2.05,3.97,186.0
2015-02-20 03:00:00,4330800.0,994.48,-3.56,270.03,-5.37,87.2,4.69,4.09,0.6,2.56,4.11,1283.01,1.73,2.68,203.1
2015-02-20 03:10:00,4331400.0,994.49,-3.48,270.11,-5.24,87.5,4.72,4.13,0.59,2.59,4.15,1282.63,1.88,3.05,185.9
2015-02-20 03:20:00,4332000.0,994.39,-3.3,270.3,-5.16,86.9,4.79,4.16,0.63,2.61,4.18,1281.62,2.7,4.21,180.3
2015-02-20 03:30:00,4332600.0,994.32,-3.33,270.27,-5.23,86.6,4.78,4.14,0.64,2.59,4.16,1281.66,2.41,3.49,191.9
2015-02-20 03:40:00,4333200.0,994.25,-3.32,270.28,-5.25,86.4,4.78,4.13,0.65,2.59,4.15,1281.56,2.74,4.33,203.5
2015-02-20 03:50:00,4333800.0,994.19,-2.79,270.82,-5.1,84.0,4.97,4.17,0.8,2.62,4.2,1278.95,2.83,3.85,193.6
2015-02-20 04:00:00,4334400.0,994.12,-2.97,270.65,-5.21,84.4,4.91,4.14,0.77,2.59,4.16,1279.7,1.98,2.89,193.5
2015-02-20 04:10:00,4335000.0,994.02,-3.02,270.61,-5.11,85.4,4.89,4.17,0.71,2.62,4.2,1279.8,1.62,2.89,192.7
2015-02-20 04:20:00,4335600.0,993.93,-3.01,270.63,-5.03,85.8,4.89,4.2,0.69,2.63,4.22,1279.61,1.95,2.73,203.7
2015-02-20 04:30:00,4336200.0,993.95,-3.0,270.63,-5.0,86.0,4.89,4.21,0.69,2.64,4.23,1279.61,1.21,2.04,211.4
2015-02-20 04:40:00,4336800.0,994.0,-2.9,270.73,-4.88,86.1,4.93,4.24,0.69,2.66,4.27,1279.18,1.12,1.76,201.5
2015-02-20 04:50:00,4337400.0,994.02,-2.81,270.81,-4.94,85.2,4.96,4.23,0.73,2.65,4.25,1278.8,0.59,1.44,222.1
2015-02-20 05:00:00,4338000.0,994.0,-2.85,270.78,-4.96,85.3,4.95,4.22,0.73,2.65,4.25,1278.95,1.35,2.0,219.2
2015-02-20 05:10:00,4338600.0,993.9,-2.77,270.86,-4.99,84.6,4.98,4.21,0.77,2.64,4.24,1278.47,1.1,1.66,202.8
2015-02-20 05:20:00,4339200.0,993.63,-2.67,270.99,-4.99,83.9,5.02,4.21,0.81,2.64,4.24,1277.61,0.78,1.52,169.7
2015-02-20 05:30:00,4339800.0,993.43,-2.57,271.1,-4.9,83.9,5.05,4.24,0.81,2.66,4.27,1276.91,0.67,1.28,357.1
2015-02-20 05:40:00,4340400.0,993.21,-2.18,271.51,-4.65,83.1,5.2,4.32,0.88,2.71,4.35,1274.74,1.05,2.0,168.9
2015-02-20 05:50:00,4341000.0,992.94,-2.13,271.58,-4.68,82.6,5.22,4.31,0.91,2.71,4.34,1274.15,1.86,2.93,145.2
2015-02-20 06:00:00,4341600.0,992.69,-2.1,271.63,-4.61,82.8,5.23,4.33,0.9,2.72,4.37,1273.67,1.31,2.52,156.4
2015-02-20 06:10:00,4342200.0,992.48,-2.12,271.62,-4.56,83.3,5.22,4.35,0.87,2.73,4.39,1273.5,1.37,2.6,149.1
2015-02-20 06:20:00,4342800.0,992.32,-2.19,271.57,-4.5,84.1,5.2,4.37,0.83,2.74,4.41,1273.61,1.58,2.97,138.3
2015-02-20 06:30:00,4343400.0,992.15,-1.99,271.78,-4.3,84.1,5.28,4.44,0.84,2.79,4.47,1272.4,0.92,1.72,126.1
2015-02-20 06:40:00,4344000.0,991.97,-1.8,271.99,-4.3,82.9,5.35,4.44,0.92,2.79,4.47,1271.28,1.25,2.76,186.3
2015-02-20 06:50:00,4344600.0,991.81,-1.84,271.96,-4.33,83.0,5.33,4.43,0.91,2.78,4.46,1271.3,1.22,2.16,216.2
2015-02-20 07:00:00,4345200.0,991.82,-1.85,271.95,-4.2,83.9,5.33,4.47,0.86,2.81,4.51,1271.34,1.19,1.8,223.4
2015-02-20 07:10:00,4345800.0,991.7,-1.74,272.07,-4.03,84.2,5.38,4.53,0.85,2.84,4.57,1270.6,1.46,2.04,213.3
2015-02-20 07:20:00,4346400.0,991.53,-1.59,272.23,-3.9,84.2,5.43,4.57,0.86,2.87,4.61,1269.7,1.87,2.8,213.1
2015-02-20 07:30:00,4347000.0,991.3,-1.53,272.31,-3.84,84.2,5.46,4.59,0.86,2.89,4.64,1269.12,3.03,4.05,210.7
2015-02-20 07:40:00,4347600.0,991.21,-1.41,272.43,-3.63,84.8,5.51,4.67,0.84,2.94,4.71,1268.4,3.2,4.73,200.9
2015-02-20 07:50:00,4348200.0,991.29,-1.17,272.67,-3.29,85.4,5.61,4.79,0.82,3.01,4.83,1267.32,2.29,3.29,203.6
2015-02-20 08:00:00,4348800.0,991.29,-0.82,273.03,-2.91,85.6,5.75,4.93,0.83,3.1,4.97,1265.59,3.22,4.49,194.8
2015-02-20 08:10:00,4349400.0,991.26,-0.49,273.36,-2.74,84.7,5.89,4.99,0.9,3.14,5.04,1264.01,2.97,4.49,190.6
2015-02-20 08:20:00,4350000.0,991.27,-0.18,273.66,-2.53,84.1,6.03,5.07,0.96,3.19,5.11,1262.56,3.07,4.41,190.4
2015-02-20 08:30:00,4350600.0,991.23,0.04,273.89,-2.49,83.0,6.13,5.09,1.04,3.2,5.13,1261.47,2.3,4.33,187.7
2015-02-20 08:40:00,4351200.0,991.2,0.08,273.93,-2.4,83.3,6.14,5.12,1.03,3.22,5.16,1261.26,2.27,3.69,189.2
2015-02-20 08:50:00,4351800.0,991.15,0.18,274.03,-2.22,83.8,6.19,5.19,1.0,3.26,5.23,1260.69,1.95,3.73,191.7
2015-02-20 09:00:00,4352400.0,991.11,0.54,274.4,-1.87,83.8,6.35,5.32,1.03,3.35,5.37,1258.93,1.78,2.72,187.8
2015-02-20 09:10:00,4353000.0,990.97,0.95,274.82,-1.65,82.7,6.54,5.41,1.13,3.4,5.46,1256.82,2.53,3.89,178.9
2015-02-20 09:20:00,4353600.0,990.76,1.17,275.06,-1.51,82.2,6.65,5.47,1.18,3.44,5.52,1255.5,2.56,4.01,171.0
2015-02-20 09:30:00,4354200.0,990.59,1.57,275.47,-1.26,81.4,6.84,5.57,1.27,3.5,5.62,1253.42,2.31,4.53,178.3
2015-02-20 09:40:00,4354800.0,990.49,2.16,276.07,-0.94,79.9,7.14,5.7,1.43,3.59,5.76,1250.56,2.72,4.11,174.6
2015-02-20 09:50:00,4355400.0,990.46,2.78,276.69,-0.64,78.1,7.46,5.83,1.63,3.67,5.88,1247.65,2.96,4.43,166.1
2015-02-20 10:00:00,4356000.0,990.47,3.36,277.28,-0.47,75.9,7.78,5.9,1.87,3.72,5.96,1244.98,3.31,5.09,158.8
2015-02-20 10:10:00,4356600.0,990.34,3.78,277.71,-0.33,74.4,8.01,5.96,2.05,3.75,6.02,1242.89,3.94,5.27,154.7
2015-02-20 10:20:00,4357200.0,990.25,4.07,278.01,-0.2,73.6,8.18,6.02,2.16,3.79,6.08,1241.46,4.02,6.33,152.4
2015-02-20 10:30:00,4357800.0,990.16,4.33,278.27,-0.05,73.1,8.33,6.09,2.24,3.83,6.15,1240.18,3.41,6.33,153.1
2015-02-20 10:40:00,4358400.0,989.95,4.49,278.46,0.0,72.5,8.42,6.11,2.32,3.85,6.17,1239.15,3.36,5.97,146.5
2015-02-20 10:50:00,4359000.0,989.84,4.46,278.44,-0.01,72.6,8.41,6.1,2.3,3.84,6.17,1239.15,4.42,6.61,152.3
2015-02-20 11:00:00,4359600.0,989.79,4.55,278.53,0.11,72.8,8.46,6.16,2.3,3.88,6.22,1238.66,3.59,6.01,162.7
2015-02-20 11:10:00,4360200.0,989.72,5.02,279.0,0.35,71.7,8.74,6.27,2.47,3.95,6.33,1236.47,3.25,6.21,159.9
2015-02-20 11:20:00,4360800.0,989.62,5.45,279.44,0.45,70.1,9.01,6.31,2.69,3.98,6.38,1234.4,2.74,5.41,171.6
2015-02-20 11:30:00,4361400.0,989.53,5.99,279.99,0.69,68.69,9.35,6.42,2.93,4.05,6.49,1231.86,2.93,6.07,171.7
2015-02-20 11:40:00,4362000.0,989.31,6.64,280.66,0.94,66.86,9.78,6.54,3.24,4.12,6.61,1228.66,4.54,8.33,197.1
2015-02-20 11:50:00,4362600.0,989.09,7.44,281.48,1.12,64.1,10.33,6.62,3.71,4.18,6.7,1224.83,4.55,6.45,208.9
2015-02-20 12:00:00,4363200.0,988.78,7.83,281.9,1.15,62.56,10.61,6.64,3.97,4.19,6.72,1222.74,6.18,10.33,198.9
2015-02-20 12:10:00,4363800.0,988.44,7.74,281.84,0.98,62.18,10.55,6.56,3.99,4.14,6.64,1222.75,7.21,9.81,203.4
2015-02-20 12:20:00,4364400.0,988.24,7.85,281.96,1.0,61.79,10.63,6.57,4.06,4.14,6.65,1222.02,7.19,11.23,207.5
2015-02-20 12:30:00,4365000.0,988.07,7.91,282.04,0.95,61.32,10.67,6.54,4.13,4.13,6.62,1221.56,8.54,12.21,212.1
2015-02-20 12:40:00,4365600.0,987.9,7.97,282.11,0.99,61.25,10.72,6.56,4.15,4.14,6.64,1221.08,8.27,10.85,208.5
2015-02-20 12:50:00,4366200.0,987.62,8.15,282.31,0.99,60.51,10.85,6.56,4.28,4.14,6.65,1219.95,7.39,10.53,202.4
2015-02-20 13:00:00,4366800.0,987.51,8.45,282.62,1.1,59.75,11.07,6.62,4.46,4.18,6.7,1218.49,5.83,7.57,209.1
2015-02-20 13:10:00,4367400.0,987.47,8.47,282.65,0.98,59.15,11.09,6.56,4.53,4.14,6.64,1218.38,5.25,11.01,202.5
2015-02-20 13:20:00,4368000.0,987.12,8.69,282.9,1.1,58.77,11.25,6.61,4.64,4.18,6.7,1216.97,5.72,10.41,200.5
2015-02-20 13:30:00,4368600.0,986.68,8.82,283.06,0.89,57.37,11.35,6.51,4.84,4.12,6.6,1215.91,8.58,12.53,209.1
2015-02-20 13:40:00,4369200.0,986.41,8.85,283.12,0.56,55.91,11.38,6.36,5.02,4.02,6.45,1215.52,9.04,12.45,209.0
2015-02-20 13:50:00,4369800.0,986.21,9.26,283.54,0.73,55.06,11.7,6.44,5.26,4.07,6.53,1213.47,8.79,12.05,213.9
2015-02-20 14:00:00,4370400.0,985.96,9.08,283.38,0.63,55.33,11.56,6.39,5.16,4.04,6.48,1213.96,9.76,11.89,214.4
2015-02-20 14:10:00,4371000.0,985.71,9.11,283.43,0.72,55.59,11.58,6.44,5.14,4.07,6.53,1213.5,8.1,11.25,214.2
2015-02-20 14:20:00,4371600.0,985.56,9.34,283.68,0.85,55.26,11.76,6.5,5.26,4.11,6.59,1212.3,7.53,10.65,207.8
2015-02-20 14:30:00,4372200.0,985.56,9.45,283.79,0.97,55.33,11.85,6.56,5.29,4.15,6.65,1211.8,5.36,8.57,191.1
2015-02-20 14:40:00,4372800.0,985.56,9.41,283.75,1.04,55.76,11.82,6.59,5.23,4.17,6.68,1211.96,5.18,8.33,197.4
2015-02-20 14:50:00,4373400.0,985.38,9.24,283.59,0.99,56.2,11.68,6.56,5.12,4.15,6.66,1212.48,5.87,8.89,200.1
2015-02-20 15:00:00,4374000.0,985.46,9.22,283.57,0.99,56.27,11.67,6.56,5.1,4.15,6.66,1212.66,5.08,7.49,208.7
2015-02-20 15:10:00,4374600.0,985.44,9.38,283.73,1.09,56.06,11.79,6.61,5.18,4.18,6.71,1211.93,4.39,6.45,197.0
2015-02-20 15:20:00,4375200.0,985.31,9.43,283.79,1.0,55.51,11.83,6.57,5.26,4.16,6.67,1211.57,4.36,6.79,205.1
2015-02-20 15:30:00,4375800.0,985.24,9.4,283.76,0.96,55.46,11.81,6.55,5.26,4.14,6.65,1211.62,3.88,5.45,197.5
2015-02-20 15:40:00,4376400.0,985.12,8.78,283.15,0.79,57.11,11.32,6.47,4.86,4.09,6.56,1214.18,3.8,5.43,196.9
2015-02-20 15:50:00,4377000.0,984.91,8.59,282.98,0.71,57.52,11.18,6.43,4.75,4.07,6.53,1214.76,4.41,6.31,193.2
2015-02-20 16:00:00,4377600.0,984.8,8.66,283.06,0.75,57.42,11.23,6.45,4.78,4.08,6.55,1214.31,3.32,6.57,194.6
2015-02-20 16:10:00,4378200.0,984.71,8.83,283.24,0.74,56.72,11.36,6.44,4.92,4.08,6.54,1213.47,2.69,4.61,192.3
2015-02-20 16:20:00,4378800.0,984.56,9.13,283.55,0.83,55.97,11.59,6.49,5.11,4.11,6.59,1211.97,2.57,3.68,175.1
2015-02-20 16:30:00,4379400.0,984.36,9.37,283.81,0.88,55.25,11.78,6.51,5.27,4.12,6.61,1210.69,3.75,5.25,171.5
2015-02-20 16:40:00,4380000.0,984.17,9.26,283.71,1.0,56.15,11.7,6.57,5.13,4.16,6.67,1210.9,3.76,5.29,181.7
2015-02-20 16:50:00,4380600.0,984.03,8.98,283.44,1.04,57.37,11.48,6.58,4.89,4.17,6.69,1211.92,3.21,5.25,186.3
2015-02-20 17:00:00,4381200.0,983.9,8.76,283.23,1.02,58.16,11.31,6.58,4.73,4.17,6.68,1212.71,3.54,5.53,196.2
2015-02-20 17:10:00,4381800.0,983.81,8.61,283.09,1.05,58.91,11.19,6.59,4.6,4.18,6.7,1213.23,3.21,5.01,190.7
2015-02-20 17:20:00,4382400.0,983.72,8.53,283.02,1.13,59.54,11.13,6.63,4.5,4.2,6.74,1213.45,2.54,4.0,186.5
2015-02-20 17:30:00,4383000.0,983.66,8.47,282.96,1.12,59.76,11.09,6.63,4.46,4.2,6.74,1213.63,2.92,4.57,185.6
2015-02-20 17:40:00,4383600.0,983.42,8.41,282.92,1.09,59.88,11.04,6.61,4.43,4.19,6.72,1213.6,2.79,3.92,181.9
2015-02-20 17:50:00,4384200.0,983.25,8.27,282.79,1.05,60.27,10.94,6.59,4.35,4.18,6.7,1214.01,3.03,4.44,179.4
2015-02-20 18:00:00,4384800.0,983.16,7.95,282.48,0.97,61.25,10.7,6.55,4.15,4.16,6.67,1215.29,2.74,3.52,182.0
2015-02-20 18:10:00,4385400.0,983.05,7.73,282.27,0.94,62.03,10.54,6.54,4.0,4.15,6.65,1216.12,2.57,3.36,187.3
2015-02-20 18:20:00,4386000.0,982.92,7.36,281.91,0.92,63.51,10.28,6.53,3.75,4.14,6.64,1217.56,3.11,4.04,185.3
2015-02-20 18:30:00,4386600.0,982.75,7.14,281.7,0.91,64.45,10.12,6.53,3.6,4.14,6.64,1218.31,3.13,3.96,187.3
2015-02-20 18:40:00,4387200.0,982.63,7.07,281.64,0.9,64.71,10.08,6.52,3.56,4.14,6.64,1218.47,3.42,4.65,193.4
2015-02-20 18:50:00,4387800.0,982.57,7.17,281.74,0.91,64.3,10.15,6.52,3.62,4.14,6.64,1217.96,3.56,4.51,190.4
2015-02-20 19:00:00,4388400.0,982.48,6.88,281.46,0.82,65.21,9.94,6.48,3.46,4.11,6.6,1219.14,3.42,4.28,186.0
2015-02-20 19:10:00,4389000.0,982.33,6.63,281.22,0.76,66.03,9.77,6.45,3.32,4.1,6.57,1220.05,3.96,5.07,196.3
2015-02-20 19:20:00,4389600.0,982.23,6.78,281.38,0.71,65.12,9.88,6.43,3.45,4.08,6.55,1219.26,4.52,5.79,199.4
2015-02-20 19:30:00,4390200.0,982.16,6.74,281.35,0.62,64.84,9.85,6.39,3.46,4.06,6.5,1219.37,3.84,5.41,193.9
2015-02-20 19:40:00,4390800.0,982.07,6.31,280.92,0.47,66.12,9.56,6.32,3.24,4.01,6.44,1221.18,3.32,3.96,188.4
2015-02-20 19:50:00,4391400.0,981.97,6.33,280.95,0.4,65.7,9.57,6.29,3.28,3.99,6.41,1220.98,3.59,4.73,188.1
2015-02-20 20:00:00,4392000.0,981.89,6.52,281.15,0.31,64.38,9.7,6.25,3.46,3.97,6.36,1220.07,4.23,5.77,192.4
2015-02-20 20:10:00,4392600.0,981.75,6.56,281.19,0.21,63.77,9.73,6.2,3.52,3.94,6.32,1219.76,4.3,6.37,193.1
2015-02-20 20:20:00,4393200.0,981.61,6.53,281.18,0.14,63.55,9.71,6.17,3.54,3.92,6.29,1219.7,4.51,5.81,196.9
2015-02-20 20:30:00,4393800.0,981.48,6.61,281.27,0.07,62.91,9.76,6.14,3.62,3.9,6.26,1219.23,4.7,6.13,193.6
2015-02-20 20:40:00,4394400.0,981.48,6.56,281.22,-0.03,62.63,9.73,6.09,3.64,3.87,6.21,1219.46,4.6,6.21,194.2
2015-02-20 20:50:00,4395000.0,981.35,6.54,281.21,-0.17,62.1,9.71,6.03,3.68,3.83,6.15,1219.43,4.6,5.85,190.4
2015-02-20 21:00:00,4395600.0,981.25,6.25,280.92,-0.25,63.01,9.52,6.0,3.52,3.81,6.11,1220.58,3.74,5.37,182.7
2015-02-20 21:10:00,4396200.0,981.09,5.71,280.39,-0.28,65.28,9.17,5.99,3.18,3.8,6.1,1222.76,3.57,4.45,180.3
2015-02-20 21:20:00,4396800.0,980.9,5.23,279.93,-0.37,67.0,8.87,5.94,2.93,3.78,6.06,1224.63,3.3,4.01,184.0
2015-02-20 21:30:00,4397400.0,980.76,5.06,279.77,-0.47,67.35,8.76,5.9,2.86,3.75,6.02,1225.23,2.5,3.57,189.1
2015-02-20 21:40:00,4398000.0,980.64,5.04,279.76,-0.53,67.12,8.76,5.88,2.88,3.74,5.99,1225.16,2.07,2.8,188.2
2015-02-20 21:50:00,4398600.0,980.52,5.18,279.91,-0.6,66.13,8.84,5.85,2.99,3.72,5.96,1224.42,1.84,2.88,189.8
2015-02-20 22:00:00,4399200.0,980.36,5.18,279.92,-0.65,65.89,8.84,5.82,3.01,3.7,5.94,1224.24,1.73,2.28,181.7
2015-02-20 22:10:00,4399800.0,980.18,5.03,279.78,-0.78,65.95,8.74,5.77,2.98,3.67,5.88,1224.71,1.52,2.34,165.9
2015-02-20 22:20:00,4400400.0,979.94,4.86,279.64,-0.92,66.06,8.65,5.71,2.93,3.63,5.83,1225.16,1.49,2.52,146.7
2015-02-20 22:30:00,4401000.0,979.76,4.76,279.55,-0.94,66.41,8.58,5.7,2.88,3.63,5.82,1225.4,0.54,1.48,108.7
2015-02-20 22:40:00,4401600.0,979.54,4.71,279.51,-1.0,66.4,8.55,5.68,2.87,3.61,5.8,1225.35,0.68,1.72,45.51
2015-02-20 22:50:00,4402200.0,979.33,4.74,279.56,-1.2,65.28,8.57,5.59,2.98,3.56,5.71,1225.0,0.76,1.6,63.19
2015-02-20 23:00:00,4402800.0,979.13,4.75,279.59,-1.3,64.74,8.58,5.55,3.02,3.54,5.67,1224.7,0.97,1.52,29.36
2015-02-20 23:10:00,4403400.0,978.97,4.84,279.69,-1.43,63.72,8.63,5.5,3.13,3.5,5.62,1224.14,1.51,2.02,30.27
2015-02-20 23:20:00,4404000.0,978.75,5.08,279.95,-1.58,61.96,8.78,5.44,3.34,3.46,5.56,1222.84,1.24,2.12,33.46
2015-02-20 23:30:00,4404600.0,978.63,5.37,280.26,-1.68,60.27,8.96,5.4,3.56,3.44,5.52,1221.43,0.67,1.08,35.57
2015-02-20 23:40:00,4405200.0,978.41,5.44,280.34,-1.75,59.7,9.0,5.37,3.63,3.42,5.49,1220.88,0.62,1.48,213.8
2015-02-20 23:50:00,4405800.0,978.21,5.41,280.33,-1.94,58.99,8.98,5.3,3.68,3.37,5.41,1220.8,1.48,2.24,215.8
2015-02-21 00:00:00,4406400.0,978.05,5.6,280.54,-2.09,57.54,9.1,5.24,3.86,3.34,5.36,1219.77,1.54,3.85,197.0
2015-02-21 00:10:00,4407000.0,977.85,5.48,280.43,-2.28,57.2,9.03,5.16,3.86,3.29,5.28,1220.09,1.56,2.52,222.2
2015-02-21 00:20:00,4407600.0,977.7,5.56,280.52,-2.46,56.12,9.08,5.09,3.98,3.25,5.21,1219.58,1.99,2.64,221.0
2015-02-21 00:30:00,4408200.0,977.62,5.57,280.54,-2.56,55.68,9.08,5.06,4.02,3.22,5.17,1219.47,2.09,3.08,221.4
2015-02-21 00:40:00,4408800.0,977.48,5.56,280.54,-2.64,55.41,9.07,5.03,4.05,3.21,5.14,1219.35,2.41,3.32,224.9
2015-02-21 00:50:00,4409400.0,977.32,5.5,280.5,-2.7,55.37,9.04,5.01,4.03,3.19,5.12,1219.4,2.03,2.84,225.7
2015-02-21 01:00:00,4410000.0,977.12,5.34,280.35,-2.77,55.71,8.94,4.98,3.96,3.18,5.1,1219.89,1.66,2.6,230.6
2015-02-21 01:10:00,4410600.0,976.91,5.27,280.3,-2.87,55.54,8.89,4.94,3.95,3.15,5.06,1219.94,1.82,2.6,231.8
2015-02-21 01:20:00,4411200.0,976.8,5.25,280.29,-2.98,55.16,8.89,4.9,3.98,3.13,5.02,1219.89,2.14,3.08,223.0
2015-02-21 01:30:00,4411800.0,976.69,5.27,280.32,-3.12,54.52,8.9,4.85,4.05,3.09,4.97,1219.69,2.4,3.65,228.1
2015-02-21 01:40:00,4412400.0,976.58,5.26,280.31,-3.23,54.1,8.89,4.81,4.08,3.07,4.92,1219.63,2.63,3.49,217.1
2015-02-21 01:50:00,4413000.0,976.46,5.26,280.32,-3.33,53.71,8.89,4.77,4.11,3.05,4.89,1219.49,2.63,4.65,218.1
2015-02-21 02:00:00,4413600.0,976.33,5.14,280.21,-3.39,53.91,8.81,4.75,4.06,3.03,4.87,1219.88,2.65,3.43,212.3
2015-02-21 02:10:00,4414200.0,976.15,5.08,280.17,-3.49,53.71,8.78,4.72,4.06,3.01,4.83,1219.91,3.11,4.77,208.9
2015-02-21 02:20:00,4414800.0,975.95,5.03,280.13,-3.55,53.68,8.74,4.69,4.05,3.0,4.81,1219.92,3.32,5.29,210.9
2015-02-21 02:30:00,4415400.0,975.8,4.99,280.11,-3.6,53.64,8.72,4.68,4.04,2.99,4.79,1219.9,3.5,4.45,207.3
2015-02-21 02:40:00,4416000.0,975.65,4.95,280.08,-3.64,53.61,8.7,4.66,4.04,2.98,4.78,1219.88,3.77,4.77,204.6
2015-02-21 02:50:00,4416600.0,975.42,4.95,280.09,-3.68,53.47,8.7,4.65,4.05,2.97,4.77,1219.62,4.0,5.41,195.9
2015-02-21 03:00:00,4417200.0,975.31,4.84,279.99,-3.7,53.79,8.63,4.64,3.99,2.97,4.76,1219.98,3.84,4.53,197.6
2015-02-21 03:10:00,4417800.0,975.15,4.79,279.96,-3.73,53.84,8.6,4.63,3.97,2.96,4.75,1219.99,4.11,5.45,201.5
2015-02-21 03:20:00,4418400.0,974.95,4.73,279.92,-3.74,54.02,8.57,4.63,3.94,2.96,4.75,1219.98,3.62,5.77,195.8
2015-02-21 03:30:00,4419000.0,974.9,4.72,279.9,-3.79,53.9,8.56,4.61,3.94,2.95,4.73,1220.01,3.53,4.33,202.3
2015-02-21 03:40:00,4419600.0,974.81,4.67,279.87,-3.77,54.14,8.53,4.62,3.91,2.95,4.74,1220.08,2.98,4.11,197.1
2015-02-21 03:50:00,4420200.0,974.6,4.16,279.37,-3.62,56.77,8.23,4.67,3.56,2.99,4.79,1222.05,2.53,4.45,188.5
2015-02-21 04:00:00,4420800.0,974.39,4.21,279.43,-3.61,56.61,8.26,4.67,3.58,2.99,4.8,1221.57,2.64,4.53,189.7
2015-02-21 04:10:00,4421400.0,974.27,3.71,278.94,-3.56,58.85,7.97,4.69,3.28,3.0,4.81,1223.62,2.73,4.09,171.2
2015-02-21 04:20:00,4422000.0,974.15,3.36,278.6,-3.56,60.36,7.78,4.69,3.08,3.0,4.82,1225.02,2.65,3.93,181.6
2015-02-21 04:30:00,4422600.0,974.05,3.84,279.09,-3.65,57.92,8.05,4.66,3.39,2.98,4.79,1222.76,3.59,4.71,199.5
2015-02-21 04:40:00,4423200.0,973.87,4.29,279.56,-3.61,56.31,8.3,4.68,3.63,2.99,4.8,1220.57,4.43,5.37,202.4
2015-02-21 04:50:00,4423800.0,973.76,3.91,279.19,-3.59,57.9,8.09,4.68,3.4,3.0,4.81,1222.08,3.58,4.69,190.5
2015-02-21 05:00:00,4424400.0,973.55,2.85,278.14,-3.6,62.39,7.5,4.68,2.82,3.0,4.81,1226.51,3.26,4.53,179.9
2015-02-21 05:10:00,4425000.0,973.44,2.62,277.91,-3.6,63.38,7.38,4.68,2.7,2.99,4.8,1227.4,2.79,4.33,183.0
2015-02-21 05:20:00,4425600.0,973.37,2.6,277.89,-3.61,63.44,7.37,4.67,2.69,2.99,4.8,1227.42,3.31,4.29,172.5
2015-02-21 05:30:00,4426200.0,973.28,2.59,277.89,-3.64,63.36,7.36,4.66,2.7,2.99,4.79,1227.35,2.97,5.41,185.3
2015-02-21 05:40:00,4426800.0,973.26,3.15,278.46,-3.62,60.99,7.66,4.67,2.99,2.99,4.8,1224.83,3.97,5.81,185.1
2015-02-21 05:50:00,4427400.0,973.12,3.3,278.62,-3.55,60.67,7.74,4.7,3.04,3.01,4.83,1223.99,3.86,4.93,176.2
2015-02-21 06:00:00,4428000.0,973.02,2.98,278.31,-3.56,61.98,7.57,4.69,2.88,3.0,4.82,1225.26,3.7,5.53,179.4
2015-02-21 06:10:00,4428600.0,972.85,2.94,278.28,-3.55,62.22,7.55,4.7,2.85,3.01,4.83,1225.22,3.25,4.89,180.2
2015-02-21 06:20:00,4429200.0,972.77,3.21,278.56,-3.56,60.96,7.7,4.69,3.0,3.01,4.82,1223.92,3.03,4.73,185.7
2015-02-21 06:30:00,4429800.0,972.61,4.12,279.49,-3.76,56.33,8.21,4.62,3.58,2.96,4.75,1219.75,4.0,5.13,199.4
2015-02-21 06:40:00,4430400.0,972.61,4.32,279.69,-3.81,55.32,8.32,4.6,3.72,2.95,4.73,1218.86,3.91,5.45,189.3
2015-02-21 06:50:00,4431000.0,972.61,4.25,279.62,-3.87,55.35,8.28,4.58,3.7,2.94,4.71,1219.2,3.54,4.85,185.9
2015-02-21 07:00:00,4431600.0,972.45,4.34,279.73,-3.84,55.13,8.33,4.59,3.74,2.94,4.72,1218.59,2.5,4.25,181.4
2015-02-21 07:10:00,4432200.0,972.38,3.86,279.25,-3.82,57.11,8.06,4.6,3.46,2.95,4.73,1220.6,1.65,2.48,170.3
2015-02-21 07:20:00,4432800.0,972.34,3.21,278.6,-3.78,59.96,7.7,4.61,3.08,2.96,4.75,1223.42,2.98,3.81,173.6
2015-02-21 07:30:00,4433400.0,972.36,2.75,278.13,-3.7,62.33,7.45,4.64,2.81,2.98,4.77,1225.46,2.46,3.49,183.7
2015-02-21 07:40:00,4434000.0,972.25,2.97,278.37,-3.76,61.1,7.57,4.62,2.94,2.96,4.76,1224.35,2.87,4.01,184.5
2015-02-21 07:50:00,4434600.0,972.06,3.84,279.25,-3.7,57.71,8.04,4.64,3.4,2.98,4.78,1220.28,3.36,4.61,183.2
2015-02-21 08:00:00,4435200.0,971.99,4.19,279.62,-3.67,56.41,8.25,4.65,3.6,2.98,4.79,1218.62,3.31,4.65,185.6
2015-02-21 08:10:00,4435800.0,971.95,4.65,280.08,-3.49,55.39,8.52,4.72,3.8,3.02,4.85,1216.56,3.16,4.17,179.4
2015-02-21 08:20:00,4436400.0,971.89,4.98,280.42,-3.26,55.04,8.72,4.8,3.92,3.08,4.94,1214.98,4.18,5.47,191.6
2015-02-21 08:30:00,4437000.0,971.8,5.02,280.47,-2.92,56.33,8.74,4.92,3.82,3.16,5.07,1214.64,3.91,5.33,183.0
2015-02-21 08:40:00,4437600.0,971.73,5.04,280.49,-2.72,57.11,8.75,5.0,3.75,3.21,5.14,1214.43,4.27,5.37,188.4
2015-02-21 08:50:00,4438200.0,971.7,5.17,280.63,-2.47,57.62,8.83,5.09,3.74,3.26,5.24,1213.77,4.44,6.21,190.2
2015-02-21 09:00:00,4438800.0,971.64,5.24,280.7,-2.23,58.4,8.88,5.18,3.69,3.33,5.34,1213.35,4.37,6.21,190.5
2015-02-21 09:10:00,4439400.0,971.6,5.33,280.79,-2.11,58.55,8.93,5.23,3.7,3.35,5.38,1212.9,4.46,6.21,184.8
2015-02-21 09:20:00,4440000.0,971.59,5.46,280.93,-2.0,58.49,9.01,5.27,3.74,3.38,5.43,1212.29,4.56,6.13,189.3
2015-02-21 09:30:00,4440600.0,971.56,5.85,281.32,-1.74,58.06,9.26,5.38,3.88,3.45,5.53,1210.53,4.76,8.53,184.0
2015-02-21 09:40:00,4441200.0,971.52,6.39,281.87,-1.46,57.09,9.61,5.49,4.13,3.52,5.65,1208.07,5.79,7.97,186.0
2015-02-21 09:50:00,4441800.0,971.51,6.85,282.33,-1.14,56.63,9.92,5.62,4.3,3.6,5.78,1206.04,6.68,9.57,187.5
2015-02-21 10:00:00,4442400.0,971.45,6.93,282.42,-0.79,57.75,9.98,5.76,4.22,3.7,5.93,1205.53,7.57,10.69,197.6
2015-02-21 10:10:00,4443000.0,971.39,6.73,282.23,-0.64,59.21,9.84,5.83,4.02,3.74,6.0,1206.27,8.16,13.94,199.5
2015-02-21 10:20:00,4443600.0,971.26,6.68,282.18,-0.5,60.07,9.81,5.89,3.92,3.78,6.06,1206.32,7.65,12.26,201.2
2015-02-21 10:30:00,4444200.0,971.3,6.85,282.35,-0.3,60.24,9.92,5.98,3.95,3.84,6.15,1205.6,7.52,11.17,205.0
2015-02-21 10:40:00,4444800.0,971.34,6.85,282.34,0.09,61.96,9.92,6.15,3.77,3.95,6.33,1205.57,7.47,11.17,205.3
2015-02-21 10:50:00,4445400.0,971.38,6.89,282.38,0.28,62.65,9.95,6.23,3.72,4.0,6.42,1205.41,7.48,11.73,209.0
2015-02-21 11:00:00,4446000.0,971.41,7.06,282.55,0.5,62.91,10.07,6.33,3.73,4.07,6.52,1204.65,7.28,9.29,203.2
2015-02-21 11:10:00,4446600.0,971.46,7.12,282.61,0.71,63.63,10.11,6.43,3.68,4.13,6.62,1204.41,6.1,8.53,202.7
2015-02-21 11:20:00,4447200.0,971.46,7.05,282.54,0.87,64.66,10.06,6.51,3.56,4.18,6.7,1204.67,5.67,8.17,195.1
2015-02-21 11:30:00,4447800.0,971.47,6.93,282.42,0.87,65.19,9.98,6.51,3.47,4.18,6.7,1205.21,6.2,9.41,199.4
2015-02-21 11:40:00,4448400.0,971.44,6.94,282.43,0.95,65.52,9.99,6.54,3.44,4.2,6.74,1205.1,4.72,7.61,181.7
2015-02-21 11:50:00,4449000.0,971.38,6.96,282.45,0.99,65.65,10.0,6.56,3.43,4.21,6.76,1204.96,4.59,7.05,182.8
2015-02-21 12:00:00,4449600.0,971.31,7.06,282.56,1.16,65.97,10.07,6.64,3.43,4.26,6.84,1204.38,4.72,7.13,194.8
2015-02-21 12:10:00,4450200.0,971.2,7.13,282.64,1.29,66.28,10.12,6.71,3.41,4.31,6.9,1203.91,4.78,8.17,198.4
2015-02-21 12:20:00,4450800.0,971.08,7.17,282.69,1.23,65.82,10.15,6.68,3.47,4.29,6.88,1203.61,5.96,8.69,201.3
2015-02-21 12:30:00,4451400.0,971.08,7.19,282.71,1.19,65.55,10.16,6.66,3.5,4.28,6.86,1203.53,3.63,5.61,197.2
2015-02-21 12:40:00,4452000.0,971.07,7.32,282.84,1.1,64.55,10.25,6.62,3.63,4.25,6.81,1202.98,3.17,4.83,199.4
2015-02-21 12:50:00,4452600.0,970.97,7.46,282.99,1.0,63.46,10.35,6.57,3.78,4.22,6.76,1202.28,4.22,6.35,205.1
2015-02-21 13:00:00,4453200.0,970.93,7.56,283.1,0.92,62.65,10.42,6.53,3.89,4.19,6.72,1201.82,5.9,8.81,205.5
2015-02-21 13:10:00,4453800.0,970.84,7.68,283.23,0.95,62.29,10.51,6.54,3.96,4.2,6.74,1201.18,5.64,9.33,206.9
2015-02-21 13:20:00,4454400.0,970.71,7.77,283.33,0.93,61.81,10.57,6.53,4.04,4.2,6.73,1200.64,6.18,9.13,200.5
2015-02-21 13:30:00,4455000.0,970.68,7.79,283.35,1.0,62.04,10.59,6.57,4.02,4.22,6.77,1200.51,4.57,7.65,198.2
2015-02-21 13:40:00,4455600.0,970.55,7.71,283.28,1.07,62.72,10.53,6.6,3.92,4.24,6.8,1200.67,6.33,10.93,196.0
2015-02-21 13:50:00,4456200.0,970.63,7.55,283.11,1.24,64.19,10.41,6.68,3.73,4.29,6.89,1201.41,7.02,10.33,203.7
2015-02-21 14:00:00,4456800.0,970.68,7.4,282.96,1.41,65.66,10.31,6.77,3.54,4.35,6.97,1202.08,6.68,9.89,205.7
2015-02-21 14:10:00,4457400.0,970.68,7.37,282.93,1.34,65.42,10.29,6.73,3.56,4.32,6.93,1202.23,8.07,11.57,208.7
2015-02-21 14:20:00,4458000.0,970.74,7.4,282.95,1.3,65.13,10.31,6.71,3.59,4.31,6.92,1202.18,6.54,10.73,204.2
2015-02-21 14:30:00,4458600.0,970.88,7.41,282.95,1.25,64.84,10.31,6.69,3.63,4.3,6.89,1202.32,6.72,9.77,208.7
2015-02-21 14:40:00,4459200.0,970.93,7.35,282.89,1.08,64.3,10.27,6.6,3.67,4.24,6.8,1202.68,6.69,10.45,210.8
2015-02-21 14:50:00,4459800.0,971.04,7.29,282.82,1.08,64.59,10.23,6.61,3.62,4.24,6.8,1203.07,5.7,7.93,212.9
2015-02-21 15:00:00,4460400.0,971.23,7.13,282.64,1.19,65.83,10.12,6.66,3.46,4.28,6.86,1203.97,4.47,6.61,229.6
2015-02-21 15:10:00,4461000.0,971.76,6.21,281.67,1.68,72.6,9.5,6.9,2.6,4.43,7.1,1208.47,3.07,5.35,276.7
2015-02-21 15:20:00,4461600.0,972.06,4.63,280.05,1.87,82.2,8.51,6.99,1.51,4.49,7.19,1215.67,2.36,4.65,281.8
2015-02-21 15:30:00,4462200.0,972.33,3.99,279.38,1.54,84.0,8.13,6.83,1.3,4.38,7.02,1218.93,2.92,6.33,275.5
2015-02-21 15:40:00,4462800.0,972.57,3.77,279.14,1.14,82.9,8.0,6.64,1.37,4.25,6.82,1220.29,2.67,4.73,287.9
2015-02-21 15:50:00,4463400.0,972.71,3.65,279.01,1.16,83.7,7.94,6.65,1.29,4.26,6.83,1220.97,1.78,4.13,290.1
2015-02-21 16:00:00,4464000.0,972.78,3.53,278.88,1.29,85.2,7.87,6.71,1.16,4.3,6.89,1221.57,1.55,2.98,279.2
2015-02-21 16:10:00,4464600.0,972.87,3.47,278.81,1.34,85.9,7.84,6.73,1.1,4.31,6.92,1221.95,1.4,2.88,269.3
2015-02-21 16:20:00,4465200.0,972.81,3.57,278.92,1.41,85.7,7.89,6.76,1.13,4.34,6.95,1221.42,1.24,3.77,217.8
2015-02-21 16:30:00,4465800.0,972.83,3.7,279.05,1.34,84.5,7.97,6.73,1.23,4.31,6.92,1220.88,1.53,3.41,252.2
2015-02-21 16:40:00,4466400.0,972.88,3.77,279.12,0.94,81.7,8.01,6.54,1.47,4.19,6.72,1220.71,1.46,2.56,227.0
2015-02-21 16:50:00,4467000.0,972.96,3.87,279.21,0.56,78.9,8.06,6.36,1.7,4.08,6.54,1220.47,1.88,3.24,242.4
2015-02-21 17:00:00,4467600.0,973.16,3.87,279.19,0.38,77.9,8.06,6.28,1.78,4.02,6.45,1220.76,1.97,3.61,254.7
2015-02-21 17:10:00,4468200.0,973.3,3.87,279.18,0.33,77.6,8.06,6.26,1.81,4.01,6.43,1220.95,1.75,3.32,236.7
2015-02-21 17:20:00,4468800.0,973.52,3.87,279.16,0.26,77.2,8.06,6.22,1.84,3.99,6.39,1221.24,1.7,2.8,231.6
2015-02-21 17:30:00,4469400.0,973.72,3.9,279.17,0.25,77.0,8.08,6.22,1.86,3.98,6.39,1221.37,2.03,3.36,228.2
2015-02-21 17:40:00,4470000.0,973.81,3.9,279.17,0.41,77.9,8.08,6.29,1.79,4.03,6.46,1221.44,1.18,2.76,227.0
2015-02-21 17:50:00,4470600.0,973.97,3.91,279.17,0.65,79.2,8.09,6.4,1.68,4.1,6.58,1221.53,1.03,2.36,199.8
2015-02-21 18:00:00,4471200.0,974.12,3.93,279.18,0.67,79.2,8.1,6.41,1.68,4.11,6.58,1221.62,0.67,1.14,208.1
2015-02-21 18:10:00,4471800.0,974.18,3.83,279.07,0.78,80.4,8.04,6.46,1.58,4.14,6.64,1222.11,0.99,1.8,224.2
2015-02-21 18:20:00,4472400.0,974.26,3.71,278.95,0.75,80.9,7.97,6.45,1.52,4.13,6.62,1222.74,0.69,1.32,230.8
2015-02-21 18:30:00,4473000.0,974.41,3.63,278.85,0.87,82.1,7.92,6.51,1.42,4.16,6.68,1223.29,1.16,1.64,214.9
2015-02-21 18:40:00,4473600.0,974.57,3.55,278.76,0.93,82.9,7.88,6.54,1.35,4.18,6.71,1223.81,0.88,1.32,233.2
2015-02-21 18:50:00,4474200.0,974.72,3.42,278.61,0.92,83.6,7.81,6.53,1.28,4.18,6.7,1224.59,1.02,1.36,249.5
2015-02-21 19:00:00,4474800.0,974.82,3.4,278.58,0.95,83.9,7.8,6.54,1.26,4.19,6.71,1224.79,0.98,1.32,243.7
2015-02-21 19:10:00,4475400.0,974.88,3.32,278.5,0.9,84.1,7.76,6.52,1.23,4.17,6.69,1225.22,1.03,1.72,218.2
2015-02-21 19:20:00,4476000.0,974.99,3.27,278.44,0.88,84.3,7.73,6.51,1.21,4.17,6.68,1225.6,0.96,1.24,214.6
2015-02-21 19:30:00,4476600.0,975.02,3.22,278.38,0.85,84.4,7.7,6.5,1.2,4.15,6.66,1225.88,1.29,1.6,231.6
2015-02-21 19:40:00,4477200.0,975.0,3.11,278.28,0.76,84.5,7.64,6.46,1.18,4.13,6.62,1226.35,1.54,1.8,242.9
2015-02-21 19:50:00,4477800.0,975.08,3.03,278.19,0.72,84.7,7.6,6.44,1.16,4.12,6.6,1226.79,1.31,1.5,229.4
2015-02-21 20:00:00,4478400.0,975.14,3.01,278.17,0.57,83.9,7.59,6.37,1.22,4.07,6.53,1227.0,1.16,1.44,215.7
2015-02-21 20:10:00,4479000.0,975.31,2.94,278.08,0.5,83.9,7.55,6.33,1.22,4.05,6.49,1227.54,1.48,1.84,226.8
2015-02-21 20:20:00,4479600.0,975.49,2.8,277.93,0.25,83.2,7.47,6.22,1.26,3.97,6.37,1228.45,1.94,2.36,242.2
2015-02-21 20:30:00,4480200.0,975.49,2.68,277.8,0.03,82.6,7.41,6.12,1.29,3.91,6.27,1229.04,2.18,2.52,228.7
2015-02-21 20:40:00,4480800.0,975.51,2.55,277.67,-0.15,82.3,7.34,6.04,1.3,3.86,6.19,1229.69,1.83,2.44,229.8
2015-02-21 20:50:00,4481400.0,975.56,2.3,277.41,-0.18,83.6,7.21,6.03,1.18,3.85,6.18,1230.87,1.42,2.0,233.9
2015-02-21 21:00:00,4482000.0,975.71,2.26,277.36,-0.37,82.7,7.19,5.95,1.24,3.8,6.1,1231.27,1.16,1.96,229.4
2015-02-21 21:10:00,4482600.0,975.85,2.04,277.13,-0.54,83.0,7.08,5.87,1.2,3.75,6.02,1232.49,2.53,3.12,229.8
2015-02-21 21:20:00,4483200.0,975.93,2.13,277.22,-0.44,83.0,7.13,5.91,1.21,3.78,6.06,1232.13,1.61,2.56,238.1
2015-02-21 21:30:00,4483800.0,975.9,2.38,277.47,-0.67,80.2,7.25,5.82,1.44,3.71,5.96,1231.05,1.69,2.6,240.6
2015-02-21 21:40:00,4484400.0,975.93,1.8,276.88,-0.82,82.7,6.96,5.75,1.2,3.68,5.9,1233.7,0.69,1.36,94.1
2015-02-21 21:50:00,4485000.0,976.03,1.26,276.33,-0.87,85.6,6.69,5.73,0.96,3.66,5.87,1236.25,1.35,2.0,223.0
2015-02-21 22:00:00,4485600.0,976.2,1.24,276.3,-0.64,87.2,6.68,5.83,0.86,3.72,5.97,1236.51,0.84,1.2,204.9
2015-02-21 22:10:00,4486200.0,976.31,1.07,276.11,-0.63,88.4,6.6,5.83,0.77,3.73,5.98,1237.45,1.08,1.96,197.9
2015-02-21 22:20:00,4486800.0,976.37,1.0,276.04,-0.6,89.0,6.57,5.84,0.72,3.73,5.99,1237.83,1.09,1.76,188.1
2015-02-21 22:30:00,4487400.0,976.48,0.91,275.94,-0.66,89.2,6.53,5.82,0.7,3.72,5.96,1238.36,1.16,2.16,170.5
2015-02-21 22:40:00,4488000.0,976.52,0.8,275.82,-0.8,89.0,6.47,5.76,0.71,3.68,5.9,1238.97,0.92,1.6,191.8
2015-02-21 22:50:00,4488600.0,976.59,0.66,275.68,-0.86,89.5,6.41,5.74,0.67,3.66,5.87,1239.68,0.66,1.76,220.5
2015-02-21 23:00:00,4489200.0,976.68,0.61,275.62,-0.93,89.4,6.38,5.71,0.68,3.64,5.84,1240.06,1.08,1.92,206.2
2015-02-21 23:10:00,4489800.0,976.73,0.63,275.64,-0.87,89.6,6.39,5.73,0.67,3.66,5.87,1240.0,1.14,1.76,223.2
2015-02-21 23:20:00,4490400.0,976.84,0.85,275.85,-0.74,89.1,6.5,5.79,0.71,3.69,5.92,1239.13,0.31,0.96,184.7
2015-02-21 23:30:00,4491000.0,976.84,0.9,275.9,-0.89,87.8,6.52,5.72,0.8,3.65,5.86,1238.94,0.64,1.0,262.7
2015-02-21 23:40:00,4491600.0,976.85,0.68,275.68,-1.01,88.4,6.42,5.67,0.74,3.62,5.81,1239.95,0.58,1.32,203.0
2015-02-21 23:50:00,4492200.0,976.97,0.4,275.39,-1.19,89.0,6.29,5.6,0.69,3.57,5.73,1241.42,0.79,1.16,216.8
2015-02-22 00:00:00,4492800.0,977.07,0.47,275.45,-1.13,89.0,6.32,5.62,0.7,3.59,5.76,1241.23,0.52,1.22,206.1
2015-02-22 00:10:00,4493400.0,976.98,0.63,275.62,-1.06,88.4,6.39,5.65,0.74,3.61,5.79,1240.36,0.58,1.08,202.6
2015-02-22 00:20:00,4494000.0,977.16,0.68,275.65,-1.07,88.0,6.42,5.65,0.77,3.6,5.78,1240.38,0.44,0.92,115.8
2015-02-22 00:30:00,4494600.0,977.21,0.49,275.46,-1.15,88.7,6.33,5.62,0.72,3.58,5.75,1241.29,0.72,1.12,220.0
2015-02-22 00:40:00,4495200.0,977.16,0.46,275.44,-1.11,89.1,6.32,5.63,0.69,3.59,5.76,1241.35,0.79,1.36,221.8
2015-02-22 00:50:00,4495800.0,977.09,0.43,275.41,-1.13,89.2,6.3,5.62,0.68,3.59,5.75,1241.43,0.43,0.86,164.0
2015-02-22 01:00:00,4496400.0,977.11,0.54,275.52,-1.16,88.3,6.35,5.61,0.74,3.58,5.74,1240.95,0.4,1.0,117.7
2015-02-22 01:10:00,4497000.0,977.31,0.05,275.01,-1.57,88.8,6.13,5.44,0.69,3.47,5.57,1243.52,0.41,0.66,203.4
2015-02-22 01:20:00,4497600.0,977.46,-0.3,274.65,-1.72,90.1,5.98,5.38,0.59,3.43,5.51,1245.32,0.96,1.5,187.4
2015-02-22 01:30:00,4498200.0,977.49,-0.39,274.55,-1.76,90.4,5.94,5.37,0.57,3.42,5.49,1245.77,1.14,1.64,197.8
2015-02-22 01:40:00,4498800.0,977.58,-0.56,274.37,-1.87,90.8,5.86,5.32,0.54,3.39,5.44,1246.72,0.86,1.56,170.7
2015-02-22 01:50:00,4499400.0,977.65,-0.72,274.21,-1.89,91.7,5.8,5.31,0.48,3.39,5.44,1247.51,1.05,1.56,174.3
2015-02-22 02:00:00,4500000.0,977.71,-0.81,274.12,-1.88,92.4,5.76,5.32,0.44,3.39,5.44,1247.99,0.66,1.88,152.5
2015-02-22 02:10:00,4500600.0,977.8,-0.89,274.03,-1.93,92.6,5.72,5.3,0.42,3.38,5.42,1248.49,0.59,1.24,153.9
2015-02-22 02:20:00,4501200.0,977.77,-0.95,273.96,-1.98,92.7,5.7,5.28,0.42,3.37,5.4,1248.75,0.43,1.04,138.1
2015-02-22 02:30:00,4501800.0,977.84,-1.1,273.81,-2.15,92.5,5.64,5.21,0.42,3.32,5.33,1249.55,0.66,1.32,175.6
2015-02-22 02:40:00,4502400.0,978.04,-1.18,273.71,-2.16,93.0,5.6,5.21,0.39,3.32,5.33,1250.19,0.67,1.32,189.1
2015-02-22 02:50:00,4503000.0,978.16,-1.23,273.65,-2.17,93.3,5.58,5.21,0.37,3.32,5.32,1250.56,0.85,1.36,188.4
2015-02-22 03:00:00,4503600.0,978.31,-1.57,273.3,-2.58,92.8,5.44,5.05,0.39,3.22,5.16,1252.4,1.11,1.5,169.9
2015-02-22 03:10:00,4504200.0,978.46,-1.58,273.27,-2.46,93.7,5.44,5.09,0.34,3.25,5.21,1252.63,0.61,1.28,137.6
2015-02-22 03:20:00,4504800.0,978.6,-1.54,273.31,-2.46,93.4,5.46,5.1,0.36,3.25,5.21,1252.59,0.32,0.6,170.1
2015-02-22 03:30:00,4505400.0,978.57,-1.53,273.32,-2.41,93.7,5.46,5.12,0.34,3.26,5.23,1252.51,0.37,1.2,63.32
2015-02-22 03:40:00,4506000.0,978.63,-1.83,273.02,-2.79,93.1,5.34,4.97,0.37,3.17,5.08,1254.03,0.75,1.36,169.9
2015-02-22 03:50:00,4506600.0,978.76,-1.71,273.12,-2.52,94.2,5.39,5.07,0.31,3.23,5.18,1253.63,0.5,0.88,199.9
2015-02-22 04:00:00,4507200.0,978.84,-1.28,273.55,-2.13,93.9,5.56,5.22,0.34,3.33,5.34,1251.65,0.57,0.96,230.3
2015-02-22 04:10:00,4507800.0,978.98,-1.17,273.65,-2.12,93.2,5.61,5.22,0.38,3.33,5.34,1251.33,0.5,1.28,10.03
2015-02-22 04:20:00,4508400.0,979.08,-0.96,273.85,-2.03,92.4,5.69,5.26,0.43,3.35,5.37,1250.49,0.24,0.48,132.8
2015-02-22 04:30:00,4509000.0,979.22,-1.28,273.51,-2.45,91.7,5.56,5.1,0.46,3.24,5.21,1252.22,0.42,0.6,14.78
2015-02-22 04:40:00,4509600.0,979.49,-1.51,273.27,-2.54,92.6,5.47,5.06,0.4,3.22,5.17,1253.61,0.48,0.72,87.8
2015-02-22 04:50:00,4510200.0,979.59,-1.78,272.99,-2.85,92.3,5.36,4.95,0.41,3.15,5.05,1255.05,0.22,0.44,309.5
2015-02-22 05:00:00,4510800.0,979.78,-1.91,272.84,-2.9,92.9,5.31,4.93,0.38,3.14,5.03,1255.93,0.26,0.48,25.38
2015-02-22 05:10:00,4511400.0,979.86,-1.68,273.06,-2.63,93.2,5.4,5.03,0.37,3.2,5.13,1254.91,0.45,0.72,56.44
2015-02-22 05:20:00,4512000.0,979.79,-1.73,273.02,-2.69,93.1,5.38,5.01,0.37,3.18,5.11,1255.07,0.17,0.36,356.0
2015-02-22 05:30:00,4512600.0,979.84,-1.68,273.07,-2.73,92.5,5.4,4.99,0.4,3.18,5.1,1254.89,0.23,0.48,240.0
2015-02-22 05:40:00,4513200.0,979.95,-1.81,272.92,-2.83,92.7,5.35,4.96,0.39,3.15,5.06,1255.68,0.32,0.7,199.0
2015-02-22 05:50:00,4513800.0,980.03,-2.06,272.67,-3.04,93.0,5.25,4.88,0.37,3.1,4.98,1256.97,0.72,1.44,204.0
2015-02-22 06:00:00,4514400.0,980.07,-2.26,272.47,-3.14,93.6,5.17,4.84,0.33,3.08,4.94,1257.93,0.79,1.4,194.4
2015-02-22 06:10:00,4515000.0,980.27,-2.38,272.33,-3.2,94.0,5.13,4.82,0.31,3.06,4.92,1258.76,0.65,1.06,141.9
2015-02-22 06:20:00,4515600.0,980.37,-2.36,272.34,-3.12,94.5,5.13,4.85,0.28,3.08,4.95,1258.81,0.27,0.72,181.5
2015-02-22 06:30:00,4516200.0,980.43,-2.32,272.37,-3.11,94.3,5.15,4.85,0.29,3.09,4.95,1258.71,0.38,0.84,178.1
2015-02-22 06:40:00,4516800.0,980.58,-2.46,272.23,-3.24,94.3,5.1,4.81,0.29,3.05,4.9,1259.55,0.47,0.96,171.8
2015-02-22 06:50:00,4517400.0,980.76,-2.62,272.05,-3.37,94.5,5.04,4.76,0.28,3.02,4.85,1260.54,1.49,2.2,143.7
2015-02-22 07:00:00,4518000.0,980.82,-2.53,272.14,-3.17,95.3,5.07,4.83,0.24,3.07,4.93,1260.16,0.5,1.68,129.8
2015-02-22 07:10:00,4518600.0,980.91,-2.53,272.13,-3.22,95.0,5.07,4.81,0.25,3.06,4.91,1260.31,1.04,1.84,145.0
2015-02-22 07:20:00,4519200.0,981.02,-2.6,272.04,-3.26,95.2,5.04,4.8,0.24,3.05,4.89,1260.8,0.44,1.12,138.5
2015-02-22 07:30:00,4519800.0,981.21,-2.64,271.99,-3.29,95.2,5.03,4.79,0.24,3.04,4.88,1261.2,0.45,1.16,121.4
2015-02-22 07:40:00,4520400.0,981.33,-2.72,271.9,-3.39,95.1,5.0,4.75,0.24,3.02,4.84,1261.75,0.43,0.84,159.7
2015-02-22 07:50:00,4521000.0,981.65,-2.91,271.68,-3.6,95.0,4.93,4.68,0.25,2.97,4.77,1263.11,0.79,1.28,164.1
2015-02-22 08:00:00,4521600.0,981.8,-2.81,271.77,-3.42,95.5,4.96,4.74,0.22,3.01,4.83,1262.79,1.38,2.16,156.2
2015-02-22 08:10:00,4522200.0,981.94,-2.84,271.74,-3.48,95.3,4.95,4.72,0.23,3.0,4.81,1263.1,1.03,2.08,174.8
2015-02-22 08:20:00,4522800.0,982.04,-2.67,271.89,-3.29,95.5,5.01,4.79,0.23,3.04,4.88,1262.44,0.46,0.96,185.9
2015-02-22 08:30:00,4523400.0,982.05,-2.42,272.15,-3.09,95.1,5.11,4.86,0.25,3.08,4.95,1261.23,0.38,0.68,184.2
2015-02-22 08:40:00,4524000.0,982.21,-2.21,272.34,-3.0,94.3,5.19,4.89,0.3,3.11,4.98,1260.45,0.55,0.92,189.1
2015-02-22 08:50:00,4524600.0,982.35,-2.05,272.49,-2.87,94.1,5.25,4.94,0.31,3.14,5.03,1259.86,0.43,0.84,167.0
2015-02-22 09:00:00,4525200.0,982.47,-1.87,272.66,-2.79,93.4,5.32,4.97,0.35,3.15,5.06,1259.18,1.05,1.76,146.1
2015-02-22 09:10:00,4525800.0,982.65,-1.92,272.61,-2.96,92.5,5.31,4.91,0.4,3.11,4.99,1259.64,1.05,1.76,178.0
2015-02-22 09:20:00,4526400.0,982.87,-1.98,272.53,-2.98,92.8,5.28,4.9,0.38,3.11,4.99,1260.21,0.6,1.4,188.0
2015-02-22 09:30:00,4527000.0,982.91,-1.73,272.77,-2.84,92.1,5.38,4.95,0.42,3.14,5.04,1259.11,0.71,1.16,197.9
2015-02-22 09:40:00,4527600.0,983.07,-1.68,272.81,-2.84,91.7,5.4,4.95,0.45,3.14,5.04,1259.05,0.83,1.48,162.9
2015-02-22 09:50:00,4528200.0,983.15,-1.51,272.98,-2.72,91.4,5.47,5.0,0.47,3.17,5.08,1258.35,0.89,1.72,162.6
2015-02-22 10:00:00,4528800.0,983.25,-1.32,273.15,-2.67,90.5,5.54,5.02,0.53,3.18,5.1,1257.61,1.1,1.92,137.9
2015-02-22 10:10:00,4529400.0,983.36,-1.02,273.45,-2.44,90.0,5.67,5.1,0.57,3.23,5.19,1256.31,1.08,1.68,144.2
2015-02-22 10:20:00,4530000.0,983.48,-0.43,274.03,-2.03,88.9,5.92,5.26,0.66,3.33,5.35,1253.66,0.74,1.28,138.9
2015-02-22 10:30:00,4530600.0,983.61,0.06,274.52,-1.94,86.3,6.14,5.3,0.84,3.36,5.38,1251.56,0.93,1.96,111.9
2015-02-22 10:40:00,4531200.0,983.72,0.33,274.78,-1.68,86.3,6.26,5.4,0.86,3.42,5.49,1250.42,0.84,1.4,120.9
2015-02-22 10:50:00,4531800.0,983.78,0.89,275.33,-1.39,84.7,6.51,5.52,1.0,3.5,5.61,1247.91,0.75,1.32,148.4
2015-02-22 11:00:00,4532400.0,983.83,1.38,275.82,-1.28,82.4,6.75,5.56,1.19,3.52,5.65,1245.73,0.8,1.32,111.5
2015-02-22 11:10:00,4533000.0,983.85,2.11,276.56,-0.79,81.0,7.11,5.76,1.35,3.65,5.86,1242.32,1.13,2.36,140.3
2015-02-22 11:20:00,4533600.0,983.82,2.42,276.87,-0.9,78.6,7.27,5.72,1.56,3.62,5.81,1240.92,1.89,2.72,149.3
2015-02-22 11:30:00,4534200.0,983.79,2.66,277.11,-0.66,78.7,7.4,5.82,1.58,3.69,5.92,1239.77,1.47,2.52,148.3
2015-02-22 11:40:00,4534800.0,983.83,2.87,277.32,-0.67,77.4,7.51,5.81,1.7,3.68,5.91,1238.85,1.43,2.76,155.9
2015-02-22 11:50:00,4535400.0,983.96,3.0,277.44,-0.6,77.1,7.58,5.85,1.74,3.7,5.94,1238.42,0.9,1.68,158.5
2015-02-22 12:00:00,4536000.0,984.07,3.39,277.83,-0.42,76.0,7.8,5.92,1.87,3.75,6.02,1236.77,0.57,1.44,145.5
2015-02-22 12:10:00,4536600.0,983.97,3.67,278.12,-0.62,73.4,7.95,5.84,2.12,3.7,5.93,1235.43,0.78,2.04,112.7
2015-02-22 12:20:00,4537200.0,983.9,3.98,278.43,-0.76,71.1,8.13,5.78,2.35,3.66,5.87,1233.99,1.08,1.92,73.1
2015-02-22 12:30:00,4537800.0,983.83,4.16,278.61,-0.82,69.93,8.23,5.75,2.47,3.65,5.85,1233.14,1.71,3.52,26.53
2015-02-22 12:40:00,4538400.0,983.83,4.03,278.48,-0.81,70.6,8.15,5.76,2.4,3.65,5.85,1233.72,1.75,3.2,2.58
2015-02-22 12:50:00,4539000.0,983.76,4.12,278.58,-0.7,70.7,8.21,5.8,2.4,3.68,5.9,1233.18,1.6,3.56,29.45
2015-02-22 13:00:00,4539600.0,983.62,4.27,278.74,-0.7,70.0,8.29,5.8,2.49,3.68,5.9,1232.37,0.77,1.94,10.63
2015-02-22 13:10:00,4540200.0,983.55,4.3,278.78,-0.71,69.8,8.31,5.8,2.51,3.68,5.9,1232.14,1.39,2.8,11.24
2015-02-22 13:20:00,4540800.0,983.5,4.2,278.69,-0.84,69.57,8.25,5.74,2.51,3.64,5.84,1232.52,1.3,2.44,339.0
2015-02-22 13:30:00,4541400.0,983.57,4.28,278.76,-1.2,67.41,8.3,5.59,2.7,3.55,5.69,1232.34,1.18,2.04,337.7
2015-02-22 13:40:00,4542000.0,983.52,4.42,278.9,-1.3,66.28,8.38,5.55,2.83,3.52,5.65,1231.69,1.14,2.64,266.0
2015-02-22 13:50:00,4542600.0,983.5,4.5,278.98,-1.41,65.32,8.43,5.51,2.92,3.49,5.6,1231.32,1.22,2.24,355.2
2015-02-22 14:00:00,4543200.0,983.41,4.48,278.97,-1.41,65.44,8.42,5.51,2.91,3.49,5.6,1231.28,2.0,2.88,35.33
2015-02-22 14:10:00,4543800.0,983.46,4.6,279.09,-1.39,64.98,8.49,5.52,2.97,3.5,5.61,1230.81,1.12,2.96,341.3
2015-02-22 14:20:00,4544400.0,983.51,4.56,279.04,-1.45,64.92,8.46,5.49,2.97,3.48,5.59,1231.09,1.05,2.16,352.0
2015-02-22 14:30:00,4545000.0,983.52,4.58,279.06,-1.71,63.55,8.47,5.39,3.09,3.41,5.48,1231.05,1.1,2.08,14.02
2015-02-22 14:40:00,4545600.0,983.47,4.58,279.07,-2.2,61.26,8.48,5.19,3.28,3.29,5.28,1231.06,1.53,2.7,324.7
2015-02-22 14:50:00,4546200.0,983.42,4.79,279.28,-2.24,60.22,8.6,5.18,3.42,3.28,5.27,1230.11,1.09,2.24,268.6
2015-02-22 15:00:00,4546800.0,983.49,4.8,279.29,-2.07,60.93,8.61,5.24,3.36,3.32,5.33,1230.1,0.91,2.52,249.8
2015-02-22 15:10:00,4547400.0,983.44,4.8,279.29,-1.95,61.46,8.61,5.29,3.32,3.35,5.38,1230.0,0.86,1.64,297.8
2015-02-22 15:20:00,4548000.0,983.44,4.83,279.32,-1.87,61.71,8.62,5.32,3.3,3.37,5.41,1229.89,1.37,2.56,286.7
2015-02-22 15:30:00,4548600.0,983.5,5.02,279.51,-1.76,61.38,8.74,5.37,3.38,3.4,5.46,1229.06,0.88,1.8,284.9
2015-02-22 15:40:00,4549200.0,983.4,4.94,279.44,-1.7,62.01,8.69,5.39,3.3,3.42,5.48,1229.29,1.04,2.12,279.9
2015-02-22 15:50:00,4549800.0,983.53,4.92,279.4,-1.38,63.61,8.68,5.52,3.16,3.5,5.61,1229.5,0.6,2.48,299.3
2015-02-22 16:00:00,4550400.0,983.59,4.97,279.45,-1.27,63.85,8.71,5.56,3.15,3.53,5.66,1229.31,0.63,1.4,345.2
2015-02-22 16:10:00,4551000.0,983.6,4.85,279.33,-1.36,63.99,8.64,5.53,3.11,3.5,5.62,1229.87,1.15,2.0,294.7
2015-02-22 16:20:00,4551600.0,983.6,4.71,279.19,-1.36,64.6,8.56,5.53,3.03,3.5,5.62,1230.49,0.78,1.36,289.9
2015-02-22 16:30:00,4552200.0,983.56,4.79,279.27,-1.34,64.35,8.6,5.54,3.07,3.51,5.63,1230.09,0.55,0.96,240.9
2015-02-22 16:40:00,4552800.0,983.51,4.82,279.31,-1.34,64.21,8.62,5.54,3.09,3.51,5.63,1229.89,0.61,1.36,224.7
2015-02-22 16:50:00,4553400.0,983.5,4.64,279.13,-1.38,64.85,8.51,5.52,2.99,3.5,5.61,1230.69,1.37,2.04,196.1
2015-02-22 17:00:00,4554000.0,983.42,4.59,279.08,-1.28,65.54,8.48,5.56,2.92,3.52,5.65,1230.79,1.29,1.7,180.5
2015-02-22 17:10:00,4554600.0,983.4,4.55,279.04,-1.25,65.89,8.46,5.57,2.88,3.53,5.67,1230.95,1.46,2.36,180.7
2015-02-22 17:20:00,4555200.0,983.35,4.4,278.9,-1.34,66.14,8.37,5.54,2.83,3.51,5.63,1231.54,1.8,2.36,195.0
2015-02-22 17:30:00,4555800.0,983.24,4.22,278.72,-1.53,66.06,8.26,5.46,2.8,3.46,5.55,1232.27,1.91,2.44,203.2
2015-02-22 17:40:00,4556400.0,983.23,4.07,278.57,-1.65,66.18,8.18,5.41,2.76,3.43,5.5,1232.95,2.05,2.52,205.5
2015-02-22 17:50:00,4557000.0,983.25,3.85,278.36,-1.68,67.03,8.05,5.4,2.66,3.42,5.49,1233.93,2.23,3.3,209.9
2015-02-22 18:00:00,4557600.0,983.26,3.69,278.19,-1.72,67.64,7.96,5.38,2.58,3.41,5.47,1234.69,2.66,3.44,213.4
2015-02-22 18:10:00,4558200.0,983.35,3.64,278.13,-1.69,68.03,7.93,5.39,2.54,3.42,5.49,1235.03,2.38,2.8,221.9
2015-02-22 18:20:00,4558800.0,983.5,3.58,278.06,-1.68,68.31,7.9,5.4,2.5,3.42,5.49,1235.45,2.51,3.0,229.5
2015-02-22 18:30:00,4559400.0,983.56,3.59,278.06,-1.67,68.35,7.9,5.4,2.5,3.42,5.49,1235.5,2.17,2.68,224.7
2015-02-22 18:40:00,4560000.0,983.58,3.4,277.87,-1.74,68.94,7.8,5.38,2.42,3.41,5.47,1236.39,1.31,2.52,225.3
2015-02-22 18:50:00,4560600.0,983.59,2.91,277.38,-1.85,70.8,7.53,5.33,2.2,3.38,5.42,1238.62,1.45,2.08,219.7
2015-02-22 19:00:00,4561200.0,983.58,2.54,277.0,-1.88,72.5,7.33,5.32,2.02,3.37,5.41,1240.28,1.29,1.92,225.2
2015-02-22 19:10:00,4561800.0,983.57,2.38,276.85,-1.89,73.3,7.25,5.32,1.94,3.37,5.41,1240.97,0.87,1.36,225.3
2015-02-22 19:20:00,4562400.0,983.61,2.19,276.66,-1.9,74.2,7.16,5.31,1.85,3.36,5.4,1241.88,0.9,1.48,216.8
2015-02-22 19:30:00,4563000.0,983.73,2.0,276.45,-1.95,75.0,7.06,5.29,1.76,3.35,5.38,1242.9,0.6,1.2,224.3
2015-02-22 19:40:00,4563600.0,983.81,1.85,276.3,-2.04,75.3,6.98,5.26,1.72,3.33,5.34,1243.7,0.57,1.06,220.7
2015-02-22 19:50:00,4564200.0,983.8,1.43,275.87,-2.29,76.2,6.77,5.16,1.61,3.27,5.25,1245.64,0.92,1.76,215.3
2015-02-22 20:00:00,4564800.0,983.72,1.19,275.65,-2.23,77.8,6.66,5.18,1.48,3.28,5.27,1246.59,0.78,1.52,213.8
2015-02-22 20:10:00,4565400.0,983.74,0.9,275.35,-2.29,79.1,6.52,5.16,1.36,3.27,5.24,1247.96,0.81,2.72,220.1
2015-02-22 20:20:00,4566000.0,983.8,0.68,275.12,-2.27,80.5,6.42,5.17,1.25,3.27,5.25,1249.03,0.76,2.36,202.0
2015-02-22 20:30:00,4566600.0,983.77,0.53,274.97,-2.29,81.3,6.35,5.16,1.19,3.27,5.25,1249.68,0.64,1.6,100.1
2015-02-22 20:40:00,4567200.0,983.77,0.25,274.69,-2.43,82.1,6.22,5.11,1.11,3.24,5.19,1250.98,0.44,1.16,90.9
2015-02-22 20:50:00,4567800.0,983.58,-0.15,274.31,-2.81,82.1,6.04,4.96,1.08,3.14,5.04,1252.63,0.76,1.76,111.7
2015-02-22 21:00:00,4568400.0,983.48,-0.72,273.74,-2.91,85.0,5.8,4.93,0.87,3.12,5.01,1255.15,1.19,2.04,162.5
2015-02-22 21:10:00,4569000.0,983.48,-0.82,273.64,-2.82,86.2,5.75,4.96,0.79,3.14,5.04,1255.59,0.81,2.16,153.3
2015-02-22 21:20:00,4569600.0,983.37,-0.94,273.53,-2.98,85.9,5.7,4.9,0.8,3.1,4.98,1256.03,0.89,1.52,146.5
2015-02-22 21:30:00,4570200.0,983.37,-1.07,273.4,-2.98,86.8,5.65,4.9,0.75,3.11,4.98,1256.66,1.37,2.36,145.6
2015-02-22 21:40:00,4570800.0,983.36,-0.98,273.49,-2.81,87.3,5.68,4.96,0.72,3.14,5.05,1256.2,0.28,0.88,99.5
2015-02-22 21:50:00,4571400.0,983.32,-0.94,273.53,-2.91,86.4,5.7,4.93,0.78,3.12,5.01,1255.97,0.33,0.8,253.9
2015-02-22 22:00:00,4572000.0,983.33,-1.11,273.36,-3.06,86.5,5.63,4.87,0.76,3.09,4.95,1256.8,0.53,1.12,178.2
2015-02-22 22:10:00,4572600.0,983.18,-1.43,273.06,-3.25,87.3,5.5,4.8,0.7,3.04,4.88,1258.1,0.78,1.32,214.8
2015-02-22 22:20:00,4573200.0,983.01,-1.38,273.12,-3.16,87.6,5.52,4.84,0.68,3.07,4.92,1257.63,0.34,0.92,163.3
2015-02-22 22:30:00,4573800.0,982.79,-1.45,273.06,-3.24,87.5,5.49,4.8,0.69,3.05,4.89,1257.71,0.83,2.04,146.0
2015-02-22 22:40:00,4574400.0,982.47,-1.43,273.11,-3.14,88.0,5.5,4.84,0.66,3.07,4.93,1257.17,0.28,0.72,91.3
2015-02-22 22:50:00,4575000.0,982.25,-1.58,272.98,-3.32,87.8,5.44,4.78,0.66,3.03,4.86,1257.62,0.3,0.6,13.87
2015-02-22 23:00:00,4575600.0,982.25,-1.52,273.04,-3.14,88.6,5.46,4.84,0.62,3.07,4.93,1257.32,0.47,1.04,95.3
2015-02-22 23:10:00,4576200.0,982.12,-1.56,273.0,-3.25,88.2,5.45,4.8,0.64,3.05,4.89,1257.37,0.87,1.52,145.9
2015-02-22 23:20:00,4576800.0,982.11,-2.11,272.45,-3.7,88.8,5.23,4.64,0.59,2.95,4.73,1260.0,0.95,1.52,171.1
2015-02-22 23:30:00,4577400.0,981.97,-2.05,272.53,-3.37,90.6,5.25,4.76,0.49,3.02,4.85,1259.46,0.62,1.12,210.5
2015-02-22 23:40:00,4578000.0,981.8,-2.01,272.58,-3.38,90.3,5.27,4.76,0.51,3.02,4.84,1259.07,1.39,2.04,219.4
2015-02-22 23:50:00,4578600.0,981.76,-1.78,272.81,-3.12,90.5,5.36,4.85,0.51,3.08,4.94,1257.89,1.23,2.36,205.9
2015-02-23 00:00:00,4579200.0,981.66,-1.56,273.04,-3.02,89.7,5.45,4.89,0.56,3.1,4.98,1256.74,1.08,1.54,208.5
2015-02-23 00:10:00,4579800.0,981.63,-1.52,273.08,-3.1,88.9,5.46,4.86,0.61,3.08,4.95,1256.52,1.01,1.6,191.6
2015-02-23 00:20:00,4580400.0,981.49,-1.82,272.79,-3.37,89.1,5.34,4.76,0.58,3.02,4.85,1257.79,1.28,1.68,202.7
2015-02-23 00:30:00,4581000.0,981.19,-2.1,272.53,-3.39,90.8,5.23,4.75,0.48,3.02,4.84,1258.71,0.88,1.2,221.3
2015-02-23 00:40:00,4581600.0,980.95,-1.92,272.74,-3.17,91.1,5.3,4.83,0.47,3.07,4.93,1257.51,0.6,1.28,214.5
2015-02-23 00:50:00,4582200.0,980.83,-1.63,273.04,-2.94,90.7,5.42,4.91,0.5,3.12,5.01,1255.98,1.1,1.72,208.5
2015-02-23 01:00:00,4582800.0,980.86,-1.47,273.2,-2.95,89.6,5.48,4.91,0.57,3.12,5.01,1255.28,1.13,1.64,217.8
2015-02-23 01:10:00,4583400.0,980.84,-1.43,273.24,-2.95,89.3,5.5,4.91,0.59,3.12,5.01,1255.06,1.49,1.88,203.4
2015-02-23 01:20:00,4584000.0,980.77,-1.95,272.72,-3.56,88.7,5.29,4.69,0.6,2.98,4.79,1257.49,1.31,1.92,195.9
2015-02-23 01:30:00,4584600.0,980.52,-2.75,271.94,-4.0,91.0,4.99,4.54,0.45,2.88,4.63,1260.94,0.89,1.44,189.2
2015-02-23 01:40:00,4585200.0,980.29,-2.79,271.92,-3.77,92.9,4.97,4.62,0.35,2.94,4.71,1260.8,1.19,1.92,208.3
2015-02-23 01:50:00,4585800.0,980.09,-2.39,272.33,-3.23,93.9,5.12,4.81,0.31,3.06,4.91,1258.6,2.03,3.0,199.5
2015-02-23 02:00:00,4586400.0,980.02,-2.13,272.6,-3.12,92.9,5.22,4.85,0.37,3.08,4.95,1257.28,1.49,2.96,187.4
2015-02-23 02:10:00,4587000.0,979.81,-1.97,272.78,-3.06,92.2,5.28,4.87,0.41,3.1,4.97,1256.26,1.23,1.78,182.4
2015-02-23 02:20:00,4587600.0,979.56,-2.33,272.44,-3.49,91.7,5.14,4.72,0.43,3.0,4.82,1257.68,1.64,2.72,176.6
2015-02-23 02:30:00,4588200.0,979.29,-2.51,272.27,-3.54,92.6,5.08,4.7,0.38,2.99,4.8,1258.18,2.56,4.13,178.9
2015-02-23 02:40:00,4588800.0,978.98,-2.36,272.45,-3.39,92.6,5.13,4.75,0.38,3.03,4.86,1257.06,2.02,3.57,204.8
2015-02-23 02:50:00,4589400.0,978.85,-2.39,272.43,-3.46,92.3,5.12,4.73,0.39,3.01,4.83,1257.03,1.2,1.88,207.4
2015-02-23 03:00:00,4590000.0,978.65,-2.21,272.62,-3.24,92.6,5.19,4.81,0.38,3.06,4.91,1255.93,0.61,1.88,198.7
2015-02-23 03:10:00,4590600.0,978.39,-2.19,272.67,-3.29,92.1,5.2,4.79,0.41,3.05,4.89,1255.5,1.21,2.0,185.5
2015-02-23 03:20:00,4591200.0,978.21,-2.04,272.83,-3.13,92.2,5.26,4.85,0.41,3.09,4.95,1254.56,1.83,2.68,189.0
2015-02-23 03:30:00,4591800.0,977.97,-2.07,272.82,-3.26,91.5,5.25,4.8,0.45,3.06,4.91,1254.39,2.0,2.68,199.1
2015-02-23 03:40:00,4592400.0,977.81,-2.08,272.82,-3.21,91.9,5.24,4.82,0.42,3.07,4.92,1254.24,2.69,3.41,203.3
2015-02-23 03:50:00,4593000.0,977.77,-1.66,273.25,-2.83,91.7,5.41,4.96,0.45,3.16,5.07,1252.19,2.95,3.79,192.3
2015-02-23 04:00:00,4593600.0,977.63,-1.54,273.38,-2.93,90.2,5.46,4.92,0.53,3.14,5.03,1251.45,3.13,4.07,186.6
2015-02-23 04:10:00,4594200.0,977.65,-1.21,273.71,-2.61,90.2,5.59,5.04,0.55,3.21,5.16,1249.92,3.18,4.05,190.6
2015-02-23 04:20:00,4594800.0,977.57,-0.72,274.22,-2.38,88.4,5.8,5.12,0.67,3.27,5.24,1247.49,2.16,3.13,185.2
2015-02-23 04:30:00,4595400.0,977.36,-0.94,274.01,-2.71,87.7,5.7,5.0,0.7,3.19,5.12,1248.31,2.01,2.76,195.9
2015-02-23 04:40:00,4596000.0,977.16,-1.03,273.94,-2.63,88.8,5.67,5.03,0.63,3.21,5.15,1248.44,2.33,3.13,193.3
2015-02-23 04:50:00,4596600.0,977.03,-0.9,274.08,-2.5,88.8,5.72,5.08,0.64,3.24,5.2,1247.66,2.58,3.69,190.6
2015-02-23 05:00:00,4597200.0,977.04,-0.52,274.46,-2.16,88.6,5.88,5.21,0.67,3.32,5.33,1245.86,3.26,4.51,190.7
2015-02-23 05:10:00,4597800.0,976.79,-0.14,274.86,-2.09,86.6,6.05,5.24,0.81,3.34,5.36,1243.81,3.76,4.53,187.1
2015-02-23 05:20:00,4598400.0,976.51,-0.2,274.83,-2.2,86.3,6.02,5.2,0.82,3.32,5.32,1243.73,3.3,4.57,180.9
2015-02-23 05:30:00,4599000.0,976.35,-0.33,274.71,-2.29,86.5,5.96,5.16,0.81,3.29,5.28,1244.14,2.6,3.89,187.9
2015-02-23 05:40:00,4599600.0,976.19,-0.48,274.56,-2.34,87.2,5.9,5.14,0.75,3.28,5.27,1244.65,3.57,4.81,193.9
2015-02-23 05:50:00,4600200.0,975.99,-0.36,274.71,-2.23,87.1,5.95,5.18,0.77,3.31,5.31,1243.8,3.71,4.49,191.9
2015-02-23 06:00:00,4600800.0,975.77,-0.06,275.02,-2.06,86.3,6.08,5.25,0.83,3.35,5.38,1242.15,3.93,4.93,192.7
2015-02-23 06:10:00,4601400.0,975.6,0.15,275.25,-2.04,85.1,6.18,5.26,0.92,3.36,5.39,1240.95,3.21,5.17,183.9
2015-02-23 06:20:00,4602000.0,975.35,0.28,275.4,-2.01,84.5,6.23,5.27,0.97,3.37,5.4,1240.06,2.95,4.69,176.6
2015-02-23 06:30:00,4602600.0,975.2,0.23,275.36,-2.08,84.4,6.21,5.24,0.97,3.35,5.38,1240.11,2.9,4.39,190.7
2015-02-23 06:40:00,4603200.0,975.12,0.28,275.41,-1.98,84.7,6.23,5.28,0.95,3.37,5.41,1239.78,2.36,3.0,185.0
2015-02-23 06:50:00,4603800.0,974.89,0.36,275.51,-1.95,84.4,6.27,5.29,0.98,3.38,5.43,1239.1,2.71,4.11,179.9
2015-02-23 07:00:00,4604400.0,974.73,0.36,275.53,-1.94,84.5,6.27,5.3,0.97,3.39,5.43,1238.9,2.95,4.17,183.2
2015-02-23 07:10:00,4605000.0,974.66,0.49,275.66,-1.89,84.0,6.33,5.32,1.01,3.4,5.45,1238.22,3.19,4.21,174.7
2015-02-23 07:20:00,4605600.0,974.44,0.56,275.75,-1.88,83.6,6.36,5.32,1.04,3.4,5.46,1237.61,3.31,4.73,178.4
2015-02-23 07:30:00,4606200.0,974.39,0.74,275.94,-1.84,82.8,6.44,5.34,1.11,3.41,5.48,1236.72,2.83,4.05,176.5
2015-02-23 07:40:00,4606800.0,974.34,1.09,276.29,-1.84,80.7,6.61,5.33,1.28,3.41,5.47,1235.08,2.25,4.05,175.3
2015-02-23 07:50:00,4607400.0,974.22,1.38,276.6,-1.83,79.1,6.75,5.34,1.41,3.42,5.48,1233.63,2.5,3.61,176.0
2015-02-23 08:00:00,4608000.0,974.1,1.81,277.04,-2.01,75.7,6.96,5.27,1.69,3.37,5.41,1231.58,3.39,6.95,176.7
2015-02-23 08:10:00,4608600.0,974.04,2.03,277.27,-2.06,74.2,7.08,5.25,1.83,3.36,5.39,1230.5,3.11,4.21,176.5
2015-02-23 08:20:00,4609200.0,973.8,2.19,277.45,-2.22,72.5,7.16,5.19,1.97,3.32,5.33,1229.52,4.64,8.85,184.9
2015-02-23 08:30:00,4609800.0,973.77,2.57,277.84,-2.39,69.64,7.35,5.12,2.23,3.28,5.26,1227.82,4.8,7.13,187.8
2015-02-23 08:40:00,4610400.0,973.72,2.73,278.0,-2.48,68.41,7.44,5.09,2.35,3.26,5.22,1227.07,4.68,6.49,181.9
2015-02-23 08:50:00,4611000.0,973.66,2.81,278.09,-2.52,67.8,7.48,5.07,2.41,3.25,5.21,1226.64,4.48,6.13,182.9
2015-02-23 09:00:00,4611600.0,973.52,2.93,278.22,-2.63,66.67,7.55,5.03,2.51,3.22,5.17,1225.94,5.05,7.81,182.3
2015-02-23 09:10:00,4612200.0,973.44,2.94,278.23,-2.61,66.73,7.55,5.04,2.51,3.22,5.17,1225.82,4.99,8.05,176.5
2015-02-23 09:20:00,4612800.0,973.35,3.0,278.3,-2.62,66.41,7.58,5.03,2.55,3.22,5.17,1225.43,5.26,7.77,176.4
2015-02-23 09:30:00,4613400.0,973.18,3.0,278.31,-2.51,66.98,7.58,5.08,2.5,3.25,5.22,1225.2,5.13,7.13,175.2
2015-02-23 09:40:00,4614000.0,973.04,3.08,278.41,-2.41,67.05,7.63,5.11,2.51,3.27,5.25,1224.63,5.49,8.65,177.3
2015-02-23 09:50:00,4614600.0,973.01,3.19,278.52,-2.34,66.89,7.68,5.14,2.54,3.29,5.28,1224.11,5.17,7.37,182.5
2015-02-23 10:00:00,4615200.0,972.9,3.33,278.67,-2.32,66.37,7.76,5.15,2.61,3.3,5.29,1223.36,5.29,8.15,184.0
2015-02-23 10:10:00,4615800.0,972.81,3.41,278.76,-2.18,66.66,7.8,5.2,2.6,3.33,5.35,1222.87,5.08,6.69,187.7
2015-02-23 10:20:00,4616400.0,972.67,3.56,278.92,-2.1,66.34,7.89,5.23,2.65,3.35,5.38,1222.0,4.95,6.49,190.1
2015-02-23 10:30:00,4617000.0,972.66,3.74,279.1,-2.01,65.99,7.99,5.27,2.72,3.38,5.42,1221.19,5.55,9.45,188.5
2015-02-23 10:40:00,4617600.0,972.77,3.82,279.17,-1.89,66.15,8.03,5.31,2.72,3.41,5.46,1220.94,5.59,8.05,192.7
2015-02-23 10:50:00,4618200.0,972.67,3.54,278.9,-1.61,68.93,7.87,5.43,2.45,3.48,5.58,1222.01,4.78,7.43,180.5
2015-02-23 11:00:00,4618800.0,972.56,3.47,278.84,-1.71,68.71,7.84,5.38,2.45,3.45,5.54,1222.19,4.29,7.39,177.9
2015-02-23 11:10:00,4619400.0,972.5,3.55,278.93,-1.88,67.44,7.88,5.32,2.57,3.41,5.47,1221.77,4.17,5.95,190.4
2015-02-23 11:20:00,4620000.0,972.47,3.66,279.04,-2.07,66.01,7.94,5.24,2.7,3.36,5.39,1221.29,4.21,6.61,190.0
2015-02-23 11:30:00,4620600.0,972.34,3.72,279.11,-2.3,64.64,7.98,5.16,2.82,3.3,5.3,1220.92,5.33,9.41,199.3
2015-02-23 11:40:00,4621200.0,972.23,3.67,279.07,-2.3,64.84,7.95,5.15,2.8,3.3,5.3,1220.99,4.81,6.49,199.3
2015-02-23 11:50:00,4621800.0,972.09,3.6,279.01,-2.29,65.21,7.91,5.16,2.75,3.31,5.31,1221.13,5.93,9.29,199.5
2015-02-23 12:00:00,4622400.0,971.98,3.5,278.92,-2.26,65.84,7.86,5.17,2.68,3.32,5.32,1221.41,5.67,8.11,194.3
2015-02-23 12:10:00,4623000.0,971.9,3.34,278.77,-2.09,67.41,7.77,5.24,2.53,3.36,5.39,1221.98,6.24,8.89,205.2
2015-02-23 12:20:00,4623600.0,971.81,3.03,278.45,-1.73,70.8,7.59,5.38,2.22,3.45,5.53,1223.21,5.31,8.93,198.3
2015-02-23 12:30:00,4624200.0,971.68,2.69,278.13,-1.37,74.5,7.42,5.53,1.89,3.54,5.69,1224.45,5.29,7.29,198.9
2015-02-23 12:40:00,4624800.0,971.68,2.33,277.76,-1.01,78.5,7.22,5.67,1.55,3.64,5.84,1226.01,4.19,6.13,194.3
2015-02-23 12:50:00,4625400.0,971.76,2.0,277.42,-0.8,81.6,7.06,5.76,1.3,3.69,5.93,1227.52,3.83,5.23,205.5
2015-02-23 13:00:00,4626000.0,971.71,1.74,277.16,-0.52,84.9,6.93,5.88,1.05,3.77,6.05,1228.58,3.3,5.69,205.2
2015-02-23 13:10:00,4626600.0,971.76,1.62,277.04,-0.44,86.1,6.87,5.91,0.95,3.79,6.09,1229.15,2.84,4.73,213.0
2015-02-23 13:20:00,4627200.0,971.71,1.54,276.97,-0.31,87.4,6.83,5.97,0.86,3.83,6.14,1229.39,2.08,3.69,194.6
2015-02-23 13:30:00,4627800.0,971.68,1.71,277.13,-0.03,88.2,6.91,6.1,0.82,3.91,6.27,1228.57,0.75,1.84,176.0
2015-02-23 13:40:00,4628400.0,971.68,1.73,277.15,-0.13,87.4,6.92,6.05,0.87,3.88,6.23,1228.5,1.43,2.32,182.5
2015-02-23 13:50:00,4629000.0,971.61,1.74,277.17,-0.07,87.7,6.93,6.08,0.85,3.9,6.25,1228.34,2.11,3.04,153.1
2015-02-23 14:00:00,4629600.0,971.54,1.76,277.2,0.03,88.2,6.94,6.12,0.82,3.93,6.3,1228.14,2.14,3.28,160.7
2015-02-23 14:10:00,4630200.0,971.45,1.75,277.19,0.04,88.4,6.93,6.13,0.8,3.93,6.31,1228.09,2.83,4.09,164.8
2015-02-23 14:20:00,4630800.0,971.29,1.73,277.19,0.05,88.5,6.92,6.13,0.8,3.93,6.31,1227.94,3.1,4.89,178.2
2015-02-23 14:30:00,4631400.0,971.22,1.74,277.2,0.08,88.7,6.93,6.14,0.78,3.94,6.32,1227.84,3.07,4.41,179.1
2015-02-23 14:40:00,4632000.0,971.2,1.76,277.23,0.16,89.1,6.94,6.18,0.76,3.97,6.36,1227.69,2.82,4.57,181.7
2015-02-23 14:50:00,4632600.0,971.2,1.76,277.23,0.2,89.3,6.94,6.2,0.74,3.98,6.38,1227.67,3.3,4.85,186.7
2015-02-23 15:00:00,4633200.0,971.19,1.83,277.29,0.32,89.7,6.97,6.25,0.72,4.01,6.44,1227.34,2.8,4.71,186.2
2015-02-23 15:10:00,4633800.0,971.11,1.86,277.33,0.29,89.3,6.99,6.24,0.75,4.01,6.42,1227.12,3.01,4.81,185.0
2015-02-23 15:20:00,4634400.0,970.98,1.92,277.4,0.3,89.0,7.02,6.24,0.77,4.01,6.43,1226.67,2.82,4.33,173.0
2015-02-23 15:30:00,4635000.0,971.02,1.93,277.41,0.29,88.8,7.02,6.24,0.79,4.0,6.42,1226.67,2.66,4.01,162.2
2015-02-23 15:40:00,4635600.0,971.09,1.91,277.39,0.24,88.6,7.01,6.21,0.8,3.99,6.4,1226.85,2.31,3.57,155.1
2015-02-23 15:50:00,4636200.0,971.05,1.93,277.41,0.24,88.5,7.02,6.21,0.81,3.99,6.4,1226.72,2.3,3.53,156.7
2015-02-23 16:00:00,4636800.0,970.91,1.98,277.47,0.18,87.8,7.05,6.19,0.86,3.97,6.37,1226.32,2.87,4.25,158.9
2015-02-23 16:10:00,4637400.0,970.65,2.08,277.59,0.13,86.9,7.1,6.17,0.93,3.96,6.35,1225.59,2.89,3.77,175.6
2015-02-23 16:20:00,4638000.0,970.33,2.13,277.67,0.02,85.9,7.12,6.12,1.0,3.93,6.31,1224.97,3.51,5.17,170.6
2015-02-23 16:30:00,4638600.0,970.2,2.2,277.75,-0.13,84.5,7.16,6.05,1.11,3.89,6.24,1224.51,3.13,4.49,176.7
2015-02-23 16:40:00,4639200.0,970.75,2.27,277.77,-0.26,83.3,7.19,5.99,1.2,3.85,6.17,1224.95,3.23,5.17,219.9
2015-02-23 16:50:00,4639800.0,970.98,2.31,277.8,-0.25,83.1,7.22,6.0,1.22,3.85,6.18,1225.03,3.55,5.93,215.1
2015-02-23 17:00:00,4640400.0,971.21,2.33,277.8,-0.18,83.4,7.23,6.03,1.2,3.87,6.21,1225.22,3.19,4.37,204.7
2015-02-23 17:10:00,4641000.0,971.47,2.3,277.75,-0.08,84.2,7.21,6.07,1.14,3.9,6.25,1225.66,2.39,3.08,212.5
2015-02-23 17:20:00,4641600.0,971.67,2.29,277.72,0.01,84.8,7.21,6.11,1.1,3.92,6.29,1225.96,1.92,2.84,208.7
2015-02-23 17:30:00,4642200.0,971.68,2.53,277.96,-0.17,82.3,7.33,6.03,1.3,3.87,6.21,1224.94,3.12,6.57,197.5
2015-02-23 17:40:00,4642800.0,971.61,2.72,278.16,-0.44,79.6,7.43,5.91,1.52,3.79,6.09,1224.07,4.7,7.49,198.8
2015-02-23 17:50:00,4643400.0,971.59,2.76,278.2,-0.4,79.6,7.45,5.93,1.52,3.81,6.1,1223.86,2.66,6.05,188.4
2015-02-23 18:00:00,4644000.0,971.64,2.78,278.22,-0.38,79.6,7.46,5.94,1.52,3.81,6.11,1223.83,1.54,2.52,187.0
2015-02-23 18:10:00,4644600.0,971.58,2.76,278.2,-0.4,79.6,7.45,5.93,1.52,3.81,6.1,1223.85,1.42,2.36,189.0
2015-02-23 18:20:00,4645200.0,971.76,2.82,278.25,-0.45,79.0,7.48,5.91,1.57,3.79,6.08,1223.8,1.32,3.12,178.8
2015-02-23 18:30:00,4645800.0,971.82,2.91,278.33,-0.41,78.7,7.53,5.93,1.6,3.8,6.1,1223.48,0.86,2.24,187.6
2015-02-23 18:40:00,4646400.0,971.85,2.83,278.25,-0.45,78.9,7.49,5.91,1.58,3.79,6.08,1223.87,0.78,2.06,207.4
2015-02-23 18:50:00,4647000.0,971.97,2.88,278.3,-0.38,79.0,7.52,5.94,1.58,3.81,6.11,1223.78,0.96,1.84,192.3
2015-02-23 19:00:00,4647600.0,972.1,2.9,278.3,-0.38,78.9,7.53,5.94,1.59,3.81,6.11,1223.87,1.58,2.36,157.7
2015-02-23 19:10:00,4648200.0,972.15,2.96,278.36,-0.33,78.9,7.56,5.96,1.59,3.82,6.13,1223.66,1.12,2.28,159.6
2015-02-23 19:20:00,4648800.0,972.23,2.81,278.2,-0.3,79.9,7.48,5.97,1.5,3.83,6.15,1224.42,1.61,2.32,182.3
2015-02-23 19:30:00,4649400.0,972.3,2.76,278.14,-0.28,80.3,7.45,5.98,1.47,3.84,6.15,1224.73,4.37,7.57,207.1
2015-02-23 19:40:00,4650000.0,972.35,2.86,278.24,-0.27,79.8,7.51,5.99,1.52,3.84,6.16,1224.33,4.52,6.93,213.0
2015-02-23 19:50:00,4650600.0,972.45,2.87,278.24,-0.23,80.0,7.51,6.01,1.5,3.85,6.18,1224.42,3.52,5.89,212.6
2015-02-23 20:00:00,4651200.0,972.57,2.87,278.23,-0.16,80.4,7.51,6.04,1.47,3.87,6.21,1224.56,2.32,4.61,187.5
2015-02-23 20:10:00,4651800.0,972.77,2.87,278.22,-0.14,80.5,7.51,6.05,1.46,3.88,6.22,1224.78,0.95,2.0,179.8
2015-02-23 20:20:00,4652400.0,972.91,2.87,278.21,-0.12,80.6,7.51,6.05,1.46,3.88,6.22,1224.95,0.6,1.36,44.71
2015-02-23 20:30:00,4653000.0,972.97,2.72,278.05,-0.23,80.8,7.43,6.01,1.43,3.85,6.17,1225.71,1.58,3.36,195.6
2015-02-23 20:40:00,4653600.0,973.02,2.62,277.94,-0.22,81.5,7.38,6.01,1.36,3.85,6.18,1226.25,1.61,3.06,201.6
2015-02-23 20:50:00,4654200.0,973.06,2.59,277.91,-0.23,81.6,7.36,6.01,1.35,3.85,6.17,1226.43,2.39,6.05,213.3
2015-02-23 21:00:00,4654800.0,973.04,2.58,277.9,-0.22,81.7,7.35,6.01,1.35,3.85,6.18,1226.46,3.17,4.61,208.7
2015-02-23 21:10:00,4655400.0,973.1,2.62,277.94,-0.21,81.5,7.38,6.01,1.36,3.85,6.18,1226.34,3.45,5.41,214.3
2015-02-23 21:20:00,4656000.0,973.19,2.48,277.79,-0.28,81.9,7.31,5.98,1.32,3.83,6.15,1227.08,3.5,5.21,208.8
2015-02-23 21:30:00,4656600.0,973.37,2.47,277.77,-0.23,82.3,7.3,6.01,1.29,3.85,6.17,1227.34,2.71,4.85,216.2
2015-02-23 21:40:00,4657200.0,973.62,2.39,277.66,-0.31,82.3,7.26,5.97,1.28,3.82,6.13,1228.06,1.91,3.16,10.61
2015-02-23 21:50:00,4657800.0,973.74,2.23,277.5,-0.34,83.0,7.18,5.96,1.22,3.81,6.12,1228.89,1.53,3.26,25.03
2015-02-23 22:00:00,4658400.0,973.77,2.47,277.73,-0.16,82.7,7.3,6.04,1.26,3.86,6.2,1227.85,0.78,1.98,116.9
2015-02-23 22:10:00,4659000.0,973.75,2.58,277.84,-0.19,81.9,7.35,6.02,1.33,3.86,6.19,1227.35,2.35,4.09,174.1
2015-02-23 22:20:00,4659600.0,973.83,2.19,277.44,-0.3,83.5,7.15,5.97,1.18,3.82,6.13,1229.2,2.49,3.24,195.2
2015-02-23 22:30:00,4660200.0,973.83,2.07,277.33,-0.26,84.5,7.09,5.99,1.1,3.84,6.16,1229.71,2.52,3.59,190.7
2015-02-23 22:40:00,4660800.0,973.77,2.14,277.4,-0.2,84.4,7.13,6.02,1.11,3.85,6.18,1229.31,1.85,2.96,179.9
2015-02-23 22:50:00,4661400.0,973.9,2.02,277.27,-0.21,85.1,7.07,6.01,1.05,3.85,6.18,1230.03,1.13,1.92,193.0
2015-02-23 23:00:00,4662000.0,973.94,2.04,277.29,-0.14,85.4,7.08,6.05,1.03,3.87,6.21,1229.95,1.22,2.08,170.2
2015-02-23 23:10:00,4662600.0,974.03,2.07,277.31,-0.09,85.5,7.1,6.07,1.03,3.88,6.23,1229.92,0.96,1.92,180.5
2015-02-23 23:20:00,4663200.0,974.13,2.21,277.44,0.06,85.6,7.17,6.13,1.03,3.93,6.3,1229.4,0.9,2.28,135.8
2015-02-23 23:30:00,4663800.0,974.03,2.35,277.59,0.11,85.1,7.24,6.16,1.08,3.94,6.32,1228.64,0.99,2.56,139.8
2015-02-23 23:40:00,4664400.0,973.92,2.25,277.5,-0.03,84.8,7.19,6.09,1.09,3.9,6.26,1228.97,1.71,2.96,168.8
2015-02-23 23:50:00,4665000.0,973.85,2.13,277.39,-0.1,85.1,7.13,6.06,1.06,3.88,6.23,1229.42,2.05,3.2,175.2
2015-02-24 00:00:00,4665600.0,973.83,2.09,277.34,-0.08,85.5,7.1,6.07,1.03,3.89,6.23,1229.61,1.09,1.84,177.5
2015-02-24 00:10:00,4666200.0,973.84,1.97,277.22,-0.15,85.8,7.04,6.04,1.0,3.87,6.2,1230.16,1.21,2.2,180.0
2015-02-24 00:20:00,4666800.0,973.87,1.8,277.05,-0.17,86.7,6.96,6.03,0.93,3.86,6.19,1230.97,1.28,2.58,166.4
2015-02-24 00:30:00,4667400.0,973.91,1.59,276.84,-0.25,87.5,6.85,6.0,0.86,3.84,6.16,1231.96,0.62,1.32,215.9
2015-02-24 00:40:00,4668000.0,973.92,1.59,276.83,-0.19,87.9,6.85,6.02,0.83,3.86,6.18,1231.98,1.19,2.48,191.0
2015-02-24 00:50:00,4668600.0,973.91,1.54,276.79,-0.17,88.3,6.83,6.03,0.8,3.86,6.19,1232.17,0.72,1.52,174.5
2015-02-24 01:00:00,4669200.0,973.89,1.48,276.72,-0.18,88.7,6.8,6.03,0.77,3.86,6.19,1232.44,0.32,0.74,326.5
2015-02-24 01:10:00,4669800.0,973.7,1.51,276.77,-0.14,88.7,6.81,6.04,0.77,3.87,6.21,1232.04,0.37,0.8,29.28
2015-02-24 01:20:00,4670400.0,973.61,1.15,276.41,-0.55,88.4,6.64,5.87,0.77,3.76,6.03,1233.63,1.16,2.64,182.1
2015-02-24 01:30:00,4671000.0,973.56,0.92,276.19,-0.29,91.6,6.53,5.98,0.55,3.83,6.14,1234.54,3.47,5.47,217.9
2015-02-24 01:40:00,4671600.0,973.7,1.97,277.24,0.51,90.0,7.04,6.34,0.7,4.06,6.51,1229.82,4.16,4.97,218.1
2015-02-24 01:50:00,4672200.0,973.78,2.25,277.51,0.34,87.1,7.19,6.26,0.93,4.01,6.43,1228.7,2.87,4.65,202.6
2015-02-24 02:00:00,4672800.0,973.81,2.23,277.49,0.41,87.7,7.18,6.29,0.88,4.03,6.46,1228.83,3.98,5.81,208.6
2015-02-24 02:10:00,4673400.0,973.78,2.78,278.04,0.6,85.5,7.46,6.38,1.08,4.08,6.55,1226.32,4.78,6.05,203.5
2015-02-24 02:20:00,4674000.0,973.91,2.71,277.96,0.45,85.0,7.43,6.31,1.11,4.04,6.48,1226.81,3.43,5.61,219.7
2015-02-24 02:30:00,4674600.0,973.92,2.76,278.02,0.59,85.5,7.45,6.37,1.08,4.08,6.54,1226.56,4.02,5.47,213.1
2015-02-24 02:40:00,4675200.0,974.17,2.9,278.13,0.72,85.5,7.53,6.44,1.09,4.12,6.61,1226.24,2.61,3.65,202.8
2015-02-24 02:50:00,4675800.0,974.08,2.62,277.86,0.48,85.7,7.38,6.33,1.06,4.05,6.49,1227.4,1.85,3.08,145.0
2015-02-24 03:00:00,4676400.0,973.9,2.33,277.58,0.49,87.6,7.23,6.33,0.9,4.05,6.5,1228.49,2.05,3.28,166.6
2015-02-24 03:10:00,4677000.0,973.91,2.56,277.82,0.83,88.3,7.35,6.49,0.86,4.15,6.66,1227.38,2.74,4.85,196.5
2015-02-24 03:20:00,4677600.0,973.98,3.01,278.26,0.95,86.3,7.58,6.54,1.04,4.19,6.72,1225.48,3.32,5.33,203.1
2015-02-24 03:30:00,4678200.0,974.11,2.97,278.21,0.89,86.1,7.57,6.51,1.05,4.17,6.69,1225.8,2.89,4.05,211.9
2015-02-24 03:40:00,4678800.0,974.12,2.93,278.17,0.86,86.2,7.54,6.5,1.04,4.16,6.67,1226.01,3.61,5.69,215.3
2015-02-24 03:50:00,4679400.0,974.17,2.97,278.21,0.82,85.7,7.57,6.48,1.08,4.15,6.66,1225.89,3.54,5.25,218.7
2015-02-24 04:00:00,4680000.0,974.3,3.13,278.35,0.91,85.3,7.65,6.53,1.12,4.18,6.7,1225.35,4.03,7.93,221.4
2015-02-24 04:10:00,4680600.0,974.35,3.42,278.64,0.87,83.3,7.81,6.5,1.3,4.16,6.68,1224.13,4.62,8.01,220.8
2015-02-24 04:20:00,4681200.0,974.32,3.53,278.75,0.74,81.9,7.87,6.44,1.42,4.12,6.61,1223.65,3.96,7.49,229.4
2015-02-24 04:30:00,4681800.0,974.47,3.34,278.55,0.55,81.9,7.76,6.36,1.41,4.07,6.53,1224.71,2.4,4.83,242.5
2015-02-24 04:40:00,4682400.0,974.72,3.37,278.56,0.36,80.6,7.78,6.27,1.51,4.01,6.43,1224.93,2.81,4.81,236.0
2015-02-24 04:50:00,4683000.0,974.95,3.37,278.54,0.26,80.0,7.78,6.22,1.56,3.98,6.38,1225.25,2.0,3.3,241.6
2015-02-24 05:00:00,4683600.0,975.12,3.27,278.43,0.18,80.1,7.73,6.19,1.54,3.96,6.35,1225.91,1.22,2.52,266.8
2015-02-24 05:10:00,4684200.0,975.17,3.26,278.42,0.14,79.9,7.72,6.17,1.55,3.95,6.33,1226.01,1.1,1.72,282.7
2015-02-24 05:20:00,4684800.0,975.51,3.19,278.32,0.07,79.9,7.69,6.14,1.54,3.93,6.3,1226.76,1.05,1.86,279.6
2015-02-24 05:30:00,4685400.0,975.72,3.04,278.15,0.01,80.4,7.6,6.11,1.49,3.91,6.27,1227.71,0.42,1.0,169.9
2015-02-24 05:40:00,4686000.0,975.94,2.88,277.97,-0.03,81.1,7.52,6.1,1.42,3.89,6.25,1228.71,0.77,1.68,196.0
2015-02-24 05:50:00,4686600.0,976.24,2.7,277.76,-0.15,81.4,7.42,6.04,1.38,3.86,6.19,1229.93,2.07,2.72,225.7
2015-02-24 06:00:00,4687200.0,976.33,2.67,277.72,-0.18,81.4,7.4,6.03,1.38,3.85,6.17,1230.19,1.73,2.8,224.8
2015-02-24 06:10:00,4687800.0,976.32,2.54,277.6,-0.26,81.7,7.34,5.99,1.34,3.83,6.14,1230.76,1.52,2.92,216.9
2015-02-24 06:20:00,4688400.0,976.23,2.37,277.44,-0.35,82.1,7.25,5.95,1.3,3.8,6.1,1231.42,1.88,3.1,224.1
2015-02-24 06:30:00,4689000.0,976.29,2.22,277.27,-0.48,82.3,7.17,5.9,1.27,3.77,6.04,1232.23,2.2,3.24,213.7
2015-02-24 06:40:00,4689600.0,976.4,2.1,277.15,-0.54,82.6,7.11,5.87,1.24,3.75,6.02,1232.88,3.29,3.89,216.7
2015-02-24 06:50:00,4690200.0,976.48,2.02,277.06,-0.67,82.3,7.07,5.82,1.25,3.71,5.96,1233.38,2.58,3.36,215.5
2015-02-24 07:00:00,4690800.0,976.56,1.98,277.01,-0.71,82.3,7.05,5.8,1.25,3.7,5.94,1233.67,2.79,3.57,223.3
2015-02-24 07:10:00,4691400.0,976.6,1.79,276.82,-0.88,82.4,6.95,5.73,1.22,3.66,5.87,1234.61,2.88,3.45,225.9
2015-02-24 07:20:00,4692000.0,976.67,1.53,276.55,-0.97,83.4,6.82,5.69,1.13,3.63,5.83,1235.89,3.04,3.69,238.6
2015-02-24 07:30:00,4692600.0,976.73,1.68,276.7,-0.9,82.9,6.9,5.72,1.18,3.65,5.85,1235.27,2.79,3.24,237.2
2015-02-24 07:40:00,4693200.0,976.76,1.73,276.75,-0.85,82.9,6.92,5.74,1.18,3.66,5.88,1235.07,3.56,4.69,228.7
2015-02-24 07:50:00,4693800.0,977.0,1.93,276.92,-0.84,81.8,7.02,5.74,1.28,3.66,5.88,1234.49,3.42,4.27,231.5
2015-02-24 08:00:00,4694400.0,977.13,2.16,277.14,-0.77,80.9,7.14,5.77,1.36,3.68,5.91,1233.61,2.16,3.47,234.2
2015-02-24 08:10:00,4695000.0,977.35,2.15,277.12,-0.72,81.2,7.14,5.79,1.34,3.7,5.93,1233.89,0.7,1.92,216.8
2015-02-24 08:20:00,4695600.0,977.47,2.48,277.44,-0.47,80.8,7.3,5.9,1.4,3.76,6.04,1232.55,0.84,1.16,14.86
2015-02-24 08:30:00,4696200.0,977.6,2.89,277.84,-0.17,80.2,7.52,6.03,1.49,3.85,6.17,1230.81,0.86,1.72,112.9
2015-02-24 08:40:00,4696800.0,977.7,2.58,277.52,-0.32,81.1,7.36,5.97,1.39,3.8,6.1,1232.35,0.59,0.86,89.7
2015-02-24 08:50:00,4697400.0,977.84,2.02,276.95,-0.47,83.5,7.07,5.9,1.17,3.76,6.04,1235.06,1.09,2.12,96.4
2015-02-24 09:00:00,4698000.0,978.17,1.66,276.56,-0.63,84.7,6.89,5.83,1.05,3.72,5.96,1237.14,1.84,3.53,135.7
2015-02-24 09:10:00,4698600.0,978.22,1.59,276.49,-0.6,85.3,6.85,5.85,1.01,3.73,5.98,1237.5,0.8,1.88,158.9
2015-02-24 09:20:00,4699200.0,978.32,1.88,276.77,-0.48,84.3,7.0,5.9,1.1,3.76,6.03,1236.31,0.44,1.12,120.4
2015-02-24 09:30:00,4699800.0,978.45,2.13,277.01,-0.41,83.2,7.12,5.93,1.2,3.78,6.06,1235.34,0.85,2.44,206.0
2015-02-24 09:40:00,4700400.0,978.58,2.57,277.45,-0.36,80.9,7.35,5.95,1.4,3.79,6.08,1233.49,3.43,5.29,209.6
2015-02-24 09:50:00,4701000.0,978.62,3.28,278.15,-0.46,76.4,7.73,5.91,1.82,3.76,6.04,1230.42,3.48,5.01,192.9
2015-02-24 10:00:00,4701600.0,978.87,3.52,278.38,-0.29,76.0,7.87,5.98,1.89,3.81,6.11,1229.62,1.92,2.76,186.3
2015-02-24 10:10:00,4702200.0,979.05,3.47,278.31,-0.22,76.7,7.84,6.01,1.83,3.83,6.14,1230.07,2.59,4.05,167.7
2015-02-24 10:20:00,4702800.0,979.1,3.45,278.28,-0.1,77.5,7.83,6.06,1.76,3.86,6.19,1230.2,2.65,3.97,177.9
2015-02-24 10:30:00,4703400.0,979.19,4.02,278.85,-0.16,74.1,8.15,6.04,2.11,3.84,6.16,1227.8,3.0,4.21,190.7
2015-02-24 10:40:00,4704000.0,979.27,4.49,279.32,-0.29,71.0,8.42,5.98,2.44,3.81,6.11,1225.81,5.07,7.01,207.2
2015-02-24 10:50:00,4704600.0,979.37,4.61,279.43,-0.39,69.91,8.49,5.94,2.56,3.78,6.06,1225.45,6.08,8.33,212.6
2015-02-24 11:00:00,4705200.0,979.49,4.78,279.59,-0.39,69.11,8.59,5.94,2.65,3.78,6.06,1224.87,5.3,8.01,206.7
2015-02-24 11:10:00,4705800.0,979.62,5.03,279.83,-0.43,67.69,8.75,5.92,2.83,3.77,6.04,1223.92,5.05,7.57,205.6
2015-02-24 11:20:00,4706400.0,979.77,5.17,279.96,-0.6,66.17,8.84,5.85,2.99,3.72,5.97,1223.51,5.2,7.69,208.5
2015-02-24 11:30:00,4707000.0,980.03,5.29,280.06,-0.83,64.53,8.91,5.75,3.16,3.66,5.87,1223.37,5.8,9.15,215.9
2015-02-24 11:40:00,4707600.0,980.18,5.31,280.07,-1.02,63.56,8.92,5.67,3.25,3.61,5.78,1223.51,5.23,7.81,210.2
2015-02-24 11:50:00,4708200.0,980.3,5.36,280.11,-0.82,64.26,8.95,5.75,3.2,3.66,5.87,1223.41,4.83,7.05,212.9
2015-02-24 12:00:00,4708800.0,980.56,5.6,280.33,-0.72,63.68,9.1,5.8,3.31,3.68,5.91,1222.65,3.14,5.21,227.1
2015-02-24 12:10:00,4709400.0,980.68,5.88,280.6,-0.91,61.59,9.28,5.71,3.56,3.63,5.83,1221.62,3.82,7.73,199.4
2015-02-24 12:20:00,4710000.0,980.62,5.65,280.38,-1.16,61.4,9.13,5.61,3.53,3.57,5.72,1222.59,6.3,9.05,212.4
2015-02-24 12:30:00,4710600.0,980.62,5.57,280.29,-1.24,61.42,9.08,5.58,3.5,3.55,5.69,1222.98,6.74,9.21,218.3
2015-02-24 12:40:00,4711200.0,980.81,5.62,280.33,-1.16,61.56,9.12,5.61,3.5,3.57,5.72,1222.95,5.45,8.29,216.1
2015-02-24 12:50:00,4711800.0,980.69,5.64,280.36,-1.14,61.57,9.13,5.62,3.51,3.57,5.73,1222.72,6.78,8.65,210.3
2015-02-24 13:00:00,4712400.0,980.7,5.7,280.42,-1.12,61.36,9.17,5.63,3.54,3.58,5.74,1222.45,6.61,9.41,209.5
2015-02-24 13:10:00,4713000.0,980.65,5.62,280.35,-1.52,59.9,9.12,5.46,3.66,3.47,5.57,1222.81,8.08,10.97,208.4
2015-02-24 13:20:00,4713600.0,980.62,5.69,280.41,-1.44,60.02,9.16,5.5,3.66,3.49,5.6,1222.49,8.53,11.13,209.1
2015-02-24 13:30:00,4714200.0,980.58,5.72,280.45,-1.49,59.64,9.18,5.47,3.7,3.48,5.58,1222.3,8.31,10.61,215.0
2015-02-24 13:40:00,4714800.0,980.69,5.81,280.53,-1.33,59.96,9.24,5.54,3.7,3.52,5.65,1222.01,6.38,9.41,213.8
2015-02-24 13:50:00,4715400.0,980.79,5.82,280.53,-1.45,59.42,9.24,5.49,3.75,3.49,5.6,1222.11,7.64,10.65,220.2
2015-02-24 14:00:00,4716000.0,980.92,5.8,280.51,-1.45,59.48,9.23,5.49,3.74,3.49,5.6,1222.35,6.86,10.69,218.8
2015-02-24 14:10:00,4716600.0,981.01,5.92,280.62,-1.29,59.71,9.31,5.56,3.75,3.53,5.66,1221.92,6.03,10.01,217.7
2015-02-24 14:20:00,4717200.0,981.11,6.03,280.72,-1.13,59.97,9.38,5.62,3.75,3.57,5.73,1221.53,5.57,8.65,209.1
2015-02-24 14:30:00,4717800.0,981.12,5.96,280.65,-1.14,60.19,9.33,5.62,3.72,3.57,5.73,1221.85,6.36,9.37,207.3
2015-02-24 14:40:00,4718400.0,981.21,5.88,280.56,-1.07,60.84,9.28,5.65,3.64,3.59,5.76,1222.28,5.86,9.41,210.0
2015-02-24 14:50:00,4719000.0,981.34,5.76,280.42,-1.05,61.46,9.2,5.65,3.55,3.59,5.76,1223.01,6.82,9.41,214.3
2015-02-24 15:00:00,4719600.0,981.45,5.6,280.26,-1.01,62.33,9.1,5.67,3.43,3.6,5.78,1223.82,7.14,9.37,212.2
2015-02-24 15:10:00,4720200.0,981.6,5.53,280.18,-1.06,62.36,9.06,5.65,3.41,3.59,5.76,1224.31,6.85,8.69,210.1
2015-02-24 15:20:00,4720800.0,981.9,5.47,280.09,-1.0,62.93,9.02,5.68,3.34,3.6,5.78,1224.95,6.3,9.21,211.9
2015-02-24 15:30:00,4721400.0,982.07,5.47,280.07,-0.91,63.38,9.02,5.72,3.3,3.63,5.82,1225.16,5.85,9.97,213.6
2015-02-24 15:40:00,4722000.0,982.11,5.46,280.06,-0.79,63.97,9.01,5.77,3.25,3.66,5.87,1225.21,5.04,7.97,207.5
2015-02-24 15:50:00,4722600.0,982.42,5.41,279.98,-0.76,64.36,8.98,5.78,3.2,3.67,5.88,1225.83,3.73,7.53,213.8
2015-02-24 16:00:00,4723200.0,982.61,5.4,279.96,-0.67,64.77,8.98,5.81,3.16,3.69,5.92,1226.07,2.18,3.69,216.0
2015-02-24 16:10:00,4723800.0,982.67,5.37,279.93,-0.59,65.28,8.96,5.85,3.11,3.71,5.95,1226.27,3.24,5.05,209.3
2015-02-24 16:20:00,4724400.0,982.87,5.34,279.88,-0.57,65.58,8.94,5.86,3.08,3.72,5.96,1226.67,2.62,4.73,203.9
2015-02-24 16:30:00,4725000.0,983.11,5.35,279.87,-0.47,66.01,8.94,5.9,3.04,3.74,6.01,1226.89,1.3,2.32,201.0
2015-02-24 16:40:00,4725600.0,983.17,5.32,279.84,-0.46,66.15,8.93,5.9,3.02,3.74,6.01,1227.09,1.79,3.2,213.8
2015-02-24 16:50:00,4726200.0,983.15,5.23,279.74,-0.42,66.79,8.87,5.92,2.95,3.76,6.02,1227.47,1.92,3.2,209.5
2015-02-24 17:00:00,4726800.0,983.22,5.1,279.61,-0.44,67.27,8.79,5.91,2.88,3.75,6.01,1228.12,2.64,4.01,210.4
2015-02-24 17:10:00,4727400.0,983.25,5.03,279.54,-0.48,67.4,8.75,5.9,2.85,3.74,6.0,1228.47,3.85,6.49,206.4
2015-02-24 17:20:00,4728000.0,983.37,4.96,279.45,-0.51,67.62,8.7,5.88,2.82,3.73,5.98,1228.95,3.93,6.01,209.4
2015-02-24 17:30:00,4728600.0,983.58,4.84,279.32,-0.51,68.14,8.63,5.88,2.75,3.73,5.98,1229.72,2.76,4.01,218.8
2015-02-24 17:40:00,4729200.0,983.68,4.68,279.15,-0.54,68.79,8.54,5.87,2.66,3.72,5.97,1230.57,2.34,3.36,231.7
2015-02-24 17:50:00,4729800.0,983.82,4.64,279.1,-0.56,68.9,8.51,5.86,2.65,3.72,5.96,1230.94,1.89,2.48,212.8
2015-02-24 18:00:00,4730400.0,983.96,4.53,278.97,-0.6,69.24,8.44,5.85,2.6,3.7,5.94,1231.62,1.68,2.68,199.2
2015-02-24 18:10:00,4731000.0,984.09,4.34,278.77,-0.71,69.6,8.33,5.8,2.53,3.67,5.89,1232.65,2.11,2.88,199.5
2015-02-24 18:20:00,4731600.0,984.17,4.24,278.66,-0.74,69.95,8.27,5.79,2.49,3.67,5.88,1233.2,2.48,2.96,206.6
2015-02-24 18:30:00,4732200.0,984.27,4.28,278.7,-0.74,69.72,8.3,5.79,2.51,3.66,5.88,1233.14,2.58,3.28,217.6
2015-02-24 18:40:00,4732800.0,984.42,4.23,278.64,-0.77,69.78,8.27,5.77,2.5,3.65,5.86,1233.54,3.05,4.01,215.8
2015-02-24 18:50:00,4733400.0,984.44,3.82,278.22,-0.8,71.7,8.03,5.76,2.27,3.65,5.85,1235.42,3.51,4.85,215.0
2015-02-24 19:00:00,4734000.0,984.52,3.64,278.03,-0.75,72.9,7.93,5.78,2.15,3.66,5.87,1236.31,4.17,5.53,216.2
2015-02-24 19:10:00,4734600.0,984.6,3.8,278.19,-0.71,72.3,8.02,5.8,2.22,3.67,5.89,1235.69,4.7,5.53,217.7
2015-02-24 19:20:00,4735200.0,984.79,3.84,278.22,-0.71,72.1,8.05,5.8,2.24,3.67,5.89,1235.74,4.05,5.49,222.8
2015-02-24 19:30:00,4735800.0,985.01,3.76,278.12,-0.66,72.7,8.0,5.82,2.18,3.68,5.91,1236.34,2.14,3.89,224.6
2015-02-24 19:40:00,4736400.0,985.26,3.77,278.11,-0.64,72.8,8.01,5.83,2.18,3.69,5.92,1236.63,0.86,1.8,195.1
2015-02-24 19:50:00,4737000.0,985.41,3.78,278.11,-0.65,72.7,8.01,5.83,2.19,3.69,5.91,1236.75,1.07,1.6,196.7
2015-02-24 20:00:00,4737600.0,985.58,3.69,278.0,-0.68,73.0,7.96,5.81,2.15,3.68,5.9,1237.4,1.27,1.8,216.2
2015-02-24 20:10:00,4738200.0,985.69,3.82,278.12,-0.65,72.5,8.03,5.82,2.21,3.68,5.91,1236.95,1.77,2.4,218.7
2015-02-24 20:20:00,4738800.0,985.8,3.9,278.2,-0.63,72.2,8.08,5.83,2.25,3.69,5.92,1236.72,1.71,2.6,231.8
2015-02-24 20:30:00,4739400.0,985.86,3.89,278.18,-0.62,72.3,8.07,5.84,2.24,3.69,5.92,1236.84,2.02,3.12,228.3
2015-02-24 20:40:00,4740000.0,985.98,3.81,278.09,-0.64,72.6,8.03,5.83,2.2,3.68,5.91,1237.37,2.24,2.86,225.6
2015-02-24 20:50:00,4740600.0,986.15,3.84,278.11,-0.63,72.5,8.04,5.83,2.21,3.69,5.91,1237.44,2.13,2.84,224.1
2015-02-24 21:00:00,4741200.0,986.21,3.8,278.06,-0.62,72.8,8.02,5.84,2.18,3.69,5.92,1237.7,1.55,2.48,224.4
2015-02-24 21:10:00,4741800.0,986.3,3.71,277.96,-0.66,73.0,7.97,5.82,2.15,3.68,5.9,1238.21,2.1,2.72,221.8
2015-02-24 21:20:00,4742400.0,986.35,3.59,277.84,-0.65,73.7,7.9,5.82,2.08,3.68,5.9,1238.82,2.15,2.96,217.5
2015-02-24 21:30:00,4743000.0,986.4,3.4,277.65,-0.72,74.3,7.8,5.8,2.0,3.66,5.88,1239.72,2.59,3.36,216.5
2015-02-24 21:40:00,4743600.0,986.54,3.34,277.57,-0.68,74.8,7.77,5.81,1.96,3.67,5.89,1240.16,2.03,2.72,224.0
2015-02-24 21:50:00,4744200.0,986.63,3.26,277.48,-0.69,75.2,7.72,5.81,1.91,3.67,5.88,1240.65,2.49,3.28,211.2
2015-02-24 22:00:00,4744800.0,986.67,3.16,277.38,-0.68,75.8,7.67,5.81,1.86,3.67,5.89,1241.14,2.95,3.32,202.7
2015-02-24 22:10:00,4745400.0,986.77,3.2,277.41,-0.64,75.8,7.69,5.83,1.86,3.68,5.9,1241.1,2.84,3.3,220.4
2015-02-24 22:20:00,4746000.0,986.84,2.96,277.17,-0.68,76.9,7.56,5.81,1.75,3.67,5.89,1242.26,3.06,4.37,229.9
2015-02-24 22:30:00,4746600.0,986.9,2.82,277.02,-0.74,77.3,7.48,5.78,1.7,3.65,5.86,1242.98,3.11,4.49,228.4
2015-02-24 22:40:00,4747200.0,986.92,2.63,276.83,-0.79,78.1,7.38,5.76,1.62,3.64,5.84,1243.89,3.06,4.81,226.4
2015-02-24 22:50:00,4747800.0,987.05,2.47,276.66,-0.73,79.3,7.3,5.79,1.51,3.66,5.87,1244.73,2.41,3.65,245.6
2015-02-24 23:00:00,4748400.0,987.14,2.71,276.89,-0.6,78.7,7.43,5.84,1.58,3.69,5.92,1243.75,1.94,3.04,245.3
2015-02-24 23:10:00,4749000.0,987.15,2.55,276.74,-0.7,79.0,7.34,5.8,1.54,3.66,5.88,1244.48,1.9,2.84,239.6
2015-02-24 23:20:00,4749600.0,987.34,2.58,276.74,-0.59,79.5,7.36,5.85,1.51,3.69,5.92,1244.59,1.32,1.96,269.7
2015-02-24 23:30:00,4750200.0,987.38,2.58,276.74,-0.7,78.9,7.36,5.8,1.55,3.66,5.88,1244.66,1.33,1.88,209.0
2015-02-24 23:40:00,4750800.0,987.34,2.14,276.31,-0.81,80.7,7.13,5.75,1.38,3.63,5.83,1246.6,1.15,2.56,244.1
2015-02-24 23:50:00,4751400.0,987.36,2.29,276.46,-0.7,80.5,7.21,5.8,1.41,3.66,5.88,1245.93,1.64,3.36,255.1
2015-02-25 00:00:00,4752000.0,987.3,2.29,276.46,-0.75,80.2,7.21,5.78,1.43,3.65,5.85,1245.87,0.88,2.3,158.4
2015-02-25 00:10:00,4752600.0,987.46,1.93,276.09,-0.94,81.2,7.02,5.7,1.32,3.6,5.78,1247.73,1.25,2.48,134.7
2015-02-25 00:20:00,4753200.0,987.56,1.69,275.84,-1.0,82.2,6.9,5.68,1.23,3.58,5.75,1248.96,1.11,2.16,176.9
2015-02-25 00:30:00,4753800.0,987.64,1.55,275.69,-1.06,82.7,6.84,5.65,1.18,3.57,5.72,1249.7,0.82,1.76,183.3
2015-02-25 00:40:00,4754400.0,987.69,1.23,275.36,-1.26,83.4,6.68,5.57,1.11,3.51,5.64,1251.3,1.07,2.42,193.7
2015-02-25 00:50:00,4755000.0,987.76,1.03,275.15,-1.28,84.5,6.58,5.56,1.02,3.51,5.63,1252.31,1.24,2.32,190.2
2015-02-25 01:00:00,4755600.0,987.69,0.87,275.01,-1.3,85.3,6.51,5.55,0.96,3.5,5.62,1252.92,1.02,1.92,245.3
2015-02-25 01:10:00,4756200.0,987.81,0.81,274.93,-1.32,85.6,6.48,5.55,0.93,3.5,5.61,1253.36,1.63,2.36,215.1
2015-02-25 01:20:00,4756800.0,988.01,0.85,274.96,-1.26,85.7,6.5,5.57,0.93,3.51,5.64,1253.42,1.36,2.56,200.2
2015-02-25 01:30:00,4757400.0,988.06,0.78,274.88,-1.35,85.6,6.46,5.53,0.93,3.49,5.6,1253.83,0.85,1.6,179.3
2015-02-25 01:40:00,4758000.0,988.12,0.73,274.83,-1.3,86.2,6.44,5.55,0.89,3.5,5.62,1254.12,0.65,1.24,188.4
2015-02-25 01:50:00,4758600.0,988.16,0.73,274.83,-1.27,86.4,6.44,5.57,0.88,3.51,5.63,1254.15,0.86,1.64,229.2
2015-02-25 02:00:00,4759200.0,988.26,0.94,275.03,-1.11,86.1,6.54,5.63,0.91,3.55,5.7,1253.29,1.42,2.08,229.9
2015-02-25 02:10:00,4759800.0,988.3,1.19,275.27,-1.01,85.2,6.66,5.67,0.99,3.58,5.74,1252.19,1.01,1.96,224.0
2015-02-25 02:20:00,4760400.0,988.36,1.27,275.35,-0.97,84.9,6.7,5.69,1.01,3.59,5.75,1251.87,0.95,1.96,210.1
2015-02-25 02:30:00,4761000.0,988.45,1.22,275.3,-1.13,84.2,6.68,5.62,1.05,3.54,5.69,1252.25,1.05,1.68,193.1
2015-02-25 02:40:00,4761600.0,988.54,0.1,274.16,-1.88,86.5,6.15,5.32,0.83,3.35,5.38,1257.68,1.15,1.84,178.0
2015-02-25 02:50:00,4762200.0,988.64,0.02,274.07,-1.59,88.9,6.11,5.44,0.68,3.43,5.5,1258.12,1.49,3.36,165.3
2015-02-25 03:00:00,4762800.0,988.7,-0.09,273.96,-1.76,88.5,6.07,5.37,0.7,3.38,5.43,1258.73,1.8,2.52,199.6
2015-02-25 03:10:00,4763400.0,988.76,-0.29,273.75,-1.77,89.7,5.98,5.36,0.62,3.38,5.42,1259.72,1.21,2.8,175.8
2015-02-25 03:20:00,4764000.0,988.86,-0.33,273.71,-1.77,89.9,5.96,5.36,0.6,3.38,5.42,1260.01,1.77,3.0,194.7
2015-02-25 03:30:00,4764600.0,988.79,-0.43,273.61,-1.83,90.2,5.92,5.34,0.58,3.37,5.4,1260.4,1.33,2.36,184.3
2015-02-25 03:40:00,4765200.0,988.78,-0.44,273.6,-1.77,90.7,5.91,5.36,0.55,3.38,5.42,1260.44,0.78,1.36,148.4
2015-02-25 03:50:00,4765800.0,988.8,-0.4,273.64,-1.74,90.6,5.93,5.37,0.56,3.39,5.44,1260.27,1.04,1.44,166.5
2015-02-25 04:00:00,4766400.0,988.89,-0.65,273.39,-2.0,90.5,5.83,5.27,0.55,3.32,5.33,1261.57,1.09,2.2,194.6
2015-02-25 04:10:00,4767000.0,989.02,-0.51,273.52,-1.8,90.9,5.89,5.35,0.54,3.37,5.41,1261.06,1.55,1.94,217.6
2015-02-25 04:20:00,4767600.0,989.07,-0.47,273.55,-1.72,91.2,5.9,5.38,0.52,3.39,5.44,1260.92,1.34,2.04,219.4
2015-02-25 04:30:00,4768200.0,989.12,-0.14,273.87,-1.4,91.2,6.04,5.51,0.53,3.47,5.57,1259.43,0.6,1.04,197.5
2015-02-25 04:40:00,4768800.0,989.24,0.07,274.07,-1.37,90.0,6.14,5.52,0.61,3.48,5.58,1258.6,0.99,1.76,150.7
2015-02-25 04:50:00,4769400.0,989.25,0.09,274.09,-1.44,89.4,6.15,5.49,0.65,3.46,5.55,1258.54,0.79,1.36,180.1
2015-02-25 05:00:00,4770000.0,989.33,-0.07,273.93,-1.6,89.4,6.08,5.43,0.64,3.42,5.49,1259.4,0.78,1.36,189.0
2015-02-25 05:10:00,4770600.0,989.53,-0.4,273.58,-1.86,89.8,5.93,5.33,0.6,3.35,5.38,1261.24,1.18,2.24,186.6
2015-02-25 05:20:00,4771200.0,989.61,-0.7,273.28,-2.05,90.5,5.8,5.25,0.55,3.31,5.31,1262.75,0.82,1.68,217.4
2015-02-25 05:30:00,4771800.0,989.69,-0.64,273.33,-1.82,91.7,5.83,5.34,0.48,3.37,5.4,1262.53,0.8,1.16,228.4
2015-02-25 05:40:00,4772400.0,989.73,-0.75,273.22,-2.02,91.0,5.78,5.26,0.52,3.31,5.32,1263.11,1.3,2.24,159.9
2015-02-25 05:50:00,4773000.0,989.88,-0.99,272.97,-2.14,91.8,5.68,5.22,0.47,3.28,5.27,1264.44,1.27,2.08,202.5
2015-02-25 06:00:00,4773600.0,989.96,-0.97,272.98,-2.04,92.4,5.69,5.26,0.43,3.31,5.31,1264.45,0.57,1.04,202.3
2015-02-25 06:10:00,4774200.0,990.03,-1.08,272.86,-2.18,92.2,5.64,5.2,0.44,3.28,5.26,1265.08,0.99,2.12,183.6
2015-02-25 06:20:00,4774800.0,990.16,-1.27,272.66,-2.35,92.3,5.57,5.14,0.43,3.23,5.19,1266.14,0.75,1.68,194.3
2015-02-25 06:30:00,4775400.0,990.19,-1.41,272.52,-2.44,92.6,5.51,5.1,0.41,3.21,5.15,1266.86,1.22,1.84,197.0
2015-02-25 06:40:00,4776000.0,990.21,-1.64,272.29,-2.66,92.7,5.41,5.02,0.4,3.16,5.07,1268.01,1.67,2.4,177.7
2015-02-25 06:50:00,4776600.0,990.32,-1.89,272.02,-2.84,93.2,5.31,4.95,0.36,3.12,5.0,1269.36,1.21,2.2,180.6
2015-02-25 07:00:00,4777200.0,990.35,-1.95,271.97,-2.79,93.9,5.29,4.97,0.32,3.13,5.02,1269.65,1.69,2.52,172.6
2015-02-25 07:10:00,4777800.0,990.4,-1.88,272.03,-2.66,94.4,5.32,5.02,0.3,3.16,5.07,1269.38,1.19,2.2,163.5
2015-02-25 07:20:00,4778400.0,990.47,-1.46,272.45,-2.15,95.0,5.49,5.21,0.27,3.28,5.26,1267.4,1.23,2.2,142.1
2015-02-25 07:30:00,4779000.0,990.47,-1.12,272.78,-1.95,94.1,5.62,5.29,0.33,3.33,5.34,1265.8,1.36,2.24,163.4
2015-02-25 07:40:00,4779600.0,990.45,-0.86,273.05,-1.82,93.2,5.73,5.34,0.39,3.36,5.4,1264.54,1.17,2.52,186.2
2015-02-25 07:50:00,4780200.0,990.54,-0.73,273.18,-1.92,91.6,5.79,5.31,0.49,3.34,5.36,1264.04,1.05,1.6,200.4
2015-02-25 08:00:00,4780800.0,990.5,-0.95,272.95,-2.15,91.5,5.7,5.21,0.48,3.28,5.26,1265.09,0.79,1.32,224.4
2015-02-25 08:10:00,4781400.0,990.57,-0.96,272.94,-2.1,91.9,5.69,5.23,0.46,3.29,5.28,1265.19,0.75,1.56,201.1
2015-02-25 08:20:00,4782000.0,990.73,-0.68,273.21,-1.85,91.7,5.81,5.33,0.48,3.35,5.38,1264.03,0.64,1.96,187.5
2015-02-25 08:30:00,4782600.0,990.92,-0.2,273.67,-1.59,90.3,6.02,5.44,0.58,3.42,5.49,1262.02,0.59,1.16,151.9
2015-02-25 08:40:00,4783200.0,991.08,0.41,274.27,-1.59,86.4,6.29,5.44,0.86,3.42,5.48,1259.43,0.53,1.52,258.7
2015-02-25 08:50:00,4783800.0,991.09,0.1,273.96,-1.83,86.8,6.15,5.34,0.81,3.36,5.39,1260.9,1.46,2.08,214.9
2015-02-25 09:00:00,4784400.0,991.15,0.28,274.14,-1.51,87.7,6.23,5.47,0.77,3.44,5.52,1260.09,1.15,1.72,195.1
2015-02-25 09:10:00,4785000.0,991.16,0.71,274.56,-1.45,85.4,6.43,5.49,0.94,3.45,5.54,1258.12,0.88,1.8,141.4
2015-02-25 09:20:00,4785600.0,991.2,1.56,275.41,-1.08,82.5,6.84,5.64,1.2,3.55,5.69,1254.2,0.47,1.2,149.3
2015-02-25 09:30:00,4786200.0,991.26,2.23,276.08,-1.02,79.0,7.17,5.67,1.51,3.56,5.72,1251.23,0.8,2.04,140.5
2015-02-25 09:40:00,4786800.0,991.31,2.1,275.94,-0.94,80.2,7.11,5.7,1.41,3.58,5.75,1251.86,0.93,1.68,161.0
2015-02-25 09:50:00,4787400.0,991.34,2.59,276.43,-0.57,79.6,7.36,5.86,1.5,3.68,5.91,1249.6,0.57,1.6,156.1
2015-02-25 10:00:00,4788000.0,991.27,3.0,276.85,-0.43,78.1,7.58,5.92,1.66,3.72,5.97,1247.62,1.41,2.84,139.6
2015-02-25 10:10:00,4788600.0,991.22,3.52,277.38,-0.05,77.4,7.86,6.09,1.78,3.83,6.14,1245.14,1.47,2.56,169.1
2015-02-25 10:20:00,4789200.0,991.21,4.33,278.19,0.22,74.5,8.33,6.21,2.12,3.9,6.26,1241.42,1.95,3.32,166.2
2015-02-25 10:30:00,4789800.0,991.28,5.05,278.91,0.41,71.8,8.76,6.29,2.47,3.96,6.35,1238.24,2.08,5.79,196.9
2015-02-25 10:40:00,4790400.0,991.36,5.47,279.32,0.4,69.69,9.02,6.29,2.73,3.95,6.34,1236.48,2.14,4.73,227.4
2015-02-25 10:50:00,4791000.0,991.25,5.36,279.22,0.24,69.46,8.95,6.22,2.73,3.91,6.27,1236.9,3.7,6.17,202.8
2015-02-25 11:00:00,4791600.0,991.24,5.56,279.43,0.31,68.81,9.08,6.25,2.83,3.93,6.3,1235.94,4.22,6.65,219.6
2015-02-25 11:10:00,4792200.0,991.3,5.36,279.21,0.1,68.76,8.95,6.15,2.8,3.87,6.21,1236.98,5.34,7.41,213.3
2015-02-25 11:20:00,4792800.0,991.37,5.3,279.15,0.09,68.97,8.91,6.15,2.77,3.87,6.2,1237.33,4.13,7.05,202.7
2015-02-25 11:30:00,4793400.0,991.47,5.55,279.39,0.11,67.87,9.07,6.16,2.91,3.87,6.21,1236.34,4.15,6.65,207.0
2015-02-25 11:40:00,4794000.0,991.55,5.47,279.31,-0.06,67.44,9.02,6.08,2.94,3.82,6.13,1236.82,3.73,7.05,211.9
2015-02-25 11:50:00,4794600.0,991.63,5.47,279.3,-0.22,66.63,9.02,6.01,3.01,3.78,6.06,1236.95,2.16,5.25,302.2
2015-02-25 12:00:00,4795200.0,991.56,5.71,279.55,-0.19,65.65,9.17,6.02,3.15,3.79,6.07,1235.79,2.37,4.61,262.8
2015-02-25 12:10:00,4795800.0,991.58,6.03,279.87,-0.21,64.14,9.38,6.01,3.36,3.78,6.07,1234.42,2.89,4.26,247.8
2015-02-25 12:20:00,4796400.0,991.59,6.11,279.94,-0.22,63.75,9.43,6.01,3.42,3.78,6.06,1234.09,1.76,4.28,257.4
2015-02-25 12:30:00,4797000.0,991.57,6.56,280.4,-0.16,62.05,9.73,6.04,3.69,3.79,6.09,1232.06,1.93,3.84,265.8
2015-02-25 12:40:00,4797600.0,991.58,6.71,280.55,-0.06,61.86,9.83,6.08,3.75,3.82,6.13,1231.36,2.23,4.73,253.8
2015-02-25 12:50:00,4798200.0,991.6,6.35,280.18,-0.05,63.48,9.58,6.08,3.5,3.83,6.14,1233.01,1.74,3.32,322.3
2015-02-25 13:00:00,4798800.0,991.54,5.9,279.74,-0.01,65.66,9.3,6.1,3.19,3.84,6.16,1234.88,2.18,3.28,358.4
2015-02-25 13:10:00,4799400.0,991.44,6.55,280.39,0.24,63.98,9.72,6.22,3.5,3.91,6.27,1231.87,1.49,3.12,14.83
2015-02-25 13:20:00,4800000.0,991.44,7.47,281.32,-0.26,57.88,10.36,5.99,4.36,3.77,6.05,1227.91,2.45,3.8,238.3
2015-02-25 13:30:00,4800600.0,991.46,7.25,281.1,-0.36,58.33,10.2,5.95,4.25,3.74,6.0,1228.92,3.25,4.97,283.7
2015-02-25 13:40:00,4801200.0,991.44,7.03,280.88,-0.39,59.07,10.05,5.94,4.11,3.73,5.99,1229.87,3.43,5.49,225.4
2015-02-25 13:50:00,4801800.0,991.39,7.42,281.27,-0.36,57.64,10.32,5.95,4.37,3.74,6.0,1228.09,2.9,5.65,224.6
2015-02-25 14:00:00,4802400.0,991.4,7.07,280.92,-0.81,57.13,10.08,5.76,4.32,3.62,5.81,1229.73,4.03,6.69,231.8
2015-02-25 14:10:00,4803000.0,991.34,7.35,281.21,-0.61,56.89,10.27,5.84,4.43,3.67,5.89,1228.39,1.94,3.8,217.8
2015-02-25 14:20:00,4803600.0,991.32,7.74,281.6,-0.49,55.85,10.55,5.89,4.66,3.71,5.94,1226.63,2.31,4.36,237.8
2015-02-25 14:30:00,4804200.0,991.28,7.15,281.01,-0.86,56.59,10.13,5.73,4.4,3.61,5.78,1229.24,5.29,7.65,206.1
2015-02-25 14:40:00,4804800.0,991.39,7.13,280.98,-1.13,55.56,10.12,5.62,4.5,3.53,5.67,1229.52,3.28,4.97,227.5
2015-02-25 14:50:00,4805400.0,991.34,7.31,281.17,-1.04,55.26,10.24,5.66,4.58,3.56,5.71,1228.65,2.77,4.73,222.2
2015-02-25 15:00:00,4806000.0,991.34,7.5,281.36,-1.33,53.4,10.38,5.54,4.84,3.48,5.59,1227.87,3.26,4.61,243.1
2015-02-25 15:10:00,4806600.0,991.33,7.73,281.59,-1.31,52.63,10.54,5.55,4.99,3.49,5.6,1226.85,2.25,4.16,220.1
2015-02-25 15:20:00,4807200.0,991.33,7.74,281.6,-1.43,52.12,10.55,5.5,5.05,3.46,5.55,1226.83,3.22,4.24,205.0
2015-02-25 15:30:00,4807800.0,991.36,7.68,281.54,-1.69,51.35,10.51,5.39,5.11,3.39,5.44,1227.18,3.31,5.09,210.8
2015-02-25 15:40:00,4808400.0,991.45,7.69,281.54,-1.88,50.58,10.51,5.32,5.2,3.34,5.36,1227.28,2.72,3.92,209.8
2015-02-25 15:50:00,4809000.0,991.52,7.47,281.31,-1.9,51.27,10.36,5.31,5.05,3.34,5.36,1228.33,2.65,4.48,214.5
2015-02-25 16:00:00,4809600.0,991.57,7.43,281.27,-1.85,51.62,10.33,5.33,5.0,3.35,5.38,1228.56,2.15,3.0,219.9
2015-02-25 16:10:00,4810200.0,991.55,7.35,281.19,-2.01,51.29,10.27,5.27,5.0,3.31,5.31,1228.92,1.78,3.12,209.2
2015-02-25 16:20:00,4810800.0,991.53,7.12,280.96,-2.11,51.71,10.11,5.23,4.88,3.29,5.27,1229.92,1.94,2.84,212.0
2015-02-25 16:30:00,4811400.0,991.55,6.94,280.78,-2.36,51.41,9.98,5.13,4.85,3.23,5.18,1230.8,2.22,3.56,216.7
2015-02-25 16:40:00,4812000.0,991.57,6.86,280.7,-2.33,51.81,9.93,5.15,4.79,3.23,5.19,1231.15,2.14,3.08,214.4
2015-02-25 16:50:00,4812600.0,991.66,6.88,280.71,-2.39,51.5,9.94,5.12,4.82,3.22,5.16,1231.2,1.68,2.52,190.7
2015-02-25 17:00:00,4813200.0,991.72,6.96,280.79,-2.36,51.35,10.0,5.13,4.86,3.23,5.18,1230.91,1.67,3.64,223.3
2015-02-25 17:10:00,4813800.0,991.83,6.88,280.7,-2.43,51.34,9.95,5.11,4.84,3.21,5.15,1231.39,0.87,1.44,327.2
2015-02-25 17:20:00,4814400.0,991.94,6.8,280.6,-2.44,51.61,9.89,5.1,4.78,3.21,5.14,1231.91,1.14,1.92,280.6
2015-02-25 17:30:00,4815000.0,992.06,6.62,280.42,-2.4,52.39,9.77,5.12,4.65,3.22,5.16,1232.81,0.97,1.72,282.8
2015-02-25 17:40:00,4815600.0,992.12,6.34,280.13,-2.42,53.36,9.58,5.11,4.47,3.21,5.15,1234.15,0.68,0.88,300.2
2015-02-25 17:50:00,4816200.0,992.25,6.18,279.96,-2.5,53.6,9.48,5.08,4.4,3.19,5.12,1235.02,0.67,1.08,295.1
2015-02-25 18:00:00,4816800.0,992.32,6.1,279.87,-2.52,53.85,9.42,5.07,4.35,3.19,5.11,1235.49,0.63,0.84,271.5
2015-02-25 18:10:00,4817400.0,992.39,5.82,279.59,-2.59,54.59,9.24,5.04,4.2,3.17,5.08,1236.81,0.7,0.88,228.6
2015-02-25 18:20:00,4818000.0,992.51,5.44,279.2,-2.69,55.63,9.0,5.01,3.99,3.14,5.04,1238.67,0.45,0.74,253.0
2015-02-25 18:30:00,4818600.0,992.61,4.72,278.47,-2.59,58.92,8.56,5.04,3.52,3.17,5.08,1241.97,0.72,1.32,180.2
2015-02-25 18:40:00,4819200.0,992.69,4.82,278.57,-2.64,58.31,8.62,5.03,3.59,3.16,5.06,1241.64,1.04,1.6,232.6
2015-02-25 18:50:00,4819800.0,992.8,4.32,278.06,-2.35,61.72,8.32,5.14,3.19,3.23,5.18,1243.95,0.87,1.4,70.2
2015-02-25 19:00:00,4820400.0,992.81,3.88,277.61,-2.36,63.59,8.07,5.13,2.94,3.22,5.17,1245.95,0.49,1.2,278.6
2015-02-25 19:10:00,4821000.0,992.85,3.8,277.52,-2.83,61.78,8.02,4.95,3.07,3.11,4.99,1246.48,1.81,2.44,233.9
2015-02-25 19:20:00,4821600.0,992.98,3.63,277.35,-2.81,62.64,7.93,4.97,2.96,3.12,5.0,1247.38,1.64,2.32,211.2
2015-02-25 19:30:00,4822200.0,993.11,3.16,276.86,-2.62,65.67,7.66,5.03,2.63,3.16,5.07,1249.65,1.12,2.8,211.4
2015-02-25 19:40:00,4822800.0,993.24,3.03,276.72,-2.53,66.71,7.59,5.07,2.53,3.18,5.1,1250.38,0.24,0.68,200.1
2015-02-25 19:50:00,4823400.0,993.37,2.91,276.59,-2.36,68.16,7.53,5.13,2.4,3.22,5.17,1251.04,0.6,1.14,189.9
2015-02-25 20:00:00,4824000.0,993.5,2.72,276.4,-2.35,69.09,7.43,5.14,2.3,3.22,5.17,1252.05,0.95,1.44,210.9
2015-02-25 20:10:00,4824600.0,993.56,2.61,276.28,-2.44,69.19,7.37,5.1,2.27,3.2,5.14,1252.64,1.26,2.16,213.6
2015-02-25 20:20:00,4825200.0,993.63,2.19,275.85,-2.73,69.79,7.15,4.99,2.16,3.13,5.02,1254.72,0.9,1.96,211.2
2015-02-25 20:30:00,4825800.0,993.67,2.05,275.71,-2.69,70.7,7.09,5.01,2.08,3.14,5.04,1255.37,1.49,2.08,230.5
2015-02-25 20:40:00,4826400.0,993.72,2.19,275.85,-2.9,68.93,7.15,4.93,2.22,3.09,4.96,1254.85,1.29,2.26,237.2
2015-02-25 20:50:00,4827000.0,993.79,2.23,275.88,-2.77,69.4,7.18,4.98,2.2,3.12,5.01,1254.74,0.84,1.24,218.2
2015-02-25 21:00:00,4827600.0,993.9,2.33,275.97,-2.56,70.0,7.22,5.06,2.17,3.17,5.09,1254.4,0.59,1.16,229.3
2015-02-25 21:10:00,4828200.0,994.0,1.42,275.05,-3.15,71.5,6.77,4.84,1.93,3.03,4.87,1258.78,1.36,3.28,177.7
2015-02-25 21:20:00,4828800.0,994.08,0.96,274.59,-3.11,74.1,6.55,4.85,1.7,3.04,4.88,1260.97,1.62,2.28,208.8
2015-02-25 21:30:00,4829400.0,994.12,0.71,274.33,-3.0,76.1,6.43,4.89,1.54,3.07,4.92,1262.17,1.21,1.7,214.7
2015-02-25 21:40:00,4830000.0,994.24,0.58,274.19,-3.3,75.1,6.37,4.78,1.59,3.0,4.81,1262.97,1.14,2.16,206.4
2015-02-25 21:50:00,4830600.0,994.29,0.33,273.93,-3.27,76.7,6.25,4.8,1.46,3.01,4.82,1264.19,1.09,1.56,203.6
2015-02-25 22:00:00,4831200.0,994.4,0.0,273.6,-3.34,78.1,6.11,4.77,1.34,2.99,4.8,1265.85,0.95,2.04,170.1
2015-02-25 22:10:00,4831800.0,994.41,-0.32,273.28,-3.25,80.5,5.97,4.8,1.16,3.01,4.83,1267.34,1.02,1.72,143.9
2015-02-25 22:20:00,4832400.0,994.34,-0.62,272.98,-3.36,81.6,5.84,4.76,1.07,2.99,4.79,1268.66,1.01,1.52,181.3
2015-02-25 22:30:00,4833000.0,994.39,-0.74,272.86,-3.46,81.7,5.79,4.73,1.06,2.96,4.75,1269.29,1.13,1.4,200.1
2015-02-25 22:40:00,4833600.0,994.51,-0.61,272.98,-3.27,82.1,5.84,4.79,1.05,3.0,4.82,1268.83,1.22,1.72,206.5
2015-02-25 22:50:00,4834200.0,994.55,-0.59,273.0,-3.23,82.2,5.85,4.81,1.04,3.01,4.84,1268.75,1.29,2.2,184.6
2015-02-25 23:00:00,4834800.0,994.54,-0.76,272.83,-3.38,82.3,5.78,4.75,1.02,2.98,4.78,1269.57,0.9,1.5,170.9
2015-02-25 23:10:00,4835400.0,994.54,-0.96,272.63,-3.43,83.2,5.69,4.74,0.96,2.97,4.76,1270.5,1.07,1.36,206.6
2015-02-25 23:20:00,4836000.0,994.53,-1.03,272.55,-3.49,83.3,5.66,4.72,0.95,2.96,4.74,1270.86,0.68,1.32,200.2
2015-02-25 23:30:00,4836600.0,994.57,-0.94,272.65,-3.32,83.8,5.7,4.78,0.92,2.99,4.81,1270.42,0.78,1.32,222.6
2015-02-25 23:40:00,4837200.0,994.64,-0.75,272.83,-3.23,83.2,5.78,4.81,0.97,3.01,4.84,1269.62,0.61,1.24,197.4
2015-02-25 23:50:00,4837800.0,994.73,-1.09,272.48,-3.56,83.2,5.64,4.69,0.95,2.94,4.72,1271.37,0.99,1.68,184.7
2015-02-26 00:00:00,4838400.0,994.77,-1.4,272.17,-3.55,85.2,5.51,4.7,0.82,2.94,4.72,1272.9,1.41,2.12,202.2
2015-02-26 00:10:00,4839000.0,994.8,-1.54,272.03,-3.44,86.8,5.46,4.74,0.72,2.97,4.76,1273.55,1.25,1.88,207.0
2015-02-26 00:20:00,4839600.0,994.81,-1.53,272.04,-3.38,87.1,5.46,4.75,0.7,2.98,4.78,1273.51,1.34,2.4,179.6
2015-02-26 00:30:00,4840200.0,994.92,-1.53,272.02,-3.46,86.6,5.46,4.73,0.73,2.96,4.75,1273.69,1.0,1.88,183.9
2015-02-26 00:40:00,4840800.0,995.02,-1.61,271.94,-3.47,87.0,5.43,4.72,0.71,2.96,4.75,1274.16,1.43,2.16,189.0
2015-02-26 00:50:00,4841400.0,995.1,-1.63,271.91,-3.44,87.4,5.42,4.74,0.68,2.97,4.76,1274.37,1.96,2.72,185.1
2015-02-26 01:00:00,4842000.0,995.15,-1.74,271.8,-3.52,87.5,5.38,4.7,0.67,2.95,4.73,1274.94,1.5,2.24,171.4
2015-02-26 01:10:00,4842600.0,995.15,-1.89,271.65,-3.6,88.0,5.32,4.68,0.64,2.93,4.7,1275.66,1.25,2.16,172.6
2015-02-26 01:20:00,4843200.0,995.14,-2.06,271.48,-3.72,88.3,5.25,4.64,0.61,2.9,4.66,1276.47,0.87,1.4,179.3
2015-02-26 01:30:00,4843800.0,995.11,-2.15,271.39,-3.77,88.6,5.21,4.62,0.59,2.89,4.64,1276.88,0.67,1.12,168.3
2015-02-26 01:40:00,4844400.0,995.16,-2.24,271.29,-3.79,89.1,5.18,4.61,0.56,2.89,4.64,1277.39,1.12,1.96,167.9
2015-02-26 01:50:00,4845000.0,995.17,-2.33,271.21,-3.83,89.4,5.14,4.6,0.55,2.88,4.62,1277.83,0.95,1.52,188.4
2015-02-26 02:00:00,4845600.0,995.24,-2.37,271.16,-3.84,89.6,5.13,4.59,0.53,2.88,4.62,1278.13,1.15,2.1,157.0
2015-02-26 02:10:00,4846200.0,995.16,-2.44,271.1,-3.84,90.0,5.1,4.59,0.51,2.88,4.62,1278.32,1.35,2.2,167.6
2015-02-26 02:20:00,4846800.0,995.11,-2.53,271.01,-3.9,90.2,5.07,4.57,0.5,2.86,4.6,1278.69,1.61,2.16,173.2
2015-02-26 02:30:00,4847400.0,995.16,-2.63,270.9,-3.95,90.6,5.03,4.56,0.47,2.85,4.58,1279.25,1.64,2.6,180.0
2015-02-26 02:40:00,4848000.0,995.17,-2.76,270.77,-4.02,91.0,4.98,4.53,0.45,2.84,4.56,1279.9,0.89,1.56,174.3
2015-02-26 02:50:00,4848600.0,995.12,-2.66,270.88,-3.83,91.6,5.02,4.6,0.42,2.88,4.62,1279.3,1.1,2.32,183.8
2015-02-26 03:00:00,4849200.0,995.11,-2.66,270.88,-3.92,91.0,5.02,4.57,0.45,2.86,4.59,1279.34,0.84,1.7,183.8
2015-02-26 03:10:00,4849800.0,995.26,-2.85,270.68,-4.07,91.2,4.95,4.51,0.44,2.83,4.54,1280.42,0.84,1.48,184.1
2015-02-26 03:20:00,4850400.0,995.2,-2.92,270.61,-4.06,91.8,4.92,4.52,0.4,2.83,4.54,1280.68,0.71,1.4,165.7
2015-02-26 03:30:00,4851000.0,995.19,-2.9,270.63,-4.0,92.1,4.93,4.54,0.39,2.84,4.56,1280.58,0.73,1.6,159.8
2015-02-26 03:40:00,4851600.0,995.21,-2.97,270.56,-4.07,92.1,4.9,4.52,0.39,2.83,4.54,1280.95,0.85,1.72,172.0
2015-02-26 03:50:00,4852200.0,995.24,-3.06,270.47,-4.11,92.4,4.87,4.5,0.37,2.82,4.52,1281.42,0.92,1.96,174.9
2015-02-26 04:00:00,4852800.0,995.24,-3.07,270.45,-4.1,92.6,4.87,4.51,0.36,2.82,4.53,1281.48,0.84,1.52,175.1
2015-02-26 04:10:00,4853400.0,995.29,-3.05,270.47,-4.05,92.8,4.87,4.52,0.35,2.83,4.54,1281.43,1.13,2.64,155.3
2015-02-26 04:20:00,4854000.0,995.33,-3.09,270.44,-4.09,92.7,4.86,4.51,0.35,2.82,4.53,1281.65,1.22,1.92,178.1
2015-02-26 04:30:00,4854600.0,995.33,-3.13,270.39,-4.11,92.9,4.84,4.5,0.34,2.82,4.52,1281.88,1.3,2.52,174.4
2015-02-26 04:40:00,4855200.0,995.38,-3.2,270.32,-4.19,92.8,4.82,4.47,0.35,2.8,4.5,1282.26,1.38,2.36,171.0
2015-02-26 04:50:00,4855800.0,995.47,-3.32,270.19,-4.28,93.0,4.78,4.44,0.33,2.78,4.46,1282.98,1.11,1.7,168.5
2015-02-26 05:00:00,4856400.0,995.45,-3.33,270.18,-4.25,93.3,4.77,4.45,0.32,2.79,4.47,1282.99,0.99,1.76,188.7
2015-02-26 05:10:00,4857000.0,995.45,-3.35,270.16,-4.26,93.4,4.77,4.45,0.31,2.79,4.47,1283.09,0.78,1.6,197.8
2015-02-26 05:20:00,4857600.0,995.45,-3.38,270.13,-4.27,93.5,4.76,4.45,0.31,2.78,4.47,1283.24,1.13,1.88,201.5
2015-02-26 05:30:00,4858200.0,995.48,-3.47,270.04,-4.36,93.5,4.72,4.42,0.31,2.76,4.44,1283.73,0.87,1.44,196.4
2015-02-26 05:40:00,4858800.0,995.5,-3.54,269.97,-4.4,93.7,4.7,4.4,0.3,2.76,4.42,1284.08,0.9,2.0,192.4
2015-02-26 05:50:00,4859400.0,995.49,-3.72,269.79,-4.6,93.6,4.64,4.34,0.3,2.72,4.36,1284.97,1.66,2.6,176.1
2015-02-26 06:00:00,4860000.0,995.5,-3.87,269.64,-4.7,93.9,4.58,4.3,0.28,2.69,4.32,1285.69,1.21,2.16,180.4
2015-02-26 06:10:00,4860600.0,995.49,-3.87,269.64,-4.66,94.2,4.58,4.32,0.27,2.7,4.34,1285.68,1.79,2.89,185.2
2015-02-26 06:20:00,4861200.0,995.53,-3.89,269.61,-4.67,94.3,4.58,4.32,0.26,2.7,4.34,1285.84,1.53,2.64,174.0
2015-02-26 06:30:00,4861800.0,995.5,-3.88,269.63,-4.64,94.4,4.58,4.32,0.26,2.71,4.34,1285.74,1.62,2.52,170.5
2015-02-26 06:40:00,4862400.0,995.5,-3.9,269.61,-4.66,94.4,4.57,4.32,0.26,2.7,4.34,1285.83,1.88,2.97,168.4
2015-02-26 06:50:00,4863000.0,995.51,-4.0,269.5,-4.76,94.4,4.54,4.28,0.25,2.68,4.3,1286.36,1.51,2.16,178.6
2015-02-26 07:00:00,4863600.0,995.52,-4.06,269.45,-4.79,94.6,4.52,4.27,0.24,2.68,4.29,1286.64,1.33,2.06,185.4
2015-02-26 07:10:00,4864200.0,995.51,-4.04,269.47,-4.74,94.8,4.53,4.29,0.24,2.69,4.31,1286.53,1.64,2.71,181.7
2015-02-26 07:20:00,4864800.0,995.48,-4.0,269.51,-4.72,94.7,4.54,4.3,0.24,2.69,4.32,1286.31,1.71,2.54,174.5
2015-02-26 07:30:00,4865400.0,995.53,-4.05,269.46,-4.8,94.5,4.52,4.27,0.25,2.67,4.29,1286.61,1.71,2.85,167.1
2015-02-26 07:40:00,4866000.0,995.62,-3.97,269.53,-4.77,94.1,4.55,4.28,0.27,2.68,4.3,1286.33,1.08,2.04,174.8
2015-02-26 07:50:00,4866600.0,995.65,-3.66,269.83,-4.6,93.2,4.66,4.34,0.32,2.72,4.36,1284.89,0.76,1.64,176.0
2015-02-26 08:00:00,4867200.0,995.69,-3.43,270.06,-4.57,91.8,4.74,4.35,0.39,2.72,4.37,1283.83,1.19,1.76,182.9
2015-02-26 08:10:00,4867800.0,995.62,-3.01,270.49,-4.29,90.8,4.89,4.44,0.45,2.78,4.46,1281.67,0.84,1.88,174.3
2015-02-26 08:20:00,4868400.0,995.59,-2.3,271.2,-4.08,87.5,5.16,4.51,0.64,2.82,4.53,1278.26,0.52,0.84,176.6
2015-02-26 08:30:00,4869000.0,995.62,-1.53,271.97,-3.91,83.7,5.46,4.57,0.89,2.86,4.59,1274.63,0.42,0.76,165.3
2015-02-26 08:40:00,4869600.0,995.63,-1.16,272.34,-3.81,82.1,5.61,4.61,1.0,2.88,4.63,1272.92,0.55,1.48,171.5
2015-02-26 08:50:00,4870200.0,995.59,-0.87,272.63,-3.69,81.1,5.73,4.65,1.08,2.91,4.67,1271.51,0.77,1.54,184.9
2015-02-26 09:00:00,4870800.0,995.55,-0.79,272.72,-3.53,81.6,5.76,4.7,1.06,2.94,4.72,1271.04,0.85,1.72,217.1
2015-02-26 09:10:00,4871400.0,995.46,-0.93,272.59,-3.43,83.0,5.71,4.74,0.97,2.97,4.76,1271.54,1.04,1.68,211.9
2015-02-26 09:20:00,4872000.0,995.36,-0.41,273.11,-2.96,82.8,5.93,4.91,1.02,3.07,4.93,1268.92,0.74,1.64,197.5
2015-02-26 09:30:00,4872600.0,995.28,-0.01,273.52,-2.86,81.0,6.11,4.95,1.16,3.1,4.97,1266.93,1.61,2.9,160.3
2015-02-26 09:40:00,4873200.0,995.29,-0.07,273.46,-2.79,81.8,6.08,4.97,1.11,3.11,4.99,1267.22,2.27,3.14,155.0
2015-02-26 09:50:00,4873800.0,995.27,0.07,273.6,-2.6,82.1,6.14,5.04,1.1,3.16,5.06,1266.51,1.93,3.77,149.5
2015-02-26 10:00:00,4874400.0,995.25,0.27,273.81,-2.47,81.7,6.23,5.09,1.14,3.19,5.11,1265.51,2.33,3.24,153.1
2015-02-26 10:10:00,4875000.0,995.15,0.74,274.28,-2.12,81.1,6.44,5.23,1.22,3.27,5.25,1263.18,1.37,2.92,151.5
2015-02-26 10:20:00,4875600.0,995.09,1.42,274.97,-1.86,78.7,6.77,5.33,1.44,3.34,5.36,1259.91,1.15,2.26,141.8
2015-02-26 10:30:00,4876200.0,995.02,2.1,275.65,-1.56,76.6,7.11,5.45,1.66,3.41,5.47,1256.66,1.53,2.88,154.3
2015-02-26 10:40:00,4876800.0,994.89,2.44,276.0,-1.38,75.8,7.28,5.52,1.76,3.46,5.55,1254.94,2.05,3.28,155.7
2015-02-26 10:50:00,4877400.0,994.8,3.12,276.69,-0.97,74.4,7.65,5.69,1.96,3.56,5.72,1251.63,1.46,2.96,167.9
2015-02-26 11:00:00,4878000.0,994.73,3.85,277.43,-0.82,71.4,8.05,5.75,2.3,3.6,5.78,1248.2,2.14,3.0,153.6
2015-02-26 11:10:00,4878600.0,994.64,4.32,277.9,-0.65,70.0,8.32,5.82,2.5,3.65,5.86,1245.97,2.23,3.28,151.8
2015-02-26 11:20:00,4879200.0,994.58,4.82,278.41,-0.5,68.31,8.62,5.89,2.73,3.69,5.92,1243.6,2.02,3.08,161.8
2015-02-26 11:30:00,4879800.0,994.46,5.41,279.02,-0.32,66.41,8.98,5.97,3.02,3.74,6.0,1240.76,1.95,3.64,152.1
2015-02-26 11:40:00,4880400.0,994.32,5.67,279.28,-0.4,64.84,9.15,5.93,3.22,3.72,5.96,1239.47,2.94,4.45,152.1
2015-02-26 11:50:00,4881000.0,994.22,6.16,279.78,-0.42,62.62,9.46,5.92,3.54,3.71,5.96,1237.18,2.76,4.2,158.8
2015-02-26 12:00:00,4881600.0,994.07,6.62,280.25,-0.61,59.82,9.77,5.84,3.92,3.66,5.88,1235.01,2.68,4.06,162.8
2015-02-26 12:10:00,4882200.0,993.9,7.06,280.71,-0.67,57.75,10.07,5.81,4.25,3.65,5.85,1232.85,2.85,4.57,160.5
2015-02-26 12:20:00,4882800.0,993.74,7.48,281.14,-0.87,55.28,10.36,5.73,4.63,3.59,5.76,1230.85,3.52,6.37,163.8
2015-02-26 12:30:00,4883400.0,993.63,7.53,281.2,-1.39,53.05,10.4,5.52,4.88,3.46,5.55,1230.59,3.73,5.29,165.3
2015-02-26 12:40:00,4884000.0,993.46,7.76,281.45,-2.02,49.85,10.56,5.27,5.3,3.3,5.3,1229.49,4.29,5.99,191.3
2015-02-26 12:50:00,4884600.0,993.31,7.71,281.41,-2.26,49.13,10.53,5.17,5.36,3.25,5.21,1229.57,4.17,6.47,187.6
2015-02-26 13:00:00,4885200.0,993.22,7.89,281.6,-2.37,48.12,10.66,5.13,5.53,3.22,5.16,1228.69,4.45,6.69,185.6
2015-02-26 13:10:00,4885800.0,993.09,8.12,281.84,-2.45,47.08,10.83,5.1,5.73,3.2,5.13,1227.53,3.71,5.97,184.0
2015-02-26 13:20:00,4886400.0,992.9,8.16,281.89,-2.72,46.02,10.86,5.0,5.86,3.14,5.03,1227.18,3.96,6.01,204.2
2015-02-26 13:30:00,4887000.0,992.79,8.46,282.2,-2.94,44.38,11.08,4.92,6.16,3.09,4.95,1225.77,3.42,4.89,198.0
2015-02-26 13:40:00,4887600.0,992.67,8.54,282.29,-3.16,43.41,11.14,4.84,6.3,3.04,4.87,1225.31,3.33,5.13,182.6
2015-02-26 13:50:00,4888200.0,992.5,8.73,282.5,-2.93,43.59,11.28,4.92,6.37,3.09,4.96,1224.24,3.55,5.33,181.4
2015-02-26 14:00:00,4888800.0,992.31,8.75,282.53,-3.09,43.0,11.3,4.86,6.44,3.05,4.9,1223.94,3.7,5.65,182.1
2015-02-26 14:10:00,4889400.0,992.18,8.92,282.71,-2.95,42.98,11.43,4.91,6.52,3.09,4.95,1223.02,3.37,6.29,171.8
2015-02-26 14:20:00,4890000.0,992.08,9.07,282.87,-2.55,43.81,11.55,5.06,6.49,3.18,5.1,1222.18,3.38,6.19,170.5
2015-02-26 14:30:00,4890600.0,991.93,9.29,283.11,-2.5,43.33,11.72,5.08,6.64,3.19,5.12,1221.03,3.22,5.81,163.5
2015-02-26 14:40:00,4891200.0,991.8,8.9,282.73,-2.39,44.85,11.42,5.12,6.3,3.22,5.16,1222.54,3.93,5.65,177.2
2015-02-26 14:50:00,4891800.0,991.61,9.25,283.09,-2.14,44.63,11.69,5.22,6.47,3.28,5.26,1220.75,3.41,6.57,164.8
2015-02-26 15:00:00,4892400.0,991.47,9.43,283.28,-2.08,44.29,11.83,5.24,6.59,3.29,5.29,1219.79,3.98,6.41,170.8
2015-02-26 15:10:00,4893000.0,991.4,9.66,283.52,-2.3,42.9,12.02,5.15,6.86,3.24,5.2,1218.75,3.36,5.41,166.2
2015-02-26 15:20:00,4893600.0,991.27,9.62,283.49,-2.35,42.86,11.98,5.14,6.85,3.23,5.18,1218.77,3.91,5.57,157.3
2015-02-26 15:30:00,4894200.0,991.11,9.57,283.45,-2.1,43.81,11.94,5.23,6.71,3.29,5.28,1218.74,3.74,5.85,172.0
2015-02-26 15:40:00,4894800.0,990.92,9.36,283.26,-2.01,44.75,11.78,5.27,6.51,3.31,5.32,1219.4,3.68,5.37,187.7
2015-02-26 15:50:00,4895400.0,990.79,9.32,283.23,-2.13,44.46,11.74,5.22,6.52,3.28,5.27,1219.43,3.78,5.25,167.6
2015-02-26 16:00:00,4896000.0,990.67,9.1,283.02,-2.11,45.18,11.57,5.23,6.34,3.29,5.28,1220.23,3.45,5.49,176.5
2015-02-26 16:10:00,4896600.0,990.6,8.91,282.83,-2.17,45.58,11.42,5.21,6.22,3.28,5.26,1220.98,3.22,5.09,166.0
2015-02-26 16:20:00,4897200.0,990.59,8.68,282.6,-2.31,45.82,11.25,5.15,6.09,3.24,5.2,1221.98,4.14,5.85,178.3
2015-02-26 16:30:00,4897800.0,990.55,8.53,282.46,-2.33,46.2,11.13,5.14,5.99,3.24,5.19,1222.59,4.0,6.13,173.2
2015-02-26 16:40:00,4898400.0,990.47,8.42,282.35,-2.25,46.82,11.05,5.17,5.88,3.26,5.22,1222.95,2.97,4.32,187.1
2015-02-26 16:50:00,4899000.0,990.47,8.15,282.08,-2.3,47.53,10.85,5.16,5.69,3.24,5.21,1224.14,2.7,3.84,184.4
2015-02-26 17:00:00,4899600.0,990.46,8.0,281.93,-2.26,48.15,10.74,5.17,5.57,3.25,5.22,1224.77,2.5,3.84,184.9
2015-02-26 17:10:00,4900200.0,990.44,7.75,281.68,-2.31,48.79,10.56,5.15,5.41,3.24,5.2,1225.85,3.07,4.04,185.6
2015-02-26 17:20:00,4900800.0,990.35,7.56,281.5,-2.38,49.18,10.42,5.12,5.3,3.22,5.17,1226.58,2.93,3.76,188.4
2015-02-26 17:30:00,4901400.0,990.34,7.35,281.29,-2.38,49.91,10.27,5.13,5.14,3.23,5.18,1227.48,2.88,3.96,189.0
2015-02-26 17:40:00,4902000.0,990.23,7.18,281.13,-2.32,50.7,10.15,5.15,5.01,3.24,5.2,1228.08,2.71,3.6,195.3
2015-02-26 17:50:00,4902600.0,990.16,7.08,281.03,-2.28,51.23,10.08,5.17,4.92,3.25,5.22,1228.42,2.71,3.76,198.0
2015-02-26 18:00:00,4903200.0,990.2,6.99,280.94,-2.24,51.71,10.02,5.18,4.84,3.26,5.23,1228.88,2.69,3.68,198.5
2015-02-26 18:10:00,4903800.0,990.17,6.59,280.54,-2.19,53.31,9.75,5.2,4.55,3.27,5.25,1230.57,1.78,2.56,188.1
2015-02-26 18:20:00,4904400.0,990.17,6.29,280.24,-2.28,54.11,9.55,5.17,4.38,3.25,5.22,1231.92,1.82,3.14,194.8
2015-02-26 18:30:00,4905000.0,990.2,6.09,280.04,-2.38,54.42,9.42,5.13,4.29,3.23,5.18,1232.83,2.17,2.92,195.8
2015-02-26 18:40:00,4905600.0,990.21,5.97,279.91,-2.47,54.52,9.34,5.09,4.25,3.2,5.14,1233.42,2.12,2.88,198.6
2015-02-26 18:50:00,4906200.0,990.13,5.8,279.75,-2.53,54.93,9.23,5.07,4.16,3.19,5.12,1234.08,2.11,3.12,196.9
2015-02-26 19:00:00,4906800.0,990.21,5.64,279.59,-2.59,55.26,9.13,5.05,4.08,3.18,5.1,1234.87,1.84,2.72,201.6
2015-02-26 19:10:00,4907400.0,990.15,5.52,279.47,-2.62,55.62,9.05,5.03,4.02,3.17,5.08,1235.35,1.57,2.2,198.9
2015-02-26 19:20:00,4908000.0,990.18,5.36,279.3,-2.63,56.21,8.95,5.03,3.92,3.17,5.08,1236.12,1.41,1.84,196.8
2015-02-26 19:30:00,4908600.0,990.13,5.14,279.09,-2.64,57.04,8.81,5.03,3.79,3.16,5.08,1237.01,1.5,2.24,188.5
2015-02-26 19:40:00,4909200.0,990.13,4.9,278.85,-2.66,57.89,8.67,5.02,3.65,3.16,5.07,1238.08,1.7,2.42,186.2
2015-02-26 19:50:00,4909800.0,989.98,4.57,278.54,-2.82,58.55,8.47,4.96,3.51,3.12,5.01,1239.38,1.83,2.56,202.8
2015-02-26 20:00:00,4910400.0,989.8,4.27,278.25,-3.02,58.91,8.3,4.89,3.41,3.08,4.94,1240.53,1.86,2.66,209.2
2015-02-26 20:10:00,4911000.0,989.8,4.11,278.08,-3.19,58.83,8.2,4.82,3.38,3.04,4.87,1241.29,1.81,2.36,205.3
2015-02-26 20:20:00,4911600.0,989.78,4.04,278.01,-3.31,58.62,8.16,4.78,3.38,3.01,4.83,1241.62,1.86,2.32,208.7
2015-02-26 20:30:00,4912200.0,989.63,3.91,277.89,-3.45,58.54,8.08,4.73,3.35,2.98,4.78,1242.03,1.61,2.22,203.9
2015-02-26 20:40:00,4912800.0,989.58,3.73,277.72,-3.5,59.04,7.98,4.71,3.27,2.97,4.76,1242.77,1.57,2.04,203.6
2015-02-26 20:50:00,4913400.0,989.46,3.52,277.52,-3.61,59.42,7.87,4.67,3.19,2.94,4.72,1243.57,1.46,2.08,195.6
2015-02-26 21:00:00,4914000.0,989.26,3.2,277.21,-3.56,61.04,7.69,4.69,3.0,2.96,4.74,1244.77,1.14,2.16,178.6
2015-02-26 21:10:00,4914600.0,989.12,2.77,276.8,-3.61,62.66,7.46,4.67,2.79,2.94,4.73,1246.51,0.91,1.32,201.6
2015-02-26 21:20:00,4915200.0,989.04,2.6,276.63,-3.63,63.36,7.37,4.67,2.7,2.94,4.72,1247.21,1.79,3.0,159.7
2015-02-26 21:30:00,4915800.0,989.0,2.23,276.26,-3.55,65.43,7.17,4.69,2.48,2.96,4.75,1248.82,1.74,2.76,158.1
2015-02-26 21:40:00,4916400.0,988.88,1.73,275.77,-3.54,67.9,6.92,4.7,2.22,2.96,4.75,1250.95,1.01,1.94,193.2
2015-02-26 21:50:00,4917000.0,988.74,1.25,275.3,-3.51,70.4,6.69,4.71,1.98,2.97,4.76,1252.94,0.69,1.48,194.4
2015-02-26 22:00:00,4917600.0,988.63,1.09,275.14,-3.58,70.9,6.61,4.69,1.92,2.95,4.74,1253.56,0.74,1.32,183.5
2015-02-26 22:10:00,4918200.0,988.52,1.06,275.13,-3.66,70.6,6.6,4.66,1.94,2.94,4.71,1253.53,0.54,1.04,208.6
2015-02-26 22:20:00,4918800.0,988.39,1.11,275.18,-3.71,70.1,6.62,4.64,1.98,2.92,4.69,1253.19,0.71,1.4,191.5
2015-02-26 22:30:00,4919400.0,988.27,1.07,275.16,-3.81,69.77,6.6,4.61,2.0,2.9,4.66,1253.22,0.69,1.5,193.9
2015-02-26 22:40:00,4920000.0,988.23,0.96,275.05,-3.85,70.1,6.55,4.59,1.96,2.89,4.64,1253.68,0.73,1.32,235.4
2015-02-26 22:50:00,4920600.0,988.07,0.97,275.08,-3.91,69.7,6.56,4.57,1.99,2.88,4.62,1253.42,0.67,1.16,217.2
2015-02-26 23:00:00,4921200.0,987.91,0.98,275.09,-3.92,69.66,6.56,4.57,1.99,2.88,4.62,1253.2,0.57,1.6,206.3
2015-02-26 23:10:00,4921800.0,987.79,0.93,275.06,-4.0,69.44,6.54,4.54,2.0,2.86,4.59,1253.26,0.79,1.64,224.7
2015-02-26 23:20:00,4922400.0,987.7,0.57,274.7,-4.07,70.9,6.37,4.51,1.85,2.85,4.57,1254.8,1.12,2.32,195.9
2015-02-26 23:30:00,4923000.0,987.56,0.52,274.66,-4.07,71.2,6.34,4.52,1.83,2.85,4.57,1254.86,1.27,2.76,176.1
2015-02-26 23:40:00,4923600.0,987.52,0.84,274.98,-4.07,69.54,6.49,4.51,1.98,2.85,4.57,1253.37,1.75,2.84,185.7
2015-02-26 23:50:00,4924200.0,987.47,0.98,275.13,-4.15,68.45,6.56,4.49,2.07,2.83,4.55,1252.67,1.5,2.2,196.4
2015-02-27 00:00:00,4924800.0,987.31,1.1,275.26,-4.13,67.98,6.61,4.5,2.12,2.84,4.55,1251.93,1.48,2.88,187.9
2015-02-27 00:10:00,4925400.0,987.29,1.15,275.32,-4.19,67.38,6.64,4.47,2.17,2.82,4.53,1251.66,1.5,2.72,200.8
2015-02-27 00:20:00,4926000.0,987.11,1.13,275.31,-4.23,67.28,6.63,4.46,2.17,2.81,4.52,1251.55,1.59,2.6,201.9
2015-02-27 00:30:00,4926600.0,986.96,0.99,275.18,-4.25,67.9,6.56,4.45,2.11,2.81,4.51,1252.01,1.31,2.18,199.1
2015-02-27 00:40:00,4927200.0,986.92,0.87,275.06,-4.27,68.33,6.51,4.45,2.06,2.81,4.51,1252.48,1.4,1.98,197.0
2015-02-27 00:50:00,4927800.0,986.86,0.94,275.14,-4.26,68.09,6.54,4.45,2.09,2.81,4.51,1252.1,1.74,2.56,205.5
2015-02-27 01:00:00,4928400.0,986.71,1.04,275.25,-4.22,67.78,6.58,4.46,2.12,2.82,4.52,1251.46,1.59,2.56,208.9
2015-02-27 01:10:00,4929000.0,986.66,1.02,275.24,-4.24,67.76,6.58,4.46,2.12,2.81,4.52,1251.46,1.28,2.04,206.3
2015-02-27 01:20:00,4929600.0,986.61,1.0,275.22,-4.19,68.13,6.57,4.47,2.09,2.83,4.53,1251.5,1.25,2.0,195.4
2015-02-27 01:30:00,4930200.0,986.48,0.87,275.1,-4.27,68.37,6.51,4.45,2.06,2.81,4.51,1251.92,1.29,2.0,200.3
2015-02-27 01:40:00,4930800.0,986.44,0.74,274.98,-4.25,69.1,6.45,4.46,1.99,2.81,4.52,1252.45,1.25,1.76,198.4
2015-02-27 01:50:00,4931400.0,986.36,0.54,274.78,-4.3,69.84,6.35,4.44,1.92,2.8,4.5,1253.28,1.27,1.64,190.7
2015-02-27 02:00:00,4932000.0,986.3,0.03,274.27,-4.45,71.7,6.12,4.39,1.73,2.77,4.45,1255.59,1.06,1.54,204.3
2015-02-27 02:10:00,4932600.0,986.21,-0.21,274.04,-4.4,73.2,6.01,4.4,1.61,2.78,4.46,1256.56,0.97,1.52,200.6
2015-02-27 02:20:00,4933200.0,986.07,-0.25,274.01,-4.37,73.6,6.0,4.41,1.58,2.79,4.48,1256.55,1.39,2.2,165.0
2015-02-27 02:30:00,4933800.0,985.95,-0.52,273.74,-4.44,74.7,5.88,4.39,1.49,2.78,4.45,1257.66,1.54,2.68,164.2
2015-02-27 02:40:00,4934400.0,985.77,-0.9,273.38,-4.54,76.2,5.72,4.36,1.36,2.75,4.42,1259.19,0.85,1.88,169.3
2015-02-27 02:50:00,4935000.0,985.63,-0.85,273.44,-4.37,76.9,5.74,4.41,1.33,2.79,4.48,1258.75,1.03,1.84,197.7
2015-02-27 03:00:00,4935600.0,985.43,-0.52,273.79,-4.35,75.2,5.88,4.42,1.46,2.8,4.49,1256.98,1.06,1.54,223.0
2015-02-27 03:10:00,4936200.0,985.37,-0.35,273.96,-4.27,74.7,5.95,4.45,1.51,2.81,4.51,1256.12,1.18,1.68,204.5
2015-02-27 03:20:00,4936800.0,985.25,-0.24,274.09,-4.2,74.5,6.0,4.47,1.53,2.83,4.54,1255.42,1.39,2.08,197.1
2015-02-27 03:30:00,4937400.0,985.04,-0.19,274.15,-4.2,74.2,6.03,4.47,1.55,2.83,4.54,1254.92,1.35,2.12,200.0
2015-02-27 03:40:00,4938000.0,984.94,-0.13,274.21,-4.13,74.3,6.05,4.49,1.55,2.84,4.56,1254.54,1.33,2.28,194.4
2015-02-27 03:50:00,4938600.0,984.83,0.01,274.36,-4.03,74.1,6.11,4.53,1.58,2.86,4.6,1253.74,1.91,2.48,191.3
2015-02-27 04:00:00,4939200.0,984.72,0.04,274.41,-4.03,73.9,6.13,4.53,1.6,2.87,4.6,1253.43,2.05,2.72,191.3
2015-02-27 04:10:00,4939800.0,984.58,-0.1,274.28,-4.06,74.5,6.06,4.52,1.55,2.86,4.59,1253.92,1.66,2.32,201.3
2015-02-27 04:20:00,4940400.0,984.46,0.04,274.43,-3.96,74.3,6.13,4.55,1.57,2.88,4.62,1253.1,1.54,2.12,209.0
2015-02-27 04:30:00,4941000.0,984.4,0.1,274.5,-3.99,73.8,6.15,4.54,1.61,2.87,4.61,1252.74,1.82,2.44,202.2
2015-02-27 04:40:00,4941600.0,984.25,-0.16,274.25,-4.01,75.1,6.04,4.53,1.5,2.87,4.61,1253.75,1.92,2.44,200.0
2015-02-27 04:50:00,4942200.0,984.22,-0.14,274.26,-3.96,75.3,6.04,4.55,1.49,2.88,4.62,1253.64,1.89,2.64,205.0
2015-02-27 05:00:00,4942800.0,984.19,-0.03,274.37,-3.88,75.2,6.09,4.58,1.51,2.9,4.66,1253.08,1.94,2.56,199.3
2015-02-27 05:10:00,4943400.0,984.17,-0.04,274.37,-3.86,75.3,6.09,4.59,1.5,2.9,4.66,1253.07,1.51,2.48,194.1
2015-02-27 05:20:00,4944000.0,984.12,-0.08,274.33,-3.83,75.7,6.07,4.6,1.48,2.91,4.67,1253.19,1.94,2.84,193.8
2015-02-27 05:30:00,4944600.0,984.11,-0.15,274.26,-3.85,76.0,6.04,4.59,1.45,2.91,4.67,1253.51,2.28,3.24,204.7
2015-02-27 05:40:00,4945200.0,984.13,-0.07,274.34,-3.75,76.1,6.08,4.62,1.45,2.93,4.7,1253.16,2.3,3.04,196.5
2015-02-27 05:50:00,4945800.0,984.08,-0.05,274.36,-3.76,76.0,6.08,4.62,1.46,2.93,4.7,1253.02,2.61,3.32,193.7
2015-02-27 06:00:00,4946400.0,984.01,-0.03,274.39,-3.68,76.3,6.09,4.65,1.44,2.94,4.73,1252.81,2.62,3.59,176.4
2015-02-27 06:10:00,4947000.0,984.03,-0.04,274.38,-3.74,76.0,6.09,4.63,1.46,2.93,4.7,1252.89,2.06,3.24,192.2
2015-02-27 06:20:00,4947600.0,984.0,-0.18,274.24,-3.79,76.5,6.03,4.61,1.42,2.92,4.69,1253.49,1.91,3.16,209.1
2015-02-27 06:30:00,4948200.0,983.99,-0.66,273.77,-3.99,78.0,5.82,4.54,1.28,2.88,4.62,1255.7,1.82,2.76,200.5
2015-02-27 06:40:00,4948800.0,983.98,-0.61,273.81,-3.86,78.5,5.84,4.59,1.26,2.9,4.66,1255.45,2.08,3.57,201.1
2015-02-27 06:50:00,4949400.0,984.03,-0.73,273.69,-3.98,78.5,5.79,4.55,1.25,2.88,4.62,1256.09,2.0,3.12,194.0
2015-02-27 07:00:00,4950000.0,983.98,-0.95,273.48,-3.99,79.7,5.7,4.54,1.16,2.88,4.62,1257.03,2.15,2.88,189.4
2015-02-27 07:10:00,4950600.0,984.06,-0.8,273.61,-3.94,79.2,5.76,4.56,1.2,2.89,4.63,1256.47,2.02,2.68,198.3
2015-02-27 07:20:00,4951200.0,984.1,-0.86,273.55,-3.97,79.3,5.74,4.55,1.19,2.88,4.62,1256.77,1.94,2.64,195.3
2015-02-27 07:30:00,4951800.0,984.12,-1.05,273.35,-4.06,79.9,5.65,4.52,1.14,2.86,4.59,1257.72,2.21,3.04,209.7
2015-02-27 07:40:00,4952400.0,984.16,-0.8,273.61,-3.85,79.7,5.76,4.59,1.17,2.91,4.67,1256.56,1.47,2.6,201.0
2015-02-27 07:50:00,4953000.0,984.17,-0.31,274.1,-3.71,77.7,5.97,4.64,1.33,2.94,4.71,1254.31,1.63,2.84,199.1
2015-02-27 08:00:00,4953600.0,984.23,-0.2,274.21,-3.64,77.5,6.02,4.67,1.35,2.95,4.74,1253.85,1.4,2.32,193.7
2015-02-27 08:10:00,4954200.0,984.24,0.06,274.46,-3.61,76.2,6.13,4.67,1.46,2.96,4.75,1252.68,1.71,2.74,192.3
2015-02-27 08:20:00,4954800.0,984.23,0.34,274.75,-3.48,75.4,6.26,4.72,1.54,2.99,4.8,1251.34,1.54,2.36,197.2
2015-02-27 08:30:00,4955400.0,984.22,0.68,275.09,-3.35,74.3,6.42,4.77,1.65,3.02,4.84,1249.78,1.47,2.2,191.5
2015-02-27 08:40:00,4956000.0,984.2,1.24,275.65,-3.13,72.5,6.68,4.85,1.84,3.07,4.92,1247.15,1.07,2.22,173.2
2015-02-27 08:50:00,4956600.0,984.26,1.56,275.97,-3.15,70.8,6.84,4.84,2.0,3.06,4.92,1245.8,2.0,3.12,173.5
2015-02-27 09:00:00,4957200.0,984.31,1.42,275.82,-3.16,71.4,6.77,4.83,1.94,3.06,4.91,1246.48,2.29,3.65,176.1
2015-02-27 09:10:00,4957800.0,984.26,1.67,276.08,-3.0,71.0,6.89,4.89,2.0,3.1,4.97,1245.25,1.89,3.12,167.5
2015-02-27 09:20:00,4958400.0,984.29,1.89,276.3,-2.94,70.2,7.0,4.92,2.09,3.11,4.99,1244.28,1.69,2.78,160.2
2015-02-27 09:30:00,4959000.0,984.26,2.1,276.52,-2.98,68.91,7.11,4.9,2.21,3.1,4.98,1243.29,2.7,4.45,155.0
2015-02-27 09:40:00,4959600.0,984.38,2.45,276.85,-2.86,67.84,7.29,4.94,2.34,3.13,5.02,1241.87,2.85,4.45,152.3
2015-02-27 09:50:00,4960200.0,984.37,3.07,277.48,-2.6,66.19,7.62,5.04,2.58,3.19,5.12,1239.0,2.35,3.59,156.8
2015-02-27 10:00:00,4960800.0,984.34,3.54,277.95,-2.41,64.94,7.88,5.11,2.76,3.24,5.2,1236.84,2.27,3.69,148.0
2015-02-27 10:10:00,4961400.0,984.41,4.0,278.41,-2.1,64.32,8.14,5.23,2.9,3.31,5.32,1234.81,2.52,4.37,157.7
2015-02-27 10:20:00,4962000.0,984.45,4.82,279.22,-1.96,61.38,8.62,5.29,3.33,3.35,5.37,1231.22,2.6,3.85,151.7
2015-02-27 10:30:00,4962600.0,984.51,5.67,280.08,-1.96,57.83,9.15,5.29,3.86,3.35,5.37,1227.52,2.89,4.09,151.5
2015-02-27 10:40:00,4963200.0,984.46,6.21,280.63,-1.87,56.05,9.5,5.32,4.17,3.37,5.41,1225.05,2.45,3.64,165.2
2015-02-27 10:50:00,4963800.0,984.37,6.63,281.06,-1.93,54.2,9.78,5.3,4.48,3.36,5.38,1223.11,2.78,4.33,159.8
2015-02-27 11:00:00,4964400.0,984.41,6.99,281.41,-1.86,53.15,10.02,5.33,4.69,3.37,5.41,1221.59,2.4,3.96,160.2
2015-02-27 11:10:00,4965000.0,984.52,7.36,281.77,-1.94,51.54,10.28,5.3,4.98,3.35,5.38,1220.13,2.89,4.37,150.7
2015-02-27 11:20:00,4965600.0,984.58,7.19,281.6,-2.03,51.78,10.16,5.26,4.9,3.33,5.34,1220.96,2.9,4.41,130.0
2015-02-27 11:30:00,4966200.0,984.52,7.63,282.05,-1.89,50.76,10.47,5.31,5.16,3.36,5.4,1218.95,2.09,5.17,146.6
2015-02-27 11:40:00,4966800.0,984.47,8.27,282.69,-1.84,48.78,10.94,5.34,5.6,3.38,5.42,1216.1,2.44,4.0,150.7
2015-02-27 11:50:00,4967400.0,984.48,8.3,282.72,-1.97,48.21,10.96,5.28,5.68,3.35,5.37,1216.01,2.21,3.68,167.4
2015-02-27 12:00:00,4968000.0,984.54,8.31,282.73,-2.39,46.71,10.97,5.12,5.84,3.24,5.2,1216.12,1.65,3.6,124.8
2015-02-27 12:10:00,4968600.0,984.53,8.71,283.13,-2.1,46.44,11.27,5.23,6.04,3.31,5.32,1214.33,1.86,3.28,163.1
2015-02-27 12:20:00,4969200.0,984.43,8.88,283.31,-2.73,43.79,11.4,4.99,6.41,3.16,5.07,1213.58,1.79,3.44,205.7
2015-02-27 12:30:00,4969800.0,984.33,8.9,283.34,-3.52,41.22,11.42,4.71,6.71,2.98,4.78,1213.51,2.42,4.28,210.9
2015-02-27 12:40:00,4970400.0,984.39,8.99,283.42,-3.48,41.1,11.49,4.72,6.76,2.99,4.8,1213.19,1.62,4.04,243.7
2015-02-27 12:50:00,4971000.0,984.36,9.41,283.85,-3.39,40.22,11.82,4.75,7.06,3.01,4.83,1211.33,2.24,4.22,261.4
2015-02-27 13:00:00,4971600.0,984.32,9.44,283.88,-3.55,39.65,11.84,4.69,7.15,2.97,4.77,1211.18,2.49,4.44,243.1
2015-02-27 13:10:00,4972200.0,984.27,9.35,283.79,-4.06,38.39,11.77,4.52,7.25,2.86,4.59,1211.59,2.71,4.85,222.5
2015-02-27 13:20:00,4972800.0,984.33,9.35,283.79,-4.0,38.57,11.77,4.54,7.23,2.87,4.61,1211.65,1.53,4.36,238.3
2015-02-27 13:30:00,4973400.0,984.27,9.68,284.13,-3.43,39.39,12.03,4.74,7.29,3.0,4.82,1210.07,2.46,3.88,212.7
2015-02-27 13:40:00,4974000.0,984.29,9.54,283.98,-3.68,39.01,11.92,4.65,7.27,2.94,4.72,1210.74,2.39,4.36,240.0
2015-02-27 13:50:00,4974600.0,984.32,9.38,283.82,-3.83,38.98,11.79,4.6,7.2,2.91,4.67,1211.49,1.69,3.08,262.7
2015-02-27 14:00:00,4975200.0,984.3,9.4,283.84,-3.42,40.17,11.81,4.74,7.06,3.0,4.82,1211.31,1.12,1.68,33.87
2015-02-27 14:10:00,4975800.0,984.23,10.12,284.57,-3.16,39.02,12.39,4.84,7.56,3.06,4.91,1208.1,1.05,2.56,45.8
2015-02-27 14:20:00,4976400.0,984.3,10.34,284.79,-2.17,41.4,12.58,5.21,7.37,3.3,5.29,1207.08,2.19,4.12,32.25
2015-02-27 14:30:00,4977000.0,984.35,9.96,284.4,-1.87,43.41,12.26,5.32,6.94,3.37,5.41,1208.7,2.19,4.65,13.78
2015-02-27 14:40:00,4977600.0,984.46,9.73,284.16,-0.27,49.59,12.07,5.99,6.09,3.79,6.08,1209.51,1.58,3.0,312.8
2015-02-27 14:50:00,4978200.0,984.66,9.73,284.14,-0.14,50.09,12.07,6.05,6.03,3.83,6.14,1209.73,1.44,3.44,198.1
2015-02-27 15:00:00,4978800.0,984.76,9.36,283.76,-0.5,50.02,11.78,5.89,5.89,3.73,5.98,1211.51,1.88,3.96,265.2
2015-02-27 15:10:00,4979400.0,984.89,8.5,282.89,-0.98,51.15,11.11,5.68,5.43,3.6,5.77,1215.47,1.48,4.04,287.9
2015-02-27 15:20:00,4980000.0,984.99,9.19,283.57,-0.79,49.52,11.64,5.76,5.88,3.65,5.85,1212.58,1.0,2.68,123.3
2015-02-27 15:30:00,4980600.0,985.15,8.74,283.11,-0.77,51.14,11.29,5.77,5.52,3.65,5.86,1214.71,1.92,4.16,289.1
2015-02-27 15:40:00,4981200.0,985.33,7.65,282.0,-0.97,54.26,10.48,5.69,4.8,3.6,5.77,1219.69,2.25,4.06,257.4
2015-02-27 15:50:00,4981800.0,985.51,6.89,281.22,-0.98,57.11,9.95,5.68,4.27,3.6,5.77,1223.22,2.24,5.21,270.2
2015-02-27 16:00:00,4982400.0,985.63,6.41,280.73,-1.18,58.21,9.63,5.6,4.02,3.54,5.68,1225.53,2.38,3.76,267.8
2015-02-27 16:10:00,4983000.0,985.78,6.12,280.42,-1.05,59.92,9.44,5.65,3.78,3.58,5.74,1226.96,2.53,5.13,268.0
2015-02-27 16:20:00,4983600.0,985.81,5.96,280.26,-1.13,60.25,9.33,5.62,3.71,3.55,5.7,1227.71,2.62,5.17,267.7
2015-02-27 16:30:00,4984200.0,985.86,5.86,280.16,-1.41,59.41,9.27,5.51,3.76,3.48,5.59,1228.25,2.88,5.09,271.7
2015-02-27 16:40:00,4984800.0,985.93,5.83,280.12,-1.52,59.08,9.25,5.46,3.78,3.45,5.54,1228.52,2.3,4.4,269.5
2015-02-27 16:50:00,4985400.0,986.06,5.78,280.06,-1.42,59.71,9.21,5.5,3.71,3.48,5.58,1228.88,2.3,4.24,263.3
2015-02-27 17:00:00,4986000.0,986.2,5.72,279.99,-1.32,60.41,9.18,5.54,3.63,3.5,5.62,1229.3,1.84,3.24,254.4
2015-02-27 17:10:00,4986600.0,986.35,5.66,279.92,-1.33,60.61,9.14,5.54,3.6,3.5,5.62,1229.74,2.33,4.12,264.8
2015-02-27 17:20:00,4987200.0,986.5,5.62,279.86,-1.24,61.21,9.11,5.58,3.54,3.52,5.65,1230.09,1.73,3.52,239.1
2015-02-27 17:30:00,4987800.0,986.6,5.54,279.78,-0.99,62.65,9.07,5.68,3.39,3.59,5.76,1230.5,1.48,2.96,223.7
2015-02-27 17:40:00,4988400.0,986.68,5.53,279.76,-0.77,63.76,9.06,5.77,3.28,3.65,5.85,1230.63,1.44,3.4,241.7
2015-02-27 17:50:00,4989000.0,986.85,5.5,279.72,-0.6,64.67,9.04,5.85,3.19,3.69,5.92,1230.91,0.97,2.2,215.3
2015-02-27 18:00:00,4989600.0,987.07,5.39,279.59,-0.46,65.86,8.97,5.91,3.06,3.73,5.98,1231.66,1.12,3.4,225.0
2015-02-27 18:10:00,4990200.0,987.23,5.33,279.52,-0.3,66.9,8.93,5.98,2.96,3.77,6.05,1232.09,1.22,3.32,247.4
2015-02-27 18:20:00,4990800.0,987.46,5.27,279.43,-0.16,67.87,8.89,6.04,2.86,3.81,6.11,1232.63,1.01,2.16,221.1
2015-02-27 18:30:00,4991400.0,987.65,5.24,279.39,0.0,68.81,8.88,6.11,2.77,3.86,6.18,1232.96,1.08,2.66,232.5
2015-02-27 18:40:00,4992000.0,987.8,5.17,279.31,0.16,69.95,8.84,6.18,2.65,3.9,6.26,1233.4,0.68,2.08,311.3
2015-02-27 18:50:00,4992600.0,987.96,5.09,279.22,0.58,72.5,8.78,6.37,2.42,4.02,6.45,1233.88,0.71,1.44,280.6
2015-02-27 19:00:00,4993200.0,988.11,4.99,279.1,0.91,74.8,8.72,6.52,2.2,4.12,6.6,1234.44,0.92,2.08,219.8
2015-02-27 19:10:00,4993800.0,988.25,4.9,279.0,1.15,76.6,8.67,6.64,2.03,4.19,6.72,1234.97,0.66,1.76,150.0
2015-02-27 19:20:00,4994400.0,988.45,4.81,278.9,1.24,77.6,8.61,6.69,1.93,4.22,6.76,1235.58,1.04,2.32,156.2
2015-02-27 19:30:00,4995000.0,988.64,4.73,278.8,1.36,78.7,8.56,6.74,1.82,4.25,6.82,1236.16,0.96,3.24,234.8
2015-02-27 19:40:00,4995600.0,988.76,4.5,278.56,1.48,80.7,8.43,6.8,1.63,4.29,6.88,1237.32,1.2,3.52,289.8
2015-02-27 19:50:00,4996200.0,988.94,4.4,278.44,1.52,81.5,8.37,6.82,1.55,4.3,6.9,1237.97,0.96,1.8,18.32
2015-02-27 20:00:00,4996800.0,989.11,4.28,278.31,1.47,81.9,8.3,6.8,1.5,4.28,6.87,1238.74,0.87,2.22,340.6
2015-02-27 20:10:00,4997400.0,989.29,4.2,278.22,1.43,82.1,8.25,6.78,1.48,4.27,6.85,1239.32,1.08,2.64,275.9
2015-02-27 20:20:00,4998000.0,989.34,3.93,277.94,1.32,83.0,8.1,6.72,1.38,4.24,6.79,1240.6,1.22,2.78,276.0
2015-02-27 20:30:00,4998600.0,989.48,3.66,277.66,1.19,83.8,7.94,6.66,1.29,4.2,6.73,1242.03,1.24,2.32,264.9
2015-02-27 20:40:00,4999200.0,989.62,3.56,277.54,1.15,84.2,7.89,6.64,1.25,4.18,6.71,1242.68,0.8,2.0,287.2
2015-02-27 20:50:00,4999800.0,989.71,3.38,277.36,1.06,84.7,7.79,6.59,1.19,4.15,6.66,1243.63,1.22,2.32,263.1
2015-02-27 21:00:00,5000400.0,989.93,3.2,277.16,1.02,85.5,7.69,6.58,1.12,4.14,6.64,1244.69,1.06,2.84,250.3
2015-02-27 21:10:00,5001000.0,990.08,3.07,277.01,0.98,86.1,7.62,6.56,1.06,4.13,6.62,1245.51,0.99,2.2,236.4
2015-02-27 21:20:00,5001600.0,990.19,2.92,276.86,0.98,87.0,7.54,6.56,0.98,4.13,6.62,1246.31,1.07,2.16,228.7
2015-02-27 21:30:00,5002200.0,990.33,2.8,276.73,0.98,87.8,7.47,6.56,0.91,4.13,6.62,1247.04,1.48,2.6,253.3
2015-02-27 21:40:00,5002800.0,990.36,2.69,276.61,1.02,88.7,7.41,6.58,0.84,4.14,6.64,1247.55,1.4,2.88,248.3
2015-02-27 21:50:00,5003400.0,990.45,2.59,276.51,0.97,89.0,7.36,6.55,0.81,4.13,6.62,1248.11,1.79,3.41,256.3
2015-02-27 22:00:00,5004000.0,990.6,2.48,276.39,0.96,89.6,7.31,6.55,0.76,4.12,6.61,1248.8,2.19,4.01,255.8
2015-02-27 22:10:00,5004600.0,990.71,2.4,276.29,0.96,90.2,7.26,6.55,0.71,4.12,6.61,1249.34,2.14,3.49,261.6
2015-02-27 22:20:00,5005200.0,990.85,2.29,276.18,0.92,90.6,7.21,6.53,0.68,4.11,6.59,1250.0,2.19,3.65,252.6
2015-02-27 22:30:00,5005800.0,990.91,2.27,276.15,0.94,90.9,7.19,6.54,0.65,4.11,6.6,1250.19,2.12,3.97,261.8
2015-02-27 22:40:00,5006400.0,990.97,2.19,276.06,0.86,90.9,7.15,6.5,0.65,4.09,6.56,1250.64,2.33,3.73,250.9
2015-02-27 22:50:00,5007000.0,991.14,1.95,275.81,0.67,91.2,7.03,6.41,0.62,4.03,6.47,1251.98,2.27,3.93,247.1
2015-02-27 23:00:00,5007600.0,991.21,1.67,275.52,0.47,91.7,6.89,6.32,0.57,3.98,6.38,1253.39,2.54,3.77,244.5
2015-02-27 23:10:00,5008200.0,991.23,1.46,275.31,0.34,92.2,6.79,6.26,0.53,3.94,6.31,1254.41,2.47,3.41,243.1
2015-02-27 23:20:00,5008800.0,991.39,1.3,275.14,0.26,92.7,6.71,6.22,0.49,3.91,6.28,1255.33,2.09,3.2,243.6
2015-02-27 23:30:00,5009400.0,991.48,1.26,275.1,0.29,93.2,6.69,6.24,0.46,3.92,6.29,1255.62,1.76,2.56,234.7
2015-02-27 23:40:00,5010000.0,991.61,1.26,275.09,0.32,93.4,6.69,6.25,0.44,3.93,6.31,1255.77,1.68,2.44,241.9
2015-02-27 23:50:00,5010600.0,991.63,1.26,275.08,0.35,93.6,6.69,6.27,0.43,3.94,6.32,1255.79,1.68,2.76,240.8
2015-02-28 00:00:00,5011200.0,991.68,1.26,275.08,0.37,93.7,6.69,6.27,0.42,3.94,6.33,1255.85,1.6,2.52,248.9
2015-02-28 00:10:00,5011800.0,991.76,1.26,275.07,0.37,93.7,6.69,6.27,0.42,3.94,6.32,1255.95,1.57,2.4,251.1
2015-02-28 00:20:00,5012400.0,991.8,1.26,275.07,0.38,93.8,6.69,6.28,0.42,3.95,6.33,1256.0,1.65,2.74,249.5
2015-02-28 00:30:00,5013000.0,991.81,1.26,275.07,0.39,93.9,6.69,6.29,0.41,3.95,6.34,1256.01,1.91,3.2,248.8
2015-02-28 00:40:00,5013600.0,991.86,1.26,275.07,0.41,94.0,6.69,6.29,0.4,3.96,6.34,1256.07,1.77,2.88,247.3
2015-02-28 00:50:00,5014200.0,992.02,1.29,275.08,0.45,94.1,6.71,6.31,0.4,3.97,6.36,1256.16,1.58,2.68,249.8
2015-02-28 01:00:00,5014800.0,992.07,1.31,275.1,0.46,94.0,6.72,6.31,0.4,3.97,6.37,1256.11,1.83,2.88,250.6
2015-02-28 01:10:00,5015400.0,992.08,1.26,275.05,0.41,94.0,6.69,6.29,0.4,3.95,6.34,1256.35,2.44,3.65,243.7
2015-02-28 01:20:00,5016000.0,992.12,1.27,275.06,0.43,94.1,6.7,6.3,0.4,3.96,6.35,1256.35,2.19,2.96,246.8
2015-02-28 01:30:00,5016600.0,992.21,1.33,275.11,0.51,94.2,6.73,6.34,0.39,3.98,6.39,1256.19,2.18,2.76,249.9
2015-02-28 01:40:00,5017200.0,992.29,1.39,275.15,0.56,94.2,6.75,6.36,0.39,4.0,6.41,1256.03,1.88,2.68,250.1
2015-02-28 01:50:00,5017800.0,992.32,1.45,275.22,0.63,94.2,6.79,6.39,0.39,4.02,6.44,1255.75,1.2,1.8,248.2
2015-02-28 02:00:00,5018400.0,992.34,1.47,275.23,0.63,94.1,6.79,6.39,0.4,4.02,6.44,1255.7,1.51,1.88,245.8
2015-02-28 02:10:00,5019000.0,992.33,1.46,275.23,0.61,94.0,6.79,6.38,0.41,4.01,6.43,1255.71,1.63,1.96,248.3
2015-02-28 02:20:00,5019600.0,992.33,1.46,275.23,0.62,94.1,6.79,6.39,0.4,4.02,6.44,1255.71,1.79,2.4,247.7
2015-02-28 02:30:00,5020200.0,992.35,1.42,275.19,0.58,94.1,6.77,6.37,0.4,4.0,6.42,1255.93,1.78,2.2,252.1
2015-02-28 02:40:00,5020800.0,992.33,1.45,275.21,0.64,94.3,6.78,6.4,0.39,4.02,6.45,1255.78,1.68,2.04,250.7
2015-02-28 02:50:00,5021400.0,992.32,1.51,275.28,0.73,94.5,6.81,6.44,0.37,4.05,6.49,1255.46,1.62,2.0,249.2
2015-02-28 03:00:00,5022000.0,992.31,1.57,275.33,0.75,94.3,6.84,6.45,0.39,4.05,6.5,1255.19,1.53,1.76,251.5
2015-02-28 03:10:00,5022600.0,992.32,1.61,275.38,0.76,94.0,6.86,6.45,0.41,4.05,6.5,1254.99,1.66,1.96,250.1
2015-02-28 03:20:00,5023200.0,992.22,1.58,275.35,0.7,93.9,6.85,6.43,0.42,4.04,6.48,1255.04,1.8,2.2,246.4
2015-02-28 03:30:00,5023800.0,992.21,1.53,275.31,0.65,93.8,6.82,6.4,0.42,4.02,6.45,1255.24,1.91,2.2,243.7
2015-02-28 03:40:00,5024400.0,992.29,1.53,275.29,0.64,93.8,6.82,6.4,0.42,4.02,6.45,1255.37,1.85,2.32,242.7
2015-02-28 03:50:00,5025000.0,992.32,1.53,275.3,0.61,93.6,6.82,6.39,0.44,4.01,6.44,1255.39,1.7,2.16,238.9
2015-02-28 04:00:00,5025600.0,992.4,1.58,275.34,0.56,92.9,6.85,6.36,0.49,4.0,6.41,1255.3,2.15,2.72,252.0
2015-02-28 04:10:00,5026200.0,992.48,1.6,275.35,0.4,91.7,6.86,6.29,0.57,3.95,6.34,1255.33,1.96,2.52,248.4
2015-02-28 04:20:00,5026800.0,992.54,1.59,275.34,0.28,90.9,6.86,6.23,0.62,3.91,6.28,1255.46,1.97,2.8,253.1
2015-02-28 04:30:00,5027400.0,992.57,1.54,275.29,0.1,90.1,6.83,6.15,0.68,3.87,6.2,1255.76,2.07,2.64,248.6
2015-02-28 04:40:00,5028000.0,992.67,1.49,275.23,-0.04,89.5,6.8,6.09,0.71,3.83,6.14,1256.16,2.11,2.8,247.8
2015-02-28 04:50:00,5028600.0,992.71,1.4,275.13,-0.22,88.9,6.76,6.01,0.75,3.77,6.05,1256.67,1.7,2.42,248.3
2015-02-28 05:00:00,5029200.0,992.83,1.26,274.99,-0.31,89.2,6.69,5.97,0.72,3.75,6.01,1257.47,1.62,2.44,252.2
2015-02-28 05:10:00,5029800.0,992.88,1.17,274.89,-0.44,89.0,6.65,5.92,0.73,3.71,5.96,1258.0,1.51,2.16,249.5
2015-02-28 05:20:00,5030400.0,992.94,1.06,274.77,-0.54,89.0,6.6,5.87,0.73,3.69,5.91,1258.59,2.05,2.56,247.4
2015-02-28 05:30:00,5031000.0,993.03,1.0,274.71,-0.71,88.3,6.57,5.8,0.77,3.64,5.84,1259.0,1.78,2.8,248.5
2015-02-28 05:40:00,5031600.0,993.01,0.98,274.69,-0.8,87.8,6.56,5.76,0.8,3.62,5.8,1259.08,1.61,2.68,255.4
2015-02-28 05:50:00,5032200.0,993.11,0.88,274.58,-0.83,88.3,6.51,5.75,0.76,3.61,5.79,1259.71,1.4,1.96,252.2
2015-02-28 06:00:00,5032800.0,993.17,0.8,274.49,-0.83,88.8,6.47,5.75,0.72,3.61,5.79,1260.14,1.5,2.08,252.7
2015-02-28 06:10:00,5033400.0,993.23,0.8,274.49,-0.8,89.0,6.47,5.76,0.71,3.62,5.8,1260.2,1.59,2.44,258.1
2015-02-28 06:20:00,5034000.0,993.34,0.86,274.55,-0.68,89.4,6.5,5.81,0.69,3.65,5.85,1260.03,2.04,2.76,252.7
2015-02-28 06:30:00,5034600.0,993.42,0.93,274.61,-0.53,89.9,6.54,5.88,0.66,3.69,5.91,1259.78,2.09,3.0,251.1
2015-02-28 06:40:00,5035200.0,993.53,1.0,274.67,-0.39,90.4,6.57,5.94,0.63,3.73,5.98,1259.56,2.23,2.96,256.0
2015-02-28 06:50:00,5035800.0,993.68,1.06,274.72,-0.31,90.5,6.6,5.97,0.63,3.75,6.01,1259.45,2.1,3.0,257.5
2015-02-28 07:00:00,5036400.0,993.67,1.03,274.69,-0.36,90.4,6.58,5.95,0.63,3.73,5.99,1259.61,1.65,2.52,256.4
2015-02-28 07:10:00,5037000.0,993.76,0.9,274.55,-0.48,90.4,6.52,5.9,0.63,3.7,5.93,1260.33,2.36,2.8,256.0
2015-02-28 07:20:00,5037600.0,993.91,0.85,274.49,-0.55,90.3,6.5,5.87,0.63,3.68,5.9,1260.78,2.34,2.96,255.3
2015-02-28 07:30:00,5038200.0,994.03,0.86,274.49,-0.72,89.1,6.5,5.79,0.71,3.63,5.83,1260.9,2.37,3.2,256.6
2015-02-28 07:40:00,5038800.0,994.07,0.86,274.49,-0.86,88.2,6.5,5.74,0.77,3.6,5.77,1260.98,2.38,2.9,252.6
2015-02-28 07:50:00,5039400.0,994.16,0.86,274.48,-0.92,87.8,6.5,5.71,0.79,3.58,5.74,1261.11,2.45,3.12,250.7
2015-02-28 08:00:00,5040000.0,994.17,0.84,274.46,-0.97,87.6,6.49,5.69,0.81,3.57,5.72,1261.25,2.43,2.74,246.8
2015-02-28 08:10:00,5040600.0,994.15,0.81,274.43,-0.91,88.2,6.48,5.72,0.76,3.58,5.75,1261.33,2.63,2.96,239.6
2015-02-28 08:20:00,5041200.0,994.23,1.1,274.71,-0.75,87.4,6.61,5.78,0.83,3.62,5.81,1260.09,2.72,3.24,234.9
2015-02-28 08:30:00,5041800.0,994.35,1.32,274.92,-0.66,86.6,6.72,5.82,0.9,3.65,5.85,1259.22,2.54,3.12,232.8
2015-02-28 08:40:00,5042400.0,994.37,1.27,274.87,-0.55,87.6,6.7,5.87,0.83,3.68,5.9,1259.43,1.88,2.48,233.5
2015-02-28 08:50:00,5043000.0,994.27,1.26,274.87,-0.83,85.9,6.69,5.75,0.94,3.6,5.78,1259.42,2.02,2.78,225.5
2015-02-28 09:00:00,5043600.0,994.19,1.34,274.96,-0.91,84.9,6.73,5.72,1.02,3.58,5.75,1258.95,1.42,2.1,223.9
2015-02-28 09:10:00,5044200.0,994.22,1.41,275.02,-0.87,84.7,6.76,5.73,1.04,3.59,5.76,1258.67,1.95,2.76,215.8
2015-02-28 09:20:00,5044800.0,994.22,1.42,275.03,-0.83,84.9,6.77,5.75,1.02,3.6,5.78,1258.62,1.67,2.16,215.3
2015-02-28 09:30:00,5045400.0,994.25,1.52,275.13,-0.82,84.4,6.82,5.75,1.06,3.61,5.79,1258.21,1.82,2.44,212.3
2015-02-28 09:40:00,5046000.0,994.33,1.82,275.42,-0.59,84.0,6.97,5.85,1.11,3.67,5.88,1256.89,1.65,2.52,212.9
2015-02-28 09:50:00,5046600.0,994.35,2.18,275.79,-0.57,81.9,7.15,5.86,1.29,3.67,5.89,1255.24,2.02,2.88,206.6
2015-02-28 10:00:00,5047200.0,994.32,2.46,276.07,-1.04,77.6,7.3,5.66,1.63,3.55,5.69,1254.02,2.31,3.12,203.2
2015-02-28 10:10:00,5047800.0,994.25,2.94,276.55,-1.24,73.9,7.55,5.58,1.97,3.5,5.61,1251.82,2.71,3.77,199.7
2015-02-28 10:20:00,5048400.0,994.15,3.04,276.67,-1.98,69.45,7.6,5.28,2.32,3.31,5.31,1251.35,2.59,3.32,197.3
2015-02-28 10:30:00,5049000.0,994.12,3.2,276.83,-2.24,67.35,7.69,5.18,2.51,3.25,5.21,1250.65,2.9,4.57,196.5
2015-02-28 10:40:00,5049600.0,994.07,3.28,276.91,-2.18,67.27,7.73,5.2,2.53,3.26,5.23,1250.2,2.75,3.77,194.7
2015-02-28 10:50:00,5050200.0,994.14,3.61,277.24,-2.28,65.2,7.92,5.16,2.76,3.24,5.19,1248.82,2.06,3.08,186.8
2015-02-28 11:00:00,5050800.0,994.12,4.03,277.66,-2.27,63.35,8.15,5.17,2.99,3.24,5.2,1246.91,2.06,3.79,199.6
2015-02-28 11:10:00,5051400.0,994.06,4.29,277.92,-2.14,62.86,8.3,5.22,3.08,3.27,5.25,1245.67,2.6,4.53,199.8
2015-02-28 11:20:00,5052000.0,993.97,4.21,277.85,-2.14,63.21,8.26,5.22,3.04,3.27,5.25,1245.9,3.41,4.97,210.6
2015-02-28 11:30:00,5052600.0,993.93,4.19,277.84,-2.49,61.61,8.25,5.08,3.17,3.19,5.11,1245.98,3.42,5.69,221.1
2015-02-28 11:40:00,5053200.0,993.89,4.25,277.89,-2.75,60.21,8.28,4.98,3.29,3.13,5.02,1245.74,3.35,5.85,218.3
2015-02-28 11:50:00,5053800.0,993.85,4.19,277.84,-2.98,59.41,8.25,4.9,3.35,3.07,4.93,1245.98,3.33,5.43,207.7
2015-02-28 12:00:00,5054400.0,993.84,4.14,277.79,-2.74,60.74,8.22,4.99,3.23,3.13,5.02,1246.16,2.95,4.22,219.3
2015-02-28 12:10:00,5055000.0,993.7,4.84,278.5,-2.41,59.25,8.63,5.11,3.52,3.21,5.14,1242.81,2.86,6.77,211.8
2015-02-28 12:20:00,5055600.0,993.58,4.56,278.23,-2.85,58.46,8.46,4.95,3.52,3.1,4.98,1243.97,4.39,6.65,203.0
2015-02-28 12:30:00,5056200.0,993.5,4.52,278.19,-2.68,59.42,8.44,5.01,3.42,3.14,5.05,1244.02,3.57,5.89,218.5
2015-02-28 12:40:00,5056800.0,993.34,5.14,278.84,-2.43,57.92,8.82,5.11,3.71,3.2,5.14,1240.98,1.63,3.68,231.5
2015-02-28 12:50:00,5057400.0,993.1,5.46,279.17,-2.57,56.07,9.01,5.05,3.96,3.17,5.09,1239.32,2.64,4.3,228.7
2015-02-28 13:00:00,5058000.0,992.97,5.18,278.9,-2.83,56.06,8.84,4.95,3.88,3.11,4.99,1240.44,3.6,5.49,213.9
2015-02-28 13:10:00,5058600.0,992.88,5.18,278.91,-2.62,56.94,8.84,5.03,3.81,3.16,5.07,1240.28,3.14,4.85,207.2
2015-02-28 13:20:00,5059200.0,992.84,4.9,278.63,-2.65,57.98,8.67,5.02,3.64,3.15,5.06,1241.49,3.01,4.89,232.1
2015-02-28 13:30:00,5059800.0,992.74,5.33,279.07,-2.42,57.22,8.93,5.11,3.82,3.21,5.15,1239.38,3.3,5.45,248.2
2015-02-28 13:40:00,5060400.0,992.53,5.48,279.24,-2.43,56.58,9.03,5.11,3.92,3.21,5.15,1238.46,3.32,5.17,236.7
2015-02-28 13:50:00,5061000.0,992.37,5.84,279.61,-2.4,55.29,9.26,5.12,4.14,3.21,5.16,1236.65,2.43,4.28,277.0
2015-02-28 14:00:00,5061600.0,992.31,5.95,279.73,-2.56,54.19,9.33,5.06,4.27,3.17,5.09,1236.11,2.46,4.73,241.3
2015-02-28 14:10:00,5062200.0,992.25,5.98,279.76,-2.74,53.4,9.35,4.99,4.36,3.13,5.03,1235.95,3.65,5.55,239.7
2015-02-28 14:20:00,5062800.0,992.13,5.81,279.6,-2.65,54.37,9.24,5.02,4.21,3.15,5.06,1236.53,2.19,4.4,226.6
2015-02-28 14:30:00,5063400.0,992.04,5.91,279.71,-2.43,54.9,9.3,5.11,4.19,3.21,5.15,1235.96,3.28,5.29,234.6
2015-02-28 14:40:00,5064000.0,992.03,5.66,279.46,-2.49,55.61,9.14,5.08,4.06,3.19,5.12,1237.06,3.46,5.29,243.6
2015-02-28 14:50:00,5064600.0,991.96,5.45,279.26,-2.35,57.03,9.01,5.14,3.87,3.23,5.18,1237.85,3.18,4.85,245.9
2015-02-28 15:00:00,5065200.0,991.88,5.49,279.3,-2.31,57.06,9.03,5.15,3.88,3.24,5.19,1237.61,2.12,3.84,250.0
2015-02-28 15:10:00,5065800.0,991.84,5.65,279.47,-2.21,56.83,9.14,5.19,3.94,3.26,5.23,1236.79,1.42,2.9,224.1
2015-02-28 15:20:00,5066400.0,991.82,5.88,279.69,-2.33,55.42,9.28,5.14,4.14,3.23,5.19,1235.8,1.99,4.36,223.1
2015-02-28 15:30:00,5067000.0,991.81,5.82,279.63,-2.59,54.59,9.24,5.04,4.2,3.17,5.09,1236.1,3.28,5.57,239.0
2015-02-28 15:40:00,5067600.0,991.81,5.85,279.67,-2.45,55.04,9.26,5.1,4.16,3.2,5.14,1235.91,2.78,4.4,230.0
2015-02-28 15:50:00,5068200.0,991.75,6.08,279.9,-2.47,54.11,9.41,5.09,4.32,3.2,5.13,1234.86,2.91,4.85,247.6
2015-02-28 16:00:00,5068800.0,991.62,5.74,279.57,-2.55,55.06,9.19,5.06,4.13,3.18,5.1,1236.21,2.07,3.64,231.4
2015-02-28 16:10:00,5069400.0,991.52,5.6,279.44,-2.68,55.04,9.1,5.01,4.09,3.15,5.05,1236.71,2.11,3.6,230.5
2015-02-28 16:20:00,5070000.0,991.43,5.82,279.67,-2.93,53.22,9.24,4.92,4.32,3.09,4.96,1235.66,3.49,6.97,226.1
2015-02-28 16:30:00,5070600.0,991.4,5.63,279.48,-3.6,51.29,9.12,4.68,4.44,2.94,4.72,1236.58,5.38,7.53,226.0
2015-02-28 16:40:00,5071200.0,991.34,5.4,279.25,-3.69,51.76,8.98,4.65,4.33,2.92,4.69,1237.55,5.24,7.41,221.0
2015-02-28 16:50:00,5071800.0,991.26,5.37,279.23,-3.69,51.85,8.96,4.65,4.31,2.92,4.69,1237.57,3.97,6.09,215.9
2015-02-28 17:00:00,5072400.0,991.13,5.33,279.2,-3.66,52.12,8.93,4.66,4.28,2.93,4.7,1237.6,2.54,3.2,211.1
2015-02-28 17:10:00,5073000.0,991.08,5.16,279.03,-3.57,53.12,8.82,4.69,4.14,2.95,4.73,1238.29,1.94,2.96,212.8
2015-02-28 17:20:00,5073600.0,991.05,5.04,278.92,-3.48,53.93,8.75,4.72,4.03,2.97,4.76,1238.75,1.24,2.04,195.5
2015-02-28 17:30:00,5074200.0,990.97,4.82,278.7,-3.53,54.59,8.62,4.7,3.91,2.96,4.75,1239.66,1.63,2.2,215.9
2015-02-28 17:40:00,5074800.0,990.96,4.62,278.5,-3.6,55.05,8.5,4.68,3.82,2.94,4.72,1240.56,1.54,2.0,220.7
2015-02-28 17:50:00,5075400.0,990.96,4.43,278.31,-3.59,55.82,8.39,4.68,3.7,2.94,4.72,1241.4,1.66,2.08,226.4
2015-02-28 18:00:00,5076000.0,990.94,4.26,278.14,-3.57,56.57,8.29,4.69,3.6,2.95,4.73,1242.12,2.04,2.84,224.3
2015-02-28 18:10:00,5076600.0,990.94,4.13,278.01,-3.58,57.04,8.21,4.68,3.53,2.95,4.73,1242.7,2.2,2.8,225.1
2015-02-28 18:20:00,5077200.0,990.92,4.09,277.97,-3.62,57.07,8.19,4.67,3.51,2.94,4.71,1242.88,2.65,3.12,223.7
2015-02-28 18:30:00,5077800.0,990.98,4.29,278.17,-3.71,55.86,8.31,4.64,3.67,2.92,4.68,1242.05,2.66,3.32,223.6
2015-02-28 18:40:00,5078400.0,990.91,4.37,278.25,-3.7,55.59,8.35,4.64,3.71,2.92,4.69,1241.61,2.28,2.84,226.7
2015-02-28 18:50:00,5079000.0,990.9,4.24,278.12,-3.62,56.44,8.27,4.67,3.6,2.94,4.71,1242.17,1.66,2.68,220.5
2015-02-28 19:00:00,5079600.0,990.83,3.94,277.83,-3.49,58.25,8.1,4.72,3.38,2.97,4.76,1243.42,1.0,1.44,215.2
2015-02-28 19:10:00,5080200.0,990.68,3.82,277.73,-3.46,58.83,8.04,4.73,3.31,2.97,4.77,1243.73,1.05,1.52,206.8
2015-02-28 19:20:00,5080800.0,990.59,3.71,277.62,-3.38,59.68,7.97,4.76,3.21,2.99,4.8,1244.13,0.79,1.12,212.7
2015-02-28 19:30:00,5081400.0,990.53,3.83,277.74,-3.12,60.32,8.04,4.85,3.19,3.05,4.9,1243.46,0.36,0.72,196.5
2015-02-28 19:40:00,5082000.0,990.55,3.93,277.84,-2.82,61.26,8.09,4.96,3.14,3.12,5.01,1242.99,0.29,0.68,55.83
2015-02-28 19:50:00,5082600.0,990.48,3.62,277.54,-3.15,61.06,7.92,4.84,3.09,3.04,4.88,1244.32,0.61,1.28,260.7
2015-02-28 20:00:00,5083200.0,990.48,3.65,277.57,-3.51,59.31,7.94,4.71,3.23,2.96,4.75,1244.25,1.45,2.0,224.3
2015-02-28 20:10:00,5083800.0,990.4,3.67,277.59,-3.47,59.43,7.95,4.72,3.23,2.97,4.77,1244.06,2.08,2.52,222.0
2015-02-28 20:20:00,5084400.0,990.19,3.52,277.46,-3.45,60.16,7.86,4.73,3.13,2.98,4.78,1244.48,2.31,2.68,226.0
2015-02-28 20:30:00,5085000.0,990.12,3.31,277.25,-3.44,61.09,7.75,4.73,3.01,2.98,4.78,1245.34,1.96,3.12,225.7
2015-02-28 20:40:00,5085600.0,990.04,2.81,276.76,-3.5,63.03,7.48,4.72,2.77,2.97,4.76,1247.48,1.12,1.8,220.7
2015-02-28 20:50:00,5086200.0,989.85,2.52,276.49,-3.49,64.36,7.33,4.72,2.61,2.97,4.76,1248.56,1.52,2.16,204.9
2015-02-28 21:00:00,5086800.0,989.7,2.17,276.15,-3.43,66.32,7.14,4.74,2.41,2.98,4.79,1249.95,1.42,1.92,192.9
2015-02-28 21:10:00,5087400.0,989.63,2.05,276.03,-3.43,66.9,7.08,4.74,2.34,2.98,4.79,1250.43,1.51,2.24,197.2
2015-02-28 21:20:00,5088000.0,989.62,2.19,276.17,-3.37,66.5,7.16,4.76,2.4,3.0,4.81,1249.74,0.9,1.4,193.3
2015-02-28 21:30:00,5088600.0,989.55,2.02,276.0,-3.32,67.61,7.07,4.78,2.29,3.01,4.83,1250.44,1.03,1.52,171.9
2015-02-28 21:40:00,5089200.0,989.48,1.88,275.87,-3.29,68.44,7.0,4.79,2.21,3.02,4.84,1250.98,0.38,0.88,179.7
2015-02-28 21:50:00,5089800.0,989.4,1.88,275.88,-3.16,69.08,7.0,4.83,2.16,3.05,4.89,1250.83,0.48,1.16,159.2
2015-02-28 22:00:00,5090400.0,989.22,1.66,275.67,-3.24,69.8,6.89,4.81,2.08,3.03,4.86,1251.65,1.03,2.0,155.1
2015-02-28 22:10:00,5091000.0,989.04,1.47,275.5,-3.15,71.2,6.79,4.84,1.96,3.05,4.89,1252.26,2.33,3.41,169.2
2015-02-28 22:20:00,5091600.0,988.9,1.28,275.31,-3.17,72.1,6.7,4.83,1.87,3.04,4.88,1252.97,1.77,2.96,185.5
2015-02-28 22:30:00,5092200.0,988.76,1.06,275.11,-3.12,73.5,6.6,4.85,1.75,3.06,4.9,1253.77,1.79,2.76,177.1
2015-02-28 22:40:00,5092800.0,988.55,1.01,275.07,-3.09,74.0,6.57,4.86,1.71,3.07,4.92,1253.74,1.5,2.04,189.9
2015-02-28 22:50:00,5093400.0,988.43,0.98,275.05,-3.1,74.1,6.56,4.86,1.7,3.06,4.92,1253.72,1.61,2.2,198.3
2015-02-28 23:00:00,5094000.0,988.38,0.98,275.06,-3.06,74.3,6.56,4.87,1.69,3.07,4.93,1253.63,1.53,1.94,193.3
2015-02-28 23:10:00,5094600.0,988.31,0.93,275.01,-3.07,74.5,6.53,4.87,1.67,3.07,4.92,1253.79,1.66,2.24,190.5
2015-02-28 23:20:00,5095200.0,988.05,0.81,274.91,-3.11,74.9,6.48,4.85,1.63,3.06,4.91,1254.0,1.87,2.4,198.0
2015-02-28 23:30:00,5095800.0,987.76,0.65,274.78,-3.14,75.6,6.4,4.84,1.56,3.05,4.9,1254.38,1.86,2.68,194.2
2015-02-28 23:40:00,5096400.0,987.54,0.45,274.59,-3.16,76.6,6.31,4.83,1.48,3.05,4.9,1255.01,1.86,2.44,190.5
2015-02-28 23:50:00,5097000.0,987.42,0.25,274.4,-3.2,77.5,6.22,4.82,1.4,3.04,4.88,1255.78,2.02,2.64,197.9
2015-03-01 00:00:00,5097600.0,987.35,0.19,274.35,-3.16,78.1,6.19,4.84,1.36,3.05,4.9,1255.96,2.47,3.32,197.9
2015-03-01 00:10:00,5098200.0,987.16,0.12,274.29,-3.14,78.6,6.16,4.84,1.32,3.06,4.9,1256.06,2.46,3.36,194.6
2015-03-01 00:20:00,5098800.0,987.01,-0.01,274.18,-3.16,79.2,6.1,4.83,1.27,3.05,4.9,1256.43,2.27,2.96,193.0
2015-03-01 00:30:00,5099400.0,986.85,-0.13,274.06,-3.15,80.0,6.05,4.84,1.21,3.06,4.9,1256.81,2.21,3.12,196.0
2015-03-01 00:40:00,5100000.0,986.7,-0.17,274.04,-3.07,80.7,6.03,4.87,1.16,3.07,4.93,1256.77,2.03,2.8,187.7
2015-03-01 00:50:00,5100600.0,986.71,-0.03,274.18,-2.97,80.5,6.09,4.91,1.19,3.1,4.97,1256.12,1.97,3.08,190.8
2015-03-01 01:00:00,5101200.0,986.62,0.05,274.27,-2.88,80.5,6.13,4.94,1.2,3.12,5.0,1255.61,1.9,2.96,190.1
2015-03-01 01:10:00,5101800.0,986.45,0.09,274.32,-2.86,80.4,6.15,4.94,1.21,3.12,5.01,1255.2,2.04,3.49,188.4
2015-03-01 01:20:00,5102400.0,986.42,-0.05,274.18,-2.91,81.0,6.08,4.93,1.16,3.11,5.0,1255.85,2.61,3.77,193.8
2015-03-01 01:30:00,5103000.0,986.21,-0.07,274.18,-2.85,81.4,6.08,4.95,1.13,3.13,5.02,1255.64,2.86,3.77,190.2
2015-03-01 01:40:00,5103600.0,985.99,-0.02,274.25,-2.77,81.6,6.1,4.98,1.12,3.15,5.05,1255.12,2.73,3.65,189.5
2015-03-01 01:50:00,5104200.0,985.78,0.21,274.49,-2.63,81.1,6.2,5.03,1.17,3.18,5.1,1253.77,2.96,4.21,187.1
2015-03-01 02:00:00,5104800.0,985.52,0.33,274.64,-2.6,80.6,6.26,5.04,1.21,3.19,5.12,1252.87,2.88,3.61,190.9
2015-03-01 02:10:00,5105400.0,985.35,0.47,274.78,-2.53,80.2,6.32,5.07,1.25,3.21,5.14,1252.04,2.75,3.57,194.8
2015-03-01 02:20:00,5106000.0,985.1,0.48,274.82,-2.53,80.1,6.33,5.07,1.26,3.21,5.14,1251.65,2.99,3.89,197.9
2015-03-01 02:30:00,5106600.0,984.89,0.63,274.98,-2.46,79.7,6.39,5.1,1.3,3.22,5.17,1250.7,2.99,4.13,189.2
2015-03-01 02:40:00,5107200.0,984.75,0.61,274.98,-2.47,79.7,6.39,5.09,1.3,3.22,5.17,1250.59,2.63,3.73,189.3
2015-03-01 02:50:00,5107800.0,984.51,0.61,275.0,-2.49,79.6,6.39,5.08,1.3,3.22,5.16,1250.29,2.65,4.49,180.2
2015-03-01 03:00:00,5108400.0,984.27,0.58,274.98,-2.44,80.1,6.37,5.1,1.27,3.23,5.18,1250.15,2.8,4.57,181.0
2015-03-01 03:10:00,5109000.0,984.02,0.67,275.1,-2.4,79.8,6.41,5.12,1.3,3.24,5.2,1249.37,3.1,4.05,184.2
2015-03-01 03:20:00,5109600.0,983.89,0.75,275.18,-2.38,79.5,6.45,5.13,1.32,3.25,5.21,1248.88,2.58,3.81,181.2
2015-03-01 03:30:00,5110200.0,983.73,0.76,275.21,-2.35,79.6,6.45,5.14,1.32,3.26,5.22,1248.6,2.67,3.73,180.0
2015-03-01 03:40:00,5110800.0,983.45,0.87,275.34,-2.26,79.5,6.51,5.17,1.33,3.28,5.26,1247.73,3.07,4.09,179.7
2015-03-01 03:50:00,5111400.0,983.21,1.01,275.51,-2.24,78.8,6.57,5.18,1.39,3.28,5.27,1246.76,3.32,4.55,188.0
2015-03-01 04:00:00,5112000.0,982.99,1.11,275.62,-2.13,78.9,6.62,5.22,1.4,3.31,5.31,1246.04,4.09,5.61,189.1
2015-03-01 04:10:00,5112600.0,982.8,1.5,276.02,-2.01,77.4,6.81,5.27,1.54,3.34,5.36,1244.02,5.36,7.81,191.0
2015-03-01 04:20:00,5113200.0,982.7,1.84,276.37,-1.89,76.2,6.98,5.32,1.66,3.37,5.41,1242.31,4.38,6.63,181.8
2015-03-01 04:30:00,5113800.0,982.5,2.07,276.62,-1.85,75.2,7.09,5.33,1.76,3.38,5.43,1241.03,5.23,7.33,177.8
2015-03-01 04:40:00,5114400.0,982.37,2.15,276.71,-1.84,74.8,7.13,5.34,1.8,3.39,5.43,1240.48,5.21,8.15,184.8
2015-03-01 04:50:00,5115000.0,982.22,2.19,276.77,-1.83,74.6,7.16,5.34,1.82,3.39,5.44,1240.09,5.37,8.57,178.4
2015-03-01 05:00:00,5115600.0,982.27,2.3,276.87,-1.82,74.1,7.21,5.34,1.87,3.39,5.44,1239.67,3.63,6.45,174.7
2015-03-01 05:10:00,5116200.0,982.23,2.42,276.99,-1.78,73.7,7.27,5.36,1.91,3.4,5.46,1239.09,3.03,4.45,173.6
2015-03-01 05:20:00,5116800.0,982.04,2.6,277.19,-1.72,73.1,7.37,5.38,1.98,3.42,5.48,1238.03,4.44,6.45,173.0
2015-03-01 05:30:00,5117400.0,981.78,2.76,277.37,-1.67,72.5,7.45,5.4,2.05,3.43,5.5,1236.97,5.21,7.05,175.0
2015-03-01 05:40:00,5118000.0,981.5,2.8,277.43,-1.64,72.5,7.47,5.42,2.05,3.44,5.52,1236.44,6.2,9.29,175.0
2015-03-01 05:50:00,5118600.0,981.34,2.8,277.45,-1.63,72.5,7.47,5.42,2.06,3.44,5.52,1236.22,5.6,10.17,173.0
2015-03-01 06:00:00,5119200.0,981.0,2.79,277.47,-1.62,72.6,7.47,5.42,2.05,3.45,5.53,1235.83,5.42,7.69,178.7
2015-03-01 06:10:00,5119800.0,980.71,2.78,277.48,-1.63,72.6,7.46,5.42,2.04,3.44,5.52,1235.52,5.55,8.73,176.3
2015-03-01 06:20:00,5120400.0,980.84,2.8,277.49,-1.63,72.5,7.47,5.42,2.06,3.44,5.52,1235.59,3.28,6.13,184.1
2015-03-01 06:30:00,5121000.0,980.85,2.82,277.51,-1.55,72.8,7.48,5.45,2.04,3.46,5.56,1235.49,3.42,5.17,183.2
2015-03-01 06:40:00,5121600.0,980.73,2.84,277.54,-1.48,73.1,7.5,5.48,2.02,3.48,5.59,1235.22,4.0,5.53,178.8
2015-03-01 06:50:00,5122200.0,980.61,2.99,277.7,-1.5,72.2,7.58,5.47,2.11,3.48,5.58,1234.41,3.47,5.45,176.4
2015-03-01 07:00:00,5122800.0,980.62,3.07,277.78,-1.46,72.0,7.62,5.49,2.13,3.49,5.59,1234.07,3.0,4.65,179.8
2015-03-01 07:10:00,5123400.0,980.69,3.19,277.9,-1.48,71.3,7.68,5.48,2.21,3.48,5.59,1233.62,3.03,5.27,179.5
2015-03-01 07:20:00,5124000.0,980.59,3.39,278.1,-1.5,70.2,7.79,5.47,2.32,3.48,5.58,1232.62,4.48,7.65,182.1
2015-03-01 07:30:00,5124600.0,980.4,3.5,278.23,-1.49,69.69,7.86,5.48,2.38,3.48,5.58,1231.87,4.65,7.45,185.8
2015-03-01 07:40:00,5125200.0,980.22,3.38,278.13,-1.41,70.7,7.79,5.51,2.28,3.5,5.62,1232.15,5.55,8.89,185.1
2015-03-01 07:50:00,5125800.0,980.05,3.24,278.0,-1.26,72.2,7.71,5.57,2.14,3.54,5.68,1232.56,5.49,8.79,180.6
2015-03-01 08:00:00,5126400.0,979.87,3.04,277.81,-1.07,74.3,7.6,5.65,1.95,3.59,5.76,1233.19,5.72,7.65,181.4
2015-03-01 08:10:00,5127000.0,979.74,2.91,277.69,-0.99,75.4,7.53,5.68,1.85,3.61,5.8,1233.58,5.18,7.49,185.4
2015-03-01 08:20:00,5127600.0,979.58,2.9,277.69,-0.95,75.7,7.52,5.7,1.83,3.62,5.82,1233.43,5.23,7.09,181.9
2015-03-01 08:30:00,5128200.0,979.42,2.97,277.78,-1.01,75.0,7.56,5.67,1.89,3.61,5.79,1232.92,5.35,6.89,182.2
2015-03-01 08:40:00,5128800.0,979.45,3.07,277.87,-1.09,74.0,7.62,5.64,1.98,3.59,5.76,1232.53,6.11,9.33,194.7
2015-03-01 08:50:00,5129400.0,979.56,3.24,278.04,-1.11,73.0,7.71,5.63,2.08,3.58,5.75,1231.9,5.81,7.75,193.4
2015-03-01 09:00:00,5130000.0,979.34,3.27,278.09,-0.91,73.9,7.73,5.71,2.02,3.64,5.83,1231.44,7.82,10.61,194.1
2015-03-01 09:10:00,5130600.0,979.16,3.18,278.01,-0.68,75.7,7.68,5.81,1.87,3.7,5.94,1231.58,5.94,10.85,196.7
2015-03-01 09:20:00,5131200.0,979.07,3.21,278.05,-0.47,76.7,7.7,5.9,1.79,3.76,6.03,1231.28,5.57,9.05,197.0
2015-03-01 09:30:00,5131800.0,978.93,3.26,278.11,-0.36,77.0,7.72,5.95,1.78,3.79,6.08,1230.85,6.23,8.93,198.3
2015-03-01 09:40:00,5132400.0,978.82,3.15,278.01,-0.31,77.9,7.66,5.97,1.69,3.8,6.1,1231.2,6.65,10.11,194.0
2015-03-01 09:50:00,5133000.0,978.6,3.07,277.95,-0.32,78.3,7.62,5.97,1.65,3.8,6.1,1231.28,6.88,9.97,186.6
2015-03-01 10:00:00,5133600.0,978.38,3.17,278.07,-0.36,77.5,7.68,5.95,1.73,3.79,6.08,1230.56,6.04,8.45,187.9
2015-03-01 10:10:00,5134200.0,978.51,3.33,278.21,-0.26,77.2,7.76,5.99,1.77,3.82,6.12,1230.01,5.51,8.01,188.9
2015-03-01 10:20:00,5134800.0,978.67,3.55,278.42,-0.23,76.2,7.88,6.01,1.88,3.83,6.14,1229.21,4.82,8.77,183.2
2015-03-01 10:30:00,5135400.0,978.74,3.76,278.63,-0.11,75.7,8.0,6.06,1.94,3.86,6.19,1228.34,3.37,5.51,188.7
2015-03-01 10:40:00,5136000.0,978.69,4.03,278.9,0.07,75.3,8.15,6.14,2.01,3.91,6.27,1227.06,3.24,5.05,181.8
2015-03-01 10:50:00,5136600.0,978.65,4.3,279.18,0.17,74.4,8.31,6.18,2.13,3.94,6.32,1225.79,3.68,6.97,188.5
2015-03-01 11:00:00,5137200.0,978.6,4.48,279.37,0.31,74.2,8.42,6.25,2.17,3.98,6.38,1224.89,3.4,7.09,190.3
2015-03-01 11:10:00,5137800.0,978.34,4.72,279.62,0.35,73.2,8.56,6.26,2.29,3.99,6.4,1223.52,7.6,10.97,210.2
2015-03-01 11:20:00,5138400.0,978.42,4.97,279.87,0.55,73.0,8.71,6.36,2.35,4.05,6.5,1222.48,5.9,8.65,205.3
2015-03-01 11:30:00,5139000.0,978.45,5.19,280.09,0.73,72.8,8.84,6.44,2.41,4.1,6.58,1221.51,7.24,13.1,208.3
2015-03-01 11:40:00,5139600.0,978.48,5.2,280.1,0.75,72.9,8.85,6.45,2.4,4.11,6.59,1221.5,7.15,10.93,205.8
2015-03-01 11:50:00,5140200.0,978.73,5.16,280.03,0.79,73.3,8.82,6.47,2.36,4.12,6.61,1221.99,5.42,8.29,210.7
2015-03-01 12:00:00,5140800.0,978.75,5.31,280.18,1.08,74.1,8.92,6.61,2.31,4.21,6.75,1221.29,6.51,10.05,207.4
2015-03-01 12:10:00,5141400.0,978.61,5.44,280.33,1.31,74.6,9.0,6.72,2.29,4.28,6.86,1220.47,8.46,13.26,208.8
2015-03-01 12:20:00,5142000.0,978.61,5.49,280.38,1.32,74.4,9.04,6.72,2.31,4.28,6.87,1220.24,8.48,11.42,210.3
2015-03-01 12:30:00,5142600.0,978.64,5.85,280.74,1.55,73.8,9.26,6.83,2.43,4.35,6.98,1218.68,6.36,9.73,209.1
2015-03-01 12:40:00,5143200.0,978.68,6.4,281.29,1.76,72.1,9.62,6.94,2.68,4.42,7.09,1216.26,6.81,10.73,213.6
2015-03-01 12:50:00,5143800.0,978.62,6.25,281.14,1.63,72.2,9.52,6.87,2.65,4.38,7.02,1216.9,6.76,10.11,206.6
2015-03-01 13:00:00,5144400.0,978.65,6.12,281.01,1.54,72.4,9.44,6.83,2.6,4.35,6.98,1217.51,6.62,9.37,203.2
2015-03-01 13:10:00,5145000.0,978.49,6.32,281.22,1.68,72.1,9.56,6.9,2.67,4.4,7.05,1216.42,6.1,9.17,202.0
2015-03-01 13:20:00,5145600.0,978.38,6.38,281.29,1.7,71.9,9.61,6.91,2.7,4.4,7.06,1216.0,7.92,10.73,206.2
2015-03-01 13:30:00,5146200.0,978.21,6.27,281.2,1.73,72.6,9.54,6.92,2.61,4.41,7.08,1216.25,8.52,12.42,209.4
2015-03-01 13:40:00,5146800.0,978.16,6.1,281.02,1.75,73.6,9.42,6.93,2.49,4.42,7.09,1216.95,9.0,11.56,208.8
2015-03-01 13:50:00,5147400.0,978.19,6.22,281.15,1.78,73.1,9.5,6.95,2.56,4.43,7.1,1216.43,7.72,11.05,207.3
2015-03-01 14:00:00,5148000.0,978.07,6.46,281.4,1.85,72.3,9.66,6.98,2.68,4.45,7.14,1215.24,8.07,12.5,208.0
2015-03-01 14:10:00,5148600.0,978.06,6.6,281.54,1.97,72.2,9.76,7.05,2.71,4.49,7.2,1214.56,7.94,10.89,212.3
2015-03-01 14:20:00,5149200.0,978.04,6.6,281.54,2.06,72.7,9.75,7.09,2.66,4.52,7.25,1214.54,8.75,11.3,209.8
2015-03-01 14:30:00,5149800.0,977.95,6.82,281.78,2.15,72.0,9.91,7.13,2.77,4.55,7.29,1213.43,8.15,11.3,207.3
2015-03-01 14:40:00,5150400.0,978.03,6.71,281.65,2.13,72.5,9.83,7.12,2.7,4.54,7.28,1214.05,7.52,9.49,208.0
2015-03-01 14:50:00,5151000.0,978.08,6.78,281.72,2.1,72.0,9.87,7.11,2.76,4.53,7.27,1213.81,7.55,10.05,205.9
2015-03-01 15:00:00,5151600.0,978.13,6.69,281.63,2.04,72.1,9.82,7.08,2.74,4.51,7.24,1214.24,7.63,9.77,210.8
2015-03-01 15:10:00,5152200.0,978.06,6.69,281.63,2.11,72.5,9.82,7.12,2.7,4.54,7.28,1214.15,8.0,10.25,210.0
2015-03-01 15:20:00,5152800.0,978.22,6.78,281.71,2.26,72.8,9.88,7.19,2.69,4.59,7.35,1213.92,5.98,8.21,207.8
2015-03-01 15:30:00,5153400.0,978.34,6.7,281.61,2.35,73.7,9.82,7.24,2.58,4.61,7.4,1214.42,5.6,7.61,205.7
2015-03-01 15:40:00,5154000.0,978.24,6.63,281.56,2.42,74.4,9.78,7.27,2.5,4.64,7.44,1214.55,4.65,7.33,202.5
2015-03-01 15:50:00,5154600.0,978.12,6.8,281.74,2.47,73.8,9.89,7.3,2.59,4.65,7.46,1213.66,4.94,6.97,192.0
2015-03-01 16:00:00,5155200.0,978.08,6.87,281.81,2.46,73.4,9.93,7.29,2.64,4.65,7.46,1213.34,4.79,8.21,194.3
2015-03-01 16:10:00,5155800.0,977.94,6.81,281.76,2.48,73.8,9.9,7.31,2.59,4.66,7.47,1213.39,4.06,5.65,186.6
2015-03-01 16:20:00,5156400.0,977.87,6.93,281.88,2.59,73.8,9.98,7.36,2.61,4.7,7.53,1212.78,3.87,6.53,183.2
2015-03-01 16:30:00,5157000.0,977.89,6.81,281.77,2.59,74.4,9.9,7.37,2.53,4.7,7.53,1213.29,3.57,5.01,182.0
2015-03-01 16:40:00,5157600.0,977.77,6.61,281.57,2.58,75.4,9.76,7.36,2.4,4.69,7.53,1214.03,3.92,6.37,177.8
2015-03-01 16:50:00,5158200.0,977.79,6.53,281.49,2.64,76.1,9.71,7.39,2.32,4.71,7.56,1214.37,3.55,5.35,180.6
2015-03-01 17:00:00,5158800.0,977.74,6.55,281.51,2.71,76.4,9.72,7.42,2.29,4.74,7.59,1214.24,3.59,5.17,186.7
2015-03-01 17:10:00,5159400.0,977.72,6.85,281.82,2.86,75.6,9.93,7.5,2.42,4.79,7.68,1212.84,4.48,6.81,197.0
2015-03-01 17:20:00,5160000.0,977.74,7.09,282.06,2.96,74.9,10.09,7.56,2.53,4.82,7.73,1211.81,4.24,6.35,197.4
2015-03-01 17:30:00,5160600.0,977.72,7.06,282.03,3.13,76.0,10.07,7.65,2.42,4.88,7.83,1211.87,3.77,5.69,203.6
2015-03-01 17:40:00,5161200.0,977.6,6.96,281.94,3.33,77.6,10.0,7.76,2.24,4.95,7.94,1212.12,4.58,8.25,202.6
2015-03-01 17:50:00,5161800.0,977.57,6.88,281.86,3.36,78.2,9.95,7.78,2.17,4.96,7.96,1212.4,4.01,6.09,202.0
2015-03-01 18:00:00,5162400.0,977.59,6.85,281.83,3.16,77.3,9.92,7.67,2.25,4.89,7.85,1212.63,4.89,7.17,209.4
2015-03-01 18:10:00,5163000.0,977.54,6.74,281.73,3.24,78.3,9.85,7.71,2.14,4.92,7.89,1213.0,4.89,7.29,208.9
2015-03-01 18:20:00,5163600.0,977.57,6.77,281.75,3.32,78.6,9.87,7.76,2.11,4.95,7.93,1212.9,5.38,7.05,208.0
2015-03-01 18:30:00,5164200.0,977.5,6.78,281.77,3.32,78.5,9.88,7.75,2.12,4.95,7.93,1212.77,5.25,7.01,210.1
2015-03-01 18:40:00,5164800.0,977.6,6.86,281.84,3.36,78.3,9.93,7.78,2.16,4.96,7.95,1212.53,4.03,6.41,211.6
2015-03-01 18:50:00,5165400.0,977.59,6.87,281.85,3.36,78.3,9.93,7.78,2.16,4.96,7.96,1212.5,1.84,2.96,211.5
2015-03-01 19:00:00,5166000.0,977.67,6.91,281.88,3.35,78.0,9.96,7.77,2.19,4.96,7.95,1212.41,2.26,3.4,206.5
2015-03-01 19:10:00,5166600.0,977.7,6.95,281.92,3.3,77.5,9.99,7.74,2.25,4.94,7.92,1212.3,4.43,7.75,206.7
2015-03-01 19:20:00,5167200.0,977.62,7.13,282.11,3.26,76.3,10.12,7.72,2.4,4.93,7.9,1211.42,5.08,7.37,203.3
2015-03-01 19:30:00,5167800.0,977.57,7.24,282.23,3.27,75.8,10.19,7.73,2.47,4.93,7.9,1210.87,4.41,6.21,211.5
2015-03-01 19:40:00,5168400.0,977.62,7.31,282.29,3.28,75.5,10.24,7.73,2.51,4.94,7.91,1210.63,4.09,6.85,203.9
2015-03-01 19:50:00,5169000.0,977.63,7.36,282.34,3.29,75.3,10.28,7.74,2.54,4.94,7.92,1210.43,2.66,4.09,202.0
2015-03-01 20:00:00,5169600.0,977.7,7.38,282.36,3.33,75.4,10.29,7.76,2.53,4.95,7.94,1210.42,1.59,2.48,207.7
2015-03-01 20:10:00,5170200.0,978.08,7.31,282.25,3.56,77.0,10.24,7.89,2.36,5.03,8.06,1211.13,1.89,3.48,250.7
2015-03-01 20:20:00,5170800.0,978.21,6.97,281.9,3.99,81.3,10.0,8.13,1.87,5.19,8.31,1212.66,1.83,3.04,225.4
2015-03-01 20:30:00,5171400.0,978.01,6.62,281.57,4.12,84.0,9.77,8.21,1.56,5.24,8.39,1213.87,2.61,4.25,187.9
2015-03-01 20:40:00,5172000.0,977.82,6.42,281.38,3.97,84.3,9.63,8.12,1.51,5.18,8.3,1214.57,3.15,4.45,206.5
2015-03-01 20:50:00,5172600.0,977.67,6.34,281.31,3.45,81.7,9.58,7.83,1.75,4.99,8.01,1214.86,4.01,5.89,212.7
2015-03-01 21:00:00,5173200.0,977.6,6.52,281.5,3.05,78.4,9.7,7.61,2.1,4.85,7.78,1214.07,4.46,6.53,212.8
2015-03-01 21:10:00,5173800.0,977.52,6.47,281.45,2.85,77.6,9.67,7.5,2.17,4.79,7.67,1214.27,2.91,5.01,216.0
2015-03-01 21:20:00,5174400.0,977.45,6.28,281.26,2.81,78.4,9.54,7.48,2.06,4.77,7.65,1215.02,2.46,3.44,226.7
2015-03-01 21:30:00,5175000.0,977.43,6.26,281.25,2.82,78.6,9.53,7.49,2.04,4.78,7.66,1215.08,2.63,3.81,222.8
2015-03-01 21:40:00,5175600.0,977.35,6.51,281.51,2.86,77.4,9.69,7.5,2.19,4.79,7.68,1213.87,3.79,6.13,215.6
2015-03-01 21:50:00,5176200.0,977.31,6.71,281.71,2.9,76.6,9.83,7.53,2.3,4.81,7.7,1212.93,5.02,7.09,211.2
2015-03-01 22:00:00,5176800.0,977.3,6.79,281.8,2.87,76.0,9.88,7.51,2.37,4.79,7.69,1212.58,4.96,7.25,207.6
2015-03-01 22:10:00,5177400.0,977.31,6.57,281.57,2.85,77.1,9.73,7.5,2.23,4.79,7.68,1213.58,2.83,4.45,202.2
2015-03-01 22:20:00,5178000.0,977.4,6.13,281.12,2.76,78.9,9.44,7.45,1.99,4.76,7.62,1215.6,2.42,3.42,206.0
2015-03-01 22:30:00,5178600.0,977.38,5.94,280.93,2.5,78.5,9.32,7.31,2.0,4.67,7.48,1216.5,2.01,2.9,211.7
2015-03-01 22:40:00,5179200.0,977.39,5.98,280.97,2.31,77.2,9.35,7.22,2.13,4.6,7.38,1216.35,2.58,4.05,213.2
2015-03-01 22:50:00,5179800.0,977.28,6.05,281.05,2.19,76.2,9.39,7.15,2.23,4.57,7.32,1215.95,3.14,4.85,203.7
2015-03-01 23:00:00,5180400.0,977.28,5.82,280.82,2.18,77.4,9.24,7.15,2.09,4.56,7.32,1216.96,3.75,4.69,209.8
2015-03-01 23:10:00,5181000.0,977.24,5.74,280.75,2.27,78.3,9.19,7.2,2.0,4.59,7.37,1217.21,3.61,4.61,215.1
2015-03-01 23:20:00,5181600.0,977.09,5.88,280.9,2.39,78.2,9.28,7.26,2.02,4.63,7.43,1216.38,3.11,3.61,209.2
2015-03-01 23:30:00,5182200.0,976.87,5.94,280.97,2.52,78.6,9.32,7.32,1.99,4.68,7.5,1215.84,3.15,3.89,206.2
2015-03-01 23:40:00,5182800.0,976.66,5.91,280.96,2.58,79.1,9.3,7.35,1.94,4.7,7.53,1215.7,3.27,3.81,203.4
2015-03-01 23:50:00,5183400.0,976.59,5.47,280.53,2.52,81.2,9.02,7.32,1.7,4.68,7.5,1217.53,2.96,3.69,203.6
2015-03-02 00:00:00,5184000.0,976.5,5.71,280.77,2.85,81.8,9.17,7.5,1.67,4.79,7.68,1216.3,3.15,3.95,217.1
2015-03-02 00:10:00,5184600.0,976.43,5.31,280.38,2.69,83.1,8.92,7.41,1.51,4.74,7.59,1217.97,2.25,2.76,206.8
2015-03-02 00:20:00,5185200.0,976.24,5.35,280.43,2.89,84.1,8.94,7.52,1.42,4.81,7.7,1217.53,1.95,2.56,192.2
2015-03-02 00:30:00,5185800.0,976.13,5.4,280.49,2.98,84.3,8.98,7.57,1.41,4.84,7.75,1217.13,2.05,2.76,201.2
2015-03-02 00:40:00,5186400.0,975.92,5.33,280.44,3.04,85.1,8.93,7.6,1.33,4.86,7.79,1217.18,1.45,2.56,179.0
2015-03-02 00:50:00,5187000.0,975.53,5.12,280.25,3.12,86.9,8.8,7.65,1.15,4.89,7.84,1217.61,1.11,2.4,213.6
2015-03-02 01:00:00,5187600.0,975.26,4.95,280.11,3.25,88.7,8.7,7.71,0.98,4.93,7.91,1217.97,1.78,2.92,191.0
2015-03-02 01:10:00,5188200.0,975.13,4.94,280.11,3.39,89.7,8.69,7.79,0.9,4.99,7.99,1217.82,2.47,3.61,179.4
2015-03-02 01:20:00,5188800.0,974.87,4.94,280.13,3.47,90.2,8.69,7.84,0.85,5.02,8.04,1217.48,1.7,3.0,178.6
2015-03-02 01:30:00,5189400.0,974.61,4.83,280.05,3.4,90.4,8.63,7.8,0.83,4.99,8.0,1217.61,1.59,2.22,197.1
2015-03-02 01:40:00,5190000.0,974.25,4.82,280.06,3.4,90.5,8.62,7.8,0.82,4.99,8.0,1217.24,1.67,2.52,191.7
2015-03-02 01:50:00,5190600.0,974.14,4.93,280.18,3.43,90.0,8.69,7.82,0.87,5.01,8.03,1216.59,2.16,3.16,191.5
2015-03-02 02:00:00,5191200.0,973.91,5.0,280.27,3.41,89.4,8.73,7.8,0.93,5.0,8.01,1216.02,1.35,2.08,191.9
2015-03-02 02:10:00,5191800.0,973.76,5.0,280.28,3.39,89.3,8.73,7.79,0.93,4.99,8.0,1215.84,1.87,3.08,187.5
2015-03-02 02:20:00,5192400.0,973.68,4.98,280.27,3.38,89.4,8.71,7.79,0.92,4.99,8.0,1215.83,2.08,3.08,186.5
2015-03-02 02:30:00,5193000.0,973.33,4.91,280.22,3.36,89.7,8.67,7.78,0.89,4.99,7.99,1215.7,1.67,2.66,179.8
2015-03-02 02:40:00,5193600.0,973.07,5.02,280.36,3.5,89.9,8.74,7.86,0.88,5.04,8.07,1214.85,1.89,2.6,186.9
2015-03-02 02:50:00,5194200.0,972.89,5.33,280.69,3.58,88.4,8.93,7.9,1.04,5.06,8.12,1213.24,1.64,2.56,179.0
2015-03-02 03:00:00,5194800.0,972.72,5.42,280.8,3.6,88.0,8.99,7.91,1.08,5.08,8.13,1212.62,2.09,3.14,180.0
2015-03-02 03:10:00,5195400.0,972.47,5.3,280.7,3.53,88.3,8.92,7.87,1.04,5.05,8.1,1212.85,2.17,3.0,182.4
2015-03-02 03:20:00,5196000.0,972.22,5.13,280.54,3.49,89.1,8.81,7.85,0.96,5.04,8.07,1213.29,2.23,3.32,182.6
2015-03-02 03:30:00,5196600.0,971.7,5.13,280.58,3.58,89.7,8.81,7.9,0.91,5.07,8.13,1212.63,1.45,2.8,190.6
2015-03-02 03:40:00,5197200.0,971.7,5.17,280.63,3.61,89.6,8.84,7.92,0.92,5.08,8.15,1212.43,1.72,2.52,208.4
2015-03-02 03:50:00,5197800.0,971.6,5.18,280.65,3.65,89.8,8.84,7.94,0.9,5.1,8.17,1212.25,1.69,2.44,204.9
2015-03-02 04:00:00,5198400.0,971.52,5.26,280.73,3.71,89.7,8.89,7.97,0.92,5.12,8.21,1211.81,1.64,2.48,209.7
2015-03-02 04:10:00,5199000.0,971.46,5.35,280.83,3.76,89.4,8.95,8.0,0.95,5.14,8.23,1211.31,2.26,3.0,209.7
2015-03-02 04:20:00,5199600.0,971.59,5.46,280.93,3.83,89.2,9.01,8.04,0.97,5.16,8.28,1210.98,1.64,3.04,195.8
2015-03-02 04:30:00,5200200.0,971.67,5.43,280.89,3.9,89.8,9.0,8.08,0.92,5.19,8.31,1211.19,1.78,2.72,183.3
2015-03-02 04:40:00,5200800.0,971.08,5.57,281.08,4.27,91.3,9.08,8.29,0.79,5.33,8.54,1209.76,2.72,4.65,184.8
2015-03-02 04:50:00,5201400.0,971.07,6.04,281.55,4.48,89.7,9.38,8.42,0.97,5.41,8.67,1207.65,2.91,5.37,196.2
2015-03-02 05:00:00,5202000.0,971.15,6.17,281.67,4.4,88.4,9.47,8.37,1.1,5.38,8.62,1207.23,2.19,3.53,197.0
2015-03-02 05:10:00,5202600.0,970.93,5.83,281.36,4.15,88.9,9.25,8.22,1.03,5.28,8.47,1208.46,2.26,3.53,166.9
2015-03-02 05:20:00,5203200.0,971.08,5.48,280.99,4.21,91.5,9.02,8.26,0.77,5.31,8.5,1210.17,1.74,3.61,187.3
2015-03-02 05:30:00,5203800.0,972.24,5.52,280.94,4.02,90.0,9.05,8.15,0.91,5.23,8.38,1211.47,6.85,12.94,249.7
2015-03-02 05:40:00,5204400.0,972.13,4.96,280.37,2.9,86.5,8.7,7.53,1.17,4.83,7.74,1214.1,2.28,4.97,264.5
2015-03-02 05:50:00,5205000.0,971.89,4.78,280.22,2.32,84.0,8.6,7.22,1.38,4.63,7.43,1214.7,2.46,5.89,260.8
2015-03-02 06:00:00,5205600.0,972.16,4.62,280.03,2.11,83.7,8.5,7.11,1.39,4.56,7.32,1215.82,2.35,5.03,257.0
2015-03-02 06:10:00,5206200.0,972.16,4.56,279.97,1.98,83.3,8.46,7.05,1.41,4.52,7.25,1216.1,2.67,5.49,242.5
2015-03-02 06:20:00,5206800.0,972.38,4.48,279.87,1.87,83.1,8.42,6.99,1.42,4.49,7.19,1216.76,2.25,4.11,248.3
2015-03-02 06:30:00,5207400.0,972.43,4.47,279.86,1.81,82.8,8.41,6.96,1.45,4.47,7.16,1216.87,1.85,4.49,248.3
2015-03-02 06:40:00,5208000.0,972.54,4.42,279.8,1.75,82.7,8.38,6.93,1.45,4.44,7.13,1217.25,2.49,4.13,248.5
2015-03-02 06:50:00,5208600.0,972.65,4.51,279.88,1.57,81.1,8.44,6.84,1.59,4.39,7.03,1217.02,2.35,4.81,249.7
2015-03-02 07:00:00,5209200.0,973.1,4.45,279.79,1.51,81.1,8.4,6.81,1.59,4.37,7.0,1217.86,1.88,3.93,237.3
2015-03-02 07:10:00,5209800.0,973.24,4.4,279.72,1.49,81.3,8.37,6.8,1.56,4.36,6.99,1218.29,2.44,4.39,240.9
2015-03-02 07:20:00,5210400.0,973.46,4.4,279.71,1.51,81.4,8.37,6.81,1.56,4.37,7.0,1218.53,2.69,5.37,237.5
2015-03-02 07:30:00,5211000.0,973.64,4.47,279.76,1.52,81.1,8.41,6.82,1.59,4.37,7.01,1218.45,2.82,4.63,241.5
2015-03-02 07:40:00,5211600.0,973.79,4.49,279.77,1.51,80.9,8.42,6.81,1.61,4.36,7.0,1218.55,2.04,4.45,250.6
2015-03-02 07:50:00,5212200.0,973.9,4.48,279.74,1.29,79.7,8.41,6.71,1.71,4.29,6.89,1218.81,2.72,5.45,264.3
2015-03-02 08:00:00,5212800.0,974.02,4.59,279.85,1.19,78.5,8.48,6.66,1.82,4.26,6.84,1218.49,2.51,5.37,260.5
2015-03-02 08:10:00,5213400.0,974.11,5.2,280.46,1.41,76.4,8.85,6.76,2.09,4.33,6.94,1215.87,2.56,4.73,250.1
2015-03-02 08:20:00,5214000.0,974.29,5.81,281.06,1.37,73.0,9.24,6.74,2.49,4.32,6.92,1213.43,2.61,5.19,240.7
2015-03-02 08:30:00,5214600.0,974.46,5.53,280.76,0.99,72.5,9.06,6.57,2.49,4.2,6.74,1214.98,2.24,4.35,241.0
2015-03-02 08:40:00,5215200.0,974.64,5.07,280.28,0.63,72.9,8.77,6.39,2.38,4.09,6.56,1217.29,2.72,4.77,240.0
2015-03-02 08:50:00,5215800.0,974.76,4.9,280.1,0.49,73.0,8.67,6.33,2.34,4.05,6.49,1218.21,3.36,6.13,234.6
2015-03-02 09:00:00,5216400.0,974.81,5.58,280.78,0.62,70.3,9.09,6.39,2.7,4.09,6.55,1215.29,3.12,6.61,240.8
2015-03-02 09:10:00,5217000.0,974.96,5.95,281.14,0.35,67.18,9.33,6.27,3.06,4.01,6.43,1213.89,3.19,7.75,252.9
2015-03-02 09:20:00,5217600.0,974.89,5.98,281.18,-0.15,64.64,9.35,6.04,3.31,3.86,6.2,1213.78,3.8,8.13,252.6
2015-03-02 09:30:00,5218200.0,975.1,5.91,281.09,-0.47,63.47,9.3,5.9,3.4,3.77,6.05,1214.43,2.91,5.81,246.6
2015-03-02 09:40:00,5218800.0,975.28,5.88,281.05,-0.94,61.44,9.28,5.7,3.58,3.64,5.85,1214.87,3.29,5.73,260.1
2015-03-02 09:50:00,5219400.0,975.41,5.83,280.99,-1.49,59.19,9.25,5.48,3.78,3.5,5.61,1215.35,3.6,7.45,265.3
2015-03-02 10:00:00,5220000.0,975.54,5.85,281.0,-1.66,58.37,9.26,5.41,3.86,3.45,5.54,1215.46,3.33,7.73,256.0
2015-03-02 10:10:00,5220600.0,975.61,5.88,281.01,-1.58,58.61,9.28,5.44,3.84,3.47,5.57,1215.43,4.48,7.21,254.4
2015-03-02 10:20:00,5221200.0,975.52,5.98,281.12,-1.73,57.58,9.34,5.38,3.96,3.44,5.52,1214.9,3.46,7.05,248.4
2015-03-02 10:30:00,5221800.0,975.65,5.88,281.01,-2.26,55.71,9.28,5.17,4.11,3.3,5.3,1215.6,4.09,8.21,253.6
2015-03-02 10:40:00,5222400.0,975.77,5.8,280.92,-2.82,53.77,9.23,4.96,4.27,3.17,5.08,1216.21,4.05,8.29,261.8
2015-03-02 10:50:00,5223000.0,975.97,5.78,280.89,-2.75,54.08,9.22,4.99,4.23,3.18,5.11,1216.5,4.26,7.81,249.2
2015-03-02 11:00:00,5223600.0,976.17,5.84,280.93,-2.55,54.66,9.26,5.06,4.2,3.23,5.18,1216.45,3.67,7.97,244.7
2015-03-02 11:10:00,5224200.0,976.32,6.08,281.16,-2.68,53.27,9.41,5.01,4.4,3.2,5.14,1215.62,4.41,8.89,238.2
2015-03-02 11:20:00,5224800.0,976.39,6.09,281.16,-3.1,51.6,9.42,4.86,4.56,3.1,4.98,1215.76,5.35,9.69,251.5
2015-03-02 11:30:00,5225400.0,976.51,6.19,281.25,-2.98,51.7,9.48,4.9,4.58,3.13,5.02,1215.45,5.39,9.17,248.1
2015-03-02 11:40:00,5226000.0,976.65,6.25,281.3,-2.97,51.54,9.52,4.91,4.61,3.13,5.02,1215.37,3.25,7.49,252.7
2015-03-02 11:50:00,5226600.0,976.76,6.6,281.65,-2.71,51.24,9.76,5.0,4.76,3.19,5.12,1213.91,2.51,5.29,255.8
2015-03-02 12:00:00,5227200.0,976.9,6.6,281.64,-2.89,50.58,9.75,4.93,4.82,3.15,5.05,1214.13,3.54,6.33,268.7
2015-03-02 12:10:00,5227800.0,977.04,6.66,281.68,-2.62,51.4,9.79,5.03,4.76,3.21,5.15,1214.01,3.39,6.41,289.5
2015-03-02 12:20:00,5228400.0,977.13,6.6,281.61,-2.76,51.1,9.75,4.98,4.77,3.18,5.1,1214.4,3.34,6.17,265.3
2015-03-02 12:30:00,5229000.0,977.13,6.59,281.61,-2.41,52.45,9.75,5.11,4.63,3.26,5.23,1214.38,3.13,5.73,253.1
2015-03-02 12:40:00,5229600.0,977.11,6.71,281.73,-2.23,52.73,9.83,5.18,4.65,3.31,5.3,1213.8,2.86,5.05,254.1
2015-03-02 12:50:00,5230200.0,977.19,6.74,281.75,-2.29,52.39,9.85,5.16,4.69,3.29,5.28,1213.77,3.55,6.13,256.0
2015-03-02 13:00:00,5230800.0,977.23,7.4,282.41,-1.76,52.07,10.31,5.37,4.94,3.42,5.49,1210.87,2.14,4.65,272.1
2015-03-02 13:10:00,5231400.0,977.31,7.62,282.63,-1.68,51.58,10.46,5.4,5.07,3.44,5.52,1210.01,2.42,4.61,263.2
2015-03-02 13:20:00,5232000.0,977.44,7.13,282.13,-2.06,51.88,10.12,5.25,4.87,3.35,5.37,1212.35,2.67,6.51,278.5
2015-03-02 13:30:00,5232600.0,977.53,6.82,281.8,-3.04,49.29,9.9,4.88,5.02,3.11,4.99,1214.0,2.98,6.01,287.5
2015-03-02 13:40:00,5233200.0,977.58,7.13,282.11,-2.89,48.75,10.12,4.93,5.19,3.14,5.05,1212.68,2.51,4.49,270.9
2015-03-02 13:50:00,5233800.0,977.62,7.48,282.46,-2.63,48.54,10.36,5.03,5.33,3.21,5.15,1211.17,2.91,7.37,263.5
2015-03-02 14:00:00,5234400.0,977.78,7.41,282.38,-3.25,46.55,10.31,4.8,5.51,3.06,4.91,1211.78,3.32,7.51,272.0
2015-03-02 14:10:00,5235000.0,977.86,7.03,281.99,-3.28,47.7,10.05,4.79,5.26,3.05,4.9,1213.52,3.03,5.85,259.4
2015-03-02 14:20:00,5235600.0,977.86,7.05,282.01,-3.14,48.12,10.06,4.84,5.22,3.09,4.95,1213.41,2.31,6.49,242.3
2015-03-02 14:30:00,5236200.0,977.94,7.16,282.11,-3.21,47.53,10.14,4.82,5.32,3.07,4.93,1213.05,2.47,5.37,268.9
2015-03-02 14:40:00,5236800.0,978.03,6.79,281.74,-3.36,48.2,9.88,4.76,5.12,3.04,4.87,1214.78,2.9,5.41,261.5
2015-03-02 14:50:00,5237400.0,978.05,7.06,282.0,-2.99,48.65,10.07,4.9,5.17,3.12,5.01,1213.58,1.64,2.96,236.1
2015-03-02 15:00:00,5238000.0,978.21,7.39,282.32,-3.48,45.82,10.3,4.72,5.58,3.01,4.82,1212.43,3.29,6.19,255.7
2015-03-02 15:10:00,5238600.0,978.35,7.81,282.73,-3.67,43.9,10.6,4.65,5.95,2.96,4.76,1210.83,2.82,5.53,278.0
2015-03-02 15:20:00,5239200.0,978.46,8.27,283.19,-3.62,42.7,10.94,4.67,6.27,2.97,4.77,1208.98,3.35,8.69,255.1
2015-03-02 15:30:00,5239800.0,978.61,7.68,282.58,-3.85,43.69,10.51,4.59,5.92,2.92,4.69,1211.74,2.85,6.01,258.4
2015-03-02 15:40:00,5240400.0,978.71,7.42,282.31,-3.3,46.35,10.32,4.78,5.54,3.05,4.89,1212.9,1.54,2.58,228.3
2015-03-02 15:50:00,5241000.0,978.72,7.48,282.37,-3.02,47.15,10.36,4.89,5.48,3.11,4.99,1212.6,2.47,7.85,256.7
2015-03-02 16:00:00,5241600.0,978.71,7.95,282.85,-3.22,44.99,10.7,4.81,5.89,3.07,4.92,1210.59,6.41,10.13,237.3
2015-03-02 16:10:00,5242200.0,978.87,7.76,282.64,-3.0,46.33,10.56,4.89,5.67,3.12,5.0,1211.57,3.59,8.45,229.2
2015-03-02 16:20:00,5242800.0,978.89,7.5,282.38,-2.74,48.07,10.38,4.99,5.39,3.18,5.1,1212.68,2.18,5.25,223.3
2015-03-02 16:30:00,5243400.0,978.92,7.14,282.01,-2.92,48.61,10.12,4.92,5.2,3.13,5.03,1214.3,1.59,3.32,227.7
2015-03-02 16:40:00,5244000.0,978.98,7.3,282.17,-3.24,46.97,10.24,4.81,5.43,3.06,4.91,1213.74,3.53,6.81,231.0
2015-03-02 16:50:00,5244600.0,979.03,7.32,282.19,-3.4,46.32,10.25,4.75,5.5,3.02,4.85,1213.74,3.57,5.81,226.9
2015-03-02 17:00:00,5245200.0,979.23,6.94,281.79,-3.57,46.94,9.99,4.69,5.3,2.98,4.79,1215.66,2.99,5.85,231.2
2015-03-02 17:10:00,5245800.0,979.3,6.69,281.53,-3.68,47.39,9.82,4.65,5.16,2.96,4.75,1216.86,2.4,4.55,229.2
2015-03-02 17:20:00,5246400.0,979.29,6.5,281.34,-3.57,48.39,9.69,4.69,5.0,2.98,4.79,1217.65,2.03,4.28,219.3
2015-03-02 17:30:00,5247000.0,979.37,6.31,281.14,-3.53,49.19,9.56,4.7,4.86,2.99,4.8,1218.56,2.35,4.06,222.3
2015-03-02 17:40:00,5247600.0,979.42,6.17,280.99,-3.54,49.63,9.47,4.7,4.77,2.99,4.8,1219.26,3.49,5.69,212.0
2015-03-02 17:50:00,5248200.0,979.58,5.95,280.76,-3.42,50.82,9.33,4.74,4.59,3.02,4.84,1220.38,3.24,4.89,216.8
2015-03-02 18:00:00,5248800.0,979.76,5.8,280.59,-3.35,51.67,9.23,4.77,4.46,3.03,4.87,1221.27,4.1,6.41,211.6
2015-03-02 18:10:00,5249400.0,979.94,5.57,280.35,-3.25,52.9,9.08,4.8,4.28,3.05,4.9,1222.49,3.27,7.37,212.9
2015-03-02 18:20:00,5250000.0,980.1,5.3,280.07,-3.23,53.93,8.92,4.81,4.11,3.06,4.91,1223.84,3.09,5.57,213.8
2015-03-02 18:30:00,5250600.0,980.15,5.07,279.83,-3.23,54.82,8.77,4.81,3.96,3.06,4.91,1224.92,2.79,5.17,209.1
2015-03-02 18:40:00,5251200.0,980.23,5.0,279.76,-3.28,54.88,8.73,4.79,3.94,3.05,4.89,1225.33,2.64,4.2,206.1
2015-03-02 18:50:00,5251800.0,980.31,4.86,279.6,-3.24,55.62,8.64,4.81,3.84,3.06,4.9,1226.08,1.9,2.56,203.8
2015-03-02 19:00:00,5252400.0,980.36,4.8,279.54,-3.28,55.67,8.61,4.79,3.81,3.05,4.89,1226.41,2.13,2.56,209.5
2015-03-02 19:10:00,5253000.0,980.33,4.81,279.55,-3.29,55.62,8.61,4.79,3.82,3.04,4.89,1226.33,1.85,2.8,206.2
2015-03-02 19:20:00,5253600.0,980.3,4.88,279.62,-3.34,55.12,8.65,4.77,3.88,3.03,4.87,1226.0,1.8,2.4,218.8
2015-03-02 19:30:00,5254200.0,980.2,4.93,279.68,-3.39,54.74,8.68,4.75,3.93,3.02,4.85,1225.66,1.81,2.32,220.7
2015-03-02 19:40:00,5254800.0,980.16,4.79,279.54,-3.38,55.29,8.6,4.75,3.84,3.02,4.85,1226.22,1.84,2.52,216.6
2015-03-02 19:50:00,5255400.0,980.3,4.66,279.4,-3.43,55.59,8.52,4.74,3.78,3.01,4.83,1226.98,2.13,2.82,224.8
2015-03-02 20:00:00,5256000.0,980.4,4.59,279.32,-3.33,56.28,8.48,4.77,3.71,3.03,4.87,1227.39,2.62,3.41,225.0
2015-03-02 20:10:00,5256600.0,980.49,4.5,279.23,-3.09,57.65,8.43,4.86,3.57,3.09,4.96,1227.83,2.83,3.89,229.2
2015-03-02 20:20:00,5257200.0,980.82,4.25,278.95,-1.52,65.97,8.28,5.46,2.82,3.47,5.57,1229.09,5.37,11.17,239.8
2015-03-02 20:30:00,5257800.0,980.97,3.35,278.03,0.24,80.0,7.77,6.22,1.55,3.95,6.34,1232.93,5.06,7.61,240.7
2015-03-02 20:40:00,5258400.0,981.09,2.96,277.63,0.64,84.7,7.56,6.4,1.16,4.07,6.52,1234.74,2.82,5.69,225.3
2015-03-02 20:50:00,5259000.0,981.17,2.76,277.42,0.72,86.4,7.45,6.44,1.01,4.09,6.56,1235.7,2.31,3.97,227.9
2015-03-02 21:00:00,5259600.0,981.42,2.81,277.45,0.76,86.3,7.48,6.45,1.02,4.1,6.58,1235.79,3.04,6.01,224.4
2015-03-02 21:10:00,5260200.0,981.76,3.02,277.64,0.69,84.6,7.59,6.42,1.17,4.08,6.54,1235.28,2.95,7.01,240.4
2015-03-02 21:20:00,5260800.0,982.21,2.91,277.49,-0.17,80.1,7.53,6.03,1.5,3.83,6.14,1236.54,4.77,11.03,260.1
2015-03-02 21:30:00,5261400.0,982.54,2.7,277.25,-1.09,76.0,7.42,5.64,1.78,3.58,5.74,1238.09,4.53,8.93,269.8
2015-03-02 21:40:00,5262000.0,982.75,2.46,277.0,-1.18,76.8,7.3,5.6,1.69,3.55,5.7,1239.43,3.45,7.37,265.2
2015-03-02 21:50:00,5262600.0,983.01,2.28,276.8,-1.02,78.7,7.2,5.67,1.53,3.59,5.77,1240.53,2.97,6.01,243.7
2015-03-02 22:00:00,5263200.0,983.33,2.26,276.75,-0.84,79.9,7.19,5.75,1.45,3.64,5.84,1241.0,3.17,7.81,257.3
2015-03-02 22:10:00,5263800.0,983.56,2.21,276.68,-1.01,79.2,7.16,5.67,1.49,3.6,5.77,1241.57,3.62,7.69,263.7
2015-03-02 22:20:00,5264400.0,983.78,2.07,276.52,-1.12,79.3,7.09,5.63,1.47,3.56,5.72,1242.49,2.79,5.01,262.0
2015-03-02 22:30:00,5265000.0,983.97,2.14,276.58,-1.45,77.0,7.13,5.49,1.64,3.48,5.58,1242.48,3.51,7.01,257.3
2015-03-02 22:40:00,5265600.0,984.14,2.31,276.73,-1.88,73.7,7.22,5.32,1.9,3.37,5.41,1242.0,2.67,6.17,258.8
2015-03-02 22:50:00,5266200.0,984.3,2.46,276.87,-2.24,71.0,7.29,5.18,2.12,3.28,5.26,1241.61,3.3,6.61,253.7
2015-03-02 23:00:00,5266800.0,984.51,2.54,276.94,-2.53,69.04,7.34,5.07,2.27,3.21,5.15,1241.54,3.37,7.81,254.6
2015-03-02 23:10:00,5267400.0,984.66,2.64,277.03,-2.74,67.49,7.39,4.99,2.4,3.16,5.07,1241.32,3.7,6.81,242.4
2015-03-02 23:20:00,5268000.0,984.88,2.55,276.91,-2.71,68.1,7.34,5.0,2.34,3.16,5.08,1242.02,2.06,4.97,234.9
2015-03-02 23:30:00,5268600.0,985.09,2.53,276.88,-2.76,67.97,7.33,4.98,2.35,3.15,5.06,1242.39,2.43,5.45,236.8
2015-03-02 23:40:00,5269200.0,985.21,2.61,276.94,-2.78,67.5,7.37,4.98,2.4,3.15,5.05,1242.19,3.0,6.45,213.2
2015-03-02 23:50:00,5269800.0,985.25,2.67,277.0,-2.81,67.05,7.4,4.96,2.44,3.14,5.04,1241.97,2.77,7.13,233.6
2015-03-03 00:00:00,5270400.0,985.39,2.68,277.01,-2.96,66.25,7.41,4.91,2.5,3.11,4.98,1242.1,3.1,5.45,214.0
2015-03-03 00:10:00,5271000.0,985.5,2.57,276.88,-3.03,66.43,7.35,4.88,2.47,3.09,4.96,1242.77,2.19,5.57,223.1
2015-03-03 00:20:00,5271600.0,985.6,2.64,276.94,-3.06,65.94,7.39,4.87,2.52,3.08,4.94,1242.6,3.44,7.33,237.0
2015-03-03 00:30:00,5272200.0,985.83,2.82,277.11,-3.19,64.45,7.49,4.83,2.66,3.05,4.89,1242.06,3.72,7.93,243.8
2015-03-03 00:40:00,5272800.0,986.12,3.03,277.3,-3.27,63.13,7.6,4.8,2.8,3.03,4.86,1241.51,3.41,8.93,260.3
2015-03-03 00:50:00,5273400.0,986.42,3.07,277.31,-3.11,63.71,7.62,4.85,2.76,3.07,4.92,1241.7,4.0,8.37,247.9
2015-03-03 01:00:00,5274000.0,986.86,2.68,276.89,-2.22,70.0,7.41,5.19,2.22,3.28,5.26,1243.83,3.39,5.71,263.1
2015-03-03 01:10:00,5274600.0,987.38,2.31,276.47,-1.98,73.2,7.22,5.28,1.93,3.33,5.35,1246.13,3.19,6.85,256.6
2015-03-03 01:20:00,5275200.0,987.66,1.62,275.76,-1.24,81.2,6.87,5.58,1.29,3.52,5.65,1249.45,3.15,5.67,249.8
2015-03-03 01:30:00,5275800.0,987.77,1.26,275.39,-1.1,84.2,6.69,5.64,1.06,3.56,5.71,1251.2,1.95,5.05,247.2
2015-03-03 01:40:00,5276400.0,987.9,1.36,275.47,-1.38,81.9,6.74,5.52,1.22,3.48,5.59,1251.0,1.83,3.73,246.2
2015-03-03 01:50:00,5277000.0,987.96,1.71,275.82,-1.89,76.9,6.91,5.32,1.6,3.35,5.38,1249.55,2.34,5.61,249.2
2015-03-03 02:00:00,5277600.0,988.01,1.87,275.98,-2.2,74.3,6.99,5.19,1.8,3.28,5.26,1248.97,2.35,4.85,245.8
2015-03-03 02:10:00,5278200.0,988.04,1.82,275.93,-2.26,74.2,6.97,5.17,1.8,3.26,5.23,1249.22,2.24,4.81,238.7
2015-03-03 02:20:00,5278800.0,988.13,1.73,275.83,-2.26,74.7,6.92,5.17,1.75,3.26,5.23,1249.74,1.92,5.97,215.7
2015-03-03 02:30:00,5279400.0,988.23,1.81,275.9,-2.38,73.6,6.96,5.12,1.84,3.23,5.19,1249.54,2.76,5.01,242.3
2015-03-03 02:40:00,5280000.0,988.23,1.94,276.03,-2.55,72.0,7.03,5.06,1.97,3.19,5.12,1248.98,2.79,5.37,224.5
2015-03-03 02:50:00,5280600.0,988.28,2.0,276.09,-2.78,70.5,7.06,4.98,2.08,3.14,5.03,1248.82,2.77,5.65,237.7
2015-03-03 03:00:00,5281200.0,988.31,2.01,276.09,-2.87,69.97,7.06,4.94,2.12,3.12,5.0,1248.84,2.59,4.61,234.4
2015-03-03 03:10:00,5281800.0,988.39,2.05,276.13,-2.92,69.47,7.08,4.92,2.16,3.1,4.98,1248.75,2.63,6.01,235.6
2015-03-03 03:20:00,5282400.0,988.5,2.15,276.23,-3.01,68.5,7.14,4.89,2.25,3.08,4.95,1248.43,3.23,8.09,238.2
2015-03-03 03:30:00,5283000.0,988.61,2.12,276.19,-3.02,68.6,7.12,4.88,2.24,3.08,4.94,1248.72,2.11,4.91,242.9
2015-03-03 03:40:00,5283600.0,988.7,2.04,276.09,-3.04,68.91,7.08,4.88,2.2,3.07,4.93,1249.21,3.03,6.09,233.7
2015-03-03 03:50:00,5284200.0,988.92,1.93,275.97,-3.0,69.67,7.02,4.89,2.13,3.08,4.95,1249.99,2.75,5.43,238.2
2015-03-03 04:00:00,5284800.0,989.17,1.87,275.89,-3.01,69.94,6.99,4.89,2.1,3.08,4.94,1250.58,3.51,6.89,235.5
2015-03-03 04:10:00,5285400.0,989.32,1.87,275.87,-2.98,70.1,6.99,4.9,2.09,3.09,4.95,1250.77,3.89,6.45,234.5
2015-03-03 04:20:00,5286000.0,989.48,1.78,275.78,-2.98,70.5,6.95,4.9,2.05,3.09,4.95,1251.35,3.03,6.09,230.3
2015-03-03 04:30:00,5286600.0,989.59,1.69,275.67,-3.02,70.8,6.9,4.89,2.02,3.08,4.94,1251.92,3.04,5.81,231.1
2015-03-03 04:40:00,5287200.0,989.71,1.67,275.64,-3.1,70.5,6.89,4.86,2.03,3.06,4.91,1252.19,2.78,5.13,234.8
2015-03-03 04:50:00,5287800.0,989.83,1.6,275.56,-3.14,70.6,6.86,4.84,2.02,3.05,4.89,1252.66,2.35,5.09,224.0
2015-03-03 05:00:00,5288400.0,989.99,1.61,275.56,-3.19,70.3,6.86,4.82,2.04,3.04,4.87,1252.82,1.32,3.24,265.4
2015-03-03 05:10:00,5289000.0,990.1,1.51,275.45,-3.27,70.4,6.81,4.8,2.02,3.02,4.84,1253.44,1.83,3.95,236.9
2015-03-03 05:20:00,5289600.0,990.21,1.52,275.45,-3.34,69.99,6.82,4.77,2.05,3.0,4.82,1253.56,2.19,3.89,237.7
2015-03-03 05:30:00,5290200.0,990.29,1.56,275.49,-3.39,69.49,6.84,4.75,2.09,2.99,4.8,1253.45,1.08,3.02,281.1
2015-03-03 05:40:00,5290800.0,990.4,1.47,275.39,-3.39,69.91,6.8,4.75,2.05,2.99,4.8,1254.0,1.46,2.62,240.1
2015-03-03 05:50:00,5291400.0,990.46,1.42,275.34,-3.39,70.2,6.77,4.75,2.02,2.99,4.8,1254.31,0.67,1.56,226.0
2015-03-03 06:00:00,5292000.0,990.48,1.31,275.22,-3.4,70.7,6.71,4.75,1.97,2.99,4.79,1254.87,2.29,6.45,212.9
2015-03-03 06:10:00,5292600.0,990.53,1.35,275.26,-3.33,70.9,6.73,4.77,1.96,3.0,4.82,1254.73,3.63,7.01,225.4
2015-03-03 06:20:00,5293200.0,990.61,1.16,275.06,-3.31,72.0,6.64,4.78,1.86,3.01,4.83,1255.7,1.96,4.57,215.7
2015-03-03 06:30:00,5293800.0,990.65,1.13,275.02,-3.24,72.5,6.63,4.81,1.82,3.02,4.85,1255.88,4.07,6.37,217.8
2015-03-03 06:40:00,5294400.0,990.67,1.05,274.94,-3.28,72.7,6.59,4.79,1.8,3.01,4.84,1256.29,3.92,5.73,213.6
2015-03-03 06:50:00,5295000.0,990.77,0.97,274.86,-3.32,72.9,6.55,4.78,1.78,3.0,4.82,1256.77,4.03,6.13,220.0
2015-03-03 07:00:00,5295600.0,990.82,1.09,274.97,-3.32,72.3,6.61,4.78,1.83,3.01,4.82,1256.28,4.2,7.21,230.6
2015-03-03 07:10:00,5296200.0,990.85,1.23,275.11,-3.31,71.6,6.68,4.78,1.9,3.01,4.83,1255.68,5.08,7.77,221.8
2015-03-03 07:20:00,5296800.0,990.91,1.2,275.08,-3.3,71.8,6.66,4.79,1.88,3.01,4.83,1255.87,4.46,6.25,210.8
2015-03-03 07:30:00,5297400.0,990.97,1.41,275.28,-3.21,71.2,6.77,4.82,1.95,3.03,4.86,1254.98,5.29,7.77,212.5
2015-03-03 07:40:00,5298000.0,991.05,1.62,275.49,-3.12,70.6,6.87,4.85,2.02,3.05,4.89,1254.11,5.3,7.97,211.9
2015-03-03 07:50:00,5298600.0,991.2,1.84,275.7,-3.05,69.88,6.98,4.88,2.1,3.07,4.92,1253.28,5.18,7.33,211.2
2015-03-03 08:00:00,5299200.0,991.38,2.11,275.95,-2.97,68.97,7.11,4.91,2.21,3.08,4.95,1252.28,4.58,6.45,210.2
2015-03-03 08:10:00,5299800.0,991.36,2.38,276.22,-2.94,67.78,7.25,4.92,2.34,3.09,4.96,1251.01,5.4,8.01,207.3
2015-03-03 08:20:00,5300400.0,991.42,2.53,276.37,-2.93,67.07,7.33,4.92,2.41,3.09,4.96,1250.4,5.17,7.73,201.8
2015-03-03 08:30:00,5301000.0,991.54,2.75,276.59,-2.89,66.24,7.45,4.93,2.51,3.1,4.98,1249.53,5.04,7.57,203.9
2015-03-03 08:40:00,5301600.0,991.74,3.05,276.87,-2.84,65.1,7.61,4.95,2.66,3.11,4.99,1248.43,3.93,7.37,212.0
2015-03-03 08:50:00,5302200.0,991.78,3.26,277.07,-2.89,63.93,7.72,4.93,2.78,3.1,4.98,1247.57,5.07,8.27,204.7
2015-03-03 09:00:00,5302800.0,991.74,3.36,277.18,-2.73,64.19,7.78,4.99,2.78,3.14,5.03,1247.02,4.49,7.41,199.8
2015-03-03 09:10:00,5303400.0,991.83,3.24,277.05,-2.83,64.31,7.71,4.96,2.75,3.11,5.0,1247.71,4.76,9.61,209.7
2015-03-03 09:20:00,5304000.0,991.88,3.27,277.07,-2.84,64.12,7.73,4.95,2.77,3.11,4.99,1247.63,5.14,7.25,211.8
2015-03-03 09:30:00,5304600.0,991.84,3.63,277.44,-2.7,63.14,7.93,5.01,2.92,3.14,5.05,1245.92,6.19,10.27,213.6
2015-03-03 09:40:00,5305200.0,991.95,3.82,277.62,-2.7,62.32,8.03,5.01,3.03,3.14,5.05,1245.22,5.53,9.29,219.8
2015-03-03 09:50:00,5305800.0,992.02,3.92,277.71,-2.71,61.83,8.09,5.0,3.09,3.14,5.04,1244.87,5.98,9.89,216.1
2015-03-03 10:00:00,5306400.0,992.1,4.11,277.9,-2.53,61.79,8.2,5.07,3.13,3.18,5.11,1244.06,4.0,6.37,221.5
2015-03-03 10:10:00,5307000.0,992.05,4.11,277.9,-2.52,61.85,8.2,5.07,3.13,3.19,5.11,1244.02,4.52,9.65,223.1
2015-03-03 10:20:00,5307600.0,991.98,4.48,278.28,-2.44,60.61,8.42,5.1,3.32,3.2,5.14,1242.24,5.95,9.69,215.9
2015-03-03 10:30:00,5308200.0,991.95,4.68,278.48,-2.43,59.82,8.53,5.1,3.43,3.21,5.15,1241.32,5.7,11.09,213.3
2015-03-03 10:40:00,5308800.0,991.98,4.76,278.56,-2.37,59.77,8.58,5.13,3.45,3.22,5.17,1240.97,5.32,9.65,221.5
2015-03-03 10:50:00,5309400.0,992.11,5.34,279.13,-2.17,58.26,8.94,5.21,3.73,3.27,5.25,1238.52,3.81,7.89,234.1
2015-03-03 11:00:00,5310000.0,992.15,5.4,279.19,-2.45,56.77,8.98,5.1,3.88,3.2,5.14,1238.34,4.61,8.31,233.2
2015-03-03 11:10:00,5310600.0,992.18,5.47,279.26,-2.5,56.28,9.02,5.08,3.94,3.19,5.12,1238.07,5.21,11.01,232.0
2015-03-03 11:20:00,5311200.0,992.19,5.38,279.16,-2.42,57.01,8.96,5.11,3.85,3.21,5.15,1238.51,6.64,10.37,209.4
2015-03-03 11:30:00,5311800.0,992.25,5.51,279.29,-2.34,56.84,9.05,5.14,3.9,3.23,5.18,1237.95,4.86,9.89,213.5
2015-03-03 11:40:00,5312400.0,992.24,5.59,279.37,-2.52,55.74,9.1,5.07,4.03,3.18,5.11,1237.62,5.62,8.81,221.3
2015-03-03 11:50:00,5313000.0,992.22,5.61,279.39,-2.69,54.98,9.11,5.01,4.1,3.14,5.05,1237.56,6.02,9.85,223.8
2015-03-03 12:00:00,5313600.0,992.2,5.8,279.58,-2.53,54.92,9.23,5.07,4.16,3.18,5.11,1236.66,6.27,9.69,218.1
2015-03-03 12:10:00,5314200.0,992.12,5.97,279.77,-2.55,54.19,9.34,5.06,4.28,3.18,5.1,1235.79,6.2,9.53,210.7
2015-03-03 12:20:00,5314800.0,992.03,6.02,279.82,-2.63,53.67,9.37,5.03,4.34,3.16,5.07,1235.49,6.64,9.45,212.7
2015-03-03 12:30:00,5315400.0,991.98,6.17,279.97,-2.67,52.97,9.47,5.01,4.45,3.15,5.06,1234.78,6.54,10.49,211.0
2015-03-03 12:40:00,5316000.0,992.04,6.5,280.29,-2.57,52.16,9.68,5.05,4.63,3.17,5.09,1233.39,5.69,9.41,224.0
2015-03-03 12:50:00,5316600.0,991.98,6.52,280.32,-2.72,51.52,9.7,5.0,4.7,3.14,5.04,1233.25,5.74,10.17,226.7
2015-03-03 13:00:00,5317200.0,991.89,6.76,280.58,-2.65,50.9,9.87,5.02,4.84,3.16,5.06,1232.03,4.07,8.01,220.9
2015-03-03 13:10:00,5317800.0,991.75,7.04,280.86,-2.84,49.26,10.06,4.95,5.1,3.11,4.99,1230.67,5.52,8.77,213.4
2015-03-03 13:20:00,5318400.0,991.68,6.97,280.8,-3.3,47.8,10.01,4.78,5.23,3.01,4.82,1230.96,6.83,10.25,214.2
2015-03-03 13:30:00,5319000.0,991.69,7.31,281.14,-2.85,48.32,10.24,4.95,5.29,3.11,4.99,1229.42,5.23,8.25,229.8
2015-03-03 13:40:00,5319600.0,991.54,7.31,281.15,-2.8,48.49,10.24,4.97,5.28,3.12,5.01,1229.22,5.6,8.93,214.8
2015-03-03 13:50:00,5320200.0,991.46,7.46,281.31,-2.78,48.07,10.35,4.97,5.37,3.13,5.02,1228.46,4.31,7.73,215.5
2015-03-03 14:00:00,5320800.0,991.42,7.39,281.24,-2.98,47.6,10.3,4.9,5.4,3.08,4.95,1228.75,5.03,7.69,218.5
2015-03-03 14:10:00,5321400.0,991.22,7.64,281.51,-3.0,46.7,10.48,4.89,5.58,3.08,4.94,1227.41,5.97,9.57,210.5
2015-03-03 14:20:00,5322000.0,991.02,7.65,281.54,-3.05,46.49,10.48,4.87,5.61,3.06,4.92,1227.13,6.7,9.69,214.6
2015-03-03 14:30:00,5322600.0,990.94,7.62,281.51,-3.22,46.02,10.46,4.82,5.65,3.03,4.86,1227.19,6.55,9.77,218.7
2015-03-03 14:40:00,5323200.0,990.79,7.7,281.6,-3.22,45.74,10.52,4.81,5.71,3.03,4.86,1226.66,5.8,8.09,213.9
2015-03-03 14:50:00,5323800.0,990.6,7.66,281.58,-3.57,44.68,10.49,4.69,5.8,2.95,4.73,1226.65,7.54,10.25,212.4
2015-03-03 15:00:00,5324400.0,990.54,7.82,281.74,-3.88,43.19,10.61,4.58,6.03,2.88,4.62,1225.93,7.41,10.33,214.1
2015-03-03 15:10:00,5325000.0,990.56,8.14,282.06,-3.74,42.71,10.84,4.63,6.21,2.91,4.67,1224.54,6.4,9.01,213.2
2015-03-03 15:20:00,5325600.0,990.43,7.73,281.66,-3.81,43.69,10.54,4.61,5.94,2.9,4.65,1226.18,6.23,8.73,208.8
2015-03-03 15:30:00,5326200.0,990.26,7.6,281.55,-3.84,43.97,10.45,4.59,5.85,2.89,4.64,1226.54,5.02,7.49,208.2
2015-03-03 15:40:00,5326800.0,990.09,7.59,281.55,-3.82,44.06,10.44,4.6,5.84,2.9,4.65,1226.37,5.13,7.61,207.3
2015-03-03 15:50:00,5327400.0,989.92,7.65,281.62,-3.83,43.85,10.48,4.6,5.89,2.89,4.64,1225.9,6.9,9.55,207.1
2015-03-03 16:00:00,5328000.0,989.7,8.02,282.01,-3.8,42.84,10.75,4.61,6.15,2.9,4.65,1224.01,7.48,11.75,207.2
2015-03-03 16:10:00,5328600.0,989.6,8.12,282.12,-3.77,42.66,10.83,4.62,6.21,2.91,4.67,1223.44,6.82,10.01,208.1
2015-03-03 16:20:00,5329200.0,989.47,7.96,281.97,-3.7,43.34,10.71,4.64,6.07,2.92,4.69,1223.97,6.05,10.57,208.5
2015-03-03 16:30:00,5329800.0,989.4,8.02,282.04,-3.51,43.79,10.75,4.71,6.04,2.97,4.76,1223.59,4.54,7.25,196.9
2015-03-03 16:40:00,5330400.0,989.27,8.08,282.11,-3.27,44.41,10.8,4.79,6.0,3.02,4.85,1223.12,5.27,9.09,204.5
2015-03-03 16:50:00,5331000.0,989.12,7.99,282.03,-3.12,45.19,10.73,4.85,5.88,3.06,4.9,1223.3,6.27,10.49,207.7
2015-03-03 17:00:00,5331600.0,989.1,7.83,281.87,-3.21,45.37,10.61,4.82,5.8,3.03,4.87,1223.99,7.87,10.79,210.3
2015-03-03 17:10:00,5332200.0,988.92,7.65,281.71,-3.11,46.3,10.48,4.85,5.63,3.06,4.91,1224.54,7.95,10.33,208.7
2015-03-03 17:20:00,5332800.0,988.86,7.53,281.59,-2.91,47.37,10.4,4.93,5.47,3.1,4.98,1224.95,6.34,10.21,210.2
2015-03-03 17:30:00,5333400.0,988.83,7.46,281.52,-2.77,48.1,10.35,4.98,5.37,3.14,5.03,1225.19,5.52,8.61,203.7
2015-03-03 17:40:00,5334000.0,988.74,7.42,281.49,-2.66,48.63,10.32,5.02,5.3,3.16,5.08,1225.24,5.05,7.13,200.4
2015-03-03 17:50:00,5334600.0,988.82,7.38,281.44,-2.56,49.12,10.29,5.06,5.24,3.19,5.11,1225.49,4.56,7.85,200.2
2015-03-03 18:00:00,5335200.0,988.72,7.33,281.4,-2.44,49.73,10.26,5.1,5.16,3.22,5.16,1225.57,5.17,7.41,202.1
2015-03-03 18:10:00,5335800.0,988.58,7.32,281.4,-2.28,50.36,10.25,5.16,5.09,3.25,5.22,1225.41,4.97,7.53,199.5
2015-03-03 18:20:00,5336400.0,988.57,7.25,281.33,-2.17,51.04,10.2,5.21,4.99,3.28,5.27,1225.68,3.93,6.23,197.4
2015-03-03 18:30:00,5337000.0,988.5,7.19,281.28,-2.11,51.46,10.16,5.23,4.93,3.3,5.29,1225.85,4.17,7.29,203.1
2015-03-03 18:40:00,5337600.0,988.45,7.12,281.21,-2.04,52.0,10.11,5.26,4.85,3.32,5.32,1226.08,3.74,5.93,192.2
2015-03-03 18:50:00,5338200.0,988.43,7.03,281.12,-1.95,52.68,10.05,5.29,4.75,3.34,5.36,1226.43,2.88,4.43,194.4
2015-03-03 19:00:00,5338800.0,988.35,6.99,281.09,-1.9,52.98,10.02,5.31,4.71,3.35,5.37,1226.48,3.7,5.93,202.1
2015-03-03 19:10:00,5339400.0,988.3,7.0,281.1,-1.77,53.48,10.02,5.36,4.66,3.38,5.42,1226.38,4.62,7.77,204.5
2015-03-03 19:20:00,5340000.0,988.18,7.04,281.15,-1.64,53.85,10.06,5.41,4.64,3.42,5.48,1226.02,4.92,7.97,203.3
2015-03-03 19:30:00,5340600.0,988.0,7.08,281.21,-1.5,54.25,10.08,5.47,4.61,3.45,5.54,1225.59,4.54,6.69,197.6
2015-03-03 19:40:00,5341200.0,987.99,7.13,281.26,-1.39,54.51,10.12,5.52,4.6,3.48,5.58,1225.34,4.31,6.81,196.5
2015-03-03 19:50:00,5341800.0,988.04,7.22,281.35,-1.3,54.53,10.18,5.55,4.63,3.5,5.62,1224.99,3.51,6.17,199.6
2015-03-03 20:00:00,5342400.0,987.97,7.28,281.41,-1.18,54.79,10.22,5.6,4.62,3.53,5.67,1224.62,4.09,7.89,201.9
2015-03-03 20:10:00,5343000.0,987.88,7.37,281.51,-1.08,54.85,10.29,5.64,4.64,3.56,5.71,1224.1,5.08,8.07,203.9
2015-03-03 20:20:00,5343600.0,987.77,7.5,281.65,-0.97,54.8,10.38,5.69,4.69,3.59,5.76,1223.37,5.66,9.41,202.4
2015-03-03 20:30:00,5344200.0,987.64,7.64,281.8,-0.83,54.84,10.48,5.75,4.73,3.63,5.82,1222.57,8.33,13.22,214.5
2015-03-03 20:40:00,5344800.0,987.52,7.63,281.8,-0.77,55.12,10.47,5.77,4.7,3.64,5.84,1222.46,6.77,9.91,209.8
2015-03-03 20:50:00,5345400.0,987.57,7.58,281.75,-0.75,55.4,10.43,5.78,4.65,3.65,5.85,1222.73,7.16,9.89,211.9
2015-03-03 21:00:00,5346000.0,987.71,7.54,281.69,-0.63,56.07,10.41,5.83,4.57,3.68,5.91,1223.05,8.17,12.74,216.3
2015-03-03 21:10:00,5346600.0,987.99,7.44,281.57,-0.36,57.56,10.33,5.95,4.39,3.75,6.02,1223.78,6.83,12.17,212.4
2015-03-03 21:20:00,5347200.0,988.01,6.63,280.75,0.66,65.58,9.77,6.41,3.36,4.05,6.49,1227.14,6.95,12.82,222.5
2015-03-03 21:30:00,5347800.0,987.98,6.0,280.13,1.03,70.3,9.36,6.58,2.78,4.15,6.66,1229.78,3.69,5.81,230.6
2015-03-03 21:40:00,5348400.0,988.61,6.06,280.14,0.98,69.78,9.4,6.56,2.84,4.14,6.63,1230.31,2.65,4.53,262.8
2015-03-03 21:50:00,5349000.0,989.41,4.55,278.56,0.41,74.4,8.46,6.29,2.17,3.97,6.36,1238.13,3.82,9.69,292.8
2015-03-03 22:00:00,5349600.0,989.68,2.21,276.19,-0.15,84.3,7.16,6.04,1.12,3.8,6.1,1249.13,4.26,8.45,287.9
2015-03-03 22:10:00,5350200.0,989.84,1.42,275.38,-0.14,89.3,6.77,6.05,0.72,3.81,6.11,1252.92,3.21,6.33,263.9
2015-03-03 22:20:00,5350800.0,989.9,1.26,275.21,-0.07,90.8,6.69,6.07,0.62,3.83,6.14,1253.73,2.63,4.29,259.6
2015-03-03 22:30:00,5351400.0,989.79,1.15,275.12,-0.06,91.6,6.64,6.08,0.56,3.83,6.15,1254.06,2.31,3.49,250.4
2015-03-03 22:40:00,5352000.0,989.8,1.07,275.04,-0.06,92.1,6.6,6.08,0.52,3.83,6.14,1254.43,2.31,4.21,244.7
2015-03-03 22:50:00,5352600.0,989.71,1.07,275.04,0.05,92.9,6.6,6.13,0.47,3.86,6.19,1254.33,1.92,2.98,249.8
2015-03-03 23:00:00,5353200.0,989.71,1.16,275.13,0.19,93.2,6.64,6.19,0.45,3.9,6.26,1253.86,1.67,3.2,234.6
2015-03-03 23:10:00,5353800.0,989.78,1.46,275.43,0.52,93.4,6.79,6.34,0.45,4.0,6.41,1252.49,1.57,3.57,244.7
2015-03-03 23:20:00,5354400.0,989.67,1.76,275.73,0.78,93.2,6.94,6.46,0.47,4.07,6.53,1250.97,1.75,3.24,240.3
2015-03-03 23:30:00,5355000.0,989.6,2.04,276.02,0.96,92.5,7.08,6.55,0.53,4.13,6.62,1249.56,1.84,2.84,246.6
2015-03-03 23:40:00,5355600.0,989.63,2.22,276.21,1.08,92.1,7.17,6.61,0.57,4.16,6.67,1248.73,1.81,3.81,240.3
2015-03-03 23:50:00,5356200.0,989.85,2.27,276.23,1.05,91.6,7.2,6.59,0.6,4.15,6.66,1248.8,1.75,3.61,242.3
2015-03-04 00:00:00,5356800.0,989.97,2.27,276.23,1.05,91.6,7.2,6.59,0.6,4.15,6.66,1248.95,1.19,2.32,240.1
2015-03-04 00:10:00,5357400.0,989.94,2.27,276.22,1.03,91.5,7.19,6.58,0.61,4.15,6.65,1248.93,2.19,3.85,232.7
2015-03-04 00:20:00,5358000.0,989.94,2.32,276.28,1.02,91.1,7.22,6.58,0.64,4.14,6.65,1248.69,2.48,3.53,237.8
2015-03-04 00:30:00,5358600.0,990.11,2.33,276.28,1.02,91.0,7.23,6.58,0.65,4.14,6.64,1248.85,1.06,2.16,250.0
2015-03-04 00:40:00,5359200.0,990.03,2.38,276.33,1.08,91.1,7.25,6.61,0.65,4.16,6.67,1248.53,1.06,1.72,241.6
2015-03-04 00:50:00,5359800.0,990.17,2.4,276.34,1.06,90.8,7.26,6.6,0.67,4.15,6.66,1248.61,1.24,2.44,241.0
2015-03-04 01:00:00,5360400.0,990.34,2.46,276.38,1.11,90.8,7.29,6.62,0.67,4.17,6.69,1248.56,1.68,2.84,252.6
2015-03-04 01:10:00,5361000.0,990.49,2.61,276.53,1.19,90.3,7.37,6.66,0.72,4.19,6.72,1248.03,2.45,4.27,259.4
2015-03-04 01:20:00,5361600.0,990.6,2.81,276.72,1.16,88.8,7.48,6.64,0.84,4.18,6.71,1247.26,2.71,4.29,264.2
2015-03-04 01:30:00,5362200.0,990.78,2.93,276.82,1.11,87.8,7.54,6.62,0.92,4.17,6.68,1247.0,2.58,4.01,260.9
2015-03-04 01:40:00,5362800.0,990.86,2.85,276.73,0.89,86.9,7.5,6.52,0.98,4.1,6.58,1247.5,2.42,4.49,258.8
2015-03-04 01:50:00,5363400.0,990.88,2.68,276.57,0.38,84.7,7.41,6.28,1.13,3.95,6.33,1248.39,2.56,3.93,263.1
2015-03-04 02:00:00,5364000.0,990.89,2.43,276.31,-0.32,82.0,7.28,5.97,1.31,3.76,6.02,1249.69,2.24,3.77,261.1
2015-03-04 02:10:00,5364600.0,990.93,2.1,275.98,-0.67,81.8,7.11,5.81,1.29,3.66,5.87,1251.31,2.03,3.12,257.7
2015-03-04 02:20:00,5365200.0,990.97,1.9,275.77,-0.69,82.9,7.01,5.81,1.2,3.65,5.86,1252.29,2.65,3.45,255.9
2015-03-04 02:30:00,5365800.0,990.98,1.76,275.63,-0.59,84.3,6.94,5.85,1.09,3.68,5.9,1252.91,2.55,3.41,255.5
2015-03-04 02:40:00,5366400.0,991.0,1.64,275.51,-0.5,85.6,6.88,5.89,0.99,3.7,5.94,1253.46,2.63,3.12,248.8
2015-03-04 02:50:00,5367000.0,991.09,1.64,275.5,-0.31,86.8,6.88,5.97,0.91,3.76,6.02,1253.53,2.45,3.61,251.5
2015-03-04 03:00:00,5367600.0,991.18,1.63,275.48,-0.18,87.7,6.87,6.03,0.85,3.79,6.08,1253.68,2.41,3.28,253.8
2015-03-04 03:10:00,5368200.0,991.23,1.7,275.56,-0.02,88.3,6.91,6.1,0.81,3.84,6.15,1253.36,2.75,4.21,256.3
2015-03-04 03:20:00,5368800.0,991.34,1.78,275.62,0.03,88.1,6.95,6.12,0.83,3.85,6.17,1253.15,2.63,3.61,258.7
2015-03-04 03:30:00,5369400.0,991.42,1.91,275.75,0.06,87.5,7.01,6.14,0.88,3.86,6.19,1252.64,2.49,3.57,255.5
2015-03-04 03:40:00,5370000.0,991.51,1.98,275.81,0.02,86.8,7.05,6.12,0.93,3.85,6.17,1252.45,2.52,3.69,257.7
2015-03-04 03:50:00,5370600.0,991.63,2.02,275.85,0.02,86.5,7.07,6.12,0.95,3.84,6.17,1252.4,2.23,3.32,257.9
2015-03-04 04:00:00,5371200.0,991.8,2.09,275.9,-0.01,85.9,7.1,6.1,1.0,3.84,6.15,1252.31,2.92,4.33,256.7
2015-03-04 04:10:00,5371800.0,992.02,2.19,275.98,-0.09,84.8,7.16,6.07,1.09,3.81,6.12,1252.16,2.83,5.33,257.1
2015-03-04 04:20:00,5372400.0,992.41,1.96,275.72,-0.19,85.6,7.04,6.02,1.01,3.78,6.07,1253.72,3.13,5.49,259.7
2015-03-04 04:30:00,5373000.0,992.71,1.21,274.94,-0.43,88.8,6.67,5.92,0.75,3.72,5.96,1257.6,3.17,5.69,264.6
2015-03-04 04:40:00,5373600.0,992.9,0.57,274.29,-0.62,91.7,6.37,5.84,0.53,3.66,5.88,1260.81,1.93,3.73,295.4
2015-03-04 04:50:00,5374200.0,992.94,0.53,274.24,-0.5,92.8,6.35,5.89,0.46,3.7,5.93,1261.02,1.32,2.62,280.8
2015-03-04 05:00:00,5374800.0,992.98,0.59,274.3,-0.38,93.2,6.37,5.94,0.43,3.73,5.98,1260.77,1.35,2.8,281.2
2015-03-04 05:10:00,5375400.0,993.0,0.66,274.37,-0.29,93.3,6.41,5.98,0.43,3.75,6.02,1260.44,1.67,2.96,247.9
2015-03-04 05:20:00,5376000.0,992.96,0.66,274.37,-0.23,93.7,6.41,6.0,0.4,3.77,6.05,1260.38,1.79,3.57,252.4
2015-03-04 05:30:00,5376600.0,993.14,0.66,274.36,-0.2,93.9,6.41,6.02,0.39,3.78,6.06,1260.58,1.57,2.68,251.4
2015-03-04 05:40:00,5377200.0,993.27,0.67,274.36,-0.22,93.7,6.41,6.01,0.4,3.77,6.05,1260.72,1.15,1.76,252.3
2015-03-04 05:50:00,5377800.0,993.36,0.64,274.32,-0.37,92.9,6.4,5.94,0.45,3.73,5.98,1261.02,1.44,2.08,232.5
2015-03-04 06:00:00,5378400.0,993.31,0.56,274.24,-0.53,92.4,6.36,5.88,0.48,3.69,5.92,1261.36,1.59,2.68,230.8
2015-03-04 06:10:00,5379000.0,993.39,0.52,274.2,-0.61,92.1,6.34,5.84,0.5,3.67,5.88,1261.67,1.68,3.85,249.9
2015-03-04 06:20:00,5379600.0,993.51,0.44,274.11,-0.72,91.9,6.31,5.79,0.51,3.64,5.83,1262.21,1.31,2.2,243.5
2015-03-04 06:30:00,5380200.0,993.61,0.45,274.11,-0.74,91.7,6.31,5.79,0.52,3.63,5.83,1262.27,1.32,2.32,244.9
2015-03-04 06:40:00,5380800.0,993.74,0.47,274.13,-0.76,91.4,6.32,5.78,0.54,3.62,5.81,1262.34,0.97,1.92,226.6
2015-03-04 06:50:00,5381400.0,993.9,0.47,274.11,-0.87,90.7,6.32,5.73,0.59,3.59,5.77,1262.59,1.16,2.04,212.9
2015-03-04 07:00:00,5382000.0,994.06,0.46,274.08,-0.93,90.4,6.31,5.71,0.61,3.58,5.74,1262.87,1.08,2.08,205.4
2015-03-04 07:10:00,5382600.0,994.17,0.37,273.99,-1.01,90.4,6.28,5.67,0.6,3.56,5.71,1263.4,1.24,2.2,230.0
2015-03-04 07:20:00,5383200.0,994.27,0.35,273.96,-0.98,90.7,6.27,5.68,0.58,3.56,5.72,1263.61,1.25,1.96,217.4
2015-03-04 07:30:00,5383800.0,994.37,0.53,274.14,-0.94,89.8,6.35,5.7,0.65,3.57,5.73,1262.91,1.43,2.0,227.5
2015-03-04 07:40:00,5384400.0,994.46,0.77,274.37,-0.87,88.7,6.46,5.73,0.73,3.59,5.76,1261.91,1.74,2.44,233.5
2015-03-04 07:50:00,5385000.0,994.51,1.04,274.63,-0.87,87.0,6.59,5.73,0.86,3.59,5.76,1260.75,2.19,3.28,237.6
2015-03-04 08:00:00,5385600.0,994.53,1.31,274.9,-0.87,85.3,6.72,5.73,0.99,3.59,5.76,1259.51,2.3,2.92,232.1
2015-03-04 08:10:00,5386200.0,994.61,1.62,275.2,-0.78,84.0,6.87,5.77,1.1,3.62,5.8,1258.19,1.75,3.0,230.0
2015-03-04 08:20:00,5386800.0,994.73,1.88,275.45,-0.79,82.4,7.0,5.76,1.23,3.61,5.8,1257.16,1.75,3.77,214.8
2015-03-04 08:30:00,5387400.0,994.83,2.33,275.9,-0.55,81.2,7.23,5.87,1.36,3.68,5.9,1255.17,1.17,2.32,222.5
2015-03-04 08:40:00,5388000.0,995.0,2.83,276.39,-0.47,78.8,7.49,5.9,1.59,3.7,5.93,1253.08,1.64,4.05,212.4
2015-03-04 08:50:00,5388600.0,995.14,3.03,276.58,-0.36,78.3,7.6,5.95,1.65,3.73,5.98,1252.32,1.33,2.68,220.8
2015-03-04 09:00:00,5389200.0,995.31,3.15,276.68,-0.42,77.3,7.66,5.92,1.74,3.71,5.95,1252.01,1.75,3.2,218.8
2015-03-04 09:10:00,5389800.0,995.41,2.99,276.51,-0.62,77.1,7.57,5.84,1.73,3.66,5.87,1252.93,2.2,3.53,213.2
2015-03-04 09:20:00,5390400.0,995.47,2.99,276.51,-0.68,76.7,7.58,5.81,1.77,3.64,5.84,1253.0,3.0,4.69,206.6
2015-03-04 09:30:00,5391000.0,995.52,3.03,276.55,-0.62,76.8,7.6,5.83,1.76,3.65,5.86,1252.87,3.27,5.61,216.3
2015-03-04 09:40:00,5391600.0,995.66,3.3,276.81,-0.41,76.5,7.75,5.93,1.82,3.71,5.95,1251.77,3.07,4.93,220.4
2015-03-04 09:50:00,5392200.0,995.74,3.5,277.0,-0.44,75.3,7.86,5.92,1.94,3.7,5.94,1250.97,3.57,6.23,217.3
2015-03-04 10:00:00,5392800.0,995.83,3.5,276.99,-0.66,74.1,7.85,5.82,2.03,3.64,5.84,1251.16,4.95,7.65,212.2
2015-03-04 10:10:00,5393400.0,995.91,3.65,277.14,-0.55,73.9,7.94,5.87,2.07,3.67,5.89,1250.53,3.87,6.45,221.0
2015-03-04 10:20:00,5394000.0,995.99,3.99,277.47,-0.5,72.4,8.13,5.89,2.24,3.69,5.91,1249.09,3.68,5.69,229.7
2015-03-04 10:30:00,5394600.0,996.05,4.07,277.54,-0.77,70.6,8.18,5.77,2.4,3.61,5.8,1248.88,4.84,7.89,233.6
2015-03-04 10:40:00,5395200.0,996.06,4.1,277.57,-0.99,69.34,8.19,5.68,2.51,3.56,5.7,1248.79,4.48,8.85,239.6
2015-03-04 10:50:00,5395800.0,996.07,4.41,277.88,-0.98,67.88,8.37,5.68,2.69,3.56,5.71,1247.43,4.33,7.05,224.5
2015-03-04 11:00:00,5396400.0,996.12,4.61,278.08,-0.98,66.95,8.49,5.68,2.81,3.56,5.71,1246.59,4.67,7.73,241.7
2015-03-04 11:10:00,5397000.0,996.12,4.66,278.13,-1.29,65.2,8.52,5.56,2.97,3.48,5.58,1246.42,5.4,8.53,236.4
2015-03-04 11:20:00,5397600.0,996.26,4.85,278.3,-1.52,63.25,8.64,5.46,3.17,3.42,5.48,1245.79,4.98,7.05,247.8
2015-03-04 11:30:00,5398200.0,996.26,4.99,278.45,-1.72,61.73,8.72,5.38,3.34,3.37,5.4,1245.2,4.54,7.73,225.7
2015-03-04 11:40:00,5398800.0,996.34,4.85,278.31,-1.72,62.28,8.64,5.38,3.26,3.37,5.4,1245.9,4.1,6.95,240.3
2015-03-04 11:50:00,5399400.0,996.39,4.65,278.1,-1.88,62.44,8.52,5.32,3.2,3.33,5.34,1246.89,3.77,5.73,230.9
2015-03-04 12:00:00,5400000.0,996.53,4.33,277.77,-1.89,63.84,8.33,5.32,3.01,3.33,5.34,1248.51,2.81,4.93,238.2
2015-03-04 12:10:00,5400600.0,996.6,4.08,277.51,-2.04,64.24,8.18,5.26,2.93,3.29,5.27,1249.78,3.56,5.69,243.0
2015-03-04 12:20:00,5401200.0,996.63,4.04,277.47,-2.0,64.61,8.16,5.27,2.89,3.3,5.29,1249.98,3.2,4.75,250.9
2015-03-04 12:30:00,5401800.0,996.68,4.08,277.51,-1.82,65.28,8.19,5.34,2.84,3.34,5.36,1249.81,3.5,5.37,244.1
2015-03-04 12:40:00,5402400.0,996.66,4.38,277.81,-1.44,65.74,8.36,5.5,2.86,3.44,5.51,1248.36,2.94,5.01,237.2
2015-03-04 12:50:00,5403000.0,996.74,4.43,277.85,-1.32,66.13,8.39,5.55,2.84,3.47,5.56,1248.23,2.51,4.77,235.1
2015-03-04 13:00:00,5403600.0,996.68,4.56,277.98,-1.34,65.44,8.46,5.54,2.92,3.46,5.56,1247.58,2.97,5.21,212.7
2015-03-04 13:10:00,5404200.0,996.66,4.61,278.03,-1.91,62.51,8.49,5.31,3.18,3.32,5.33,1247.45,5.66,8.09,209.7
2015-03-04 13:20:00,5404800.0,996.77,4.64,278.05,-2.1,61.48,8.51,5.23,3.28,3.27,5.25,1247.49,4.55,6.69,210.8
2015-03-04 13:30:00,5405400.0,996.82,4.77,278.19,-2.09,60.98,8.59,5.24,3.35,3.28,5.26,1246.94,4.14,6.37,215.6
2015-03-04 13:40:00,5406000.0,996.78,4.66,278.08,-1.96,62.03,8.53,5.29,3.24,3.31,5.31,1247.35,3.21,6.01,225.1
2015-03-04 13:50:00,5406600.0,996.74,4.77,278.18,-2.0,61.42,8.59,5.27,3.31,3.3,5.29,1246.85,2.27,4.29,233.5
2015-03-04 14:00:00,5407200.0,996.72,4.84,278.26,-2.17,60.34,8.63,5.21,3.42,3.26,5.22,1246.54,3.55,5.65,227.2
2015-03-04 14:10:00,5407800.0,996.75,5.0,278.42,-2.04,60.18,8.73,5.25,3.48,3.29,5.27,1245.79,2.48,4.41,233.4
2015-03-04 14:20:00,5408400.0,996.67,5.12,278.54,-2.0,59.91,8.8,5.27,3.53,3.3,5.29,1245.2,2.83,5.67,238.8
2015-03-04 14:30:00,5409000.0,996.66,5.22,278.64,-1.97,59.61,8.86,5.28,3.58,3.3,5.3,1244.73,3.5,7.45,233.6
2015-03-04 14:40:00,5409600.0,996.69,5.31,278.73,-2.06,58.86,8.92,5.25,3.67,3.28,5.27,1244.37,3.72,6.97,232.4
2015-03-04 14:50:00,5410200.0,996.65,5.47,278.9,-1.96,58.64,9.02,5.29,3.73,3.31,5.31,1243.58,3.06,5.17,226.0
2015-03-04 15:00:00,5410800.0,996.68,5.97,279.4,-1.85,57.06,9.34,5.33,4.01,3.33,5.35,1241.36,2.93,7.09,221.8
2015-03-04 15:10:00,5411400.0,996.69,5.78,279.21,-1.97,57.32,9.22,5.28,3.93,3.3,5.3,1242.24,2.98,4.71,218.9
2015-03-04 15:20:00,5412000.0,996.78,5.69,279.11,-2.08,57.23,9.16,5.24,3.92,3.28,5.26,1242.77,3.96,6.93,224.7
2015-03-04 15:30:00,5412600.0,996.8,5.48,278.9,-1.99,58.44,9.03,5.28,3.75,3.3,5.29,1243.71,2.61,5.87,228.8
2015-03-04 15:40:00,5413200.0,996.78,5.31,278.72,-2.08,58.77,8.92,5.24,3.68,3.28,5.26,1244.48,2.86,5.53,232.6
2015-03-04 15:50:00,5413800.0,996.73,5.42,278.85,-1.98,58.72,8.99,5.28,3.71,3.3,5.3,1243.88,3.08,5.57,230.8
2015-03-04 16:00:00,5414400.0,996.69,5.46,278.88,-1.89,58.97,9.01,5.32,3.7,3.32,5.33,1243.66,2.87,4.69,228.8
2015-03-04 16:10:00,5415000.0,996.7,5.38,278.81,-1.82,59.58,8.97,5.34,3.62,3.34,5.36,1244.0,3.12,5.85,242.5
2015-03-04 16:20:00,5415600.0,996.75,5.36,278.78,-1.66,60.41,8.95,5.41,3.54,3.38,5.43,1244.13,1.47,3.96,238.9
2015-03-04 16:30:00,5416200.0,996.85,5.4,278.81,-1.69,60.12,8.98,5.4,3.58,3.37,5.41,1244.09,2.5,5.01,246.0
2015-03-04 16:40:00,5416800.0,996.91,5.33,278.73,-1.85,59.67,8.93,5.33,3.6,3.33,5.35,1244.51,2.97,4.81,248.4
2015-03-04 16:50:00,5417400.0,997.02,5.33,278.72,-1.74,60.18,8.93,5.37,3.56,3.36,5.39,1244.64,1.78,3.64,228.0
2015-03-04 17:00:00,5418000.0,997.08,5.29,278.69,-1.66,60.69,8.91,5.41,3.5,3.38,5.42,1244.84,3.63,5.41,231.0
2015-03-04 17:10:00,5418600.0,997.13,5.24,278.62,-1.42,62.02,8.87,5.5,3.37,3.44,5.52,1245.13,2.26,4.41,224.3
2015-03-04 17:20:00,5419200.0,997.06,5.17,278.56,-1.3,62.86,8.83,5.55,3.28,3.47,5.57,1245.32,1.9,3.36,228.2
2015-03-04 17:30:00,5419800.0,997.13,5.01,278.4,-1.22,63.96,8.73,5.59,3.15,3.49,5.6,1246.1,2.23,3.89,223.4
2015-03-04 17:40:00,5420400.0,997.23,4.8,278.18,-1.22,64.91,8.61,5.59,3.02,3.49,5.6,1247.17,1.61,3.16,229.5
2015-03-04 17:50:00,5421000.0,997.26,4.62,278.0,-1.34,65.11,8.5,5.53,2.97,3.46,5.55,1248.03,1.9,3.4,237.3
2015-03-04 18:00:00,5421600.0,997.27,4.4,277.78,-1.42,65.78,8.37,5.51,2.86,3.44,5.52,1249.05,2.74,4.27,219.8
2015-03-04 18:10:00,5422200.0,997.32,4.23,277.6,-1.35,66.93,8.27,5.53,2.73,3.46,5.55,1249.88,2.93,4.47,218.3
2015-03-04 18:20:00,5422800.0,997.34,3.9,277.28,-1.34,68.48,8.08,5.53,2.55,3.46,5.55,1251.35,2.41,3.08,215.3
2015-03-04 18:30:00,5423400.0,997.39,3.61,276.97,-1.36,69.84,7.91,5.53,2.39,3.45,5.54,1252.76,1.85,3.06,219.6
2015-03-04 18:40:00,5424000.0,997.51,3.45,276.8,-1.45,70.2,7.82,5.49,2.33,3.43,5.51,1253.66,1.8,2.68,231.6
2015-03-04 18:50:00,5424600.0,997.56,3.23,276.58,-1.52,70.9,7.7,5.46,2.24,3.41,5.48,1254.74,1.42,2.32,220.3
2015-03-04 19:00:00,5425200.0,997.68,3.02,276.36,-1.57,71.7,7.59,5.44,2.15,3.4,5.45,1255.85,1.65,3.49,227.1
2015-03-04 19:10:00,5425800.0,997.77,2.93,276.27,-1.65,71.7,7.54,5.41,2.14,3.38,5.42,1256.35,2.11,3.85,239.8
2015-03-04 19:20:00,5426400.0,997.83,2.77,276.11,-1.71,72.2,7.46,5.39,2.07,3.36,5.4,1257.17,1.54,3.43,239.4
2015-03-04 19:30:00,5427000.0,997.85,2.7,276.03,-1.71,72.6,7.42,5.39,2.03,3.37,5.4,1257.52,2.39,4.01,233.4
2015-03-04 19:40:00,5427600.0,997.88,2.67,275.99,-1.69,72.9,7.4,5.4,2.01,3.37,5.41,1257.73,1.6,2.28,240.1
2015-03-04 19:50:00,5428200.0,998.07,2.69,276.0,-1.68,72.8,7.41,5.4,2.02,3.37,5.41,1257.87,1.37,2.64,253.9
2015-03-04 20:00:00,5428800.0,998.21,2.83,276.13,-1.66,72.2,7.49,5.41,2.08,3.38,5.42,1257.38,0.72,2.08,248.6
2015-03-04 20:10:00,5429400.0,998.41,3.05,276.34,-1.62,71.3,7.61,5.42,2.18,3.39,5.43,1256.62,1.72,3.55,250.6
2015-03-04 20:20:00,5430000.0,998.41,3.16,276.44,-1.19,73.0,7.67,5.6,2.07,3.49,5.61,1256.05,2.54,3.77,240.4
2015-03-04 20:30:00,5430600.0,998.18,2.85,276.15,-0.71,77.3,7.5,5.8,1.7,3.62,5.81,1257.08,1.69,3.28,221.7
2015-03-04 20:40:00,5431200.0,998.07,2.49,275.8,-0.44,80.9,7.31,5.91,1.4,3.69,5.93,1258.52,1.34,2.84,226.5
2015-03-04 20:50:00,5431800.0,998.12,2.18,275.49,-0.36,83.2,7.15,5.95,1.2,3.72,5.96,1259.99,0.79,1.84,224.5
2015-03-04 21:00:00,5432400.0,998.19,2.0,275.3,-0.35,84.4,7.06,5.96,1.1,3.72,5.97,1260.9,1.67,2.96,202.6
2015-03-04 21:10:00,5433000.0,998.27,1.82,275.12,-0.49,84.6,6.97,5.89,1.07,3.68,5.9,1261.84,1.05,2.12,206.8
2015-03-04 21:20:00,5433600.0,998.24,1.76,275.05,-0.53,84.7,6.94,5.87,1.06,3.67,5.89,1262.1,0.97,2.36,208.4
2015-03-04 21:30:00,5434200.0,998.23,1.62,274.92,-0.73,84.3,6.87,5.79,1.08,3.62,5.8,1262.74,0.72,1.66,252.5
2015-03-04 21:40:00,5434800.0,998.28,1.48,274.78,-0.98,83.6,6.8,5.69,1.12,3.55,5.7,1263.5,1.01,2.24,241.7
2015-03-04 21:50:00,5435400.0,998.4,1.56,274.84,-1.1,82.4,6.84,5.63,1.2,3.52,5.64,1263.34,1.15,2.28,240.4
2015-03-04 22:00:00,5436000.0,998.49,1.63,274.91,-1.2,81.4,6.87,5.59,1.28,3.49,5.6,1263.16,1.27,2.32,243.3
2015-03-04 22:10:00,5436600.0,998.5,1.77,275.05,-1.26,80.2,6.94,5.57,1.37,3.48,5.58,1262.51,1.56,2.52,230.0
2015-03-04 22:20:00,5437200.0,998.5,1.92,275.19,-1.24,79.5,7.02,5.58,1.44,3.48,5.59,1261.84,1.44,2.16,236.4
2015-03-04 22:30:00,5437800.0,998.46,2.16,275.44,-1.19,78.4,7.14,5.6,1.54,3.49,5.61,1260.67,2.08,3.24,228.9
2015-03-04 22:40:00,5438400.0,998.52,2.4,275.67,-1.15,77.3,7.26,5.61,1.65,3.5,5.62,1259.65,2.05,3.97,235.8
2015-03-04 22:50:00,5439000.0,998.57,2.54,275.82,-1.19,76.3,7.34,5.6,1.74,3.49,5.61,1259.05,2.77,5.25,229.7
2015-03-04 23:00:00,5439600.0,998.72,2.6,275.86,-1.24,75.7,7.37,5.58,1.79,3.48,5.58,1259.0,1.92,3.49,237.6
2015-03-04 23:10:00,5440200.0,998.84,2.68,275.93,-1.25,75.2,7.41,5.57,1.84,3.48,5.58,1258.79,1.53,2.84,234.6
2015-03-04 23:20:00,5440800.0,998.82,2.73,275.98,-1.26,74.9,7.44,5.57,1.87,3.48,5.58,1258.54,1.63,3.2,223.5
2015-03-04 23:30:00,5441400.0,998.91,2.79,276.04,-1.27,74.5,7.47,5.57,1.9,3.47,5.57,1258.36,2.25,4.41,227.5
2015-03-04 23:40:00,5442000.0,998.93,2.87,276.11,-1.29,74.0,7.51,5.56,1.95,3.47,5.56,1258.06,2.6,4.69,234.1
2015-03-04 23:50:00,5442600.0,999.11,2.87,276.1,-1.22,74.4,7.51,5.59,1.92,3.49,5.59,1258.26,2.26,4.33,246.2
2015-03-05 00:00:00,5443200.0,999.29,2.91,276.12,-1.14,74.6,7.53,5.62,1.91,3.5,5.62,1258.3,1.7,3.53,252.7
2015-03-05 00:10:00,5443800.0,999.42,2.95,276.16,-1.06,74.8,7.56,5.65,1.9,3.53,5.66,1258.22,2.07,3.89,245.2
2015-03-05 00:20:00,5444400.0,999.47,2.94,276.14,-0.98,75.3,7.55,5.68,1.86,3.54,5.69,1258.35,2.54,4.49,235.3
2015-03-05 00:30:00,5445000.0,999.53,2.81,276.0,-0.79,77.1,7.48,5.77,1.71,3.6,5.77,1258.98,2.09,3.24,244.7
2015-03-05 00:40:00,5445600.0,999.52,2.6,275.8,-0.66,79.0,7.37,5.82,1.55,3.63,5.82,1259.9,1.8,3.89,227.7
2015-03-05 00:50:00,5446200.0,999.57,2.45,275.64,-0.74,79.4,7.29,5.79,1.5,3.61,5.79,1260.67,1.1,2.64,243.1
2015-03-05 01:00:00,5446800.0,999.71,2.35,275.53,-0.79,79.7,7.24,5.77,1.47,3.6,5.77,1261.32,1.82,3.04,244.5
2015-03-05 01:10:00,5447400.0,999.88,2.38,275.55,-0.69,80.1,7.25,5.81,1.44,3.62,5.81,1261.36,1.83,3.97,246.1
2015-03-05 01:20:00,5448000.0,999.99,2.47,275.63,-0.46,80.9,7.3,5.9,1.39,3.68,5.9,1261.06,1.75,4.21,253.5
2015-03-05 01:30:00,5448600.0,1000.07,2.43,275.59,-0.18,82.8,7.28,6.03,1.25,3.76,6.03,1261.26,1.8,3.32,252.8
2015-03-05 01:40:00,5449200.0,1000.2,2.4,275.54,-0.03,83.9,7.26,6.09,1.17,3.8,6.09,1261.54,1.69,3.61,259.3
2015-03-05 01:50:00,5449800.0,1000.31,2.43,275.57,-0.05,83.6,7.28,6.09,1.19,3.79,6.09,1261.52,1.93,4.53,259.4
2015-03-05 02:00:00,5450400.0,1000.39,2.52,275.65,-0.09,82.8,7.33,6.07,1.26,3.78,6.07,1261.22,2.44,4.77,262.0
2015-03-05 02:10:00,5451000.0,1000.43,2.5,275.62,-0.18,82.4,7.31,6.03,1.29,3.76,6.02,1261.41,2.9,5.97,257.5
2015-03-05 02:20:00,5451600.0,1000.46,2.33,275.45,-0.15,83.6,7.23,6.04,1.19,3.76,6.04,1262.2,2.42,5.01,256.2
2015-03-05 02:30:00,5452200.0,1000.55,2.24,275.36,-0.04,84.8,7.18,6.09,1.09,3.79,6.09,1262.71,2.24,4.69,253.2
2015-03-05 02:40:00,5452800.0,1000.58,2.24,275.36,0.04,85.3,7.18,6.13,1.06,3.82,6.12,1262.72,2.73,5.17,259.2
2015-03-05 02:50:00,5453400.0,1000.68,2.33,275.44,0.0,84.5,7.23,6.11,1.12,3.8,6.1,1262.45,2.63,4.71,262.3
2015-03-05 03:00:00,5454000.0,1000.81,2.32,275.41,-0.03,84.4,7.22,6.09,1.13,3.8,6.09,1262.68,2.39,4.05,259.2
2015-03-05 03:10:00,5454600.0,1000.95,2.14,275.22,0.08,86.2,7.13,6.14,0.98,3.83,6.14,1263.66,2.51,5.49,260.9
2015-03-05 03:20:00,5455200.0,1001.06,1.85,274.92,0.2,88.8,6.98,6.2,0.78,3.86,6.19,1265.1,2.65,4.45,258.3
2015-03-05 03:30:00,5455800.0,1001.15,1.76,274.83,0.27,89.8,6.94,6.23,0.71,3.88,6.22,1265.61,3.33,5.37,260.6
2015-03-05 03:40:00,5456400.0,1001.16,1.73,274.8,0.26,89.9,6.92,6.22,0.7,3.88,6.22,1265.76,3.15,5.59,255.4
2015-03-05 03:50:00,5457000.0,1001.26,1.73,274.79,0.23,89.7,6.92,6.21,0.71,3.87,6.2,1265.89,2.46,4.37,254.3
2015-03-05 04:00:00,5457600.0,1001.41,1.82,274.86,0.23,89.2,6.97,6.21,0.75,3.87,6.2,1265.69,2.63,5.29,254.5
2015-03-05 04:10:00,5458200.0,1001.52,1.91,274.95,0.19,88.3,7.01,6.19,0.82,3.85,6.18,1265.41,2.7,5.25,257.6
2015-03-05 04:20:00,5458800.0,1001.68,1.91,274.94,0.21,88.4,7.01,6.2,0.81,3.86,6.19,1265.6,2.73,5.09,260.1
2015-03-05 04:30:00,5459400.0,1001.81,1.84,274.86,0.2,88.8,6.98,6.2,0.78,3.86,6.18,1266.1,2.76,4.65,256.8
2015-03-05 04:40:00,5460000.0,1001.96,1.72,274.73,0.22,89.7,6.92,6.21,0.71,3.86,6.19,1266.82,2.54,4.21,260.8
2015-03-05 04:50:00,5460600.0,1002.17,1.67,274.65,0.24,90.2,6.89,6.22,0.68,3.87,6.2,1267.35,2.4,4.01,261.9
2015-03-05 05:00:00,5461200.0,1002.33,1.66,274.64,0.27,90.4,6.89,6.23,0.66,3.87,6.21,1267.55,2.51,4.65,264.3
2015-03-05 05:10:00,5461800.0,1002.54,1.61,274.57,0.25,90.6,6.87,6.22,0.65,3.87,6.2,1268.05,2.52,5.05,268.4
2015-03-05 05:20:00,5462400.0,1002.67,1.68,274.63,0.31,90.6,6.9,6.25,0.65,3.89,6.23,1267.91,2.49,5.17,256.7
2015-03-05 05:30:00,5463000.0,1002.81,1.77,274.71,0.29,89.8,6.94,6.24,0.71,3.88,6.22,1267.64,2.4,4.37,264.6
2015-03-05 05:40:00,5463600.0,1002.95,1.85,274.77,0.22,88.9,6.98,6.21,0.77,3.86,6.19,1267.5,2.31,5.41,268.4
2015-03-05 05:50:00,5464200.0,1003.11,1.93,274.85,0.13,87.8,7.03,6.17,0.86,3.83,6.15,1267.32,1.69,3.16,266.0
2015-03-05 06:00:00,5464800.0,1003.31,1.99,274.89,0.06,87.0,7.05,6.14,0.92,3.81,6.11,1267.34,1.75,3.69,264.3
2015-03-05 06:10:00,5465400.0,1003.4,2.01,274.91,-0.1,85.8,7.06,6.06,1.0,3.77,6.04,1267.38,2.23,4.17,279.6
2015-03-05 06:20:00,5466000.0,1003.53,2.09,274.97,-0.3,84.1,7.1,5.97,1.13,3.71,5.95,1267.24,1.52,4.01,278.7
2015-03-05 06:30:00,5466600.0,1003.65,2.11,274.99,-0.43,83.2,7.12,5.92,1.2,3.68,5.9,1267.31,1.76,2.76,265.7
2015-03-05 06:40:00,5467200.0,1003.87,2.07,274.92,-0.54,82.8,7.09,5.87,1.22,3.65,5.85,1267.82,1.96,4.53,278.3
2015-03-05 06:50:00,5467800.0,1004.08,2.03,274.87,-0.66,82.3,7.07,5.82,1.25,3.61,5.8,1268.28,2.02,3.73,269.8
2015-03-05 07:00:00,5468400.0,1004.29,2.01,274.84,-0.77,81.7,7.06,5.77,1.29,3.58,5.75,1268.64,2.35,4.33,271.3
2015-03-05 07:10:00,5469000.0,1004.58,2.0,274.8,-0.87,81.2,7.06,5.73,1.33,3.56,5.71,1269.09,2.42,5.37,270.2
2015-03-05 07:20:00,5469600.0,1004.79,2.0,274.78,-0.92,80.9,7.06,5.71,1.35,3.54,5.68,1269.36,1.88,3.65,276.3
2015-03-05 07:30:00,5470200.0,1004.93,2.0,274.77,-1.02,80.3,7.06,5.67,1.39,3.52,5.64,1269.56,1.52,4.53,285.8
2015-03-05 07:40:00,5470800.0,1005.13,2.0,274.76,-1.23,79.1,7.06,5.58,1.47,3.46,5.55,1269.86,2.34,4.41,280.0
2015-03-05 07:50:00,5471400.0,1005.27,1.98,274.73,-1.43,78.0,7.05,5.5,1.55,3.41,5.47,1270.15,1.62,3.75,261.5
2015-03-05 08:00:00,5472000.0,1005.42,1.94,274.68,-1.81,76.1,7.03,5.35,1.68,3.32,5.32,1270.61,1.77,3.89,262.9
2015-03-05 08:10:00,5472600.0,1005.67,1.94,274.65,-2.02,74.9,7.03,5.26,1.76,3.26,5.23,1270.98,1.97,4.65,279.3
2015-03-05 08:20:00,5473200.0,1005.81,2.09,274.79,-1.72,75.8,7.1,5.38,1.72,3.34,5.35,1270.41,1.53,4.09,283.3
2015-03-05 08:30:00,5473800.0,1005.85,2.1,274.8,-1.48,77.1,7.11,5.48,1.63,3.4,5.45,1270.38,1.18,3.22,294.1
2015-03-05 08:40:00,5474400.0,1006.06,2.44,275.12,-1.36,75.9,7.28,5.53,1.76,3.43,5.5,1269.03,1.07,2.92,270.0
2015-03-05 08:50:00,5475000.0,1006.3,2.72,275.38,-1.43,74.0,7.43,5.5,1.93,3.41,5.46,1268.07,1.73,3.85,281.7
2015-03-05 09:00:00,5475600.0,1006.35,2.6,275.26,-1.69,73.2,7.37,5.39,1.97,3.34,5.36,1268.71,1.63,4.25,292.5
2015-03-05 09:10:00,5476200.0,1006.45,2.62,275.27,-1.85,72.3,7.38,5.33,2.04,3.3,5.3,1268.8,0.9,1.96,323.3
2015-03-05 09:20:00,5476800.0,1006.54,3.19,275.83,-1.83,69.51,7.68,5.34,2.34,3.31,5.31,1266.28,2.0,4.53,315.7
2015-03-05 09:30:00,5477400.0,1006.64,3.09,275.73,-1.99,69.13,7.63,5.28,2.36,3.27,5.24,1266.87,2.04,4.37,27.4
2015-03-05 09:40:00,5478000.0,1006.76,2.94,275.57,-2.08,69.39,7.55,5.24,2.31,3.24,5.2,1267.73,1.88,3.97,299.3
2015-03-05 09:50:00,5478600.0,1006.76,3.22,275.85,-2.0,68.43,7.7,5.27,2.43,3.26,5.24,1266.43,1.28,2.92,317.8
2015-03-05 10:00:00,5479200.0,1006.76,3.54,276.17,-2.06,66.63,7.88,5.25,2.63,3.25,5.21,1264.98,1.63,4.37,24.0
2015-03-05 10:10:00,5479800.0,1006.85,3.68,276.3,-1.85,66.97,7.96,5.33,2.63,3.3,5.29,1264.42,2.14,6.61,352.9
2015-03-05 10:20:00,5480400.0,1006.98,3.65,276.26,-1.9,66.91,7.94,5.31,2.63,3.29,5.27,1264.75,2.02,3.97,279.8
2015-03-05 10:30:00,5481000.0,1007.06,3.71,276.32,-1.83,66.97,7.97,5.34,2.63,3.31,5.3,1264.54,2.63,4.45,271.7
2015-03-05 10:40:00,5481600.0,1007.0,4.18,276.78,-1.62,65.83,8.24,5.42,2.82,3.36,5.39,1262.31,1.72,4.01,289.4
2015-03-05 10:50:00,5482200.0,1006.96,4.2,276.81,-1.78,64.91,8.25,5.36,2.9,3.32,5.32,1262.18,2.09,4.75,284.8
2015-03-05 11:00:00,5482800.0,1006.96,4.25,276.86,-1.88,64.24,8.28,5.32,2.96,3.29,5.28,1261.99,2.04,5.01,19.46
2015-03-05 11:10:00,5483400.0,1007.07,4.23,276.83,-1.84,64.49,8.27,5.33,2.94,3.3,5.3,1262.19,2.11,5.49,5.41
2015-03-05 11:20:00,5484000.0,1007.13,4.2,276.79,-1.93,64.25,8.25,5.3,2.95,3.28,5.26,1262.44,2.52,6.53,14.36
2015-03-05 11:30:00,5484600.0,1007.2,4.52,277.11,-1.82,63.28,8.44,5.34,3.1,3.3,5.3,1261.04,2.26,6.41,4.01
2015-03-05 11:40:00,5485200.0,1007.09,4.32,276.92,-1.89,63.88,8.32,5.32,3.01,3.29,5.28,1261.82,2.31,5.21,9.74
2015-03-05 11:50:00,5485800.0,1006.94,4.64,277.25,-1.69,63.39,8.51,5.4,3.12,3.34,5.36,1260.13,2.29,5.45,11.92
2015-03-05 12:00:00,5486400.0,1007.05,4.79,277.39,-1.72,62.59,8.6,5.38,3.22,3.33,5.35,1259.61,2.18,4.41,358.9
2015-03-05 12:10:00,5487000.0,1007.04,4.97,277.58,-1.65,62.1,8.71,5.41,3.3,3.35,5.37,1258.75,2.39,4.73,353.6
2015-03-05 12:20:00,5487600.0,1007.05,5.29,277.89,-1.37,62.02,8.91,5.52,3.38,3.42,5.48,1257.3,1.8,4.05,295.1
2015-03-05 12:30:00,5488200.0,1007.02,5.56,278.16,-1.41,60.69,9.08,5.51,3.57,3.41,5.47,1256.04,1.81,4.77,347.2
2015-03-05 12:40:00,5488800.0,1007.05,5.2,277.8,-1.76,60.62,8.85,5.37,3.49,3.32,5.33,1257.77,2.31,4.45,20.96
2015-03-05 12:50:00,5489400.0,1007.03,5.37,277.97,-1.62,60.54,8.96,5.42,3.53,3.36,5.38,1256.95,1.26,3.12,295.8
2015-03-05 13:00:00,5490000.0,1007.01,5.34,277.94,-1.57,60.89,8.94,5.44,3.49,3.37,5.4,1257.06,1.56,3.16,314.1
2015-03-05 13:10:00,5490600.0,1006.94,5.19,277.8,-1.57,61.51,8.85,5.44,3.4,3.37,5.4,1257.62,2.24,4.57,337.8
2015-03-05 13:20:00,5491200.0,1006.93,5.41,278.02,-1.34,61.65,8.98,5.54,3.44,3.43,5.5,1256.61,1.17,3.12,305.0
2015-03-05 13:30:00,5491800.0,1006.82,5.56,278.18,-1.36,60.9,9.08,5.53,3.55,3.42,5.49,1255.78,1.62,3.48,344.5
2015-03-05 13:40:00,5492400.0,1006.87,5.67,278.28,-1.28,60.79,9.15,5.56,3.59,3.44,5.52,1255.32,1.42,3.68,351.9
2015-03-05 13:50:00,5493000.0,1006.88,5.94,278.55,-1.11,60.44,9.32,5.63,3.69,3.49,5.59,1254.09,1.24,3.2,260.8
2015-03-05 14:00:00,5493600.0,1006.84,6.03,278.65,-0.88,61.05,9.38,5.73,3.65,3.54,5.69,1253.58,1.72,4.28,247.8
2015-03-05 14:10:00,5494200.0,1006.91,5.74,278.35,-0.35,64.79,9.19,5.96,3.24,3.69,5.91,1254.86,2.47,4.61,295.7
2015-03-05 14:20:00,5494800.0,1006.89,5.23,277.84,-0.18,67.98,8.87,6.03,2.84,3.73,5.99,1257.13,2.35,4.22,288.8
2015-03-05 14:30:00,5495400.0,1006.92,5.08,277.69,0.0,69.56,8.78,6.11,2.67,3.78,6.07,1257.78,1.54,4.26,257.5
2015-03-05 14:40:00,5496000.0,1006.93,5.18,277.79,0.05,69.37,8.84,6.13,2.71,3.8,6.09,1257.35,1.08,3.08,232.2
2015-03-05 14:50:00,5496600.0,1006.82,5.32,277.94,-0.04,68.19,8.93,6.09,2.84,3.77,6.05,1256.56,2.21,4.65,278.1
2015-03-05 15:00:00,5497200.0,1006.8,5.36,277.98,-0.27,66.89,8.95,5.99,2.96,3.71,5.95,1256.44,1.87,4.49,307.9
2015-03-05 15:10:00,5497800.0,1006.73,5.72,278.35,-0.43,64.47,9.18,5.92,3.26,3.66,5.88,1254.74,1.28,3.16,296.6
2015-03-05 15:20:00,5498400.0,1006.76,5.67,278.29,-0.76,63.17,9.14,5.78,3.37,3.58,5.74,1255.1,2.46,4.4,302.7
2015-03-05 15:30:00,5499000.0,1006.8,5.59,278.21,-0.97,62.58,9.09,5.69,3.4,3.52,5.65,1255.55,2.34,5.15,306.8
2015-03-05 15:40:00,5499600.0,1006.81,5.72,278.34,-0.93,62.19,9.18,5.71,3.47,3.53,5.67,1254.97,1.08,3.48,269.2
2015-03-05 15:50:00,5500200.0,1006.79,5.74,278.36,-1.4,59.94,9.19,5.51,3.68,3.41,5.47,1254.91,1.23,4.57,331.4
2015-03-05 16:00:00,5500800.0,1006.79,5.71,278.33,-1.4,60.12,9.17,5.51,3.66,3.41,5.48,1255.07,1.92,3.46,267.8
2015-03-05 16:10:00,5501400.0,1006.87,5.68,278.3,-1.27,60.81,9.15,5.57,3.59,3.45,5.53,1255.27,1.44,3.12,285.6
2015-03-05 16:20:00,5502000.0,1006.9,5.64,278.25,-1.18,61.37,9.13,5.6,3.53,3.47,5.56,1255.46,1.64,3.64,271.5
2015-03-05 16:30:00,5502600.0,1006.92,5.55,278.16,-1.04,62.4,9.07,5.66,3.41,3.5,5.62,1255.88,1.21,3.2,292.8
2015-03-05 16:40:00,5503200.0,1006.98,5.41,278.02,-0.73,64.45,8.98,5.79,3.19,3.58,5.75,1256.52,1.03,2.68,263.8
2015-03-05 16:50:00,5503800.0,1007.03,5.35,277.95,-0.52,65.72,8.95,5.88,3.07,3.64,5.84,1256.81,0.79,2.92,276.1
2015-03-05 17:00:00,5504400.0,1007.03,5.33,277.94,-0.5,65.91,8.93,5.89,3.05,3.65,5.85,1256.88,1.16,2.44,263.7
2015-03-05 17:10:00,5505000.0,1007.05,5.2,277.8,-0.51,66.47,8.85,5.88,2.97,3.64,5.84,1257.52,0.99,2.08,268.0
2015-03-05 17:20:00,5505600.0,1007.06,5.19,277.79,-0.42,67.0,8.84,5.92,2.92,3.67,5.88,1257.58,1.12,2.18,261.7
2015-03-05 17:30:00,5506200.0,1007.05,5.14,277.74,-0.43,67.15,8.81,5.92,2.89,3.66,5.88,1257.79,0.85,1.36,254.9
2015-03-05 17:40:00,5506800.0,1007.12,5.08,277.68,-0.37,67.7,8.78,5.94,2.84,3.68,5.9,1258.11,0.84,1.8,262.8
2015-03-05 17:50:00,5507400.0,1007.2,5.09,277.68,-0.3,68.06,8.78,5.98,2.81,3.7,5.93,1258.16,0.97,2.08,272.3
2015-03-05 18:00:00,5508000.0,1007.24,5.04,277.63,-0.25,68.49,8.76,6.0,2.76,3.71,5.95,1258.4,0.65,1.48,260.4
2015-03-05 18:10:00,5508600.0,1007.29,4.94,277.53,-0.31,68.7,8.69,5.97,2.72,3.7,5.93,1258.94,1.22,2.8,277.0
2015-03-05 18:20:00,5509200.0,1007.37,4.81,277.38,-0.39,68.94,8.61,5.94,2.67,3.67,5.89,1259.67,1.35,2.52,258.0
2015-03-05 18:30:00,5509800.0,1007.43,4.69,277.27,-0.42,69.32,8.54,5.92,2.62,3.66,5.88,1260.26,1.27,2.4,264.8
2015-03-05 18:40:00,5510400.0,1007.55,4.62,277.19,-0.41,69.71,8.5,5.93,2.57,3.67,5.88,1260.74,1.39,2.18,257.3
2015-03-05 18:50:00,5511000.0,1007.75,4.6,277.14,-0.38,69.99,8.48,5.94,2.55,3.67,5.89,1261.11,1.19,2.52,270.3
2015-03-05 19:00:00,5511600.0,1007.73,4.56,277.11,-0.38,70.2,8.46,5.94,2.52,3.68,5.9,1261.25,1.56,3.06,262.7
2015-03-05 19:10:00,5512200.0,1007.81,4.46,277.0,-0.28,71.2,8.4,5.98,2.42,3.7,5.94,1261.79,2.04,3.56,262.0
2015-03-05 19:20:00,5512800.0,1007.9,4.38,276.91,-0.23,71.9,8.36,6.01,2.35,3.72,5.96,1262.25,1.69,3.24,263.3
2015-03-05 19:30:00,5513400.0,1007.97,4.29,276.82,-0.25,72.2,8.31,6.0,2.31,3.71,5.95,1262.73,1.65,3.4,262.2
2015-03-05 19:40:00,5514000.0,1007.98,4.23,276.76,-0.27,72.4,8.27,5.99,2.28,3.7,5.94,1263.04,1.86,3.24,260.6
2015-03-05 19:50:00,5514600.0,1007.99,4.1,276.63,-0.24,73.2,8.2,6.0,2.2,3.71,5.95,1263.62,2.21,3.32,258.0
2015-03-05 20:00:00,5515200.0,1008.04,4.05,276.57,-0.21,73.7,8.16,6.02,2.15,3.72,5.97,1263.93,1.87,3.2,256.7
2015-03-05 20:10:00,5515800.0,1008.07,4.0,276.52,-0.18,74.1,8.14,6.03,2.11,3.73,5.98,1264.17,1.9,2.88,252.5
2015-03-05 20:20:00,5516400.0,1008.05,3.97,276.5,-0.15,74.4,8.12,6.04,2.08,3.74,5.99,1264.26,1.72,2.86,255.0
2015-03-05 20:30:00,5517000.0,1008.11,3.9,276.42,-0.13,74.9,8.08,6.05,2.03,3.74,6.0,1264.67,2.05,3.0,254.3
2015-03-05 20:40:00,5517600.0,1008.12,3.87,276.39,-0.14,75.0,8.06,6.05,2.02,3.74,6.0,1264.83,2.49,3.36,252.2
2015-03-05 20:50:00,5518200.0,1008.24,3.87,276.38,-0.12,75.1,8.06,6.05,2.01,3.74,6.0,1264.99,1.88,2.8,259.1
2015-03-05 21:00:00,5518800.0,1008.29,3.8,276.31,-0.13,75.4,8.03,6.05,1.97,3.74,6.0,1265.33,1.89,2.92,257.8
2015-03-05 21:10:00,5519400.0,1008.28,3.8,276.31,-0.09,75.6,8.02,6.07,1.96,3.75,6.02,1265.32,2.2,3.12,249.9
2015-03-05 21:20:00,5520000.0,1008.28,3.77,276.28,-0.07,75.9,8.01,6.08,1.93,3.76,6.03,1265.45,2.43,3.49,251.2
2015-03-05 21:30:00,5520600.0,1008.29,3.73,276.24,-0.05,76.2,7.99,6.09,1.9,3.76,6.04,1265.64,2.44,3.28,250.0
2015-03-05 21:40:00,5521200.0,1008.34,3.73,276.24,-0.03,76.3,7.99,6.09,1.89,3.77,6.04,1265.7,2.59,3.47,249.1
2015-03-05 21:50:00,5521800.0,1008.45,3.73,276.23,-0.03,76.3,7.99,6.09,1.89,3.77,6.04,1265.83,2.56,3.53,250.5
2015-03-05 22:00:00,5522400.0,1008.54,3.73,276.22,-0.05,76.2,7.99,6.09,1.9,3.76,6.03,1265.95,2.75,3.81,252.2
2015-03-05 22:10:00,5523000.0,1008.49,3.72,276.21,-0.07,76.2,7.98,6.08,1.9,3.76,6.03,1265.97,2.74,3.61,249.7
2015-03-05 22:20:00,5523600.0,1008.45,3.73,276.23,-0.09,76.0,7.98,6.07,1.92,3.75,6.02,1265.86,2.76,3.47,248.4
2015-03-05 22:30:00,5524200.0,1008.41,3.72,276.21,-0.07,76.2,7.97,6.08,1.9,3.76,6.03,1265.88,2.51,3.45,250.1
2015-03-05 22:40:00,5524800.0,1008.44,3.74,276.23,-0.1,75.9,7.99,6.06,1.93,3.75,6.01,1265.81,2.56,3.49,247.1
2015-03-05 22:50:00,5525400.0,1008.56,3.74,276.22,-0.1,75.9,7.99,6.06,1.93,3.75,6.01,1265.96,2.58,3.57,249.6
2015-03-05 23:00:00,5526000.0,1008.63,3.73,276.21,-0.09,76.0,7.98,6.07,1.92,3.75,6.02,1266.09,2.29,3.61,247.6
2015-03-05 23:10:00,5526600.0,1008.55,3.69,276.17,-0.11,76.1,7.96,6.06,1.9,3.74,6.01,1266.19,2.22,3.1,244.8
2015-03-05 23:20:00,5527200.0,1008.5,3.65,276.14,-0.14,76.2,7.94,6.05,1.89,3.74,6.0,1266.32,2.12,3.24,245.0
2015-03-05 23:30:00,5527800.0,1008.5,3.66,276.15,-0.14,76.1,7.94,6.05,1.9,3.74,5.99,1266.25,2.06,2.92,249.1
2015-03-05 23:40:00,5528400.0,1008.64,3.63,276.11,-0.19,76.0,7.93,6.03,1.9,3.72,5.97,1266.58,2.34,3.08,249.0
2015-03-05 23:50:00,5529000.0,1008.68,3.66,276.13,-0.18,75.9,7.94,6.03,1.91,3.73,5.98,1266.5,2.08,3.45,254.1
2015-03-06 00:00:00,5529600.0,1008.63,3.65,276.13,-0.17,76.0,7.94,6.03,1.9,3.73,5.98,1266.48,2.41,3.49,250.7
2015-03-06 00:10:00,5530200.0,1008.66,3.67,276.14,-0.21,75.7,7.95,6.02,1.93,3.72,5.96,1266.45,2.54,3.77,254.1
2015-03-06 00:20:00,5530800.0,1008.64,3.67,276.15,-0.22,75.6,7.95,6.01,1.94,3.71,5.96,1266.42,2.62,3.77,252.1
2015-03-06 00:30:00,5531400.0,1008.58,3.67,276.15,-0.24,75.5,7.95,6.0,1.95,3.71,5.95,1266.35,2.8,3.81,253.4
2015-03-06 00:40:00,5532000.0,1008.63,3.58,276.06,-0.31,75.6,7.9,5.97,1.93,3.69,5.92,1266.84,2.67,4.01,250.4
2015-03-06 00:50:00,5532600.0,1008.66,3.56,276.04,-0.31,75.7,7.89,5.97,1.92,3.69,5.92,1266.94,2.64,3.61,248.9
2015-03-06 01:00:00,5533200.0,1008.73,3.6,276.07,-0.31,75.5,7.91,5.97,1.94,3.69,5.92,1266.86,2.63,3.41,248.0
2015-03-06 01:10:00,5533800.0,1008.72,3.6,276.07,-0.22,76.0,7.91,6.01,1.9,3.72,5.96,1266.83,2.42,3.65,248.1
2015-03-06 01:20:00,5534400.0,1008.66,3.64,276.12,-0.09,76.5,7.93,6.07,1.86,3.75,6.02,1266.54,1.97,3.16,251.9
2015-03-06 01:30:00,5535000.0,1008.62,3.65,276.13,-0.01,76.9,7.94,6.1,1.83,3.77,6.05,1266.45,2.75,4.17,247.2
2015-03-06 01:40:00,5535600.0,1008.61,3.62,276.11,0.04,77.3,7.92,6.13,1.8,3.79,6.07,1266.52,2.83,3.93,244.3
2015-03-06 01:50:00,5536200.0,1008.56,3.6,276.09,0.1,77.8,7.91,6.15,1.76,3.8,6.1,1266.56,2.52,3.43,242.2
2015-03-06 02:00:00,5536800.0,1008.54,3.6,276.09,0.14,78.0,7.91,6.17,1.74,3.81,6.12,1266.52,2.45,3.49,240.3
2015-03-06 02:10:00,5537400.0,1008.47,3.57,276.07,0.17,78.3,7.9,6.18,1.71,3.82,6.13,1266.55,2.72,3.95,241.0
2015-03-06 02:20:00,5538000.0,1008.35,3.53,276.04,0.15,78.4,7.87,6.17,1.7,3.82,6.12,1266.59,2.31,3.28,234.0
2015-03-06 02:30:00,5538600.0,1008.25,3.33,275.84,0.07,79.1,7.76,6.14,1.62,3.8,6.09,1267.4,2.15,2.84,228.5
2015-03-06 02:40:00,5539200.0,1008.11,3.16,275.68,0.01,79.7,7.67,6.11,1.56,3.78,6.06,1268.04,2.22,2.8,242.5
2015-03-06 02:50:00,5539800.0,1007.98,3.03,275.56,-0.02,80.3,7.6,6.1,1.5,3.77,6.05,1268.46,2.47,2.84,238.7
2015-03-06 03:00:00,5540400.0,1007.91,3.02,275.56,0.01,80.5,7.59,6.11,1.48,3.78,6.07,1268.4,2.43,3.04,238.8
2015-03-06 03:10:00,5541000.0,1007.87,2.98,275.52,0.0,80.7,7.57,6.11,1.46,3.78,6.06,1268.57,1.73,2.36,233.5
2015-03-06 03:20:00,5541600.0,1007.88,2.97,275.51,0.04,81.0,7.57,6.13,1.44,3.79,6.08,1268.6,1.34,2.04,223.9
2015-03-06 03:30:00,5542200.0,1007.95,3.06,275.6,0.1,80.8,7.61,6.15,1.46,3.81,6.1,1268.26,0.8,1.44,183.7
2015-03-06 03:40:00,5542800.0,1007.99,3.22,275.75,0.17,80.3,7.7,6.18,1.52,3.82,6.13,1267.57,0.29,0.68,133.3
2015-03-06 03:50:00,5543400.0,1008.04,3.34,275.86,0.23,80.0,7.76,6.21,1.55,3.84,6.16,1267.09,0.18,0.44,30.99
2015-03-06 04:00:00,5544000.0,1008.16,3.15,275.66,0.15,80.6,7.66,6.17,1.49,3.82,6.12,1268.13,0.33,0.64,73.7
2015-03-06 04:10:00,5544600.0,1008.16,2.93,275.45,0.11,81.6,7.54,6.16,1.39,3.81,6.11,1269.11,0.57,1.32,111.2
2015-03-06 04:20:00,5545200.0,1008.16,2.87,275.39,0.12,82.0,7.51,6.16,1.35,3.81,6.11,1269.39,0.29,0.78,87.0
2015-03-06 04:30:00,5545800.0,1008.19,3.1,275.62,0.19,81.1,7.64,6.19,1.44,3.83,6.14,1268.36,0.34,1.12,254.5
2015-03-06 04:40:00,5546400.0,1008.24,3.21,275.72,0.16,80.3,7.69,6.18,1.52,3.82,6.13,1267.93,0.37,1.22,150.2
2015-03-06 04:50:00,5547000.0,1008.25,3.02,275.53,0.13,81.2,7.59,6.16,1.43,3.81,6.11,1268.82,0.47,0.96,107.9
2015-03-06 05:00:00,5547600.0,1008.27,3.09,275.6,0.08,80.5,7.63,6.14,1.49,3.8,6.09,1268.54,0.46,1.08,220.9
2015-03-06 05:10:00,5548200.0,1008.34,3.38,275.89,0.02,78.5,7.79,6.12,1.67,3.78,6.06,1267.29,1.39,2.48,255.5
2015-03-06 05:20:00,5548800.0,1008.4,3.61,276.11,-0.03,77.0,7.92,6.1,1.82,3.77,6.04,1266.33,1.45,2.4,255.4
2015-03-06 05:30:00,5549400.0,1008.48,3.67,276.16,-0.03,76.7,7.95,6.1,1.85,3.77,6.04,1266.18,1.15,2.6,245.9
2015-03-06 05:40:00,5550000.0,1008.56,3.73,276.21,-0.01,76.5,7.98,6.11,1.88,3.77,6.05,1266.01,1.02,2.12,267.4
2015-03-06 05:50:00,5550600.0,1008.61,3.72,276.2,0.08,77.0,7.98,6.14,1.83,3.8,6.09,1266.08,0.51,1.36,205.4
2015-03-06 06:00:00,5551200.0,1008.63,3.67,276.15,0.0,76.8,7.95,6.11,1.84,3.77,6.05,1266.33,1.27,2.52,253.4
2015-03-06 06:10:00,5551800.0,1008.55,3.64,276.12,-0.04,76.8,7.93,6.09,1.84,3.76,6.04,1266.41,1.19,2.0,243.1
2015-03-06 06:20:00,5552400.0,1008.51,3.63,276.12,-0.03,76.9,7.93,6.1,1.83,3.77,6.05,1266.38,0.95,2.28,235.5
2015-03-06 06:30:00,5553000.0,1008.4,3.6,276.1,0.08,77.7,7.91,6.15,1.76,3.8,6.09,1266.37,0.35,0.68,194.8
2015-03-06 06:40:00,5553600.0,1008.3,3.42,275.92,0.1,78.8,7.81,6.15,1.66,3.8,6.1,1267.06,0.56,1.2,47.94
2015-03-06 06:50:00,5554200.0,1008.39,3.3,275.8,0.11,79.5,7.75,6.16,1.59,3.81,6.11,1267.71,0.38,1.16,8.1
2015-03-06 07:00:00,5554800.0,1008.41,3.37,275.87,0.19,79.6,7.78,6.19,1.59,3.83,6.14,1267.42,0.66,1.32,148.0
2015-03-06 07:10:00,5555400.0,1008.41,3.09,275.59,0.26,81.6,7.63,6.22,1.4,3.85,6.17,1268.69,0.72,1.64,145.9
2015-03-06 07:20:00,5556000.0,1008.41,2.94,275.43,0.21,82.2,7.55,6.2,1.34,3.83,6.15,1269.4,0.74,1.56,136.6
2015-03-06 07:30:00,5556600.0,1008.41,2.93,275.43,0.32,82.9,7.54,6.25,1.29,3.87,6.2,1269.39,0.41,1.16,103.8
2015-03-06 07:40:00,5557200.0,1008.39,3.11,275.61,0.4,82.3,7.64,6.29,1.35,3.89,6.24,1268.53,0.32,0.76,78.3
2015-03-06 07:50:00,5557800.0,1008.54,3.1,275.59,0.44,82.6,7.64,6.31,1.33,3.9,6.25,1268.74,0.61,1.28,106.3
2015-03-06 08:00:00,5558400.0,1008.52,3.09,275.58,0.36,82.2,7.63,6.27,1.36,3.88,6.22,1268.78,0.95,1.54,139.9
2015-03-06 08:10:00,5559000.0,1008.55,3.36,275.85,0.57,81.9,7.78,6.37,1.41,3.94,6.31,1267.55,0.65,1.16,138.7
2015-03-06 08:20:00,5559600.0,1008.54,3.72,276.21,0.6,80.0,7.98,6.38,1.6,3.95,6.33,1265.88,0.63,1.2,144.4
2015-03-06 08:30:00,5560200.0,1008.57,3.96,276.45,0.72,79.3,8.12,6.44,1.68,3.98,6.38,1264.77,0.55,1.12,129.6
2015-03-06 08:40:00,5560800.0,1008.78,4.38,276.85,0.83,77.6,8.36,6.49,1.87,4.01,6.43,1263.1,0.38,0.88,117.6
2015-03-06 08:50:00,5561400.0,1008.86,4.42,276.88,0.74,76.9,8.38,6.44,1.94,3.98,6.39,1263.06,0.83,1.36,160.0
2015-03-06 09:00:00,5562000.0,1008.89,4.27,276.73,0.7,77.5,8.29,6.43,1.87,3.97,6.37,1263.77,1.16,1.72,183.6
2015-03-06 09:10:00,5562600.0,1008.9,4.21,276.67,0.6,77.3,8.26,6.38,1.87,3.94,6.33,1264.1,1.11,2.54,216.7
2015-03-06 09:20:00,5563200.0,1008.88,4.34,276.8,0.53,76.2,8.33,6.35,1.98,3.92,6.29,1263.5,1.72,2.64,216.2
2015-03-06 09:30:00,5563800.0,1008.88,4.67,277.13,0.64,75.0,8.53,6.4,2.13,3.95,6.34,1261.95,0.79,1.52,222.4
2015-03-06 09:40:00,5564400.0,1008.8,5.02,277.48,0.77,73.9,8.74,6.46,2.28,3.99,6.4,1260.25,0.99,2.84,216.3
2015-03-06 09:50:00,5565000.0,1008.62,5.59,278.06,0.86,71.5,9.09,6.5,2.59,4.02,6.45,1257.44,1.94,3.12,203.2
2015-03-06 10:00:00,5565600.0,1008.55,5.99,278.47,0.89,69.64,9.35,6.51,2.84,4.03,6.46,1255.52,2.35,5.01,212.3
2015-03-06 10:10:00,5566200.0,1008.64,5.82,278.3,0.77,69.89,9.24,6.46,2.78,3.99,6.4,1256.43,2.55,5.53,235.8
2015-03-06 10:20:00,5566800.0,1008.66,6.01,278.48,0.73,68.79,9.36,6.44,2.92,3.98,6.39,1255.63,1.49,2.96,246.9
2015-03-06 10:30:00,5567400.0,1008.67,6.41,278.88,1.0,68.22,9.63,6.57,3.06,4.06,6.51,1253.79,2.45,4.2,243.4
2015-03-06 10:40:00,5568000.0,1008.66,6.61,279.08,1.04,67.47,9.76,6.59,3.18,4.07,6.53,1252.85,1.68,3.68,278.0
2015-03-06 10:50:00,5568600.0,1008.69,6.6,279.07,0.99,67.29,9.76,6.56,3.19,4.06,6.51,1252.94,1.71,3.16,269.8
2015-03-06 11:00:00,5569200.0,1008.67,6.69,279.16,0.82,66.02,9.82,6.48,3.34,4.01,6.43,1252.54,1.99,4.36,245.6
2015-03-06 11:10:00,5569800.0,1008.63,6.82,279.29,0.74,65.11,9.9,6.45,3.46,3.99,6.39,1251.95,1.64,4.36,246.4
2015-03-06 11:20:00,5570400.0,1008.6,6.84,279.32,0.42,63.48,9.92,6.3,3.62,3.89,6.24,1251.87,1.97,3.52,282.3
2015-03-06 11:30:00,5571000.0,1008.61,7.09,279.56,0.31,61.91,10.09,6.25,3.84,3.86,6.19,1250.8,2.12,3.64,230.8
2015-03-06 11:40:00,5571600.0,1008.63,7.28,279.75,-0.28,58.55,10.22,5.99,4.24,3.7,5.93,1250.1,2.98,6.01,239.0
2015-03-06 11:50:00,5572200.0,1008.6,7.44,279.91,-0.5,56.98,10.33,5.89,4.45,3.64,5.84,1249.4,2.19,5.09,261.4
2015-03-06 12:00:00,5572800.0,1008.52,7.27,279.75,-0.67,56.92,10.22,5.81,4.4,3.59,5.77,1250.09,2.02,4.0,258.6
2015-03-06 12:10:00,5573400.0,1008.49,6.95,279.44,-0.49,58.94,10.0,5.89,4.1,3.64,5.84,1251.43,1.71,3.2,258.3
2015-03-06 12:20:00,5574000.0,1008.5,6.94,279.42,-0.09,60.77,9.99,6.07,3.92,3.75,6.02,1251.42,1.07,2.6,268.6
2015-03-06 12:30:00,5574600.0,1008.52,6.87,279.35,0.09,61.88,9.94,6.15,3.79,3.8,6.1,1251.72,1.89,3.08,239.8
2015-03-06 12:40:00,5575200.0,1008.55,6.86,279.34,0.13,62.11,9.93,6.17,3.76,3.81,6.12,1251.8,1.5,2.56,265.3
2015-03-06 12:50:00,5575800.0,1008.56,6.75,279.23,0.05,62.21,9.86,6.13,3.72,3.79,6.08,1252.31,1.37,3.44,321.6
2015-03-06 13:00:00,5576400.0,1008.54,6.58,279.06,0.22,63.75,9.74,6.21,3.53,3.84,6.16,1253.04,1.4,2.94,319.4
2015-03-06 13:10:00,5577000.0,1008.51,6.33,278.82,0.37,65.51,9.58,6.27,3.3,3.88,6.22,1254.05,1.62,4.44,322.4
2015-03-06 13:20:00,5577600.0,1008.4,6.18,278.67,0.43,66.52,9.48,6.3,3.17,3.9,6.25,1254.59,1.23,3.16,311.0
2015-03-06 13:30:00,5578200.0,1008.3,6.09,278.59,0.45,67.01,9.42,6.31,3.11,3.9,6.26,1254.86,1.78,3.96,305.2
2015-03-06 13:40:00,5578800.0,1008.28,5.95,278.45,0.6,68.4,9.33,6.38,2.95,3.95,6.33,1255.43,2.27,5.41,288.0
2015-03-06 13:50:00,5579400.0,1008.28,5.68,278.18,0.58,69.63,9.15,6.37,2.78,3.94,6.32,1256.67,1.99,3.9,258.6
2015-03-06 14:00:00,5580000.0,1008.23,5.67,278.18,0.55,69.5,9.15,6.36,2.79,3.93,6.31,1256.64,1.74,2.96,252.0
2015-03-06 14:10:00,5580600.0,1008.06,5.78,278.3,0.56,69.0,9.22,6.36,2.86,3.93,6.31,1255.92,1.12,2.56,240.8
2015-03-06 14:20:00,5581200.0,1008.0,5.89,278.42,0.34,67.42,9.29,6.26,3.03,3.87,6.21,1255.4,1.29,3.24,245.3
2015-03-06 14:30:00,5581800.0,1007.89,5.99,278.52,0.21,66.34,9.35,6.2,3.15,3.84,6.15,1254.87,2.03,3.28,240.2
2015-03-06 14:40:00,5582400.0,1007.68,6.04,278.59,0.17,65.88,9.39,6.18,3.2,3.83,6.14,1254.37,1.91,4.32,245.0
2015-03-06 14:50:00,5583000.0,1007.62,6.04,278.6,0.23,66.16,9.39,6.21,3.18,3.84,6.16,1254.28,2.04,4.49,232.2
2015-03-06 15:00:00,5583600.0,1007.56,6.04,278.6,0.3,66.53,9.39,6.24,3.14,3.86,6.2,1254.19,2.52,4.32,241.0
2015-03-06 15:10:00,5584200.0,1007.54,6.02,278.58,0.39,67.05,9.37,6.28,3.09,3.89,6.24,1254.26,2.1,5.01,229.9
2015-03-06 15:20:00,5584800.0,1007.54,6.07,278.63,0.37,66.72,9.41,6.28,3.13,3.88,6.23,1254.01,2.91,5.01,247.0
2015-03-06 15:30:00,5585400.0,1007.52,6.09,278.65,0.32,66.38,9.42,6.25,3.17,3.87,6.21,1253.91,1.53,2.64,239.8
2015-03-06 15:40:00,5586000.0,1007.53,6.13,278.69,0.31,66.2,9.44,6.25,3.19,3.87,6.2,1253.78,2.04,3.6,232.5
2015-03-06 15:50:00,5586600.0,1007.55,6.13,278.69,0.33,66.26,9.44,6.26,3.19,3.87,6.21,1253.78,1.32,3.0,239.7
2015-03-06 16:00:00,5587200.0,1007.57,6.16,278.72,0.36,66.26,9.47,6.27,3.19,3.88,6.22,1253.64,1.34,3.92,221.4
2015-03-06 16:10:00,5587800.0,1007.49,6.13,278.69,0.31,66.16,9.44,6.25,3.2,3.87,6.2,1253.71,1.62,3.2,230.5
2015-03-06 16:20:00,5588400.0,1007.36,6.22,278.8,0.33,65.85,9.5,6.26,3.25,3.87,6.21,1253.12,1.77,3.44,243.6
2015-03-06 16:30:00,5589000.0,1007.46,6.24,278.8,0.28,65.53,9.51,6.23,3.28,3.86,6.19,1253.19,1.09,2.6,250.9
2015-03-06 16:40:00,5589600.0,1007.44,6.22,278.79,0.08,64.67,9.5,6.15,3.36,3.8,6.1,1253.29,2.09,3.42,247.7
2015-03-06 16:50:00,5590200.0,1007.4,6.13,278.7,0.05,64.91,9.44,6.13,3.31,3.79,6.08,1253.65,2.0,3.04,244.6
2015-03-06 17:00:00,5590800.0,1007.28,6.06,278.64,0.05,65.21,9.4,6.13,3.27,3.79,6.08,1253.81,1.91,3.48,246.0
2015-03-06 17:10:00,5591400.0,1007.18,6.03,278.62,0.07,65.45,9.38,6.14,3.24,3.8,6.1,1253.8,1.84,3.64,240.3
2015-03-06 17:20:00,5592000.0,1007.2,5.99,278.58,0.14,66.0,9.35,6.17,3.18,3.82,6.13,1254.01,1.29,2.36,247.5
2015-03-06 17:30:00,5592600.0,1007.31,5.99,278.57,0.12,65.88,9.35,6.16,3.19,3.81,6.12,1254.15,1.18,3.24,256.6
2015-03-06 17:40:00,5593200.0,1007.4,5.93,278.5,0.13,66.2,9.31,6.17,3.15,3.82,6.12,1254.53,0.83,1.88,250.6
2015-03-06 17:50:00,5593800.0,1007.39,5.91,278.48,0.1,66.14,9.3,6.15,3.15,3.81,6.11,1254.61,1.01,1.8,258.9
2015-03-06 18:00:00,5594400.0,1007.48,5.82,278.39,0.09,66.48,9.24,6.15,3.1,3.8,6.1,1255.12,1.01,1.84,256.9
2015-03-06 18:10:00,5595000.0,1007.56,5.78,278.34,0.07,66.61,9.22,6.14,3.08,3.8,6.09,1255.4,1.33,2.66,260.6
2015-03-06 18:20:00,5595600.0,1007.42,5.7,278.27,0.09,67.07,9.16,6.15,3.02,3.8,6.1,1255.61,0.93,1.32,246.6
2015-03-06 18:30:00,5596200.0,1007.53,5.62,278.18,0.13,67.66,9.11,6.17,2.95,3.82,6.12,1256.09,0.83,1.32,261.8
2015-03-06 18:40:00,5596800.0,1007.64,5.55,278.11,0.15,68.07,9.07,6.17,2.9,3.82,6.13,1256.53,1.01,1.48,247.4
2015-03-06 18:50:00,5597400.0,1007.55,5.45,278.02,0.16,68.58,9.01,6.18,2.83,3.82,6.13,1256.85,1.03,1.56,250.1
2015-03-06 19:00:00,5598000.0,1007.6,5.37,277.93,0.17,69.01,8.96,6.18,2.78,3.83,6.14,1257.28,1.09,1.76,256.7
2015-03-06 19:10:00,5598600.0,1007.64,5.33,277.88,0.17,69.24,8.93,6.18,2.75,3.83,6.14,1257.54,1.42,1.84,250.3
2015-03-06 19:20:00,5599200.0,1007.74,5.32,277.86,0.19,69.39,8.92,6.19,2.73,3.83,6.14,1257.71,1.63,2.72,249.5
2015-03-06 19:30:00,5599800.0,1008.04,5.38,277.9,0.16,68.91,8.96,6.18,2.79,3.82,6.13,1257.8,1.56,2.76,262.3
2015-03-06 19:40:00,5600400.0,1008.24,5.48,277.99,0.14,68.34,9.03,6.17,2.86,3.81,6.12,1257.59,1.71,2.8,267.6
2015-03-06 19:50:00,5601000.0,1008.3,5.48,277.98,0.11,68.19,9.03,6.16,2.87,3.81,6.11,1257.68,1.75,2.8,256.9
2015-03-06 20:00:00,5601600.0,1008.27,5.35,277.85,0.15,69.02,8.94,6.17,2.77,3.82,6.12,1258.24,1.5,1.92,261.3
2015-03-06 20:10:00,5602200.0,1008.4,5.38,277.88,0.12,68.74,8.96,6.16,2.8,3.81,6.11,1258.25,1.47,2.74,263.4
2015-03-06 20:20:00,5602800.0,1008.47,5.38,277.87,0.1,68.64,8.96,6.15,2.81,3.8,6.1,1258.35,1.58,2.18,263.9
2015-03-06 20:30:00,5603400.0,1008.49,5.39,277.88,0.08,68.49,8.97,6.14,2.83,3.8,6.09,1258.34,1.71,2.44,263.9
2015-03-06 20:40:00,5604000.0,1008.54,5.32,277.81,0.07,68.77,8.93,6.14,2.79,3.8,6.09,1258.7,1.9,3.04,254.8
2015-03-06 20:50:00,5604600.0,1008.59,5.3,277.78,0.05,68.79,8.91,6.13,2.78,3.79,6.08,1258.88,2.26,3.04,253.4
2015-03-06 21:00:00,5605200.0,1008.41,5.16,277.65,0.13,69.87,8.82,6.17,2.66,3.81,6.11,1259.28,2.39,3.16,254.2
2015-03-06 21:10:00,5605800.0,1008.45,5.15,277.64,0.05,69.5,8.82,6.13,2.69,3.79,6.08,1259.37,2.27,3.36,255.4
2015-03-06 21:20:00,5606400.0,1008.24,5.07,277.58,0.11,70.2,8.77,6.16,2.61,3.81,6.11,1259.45,2.11,2.92,254.8
2015-03-06 21:30:00,5607000.0,1008.23,5.04,277.55,0.04,70.0,8.75,6.13,2.63,3.79,6.08,1259.61,2.0,2.78,244.1
2015-03-06 21:40:00,5607600.0,1008.25,5.04,277.55,-0.01,69.73,8.76,6.11,2.65,3.78,6.06,1259.62,1.85,2.72,241.1
2015-03-06 21:50:00,5608200.0,1008.19,5.0,277.51,0.0,70.0,8.73,6.11,2.62,3.78,6.06,1259.74,1.87,2.32,235.7
2015-03-06 22:00:00,5608800.0,1008.16,4.99,277.51,-0.06,69.72,8.73,6.08,2.64,3.76,6.03,1259.74,1.71,2.4,243.9
2015-03-06 22:10:00,5609400.0,1008.24,5.0,277.51,-0.13,69.33,8.73,6.05,2.68,3.74,6.0,1259.83,1.73,2.16,243.5
2015-03-06 22:20:00,5610000.0,1008.17,5.01,277.52,-0.2,68.91,8.74,6.02,2.72,3.72,5.97,1259.71,1.87,2.44,245.1
2015-03-06 22:30:00,5610600.0,1008.04,5.0,277.52,-0.18,69.04,8.73,6.03,2.7,3.73,5.98,1259.6,1.47,1.92,242.9
2015-03-06 22:40:00,5611200.0,1007.96,4.94,277.47,-0.17,69.41,8.69,6.03,2.66,3.73,5.99,1259.76,0.62,1.22,191.8
2015-03-06 22:50:00,5611800.0,1007.78,4.89,277.44,0.1,71.0,8.66,6.15,2.51,3.81,6.1,1259.69,1.02,1.84,146.3
2015-03-06 23:00:00,5612400.0,1007.63,4.7,277.25,0.23,72.7,8.54,6.21,2.33,3.84,6.16,1260.37,1.42,2.08,165.4
2015-03-06 23:10:00,5613000.0,1007.57,4.56,277.12,0.27,73.6,8.47,6.23,2.23,3.86,6.18,1260.89,0.89,1.56,207.7
2015-03-06 23:20:00,5613600.0,1007.53,4.38,276.95,0.21,74.2,8.36,6.2,2.16,3.84,6.16,1261.66,1.02,1.48,216.9
2015-03-06 23:30:00,5614200.0,1007.55,4.35,276.91,0.18,74.2,8.34,6.19,2.15,3.83,6.14,1261.87,0.87,1.4,222.4
2015-03-06 23:40:00,5614800.0,1007.59,4.28,276.84,0.05,73.9,8.3,6.13,2.17,3.79,6.09,1262.25,0.95,1.64,205.7
2015-03-06 23:50:00,5615400.0,1007.58,4.23,276.79,0.05,74.1,8.27,6.13,2.14,3.79,6.08,1262.45,1.26,1.76,205.5
2015-03-07 00:00:00,5616000.0,1007.71,4.16,276.71,0.07,74.6,8.23,6.14,2.09,3.8,6.09,1262.92,1.02,1.52,211.4
2015-03-07 00:10:00,5616600.0,1007.72,4.09,276.64,0.05,74.9,8.19,6.13,2.05,3.79,6.08,1263.29,1.08,1.64,215.0
2015-03-07 00:20:00,5617200.0,1007.76,4.07,276.61,0.07,75.1,8.17,6.14,2.04,3.8,6.09,1263.43,0.82,1.64,218.1
2015-03-07 00:30:00,5617800.0,1007.91,4.02,276.55,0.1,75.5,8.15,6.15,2.0,3.8,6.1,1263.83,0.49,0.84,216.2
2015-03-07 00:40:00,5618400.0,1008.09,4.06,276.58,0.17,75.7,8.17,6.18,1.99,3.82,6.13,1263.87,0.5,1.4,166.3
2015-03-07 00:50:00,5619000.0,1008.0,3.96,276.49,0.1,75.8,8.12,6.15,1.96,3.8,6.1,1264.19,0.75,1.48,206.8
2015-03-07 01:00:00,5619600.0,1007.93,3.85,276.38,0.11,76.5,8.05,6.16,1.89,3.81,6.11,1264.62,0.87,1.8,186.5
2015-03-07 01:10:00,5620200.0,1007.96,3.74,276.28,-0.06,76.1,7.99,6.08,1.91,3.76,6.03,1265.18,0.6,1.2,166.5
2015-03-07 01:20:00,5620800.0,1008.09,3.6,276.13,-0.16,76.3,7.91,6.04,1.88,3.73,5.99,1266.0,1.05,1.84,215.8
2015-03-07 01:30:00,5621400.0,1008.16,3.43,275.94,-0.31,76.4,7.81,5.97,1.84,3.69,5.92,1266.94,1.46,1.84,232.5
2015-03-07 01:40:00,5622000.0,1008.08,3.26,275.78,-0.44,76.6,7.72,5.91,1.81,3.66,5.87,1267.65,1.4,1.96,231.6
2015-03-07 01:50:00,5622600.0,1007.93,3.06,275.59,-0.66,76.5,7.61,5.82,1.79,3.6,5.78,1268.42,1.07,1.54,228.1
2015-03-07 02:00:00,5623200.0,1007.84,2.74,275.29,-0.69,78.0,7.44,5.81,1.64,3.59,5.76,1269.75,0.92,1.92,224.2
2015-03-07 02:10:00,5623800.0,1007.91,2.58,275.12,-0.42,80.5,7.36,5.92,1.43,3.66,5.88,1270.52,0.87,1.98,172.5
2015-03-07 02:20:00,5624400.0,1007.82,2.34,274.88,-0.44,81.8,7.23,5.91,1.32,3.66,5.87,1271.54,1.17,2.04,195.8
2015-03-07 02:30:00,5625000.0,1007.77,2.15,274.7,-0.47,82.7,7.14,5.9,1.23,3.65,5.86,1272.33,1.3,1.96,191.5
2015-03-07 02:40:00,5625600.0,1007.76,2.03,274.58,-0.54,83.0,7.07,5.87,1.2,3.63,5.82,1272.92,0.93,1.84,181.6
2015-03-07 02:50:00,5626200.0,1007.71,1.76,274.32,-0.66,83.9,6.94,5.82,1.12,3.6,5.78,1274.12,1.16,2.12,178.3
2015-03-07 03:00:00,5626800.0,1007.68,1.61,274.16,-0.76,84.2,6.86,5.78,1.08,3.57,5.73,1274.82,1.2,2.12,190.8
2015-03-07 03:10:00,5627400.0,1007.59,1.34,273.91,-0.84,85.3,6.73,5.74,0.99,3.55,5.7,1275.95,1.03,1.72,189.8
2015-03-07 03:20:00,5628000.0,1007.42,1.14,273.72,-0.98,85.7,6.63,5.69,0.95,3.52,5.64,1276.7,0.73,1.56,186.1
2015-03-07 03:30:00,5628600.0,1007.27,0.99,273.59,-1.14,85.6,6.56,5.62,0.95,3.48,5.58,1277.22,0.67,1.48,184.2
2015-03-07 03:40:00,5629200.0,1007.2,0.82,273.42,-1.26,85.9,6.48,5.57,0.91,3.45,5.53,1277.96,0.94,1.72,176.7
2015-03-07 03:50:00,5629800.0,1007.21,0.81,273.41,-1.24,86.1,6.48,5.58,0.9,3.45,5.54,1278.03,1.05,2.04,206.0
2015-03-07 04:00:00,5630400.0,1007.22,0.64,273.23,-1.3,86.8,6.4,5.55,0.84,3.44,5.51,1278.85,1.04,1.72,194.7
2015-03-07 04:10:00,5631000.0,1007.31,0.31,272.9,-1.37,88.4,6.25,5.52,0.72,3.42,5.48,1280.49,0.96,2.2,185.3
2015-03-07 04:20:00,5631600.0,1007.31,0.15,272.74,-1.45,88.9,6.17,5.49,0.69,3.4,5.45,1281.27,0.69,1.32,157.9
2015-03-07 04:30:00,5632200.0,1007.29,0.05,272.64,-1.56,88.9,6.13,5.45,0.68,3.37,5.41,1281.75,0.58,1.2,150.9
2015-03-07 04:40:00,5632800.0,1007.2,-0.1,272.5,-1.71,88.8,6.06,5.38,0.68,3.33,5.35,1282.35,0.46,0.96,148.6
2015-03-07 04:50:00,5633400.0,1007.19,-0.38,272.22,-2.04,88.5,5.94,5.26,0.68,3.25,5.22,1283.73,0.88,1.3,160.6
2015-03-07 05:00:00,5634000.0,1007.18,-0.49,272.12,-1.9,90.1,5.9,5.31,0.58,3.29,5.27,1284.18,0.67,1.36,187.5
2015-03-07 05:10:00,5634600.0,1007.17,-0.48,272.12,-1.89,90.1,5.9,5.31,0.58,3.29,5.28,1284.14,0.81,2.0,157.5
2015-03-07 05:20:00,5635200.0,1007.03,-0.58,272.03,-1.91,90.7,5.85,5.31,0.54,3.29,5.27,1284.45,1.04,1.96,152.5
2015-03-07 05:30:00,5635800.0,1006.85,-0.73,271.9,-2.02,90.9,5.79,5.26,0.53,3.26,5.23,1284.93,0.89,1.32,144.1
2015-03-07 05:40:00,5636400.0,1006.8,-0.93,271.7,-2.21,91.0,5.7,5.19,0.51,3.21,5.16,1285.86,1.07,2.04,148.6
2015-03-07 05:50:00,5637000.0,1006.74,-1.1,271.54,-2.27,91.7,5.64,5.17,0.47,3.2,5.13,1286.56,1.57,2.36,149.8
2015-03-07 06:00:00,5637600.0,1006.63,-1.21,271.44,-2.23,92.7,5.59,5.18,0.41,3.21,5.15,1286.94,0.82,1.68,155.1
2015-03-07 06:10:00,5638200.0,1006.54,-1.21,271.45,-2.16,93.2,5.59,5.21,0.38,3.23,5.18,1286.82,0.49,1.32,82.1
2015-03-07 06:20:00,5638800.0,1006.33,-1.33,271.34,-2.28,93.2,5.54,5.16,0.38,3.2,5.13,1287.15,0.92,1.4,135.9
2015-03-07 06:30:00,5639400.0,1006.1,-1.43,271.26,-2.33,93.5,5.5,5.14,0.36,3.19,5.11,1287.32,0.57,1.06,160.0
2015-03-07 06:40:00,5640000.0,1006.08,-1.47,271.22,-2.35,93.7,5.48,5.14,0.35,3.18,5.11,1287.5,1.04,2.22,141.5
2015-03-07 06:50:00,5640600.0,1005.96,-1.6,271.09,-2.48,93.7,5.43,5.09,0.34,3.15,5.06,1288.01,1.51,2.48,137.3
2015-03-07 07:00:00,5641200.0,1005.91,-1.66,271.04,-2.47,94.2,5.41,5.09,0.31,3.16,5.06,1288.21,0.91,1.76,129.1
2015-03-07 07:10:00,5641800.0,1005.98,-1.59,271.1,-2.34,94.6,5.43,5.14,0.29,3.18,5.11,1287.95,0.85,2.24,116.5
2015-03-07 07:20:00,5642400.0,1006.02,-1.36,271.34,-2.16,94.2,5.53,5.21,0.32,3.23,5.18,1286.85,0.9,2.2,132.4
2015-03-07 07:30:00,5643000.0,1006.08,-1.0,271.69,-1.94,93.3,5.68,5.3,0.38,3.28,5.26,1285.2,0.88,1.78,124.5
2015-03-07 07:40:00,5643600.0,1006.14,-0.94,271.74,-1.94,92.9,5.7,5.3,0.4,3.28,5.26,1285.0,0.56,1.56,193.7
2015-03-07 07:50:00,5644200.0,1006.25,-0.27,272.41,-1.56,90.9,5.99,5.45,0.55,3.37,5.41,1281.89,0.35,0.6,135.7
2015-03-07 08:00:00,5644800.0,1006.24,0.02,272.69,-1.78,87.6,6.12,5.36,0.76,3.32,5.33,1280.58,0.8,1.68,154.1
2015-03-07 08:10:00,5645400.0,1006.26,0.18,272.85,-1.75,86.8,6.19,5.37,0.82,3.33,5.34,1279.87,0.76,1.44,139.1
2015-03-07 08:20:00,5646000.0,1006.29,0.64,273.31,-1.6,84.9,6.4,5.43,0.97,3.36,5.4,1277.73,0.71,1.26,154.4
2015-03-07 08:30:00,5646600.0,1006.36,1.0,273.66,-1.47,83.5,6.57,5.48,1.08,3.4,5.45,1276.09,0.76,1.24,133.9
2015-03-07 08:40:00,5647200.0,1006.42,1.56,274.22,-1.26,81.4,6.84,5.57,1.27,3.45,5.53,1273.52,0.79,1.66,124.8
2015-03-07 08:50:00,5647800.0,1006.5,1.92,274.57,-1.1,80.3,7.02,5.63,1.38,3.49,5.6,1271.94,0.78,2.0,128.1
2015-03-07 09:00:00,5648400.0,1006.53,2.4,275.05,-0.88,78.8,7.27,5.73,1.54,3.55,5.69,1269.7,1.07,2.16,163.1
2015-03-07 09:10:00,5649000.0,1006.42,2.33,274.99,-0.92,79.0,7.23,5.71,1.52,3.54,5.67,1269.88,1.57,2.4,177.2
2015-03-07 09:20:00,5649600.0,1006.46,2.42,275.07,-0.7,79.8,7.27,5.8,1.47,3.59,5.77,1269.5,2.07,3.24,155.6
2015-03-07 09:30:00,5650200.0,1006.56,2.77,275.41,-0.53,78.8,7.46,5.87,1.58,3.64,5.84,1267.99,2.23,3.2,162.8
2015-03-07 09:40:00,5650800.0,1006.45,3.22,275.87,-0.29,77.7,7.7,5.98,1.72,3.7,5.94,1265.74,2.12,3.69,167.4
2015-03-07 09:50:00,5651400.0,1006.46,4.02,276.67,0.12,75.6,8.15,6.16,1.99,3.82,6.12,1262.0,1.23,2.48,164.0
2015-03-07 10:00:00,5652000.0,1006.47,4.93,277.58,0.32,72.0,8.69,6.25,2.43,3.87,6.21,1257.83,2.09,4.33,148.3
2015-03-07 10:10:00,5652600.0,1006.48,5.7,278.34,0.29,68.09,9.16,6.24,2.92,3.87,6.2,1254.39,2.88,4.07,166.7
2015-03-07 10:20:00,5653200.0,1006.43,6.59,279.23,-0.52,60.33,9.75,5.88,3.87,3.64,5.84,1250.51,4.7,6.29,189.6
2015-03-07 10:30:00,5653800.0,1006.27,7.09,279.75,-0.68,57.59,10.09,5.81,4.28,3.6,5.77,1248.09,5.29,7.17,206.7
2015-03-07 10:40:00,5654400.0,1006.2,7.29,279.96,-0.83,56.19,10.23,5.75,4.48,3.56,5.71,1247.15,5.63,7.57,204.2
2015-03-07 10:50:00,5655000.0,1006.3,7.36,280.02,-0.77,56.15,10.28,5.77,4.51,3.58,5.74,1246.95,5.58,7.77,211.6
2015-03-07 11:00:00,5655600.0,1006.21,7.44,280.1,-0.71,56.12,10.33,5.8,4.53,3.59,5.76,1246.47,5.18,7.41,201.6
2015-03-07 11:10:00,5656200.0,1006.16,7.59,280.26,-0.71,55.54,10.44,5.8,4.64,3.59,5.76,1245.75,5.08,6.85,207.4
2015-03-07 11:20:00,5656800.0,1006.08,7.89,280.56,-0.6,54.85,10.66,5.85,4.81,3.62,5.81,1244.29,5.08,6.97,213.2
2015-03-07 11:30:00,5657400.0,1005.96,7.99,280.67,-0.66,54.25,10.73,5.82,4.91,3.61,5.79,1243.71,5.11,6.49,211.3
2015-03-07 11:40:00,5658000.0,1005.85,8.31,281.0,-0.61,53.26,10.97,5.84,5.13,3.62,5.81,1242.15,4.21,6.49,206.6
2015-03-07 11:50:00,5658600.0,1005.81,8.55,281.24,-0.52,52.75,11.15,5.88,5.27,3.64,5.85,1241.03,5.15,7.57,198.2
2015-03-07 12:00:00,5659200.0,1005.78,8.81,281.51,-0.44,52.14,11.35,5.92,5.43,3.67,5.88,1239.83,4.36,6.17,196.8
2015-03-07 12:10:00,5659800.0,1005.67,9.3,282.0,-0.3,50.94,11.73,5.97,5.75,3.7,5.94,1237.51,4.11,6.29,211.2
2015-03-07 12:20:00,5660400.0,1005.54,9.32,282.03,-0.3,50.89,11.74,5.98,5.77,3.71,5.94,1237.27,3.44,5.93,198.0
2015-03-07 12:30:00,5661000.0,1005.45,9.68,282.4,-0.17,50.14,12.03,6.03,6.0,3.74,6.0,1235.55,3.41,5.01,185.2
2015-03-07 12:40:00,5661600.0,1005.39,9.91,282.64,-0.23,49.15,12.22,6.01,6.21,3.72,5.97,1234.49,3.93,6.57,194.7
2015-03-07 12:50:00,5662200.0,1005.29,10.04,282.77,-0.35,48.31,12.33,5.96,6.37,3.69,5.92,1233.82,3.92,6.41,203.3
2015-03-07 13:00:00,5662800.0,1005.14,10.3,283.04,-0.23,47.87,12.54,6.0,6.54,3.72,5.97,1232.49,3.9,6.17,226.0
2015-03-07 13:10:00,5663400.0,1004.98,10.32,283.08,-0.34,47.43,12.56,5.96,6.6,3.7,5.93,1232.23,4.22,6.07,212.1
2015-03-07 13:20:00,5664000.0,1004.89,10.29,283.05,-0.25,47.83,12.54,6.0,6.54,3.72,5.97,1232.23,3.78,6.09,213.8
2015-03-07 13:30:00,5664600.0,1004.75,10.43,283.21,-0.54,46.41,12.65,5.87,6.78,3.64,5.84,1231.5,3.56,6.35,220.4
2015-03-07 13:40:00,5665200.0,1004.63,10.78,283.56,-0.49,45.5,12.95,5.89,7.06,3.66,5.87,1229.83,3.72,5.61,213.9
2015-03-07 13:50:00,5665800.0,1004.65,10.89,283.67,-0.49,45.17,13.05,5.89,7.15,3.66,5.87,1229.38,4.11,6.01,204.7
2015-03-07 14:00:00,5666400.0,1004.62,11.01,283.8,-0.36,45.22,13.15,5.95,7.2,3.69,5.92,1228.8,3.52,5.15,199.4
2015-03-07 14:10:00,5667000.0,1004.58,11.2,283.99,-0.39,44.56,13.32,5.94,7.38,3.68,5.91,1227.94,3.76,6.69,208.0
2015-03-07 14:20:00,5667600.0,1004.6,11.29,284.08,-0.37,44.37,13.4,5.95,7.45,3.69,5.92,1227.56,3.83,5.69,230.1
2015-03-07 14:30:00,5668200.0,1004.66,11.17,283.95,-0.65,43.83,13.29,5.83,7.47,3.62,5.8,1228.21,4.48,6.35,222.0
2015-03-07 14:40:00,5668800.0,1004.61,11.12,283.91,-0.62,44.07,13.25,5.84,7.41,3.62,5.81,1228.36,3.91,5.81,231.3
2015-03-07 14:50:00,5669400.0,1004.39,11.17,283.97,-0.63,43.88,13.29,5.83,7.46,3.62,5.81,1227.88,3.86,5.77,218.2
2015-03-07 15:00:00,5670000.0,1004.19,11.18,284.0,-0.57,44.04,13.3,5.86,7.44,3.64,5.83,1227.58,4.57,6.25,217.5
2015-03-07 15:10:00,5670600.0,1004.04,11.04,283.87,-0.39,45.05,13.18,5.94,7.24,3.69,5.91,1227.96,3.65,5.65,211.0
2015-03-07 15:20:00,5671200.0,1003.98,10.95,283.79,-0.07,46.4,13.1,6.08,7.02,3.77,6.05,1228.21,3.31,5.37,206.1
2015-03-07 15:30:00,5671800.0,1003.97,11.18,284.02,0.24,46.74,13.3,6.22,7.08,3.86,6.19,1227.14,3.75,5.57,208.9
2015-03-07 15:40:00,5672400.0,1003.88,11.11,283.96,0.18,46.73,13.24,6.19,7.05,3.84,6.16,1227.34,3.27,4.61,207.8
2015-03-07 15:50:00,5673000.0,1003.85,11.06,283.91,0.27,47.21,13.2,6.23,6.97,3.87,6.21,1227.51,3.24,4.65,204.1
2015-03-07 16:00:00,5673600.0,1003.76,10.87,283.73,0.05,47.03,13.03,6.13,6.9,3.81,6.11,1228.26,4.19,5.37,212.2
2015-03-07 16:10:00,5674200.0,1003.73,10.95,283.81,0.02,46.69,13.1,6.12,6.98,3.8,6.09,1227.88,3.72,5.25,205.0
2015-03-07 16:20:00,5674800.0,1003.64,11.03,283.9,-0.01,46.35,13.17,6.1,7.07,3.79,6.08,1227.43,3.36,4.57,201.3
2015-03-07 16:30:00,5675400.0,1003.49,10.99,283.87,-0.04,46.38,13.13,6.09,7.04,3.78,6.07,1227.43,4.58,6.01,218.9
2015-03-07 16:40:00,5676000.0,1003.49,10.74,283.62,-0.04,47.14,12.92,6.09,6.83,3.78,6.07,1228.52,3.65,5.93,216.2
2015-03-07 16:50:00,5676600.0,1003.59,10.58,283.45,0.03,47.89,12.78,6.12,6.66,3.8,6.1,1229.31,3.34,4.4,223.7
2015-03-07 17:00:00,5677200.0,1003.64,10.46,283.33,0.09,48.49,12.68,6.15,6.53,3.82,6.13,1229.88,3.01,4.06,231.2
2015-03-07 17:10:00,5677800.0,1003.64,10.41,283.28,0.14,48.82,12.64,6.17,6.47,3.83,6.15,1230.09,2.36,3.68,225.9
2015-03-07 17:20:00,5678400.0,1003.6,10.29,283.16,0.24,49.6,12.54,6.22,6.32,3.86,6.2,1230.54,2.04,2.74,215.8
2015-03-07 17:30:00,5679000.0,1003.51,10.06,282.94,0.31,50.61,12.34,6.25,6.1,3.88,6.23,1231.41,2.53,3.56,213.5
2015-03-07 17:40:00,5679600.0,1003.38,9.86,282.75,0.21,50.93,12.18,6.2,5.98,3.85,6.18,1232.14,2.86,4.08,200.8
2015-03-07 17:50:00,5680200.0,1003.32,9.76,282.65,0.08,50.8,12.1,6.15,5.95,3.82,6.13,1232.54,2.38,3.2,218.5
2015-03-07 18:00:00,5680800.0,1003.23,9.65,282.55,0.08,51.15,12.01,6.14,5.87,3.82,6.12,1232.9,2.16,2.84,222.9
2015-03-07 18:10:00,5681400.0,1003.12,9.45,282.36,0.1,51.94,11.85,6.15,5.69,3.82,6.13,1233.63,2.34,2.64,220.7
2015-03-07 18:20:00,5682000.0,1003.12,9.21,282.12,0.07,52.68,11.66,6.14,5.52,3.82,6.12,1234.69,2.15,2.48,224.9
2015-03-07 18:30:00,5682600.0,1003.17,9.12,282.02,0.1,53.1,11.59,6.15,5.43,3.82,6.13,1235.14,1.96,2.4,227.1
2015-03-07 18:40:00,5683200.0,1003.15,8.94,281.85,0.09,53.73,11.45,6.15,5.3,3.82,6.13,1235.9,1.85,2.32,222.9
2015-03-07 18:50:00,5683800.0,1003.17,8.69,281.6,0.07,54.56,11.25,6.14,5.11,3.82,6.12,1237.03,1.9,2.52,223.0
2015-03-07 19:00:00,5684400.0,1003.24,8.36,281.26,0.07,55.79,11.0,6.14,4.87,3.82,6.12,1238.56,2.1,2.72,222.9
2015-03-07 19:10:00,5685000.0,1003.22,8.23,281.13,0.03,56.13,10.91,6.12,4.79,3.8,6.1,1239.12,2.14,2.8,214.4
2015-03-07 19:20:00,5685600.0,1003.3,8.06,280.95,0.0,56.66,10.78,6.11,4.67,3.8,6.09,1239.98,2.07,2.76,213.8
2015-03-07 19:30:00,5686200.0,1003.34,7.72,280.61,-0.01,57.93,10.53,6.1,4.43,3.79,6.08,1241.53,2.06,3.04,217.1
2015-03-07 19:40:00,5686800.0,1003.37,7.37,280.26,-0.05,59.18,10.29,6.09,4.2,3.78,6.07,1243.12,1.67,2.68,207.0
2015-03-07 19:50:00,5687400.0,1003.3,7.08,279.98,-0.1,60.14,10.08,6.06,4.02,3.77,6.04,1244.33,2.28,3.2,208.6
2015-03-07 20:00:00,5688000.0,1003.24,6.94,279.84,-0.15,60.51,9.99,6.04,3.94,3.75,6.02,1244.89,1.17,2.08,229.1
2015-03-07 20:10:00,5688600.0,1003.25,6.9,279.8,-0.11,60.83,9.96,6.06,3.9,3.77,6.04,1245.06,1.15,1.96,187.9
2015-03-07 20:20:00,5689200.0,1003.17,6.66,279.57,-0.17,61.55,9.8,6.03,3.77,3.75,6.01,1246.04,1.69,2.52,203.6
2015-03-07 20:30:00,5689800.0,1003.06,6.52,279.44,-0.23,61.92,9.7,6.01,3.7,3.73,5.99,1246.53,1.72,2.36,205.6
2015-03-07 20:40:00,5690400.0,1002.85,6.23,279.16,-0.27,62.95,9.51,5.99,3.52,3.72,5.97,1247.59,2.16,2.68,207.6
2015-03-07 20:50:00,5691000.0,1002.77,5.92,278.86,-0.31,64.13,9.31,5.97,3.34,3.71,5.95,1248.88,1.74,2.8,202.2
2015-03-07 21:00:00,5691600.0,1002.76,5.84,278.78,-0.32,64.47,9.25,5.96,3.29,3.71,5.95,1249.25,1.19,2.12,201.3
2015-03-07 21:10:00,5692200.0,1002.75,5.83,278.77,-0.32,64.53,9.25,5.97,3.28,3.71,5.95,1249.29,1.19,2.04,203.0
2015-03-07 21:20:00,5692800.0,1002.8,5.59,278.53,-0.38,65.29,9.1,5.94,3.16,3.69,5.92,1250.4,1.19,1.8,209.3
2015-03-07 21:30:00,5693400.0,1002.9,5.49,278.42,-0.4,65.71,9.03,5.93,3.1,3.69,5.92,1251.01,1.36,2.04,199.1
2015-03-07 21:40:00,5694000.0,1002.89,5.43,278.36,-0.43,65.81,8.99,5.92,3.07,3.68,5.9,1251.26,1.37,2.2,197.2
2015-03-07 21:50:00,5694600.0,1002.85,5.39,278.32,-0.46,65.83,8.97,5.91,3.07,3.67,5.89,1251.39,1.28,2.24,196.5
2015-03-07 22:00:00,5695200.0,1002.81,5.35,278.29,-0.46,66.02,8.94,5.91,3.04,3.67,5.89,1251.53,1.09,2.04,200.2
2015-03-07 22:10:00,5695800.0,1002.74,5.43,278.37,-0.49,65.55,8.99,5.89,3.1,3.66,5.88,1251.1,1.03,1.76,197.0
2015-03-07 22:20:00,5696400.0,1002.72,5.33,278.27,-0.6,65.42,8.93,5.84,3.09,3.63,5.83,1251.53,0.87,1.72,177.1
2015-03-07 22:30:00,5697000.0,1002.81,5.15,278.09,-0.62,66.17,8.82,5.84,2.98,3.63,5.82,1252.44,0.69,2.12,192.3
2015-03-07 22:40:00,5697600.0,1002.86,5.04,277.97,-0.46,67.49,8.75,5.91,2.85,3.67,5.89,1252.99,0.24,0.56,60.69
2015-03-07 22:50:00,5698200.0,1002.79,4.79,277.73,-0.53,68.32,8.6,5.88,2.72,3.65,5.86,1254.04,0.68,1.08,53.33
2015-03-07 23:00:00,5698800.0,1002.6,4.44,277.39,-0.51,70.1,8.39,5.88,2.51,3.66,5.87,1255.38,0.43,0.68,103.9
2015-03-07 23:10:00,5699400.0,1002.43,4.48,277.44,-0.46,70.2,8.41,5.91,2.51,3.67,5.89,1254.99,0.76,1.36,237.6
2015-03-07 23:20:00,5700000.0,1002.41,4.67,277.64,-0.56,68.74,8.53,5.86,2.67,3.65,5.85,1254.1,0.45,1.18,143.3
2015-03-07 23:30:00,5700600.0,1002.42,4.99,277.96,-0.49,67.54,8.72,5.89,2.83,3.66,5.88,1252.66,0.29,0.6,108.3
2015-03-07 23:40:00,5701200.0,1002.32,4.72,277.69,-0.3,69.82,8.56,5.98,2.58,3.72,5.96,1253.72,0.16,0.32,25.63
2015-03-07 23:50:00,5701800.0,1002.28,4.82,277.8,-0.47,68.49,8.62,5.9,2.72,3.67,5.89,1253.25,0.46,1.06,77.6
2015-03-08 00:00:00,5702400.0,1002.43,4.5,277.47,-0.4,70.4,8.43,5.93,2.49,3.69,5.92,1254.86,0.55,1.16,141.9
2015-03-08 00:10:00,5703000.0,1002.36,3.89,276.86,-0.51,72.9,8.07,5.88,2.19,3.66,5.87,1257.59,0.83,1.08,226.0
2015-03-08 00:20:00,5703600.0,1002.24,3.69,276.68,-0.49,74.0,7.96,5.89,2.07,3.66,5.88,1258.31,0.52,0.8,173.7
2015-03-08 00:30:00,5704200.0,1002.15,3.77,276.76,-0.71,72.4,8.01,5.8,2.21,3.61,5.79,1257.87,0.62,1.04,236.3
2015-03-08 00:40:00,5704800.0,1002.07,3.71,276.7,-0.85,72.0,7.97,5.74,2.23,3.57,5.73,1258.11,1.23,1.96,224.8
2015-03-08 00:50:00,5705400.0,1002.03,3.56,276.55,-0.85,72.8,7.89,5.74,2.14,3.57,5.73,1258.74,0.61,1.02,203.3
2015-03-08 01:00:00,5706000.0,1002.06,3.3,276.3,-0.87,74.0,7.74,5.73,2.01,3.56,5.72,1259.95,1.23,1.78,193.6
2015-03-08 01:10:00,5706600.0,1001.98,3.59,276.6,-0.92,72.2,7.91,5.71,2.2,3.55,5.7,1258.53,1.42,2.6,206.0
2015-03-08 01:20:00,5707200.0,1002.02,3.5,276.5,-0.94,72.6,7.85,5.7,2.15,3.55,5.69,1259.0,1.32,1.96,198.4
2015-03-08 01:30:00,5707800.0,1002.01,3.5,276.5,-0.92,72.7,7.85,5.71,2.14,3.55,5.7,1258.98,1.28,2.64,205.3
2015-03-08 01:40:00,5708400.0,1002.02,3.7,276.7,-0.93,71.6,7.97,5.7,2.26,3.55,5.69,1258.08,1.15,2.16,193.5
2015-03-08 01:50:00,5709000.0,1002.02,3.91,276.91,-1.0,70.2,8.09,5.68,2.41,3.53,5.67,1257.13,1.02,1.8,200.2
2015-03-08 02:00:00,5709600.0,1001.93,3.95,276.95,-1.06,69.71,8.11,5.65,2.46,3.52,5.64,1256.88,1.68,2.44,211.8
2015-03-08 02:10:00,5710200.0,1001.81,4.14,277.15,-1.12,68.51,8.21,5.63,2.59,3.5,5.62,1255.89,1.55,2.2,207.6
2015-03-08 02:20:00,5710800.0,1001.76,4.2,277.22,-1.15,68.05,8.25,5.61,2.64,3.49,5.6,1255.55,1.25,2.04,225.1
2015-03-08 02:30:00,5711400.0,1001.67,4.29,277.31,-1.15,67.59,8.3,5.61,2.69,3.49,5.6,1255.03,1.48,2.08,216.5
2015-03-08 02:40:00,5712000.0,1001.64,4.31,277.34,-1.13,67.58,8.32,5.62,2.7,3.5,5.61,1254.87,1.56,2.24,206.9
2015-03-08 02:50:00,5712600.0,1001.61,4.15,277.18,-1.15,68.26,8.22,5.61,2.61,3.49,5.6,1255.58,1.53,2.48,207.2
2015-03-08 03:00:00,5713200.0,1001.6,4.07,277.1,-1.14,68.71,8.18,5.62,2.56,3.5,5.61,1255.93,1.32,2.18,213.7
2015-03-08 03:10:00,5713800.0,1001.55,3.78,276.82,-1.13,70.2,8.01,5.62,2.39,3.5,5.62,1257.17,1.38,2.52,212.5
2015-03-08 03:20:00,5714400.0,1001.45,3.91,276.96,-1.12,69.57,8.09,5.63,2.46,3.5,5.62,1256.44,1.01,1.96,222.9
2015-03-08 03:30:00,5715000.0,1001.33,4.25,277.3,-1.13,67.89,8.28,5.62,2.66,3.5,5.61,1254.77,1.21,2.16,219.5
2015-03-08 03:40:00,5715600.0,1001.3,4.39,277.45,-1.1,67.37,8.37,5.64,2.73,3.51,5.63,1254.07,1.28,2.24,200.5
2015-03-08 03:50:00,5716200.0,1001.37,4.14,277.19,-0.99,69.11,8.22,5.68,2.54,3.54,5.67,1255.27,1.27,1.92,199.2
2015-03-08 04:00:00,5716800.0,1001.38,3.82,276.87,-1.01,70.6,8.03,5.67,2.36,3.53,5.66,1256.76,1.31,2.2,206.7
2015-03-08 04:10:00,5717400.0,1001.3,3.86,276.92,-1.03,70.3,8.06,5.66,2.39,3.53,5.66,1256.46,1.79,2.4,198.4
2015-03-08 04:20:00,5718000.0,1001.28,3.86,276.92,-1.01,70.4,8.06,5.67,2.38,3.53,5.66,1256.45,1.56,2.44,196.7
2015-03-08 04:30:00,5718600.0,1001.16,3.69,276.76,-1.06,71.0,7.96,5.65,2.31,3.52,5.65,1257.06,2.18,3.49,192.1
2015-03-08 04:40:00,5719200.0,1001.05,3.62,276.7,-1.03,71.5,7.92,5.66,2.26,3.53,5.66,1257.25,2.3,3.45,185.4
2015-03-08 04:50:00,5719800.0,1001.01,3.91,276.99,-1.04,70.0,8.09,5.66,2.43,3.52,5.65,1255.88,2.1,3.16,199.0
2015-03-08 05:00:00,5720400.0,1000.94,3.84,276.93,-1.01,70.5,8.05,5.67,2.37,3.53,5.67,1256.1,1.72,2.3,206.1
2015-03-08 05:10:00,5721000.0,1000.85,3.75,276.85,-1.05,70.7,8.0,5.65,2.34,3.52,5.65,1256.4,1.88,2.36,209.4
2015-03-08 05:20:00,5721600.0,1000.72,3.78,276.88,-0.99,70.9,8.01,5.68,2.33,3.54,5.68,1256.1,1.68,3.04,201.5
2015-03-08 05:30:00,5722200.0,1000.61,3.96,277.07,-0.98,70.1,8.11,5.69,2.43,3.54,5.68,1255.16,2.19,3.36,187.7
2015-03-08 05:40:00,5722800.0,1000.56,3.93,277.04,-1.0,70.1,8.1,5.68,2.42,3.54,5.67,1255.23,2.62,3.69,206.4
2015-03-08 05:50:00,5723400.0,1000.47,3.76,276.88,-0.95,71.2,8.0,5.7,2.3,3.55,5.69,1255.87,2.74,3.81,200.4
2015-03-08 06:00:00,5724000.0,1000.43,3.68,276.8,-0.96,71.6,7.95,5.69,2.26,3.55,5.69,1256.19,2.43,3.57,200.9
2015-03-08 06:10:00,5724600.0,1000.43,3.55,276.67,-0.99,72.1,7.88,5.68,2.2,3.54,5.68,1256.79,2.88,3.81,195.3
2015-03-08 06:20:00,5725200.0,1000.42,3.49,276.61,-0.97,72.5,7.85,5.69,2.16,3.54,5.69,1257.05,2.57,3.61,197.9
2015-03-08 06:30:00,5725800.0,1000.3,3.36,276.5,-0.94,73.3,7.78,5.7,2.08,3.55,5.7,1257.47,2.36,3.28,194.2
2015-03-08 06:40:00,5726400.0,1000.17,3.55,276.7,-0.87,72.7,7.88,5.73,2.15,3.57,5.73,1256.43,2.34,3.77,187.4
2015-03-08 06:50:00,5727000.0,1000.07,3.67,276.82,-0.85,72.2,7.95,5.74,2.21,3.58,5.74,1255.77,2.34,3.41,192.0
2015-03-08 07:00:00,5727600.0,1000.04,3.55,276.71,-0.85,72.8,7.88,5.74,2.14,3.58,5.74,1256.26,2.13,3.02,193.7
2015-03-08 07:10:00,5728200.0,1000.01,3.73,276.89,-0.77,72.3,7.99,5.77,2.21,3.6,5.77,1255.37,2.18,3.55,189.8
2015-03-08 07:20:00,5728800.0,1000.07,3.86,277.01,-0.76,71.7,8.05,5.78,2.28,3.6,5.77,1254.89,2.2,3.28,199.7
2015-03-08 07:30:00,5729400.0,1000.2,3.87,277.02,-0.67,72.1,8.06,5.81,2.25,3.62,5.81,1254.96,1.9,2.68,200.7
2015-03-08 07:40:00,5730000.0,1000.3,3.95,277.08,-0.64,71.9,8.11,5.83,2.28,3.63,5.83,1254.75,1.46,2.6,222.3
2015-03-08 07:50:00,5730600.0,1000.34,4.2,277.33,-0.55,71.1,8.25,5.87,2.38,3.66,5.86,1253.65,1.38,2.72,201.5
2015-03-08 08:00:00,5731200.0,1000.4,4.51,277.64,-0.48,69.91,8.44,5.9,2.54,3.68,5.9,1252.28,1.52,2.44,202.0
2015-03-08 08:10:00,5731800.0,1000.43,4.96,278.08,-0.32,68.57,8.7,5.97,2.74,3.72,5.96,1250.28,1.47,2.52,197.1
2015-03-08 08:20:00,5732400.0,1000.41,5.34,278.47,-0.21,67.25,8.94,6.01,2.93,3.75,6.01,1248.5,1.65,2.52,202.0
2015-03-08 08:30:00,5733000.0,1000.47,5.91,279.03,0.02,65.75,9.3,6.12,3.19,3.81,6.11,1245.99,1.37,2.2,201.7
2015-03-08 08:40:00,5733600.0,1000.53,6.58,279.69,0.24,63.83,9.74,6.22,3.52,3.87,6.21,1243.05,1.67,2.56,199.7
2015-03-08 08:50:00,5734200.0,1000.45,7.1,280.22,0.33,61.95,10.1,6.25,3.84,3.9,6.25,1240.61,2.05,3.77,183.3
2015-03-08 09:00:00,5734800.0,1000.42,7.64,280.77,0.31,59.63,10.48,6.25,4.23,3.89,6.25,1238.19,2.31,3.97,171.9
2015-03-08 09:10:00,5735400.0,1000.35,7.9,281.03,0.37,58.85,10.67,6.28,4.39,3.91,6.27,1236.95,2.88,4.21,162.4
2015-03-08 09:20:00,5736000.0,1000.31,8.02,281.16,0.6,59.35,10.75,6.38,4.37,3.98,6.38,1236.32,2.1,3.88,172.2
2015-03-08 09:30:00,5736600.0,1000.25,8.43,281.57,0.9,58.97,11.06,6.52,4.54,4.06,6.52,1234.38,2.12,3.84,167.2
2015-03-08 09:40:00,5737200.0,1000.14,8.85,282.0,0.98,57.65,11.38,6.56,4.82,4.09,6.56,1232.39,3.01,4.53,161.0
2015-03-08 09:50:00,5737800.0,1000.12,9.16,282.31,1.03,56.66,11.62,6.58,5.04,4.1,6.58,1230.99,3.21,4.65,158.4
2015-03-08 10:00:00,5738400.0,1000.12,9.61,282.76,1.15,55.44,11.98,6.64,5.34,4.14,6.64,1229.01,3.34,4.93,154.9
2015-03-08 10:10:00,5739000.0,1000.17,10.0,283.15,1.14,53.96,12.29,6.63,5.66,4.14,6.63,1227.39,4.21,5.85,156.1
2015-03-08 10:20:00,5739600.0,1000.17,10.4,283.55,1.22,52.86,12.63,6.67,5.95,4.16,6.67,1225.64,3.48,5.45,156.4
2015-03-08 10:30:00,5740200.0,1000.17,10.87,284.02,1.1,50.78,13.03,6.62,6.41,4.13,6.62,1223.63,4.22,6.09,152.3
2015-03-08 10:40:00,5740800.0,1000.16,10.9,284.05,1.06,50.53,13.06,6.6,6.46,4.11,6.6,1223.5,4.53,6.77,153.3
2015-03-08 10:50:00,5741400.0,1000.17,10.7,283.85,0.81,50.27,12.88,6.48,6.41,4.04,6.48,1224.43,5.46,7.09,152.9
2015-03-08 11:00:00,5742000.0,1000.08,10.94,284.09,0.95,49.98,13.09,6.54,6.55,4.08,6.54,1223.26,4.41,7.05,154.5
2015-03-08 11:10:00,5742600.0,1000.01,11.21,284.37,0.93,49.02,13.33,6.53,6.79,4.07,6.53,1222.01,4.46,6.45,154.2
2015-03-08 11:20:00,5743200.0,1000.0,11.19,284.35,0.88,48.92,13.31,6.51,6.8,4.06,6.51,1222.09,3.8,6.29,153.9
2015-03-08 11:30:00,5743800.0,999.97,11.14,284.3,0.85,48.98,13.27,6.5,6.77,4.05,6.5,1222.28,3.63,5.09,162.8
2015-03-08 11:40:00,5744400.0,999.98,11.18,284.34,0.87,48.93,13.3,6.51,6.79,4.06,6.51,1222.12,3.4,5.33,162.5
2015-03-08 11:50:00,5745000.0,1000.0,11.37,284.53,0.89,48.37,13.47,6.52,6.95,4.06,6.52,1221.32,3.65,5.37,157.7
2015-03-08 12:00:00,5745600.0,999.98,11.76,284.92,1.09,47.81,13.82,6.61,7.21,4.12,6.61,1219.58,3.01,4.16,167.1
2015-03-08 12:10:00,5746200.0,999.83,12.25,285.42,1.18,46.59,14.28,6.65,7.63,4.15,6.65,1217.29,2.56,4.16,183.4
2015-03-08 12:20:00,5746800.0,999.73,12.67,285.85,1.14,45.22,14.68,6.64,8.04,4.14,6.64,1215.39,2.6,3.76,171.5
2015-03-08 12:30:00,5747400.0,999.65,12.78,285.97,1.1,44.76,14.78,6.62,8.17,4.13,6.62,1214.83,2.4,3.36,166.7
2015-03-08 12:40:00,5748000.0,999.49,13.34,286.54,1.28,43.7,15.34,6.7,8.63,4.18,6.7,1212.22,1.94,3.16,160.4
2015-03-08 12:50:00,5748600.0,999.39,13.65,286.86,1.26,42.78,15.65,6.69,8.95,4.18,6.7,1210.79,2.08,3.28,148.1
2015-03-08 13:00:00,5749200.0,999.27,14.0,287.22,1.5,42.55,16.01,6.81,9.2,4.25,6.82,1209.12,1.7,3.32,129.1
2015-03-08 13:10:00,5749800.0,999.15,14.22,287.45,1.5,41.92,16.24,6.81,9.43,4.25,6.81,1208.04,2.57,3.76,136.7
2015-03-08 13:20:00,5750400.0,999.06,14.9,288.14,1.7,40.72,16.97,6.91,10.06,4.31,6.92,1205.04,1.86,3.36,145.6
2015-03-08 13:30:00,5751000.0,998.96,15.17,288.42,1.53,39.52,17.27,6.82,10.44,4.26,6.83,1203.82,2.79,4.32,145.8
2015-03-08 13:40:00,5751600.0,998.83,15.34,288.6,1.67,39.49,17.46,6.89,10.56,4.3,6.9,1202.93,2.5,4.71,158.5
2015-03-08 13:50:00,5752200.0,998.73,15.53,288.79,1.52,38.6,17.67,6.82,10.85,4.26,6.83,1202.05,3.42,4.81,156.3
2015-03-08 14:00:00,5752800.0,998.58,15.51,288.79,1.49,38.55,17.65,6.8,10.84,4.25,6.81,1201.96,3.41,5.17,145.1
2015-03-08 14:10:00,5753400.0,998.41,15.91,289.2,1.53,37.69,18.11,6.82,11.28,4.26,6.83,1200.08,3.37,4.96,159.7
2015-03-08 14:20:00,5754000.0,998.24,16.18,289.49,1.46,36.86,18.42,6.79,11.63,4.24,6.8,1198.77,3.1,4.8,167.8
2015-03-08 14:30:00,5754600.0,998.09,16.32,289.64,1.3,36.1,18.59,6.71,11.88,4.19,6.72,1198.05,2.92,4.78,162.1
2015-03-08 14:40:00,5755200.0,997.95,16.54,289.87,1.32,35.66,18.85,6.72,12.13,4.2,6.74,1196.97,2.55,4.24,167.9
2015-03-08 14:50:00,5755800.0,997.82,16.53,289.87,1.37,35.82,18.84,6.75,12.09,4.22,6.76,1196.85,2.68,4.28,157.2
2015-03-08 15:00:00,5756400.0,997.67,16.39,289.74,1.34,36.05,18.67,6.73,11.94,4.21,6.75,1197.25,2.83,4.36,172.5
2015-03-08 15:10:00,5757000.0,997.51,16.36,289.73,1.57,36.72,18.63,6.84,11.79,4.28,6.86,1197.13,3.43,5.2,162.5
2015-03-08 15:20:00,5757600.0,997.45,16.13,289.5,1.48,37.03,18.36,6.8,11.56,4.25,6.82,1198.02,3.75,4.96,179.9
2015-03-08 15:30:00,5758200.0,997.35,15.98,289.36,1.4,37.16,18.19,6.76,11.43,4.23,6.78,1198.54,3.58,5.44,173.2
2015-03-08 15:40:00,5758800.0,997.31,16.08,289.46,1.46,37.1,18.3,6.79,11.51,4.25,6.81,1198.06,3.2,4.88,176.5
2015-03-08 15:50:00,5759400.0,997.25,15.93,289.32,1.35,37.15,18.13,6.73,11.39,4.21,6.75,1198.64,3.46,4.76,177.8
2015-03-08 16:00:00,5760000.0,997.24,15.64,289.03,1.28,37.65,17.8,6.7,11.1,4.19,6.72,1199.85,3.9,5.4,174.5
2015-03-08 16:10:00,5760600.0,997.13,15.52,288.92,1.34,38.13,17.66,6.73,10.93,4.21,6.75,1200.2,3.47,5.08,180.7
2015-03-08 16:20:00,5761200.0,997.05,15.44,288.84,1.36,38.36,17.57,6.74,10.83,4.22,6.76,1200.43,3.25,4.32,179.1
2015-03-08 16:30:00,5761800.0,996.95,15.35,288.76,1.27,38.34,17.47,6.7,10.77,4.19,6.72,1200.71,3.42,4.96,170.6
2015-03-08 16:40:00,5762400.0,996.89,15.22,288.64,1.28,38.69,17.32,6.7,10.62,4.19,6.72,1201.18,3.0,4.52,178.6
2015-03-08 16:50:00,5763000.0,996.98,14.88,288.29,1.09,39.0,16.95,6.61,10.34,4.13,6.63,1202.74,3.01,4.88,177.6
2015-03-08 17:00:00,5763600.0,996.98,14.53,287.94,0.95,39.49,16.57,6.54,10.03,4.09,6.56,1204.24,2.48,4.26,177.3
2015-03-08 17:10:00,5764200.0,996.88,14.33,287.75,0.94,39.99,16.35,6.54,9.81,4.09,6.56,1204.95,1.95,2.9,196.8
2015-03-08 17:20:00,5764800.0,996.79,14.09,287.51,0.88,40.43,16.1,6.51,9.59,4.07,6.53,1205.87,1.74,3.12,215.2
2015-03-08 17:30:00,5765400.0,996.74,13.92,287.35,0.76,40.54,15.93,6.46,9.47,4.04,6.48,1206.54,2.41,3.4,220.4
2015-03-08 17:40:00,5766000.0,996.69,13.74,287.17,0.8,41.14,15.74,6.48,9.26,4.05,6.5,1207.23,2.59,3.64,210.8
2015-03-08 17:50:00,5766600.0,996.75,13.46,286.89,0.76,41.77,15.46,6.46,9.0,4.04,6.48,1208.49,3.42,5.09,202.4
2015-03-08 18:00:00,5767200.0,996.81,13.48,286.9,0.45,40.77,15.48,6.31,9.17,3.95,6.33,1208.55,3.64,5.41,196.1
2015-03-08 18:10:00,5767800.0,996.81,13.3,286.72,0.15,40.37,15.3,6.17,9.12,3.86,6.19,1209.36,3.43,4.89,196.9
2015-03-08 18:20:00,5768400.0,996.82,13.05,286.47,-0.17,40.09,15.05,6.03,9.01,3.77,6.05,1210.5,3.06,4.32,197.0
2015-03-08 18:30:00,5769000.0,996.8,12.98,286.4,-0.46,39.42,14.98,5.9,9.07,3.69,5.92,1210.83,2.92,4.44,196.5
2015-03-08 18:40:00,5769600.0,996.74,13.01,286.44,-0.6,38.94,15.01,5.84,9.16,3.66,5.86,1210.66,3.01,4.16,199.4
2015-03-08 18:50:00,5770200.0,996.69,12.96,286.39,-0.68,38.84,14.96,5.81,9.15,3.63,5.83,1210.83,2.98,3.84,201.2
2015-03-08 19:00:00,5770800.0,996.69,12.66,286.09,-0.6,39.84,14.67,5.84,8.82,3.65,5.86,1212.09,1.89,2.64,206.5
2015-03-08 19:10:00,5771400.0,996.82,12.43,285.85,-0.38,41.11,14.45,5.94,8.51,3.71,5.96,1213.17,0.85,1.8,195.6
2015-03-08 19:20:00,5772000.0,996.78,12.12,285.54,-0.48,41.65,14.16,5.9,8.26,3.69,5.91,1214.47,0.79,1.28,198.2
2015-03-08 19:30:00,5772600.0,996.74,11.84,285.27,-0.34,42.87,13.9,5.96,7.94,3.73,5.98,1215.57,0.45,1.12,231.4
2015-03-08 19:40:00,5773200.0,996.75,11.59,285.02,-0.24,43.9,13.67,6.0,7.67,3.75,6.02,1216.63,0.65,1.28,186.0
2015-03-08 19:50:00,5773800.0,996.77,11.69,285.11,-0.28,43.48,13.76,5.98,7.78,3.74,6.0,1216.24,1.19,1.8,196.8
2015-03-08 20:00:00,5774400.0,996.83,11.52,284.94,-0.08,44.62,13.61,6.07,7.53,3.8,6.09,1217.0,1.61,2.04,203.1
2015-03-08 20:10:00,5775000.0,996.85,11.16,284.58,0.18,46.57,13.28,6.19,7.1,3.87,6.21,1218.51,1.53,2.2,205.4
2015-03-08 20:20:00,5775600.0,996.87,10.78,284.19,0.41,48.57,12.95,6.29,6.66,3.93,6.31,1220.12,1.21,1.84,215.0
2015-03-08 20:30:00,5776200.0,996.97,10.59,284.0,0.49,49.5,12.79,6.33,6.46,3.96,6.35,1221.05,0.76,1.26,175.2
2015-03-08 20:40:00,5776800.0,997.01,10.41,283.81,0.56,50.34,12.64,6.36,6.28,3.98,6.38,1221.86,0.68,1.28,140.7
2015-03-08 20:50:00,5777400.0,997.02,10.22,283.62,0.61,51.19,12.48,6.39,6.09,3.99,6.41,1222.67,0.53,1.22,151.6
2015-03-08 21:00:00,5778000.0,997.0,10.19,283.59,0.55,51.07,12.45,6.36,6.09,3.98,6.38,1222.79,0.61,0.88,150.1
2015-03-08 21:10:00,5778600.0,996.87,10.01,283.42,0.63,51.97,12.3,6.39,5.91,4.0,6.41,1223.39,0.55,1.04,168.5
2015-03-08 21:20:00,5779200.0,996.83,9.45,282.87,0.4,53.07,11.85,6.29,5.56,3.93,6.31,1225.82,0.98,1.56,192.6
2015-03-08 21:30:00,5779800.0,996.82,9.24,282.66,0.19,53.03,11.68,6.19,5.49,3.87,6.21,1226.76,1.4,2.04,214.9
2015-03-08 21:40:00,5780400.0,996.73,9.19,282.61,0.13,52.95,11.64,6.16,5.48,3.86,6.18,1226.88,2.09,3.2,221.5
2015-03-08 21:50:00,5781000.0,996.73,8.68,282.1,0.19,55.05,11.25,6.19,5.06,3.87,6.21,1229.08,1.82,2.22,217.8
2015-03-08 22:00:00,5781600.0,996.7,8.21,281.64,0.24,57.06,10.89,6.22,4.68,3.89,6.24,1231.09,1.32,2.3,212.7
2015-03-08 22:10:00,5782200.0,996.61,8.04,281.47,0.01,56.77,10.77,6.11,4.65,3.82,6.13,1231.77,0.79,1.36,206.8
2015-03-08 22:20:00,5782800.0,996.58,7.79,281.23,0.12,58.2,10.59,6.16,4.42,3.85,6.18,1232.81,0.86,1.6,181.9
2015-03-08 22:30:00,5783400.0,996.51,7.15,280.59,0.57,62.82,10.13,6.36,3.77,3.98,6.39,1235.44,1.75,2.96,190.4
2015-03-08 22:40:00,5784000.0,996.49,7.16,280.6,0.49,62.41,10.14,6.33,3.81,3.96,6.35,1235.39,1.24,2.32,194.1
2015-03-08 22:50:00,5784600.0,996.53,7.66,281.1,0.07,58.53,10.49,6.14,4.35,3.84,6.16,1233.33,1.04,1.72,215.8
2015-03-08 23:00:00,5785200.0,996.49,8.18,281.62,-0.01,56.14,10.87,6.1,4.77,3.82,6.12,1231.02,0.74,1.64,176.9
2015-03-08 23:10:00,5785800.0,996.58,8.01,281.45,-0.13,56.31,10.75,6.05,4.69,3.79,6.07,1231.89,0.93,2.0,213.2
2015-03-08 23:20:00,5786400.0,996.69,7.87,281.3,-0.16,56.71,10.64,6.04,4.61,3.78,6.06,1232.65,1.1,1.96,222.9
2015-03-08 23:30:00,5787000.0,996.75,7.75,281.17,0.03,57.99,10.56,6.12,4.43,3.83,6.14,1233.22,0.91,2.36,204.7
2015-03-08 23:40:00,5787600.0,996.79,7.56,280.98,0.01,58.64,10.42,6.11,4.31,3.82,6.13,1234.1,1.17,2.14,218.1
2015-03-08 23:50:00,5788200.0,996.79,7.45,280.87,-0.13,58.48,10.34,6.05,4.29,3.78,6.07,1234.62,0.37,1.12,211.0
2015-03-09 00:00:00,5788800.0,996.76,6.81,280.23,-0.4,59.95,9.9,5.93,3.96,3.71,5.95,1237.47,1.21,1.88,215.3
2015-03-09 00:10:00,5789400.0,996.72,5.82,279.24,-0.65,63.04,9.24,5.83,3.42,3.64,5.85,1241.85,0.91,1.66,192.3
2015-03-09 00:20:00,5790000.0,996.74,5.41,278.83,-0.67,64.72,8.98,5.81,3.17,3.64,5.83,1243.7,0.92,1.56,186.8
2015-03-09 00:30:00,5790600.0,996.85,5.68,279.09,-0.75,63.16,9.15,5.78,3.37,3.61,5.8,1242.67,1.21,1.64,223.8
2015-03-09 00:40:00,5791200.0,996.85,5.62,279.03,-0.69,63.74,9.11,5.81,3.3,3.63,5.83,1242.92,1.62,2.44,212.6
2015-03-09 00:50:00,5791800.0,996.79,5.56,278.98,-0.8,63.48,9.08,5.76,3.31,3.6,5.78,1243.12,1.9,2.24,218.7
2015-03-09 01:00:00,5792400.0,996.9,4.61,278.02,-0.92,67.24,8.49,5.71,2.78,3.57,5.73,1247.53,2.2,2.92,199.9
2015-03-09 01:10:00,5793000.0,996.9,4.27,277.67,-0.6,70.5,8.29,5.85,2.45,3.66,5.86,1249.02,1.57,2.32,183.5
2015-03-09 01:20:00,5793600.0,996.94,4.0,277.4,-0.1,74.5,8.14,6.06,2.08,3.79,6.08,1250.16,1.1,2.84,226.4
2015-03-09 01:30:00,5794200.0,997.06,4.03,277.42,-0.07,74.5,8.15,6.07,2.08,3.8,6.09,1250.17,0.81,2.64,170.6
2015-03-09 01:40:00,5794800.0,996.98,4.03,277.43,-0.2,73.8,8.16,6.02,2.14,3.76,6.04,1250.09,0.71,1.4,133.1
2015-03-09 01:50:00,5795400.0,997.03,3.58,276.98,-0.31,75.6,7.9,5.97,1.93,3.73,5.99,1252.22,0.85,1.88,168.8
2015-03-09 02:00:00,5796000.0,996.93,3.63,277.03,-0.16,76.2,7.92,6.04,1.89,3.78,6.06,1251.85,0.98,2.56,103.5
2015-03-09 02:10:00,5796600.0,996.94,3.62,277.02,-0.16,76.2,7.92,6.04,1.89,3.77,6.06,1251.89,0.67,1.48,62.94
2015-03-09 02:20:00,5797200.0,996.89,3.79,277.2,-0.16,75.3,8.02,6.04,1.98,3.78,6.06,1251.05,0.4,1.0,37.07
2015-03-09 02:30:00,5797800.0,997.05,4.09,277.48,-0.11,74.0,8.19,6.06,2.13,3.79,6.08,1249.91,0.62,1.28,68.95
2015-03-09 02:40:00,5798400.0,997.19,3.93,277.31,0.01,75.5,8.1,6.11,1.98,3.82,6.13,1250.79,0.33,0.84,102.3
2015-03-09 02:50:00,5799000.0,997.23,3.92,277.3,-0.01,75.4,8.09,6.1,1.99,3.81,6.12,1250.87,0.31,0.92,286.3
2015-03-09 03:00:00,5799600.0,997.08,3.9,277.29,-0.09,75.1,8.08,6.07,2.01,3.79,6.09,1250.79,0.71,0.92,217.8
2015-03-09 03:10:00,5800200.0,997.03,3.96,277.36,-0.42,73.0,8.11,5.92,2.19,3.7,5.94,1250.53,0.96,1.68,224.0
2015-03-09 03:20:00,5800800.0,997.09,3.62,277.01,-0.53,74.2,7.92,5.88,2.04,3.67,5.89,1252.17,0.88,1.6,189.0
2015-03-09 03:30:00,5801400.0,997.26,3.43,276.81,-0.51,75.3,7.82,5.88,1.93,3.68,5.9,1253.23,1.17,1.44,187.9
2015-03-09 03:40:00,5802000.0,997.4,3.42,276.79,-0.66,74.5,7.81,5.82,1.99,3.64,5.83,1253.48,0.48,0.96,190.9
2015-03-09 03:50:00,5802600.0,997.4,3.14,276.51,-0.56,76.6,7.66,5.86,1.79,3.67,5.88,1254.73,0.69,1.08,191.0
2015-03-09 04:00:00,5803200.0,997.48,3.01,276.37,-0.42,78.1,7.59,5.92,1.66,3.7,5.94,1255.4,0.39,0.8,152.6
2015-03-09 04:10:00,5803800.0,997.55,2.9,276.25,-0.51,78.2,7.53,5.88,1.64,3.68,5.9,1256.02,0.84,1.48,213.5
2015-03-09 04:20:00,5804400.0,997.48,2.91,276.27,-0.78,76.6,7.53,5.77,1.76,3.61,5.78,1255.92,1.74,2.48,215.2
2015-03-09 04:30:00,5805000.0,997.52,2.62,275.98,-0.98,77.0,7.38,5.68,1.7,3.55,5.7,1257.32,1.22,2.0,154.1
2015-03-09 04:40:00,5805600.0,997.59,2.17,275.52,-0.64,81.6,7.14,5.83,1.31,3.64,5.84,1259.42,0.53,1.56,163.5
2015-03-09 04:50:00,5806200.0,997.72,2.14,275.48,-0.61,81.9,7.13,5.84,1.29,3.65,5.85,1259.7,0.6,1.16,227.0
2015-03-09 05:00:00,5806800.0,997.79,2.24,275.57,-0.69,80.9,7.18,5.81,1.37,3.63,5.82,1259.36,0.36,0.8,109.0
2015-03-09 05:10:00,5807400.0,997.93,2.42,275.74,-0.63,80.2,7.27,5.83,1.44,3.64,5.84,1258.72,0.21,0.56,0.79
2015-03-09 05:20:00,5808000.0,997.88,2.34,275.67,-0.89,79.1,7.23,5.72,1.51,3.57,5.73,1259.04,0.56,0.96,152.9
2015-03-09 05:30:00,5808600.0,998.02,2.16,275.48,-0.98,79.6,7.14,5.68,1.46,3.55,5.69,1260.07,0.42,0.96,157.5
2015-03-09 05:40:00,5809200.0,998.13,2.12,275.43,-0.99,79.8,7.12,5.68,1.44,3.55,5.69,1260.4,0.56,1.0,98.5
2015-03-09 05:50:00,5809800.0,998.3,1.62,274.91,-0.99,82.7,6.87,5.68,1.19,3.55,5.69,1262.9,0.58,1.48,74.3
2015-03-09 06:00:00,5810400.0,998.4,1.48,274.77,-0.8,84.7,6.8,5.76,1.04,3.6,5.77,1263.63,0.48,1.2,127.1
2015-03-09 06:10:00,5811000.0,998.51,1.66,274.94,-0.77,83.8,6.89,5.77,1.12,3.6,5.78,1262.93,0.35,0.64,155.5
2015-03-09 06:20:00,5811600.0,998.54,1.6,274.88,-0.8,84.0,6.86,5.76,1.1,3.6,5.77,1263.25,0.23,0.6,201.9
2015-03-09 06:30:00,5812200.0,998.61,1.7,274.97,-0.78,83.5,6.91,5.77,1.14,3.6,5.78,1262.88,0.23,0.56,216.5
2015-03-09 06:40:00,5812800.0,998.72,1.52,274.78,-0.99,83.3,6.82,5.68,1.14,3.55,5.69,1263.9,0.4,1.04,244.0
2015-03-09 06:50:00,5813400.0,998.99,1.32,274.56,-1.15,83.5,6.72,5.61,1.11,3.5,5.62,1265.18,1.03,1.48,82.7
2015-03-09 07:00:00,5814000.0,999.11,0.86,274.09,-1.46,84.4,6.5,5.49,1.01,3.42,5.49,1267.54,0.53,1.24,216.8
2015-03-09 07:10:00,5814600.0,999.24,0.83,274.05,-1.11,86.8,6.49,5.63,0.86,3.51,5.64,1267.76,0.27,0.6,352.6
2015-03-09 07:20:00,5815200.0,999.42,1.32,274.53,-0.78,85.8,6.72,5.77,0.95,3.6,5.77,1265.66,0.38,0.64,64.28
2015-03-09 07:30:00,5815800.0,999.56,1.64,274.84,-0.72,84.2,6.88,5.79,1.09,3.61,5.79,1264.34,0.5,0.76,74.3
2015-03-09 07:40:00,5816400.0,999.67,2.06,275.24,-0.56,82.7,7.09,5.86,1.23,3.65,5.86,1262.55,0.27,0.56,73.1
2015-03-09 07:50:00,5817000.0,999.74,2.73,275.91,-0.47,79.4,7.43,5.9,1.53,3.68,5.9,1259.56,0.29,0.8,119.0
2015-03-09 08:00:00,5817600.0,999.97,2.81,275.98,-0.62,78.0,7.48,5.84,1.65,3.64,5.84,1259.47,0.34,0.66,70.2
2015-03-09 08:10:00,5818200.0,1000.11,3.34,276.49,-0.61,75.2,7.77,5.84,1.93,3.64,5.84,1257.25,0.4,0.76,132.8
2015-03-09 08:20:00,5818800.0,1000.32,3.27,276.4,-0.65,75.4,7.73,5.83,1.9,3.63,5.82,1257.85,0.51,1.04,88.2
2015-03-09 08:30:00,5819400.0,1000.41,3.49,276.62,-0.47,75.2,7.85,5.9,1.95,3.68,5.9,1256.92,0.52,1.0,175.1
2015-03-09 08:40:00,5820000.0,1000.44,3.03,276.15,-0.61,76.9,7.6,5.84,1.75,3.64,5.84,1259.08,0.75,1.08,202.9
2015-03-09 08:50:00,5820600.0,1000.57,2.63,275.74,-0.55,79.5,7.38,5.87,1.51,3.66,5.87,1261.07,0.85,1.24,189.2
2015-03-09 09:00:00,5821200.0,1000.66,2.7,275.81,-0.37,80.1,7.42,5.94,1.48,3.7,5.94,1260.8,0.65,1.08,188.4
2015-03-09 09:10:00,5821800.0,1000.68,2.82,275.93,-0.24,80.2,7.48,6.0,1.48,3.74,6.0,1260.26,0.72,1.2,193.0
2015-03-09 09:20:00,5822400.0,1000.8,3.19,276.28,-0.04,79.3,7.68,6.09,1.59,3.79,6.09,1258.7,0.68,1.04,193.4
2015-03-09 09:30:00,5823000.0,1000.91,3.64,276.72,0.17,78.0,7.93,6.19,1.74,3.85,6.18,1256.76,0.67,1.38,164.3
2015-03-09 09:40:00,5823600.0,1000.92,3.73,276.81,0.05,76.8,7.98,6.13,1.85,3.82,6.12,1256.39,0.86,1.36,160.4
2015-03-09 09:50:00,5824200.0,1000.96,4.0,277.08,0.27,76.6,8.13,6.23,1.9,3.88,6.22,1255.16,0.68,1.16,191.3
2015-03-09 10:00:00,5824800.0,1001.0,4.32,277.4,0.46,75.9,8.32,6.32,2.01,3.93,6.31,1253.7,0.49,1.0,198.1
2015-03-09 10:10:00,5825400.0,1000.96,5.37,278.45,1.29,74.9,8.96,6.71,2.25,4.18,6.7,1248.75,0.57,1.28,182.8
2015-03-09 10:20:00,5826000.0,1000.96,6.19,279.27,1.4,71.3,9.48,6.76,2.72,4.21,6.75,1245.07,0.7,1.54,146.1
2015-03-09 10:30:00,5826600.0,1000.99,6.63,279.71,1.53,69.79,9.78,6.82,2.95,4.25,6.82,1243.09,0.48,1.08,140.5
2015-03-09 10:40:00,5827200.0,1001.04,6.78,279.86,1.74,70.1,9.88,6.93,2.95,4.31,6.92,1242.43,0.51,1.0,158.6
2015-03-09 10:50:00,5827800.0,1001.03,7.16,280.24,2.14,70.3,10.14,7.13,3.01,4.44,7.12,1240.66,0.46,1.0,131.9
2015-03-09 11:00:00,5828400.0,1001.07,7.52,280.59,2.41,69.94,10.39,7.27,3.12,4.53,7.26,1239.05,0.44,0.96,151.2
2015-03-09 11:10:00,5829000.0,1001.13,7.82,280.89,2.71,70.0,10.61,7.43,3.18,4.63,7.42,1237.72,0.35,0.8,133.5
2015-03-09 11:20:00,5829600.0,1001.19,8.05,281.11,3.03,70.5,10.77,7.6,3.18,4.73,7.59,1236.71,0.23,0.76,80.8
2015-03-09 11:30:00,5830200.0,1001.16,8.31,281.38,3.3,70.6,10.97,7.74,3.22,4.82,7.73,1235.46,0.25,0.72,58.47
2015-03-09 11:40:00,5830800.0,1001.05,8.56,281.64,3.66,71.2,11.16,7.94,3.21,4.95,7.93,1234.14,0.51,1.0,92.3
2015-03-09 11:50:00,5831400.0,1000.99,8.31,281.39,3.77,73.0,10.97,8.01,2.96,4.99,8.0,1235.13,0.9,1.56,88.8
2015-03-09 12:00:00,5832000.0,1000.9,8.17,281.26,3.87,74.2,10.86,8.06,2.8,5.02,8.05,1235.6,1.13,1.92,71.5
2015-03-09 12:10:00,5832600.0,1000.84,8.14,281.23,3.99,75.0,10.84,8.13,2.71,5.07,8.12,1235.63,1.43,2.32,49.12
2015-03-09 12:20:00,5833200.0,1000.71,8.23,281.33,4.25,75.9,10.91,8.28,2.63,5.16,8.27,1235.0,1.63,2.8,55.56
2015-03-09 12:30:00,5833800.0,1000.54,8.36,281.48,4.58,77.0,11.0,8.47,2.53,5.28,8.47,1234.14,1.7,2.5,45.31
2015-03-09 12:40:00,5834400.0,1000.56,8.39,281.5,4.68,77.4,11.03,8.54,2.49,5.32,8.53,1234.0,2.03,2.8,47.64
2015-03-09 12:50:00,5835000.0,1000.54,8.41,281.53,4.68,77.3,11.04,8.54,2.51,5.32,8.53,1233.88,1.51,2.52,67.08
2015-03-09 13:00:00,5835600.0,1000.55,8.69,281.81,4.5,74.9,11.25,8.43,2.82,5.26,8.42,1232.72,0.86,1.96,125.4
2015-03-09 13:10:00,5836200.0,1000.53,8.89,282.01,4.73,75.1,11.41,8.57,2.84,5.34,8.56,1231.76,0.91,2.36,96.8
2015-03-09 13:20:00,5836800.0,1000.42,8.62,281.75,4.7,76.3,11.2,8.55,2.65,5.33,8.54,1232.81,1.29,2.32,36.27
2015-03-09 13:30:00,5837400.0,1000.41,8.62,281.75,4.83,77.0,11.2,8.62,2.58,5.38,8.62,1232.77,1.73,3.04,37.33
2015-03-09 13:40:00,5838000.0,1000.37,8.54,281.67,4.79,77.2,11.14,8.6,2.54,5.36,8.6,1233.08,1.42,2.32,43.26
2015-03-09 13:50:00,5838600.0,1000.29,8.59,281.73,4.78,76.9,11.18,8.6,2.58,5.36,8.59,1232.76,1.54,2.36,48.44
2015-03-09 14:00:00,5839200.0,1000.24,8.53,281.67,4.67,76.6,11.13,8.53,2.61,5.32,8.53,1232.99,1.36,2.32,84.8
2015-03-09 14:10:00,5839800.0,1000.1,8.86,282.01,4.78,75.5,11.38,8.6,2.79,5.36,8.59,1231.34,0.89,2.04,109.3
2015-03-09 14:20:00,5840400.0,1000.05,8.79,281.95,4.82,76.1,11.33,8.62,2.71,5.38,8.62,1231.57,1.64,2.88,47.86
2015-03-09 14:30:00,5841000.0,999.96,8.91,282.07,4.83,75.5,11.42,8.62,2.8,5.38,8.62,1230.94,0.74,1.92,90.7
2015-03-09 14:40:00,5841600.0,999.85,9.22,282.39,4.8,73.8,11.67,8.61,3.06,5.37,8.61,1229.46,0.59,1.32,85.9
2015-03-09 14:50:00,5842200.0,999.79,9.41,282.59,4.85,73.1,11.82,8.64,3.18,5.39,8.64,1228.55,1.15,2.0,190.4
2015-03-09 15:00:00,5842800.0,999.69,9.31,282.5,4.79,73.3,11.74,8.6,3.13,5.37,8.61,1228.87,1.65,2.52,46.21
2015-03-09 15:10:00,5843400.0,999.56,9.27,282.47,4.83,73.7,11.7,8.63,3.08,5.39,8.63,1228.87,1.33,2.1,36.67
2015-03-09 15:20:00,5844000.0,999.56,9.57,282.77,4.92,72.7,11.94,8.68,3.26,5.42,8.69,1227.54,1.08,1.88,86.1
2015-03-09 15:30:00,5844600.0,999.56,10.08,283.28,5.02,70.7,12.36,8.74,3.62,5.46,8.74,1225.31,1.37,2.56,61.33
2015-03-09 15:40:00,5845200.0,999.65,10.15,283.34,5.0,70.3,12.42,8.73,3.69,5.45,8.73,1225.12,1.0,2.04,45.2
2015-03-09 15:50:00,5845800.0,999.69,9.87,283.05,4.91,71.2,12.19,8.68,3.51,5.42,8.68,1226.41,1.56,2.38,85.0
2015-03-09 16:00:00,5846400.0,999.64,9.79,282.98,5.0,72.0,12.12,8.73,3.39,5.45,8.73,1226.67,1.01,2.28,35.66
2015-03-09 16:10:00,5847000.0,999.65,9.77,282.96,4.94,71.8,12.11,8.69,3.41,5.43,8.69,1226.79,1.85,2.8,34.88
2015-03-09 16:20:00,5847600.0,999.56,9.73,282.93,5.04,72.5,12.07,8.75,3.32,5.46,8.76,1226.82,1.78,2.64,46.05
2015-03-09 16:30:00,5848200.0,999.53,9.83,283.03,5.08,72.2,12.15,8.78,3.38,5.48,8.78,1226.34,1.69,2.6,51.36
2015-03-09 16:40:00,5848800.0,999.55,9.75,282.95,5.02,72.3,12.09,8.74,3.35,5.46,8.74,1226.73,1.61,2.54,59.97
2015-03-09 16:50:00,5849400.0,999.49,9.73,282.93,5.04,72.5,12.07,8.75,3.32,5.47,8.76,1226.73,1.45,2.2,50.07
2015-03-09 17:00:00,5850000.0,999.52,9.45,282.65,4.93,73.3,11.85,8.68,3.16,5.42,8.69,1228.02,2.18,2.8,32.48
2015-03-09 17:10:00,5850600.0,999.47,9.27,282.47,4.95,74.3,11.7,8.7,3.01,5.43,8.7,1228.73,2.17,3.0,28.72
2015-03-09 17:20:00,5851200.0,999.44,9.09,282.29,4.96,75.3,11.56,8.71,2.86,5.44,8.71,1229.48,2.7,3.8,39.06
2015-03-09 17:30:00,5851800.0,999.43,8.75,281.96,4.97,77.1,11.3,8.71,2.59,5.44,8.72,1230.94,2.94,4.12,35.15
2015-03-09 17:40:00,5852400.0,999.43,8.48,281.69,4.97,78.5,11.09,8.71,2.39,5.44,8.71,1232.12,2.92,4.24,30.32
2015-03-09 17:50:00,5853000.0,999.43,8.26,281.47,4.92,79.4,10.93,8.68,2.25,5.42,8.68,1233.1,2.84,3.64,30.59
2015-03-09 18:00:00,5853600.0,999.48,7.99,281.19,4.89,80.7,10.73,8.66,2.07,5.41,8.66,1234.35,2.75,3.56,27.92
2015-03-09 18:10:00,5854200.0,999.55,7.84,281.04,4.86,81.4,10.62,8.65,1.98,5.4,8.65,1235.11,2.41,3.4,20.36
2015-03-09 18:20:00,5854800.0,999.63,7.66,280.85,4.81,82.1,10.49,8.61,1.88,5.38,8.62,1236.02,2.13,2.84,6.33
2015-03-09 18:30:00,5855400.0,999.68,7.5,280.69,4.72,82.5,10.38,8.56,1.82,5.34,8.56,1236.8,2.3,3.04,1.42
2015-03-09 18:40:00,5856000.0,999.62,7.36,280.55,4.69,83.1,10.28,8.54,1.74,5.33,8.54,1237.36,1.8,2.92,8.36
2015-03-09 18:50:00,5856600.0,999.49,7.2,280.4,4.64,83.7,10.17,8.51,1.66,5.31,8.51,1237.92,1.9,3.24,17.09
2015-03-09 19:00:00,5857200.0,999.44,7.02,280.22,4.58,84.4,10.04,8.47,1.57,5.29,8.48,1238.67,0.94,2.04,10.97
2015-03-09 19:10:00,5857800.0,999.52,6.86,280.06,4.54,85.1,9.93,8.45,1.48,5.28,8.46,1239.48,1.2,1.88,357.5
2015-03-09 19:20:00,5858400.0,999.56,6.74,279.93,4.52,85.7,9.85,8.44,1.41,5.27,8.44,1240.08,1.2,1.68,357.3
2015-03-09 19:30:00,5859000.0,999.69,6.63,279.82,4.46,86.0,9.78,8.41,1.37,5.25,8.41,1240.73,1.92,2.36,354.9
2015-03-09 19:40:00,5859600.0,999.81,6.49,279.67,4.41,86.5,9.68,8.38,1.31,5.23,8.38,1241.5,1.29,2.12,6.58
2015-03-09 19:50:00,5860200.0,999.84,6.2,279.37,4.18,86.9,9.49,8.24,1.24,5.14,8.24,1242.93,0.38,0.74,11.17
2015-03-09 20:00:00,5860800.0,999.85,6.08,279.25,4.27,88.1,9.41,8.29,1.12,5.17,8.29,1243.43,0.27,0.68,53.57
2015-03-09 20:10:00,5861400.0,999.76,6.04,279.22,4.1,87.3,9.39,8.19,1.19,5.11,8.2,1243.53,0.26,0.48,39.24
2015-03-09 20:20:00,5862000.0,999.69,5.78,278.97,4.05,88.6,9.22,8.17,1.05,5.1,8.17,1244.63,0.28,0.48,24.84
2015-03-09 20:30:00,5862600.0,999.68,5.59,278.77,3.97,89.3,9.09,8.12,0.97,5.07,8.12,1245.49,0.47,0.72,46.5
2015-03-09 20:40:00,5863200.0,999.76,5.27,278.45,3.79,90.1,8.9,8.02,0.88,5.0,8.02,1247.05,0.33,0.48,21.41
2015-03-09 20:50:00,5863800.0,999.82,5.02,278.19,3.73,91.3,8.74,7.98,0.76,4.98,7.98,1248.28,0.53,0.72,20.23
2015-03-09 21:00:00,5864400.0,999.96,4.83,277.99,3.58,91.6,8.63,7.9,0.72,4.93,7.9,1249.35,0.51,0.7,77.3
2015-03-09 21:10:00,5865000.0,999.98,4.48,277.64,3.18,91.2,8.42,7.68,0.74,4.79,7.68,1251.05,0.31,0.76,126.7
2015-03-09 21:20:00,5865600.0,1000.08,4.53,277.68,3.42,92.5,8.44,7.81,0.63,4.87,7.81,1250.9,0.17,0.4,354.6
2015-03-09 21:30:00,5866200.0,1000.12,4.53,277.68,3.26,91.4,8.45,7.72,0.73,4.82,7.72,1250.98,0.19,0.4,44.33
2015-03-09 21:40:00,5866800.0,1000.21,4.48,277.62,3.27,91.8,8.42,7.73,0.69,4.82,7.72,1251.32,0.26,0.44,24.84
2015-03-09 21:50:00,5867400.0,1000.3,4.44,277.58,3.26,92.0,8.39,7.72,0.67,4.82,7.72,1251.61,0.25,0.48,94.9
2015-03-09 22:00:00,5868000.0,1000.3,4.21,277.35,2.74,90.1,8.26,7.44,0.82,4.64,7.44,1252.79,0.62,1.3,186.6
2015-03-09 22:10:00,5868600.0,1000.22,3.81,276.96,2.7,92.4,8.03,7.42,0.61,4.63,7.42,1254.49,0.89,1.24,215.4
2015-03-09 22:20:00,5869200.0,1000.15,3.67,276.81,2.76,93.8,7.95,7.45,0.49,4.65,7.45,1255.05,0.68,0.92,207.5
2015-03-09 22:30:00,5869800.0,1000.06,3.61,276.76,2.78,94.3,7.91,7.46,0.45,4.65,7.46,1255.21,0.72,1.52,204.4
2015-03-09 22:40:00,5870400.0,999.97,3.35,276.51,2.57,94.6,7.77,7.35,0.42,4.59,7.35,1256.3,1.77,2.28,224.0
2015-03-09 22:50:00,5871000.0,999.94,3.42,276.59,2.73,95.2,7.81,7.44,0.37,4.64,7.44,1255.91,1.12,1.52,209.4
2015-03-09 23:00:00,5871600.0,999.94,3.09,276.25,2.35,94.9,7.63,7.24,0.39,4.51,7.24,1257.52,1.03,1.6,218.7
2015-03-09 23:10:00,5872200.0,999.88,3.2,276.37,2.54,95.4,7.69,7.34,0.35,4.58,7.34,1256.88,1.27,1.7,210.3
2015-03-09 23:20:00,5872800.0,999.81,2.53,275.71,1.79,94.8,7.33,6.95,0.38,4.34,6.95,1260.03,1.03,1.84,186.0
2015-03-09 23:30:00,5873400.0,999.81,2.31,275.48,1.66,95.5,7.21,6.89,0.32,4.3,6.89,1261.09,0.47,0.82,176.7
2015-03-09 23:40:00,5874000.0,999.7,2.3,275.49,1.72,95.9,7.21,6.92,0.3,4.31,6.92,1260.96,0.36,0.84,203.9
2015-03-09 23:50:00,5874600.0,999.54,2.06,275.26,1.39,95.3,7.09,6.76,0.33,4.21,6.76,1261.94,0.67,1.32,153.9
2015-03-10 00:00:00,5875200.0,999.47,1.42,274.62,0.76,95.3,6.77,6.45,0.32,4.03,6.46,1264.93,1.46,2.08,155.4
2015-03-10 00:10:00,5875800.0,999.41,1.46,274.66,0.92,96.2,6.79,6.53,0.26,4.07,6.53,1264.67,0.42,1.08,147.0
2015-03-10 00:20:00,5876400.0,999.34,1.56,274.77,1.02,96.2,6.84,6.58,0.26,4.1,6.58,1264.09,0.78,1.88,135.9
2015-03-10 00:30:00,5877000.0,999.19,1.27,274.49,0.73,96.2,6.69,6.44,0.25,4.02,6.45,1265.3,1.58,2.28,155.1
2015-03-10 00:40:00,5877600.0,999.05,1.15,274.38,0.67,96.6,6.64,6.41,0.23,4.0,6.42,1265.67,1.2,2.12,159.6
2015-03-10 00:50:00,5878200.0,999.05,1.08,274.32,0.63,96.8,6.61,6.4,0.21,3.99,6.4,1265.99,1.17,1.76,142.2
2015-03-10 01:00:00,5878800.0,998.91,1.11,274.35,0.7,97.1,6.62,6.43,0.19,4.01,6.43,1265.7,0.85,1.68,158.2
2015-03-10 01:10:00,5879400.0,998.7,1.12,274.38,0.73,97.2,6.63,6.44,0.19,4.02,6.45,1265.34,0.88,1.78,178.8
2015-03-10 01:20:00,5880000.0,998.6,1.16,274.43,0.78,97.3,6.64,6.46,0.18,4.04,6.47,1265.03,0.72,1.28,185.5
2015-03-10 01:30:00,5880600.0,998.54,1.11,274.38,0.74,97.4,6.62,6.45,0.17,4.03,6.46,1265.19,0.75,1.38,199.0
2015-03-10 01:40:00,5881200.0,998.55,1.11,274.39,0.78,97.6,6.62,6.46,0.16,4.04,6.47,1265.18,0.79,1.72,160.5
2015-03-10 01:50:00,5881800.0,998.47,1.03,274.31,0.69,97.6,6.58,6.42,0.16,4.01,6.43,1265.49,1.06,1.64,213.2
2015-03-10 02:00:00,5882400.0,998.34,0.86,274.15,0.52,97.6,6.5,6.34,0.16,3.96,6.36,1266.15,1.48,2.32,215.5
2015-03-10 02:10:00,5883000.0,998.19,0.74,274.04,0.44,97.8,6.45,6.3,0.14,3.94,6.32,1266.5,1.38,2.52,214.2
2015-03-10 02:20:00,5883600.0,998.14,0.77,274.07,0.49,98.0,6.46,6.33,0.13,3.95,6.34,1266.32,1.16,2.0,201.0
2015-03-10 02:30:00,5884200.0,998.14,0.75,274.06,0.49,98.1,6.45,6.33,0.12,3.95,6.34,1266.4,0.86,1.8,187.8
2015-03-10 02:40:00,5884800.0,998.0,0.79,274.11,0.54,98.2,6.47,6.35,0.12,3.97,6.36,1266.03,1.04,1.6,190.5
2015-03-10 02:50:00,5885400.0,997.92,0.69,274.01,0.43,98.1,6.42,6.3,0.12,3.94,6.31,1266.41,1.4,1.96,206.3
2015-03-10 03:00:00,5886000.0,997.98,0.61,273.92,0.36,98.2,6.38,6.27,0.11,3.92,6.28,1266.89,0.97,1.88,205.5
2015-03-10 03:10:00,5886600.0,998.01,0.65,273.96,0.43,98.4,6.4,6.3,0.1,3.94,6.31,1266.72,0.69,1.56,206.6
2015-03-10 03:20:00,5887200.0,998.03,0.56,273.88,0.33,98.3,6.36,6.25,0.11,3.91,6.27,1267.16,0.96,2.16,208.6
2015-03-10 03:30:00,5887800.0,998.04,0.5,273.81,0.26,98.3,6.33,6.23,0.11,3.89,6.24,1267.48,1.01,1.92,214.4
2015-03-10 03:40:00,5888400.0,998.08,0.35,273.66,0.11,98.3,6.27,6.16,0.11,3.85,6.17,1268.26,1.3,2.08,208.8
2015-03-10 03:50:00,5889000.0,998.17,0.39,273.69,0.18,98.5,6.28,6.19,0.09,3.86,6.2,1268.19,0.54,1.66,209.3
2015-03-10 04:00:00,5889600.0,998.21,0.44,273.74,0.24,98.6,6.31,6.22,0.09,3.88,6.23,1267.99,0.7,1.24,193.0
2015-03-10 04:10:00,5890200.0,998.22,0.24,273.54,0.02,98.4,6.21,6.11,0.1,3.82,6.13,1268.98,1.08,1.68,175.3
2015-03-10 04:20:00,5890800.0,998.27,0.05,273.34,-0.18,98.4,6.13,6.03,0.1,3.77,6.04,1269.97,1.15,1.96,188.8
2015-03-10 04:30:00,5891400.0,998.43,-0.05,273.23,-0.26,98.5,6.08,5.99,0.09,3.74,6.0,1270.66,1.97,3.45,170.9
2015-03-10 04:40:00,5892000.0,998.54,-0.14,273.13,-0.35,98.5,6.05,5.95,0.09,3.72,5.96,1271.23,1.68,2.96,174.8
2015-03-10 04:50:00,5892600.0,998.62,-0.22,273.05,-0.41,98.6,6.01,5.93,0.08,3.7,5.94,1271.69,1.41,2.16,187.0
2015-03-10 05:00:00,5893200.0,998.7,-0.12,273.14,-0.29,98.8,6.05,5.98,0.07,3.73,5.99,1271.34,0.83,1.92,163.4
2015-03-10 05:10:00,5893800.0,998.7,-0.19,273.08,-0.36,98.7,6.03,5.95,0.08,3.71,5.96,1271.64,1.22,2.32,182.1
2015-03-10 05:20:00,5894400.0,998.67,-0.56,272.71,-0.78,98.4,5.86,5.77,0.09,3.6,5.78,1273.41,1.94,2.44,223.5
2015-03-10 05:30:00,5895000.0,998.66,-0.76,272.5,-0.97,98.5,5.78,5.69,0.09,3.55,5.7,1274.41,2.03,2.84,220.6
2015-03-10 05:40:00,5895600.0,998.73,-0.79,272.47,-0.98,98.6,5.77,5.68,0.08,3.55,5.69,1274.62,2.32,2.92,216.4
2015-03-10 05:50:00,5896200.0,998.74,-0.65,272.61,-0.83,98.7,5.82,5.75,0.08,3.59,5.75,1273.97,1.56,2.4,193.6
2015-03-10 06:00:00,5896800.0,998.77,-0.59,272.66,-0.79,98.6,5.85,5.77,0.08,3.6,5.77,1273.71,1.46,2.28,206.4
2015-03-10 06:10:00,5897400.0,998.78,-0.54,272.72,-0.69,98.9,5.87,5.81,0.06,3.62,5.81,1273.46,1.45,2.6,185.9
2015-03-10 06:20:00,5898000.0,998.84,-0.54,272.71,-0.68,99.0,5.87,5.81,0.06,3.63,5.82,1273.53,1.43,3.16,161.9
2015-03-10 06:30:00,5898600.0,998.87,-0.66,272.58,-0.83,98.8,5.82,5.75,0.07,3.59,5.75,1274.19,1.03,1.96,219.7
2015-03-10 06:40:00,5899200.0,998.95,-0.91,272.33,-1.1,98.6,5.71,5.63,0.08,3.52,5.64,1275.48,1.75,2.32,219.3
2015-03-10 06:50:00,5899800.0,999.01,-1.1,272.14,-1.29,98.6,5.64,5.56,0.08,3.47,5.56,1276.49,1.95,2.48,224.5
2015-03-10 07:00:00,5900400.0,999.06,-0.95,272.28,-1.12,98.8,5.7,5.63,0.07,3.51,5.63,1275.82,1.37,2.44,196.7
2015-03-10 07:10:00,5901000.0,999.07,-0.92,272.31,-1.08,98.8,5.71,5.64,0.07,3.52,5.65,1275.68,2.26,4.09,177.7
2015-03-10 07:20:00,5901600.0,999.07,-0.92,272.31,-1.09,98.8,5.71,5.64,0.07,3.52,5.65,1275.69,2.09,3.65,186.1
2015-03-10 07:30:00,5902200.0,999.02,-0.87,272.37,-1.02,98.9,5.73,5.67,0.06,3.54,5.67,1275.37,1.74,3.0,173.4
2015-03-10 07:40:00,5902800.0,999.08,-0.94,272.29,-1.12,98.7,5.7,5.63,0.07,3.51,5.63,1275.8,1.77,2.76,139.3
2015-03-10 07:50:00,5903400.0,999.16,-0.94,272.28,-1.11,98.8,5.7,5.63,0.07,3.51,5.64,1275.91,1.71,2.64,156.3
2015-03-10 08:00:00,5904000.0,999.2,-0.88,272.34,-1.05,98.8,5.73,5.66,0.07,3.53,5.66,1275.68,1.06,1.84,152.2
2015-03-10 08:10:00,5904600.0,999.2,-0.73,272.49,-0.87,99.0,5.79,5.73,0.06,3.57,5.74,1274.95,1.17,2.08,177.3
2015-03-10 08:20:00,5905200.0,999.2,-0.86,272.37,-1.02,98.8,5.74,5.67,0.07,3.54,5.67,1275.55,1.31,1.8,218.6
2015-03-10 08:30:00,5905800.0,999.2,-0.79,272.43,-0.94,98.9,5.76,5.7,0.06,3.56,5.71,1275.22,0.98,1.48,210.2
2015-03-10 08:40:00,5906400.0,999.18,-0.75,272.48,-0.9,98.9,5.78,5.72,0.06,3.57,5.72,1274.98,1.29,1.88,204.7
2015-03-10 08:50:00,5907000.0,999.1,-0.64,272.59,-0.79,98.9,5.83,5.76,0.06,3.6,5.77,1274.38,1.3,1.82,198.5
2015-03-10 09:00:00,5907600.0,999.16,-0.62,272.6,-0.77,98.9,5.84,5.77,0.06,3.6,5.78,1274.35,1.29,2.28,202.5
2015-03-10 09:10:00,5908200.0,999.2,-0.47,272.76,-0.6,99.0,5.9,5.84,0.06,3.65,5.85,1273.64,1.05,1.8,186.3
2015-03-10 09:20:00,5908800.0,999.2,-0.41,272.82,-0.53,99.1,5.93,5.88,0.05,3.67,5.88,1273.33,1.09,1.92,187.4
2015-03-10 09:30:00,5909400.0,999.28,-0.33,272.88,-0.46,99.1,5.96,5.91,0.05,3.69,5.91,1273.09,0.65,1.56,207.1
2015-03-10 09:40:00,5910000.0,999.36,0.16,273.37,0.06,99.3,6.18,6.13,0.04,3.83,6.14,1270.8,0.69,1.24,200.9
2015-03-10 09:50:00,5910600.0,999.43,0.81,274.01,0.72,99.4,6.48,6.44,0.04,4.02,6.44,1267.72,0.3,0.92,355.0
2015-03-10 10:00:00,5911200.0,999.36,1.99,275.2,1.93,99.6,7.05,7.03,0.03,4.38,7.03,1261.9,0.42,0.98,185.8
2015-03-10 10:10:00,5911800.0,999.32,2.23,275.44,2.07,98.9,7.17,7.1,0.08,4.43,7.1,1260.74,0.81,1.52,194.6
2015-03-10 10:20:00,5912400.0,999.24,2.92,276.13,2.75,98.8,7.54,7.44,0.09,4.65,7.45,1257.33,0.72,1.72,134.2
2015-03-10 10:30:00,5913000.0,999.2,3.29,276.51,2.96,97.7,7.74,7.56,0.18,4.72,7.57,1255.51,0.89,1.76,145.9
2015-03-10 10:40:00,5913600.0,999.17,3.75,276.98,3.38,97.4,8.0,7.79,0.21,4.86,7.79,1253.27,0.91,1.72,132.7
2015-03-10 10:50:00,5914200.0,999.07,4.71,277.95,4.41,97.9,8.55,8.38,0.18,5.23,8.38,1248.54,0.9,1.64,158.5
2015-03-10 11:00:00,5914800.0,998.99,5.63,278.87,5.44,98.7,9.12,9.0,0.12,5.62,9.01,1244.04,0.92,1.64,168.0
2015-03-10 11:10:00,5915400.0,998.95,6.34,279.58,6.12,98.5,9.58,9.44,0.14,5.9,9.45,1240.63,0.53,1.0,185.7
2015-03-10 11:20:00,5916000.0,998.93,7.06,280.31,6.65,97.2,10.07,9.79,0.28,6.12,9.8,1237.23,0.52,1.24,148.5
2015-03-10 11:30:00,5916600.0,998.85,7.29,280.54,6.51,94.8,10.23,9.7,0.53,6.06,9.71,1236.17,0.74,1.56,63.52
2015-03-10 11:40:00,5917200.0,998.81,7.85,281.11,6.41,90.6,10.63,9.63,1.0,6.02,9.64,1233.68,1.34,2.04,42.26
2015-03-10 11:50:00,5917800.0,998.68,8.94,282.21,5.83,80.8,11.45,9.25,2.2,5.78,9.26,1228.94,1.45,2.32,41.77
2015-03-10 12:00:00,5918400.0,998.6,9.98,283.25,5.52,73.7,12.28,9.05,3.23,5.66,9.06,1224.42,1.4,2.8,79.0
2015-03-10 12:10:00,5919000.0,998.56,10.83,284.11,5.67,70.4,13.0,9.15,3.85,5.72,9.16,1220.65,1.37,3.2,269.7
2015-03-10 12:20:00,5919600.0,998.52,11.36,284.64,5.65,67.87,13.46,9.14,4.33,5.71,9.15,1218.33,1.34,3.16,313.7
2015-03-10 12:30:00,5920200.0,998.45,11.73,285.02,5.67,66.31,13.8,9.15,4.65,5.72,9.16,1216.66,1.44,3.32,279.4
2015-03-10 12:40:00,5920800.0,998.37,11.49,284.78,5.53,66.69,13.58,9.06,4.52,5.66,9.07,1217.63,1.69,4.22,306.9
2015-03-10 12:50:00,5921400.0,998.33,11.64,284.94,5.7,66.83,13.71,9.16,4.55,5.73,9.18,1216.89,1.3,3.46,281.3
2015-03-10 13:00:00,5922000.0,998.34,11.29,284.59,5.79,68.85,13.4,9.23,4.17,5.77,9.24,1218.37,1.63,4.2,293.8
2015-03-10 13:10:00,5922600.0,998.3,11.01,284.31,5.83,70.3,13.15,9.25,3.91,5.78,9.26,1219.52,2.42,4.97,284.1
2015-03-10 13:20:00,5923200.0,998.24,11.04,284.34,5.92,70.6,13.18,9.3,3.87,5.82,9.32,1219.3,1.86,3.0,325.7
2015-03-10 13:30:00,5923800.0,998.2,11.06,284.37,5.93,70.6,13.2,9.32,3.88,5.83,9.33,1219.14,1.66,3.48,330.5
2015-03-10 13:40:00,5924400.0,998.23,11.05,284.35,5.93,70.6,13.19,9.31,3.88,5.82,9.33,1219.24,1.94,4.16,308.0
2015-03-10 13:50:00,5925000.0,998.23,10.82,284.12,6.03,72.2,12.99,9.38,3.61,5.86,9.39,1220.19,1.9,3.68,270.6
2015-03-10 14:00:00,5925600.0,998.23,10.47,283.77,6.16,74.6,12.69,9.46,3.22,5.92,9.48,1221.65,1.86,3.92,1.11
2015-03-10 14:10:00,5926200.0,998.22,10.35,283.65,6.28,75.8,12.59,9.54,3.05,5.97,9.56,1222.12,1.19,2.56,326.0
2015-03-10 14:20:00,5926800.0,998.22,10.29,283.59,6.35,76.5,12.54,9.59,2.95,6.0,9.61,1222.36,1.16,3.48,327.9
2015-03-10 14:30:00,5927400.0,998.32,10.26,283.56,6.4,76.9,12.51,9.62,2.89,6.02,9.64,1222.6,1.54,3.8,351.4
2015-03-10 14:40:00,5928000.0,998.45,9.75,283.04,6.48,80.0,12.09,9.67,2.42,6.05,9.69,1224.94,1.8,3.56,335.3
2015-03-10 14:50:00,5928600.0,998.55,9.65,282.93,6.91,83.0,12.01,9.97,2.04,6.23,9.98,1225.35,0.53,1.32,320.2
2015-03-10 15:00:00,5929200.0,998.57,9.71,282.99,7.18,84.2,12.06,10.15,1.9,6.35,10.17,1225.03,0.62,1.32,76.9
2015-03-10 15:10:00,5929800.0,998.61,9.34,282.61,7.29,87.0,11.76,10.23,1.53,6.4,10.25,1226.65,1.22,2.36,309.8
2015-03-10 15:20:00,5930400.0,998.62,9.16,282.43,7.45,89.0,11.62,10.34,1.28,6.47,10.35,1227.4,0.72,1.84,303.0
2015-03-10 15:30:00,5931000.0,998.64,8.94,282.21,7.38,89.9,11.45,10.29,1.16,6.43,10.3,1228.4,1.23,2.44,286.9
2015-03-10 15:40:00,5931600.0,998.58,8.73,282.0,7.31,90.8,11.28,10.25,1.04,6.41,10.26,1229.26,1.05,3.04,274.8
2015-03-10 15:50:00,5932200.0,998.59,8.72,281.99,7.37,91.2,11.28,10.28,0.99,6.43,10.3,1229.3,0.92,2.36,255.3
2015-03-10 16:00:00,5932800.0,998.58,8.67,281.95,7.34,91.3,11.24,10.26,0.98,6.42,10.28,1229.51,1.11,2.04,301.9
2015-03-10 16:10:00,5933400.0,998.54,8.66,281.94,7.37,91.6,11.23,10.29,0.94,6.43,10.3,1229.5,0.56,2.16,304.9
2015-03-10 16:20:00,5934000.0,998.45,8.59,281.87,7.32,91.7,11.18,10.25,0.93,6.41,10.27,1229.71,0.67,1.6,338.4
2015-03-10 16:30:00,5934600.0,998.44,8.58,281.87,7.37,92.1,11.17,10.29,0.88,6.43,10.3,1229.72,0.83,1.96,333.2
2015-03-10 16:40:00,5935200.0,998.46,8.53,281.81,7.32,92.1,11.13,10.25,0.88,6.41,10.27,1229.98,1.2,3.36,284.7
2015-03-10 16:50:00,5935800.0,998.45,8.53,281.81,7.36,92.3,11.13,10.28,0.86,6.43,10.29,1229.96,0.76,1.52,296.8
2015-03-10 17:00:00,5936400.0,998.48,8.57,281.85,7.41,92.4,11.16,10.31,0.85,6.45,10.33,1229.8,0.54,1.52,306.1
2015-03-10 17:10:00,5937000.0,998.55,8.43,281.71,7.23,92.1,11.06,10.18,0.87,6.37,10.2,1230.56,0.96,2.2,302.3
2015-03-10 17:20:00,5937600.0,998.57,8.31,281.59,7.15,92.4,10.97,10.13,0.83,6.34,10.15,1231.13,1.34,2.68,279.7
2015-03-10 17:30:00,5938200.0,998.59,8.25,281.52,7.19,93.0,10.92,10.16,0.76,6.35,10.17,1231.41,0.63,1.44,286.5
2015-03-10 17:40:00,5938800.0,998.63,8.14,281.41,7.16,93.5,10.84,10.14,0.7,6.34,10.15,1231.96,0.68,3.2,353.8
2015-03-10 17:50:00,5939400.0,998.73,7.88,281.14,6.9,93.5,10.65,9.96,0.69,6.23,9.97,1233.3,1.68,5.21,319.2
2015-03-10 18:00:00,5940000.0,998.83,7.68,280.93,6.81,94.2,10.51,9.9,0.61,6.19,9.91,1234.33,1.13,2.92,261.5
2015-03-10 18:10:00,5940600.0,998.92,7.59,280.84,6.81,94.8,10.44,9.9,0.54,6.19,9.91,1234.84,0.83,2.28,221.2
2015-03-10 18:20:00,5941200.0,999.01,7.59,280.83,6.87,95.2,10.44,9.94,0.5,6.21,9.95,1234.93,0.7,1.76,251.8
2015-03-10 18:30:00,5941800.0,999.09,7.58,280.81,6.86,95.2,10.43,9.93,0.5,6.21,9.94,1235.08,1.05,2.34,273.0
2015-03-10 18:40:00,5942400.0,999.14,7.53,280.76,6.83,95.3,10.4,9.91,0.49,6.19,9.92,1235.37,1.07,2.8,281.4
2015-03-10 18:50:00,5943000.0,999.19,7.49,280.72,6.79,95.3,10.37,9.88,0.49,6.18,9.89,1235.62,1.22,2.64,271.8
2015-03-10 19:00:00,5943600.0,999.27,7.47,280.69,6.8,95.5,10.36,9.89,0.47,6.18,9.9,1235.8,0.93,1.72,264.8
2015-03-10 19:10:00,5944200.0,999.35,7.41,280.62,6.77,95.7,10.31,9.87,0.44,6.17,9.88,1236.17,0.93,2.0,256.9
2015-03-10 19:20:00,5944800.0,999.43,7.38,280.59,6.77,95.9,10.29,9.87,0.42,6.17,9.88,1236.41,1.17,2.12,257.4
2015-03-10 19:30:00,5945400.0,999.51,7.3,280.5,6.69,95.9,10.24,9.82,0.42,6.13,9.82,1236.89,1.36,3.92,242.4
2015-03-10 19:40:00,5946000.0,999.6,7.24,280.43,6.6,95.7,10.19,9.76,0.44,6.09,9.76,1237.3,1.59,2.76,224.5
2015-03-10 19:50:00,5946600.0,999.66,7.19,280.38,6.51,95.4,10.16,9.69,0.47,6.05,9.7,1237.61,1.14,2.04,253.7
2015-03-10 20:00:00,5947200.0,999.66,7.18,280.37,6.48,95.3,10.15,9.68,0.48,6.04,9.68,1237.67,0.99,1.72,241.4
2015-03-10 20:10:00,5947800.0,999.67,7.21,280.4,6.48,95.1,10.17,9.67,0.5,6.04,9.68,1237.54,0.66,1.24,256.9
2015-03-10 20:20:00,5948400.0,999.66,7.16,280.35,6.37,94.7,10.14,9.6,0.54,6.0,9.6,1237.79,0.98,1.48,239.8
2015-03-10 20:30:00,5949000.0,999.69,7.11,280.29,6.3,94.6,10.1,9.56,0.55,5.97,9.56,1238.07,1.08,1.56,240.0
2015-03-10 20:40:00,5949600.0,999.71,7.06,280.24,6.24,94.5,10.07,9.52,0.55,5.94,9.52,1238.33,1.23,2.04,252.0
2015-03-10 20:50:00,5950200.0,999.81,7.06,280.24,6.26,94.6,10.07,9.53,0.54,5.95,9.53,1238.45,1.6,2.74,263.6
2015-03-10 21:00:00,5950800.0,999.89,7.06,280.23,6.27,94.7,10.07,9.54,0.53,5.95,9.54,1238.56,1.47,2.88,259.4
2015-03-10 21:10:00,5951400.0,999.93,7.06,280.23,6.24,94.5,10.07,9.52,0.55,5.94,9.52,1238.61,1.52,2.72,267.4
2015-03-10 21:20:00,5952000.0,1000.01,6.97,280.13,6.11,94.2,10.01,9.43,0.58,5.89,9.43,1239.13,1.58,2.9,269.8
2015-03-10 21:30:00,5952600.0,999.94,6.87,280.03,5.99,94.1,9.94,9.35,0.59,5.84,9.35,1239.54,1.65,3.08,262.8
2015-03-10 21:40:00,5953200.0,1000.03,6.77,279.93,5.91,94.2,9.87,9.3,0.57,5.8,9.3,1240.11,1.83,2.88,264.3
2015-03-10 21:50:00,5953800.0,1000.06,6.62,279.77,5.72,94.0,9.77,9.18,0.59,5.73,9.18,1240.89,1.8,2.8,259.1
2015-03-10 22:00:00,5954400.0,999.96,6.41,279.57,5.5,93.9,9.63,9.04,0.59,5.64,9.04,1241.76,2.21,3.32,260.3
2015-03-10 22:10:00,5955000.0,999.94,6.21,279.38,5.31,93.9,9.5,8.92,0.58,5.57,8.92,1242.67,2.34,3.16,254.2
2015-03-10 22:20:00,5955600.0,999.85,5.94,279.11,5.05,94.0,9.32,8.76,0.56,5.47,8.76,1243.83,2.68,3.88,251.7
2015-03-10 22:30:00,5956200.0,999.85,5.74,278.92,4.93,94.5,9.19,8.69,0.51,5.42,8.69,1244.75,3.07,4.06,247.9
2015-03-10 22:40:00,5956800.0,999.8,5.6,278.77,4.82,94.7,9.1,8.62,0.48,5.38,8.62,1245.37,3.0,3.96,244.7
2015-03-10 22:50:00,5957400.0,999.82,5.46,278.63,4.68,94.7,9.01,8.54,0.48,5.33,8.54,1246.06,2.51,3.72,246.9
2015-03-10 23:00:00,5958000.0,999.85,5.3,278.47,4.49,94.5,8.92,8.43,0.49,5.26,8.43,1246.84,1.85,2.92,244.6
2015-03-10 23:10:00,5958600.0,999.87,5.14,278.31,4.3,94.3,8.81,8.31,0.5,5.19,8.31,1247.66,1.14,2.28,223.5
2015-03-10 23:20:00,5959200.0,999.9,4.86,278.02,4.01,94.2,8.64,8.14,0.5,5.08,8.14,1249.04,0.79,2.0,174.7
2015-03-10 23:30:00,5959800.0,999.97,4.91,278.07,4.21,95.2,8.67,8.26,0.42,5.15,8.26,1248.84,1.38,2.16,97.2
2015-03-10 23:40:00,5960400.0,1000.08,4.79,277.95,4.12,95.4,8.6,8.21,0.4,5.12,8.21,1249.51,0.91,1.4,77.4
2015-03-10 23:50:00,5961000.0,1000.16,4.77,277.92,4.19,96.0,8.59,8.25,0.34,5.14,8.24,1249.7,0.53,1.16,105.9
2015-03-11 00:00:00,5961600.0,1000.25,4.7,277.84,4.09,95.8,8.55,8.19,0.36,5.11,8.19,1250.15,0.99,1.84,136.6
2015-03-11 00:10:00,5962200.0,1000.31,4.58,277.72,3.94,95.6,8.48,8.1,0.37,5.05,8.1,1250.81,1.02,1.8,95.3
2015-03-11 00:20:00,5962800.0,1000.37,4.51,277.64,3.89,95.7,8.43,8.07,0.36,5.03,8.07,1251.21,1.09,1.6,69.64
2015-03-11 00:30:00,5963400.0,1000.34,4.56,277.69,3.93,95.7,8.46,8.1,0.36,5.05,8.1,1250.96,0.81,1.72,71.5
2015-03-11 00:40:00,5964000.0,1000.32,4.67,277.81,3.91,94.8,8.53,8.09,0.44,5.04,8.08,1250.42,0.71,1.52,150.2
2015-03-11 00:50:00,5964600.0,1000.29,4.75,277.89,3.84,93.8,8.58,8.05,0.53,5.02,8.04,1250.06,0.63,1.28,148.2
2015-03-11 01:00:00,5965200.0,1000.33,4.68,277.82,3.67,93.1,8.54,7.95,0.59,4.96,7.95,1250.45,0.6,1.2,95.3
2015-03-11 01:10:00,5965800.0,1000.46,4.7,277.82,3.65,92.9,8.55,7.94,0.61,4.95,7.94,1250.56,0.78,1.62,52.83
2015-03-11 01:20:00,5966400.0,1000.67,4.8,277.9,3.51,91.3,8.61,7.86,0.75,4.9,7.85,1250.41,0.45,1.6,18.16
2015-03-11 01:30:00,5967000.0,1000.74,4.66,277.76,3.24,90.5,8.52,7.71,0.81,4.81,7.71,1251.19,0.7,2.36,241.7
2015-03-11 01:40:00,5967600.0,1000.66,4.54,277.65,3.11,90.4,8.45,7.64,0.81,4.76,7.64,1251.65,0.59,1.5,248.6
2015-03-11 01:50:00,5968200.0,1000.59,4.35,277.46,2.84,89.9,8.34,7.5,0.84,4.67,7.49,1252.5,0.54,1.24,6.22
2015-03-11 02:00:00,5968800.0,1000.64,4.14,277.25,2.57,89.5,8.22,7.35,0.86,4.58,7.35,1253.59,0.3,0.96,324.6
2015-03-11 02:10:00,5969400.0,1000.57,3.8,276.91,2.3,89.9,8.02,7.21,0.81,4.5,7.21,1255.09,1.15,1.92,247.8
2015-03-11 02:20:00,5970000.0,1000.58,3.63,276.74,2.21,90.4,7.92,7.16,0.76,4.47,7.16,1255.92,0.57,1.48,247.0
2015-03-11 02:30:00,5970600.0,1000.6,3.45,276.56,2.1,90.8,7.83,7.11,0.72,4.43,7.1,1256.76,1.34,2.12,241.6
2015-03-11 02:40:00,5971200.0,1000.57,3.44,276.55,2.01,90.3,7.82,7.06,0.76,4.4,7.06,1256.8,0.91,1.6,254.8
2015-03-11 02:50:00,5971800.0,1000.43,3.45,276.57,1.89,89.5,7.83,7.0,0.82,4.37,7.0,1256.61,1.3,1.92,256.8
2015-03-11 03:00:00,5972400.0,1000.38,3.26,276.39,1.73,89.6,7.72,6.92,0.8,4.31,6.92,1257.43,1.03,1.68,242.6
2015-03-11 03:10:00,5973000.0,1000.52,3.02,276.14,1.41,89.1,7.59,6.76,0.83,4.22,6.76,1258.78,1.45,2.36,239.3
2015-03-11 03:20:00,5973600.0,1000.51,2.74,275.86,1.12,89.0,7.44,6.63,0.82,4.13,6.62,1260.1,1.19,2.12,237.3
2015-03-11 03:30:00,5974200.0,1000.55,2.52,275.64,0.88,88.9,7.33,6.51,0.81,4.06,6.51,1261.23,1.49,2.24,243.1
2015-03-11 03:40:00,5974800.0,1000.53,2.36,275.48,0.71,88.8,7.24,6.43,0.81,4.01,6.43,1261.98,1.73,2.76,253.9
2015-03-11 03:50:00,5975400.0,1000.44,2.25,275.37,0.6,88.8,7.18,6.38,0.8,3.98,6.38,1262.4,1.81,2.88,251.0
2015-03-11 04:00:00,5976000.0,1000.42,2.07,275.2,0.47,89.1,7.09,6.32,0.77,3.94,6.32,1263.22,0.76,1.76,249.9
2015-03-11 04:10:00,5976600.0,1000.43,1.88,275.01,0.35,89.5,7.0,6.26,0.73,3.9,6.26,1264.1,0.84,2.36,166.5
2015-03-11 04:20:00,5977200.0,1000.51,1.67,274.79,0.24,90.2,6.89,6.22,0.68,3.87,6.21,1265.22,0.69,1.48,163.1
2015-03-11 04:30:00,5977800.0,1000.62,1.57,274.69,0.07,89.7,6.85,6.14,0.71,3.83,6.14,1265.84,0.67,1.52,195.0
2015-03-11 04:40:00,5978400.0,1000.63,1.45,274.56,-0.1,89.4,6.78,6.06,0.72,3.78,6.06,1266.47,0.55,1.32,221.4
2015-03-11 04:50:00,5979000.0,1000.76,1.44,274.54,-0.11,89.4,6.78,6.06,0.72,3.78,6.06,1266.68,0.6,1.32,109.6
2015-03-11 05:00:00,5979600.0,1000.83,1.31,274.4,-0.1,90.3,6.72,6.06,0.65,3.78,6.06,1267.36,1.12,1.68,108.7
2015-03-11 05:10:00,5980200.0,1000.82,1.23,274.32,-0.1,90.8,6.68,6.06,0.61,3.78,6.06,1267.72,1.0,1.64,119.7
2015-03-11 05:20:00,5980800.0,1000.94,1.18,274.27,-0.13,90.9,6.65,6.05,0.61,3.77,6.04,1268.1,0.84,1.8,125.1
2015-03-11 05:30:00,5981400.0,1000.94,1.19,274.27,-0.16,90.7,6.66,6.04,0.62,3.76,6.03,1268.09,0.87,1.66,114.3
2015-03-11 05:40:00,5982000.0,1000.92,1.06,274.15,-0.21,91.2,6.6,6.02,0.58,3.75,6.01,1268.64,0.55,1.16,110.0
2015-03-11 05:50:00,5982600.0,1001.03,1.1,274.18,-0.21,90.9,6.62,6.02,0.6,3.75,6.01,1268.58,0.52,1.06,113.1
2015-03-11 06:00:00,5983200.0,1001.12,0.96,274.03,-0.38,90.7,6.55,5.94,0.61,3.7,5.93,1269.42,0.61,1.12,76.5
2015-03-11 06:10:00,5983800.0,1001.3,0.82,273.88,-0.46,91.1,6.48,5.91,0.58,3.68,5.9,1270.28,0.36,0.68,17.72
2015-03-11 06:20:00,5984400.0,1001.29,0.8,273.86,-0.46,91.2,6.47,5.91,0.57,3.68,5.9,1270.36,0.3,0.8,322.9
2015-03-11 06:30:00,5985000.0,1001.39,0.74,273.79,-0.5,91.4,6.44,5.89,0.55,3.67,5.88,1270.8,0.95,1.68,26.11
2015-03-11 06:40:00,5985600.0,1001.57,0.75,273.78,-0.58,90.8,6.45,5.85,0.59,3.64,5.85,1271.02,0.88,1.56,15.06
2015-03-11 06:50:00,5986200.0,1001.64,0.66,273.69,-0.62,91.1,6.41,5.84,0.57,3.63,5.83,1271.5,0.37,0.88,187.4
2015-03-11 07:00:00,5986800.0,1001.62,0.78,273.82,-0.56,90.7,6.47,5.86,0.6,3.65,5.85,1270.89,0.37,0.72,98.8
2015-03-11 07:10:00,5987400.0,1001.72,0.67,273.7,-0.73,90.3,6.41,5.79,0.62,3.6,5.78,1271.59,0.81,1.48,24.36
2015-03-11 07:20:00,5988000.0,1001.82,0.84,273.86,-0.51,90.6,6.49,5.88,0.61,3.66,5.87,1270.86,0.51,0.98,132.1
2015-03-11 07:30:00,5988600.0,1001.95,1.17,274.18,-0.4,89.2,6.65,5.93,0.72,3.69,5.92,1269.48,0.63,1.22,134.7
2015-03-11 07:40:00,5989200.0,1002.07,1.0,274.0,-0.52,89.5,6.57,5.88,0.69,3.66,5.87,1270.45,0.39,0.74,70.4
2015-03-11 07:50:00,5989800.0,1002.07,1.05,274.04,-0.42,89.9,6.59,5.92,0.67,3.69,5.91,1270.22,0.53,1.04,227.5
2015-03-11 08:00:00,5990400.0,1002.16,1.0,273.99,-0.41,90.3,6.57,5.93,0.64,3.69,5.92,1270.56,0.9,1.8,214.5
2015-03-11 08:10:00,5991000.0,1002.24,1.02,274.01,-0.38,90.3,6.58,5.94,0.64,3.69,5.93,1270.54,1.17,2.24,244.3
2015-03-11 08:20:00,5991600.0,1002.32,1.13,274.1,-0.31,90.1,6.63,5.97,0.66,3.71,5.96,1270.15,1.35,2.88,253.3
2015-03-11 08:30:00,5992200.0,1002.48,1.24,274.21,-0.28,89.5,6.68,5.98,0.7,3.72,5.97,1269.79,1.6,2.56,255.5
2015-03-11 08:40:00,5992800.0,1002.55,1.27,274.23,-0.33,89.0,6.7,5.96,0.74,3.71,5.95,1269.77,1.98,3.0,251.1
2015-03-11 08:50:00,5993400.0,1002.64,1.36,274.31,-0.29,88.7,6.74,5.98,0.76,3.72,5.96,1269.46,2.27,3.65,244.0
2015-03-11 09:00:00,5994000.0,1002.64,1.46,274.41,-0.25,88.3,6.79,6.0,0.79,3.73,5.98,1268.99,2.02,3.41,248.3
2015-03-11 09:10:00,5994600.0,1002.6,1.69,274.65,-0.18,87.3,6.9,6.03,0.88,3.75,6.01,1267.85,1.55,2.68,258.9
2015-03-11 09:20:00,5995200.0,1002.56,2.05,275.01,-0.21,84.9,7.08,6.01,1.07,3.74,6.0,1266.16,1.38,3.0,258.1
2015-03-11 09:30:00,5995800.0,1002.47,2.49,275.45,-0.41,81.1,7.31,5.93,1.38,3.69,5.91,1264.09,1.33,2.92,277.3
2015-03-11 09:40:00,5996400.0,1002.41,3.07,276.04,-0.48,77.4,7.62,5.9,1.72,3.67,5.88,1261.33,0.84,2.56,15.47
2015-03-11 09:50:00,5997000.0,1002.38,3.77,276.74,-0.29,74.7,8.0,5.98,2.03,3.72,5.97,1258.1,1.12,2.68,309.0
2015-03-11 10:00:00,5997600.0,1002.25,4.16,277.15,-0.13,73.5,8.23,6.05,2.18,3.76,6.04,1256.1,1.11,2.3,269.8
2015-03-11 10:10:00,5998200.0,1002.24,4.11,277.09,-0.39,72.4,8.2,5.94,2.26,3.69,5.92,1256.39,1.69,3.81,268.1
2015-03-11 10:20:00,5998800.0,1002.26,3.67,276.65,-0.69,73.1,7.95,5.81,2.14,3.61,5.8,1258.5,1.92,3.28,293.8
2015-03-11 10:30:00,5999400.0,1002.1,3.61,276.61,-0.53,74.2,7.92,5.87,2.04,3.65,5.86,1258.51,1.56,3.32,256.3
2015-03-11 10:40:00,6000000.0,1002.01,4.11,277.11,-0.18,73.5,8.2,6.03,2.17,3.75,6.02,1256.05,1.54,3.32,301.7
2015-03-11 10:50:00,6000600.0,1001.93,4.18,277.19,-0.3,72.5,8.24,5.97,2.27,3.72,5.96,1255.67,2.41,4.15,278.5
2015-03-11 11:00:00,6001200.0,1001.8,4.16,277.17,-0.63,70.9,8.23,5.83,2.39,3.63,5.82,1255.68,2.15,4.89,280.7
2015-03-11 11:10:00,6001800.0,1001.84,4.4,277.42,-0.61,69.77,8.37,5.84,2.53,3.63,5.83,1254.6,1.13,3.72,332.3
2015-03-11 11:20:00,6002400.0,1001.89,4.6,277.61,-0.65,68.61,8.49,5.82,2.66,3.62,5.81,1253.79,2.11,5.45,315.7
2015-03-11 11:30:00,6003000.0,1001.86,4.69,277.7,-0.7,67.96,8.54,5.8,2.74,3.61,5.79,1253.37,1.93,4.95,357.8
2015-03-11 11:40:00,6003600.0,1001.81,5.05,278.07,-0.6,66.76,8.76,5.85,2.91,3.64,5.84,1251.65,1.77,3.8,240.0
2015-03-11 11:50:00,6004200.0,1001.72,5.69,278.71,-0.52,64.22,9.16,5.88,3.28,3.66,5.87,1248.65,1.28,3.64,275.6
2015-03-11 12:00:00,6004800.0,1001.56,5.75,278.78,-0.31,64.95,9.2,5.97,3.22,3.72,5.96,1248.15,2.35,4.0,301.7
2015-03-11 12:10:00,6005400.0,1001.47,5.74,278.78,-0.57,63.73,9.19,5.86,3.33,3.65,5.85,1248.12,2.23,4.29,331.4
2015-03-11 12:20:00,6006000.0,1001.38,5.89,278.94,-0.65,62.71,9.29,5.82,3.46,3.63,5.82,1247.37,2.06,4.65,293.4
2015-03-11 12:30:00,6006600.0,1001.42,6.17,279.22,-0.43,62.51,9.47,5.92,3.55,3.69,5.91,1246.09,1.92,5.13,1.98
2015-03-11 12:40:00,6007200.0,1001.43,5.97,279.02,-0.31,63.93,9.34,5.97,3.37,3.72,5.96,1246.99,2.39,4.81,284.5
2015-03-11 12:50:00,6007800.0,1001.35,5.97,279.02,-0.4,63.54,9.34,5.93,3.4,3.69,5.93,1246.9,1.48,3.92,4.2
2015-03-11 13:00:00,6008400.0,1001.25,6.16,279.22,-0.34,62.98,9.46,5.96,3.5,3.71,5.95,1245.92,1.54,4.36,289.1
2015-03-11 13:10:00,6009000.0,1001.13,6.36,279.43,-0.13,63.07,9.6,6.05,3.54,3.77,6.04,1244.83,1.43,4.0,304.4
2015-03-11 13:20:00,6009600.0,1001.01,6.52,279.6,-0.07,62.65,9.7,6.08,3.62,3.78,6.07,1243.99,1.68,4.0,264.7
2015-03-11 13:30:00,6010200.0,1000.88,6.63,279.72,-0.14,61.86,9.77,6.05,3.73,3.77,6.04,1243.34,1.67,3.24,292.4
2015-03-11 13:40:00,6010800.0,1000.76,6.77,279.87,0.0,61.85,9.87,6.11,3.77,3.8,6.1,1242.51,1.49,3.84,290.7
2015-03-11 13:50:00,6011400.0,1000.75,6.74,279.84,0.15,62.66,9.85,6.17,3.68,3.85,6.17,1242.6,1.39,3.12,275.1
2015-03-11 14:00:00,6012000.0,1000.74,6.62,279.72,0.18,63.33,9.77,6.19,3.58,3.85,6.18,1243.13,1.4,3.12,317.4
2015-03-11 14:10:00,6012600.0,1000.73,6.62,279.72,0.06,62.8,9.77,6.13,3.63,3.82,6.13,1243.16,0.91,1.92,354.9
2015-03-11 14:20:00,6013200.0,1000.67,6.9,280.0,0.25,62.48,9.96,6.22,3.74,3.88,6.22,1241.8,0.94,2.28,339.5
2015-03-11 14:30:00,6013800.0,1000.62,7.48,280.59,0.37,60.54,10.36,6.27,4.09,3.91,6.27,1239.14,1.44,3.32,277.3
2015-03-11 14:40:00,6014400.0,1000.56,7.51,280.62,0.12,59.34,10.38,6.16,4.22,3.84,6.16,1238.98,2.58,4.65,283.6
2015-03-11 14:50:00,6015000.0,1000.6,7.78,280.89,0.48,59.78,10.58,6.32,4.25,3.94,6.32,1237.77,1.74,3.48,285.1
2015-03-11 15:00:00,6015600.0,1000.65,7.7,280.81,0.39,59.71,10.52,6.28,4.24,3.91,6.28,1238.2,1.99,4.24,300.2
2015-03-11 15:10:00,6016200.0,1000.63,7.52,280.63,0.66,61.65,10.39,6.41,3.99,3.99,6.4,1238.91,1.57,3.36,287.1
2015-03-11 15:20:00,6016800.0,1000.58,8.02,281.13,0.52,58.98,10.75,6.34,4.41,3.95,6.34,1236.67,1.49,3.04,358.0
2015-03-11 15:30:00,6017400.0,1000.54,7.91,281.03,0.4,58.91,10.67,6.29,4.39,3.92,6.28,1237.13,2.45,4.97,286.6
2015-03-11 15:40:00,6018000.0,1000.42,8.15,281.28,0.73,59.38,10.85,6.44,4.41,4.01,6.44,1235.86,2.16,4.12,265.4
2015-03-11 15:50:00,6018600.0,1000.42,8.11,281.24,0.86,60.11,10.82,6.5,4.32,4.05,6.5,1236.0,2.69,4.73,269.1
2015-03-11 16:00:00,6019200.0,1000.41,7.97,281.1,0.87,60.71,10.72,6.51,4.21,4.05,6.5,1236.61,1.84,4.12,278.8
2015-03-11 16:10:00,6019800.0,1000.37,7.73,280.86,0.69,60.9,10.54,6.42,4.12,4.0,6.42,1237.65,1.41,2.86,253.6
2015-03-11 16:20:00,6020400.0,1000.35,7.85,280.98,0.69,60.44,10.63,6.42,4.2,4.0,6.42,1237.09,1.4,3.0,257.6
2015-03-11 16:30:00,6021000.0,1000.33,8.07,281.2,0.67,59.43,10.79,6.41,4.38,4.0,6.41,1236.11,1.85,4.12,268.9
2015-03-11 16:40:00,6021600.0,1000.45,7.83,280.95,0.71,60.59,10.61,6.43,4.18,4.01,6.43,1237.3,1.59,4.93,309.7
2015-03-11 16:50:00,6022200.0,1000.44,7.66,280.79,0.85,61.94,10.49,6.5,3.99,4.05,6.5,1238.0,1.13,5.05,295.5
2015-03-11 17:00:00,6022800.0,1000.53,6.88,280.0,1.53,68.6,9.95,6.82,3.12,4.25,6.82,1241.42,3.86,5.29,30.45
2015-03-11 17:10:00,6023400.0,1000.56,6.29,279.41,1.58,71.7,9.55,6.85,2.7,4.27,6.84,1244.06,3.68,5.45,29.45
2015-03-11 17:20:00,6024000.0,1000.69,6.16,279.26,1.58,72.4,9.46,6.85,2.61,4.27,6.84,1244.83,3.02,4.57,29.11
2015-03-11 17:30:00,6024600.0,1000.79,6.15,279.25,1.56,72.3,9.46,6.84,2.62,4.26,6.83,1244.98,1.59,3.16,34.38
2015-03-11 17:40:00,6025200.0,1000.85,6.19,279.28,1.52,71.9,9.48,6.82,2.66,4.25,6.81,1244.87,0.88,1.64,34.71
2015-03-11 17:50:00,6025800.0,1000.92,6.2,279.28,1.48,71.7,9.49,6.8,2.68,4.24,6.8,1244.96,0.56,1.34,22.62
2015-03-11 18:00:00,6026400.0,1001.02,6.24,279.32,1.51,71.6,9.52,6.81,2.7,4.25,6.81,1244.87,0.42,1.0,356.6
2015-03-11 18:10:00,6027000.0,1001.06,6.28,279.36,1.61,71.9,9.54,6.86,2.68,4.27,6.85,1244.72,0.47,1.04,50.93
2015-03-11 18:20:00,6027600.0,1001.16,6.4,279.47,1.59,71.2,9.62,6.85,2.77,4.27,6.84,1244.31,0.46,1.08,2.03
2015-03-11 18:30:00,6028200.0,1001.27,6.3,279.36,1.59,71.7,9.56,6.85,2.7,4.27,6.84,1244.9,0.46,1.16,11.97
2015-03-11 18:40:00,6028800.0,1001.28,6.18,279.24,1.43,71.5,9.48,6.78,2.7,4.22,6.77,1245.47,0.71,1.5,340.3
2015-03-11 18:50:00,6029400.0,1001.38,6.18,279.23,1.51,71.9,9.48,6.81,2.66,4.24,6.8,1245.59,0.39,0.76,343.9
2015-03-11 19:00:00,6030000.0,1001.52,6.16,279.2,1.42,71.5,9.47,6.77,2.7,4.21,6.76,1245.86,0.56,1.24,240.7
2015-03-11 19:10:00,6030600.0,1001.55,6.02,279.06,1.31,71.7,9.37,6.72,2.65,4.18,6.71,1246.57,1.09,1.68,251.8
2015-03-11 19:20:00,6031200.0,1001.63,5.92,278.95,1.37,72.5,9.31,6.75,2.56,4.2,6.74,1247.1,1.09,1.66,252.0
2015-03-11 19:30:00,6031800.0,1001.58,5.82,278.85,1.21,72.2,9.24,6.67,2.57,4.15,6.66,1247.54,1.32,1.92,245.3
2015-03-11 19:40:00,6032400.0,1001.6,5.77,278.81,0.85,70.5,9.21,6.5,2.72,4.04,6.48,1247.84,1.13,1.8,249.5
2015-03-11 19:50:00,6033000.0,1001.65,5.78,278.81,0.56,69.02,9.22,6.36,2.86,3.96,6.35,1247.93,1.13,1.72,258.0
2015-03-11 20:00:00,6033600.0,1001.68,5.79,278.82,0.56,68.97,9.22,6.36,2.86,3.96,6.35,1247.91,0.73,1.44,234.5
2015-03-11 20:10:00,6034200.0,1001.65,5.76,278.79,0.48,68.71,9.2,6.32,2.88,3.94,6.31,1248.03,1.38,2.52,244.3
2015-03-11 20:20:00,6034800.0,1001.68,5.73,278.76,0.47,68.81,9.18,6.32,2.86,3.93,6.31,1248.21,1.41,2.58,241.4
2015-03-11 20:30:00,6035400.0,1001.8,5.84,278.86,0.56,68.74,9.26,6.36,2.89,3.96,6.35,1247.85,0.53,1.62,336.4
2015-03-11 20:40:00,6036000.0,1001.88,5.85,278.86,0.5,68.38,9.26,6.33,2.93,3.94,6.32,1247.91,0.78,2.12,273.0
2015-03-11 20:50:00,6036600.0,1001.85,5.86,278.87,0.46,68.18,9.27,6.32,2.95,3.93,6.31,1247.85,0.97,1.88,247.5
2015-03-11 21:00:00,6037200.0,1001.85,5.85,278.87,0.54,68.58,9.26,6.35,2.91,3.95,6.34,1247.86,1.24,2.0,250.9
2015-03-11 21:10:00,6037800.0,1001.91,5.74,278.75,0.81,70.5,9.19,6.48,2.71,4.03,6.47,1248.39,1.34,2.0,254.2
2015-03-11 21:20:00,6038400.0,1001.91,5.57,278.57,1.03,72.5,9.08,6.58,2.5,4.1,6.57,1249.11,1.19,2.12,248.6
2015-03-11 21:30:00,6039000.0,1001.98,5.39,278.39,1.13,73.9,8.97,6.63,2.34,4.12,6.62,1249.97,1.63,3.08,242.5
2015-03-11 21:40:00,6039600.0,1001.95,5.25,278.25,1.12,74.6,8.88,6.63,2.26,4.12,6.61,1250.56,1.8,3.2,253.5
2015-03-11 21:50:00,6040200.0,1001.89,5.24,278.25,0.97,73.8,8.88,6.55,2.33,4.08,6.54,1250.55,2.26,3.52,251.1
2015-03-11 22:00:00,6040800.0,1001.87,5.3,278.31,0.87,73.0,8.91,6.51,2.41,4.05,6.49,1250.3,2.08,3.0,247.4
2015-03-11 22:10:00,6041400.0,1001.84,5.26,278.28,0.8,72.8,8.89,6.47,2.42,4.03,6.46,1250.44,2.34,3.24,243.6
2015-03-11 22:20:00,6042000.0,1001.9,5.26,278.26,0.75,72.6,8.89,6.45,2.43,4.02,6.44,1250.55,1.91,3.36,247.5
2015-03-11 22:30:00,6042600.0,1001.93,5.16,278.17,0.74,73.0,8.83,6.45,2.38,4.01,6.43,1251.01,2.33,3.2,245.8
2015-03-11 22:40:00,6043200.0,1001.94,5.13,278.13,0.72,73.1,8.81,6.44,2.37,4.01,6.43,1251.18,2.18,3.12,252.8
2015-03-11 22:50:00,6043800.0,1001.95,5.09,278.1,0.76,73.5,8.78,6.46,2.33,4.02,6.44,1251.35,2.38,3.4,250.0
2015-03-11 23:00:00,6044400.0,1001.98,5.07,278.07,0.8,73.8,8.77,6.47,2.3,4.03,6.46,1251.5,2.78,3.61,247.5
2015-03-11 23:10:00,6045000.0,1002.01,5.07,278.07,0.82,73.9,8.77,6.48,2.29,4.03,6.47,1251.52,2.52,3.32,250.5
2015-03-11 23:20:00,6045600.0,1002.02,5.06,278.06,0.83,74.0,8.77,6.49,2.28,4.04,6.47,1251.55,2.88,4.33,245.8
2015-03-11 23:30:00,6046200.0,1002.08,5.11,278.11,0.86,73.9,8.8,6.5,2.3,4.05,6.49,1251.39,2.62,3.73,248.0
2015-03-11 23:40:00,6046800.0,1002.14,5.16,278.15,0.93,74.0,8.83,6.53,2.3,4.06,6.52,1251.24,2.69,3.61,249.0
2015-03-11 23:50:00,6047400.0,1002.23,5.2,278.19,0.97,74.0,8.85,6.55,2.3,4.08,6.54,1251.15,2.45,3.89,250.3
2015-03-12 00:00:00,6048000.0,1002.25,5.17,278.15,1.01,74.4,8.83,6.57,2.26,4.09,6.56,1251.32,2.02,3.08,250.5
2015-03-12 00:10:00,6048600.0,1002.25,5.08,278.06,1.01,74.9,8.78,6.57,2.2,4.09,6.56,1251.73,2.24,3.95,251.8
2015-03-12 00:20:00,6049200.0,1002.28,5.07,278.05,1.08,75.3,8.77,6.6,2.17,4.11,6.59,1251.79,2.23,3.61,254.2
2015-03-12 00:30:00,6049800.0,1002.29,5.05,278.03,1.09,75.5,8.76,6.61,2.15,4.11,6.6,1251.89,2.45,3.41,250.0
2015-03-12 00:40:00,6050400.0,1002.41,4.96,277.93,1.12,76.1,8.71,6.63,2.08,4.12,6.61,1252.42,1.69,3.0,230.1
2015-03-12 00:50:00,6051000.0,1002.47,4.91,277.87,1.18,76.7,8.67,6.65,2.02,4.14,6.64,1252.72,1.61,2.78,231.8
2015-03-12 01:00:00,6051600.0,1002.5,4.95,277.91,1.21,76.7,8.7,6.67,2.03,4.15,6.65,1252.6,1.6,3.12,236.2
2015-03-12 01:10:00,6052200.0,1002.59,4.93,277.88,1.26,77.1,8.68,6.69,1.99,4.16,6.68,1252.78,1.43,2.2,229.2
2015-03-12 01:20:00,6052800.0,1002.66,4.94,277.88,1.27,77.1,8.69,6.7,1.99,4.17,6.68,1252.82,1.41,2.08,225.8
2015-03-12 01:30:00,6053400.0,1002.71,4.96,277.9,1.3,77.1,8.7,6.71,1.99,4.17,6.69,1252.77,1.05,2.24,217.2
2015-03-12 01:40:00,6054000.0,1002.74,5.0,277.95,1.34,77.1,8.73,6.73,2.0,4.19,6.71,1252.6,1.35,2.6,215.8
2015-03-12 01:50:00,6054600.0,1002.75,4.9,277.84,1.33,77.6,8.67,6.73,1.94,4.18,6.71,1253.09,1.1,1.92,214.3
2015-03-12 02:00:00,6055200.0,1002.75,4.89,277.83,1.32,77.6,8.66,6.72,1.94,4.18,6.7,1253.14,1.26,1.92,209.4
2015-03-12 02:10:00,6055800.0,1002.78,4.9,277.84,1.38,77.9,8.67,6.75,1.92,4.2,6.73,1253.12,1.06,1.56,186.9
2015-03-12 02:20:00,6056400.0,1002.76,4.86,277.8,1.34,77.9,8.64,6.73,1.91,4.19,6.71,1253.28,0.78,1.12,186.7
2015-03-12 02:30:00,6057000.0,1002.76,4.89,277.83,1.32,77.6,8.66,6.72,1.94,4.18,6.7,1253.17,0.57,1.36,47.65
2015-03-12 02:40:00,6057600.0,1002.79,4.85,277.79,1.23,77.3,8.64,6.68,1.96,4.15,6.66,1253.38,0.57,1.48,298.8
2015-03-12 02:50:00,6058200.0,1002.76,4.77,277.71,1.22,77.7,8.59,6.67,1.91,4.15,6.65,1253.74,0.51,1.28,233.8
2015-03-12 03:00:00,6058800.0,1002.75,4.64,277.59,1.22,78.4,8.51,6.68,1.84,4.15,6.66,1254.27,0.47,1.06,117.2
2015-03-12 03:10:00,6059400.0,1002.75,4.68,277.62,1.24,78.3,8.54,6.68,1.85,4.16,6.67,1254.09,0.47,1.32,60.38
2015-03-12 03:20:00,6060000.0,1002.74,4.66,277.6,1.22,78.3,8.52,6.67,1.85,4.15,6.66,1254.17,0.51,1.2,57.63
2015-03-12 03:30:00,6060600.0,1002.76,4.47,277.41,1.13,78.8,8.41,6.63,1.78,4.12,6.61,1255.07,0.96,1.78,34.45
2015-03-12 03:40:00,6061200.0,1002.76,4.33,277.27,1.1,79.4,8.33,6.61,1.72,4.11,6.6,1255.71,0.38,0.88,3.42
2015-03-12 03:50:00,6061800.0,1002.76,4.15,277.09,0.99,79.8,8.22,6.56,1.66,4.08,6.54,1256.57,0.55,1.08,30.92
2015-03-12 04:00:00,6062400.0,1002.91,3.92,276.85,0.92,80.7,8.09,6.53,1.56,4.06,6.51,1257.83,0.59,1.52,15.07
2015-03-12 04:10:00,6063000.0,1002.95,3.76,276.68,0.86,81.3,8.0,6.5,1.5,4.04,6.48,1258.62,0.72,1.3,13.86
2015-03-12 04:20:00,6063600.0,1003.0,3.59,276.51,0.81,82.0,7.9,6.48,1.42,4.03,6.46,1259.46,1.15,2.54,8.9
2015-03-12 04:30:00,6064200.0,1003.08,3.53,276.45,0.81,82.3,7.87,6.48,1.39,4.03,6.46,1259.81,1.66,2.7,5.25
2015-03-12 04:40:00,6064800.0,1003.14,3.47,276.38,0.79,82.5,7.84,6.47,1.37,4.02,6.45,1260.17,1.24,1.76,349.4
2015-03-12 04:50:00,6065400.0,1003.2,3.52,276.43,0.83,82.5,7.86,6.49,1.38,4.03,6.47,1260.03,0.83,1.52,350.1
2015-03-12 05:00:00,6066000.0,1003.22,3.48,276.39,0.8,82.5,7.84,6.47,1.37,4.02,6.45,1260.22,0.68,1.24,351.6
2015-03-12 05:10:00,6066600.0,1003.25,3.49,276.39,0.78,82.4,7.85,6.47,1.38,4.02,6.44,1260.25,1.0,2.08,334.7
2015-03-12 05:20:00,6067200.0,1003.25,3.47,276.37,0.76,82.4,7.84,6.46,1.38,4.01,6.44,1260.34,1.34,2.16,352.9
2015-03-12 05:30:00,6067800.0,1003.23,3.36,276.27,0.69,82.6,7.78,6.42,1.35,3.99,6.4,1260.81,1.22,2.04,356.6
2015-03-12 05:40:00,6068400.0,1003.15,3.18,276.1,0.64,83.3,7.68,6.4,1.28,3.98,6.38,1261.53,1.43,2.22,9.87
2015-03-12 05:50:00,6069000.0,1003.25,3.0,275.9,0.57,84.0,7.58,6.37,1.21,3.96,6.35,1262.53,1.44,1.88,347.4
2015-03-12 06:00:00,6069600.0,1003.39,2.79,275.68,0.51,84.9,7.47,6.34,1.13,3.94,6.32,1263.68,1.28,1.92,348.8
2015-03-12 06:10:00,6070200.0,1003.49,2.67,275.55,0.49,85.5,7.4,6.33,1.07,3.93,6.31,1264.35,1.04,1.58,331.4
2015-03-12 06:20:00,6070800.0,1003.46,2.67,275.56,0.48,85.4,7.41,6.32,1.08,3.93,6.3,1264.3,0.63,1.22,74.7
2015-03-12 06:30:00,6071400.0,1003.51,2.54,275.43,0.46,86.1,7.34,6.32,1.02,3.93,6.3,1264.96,0.92,1.8,34.19
2015-03-12 06:40:00,6072000.0,1003.64,2.55,275.43,0.52,86.4,7.34,6.34,1.0,3.94,6.32,1265.05,0.67,1.84,26.34
2015-03-12 06:50:00,6072600.0,1003.72,2.61,275.47,0.54,86.2,7.37,6.35,1.02,3.95,6.33,1264.91,0.48,1.24,13.07
2015-03-12 07:00:00,6073200.0,1003.75,2.53,275.39,0.54,86.7,7.33,6.35,0.97,3.95,6.33,1265.32,0.46,1.08,199.6
2015-03-12 07:10:00,6073800.0,1003.87,2.57,275.42,0.6,86.8,7.35,6.38,0.97,3.96,6.36,1265.26,0.77,2.16,157.5
2015-03-12 07:20:00,6074400.0,1003.98,2.58,275.43,0.66,87.1,7.36,6.41,0.95,3.98,6.38,1265.34,0.57,1.28,54.65
2015-03-12 07:30:00,6075000.0,1004.11,2.59,275.43,0.63,86.8,7.36,6.39,0.97,3.97,6.37,1265.44,1.8,2.96,31.34
2015-03-12 07:40:00,6075600.0,1004.24,2.43,275.26,0.51,87.1,7.28,6.34,0.94,3.94,6.31,1266.38,2.78,3.89,24.18
2015-03-12 07:50:00,6076200.0,1004.37,2.28,275.09,0.47,87.8,7.2,6.32,0.88,3.92,6.29,1267.26,3.28,4.41,29.45
2015-03-12 08:00:00,6076800.0,1004.43,2.2,275.01,0.5,88.5,7.16,6.34,0.82,3.93,6.31,1267.69,2.81,3.81,30.04
2015-03-12 08:10:00,6077400.0,1004.56,2.26,275.07,0.65,89.0,7.19,6.4,0.79,3.97,6.37,1267.53,2.05,3.65,20.77
2015-03-12 08:20:00,6078000.0,1004.72,2.2,274.99,0.66,89.5,7.16,6.41,0.75,3.98,6.38,1268.0,2.02,2.92,25.27
2015-03-12 08:30:00,6078600.0,1004.81,2.14,274.92,0.64,89.8,7.13,6.4,0.73,3.97,6.37,1268.44,2.47,3.89,18.27
2015-03-12 08:40:00,6079200.0,1004.84,2.06,274.84,0.61,90.1,7.09,6.39,0.7,3.96,6.36,1268.83,2.72,4.81,23.78
2015-03-12 08:50:00,6079800.0,1004.84,2.07,274.85,0.61,90.0,7.09,6.38,0.71,3.96,6.35,1268.79,2.53,4.13,17.66
2015-03-12 09:00:00,6080400.0,1004.87,2.16,274.94,0.62,89.5,7.14,6.39,0.75,3.96,6.36,1268.4,2.97,4.73,23.25
2015-03-12 09:10:00,6081000.0,1004.94,2.22,274.99,0.5,88.3,7.17,6.33,0.84,3.93,6.3,1268.23,3.56,5.21,33.37
2015-03-12 09:20:00,6081600.0,1004.92,2.08,274.85,0.39,88.5,7.1,6.28,0.82,3.9,6.25,1268.89,4.07,6.45,42.23
2015-03-12 09:30:00,6082200.0,1004.92,1.85,274.62,0.41,90.1,6.98,6.29,0.69,3.9,6.26,1269.94,4.01,6.17,29.02
2015-03-12 09:40:00,6082800.0,1004.96,1.82,274.59,0.5,90.9,6.97,6.33,0.63,3.93,6.3,1270.11,3.17,4.41,25.57
2015-03-12 09:50:00,6083400.0,1004.94,1.87,274.64,0.48,90.5,6.99,6.33,0.66,3.92,6.3,1269.88,2.87,3.97,25.06
2015-03-12 10:00:00,6084000.0,1004.86,1.8,274.58,0.34,90.0,6.96,6.26,0.7,3.88,6.23,1270.12,2.72,4.51,23.07
2015-03-12 10:10:00,6084600.0,1004.88,1.74,274.52,0.21,89.5,6.93,6.2,0.73,3.85,6.17,1270.44,2.83,4.17,23.53
2015-03-12 10:20:00,6085200.0,1004.93,1.58,274.35,-0.06,88.8,6.85,6.08,0.77,3.77,6.05,1271.33,4.22,5.89,25.95
2015-03-12 10:30:00,6085800.0,1004.95,1.44,274.21,-0.22,88.7,6.78,6.01,0.77,3.73,5.98,1272.03,3.53,4.89,22.13
2015-03-12 10:40:00,6086400.0,1004.92,1.56,274.33,-0.33,87.2,6.84,5.96,0.88,3.7,5.93,1271.44,2.97,4.37,21.46
2015-03-12 10:50:00,6087000.0,1004.96,1.79,274.56,-0.39,85.4,6.95,5.94,1.02,3.68,5.91,1270.43,2.48,3.45,28.17
2015-03-12 11:00:00,6087600.0,1004.95,1.89,274.66,-0.35,85.0,7.0,5.95,1.05,3.69,5.92,1269.95,3.1,4.63,28.18
2015-03-12 11:10:00,6088200.0,1004.97,1.92,274.69,-0.44,84.3,7.02,5.91,1.1,3.67,5.88,1269.88,3.62,5.33,33.44
2015-03-12 11:20:00,6088800.0,1004.9,1.83,274.61,-0.48,84.6,6.97,5.9,1.07,3.66,5.87,1270.2,4.68,6.41,33.65
2015-03-12 11:30:00,6089400.0,1004.94,1.74,274.52,-0.79,83.2,6.93,5.77,1.16,3.58,5.74,1270.72,4.89,7.07,31.45
2015-03-12 11:40:00,6090000.0,1004.98,1.67,274.43,-0.87,83.2,6.89,5.73,1.16,3.56,5.7,1271.14,4.25,6.01,34.5
2015-03-12 11:50:00,6090600.0,1004.98,1.71,274.48,-0.66,84.2,6.91,5.82,1.09,3.61,5.79,1270.89,3.05,5.61,22.33
2015-03-12 12:00:00,6091200.0,1004.97,1.78,274.55,-0.64,83.9,6.95,5.83,1.12,3.61,5.8,1270.57,3.82,5.45,25.95
2015-03-12 12:10:00,6091800.0,1004.93,1.72,274.49,-0.62,84.4,6.92,5.84,1.08,3.62,5.81,1270.78,2.98,4.73,25.43
2015-03-12 12:20:00,6092400.0,1004.86,1.82,274.6,-0.65,83.6,6.97,5.83,1.14,3.61,5.8,1270.22,2.81,4.61,32.89
2015-03-12 12:30:00,6093000.0,1004.81,1.8,274.58,-0.67,83.6,6.96,5.81,1.14,3.61,5.79,1270.28,2.25,3.73,15.84
2015-03-12 12:40:00,6093600.0,1004.72,1.96,274.75,-0.56,83.3,7.04,5.86,1.18,3.64,5.83,1269.4,2.67,3.95,48.86
2015-03-12 12:50:00,6094200.0,1004.7,1.97,274.77,-0.48,83.7,7.05,5.9,1.15,3.66,5.87,1269.27,1.96,4.23,67.56
2015-03-12 13:00:00,6094800.0,1004.59,2.07,274.87,-0.42,83.5,7.09,5.92,1.17,3.68,5.9,1268.7,1.86,3.24,64.94
2015-03-12 13:10:00,6095400.0,1004.48,2.21,275.02,-0.33,83.2,7.17,5.96,1.2,3.7,5.94,1267.88,1.6,2.76,62.76
2015-03-12 13:20:00,6096000.0,1004.42,2.31,275.12,-0.33,82.6,7.22,5.96,1.26,3.7,5.93,1267.35,2.6,3.97,27.78
2015-03-12 13:30:00,6096600.0,1004.47,2.42,275.23,-0.16,83.0,7.27,6.04,1.24,3.75,6.01,1266.86,2.52,3.16,46.2
2015-03-12 13:40:00,6097200.0,1004.39,2.59,275.4,-0.03,82.8,7.36,6.09,1.27,3.78,6.07,1265.97,2.14,3.24,50.87
2015-03-12 13:50:00,6097800.0,1004.35,2.69,275.51,0.01,82.4,7.42,6.11,1.31,3.79,6.08,1265.43,2.06,3.28,50.72
2015-03-12 14:00:00,6098400.0,1004.28,2.76,275.58,-0.09,81.4,7.45,6.07,1.39,3.77,6.04,1265.05,2.45,3.32,33.0
2015-03-12 14:10:00,6099000.0,1004.26,2.81,275.64,-0.16,80.7,7.48,6.04,1.44,3.75,6.01,1264.8,2.61,4.29,46.64
2015-03-12 14:20:00,6099600.0,1004.24,2.87,275.69,-0.21,80.1,7.51,6.02,1.49,3.73,5.99,1264.52,2.1,3.32,41.59
2015-03-12 14:30:00,6100200.0,1004.14,2.9,275.74,-0.17,80.1,7.53,6.03,1.5,3.74,6.01,1264.23,1.85,3.12,28.02
2015-03-12 14:40:00,6100800.0,1004.03,3.05,275.89,-0.06,79.9,7.61,6.08,1.53,3.77,6.06,1263.4,2.11,3.12,54.5
2015-03-12 14:50:00,6101400.0,1003.99,3.04,275.89,-0.32,78.5,7.6,5.97,1.63,3.71,5.94,1263.44,2.03,2.96,80.5
2015-03-12 15:00:00,6102000.0,1003.99,3.11,275.95,-0.23,78.6,7.64,6.0,1.63,3.73,5.98,1263.12,1.59,3.24,60.06
2015-03-12 15:10:00,6102600.0,1003.9,3.18,276.03,-0.15,78.7,7.68,6.04,1.64,3.75,6.02,1262.68,1.03,2.48,54.52
2015-03-12 15:20:00,6103200.0,1003.87,3.27,276.12,-0.13,78.3,7.73,6.05,1.68,3.76,6.03,1262.21,1.24,2.08,74.9
2015-03-12 15:30:00,6103800.0,1003.85,3.27,276.12,-0.1,78.5,7.73,6.06,1.66,3.77,6.04,1262.19,2.08,3.45,47.7
2015-03-12 15:40:00,6104400.0,1003.77,3.33,276.19,-0.09,78.2,7.76,6.07,1.69,3.77,6.04,1261.81,1.31,2.38,104.4
2015-03-12 15:50:00,6105000.0,1003.71,3.35,276.22,-0.08,78.1,7.77,6.07,1.7,3.77,6.05,1261.61,1.52,2.64,54.54
2015-03-12 16:00:00,6105600.0,1003.65,3.34,276.21,-0.03,78.5,7.76,6.09,1.67,3.79,6.07,1261.61,2.26,3.49,43.22
2015-03-12 16:10:00,6106200.0,1003.62,3.34,276.22,-0.08,78.2,7.77,6.07,1.69,3.77,6.05,1261.55,2.14,3.32,44.94
2015-03-12 16:20:00,6106800.0,1003.62,3.36,276.24,-0.07,78.1,7.78,6.07,1.7,3.77,6.05,1261.46,3.53,4.75,42.39
2015-03-12 16:30:00,6107400.0,1003.61,3.21,276.08,-0.15,78.5,7.69,6.04,1.65,3.75,6.02,1262.17,3.7,4.93,38.54
2015-03-12 16:40:00,6108000.0,1003.55,3.12,276.0,-0.26,78.4,7.65,5.99,1.65,3.72,5.97,1262.52,4.32,5.59,40.92
2015-03-12 16:50:00,6108600.0,1003.51,3.13,276.01,-0.32,78.0,7.65,5.97,1.68,3.71,5.95,1262.45,3.41,4.93,39.26
2015-03-12 17:00:00,6109200.0,1003.48,3.13,276.01,-0.37,77.7,7.65,5.94,1.71,3.69,5.92,1262.43,3.77,4.77,38.58
2015-03-12 17:10:00,6109800.0,1003.4,3.09,275.98,-0.38,77.9,7.63,5.94,1.69,3.69,5.92,1262.5,3.68,5.29,30.53
2015-03-12 17:20:00,6110400.0,1003.45,3.02,275.91,-0.3,78.7,7.59,5.98,1.62,3.71,5.95,1262.85,3.91,5.45,38.61
2015-03-12 17:30:00,6111000.0,1003.41,2.93,275.82,-0.21,79.7,7.54,6.01,1.53,3.74,5.99,1263.19,4.03,5.49,35.7
2015-03-12 17:40:00,6111600.0,1003.37,2.83,275.72,-0.09,81.0,7.49,6.07,1.42,3.77,6.05,1263.59,4.66,5.81,38.89
2015-03-12 17:50:00,6112200.0,1003.41,2.6,275.49,0.24,84.4,7.37,6.22,1.15,3.86,6.2,1264.64,4.74,5.81,39.65
2015-03-12 18:00:00,6112800.0,1003.47,2.44,275.32,0.38,86.2,7.28,6.28,1.01,3.9,6.26,1265.41,4.51,6.13,36.57
2015-03-12 18:10:00,6113400.0,1003.42,2.3,275.19,0.38,87.1,7.21,6.28,0.93,3.9,6.26,1265.97,4.79,6.43,39.73
2015-03-12 18:20:00,6114000.0,1003.45,2.08,274.97,0.32,88.1,7.1,6.25,0.84,3.89,6.23,1267.04,4.71,6.25,36.57
2015-03-12 18:30:00,6114600.0,1003.5,2.0,274.88,0.32,88.6,7.06,6.25,0.8,3.88,6.23,1267.48,3.74,5.25,36.6
2015-03-12 18:40:00,6115200.0,1003.5,2.03,274.92,0.31,88.3,7.07,6.25,0.83,3.88,6.23,1267.32,3.7,5.35,40.3
2015-03-12 18:50:00,6115800.0,1003.5,2.0,274.89,0.2,87.8,7.06,6.2,0.86,3.85,6.18,1267.48,4.23,5.21,39.07
2015-03-12 19:00:00,6116400.0,1003.49,2.01,274.89,0.19,87.7,7.06,6.19,0.87,3.85,6.17,1267.45,3.67,4.49,46.06
2015-03-12 19:10:00,6117000.0,1003.47,2.01,274.9,0.2,87.7,7.07,6.2,0.87,3.85,6.17,1267.39,4.3,5.25,40.24
2015-03-12 19:20:00,6117600.0,1003.39,1.96,274.85,0.2,88.1,7.04,6.2,0.84,3.85,6.18,1267.55,3.97,4.93,34.69
2015-03-12 19:30:00,6118200.0,1003.34,1.96,274.85,0.25,88.4,7.04,6.22,0.82,3.86,6.2,1267.48,3.04,3.93,35.16
2015-03-12 19:40:00,6118800.0,1003.37,1.99,274.89,0.3,88.5,7.06,6.24,0.81,3.88,6.22,1267.33,2.75,3.49,25.01
2015-03-12 19:50:00,6119400.0,1003.38,2.0,274.89,0.32,88.6,7.06,6.25,0.8,3.89,6.23,1267.32,2.72,3.41,31.74
2015-03-12 20:00:00,6120000.0,1003.37,1.99,274.88,0.29,88.5,7.05,6.24,0.81,3.88,6.22,1267.38,2.79,3.49,38.8
2015-03-12 20:10:00,6120600.0,1003.32,2.0,274.9,0.32,88.6,7.06,6.25,0.8,3.89,6.23,1267.25,1.8,2.88,36.26
2015-03-12 20:20:00,6121200.0,1003.28,2.0,274.9,0.35,88.8,7.06,6.27,0.79,3.89,6.25,1267.2,1.75,2.64,35.84
2015-03-12 20:30:00,6121800.0,1003.27,2.01,274.91,0.36,88.8,7.06,6.27,0.79,3.9,6.25,1267.14,1.93,2.76,36.53
2015-03-12 20:40:00,6122400.0,1003.25,2.03,274.94,0.43,89.1,7.08,6.3,0.77,3.92,6.28,1266.97,1.43,2.36,47.26
2015-03-12 20:50:00,6123000.0,1003.14,2.01,274.92,0.35,88.7,7.06,6.27,0.8,3.89,6.25,1266.95,1.7,2.36,28.52
2015-03-12 21:00:00,6123600.0,1003.07,1.98,274.9,0.41,89.3,7.05,6.29,0.75,3.91,6.28,1266.99,1.43,2.32,44.98
2015-03-12 21:10:00,6124200.0,1003.01,1.94,274.86,0.43,89.7,7.03,6.3,0.72,3.92,6.28,1267.12,1.31,1.96,30.27
2015-03-12 21:20:00,6124800.0,1002.98,1.91,274.83,0.45,90.0,7.01,6.31,0.7,3.92,6.29,1267.2,1.66,2.12,38.72
2015-03-12 21:30:00,6125400.0,1002.95,1.94,274.87,0.53,90.3,7.03,6.35,0.68,3.95,6.33,1267.01,1.12,1.92,39.7
2015-03-12 21:40:00,6126000.0,1002.92,1.88,274.81,0.56,90.9,7.0,6.36,0.64,3.95,6.34,1267.24,1.35,1.88,34.23
2015-03-12 21:50:00,6126600.0,1002.99,1.78,274.7,0.62,92.0,6.95,6.39,0.56,3.97,6.37,1267.79,1.66,2.2,37.97
2015-03-12 22:00:00,6127200.0,1003.0,1.68,274.6,0.66,92.9,6.9,6.41,0.49,3.98,6.39,1268.26,1.67,2.24,36.46
2015-03-12 22:10:00,6127800.0,1002.95,1.67,274.6,0.8,93.9,6.89,6.47,0.42,4.02,6.45,1268.19,1.62,2.52,47.39
2015-03-12 22:20:00,6128400.0,1002.88,1.58,274.52,0.77,94.3,6.85,6.46,0.39,4.02,6.44,1268.51,1.78,2.68,40.87
2015-03-12 22:30:00,6129000.0,1002.75,1.56,274.5,0.83,94.9,6.84,6.49,0.35,4.04,6.47,1268.43,1.95,2.48,34.62
2015-03-12 22:40:00,6129600.0,1002.64,1.58,274.53,0.89,95.2,6.85,6.52,0.33,4.05,6.5,1268.2,2.91,4.07,36.76
2015-03-12 22:50:00,6130200.0,1002.58,1.53,274.49,0.81,94.9,6.83,6.48,0.35,4.03,6.46,1268.35,3.39,4.13,35.55
2015-03-12 23:00:00,6130800.0,1002.53,1.5,274.46,0.77,94.9,6.81,6.46,0.35,4.02,6.45,1268.45,3.33,4.09,36.99
2015-03-12 23:10:00,6131400.0,1002.41,1.47,274.44,0.78,95.1,6.8,6.46,0.33,4.02,6.45,1268.42,3.32,4.01,33.27
2015-03-12 23:20:00,6132000.0,1002.4,1.53,274.5,0.86,95.3,6.82,6.5,0.32,4.05,6.49,1268.11,2.73,3.53,32.17
2015-03-12 23:30:00,6132600.0,1002.26,1.53,274.51,0.88,95.4,6.82,6.51,0.31,4.05,6.5,1267.93,2.01,2.64,23.27
2015-03-12 23:40:00,6133200.0,1002.11,1.54,274.53,0.9,95.5,6.83,6.52,0.31,4.06,6.51,1267.72,1.92,3.32,21.91
2015-03-12 23:50:00,6133800.0,1001.99,1.56,274.56,0.93,95.6,6.84,6.54,0.3,4.07,6.52,1267.48,1.39,2.36,21.5
2015-03-13 00:00:00,6134400.0,1001.91,1.53,274.54,0.92,95.7,6.82,6.53,0.29,4.06,6.52,1267.49,1.14,1.98,19.5
2015-03-13 00:10:00,6135000.0,1001.9,1.55,274.56,0.96,95.8,6.83,6.55,0.29,4.07,6.53,1267.37,1.33,2.06,47.51
2015-03-13 00:20:00,6135600.0,1001.85,1.57,274.59,0.96,95.7,6.85,6.55,0.29,4.08,6.54,1267.2,1.98,2.88,44.44
2015-03-13 00:30:00,6136200.0,1001.71,1.53,274.56,0.94,95.8,6.82,6.54,0.29,4.07,6.53,1267.23,2.7,3.97,40.94
2015-03-13 00:40:00,6136800.0,1001.6,1.51,274.54,0.9,95.7,6.81,6.52,0.29,4.06,6.51,1267.2,3.4,4.41,29.86
2015-03-13 00:50:00,6137400.0,1001.53,1.47,274.51,0.81,95.4,6.79,6.48,0.31,4.03,6.47,1267.32,3.75,5.03,32.89
2015-03-13 01:00:00,6138000.0,1001.53,1.47,274.51,0.72,94.7,6.79,6.43,0.36,4.01,6.42,1267.33,2.86,3.99,31.57
2015-03-13 01:10:00,6138600.0,1001.51,1.4,274.44,0.53,93.9,6.76,6.35,0.41,3.95,6.34,1267.67,2.25,2.92,34.05
2015-03-13 01:20:00,6139200.0,1001.45,1.4,274.44,0.44,93.3,6.76,6.31,0.45,3.93,6.3,1267.63,3.28,4.25,31.81
2015-03-13 01:30:00,6139800.0,1001.36,1.37,274.42,0.3,92.6,6.74,6.24,0.5,3.89,6.24,1267.69,2.23,3.41,23.19
2015-03-13 01:40:00,6140400.0,1001.35,1.33,274.39,0.21,92.2,6.73,6.2,0.52,3.86,6.19,1267.85,2.55,3.2,24.08
2015-03-13 01:50:00,6141000.0,1001.23,1.33,274.39,0.2,92.1,6.73,6.2,0.53,3.86,6.19,1267.71,2.27,3.08,16.85
2015-03-13 02:00:00,6141600.0,1001.12,1.29,274.36,0.21,92.5,6.7,6.2,0.5,3.86,6.19,1267.78,1.83,2.76,17.11
2015-03-13 02:10:00,6142200.0,1001.03,1.27,274.34,0.2,92.6,6.69,6.2,0.5,3.86,6.19,1267.75,1.82,2.96,355.3
2015-03-13 02:20:00,6142800.0,1000.87,1.26,274.36,0.11,92.0,6.69,6.16,0.54,3.84,6.15,1267.57,2.29,3.61,14.38
2015-03-13 02:30:00,6143400.0,1000.75,1.23,274.33,0.14,92.4,6.68,6.17,0.51,3.84,6.16,1267.6,2.38,3.53,17.45
2015-03-13 02:40:00,6144000.0,1000.67,1.2,274.3,0.14,92.6,6.66,6.17,0.49,3.84,6.16,1267.63,2.01,3.0,12.95
2015-03-13 02:50:00,6144600.0,1000.68,1.2,274.3,0.12,92.5,6.66,6.16,0.5,3.84,6.16,1267.64,2.25,3.65,24.56
2015-03-13 03:00:00,6145200.0,1000.62,1.2,274.31,0.09,92.3,6.66,6.15,0.51,3.83,6.15,1267.57,1.95,3.89,25.85
2015-03-13 03:10:00,6145800.0,1000.55,1.15,274.27,0.03,92.2,6.64,6.12,0.52,3.82,6.12,1267.7,2.1,2.96,21.55
2015-03-13 03:20:00,6146400.0,1000.51,1.13,274.25,0.0,92.1,6.63,6.11,0.52,3.8,6.1,1267.76,2.02,3.2,25.99
2015-03-13 03:30:00,6147000.0,1000.39,1.06,274.19,-0.11,91.8,6.6,6.06,0.54,3.77,6.05,1267.93,2.99,4.17,24.06
2015-03-13 03:40:00,6147600.0,1000.27,1.06,274.2,-0.13,91.7,6.6,6.05,0.55,3.77,6.05,1267.78,1.96,2.88,21.85
2015-03-13 03:50:00,6148200.0,1000.17,1.05,274.19,-0.13,91.8,6.59,6.05,0.54,3.77,6.05,1267.75,1.9,2.98,14.4
2015-03-13 04:00:00,6148800.0,1000.11,1.0,274.15,-0.14,92.1,6.57,6.05,0.52,3.77,6.05,1267.89,2.26,3.69,17.51
2015-03-13 04:10:00,6149400.0,1000.06,1.0,274.15,-0.08,92.5,6.57,6.07,0.49,3.79,6.07,1267.83,2.65,3.77,20.37
2015-03-13 04:20:00,6150000.0,999.99,1.0,274.16,-0.05,92.7,6.57,6.09,0.48,3.79,6.09,1267.72,2.34,3.37,17.42
2015-03-13 04:30:00,6150600.0,999.85,1.02,274.19,0.03,93.1,6.58,6.12,0.45,3.82,6.12,1267.44,2.52,3.93,28.78
2015-03-13 04:40:00,6151200.0,999.75,1.0,274.17,0.05,93.4,6.57,6.13,0.43,3.82,6.13,1267.41,2.94,5.01,25.14
2015-03-13 04:50:00,6151800.0,999.69,0.92,274.11,0.09,94.1,6.53,6.15,0.39,3.83,6.15,1267.65,3.37,5.05,34.49
2015-03-13 05:00:00,6152400.0,999.67,0.86,274.05,0.13,94.8,6.5,6.16,0.34,3.84,6.17,1267.9,2.93,5.05,32.95
2015-03-13 05:10:00,6153000.0,999.68,0.87,274.05,0.23,95.5,6.5,6.21,0.29,3.87,6.21,1267.89,3.29,5.05,36.56
2015-03-13 05:20:00,6153600.0,999.74,0.87,274.05,0.29,95.9,6.5,6.24,0.27,3.89,6.24,1267.95,3.28,4.77,43.65
2015-03-13 05:30:00,6154200.0,999.69,0.82,274.0,0.27,96.1,6.48,6.23,0.25,3.88,6.23,1268.11,3.68,5.93,43.62
2015-03-13 05:40:00,6154800.0,999.58,0.76,273.95,0.25,96.4,6.45,6.22,0.23,3.88,6.22,1268.25,4.4,6.05,39.79
2015-03-13 05:50:00,6155400.0,999.55,0.74,273.93,0.27,96.7,6.44,6.23,0.21,3.89,6.23,1268.3,3.6,5.77,35.0
2015-03-13 06:00:00,6156000.0,999.56,0.73,273.93,0.29,96.8,6.44,6.24,0.21,3.89,6.24,1268.33,3.75,5.31,44.8
2015-03-13 06:10:00,6156600.0,999.55,0.72,273.92,0.29,96.9,6.44,6.24,0.2,3.89,6.24,1268.36,3.6,5.17,41.98
2015-03-13 06:20:00,6157200.0,999.57,0.74,273.94,0.31,96.9,6.45,6.25,0.2,3.9,6.25,1268.28,3.07,4.49,44.61
2015-03-13 06:30:00,6157800.0,999.61,0.72,273.91,0.25,96.7,6.43,6.22,0.21,3.88,6.22,1268.48,2.99,4.05,44.0
2015-03-13 06:40:00,6158400.0,999.59,0.67,273.86,0.2,96.6,6.41,6.2,0.22,3.86,6.2,1268.67,3.08,4.49,36.85
2015-03-13 06:50:00,6159000.0,999.53,0.6,273.8,0.11,96.5,6.38,6.16,0.22,3.84,6.16,1268.94,2.82,4.39,28.12
2015-03-13 07:00:00,6159600.0,999.47,0.55,273.75,0.01,96.2,6.35,6.11,0.24,3.81,6.12,1269.14,2.79,5.41,21.4
2015-03-13 07:10:00,6160200.0,999.53,0.54,273.74,-0.04,95.9,6.35,6.09,0.26,3.8,6.09,1269.26,2.83,4.37,29.89
2015-03-13 07:20:00,6160800.0,999.57,0.48,273.67,-0.15,95.5,6.32,6.04,0.28,3.77,6.04,1269.6,3.82,5.89,36.06
2015-03-13 07:30:00,6161400.0,999.58,0.42,273.62,-0.25,95.2,6.3,6.0,0.3,3.74,6.0,1269.9,2.54,4.21,25.33
2015-03-13 07:40:00,6162000.0,999.5,0.27,273.47,-0.43,95.0,6.23,5.92,0.31,3.69,5.92,1270.54,2.62,4.13,17.95
2015-03-13 07:50:00,6162600.0,999.46,0.18,273.39,-0.49,95.2,6.19,5.89,0.3,3.68,5.9,1270.92,3.05,4.25,19.8
2015-03-13 08:00:00,6163200.0,999.57,0.12,273.31,-0.54,95.3,6.16,5.87,0.29,3.66,5.87,1271.37,3.18,4.81,20.02
2015-03-13 08:10:00,6163800.0,999.69,0.09,273.27,-0.56,95.4,6.15,5.86,0.28,3.66,5.87,1271.66,3.02,4.17,27.28
2015-03-13 08:20:00,6164400.0,999.71,-0.01,273.17,-0.67,95.3,6.1,5.82,0.29,3.63,5.82,1272.17,4.23,6.21,28.88
2015-03-13 08:30:00,6165000.0,999.81,-0.03,273.14,-0.69,95.3,6.09,5.81,0.29,3.62,5.81,1272.4,4.11,6.09,28.09
2015-03-13 08:40:00,6165600.0,999.83,-0.08,273.1,-0.75,95.2,6.07,5.78,0.29,3.61,5.78,1272.64,3.95,5.29,28.49
2015-03-13 08:50:00,6166200.0,999.83,-0.09,273.08,-0.76,95.2,6.07,5.78,0.29,3.6,5.78,1272.73,3.27,5.17,27.99
2015-03-13 09:00:00,6166800.0,999.85,-0.11,273.06,-0.76,95.4,6.06,5.78,0.28,3.6,5.78,1272.84,2.73,4.79,31.34
2015-03-13 09:10:00,6167400.0,999.84,-0.09,273.08,-0.75,95.3,6.07,5.78,0.29,3.6,5.78,1272.74,3.96,5.97,31.57
2015-03-13 09:20:00,6168000.0,999.82,-0.16,273.02,-0.87,94.9,6.04,5.73,0.31,3.57,5.73,1273.04,3.9,6.45,24.2
2015-03-13 09:30:00,6168600.0,999.88,-0.18,272.99,-0.91,94.8,6.03,5.71,0.31,3.56,5.71,1273.25,3.66,5.29,25.72
2015-03-13 09:40:00,6169200.0,999.91,-0.21,272.95,-0.97,94.6,6.01,5.69,0.32,3.55,5.69,1273.43,3.78,5.73,24.91
2015-03-13 09:50:00,6169800.0,999.85,-0.31,272.86,-1.05,94.7,5.97,5.66,0.32,3.53,5.66,1273.82,3.53,5.33,26.48
2015-03-13 10:00:00,6170400.0,1000.03,-0.37,272.78,-1.07,95.0,5.94,5.65,0.3,3.52,5.65,1274.35,3.68,5.17,34.0
2015-03-13 10:10:00,6171000.0,1000.04,-0.38,272.78,-1.02,95.4,5.94,5.67,0.27,3.53,5.67,1274.37,2.92,4.67,20.67
2015-03-13 10:20:00,6171600.0,999.97,-0.36,272.8,-0.99,95.5,5.95,5.68,0.27,3.54,5.68,1274.22,2.68,4.57,16.98
2015-03-13 10:30:00,6172200.0,999.93,-0.25,272.91,-0.85,95.7,6.0,5.74,0.26,3.58,5.74,1273.62,3.17,5.61,29.99
2015-03-13 10:40:00,6172800.0,999.87,-0.38,272.8,-1.02,95.4,5.94,5.67,0.27,3.53,5.67,1274.15,3.98,5.53,27.72
2015-03-13 10:50:00,6173400.0,999.85,-0.4,272.78,-1.02,95.5,5.93,5.67,0.27,3.53,5.67,1274.23,3.92,5.17,27.04
2015-03-13 11:00:00,6174000.0,999.85,-0.46,272.71,-1.09,95.5,5.91,5.64,0.27,3.52,5.64,1274.53,3.64,5.29,25.91
2015-03-13 11:10:00,6174600.0,999.86,-0.43,272.75,-1.02,95.7,5.92,5.67,0.25,3.53,5.67,1274.37,2.95,4.01,33.83
2015-03-13 11:20:00,6175200.0,999.9,-0.48,272.69,-1.09,95.6,5.9,5.64,0.26,3.51,5.64,1274.69,3.53,4.79,35.08
2015-03-13 11:30:00,6175800.0,999.88,-0.5,272.67,-1.08,95.8,5.89,5.64,0.25,3.52,5.64,1274.77,3.71,5.69,27.56
2015-03-13 11:40:00,6176400.0,999.83,-0.48,272.69,-1.04,96.0,5.9,5.66,0.24,3.53,5.66,1274.61,3.24,4.73,27.62
2015-03-13 11:50:00,6177000.0,999.75,-0.46,272.72,-1.02,96.0,5.91,5.67,0.24,3.53,5.67,1274.4,3.18,4.77,37.11
2015-03-13 12:00:00,6177600.0,999.72,-0.38,272.8,-0.92,96.1,5.94,5.71,0.23,3.56,5.71,1273.95,2.77,4.21,23.28
2015-03-13 12:10:00,6178200.0,999.65,-0.32,272.87,-0.84,96.3,5.97,5.75,0.22,3.58,5.75,1273.58,2.87,4.49,37.18
2015-03-13 12:20:00,6178800.0,999.53,-0.25,272.95,-0.77,96.2,6.0,5.77,0.23,3.6,5.77,1273.05,2.79,4.25,27.14
2015-03-13 12:30:00,6179400.0,999.48,-0.13,273.07,-0.67,96.1,6.05,5.81,0.24,3.63,5.82,1272.44,2.49,4.37,36.05
2015-03-13 12:40:00,6180000.0,999.37,-0.04,273.17,-0.63,95.8,6.09,5.83,0.26,3.64,5.84,1271.88,3.66,5.45,31.22
2015-03-13 12:50:00,6180600.0,999.36,0.04,273.25,-0.59,95.5,6.13,5.85,0.28,3.65,5.85,1271.48,3.61,5.05,35.17
2015-03-13 13:00:00,6181200.0,999.29,0.16,273.38,-0.54,95.0,6.18,5.87,0.31,3.66,5.88,1270.8,3.43,4.89,30.14
2015-03-13 13:10:00,6181800.0,999.27,0.22,273.43,-0.53,94.7,6.21,5.88,0.33,3.67,5.88,1270.53,3.15,4.33,31.34
2015-03-13 13:20:00,6182400.0,999.25,0.41,273.63,-0.38,94.4,6.29,5.94,0.35,3.71,5.94,1269.58,2.28,3.45,33.52
2015-03-13 13:30:00,6183000.0,999.15,0.52,273.74,-0.45,93.2,6.34,5.91,0.43,3.69,5.92,1268.97,3.34,5.21,46.18
2015-03-13 13:40:00,6183600.0,999.06,0.61,273.84,-0.46,92.5,6.38,5.9,0.48,3.68,5.91,1268.43,3.3,4.93,35.47
2015-03-13 13:50:00,6184200.0,998.98,0.75,273.99,-0.47,91.5,6.45,5.9,0.55,3.68,5.91,1267.67,3.31,4.57,38.07
2015-03-13 14:00:00,6184800.0,998.93,0.79,274.04,-0.56,90.6,6.47,5.86,0.61,3.66,5.87,1267.44,3.07,4.97,41.92
2015-03-13 14:10:00,6185400.0,998.89,1.04,274.29,-0.41,90.0,6.59,5.93,0.66,3.7,5.94,1266.19,2.38,3.87,48.92
2015-03-13 14:20:00,6186000.0,998.86,1.28,274.53,-0.51,87.8,6.7,5.89,0.82,3.67,5.89,1265.06,3.15,5.13,37.46
2015-03-13 14:30:00,6186600.0,998.84,1.37,274.62,-0.77,85.6,6.74,5.77,0.97,3.6,5.78,1264.72,3.67,4.73,40.02
2015-03-13 14:40:00,6187200.0,998.84,1.54,274.79,-0.62,85.5,6.83,5.84,0.99,3.64,5.85,1263.88,3.07,4.37,38.82
2015-03-13 14:50:00,6187800.0,998.84,1.67,274.92,-0.61,84.8,6.89,5.84,1.05,3.65,5.85,1263.3,2.5,3.85,32.35
2015-03-13 15:00:00,6188400.0,998.85,1.6,274.85,-0.77,84.2,6.86,5.77,1.08,3.6,5.78,1263.64,3.42,5.13,27.77
2015-03-13 15:10:00,6189000.0,998.83,1.55,274.8,-0.86,83.9,6.83,5.73,1.1,3.58,5.74,1263.87,3.38,4.69,34.95
2015-03-13 15:20:00,6189600.0,998.84,1.65,274.9,-0.78,83.8,6.88,5.77,1.11,3.6,5.77,1263.42,3.18,4.29,43.9
2015-03-13 15:30:00,6190200.0,998.93,1.65,274.89,-1.0,82.5,6.88,5.68,1.2,3.54,5.68,1263.58,2.98,4.73,45.84
2015-03-13 15:40:00,6190800.0,998.95,1.77,275.01,-1.0,81.8,6.94,5.68,1.26,3.54,5.68,1263.07,2.79,4.13,66.53
2015-03-13 15:50:00,6191400.0,998.95,1.82,275.06,-1.17,80.5,6.97,5.61,1.36,3.5,5.61,1262.87,2.32,3.79,51.51
2015-03-13 16:00:00,6192000.0,998.87,1.84,275.08,-1.32,79.5,6.98,5.55,1.43,3.46,5.55,1262.7,2.56,4.53,54.44
2015-03-13 16:10:00,6192600.0,998.83,1.83,275.09,-1.32,79.5,6.97,5.54,1.43,3.46,5.55,1262.66,2.24,4.23,47.98
2015-03-13 16:20:00,6193200.0,998.88,1.95,275.19,-1.14,79.9,7.03,5.62,1.41,3.51,5.62,1262.16,1.83,3.77,76.3
2015-03-13 16:30:00,6193800.0,998.84,1.94,275.2,-1.13,80.0,7.03,5.62,1.41,3.51,5.63,1262.12,3.28,5.29,60.72
2015-03-13 16:40:00,6194400.0,998.83,1.77,275.02,-1.31,79.9,6.94,5.55,1.4,3.46,5.55,1262.94,3.68,5.49,53.84
2015-03-13 16:50:00,6195000.0,998.83,1.62,274.87,-1.13,81.9,6.87,5.62,1.24,3.51,5.63,1263.62,2.22,3.53,46.92
2015-03-13 17:00:00,6195600.0,998.83,1.63,274.88,-1.06,82.2,6.87,5.65,1.22,3.53,5.66,1263.53,1.04,2.26,68.97
2015-03-13 17:10:00,6196200.0,998.83,1.79,275.04,-1.0,81.7,6.95,5.68,1.27,3.54,5.69,1262.82,1.28,2.2,102.5
2015-03-13 17:20:00,6196800.0,998.83,1.76,275.01,-1.16,80.9,6.94,5.61,1.32,3.5,5.62,1262.98,2.05,3.0,144.3
2015-03-13 17:30:00,6197400.0,998.83,1.53,274.78,-1.46,80.4,6.82,5.49,1.34,3.42,5.49,1264.08,2.01,3.16,149.4
2015-03-13 17:40:00,6198000.0,998.9,1.46,274.7,-1.38,81.3,6.79,5.52,1.27,3.44,5.53,1264.48,1.63,3.12,174.4
2015-03-13 17:50:00,6198600.0,998.94,1.39,274.64,-1.31,82.1,6.76,5.55,1.21,3.46,5.55,1264.83,1.43,2.36,188.9
2015-03-13 18:00:00,6199200.0,998.93,1.11,274.35,-1.46,82.9,6.62,5.49,1.13,3.42,5.49,1266.16,1.56,2.0,194.8
2015-03-13 18:10:00,6199800.0,998.94,0.95,274.19,-1.53,83.4,6.54,5.46,1.09,3.41,5.46,1266.92,1.4,1.96,206.1
2015-03-13 18:20:00,6200400.0,998.95,0.81,274.06,-1.62,83.7,6.48,5.42,1.06,3.38,5.43,1267.57,1.19,1.6,225.8
2015-03-13 18:30:00,6201000.0,999.02,0.85,274.08,-1.6,83.6,6.49,5.43,1.07,3.39,5.43,1267.51,0.7,1.16,237.6
2015-03-13 18:40:00,6201600.0,999.07,0.92,274.16,-1.61,83.1,6.53,5.43,1.1,3.39,5.43,1267.21,0.41,0.68,260.2
2015-03-13 18:50:00,6202200.0,999.08,0.89,274.12,-1.63,83.2,6.51,5.42,1.09,3.38,5.42,1267.4,0.7,1.04,251.4
2015-03-13 19:00:00,6202800.0,999.08,0.9,274.14,-1.63,83.1,6.52,5.42,1.1,3.38,5.43,1267.32,0.93,1.36,244.3
2015-03-13 19:10:00,6203400.0,999.08,0.89,274.13,-1.62,83.2,6.52,5.42,1.09,3.38,5.43,1267.36,0.41,1.04,314.6
2015-03-13 19:20:00,6204000.0,998.98,1.01,274.25,-1.56,82.9,6.57,5.45,1.12,3.4,5.45,1266.7,0.22,0.56,292.8
2015-03-13 19:30:00,6204600.0,998.95,1.04,274.28,-1.56,82.7,6.59,5.45,1.14,3.4,5.45,1266.51,0.23,0.56,292.0
2015-03-13 19:40:00,6205200.0,999.0,1.11,274.34,-1.49,82.7,6.62,5.47,1.14,3.41,5.48,1266.26,0.21,0.36,4.33
2015-03-13 19:50:00,6205800.0,999.04,0.95,274.19,-1.53,83.4,6.54,5.46,1.09,3.41,5.46,1267.03,0.39,0.76,49.06
2015-03-13 20:00:00,6206400.0,999.07,0.8,274.04,-1.43,84.9,6.48,5.5,0.98,3.43,5.5,1267.74,0.61,0.8,48.98
2015-03-13 20:10:00,6207000.0,999.07,0.68,273.92,-1.41,85.8,6.42,5.51,0.91,3.44,5.51,1268.29,0.72,0.96,37.14
2015-03-13 20:20:00,6207600.0,999.11,0.7,273.93,-1.45,85.4,6.43,5.49,0.94,3.42,5.49,1268.25,0.65,1.12,71.3
2015-03-13 20:30:00,6208200.0,999.19,0.71,273.93,-1.37,85.9,6.43,5.52,0.91,3.45,5.53,1268.32,0.39,0.82,22.98
2015-03-13 20:40:00,6208800.0,999.19,0.79,274.01,-1.27,86.0,6.47,5.56,0.91,3.47,5.57,1267.92,0.36,0.68,167.7
2015-03-13 20:50:00,6209400.0,999.19,0.87,274.09,-1.25,85.7,6.51,5.57,0.93,3.48,5.58,1267.55,0.4,0.76,56.87
2015-03-13 21:00:00,6210000.0,999.08,0.84,274.07,-1.2,86.2,6.49,5.6,0.9,3.49,5.6,1267.54,0.27,0.5,72.1
2015-03-13 21:10:00,6210600.0,999.14,1.12,274.34,-1.08,85.2,6.62,5.64,0.98,3.52,5.65,1266.32,0.24,0.56,145.5
2015-03-13 21:20:00,6211200.0,999.2,0.96,274.18,-1.2,85.4,6.55,5.59,0.96,3.49,5.6,1267.12,0.39,0.72,26.43
2015-03-13 21:30:00,6211800.0,999.2,0.93,274.15,-1.2,85.6,6.53,5.59,0.94,3.49,5.6,1267.29,0.4,0.64,61.29
2015-03-13 21:40:00,6212400.0,999.17,1.15,274.37,-1.11,84.8,6.64,5.63,1.01,3.51,5.63,1266.21,0.35,0.66,179.2
2015-03-13 21:50:00,6213000.0,999.2,1.08,274.31,-1.21,84.6,6.61,5.59,1.02,3.49,5.59,1266.55,0.33,0.54,344.8
2015-03-13 22:00:00,6213600.0,999.16,1.02,274.25,-1.19,85.1,6.58,5.6,0.98,3.49,5.6,1266.78,0.34,0.8,252.7
2015-03-13 22:10:00,6214200.0,999.08,0.97,274.2,-1.16,85.6,6.55,5.61,0.94,3.5,5.61,1266.94,0.39,0.72,0.16
2015-03-13 22:20:00,6214800.0,999.08,0.97,274.21,-1.17,85.5,6.56,5.61,0.95,3.5,5.61,1266.91,0.55,0.96,262.0
2015-03-13 22:30:00,6215400.0,999.08,0.96,274.19,-1.25,85.1,6.55,5.57,0.98,3.48,5.58,1266.97,0.51,0.96,15.28
2015-03-13 22:40:00,6216000.0,999.06,0.95,274.18,-1.12,86.0,6.54,5.63,0.92,3.51,5.63,1266.99,0.35,0.56,15.07
2015-03-13 22:50:00,6216600.0,999.04,1.08,274.31,-1.12,85.2,6.6,5.63,0.98,3.51,5.63,1266.37,0.34,0.9,307.0
2015-03-13 23:00:00,6217200.0,999.03,1.05,274.29,-1.07,85.7,6.59,5.65,0.94,3.52,5.65,1266.47,0.21,0.4,351.2
2015-03-13 23:10:00,6217800.0,998.96,1.02,274.26,-1.05,86.0,6.58,5.66,0.92,3.53,5.66,1266.53,0.24,0.6,315.4
2015-03-13 23:20:00,6218400.0,998.84,1.12,274.37,-0.9,86.3,6.62,5.72,0.91,3.57,5.72,1265.88,0.23,0.6,333.2
2015-03-13 23:30:00,6219000.0,998.75,1.08,274.34,-0.94,86.3,6.61,5.7,0.9,3.56,5.71,1265.96,0.25,0.62,325.6
2015-03-13 23:40:00,6219600.0,998.69,1.05,274.32,-0.87,86.9,6.59,5.73,0.86,3.58,5.74,1265.99,0.36,0.56,2.7
2015-03-13 23:50:00,6220200.0,998.8,0.99,274.24,-0.86,87.4,6.56,5.74,0.83,3.58,5.74,1266.42,0.47,0.68,46.4
2015-03-14 00:00:00,6220800.0,998.86,1.0,274.25,-0.8,87.7,6.57,5.76,0.81,3.6,5.77,1266.42,0.32,0.56,321.7
2015-03-14 00:10:00,6221400.0,998.83,1.15,274.4,-0.75,87.1,6.64,5.78,0.86,3.61,5.79,1265.71,0.24,0.6,347.7
2015-03-14 00:20:00,6222000.0,998.85,1.22,274.47,-0.87,85.9,6.67,5.73,0.94,3.58,5.74,1265.43,0.38,0.84,27.93
2015-03-14 00:30:00,6222600.0,998.82,1.23,274.48,-0.94,85.4,6.68,5.7,0.97,3.56,5.71,1265.35,0.86,1.36,39.94
2015-03-14 00:40:00,6223200.0,998.71,1.31,274.57,-0.92,85.0,6.72,5.71,1.01,3.56,5.72,1264.84,0.31,0.74,49.78
2015-03-14 00:50:00,6223800.0,998.65,1.57,274.84,-0.7,84.8,6.84,5.8,1.04,3.62,5.81,1263.52,0.23,0.52,73.7
2015-03-14 01:00:00,6224400.0,998.58,1.48,274.75,-0.96,83.7,6.8,5.69,1.11,3.55,5.7,1263.89,0.53,1.44,333.2
2015-03-14 01:10:00,6225000.0,998.6,1.39,274.66,-0.99,84.1,6.75,5.68,1.07,3.55,5.69,1264.36,0.47,1.32,37.57
2015-03-14 01:20:00,6225600.0,998.67,1.37,274.64,-0.91,84.7,6.75,5.71,1.03,3.57,5.72,1264.49,1.0,2.4,21.71
2015-03-14 01:30:00,6226200.0,998.6,1.38,274.65,-0.8,85.3,6.75,5.76,0.99,3.6,5.77,1264.33,0.97,1.68,34.54
2015-03-14 01:40:00,6226800.0,998.59,1.29,274.56,-0.75,86.2,6.71,5.78,0.93,3.61,5.79,1264.73,0.85,2.24,19.59
2015-03-14 01:50:00,6227400.0,998.52,1.43,274.7,-0.63,86.1,6.77,5.83,0.94,3.64,5.84,1263.99,0.34,0.92,36.93
2015-03-14 02:00:00,6228000.0,998.46,1.38,274.66,-0.66,86.2,6.75,5.82,0.93,3.63,5.83,1264.14,0.58,1.04,29.49
2015-03-14 02:10:00,6228600.0,998.45,1.27,274.55,-0.66,86.9,6.7,5.82,0.88,3.63,5.83,1264.63,1.39,2.28,30.41
2015-03-14 02:20:00,6229200.0,998.41,1.26,274.54,-0.58,87.5,6.69,5.85,0.84,3.66,5.86,1264.63,1.5,2.42,23.49
2015-03-14 02:30:00,6229800.0,998.33,1.27,274.56,-0.54,87.7,6.69,5.87,0.82,3.67,5.88,1264.48,1.14,2.16,19.87
2015-03-14 02:40:00,6230400.0,998.25,1.33,274.63,-0.54,87.3,6.73,5.87,0.85,3.67,5.88,1264.08,1.81,2.6,20.04
2015-03-14 02:50:00,6231000.0,998.32,1.41,274.7,-0.54,86.8,6.77,5.87,0.89,3.67,5.88,1263.8,2.08,2.64,17.79
2015-03-14 03:00:00,6231600.0,998.29,1.49,274.79,-0.55,86.2,6.8,5.87,0.94,3.66,5.88,1263.39,1.58,2.28,16.97
2015-03-14 03:10:00,6232200.0,998.21,1.54,274.84,-0.55,85.9,6.83,5.87,0.96,3.66,5.88,1263.05,1.74,2.92,20.16
2015-03-14 03:20:00,6232800.0,998.22,1.6,274.9,-0.51,85.8,6.86,5.88,0.97,3.67,5.89,1262.81,1.26,2.52,18.1
2015-03-14 03:30:00,6233400.0,998.28,1.63,274.92,-0.51,85.6,6.87,5.88,0.99,3.67,5.89,1262.74,1.98,3.2,21.11
2015-03-14 03:40:00,6234000.0,998.23,1.58,274.88,-0.45,86.3,6.85,5.91,0.94,3.69,5.92,1262.87,2.02,3.2,18.32
2015-03-14 03:50:00,6234600.0,998.13,1.51,274.81,-0.27,87.9,6.81,5.99,0.82,3.74,6.0,1263.05,1.67,3.0,8.42
2015-03-14 04:00:00,6235200.0,998.21,1.4,274.7,-0.12,89.6,6.76,6.06,0.7,3.78,6.07,1263.64,1.57,2.56,21.91
2015-03-14 04:10:00,6235800.0,998.22,1.37,274.67,-0.04,90.3,6.74,6.09,0.65,3.8,6.1,1263.77,1.85,2.96,15.9
2015-03-14 04:20:00,6236400.0,998.22,1.3,274.6,0.0,91.0,6.71,6.11,0.6,3.81,6.12,1264.08,1.72,3.16,6.42
2015-03-14 04:30:00,6237000.0,998.18,1.29,274.59,0.14,92.0,6.71,6.17,0.54,3.85,6.18,1264.05,0.88,1.64,335.6
2015-03-14 04:40:00,6237600.0,998.2,1.44,274.74,0.27,91.9,6.78,6.23,0.55,3.89,6.24,1263.36,0.57,1.36,329.3
2015-03-14 04:50:00,6238200.0,998.22,1.53,274.83,0.33,91.7,6.82,6.26,0.57,3.91,6.27,1262.96,0.45,1.14,358.9
2015-03-14 05:00:00,6238800.0,998.23,1.55,274.85,0.28,91.2,6.83,6.23,0.6,3.89,6.24,1262.87,0.6,1.44,31.66
2015-03-14 05:10:00,6239400.0,998.28,1.57,274.86,0.28,91.1,6.84,6.23,0.61,3.89,6.24,1262.84,0.54,1.0,359.7
2015-03-14 05:20:00,6240000.0,998.24,1.7,275.0,0.32,90.5,6.91,6.25,0.66,3.91,6.26,1262.18,0.56,1.36,286.9
2015-03-14 05:30:00,6240600.0,998.23,1.62,274.92,0.23,90.4,6.87,6.21,0.66,3.88,6.22,1262.56,0.54,1.52,283.8
2015-03-14 05:40:00,6241200.0,998.22,1.72,275.02,0.34,90.5,6.92,6.26,0.66,3.91,6.27,1262.07,0.73,1.64,53.1
2015-03-14 05:50:00,6241800.0,998.23,1.7,275.0,0.3,90.4,6.91,6.24,0.66,3.9,6.25,1262.19,1.02,2.0,24.16
2015-03-14 06:00:00,6242400.0,998.22,1.76,275.06,0.38,90.5,6.94,6.28,0.66,3.92,6.29,1261.87,0.86,1.68,24.48
2015-03-14 06:10:00,6243000.0,998.25,1.85,275.14,0.42,90.2,6.98,6.3,0.68,3.93,6.31,1261.51,0.62,1.46,29.74
2015-03-14 06:20:00,6243600.0,998.32,1.84,275.13,0.41,90.2,6.98,6.29,0.68,3.93,6.3,1261.65,1.32,3.39,20.3
2015-03-14 06:30:00,6244200.0,998.34,1.75,275.04,0.4,90.7,6.93,6.29,0.64,3.93,6.3,1262.07,1.69,3.12,12.79
2015-03-14 06:40:00,6244800.0,998.34,1.68,274.97,0.43,91.4,6.9,6.3,0.59,3.94,6.31,1262.39,1.9,2.98,16.69
2015-03-14 06:50:00,6245400.0,998.38,1.59,274.88,0.45,92.1,6.85,6.31,0.54,3.94,6.32,1262.84,1.96,2.96,17.5
2015-03-14 07:00:00,6246000.0,998.45,1.52,274.81,0.46,92.6,6.82,6.32,0.5,3.94,6.33,1263.23,2.1,3.16,13.3
2015-03-14 07:10:00,6246600.0,998.46,1.44,274.72,0.45,93.1,6.78,6.31,0.47,3.94,6.32,1263.63,2.2,3.2,7.51
2015-03-14 07:20:00,6247200.0,998.46,1.34,274.62,0.4,93.4,6.73,6.29,0.44,3.93,6.3,1264.11,1.99,3.57,18.86
2015-03-14 07:30:00,6247800.0,998.46,1.24,274.52,0.34,93.7,6.68,6.26,0.42,3.91,6.27,1264.57,1.69,2.76,9.2
2015-03-14 07:40:00,6248400.0,998.52,1.14,274.42,0.28,93.9,6.64,6.23,0.4,3.89,6.24,1265.11,1.54,2.52,9.97
2015-03-14 07:50:00,6249000.0,998.57,1.03,274.3,0.19,94.1,6.58,6.19,0.39,3.87,6.2,1265.74,1.19,2.4,0.63
2015-03-14 08:00:00,6249600.0,998.61,0.95,274.22,0.13,94.2,6.55,6.17,0.38,3.85,6.17,1266.14,1.23,2.2,6.64
2015-03-14 08:10:00,6250200.0,998.69,0.87,274.13,0.08,94.4,6.51,6.14,0.36,3.83,6.15,1266.63,1.3,2.3,5.93
2015-03-14 08:20:00,6250800.0,998.71,0.81,274.07,0.02,94.4,6.48,6.12,0.36,3.82,6.12,1266.93,1.3,2.32,4.8
2015-03-14 08:30:00,6251400.0,998.71,0.74,274.0,-0.02,94.6,6.45,6.1,0.35,3.81,6.11,1267.28,1.28,2.4,10.55
2015-03-14 08:40:00,6252000.0,998.81,0.69,273.94,-0.06,94.7,6.42,6.08,0.34,3.8,6.09,1267.66,1.54,2.3,19.58
2015-03-14 08:50:00,6252600.0,998.82,0.66,273.92,-0.06,94.9,6.41,6.08,0.33,3.8,6.09,1267.79,1.56,2.56,34.04
2015-03-14 09:00:00,6253200.0,998.83,0.61,273.86,-0.08,95.1,6.39,6.07,0.31,3.79,6.08,1268.04,1.29,1.96,46.53
2015-03-14 09:10:00,6253800.0,998.84,0.52,273.77,-0.13,95.4,6.34,6.05,0.29,3.78,6.06,1268.48,1.47,2.28,39.24
2015-03-14 09:20:00,6254400.0,998.85,0.56,273.81,-0.03,95.8,6.36,6.09,0.27,3.8,6.1,1268.32,1.88,2.72,28.29
2015-03-14 09:30:00,6255000.0,998.84,0.63,273.88,0.07,96.0,6.39,6.14,0.26,3.83,6.14,1267.95,2.23,3.24,14.65
2015-03-14 09:40:00,6255600.0,998.84,0.72,273.97,0.15,95.9,6.44,6.17,0.26,3.85,6.18,1267.49,2.13,3.04,11.11
2015-03-14 09:50:00,6256200.0,998.84,0.79,274.04,0.17,95.6,6.47,6.18,0.28,3.86,6.19,1267.19,2.1,3.0,10.07
2015-03-14 10:00:00,6256800.0,998.83,0.85,274.1,0.2,95.4,6.5,6.2,0.3,3.87,6.2,1266.88,1.85,2.8,21.9
2015-03-14 10:10:00,6257400.0,998.82,0.96,274.21,0.28,95.2,6.55,6.23,0.31,3.89,6.24,1266.36,2.31,3.41,17.28
2015-03-14 10:20:00,6258000.0,998.77,1.01,274.26,0.3,95.0,6.57,6.24,0.33,3.9,6.25,1266.06,2.97,4.49,24.73
2015-03-14 10:30:00,6258600.0,998.71,1.09,274.35,0.38,95.0,6.61,6.28,0.33,3.92,6.29,1265.57,2.85,4.05,30.1
2015-03-14 10:40:00,6259200.0,998.75,1.13,274.39,0.39,94.8,6.63,6.29,0.34,3.92,6.29,1265.44,2.71,4.09,22.38
2015-03-14 10:50:00,6259800.0,998.78,1.17,274.42,0.43,94.8,6.65,6.3,0.35,3.93,6.31,1265.31,2.41,3.93,26.84
2015-03-14 11:00:00,6260400.0,998.73,1.18,274.44,0.41,94.6,6.65,6.29,0.36,3.93,6.3,1265.19,2.25,3.32,27.84
2015-03-14 11:10:00,6261000.0,998.78,1.2,274.45,0.43,94.6,6.66,6.3,0.36,3.93,6.31,1265.15,2.57,4.09,23.9
2015-03-14 11:20:00,6261600.0,998.74,1.21,274.47,0.45,94.6,6.67,6.31,0.36,3.94,6.32,1265.03,2.2,4.01,16.79
2015-03-14 11:30:00,6262200.0,998.72,1.33,274.59,0.55,94.5,6.73,6.36,0.37,3.97,6.36,1264.45,2.1,2.8,28.67
2015-03-14 11:40:00,6262800.0,998.7,1.5,274.76,0.7,94.4,6.81,6.43,0.38,4.01,6.43,1263.63,2.04,2.96,34.6
2015-03-14 11:50:00,6263400.0,998.7,1.6,274.86,0.79,94.3,6.86,6.47,0.39,4.04,6.48,1263.11,2.32,3.57,35.94
2015-03-14 12:00:00,6264000.0,998.7,1.75,275.01,0.92,94.2,6.93,6.53,0.4,4.08,6.54,1262.4,2.19,3.53,32.46
2015-03-14 12:10:00,6264600.0,998.71,1.81,275.07,0.95,94.0,6.96,6.55,0.42,4.09,6.55,1262.12,2.77,3.65,37.88
2015-03-14 12:20:00,6265200.0,998.75,1.8,275.06,0.94,94.0,6.96,6.54,0.42,4.08,6.55,1262.23,3.19,4.33,40.92
2015-03-14 12:30:00,6265800.0,998.7,1.79,275.05,0.96,94.2,6.95,6.55,0.4,4.09,6.56,1262.22,3.36,4.65,37.11
2015-03-14 12:40:00,6266400.0,998.69,1.88,275.14,1.05,94.2,7.0,6.59,0.41,4.11,6.6,1261.78,3.16,4.41,32.43
2015-03-14 12:50:00,6267000.0,998.7,1.94,275.21,1.1,94.1,7.03,6.62,0.41,4.13,6.62,1261.47,2.91,4.17,34.68
2015-03-14 13:00:00,6267600.0,998.71,1.95,275.21,1.11,94.1,7.03,6.62,0.41,4.13,6.63,1261.45,3.14,4.39,42.39
2015-03-14 13:10:00,6268200.0,998.71,1.93,275.19,1.06,93.9,7.02,6.6,0.43,4.12,6.6,1261.55,3.67,5.01,40.06
2015-03-14 13:20:00,6268800.0,998.68,2.02,275.29,1.18,94.1,7.07,6.65,0.42,4.15,6.66,1261.08,2.26,3.69,50.45
2015-03-14 13:30:00,6269400.0,998.59,2.1,275.37,1.25,94.1,7.11,6.69,0.42,4.18,6.7,1260.59,2.59,3.93,40.67
2015-03-14 13:40:00,6270000.0,998.59,2.08,275.35,1.2,93.9,7.1,6.67,0.43,4.16,6.67,1260.7,3.19,4.41,34.27
2015-03-14 13:50:00,6270600.0,998.65,2.09,275.36,1.2,93.8,7.11,6.66,0.44,4.16,6.67,1260.7,2.58,3.85,34.79
2015-03-14 14:00:00,6271200.0,998.71,2.07,275.33,1.2,93.9,7.09,6.66,0.43,4.16,6.67,1260.89,3.73,5.15,45.16
2015-03-14 14:10:00,6271800.0,998.79,2.0,275.25,1.18,94.3,7.06,6.66,0.4,4.15,6.66,1261.32,3.89,4.85,42.06
2015-03-14 14:20:00,6272400.0,998.73,2.01,275.27,1.21,94.4,7.06,6.67,0.4,4.16,6.68,1261.18,3.83,4.81,37.41
2015-03-14 14:30:00,6273000.0,998.77,2.12,275.37,1.28,94.2,7.12,6.7,0.41,4.19,6.71,1260.74,4.28,6.01,39.11
2015-03-14 14:40:00,6273600.0,998.79,2.17,275.43,1.31,94.0,7.14,6.72,0.43,4.19,6.72,1260.5,2.94,4.67,30.25
2015-03-14 14:50:00,6274200.0,998.79,2.25,275.51,1.37,93.9,7.19,6.75,0.44,4.21,6.76,1260.12,3.15,4.49,22.91
2015-03-14 15:00:00,6274800.0,998.8,2.28,275.53,1.33,93.4,7.2,6.73,0.48,4.2,6.73,1260.01,2.89,4.57,25.58
2015-03-14 15:10:00,6275400.0,998.79,2.43,275.69,1.46,93.3,7.28,6.79,0.49,4.24,6.8,1259.28,1.89,2.68,31.21
2015-03-14 15:20:00,6276000.0,998.88,2.56,275.81,1.52,92.8,7.35,6.82,0.53,4.26,6.83,1258.78,2.32,3.45,40.59
2015-03-14 15:30:00,6276600.0,998.95,2.67,275.91,1.5,92.0,7.4,6.81,0.59,4.25,6.82,1258.39,2.27,3.16,42.35
2015-03-14 15:40:00,6277200.0,999.01,2.72,275.96,1.43,91.2,7.43,6.78,0.65,4.23,6.78,1258.24,2.78,4.09,43.19
2015-03-14 15:50:00,6277800.0,999.12,2.73,275.96,1.39,90.8,7.44,6.75,0.68,4.22,6.76,1258.34,3.03,3.91,44.22
2015-03-14 16:00:00,6278400.0,999.21,2.77,276.0,1.52,91.4,7.46,6.82,0.64,4.26,6.82,1258.23,2.92,4.01,44.06
2015-03-14 16:10:00,6279000.0,999.3,2.87,276.09,1.64,91.6,7.51,6.88,0.63,4.29,6.89,1257.86,2.03,3.0,48.33
2015-03-14 16:20:00,6279600.0,999.25,2.93,276.15,1.69,91.5,7.54,6.9,0.64,4.31,6.91,1257.51,2.72,3.65,41.55
2015-03-14 16:30:00,6280200.0,999.15,2.93,276.16,1.57,90.7,7.54,6.84,0.7,4.27,6.85,1257.43,2.93,4.05,33.15
2015-03-14 16:40:00,6280800.0,999.22,3.01,276.23,1.51,89.8,7.59,6.81,0.77,4.25,6.82,1257.16,2.89,4.01,40.18
2015-03-14 16:50:00,6281400.0,999.29,3.01,276.23,1.45,89.4,7.59,6.78,0.8,4.23,6.79,1257.26,3.01,4.13,40.55
2015-03-14 17:00:00,6282000.0,999.33,3.07,276.28,1.59,90.0,7.62,6.85,0.76,4.28,6.86,1257.03,2.52,3.77,39.78
2015-03-14 17:10:00,6282600.0,999.44,3.01,276.21,1.57,90.2,7.59,6.84,0.74,4.27,6.85,1257.43,2.53,3.65,43.57
2015-03-14 17:20:00,6283200.0,999.59,2.99,276.18,1.45,89.6,7.57,6.79,0.79,4.23,6.79,1257.75,2.8,4.73,56.72
2015-03-14 17:30:00,6283800.0,999.68,2.94,276.12,1.32,89.1,7.55,6.72,0.82,4.19,6.73,1258.13,2.81,4.43,51.96
2015-03-14 17:40:00,6284400.0,999.71,2.93,276.12,1.4,89.6,7.54,6.76,0.78,4.22,6.76,1258.16,2.91,4.33,49.37
2015-03-14 17:50:00,6285000.0,999.7,2.89,276.08,1.5,90.5,7.52,6.81,0.71,4.25,6.81,1258.31,3.0,5.21,41.88
2015-03-14 18:00:00,6285600.0,999.8,2.76,275.94,1.57,91.8,7.45,6.84,0.61,4.27,6.84,1259.02,3.89,4.93,36.31
2015-03-14 18:10:00,6286200.0,999.85,2.74,275.91,1.6,92.2,7.44,6.86,0.58,4.28,6.86,1259.18,3.42,5.25,38.17
2015-03-14 18:20:00,6286800.0,999.93,2.8,275.96,1.59,91.7,7.47,6.85,0.62,4.27,6.85,1259.0,3.42,5.53,45.61
2015-03-14 18:30:00,6287400.0,1000.05,2.8,275.96,1.6,91.8,7.47,6.86,0.61,4.28,6.86,1259.15,3.31,4.73,43.82
2015-03-14 18:40:00,6288000.0,1000.16,2.8,275.95,1.57,91.6,7.47,6.85,0.63,4.27,6.84,1259.3,3.75,5.77,45.79
2015-03-14 18:50:00,6288600.0,1000.27,2.8,275.93,1.54,91.4,7.47,6.83,0.64,4.26,6.83,1259.46,3.93,5.41,52.63
2015-03-14 19:00:00,6289200.0,1000.31,2.75,275.88,1.54,91.7,7.44,6.83,0.62,4.26,6.82,1259.74,3.37,5.97,54.62
2015-03-14 19:10:00,6289800.0,1000.4,2.73,275.86,1.58,92.1,7.44,6.85,0.59,4.27,6.85,1259.91,3.48,4.65,50.0
2015-03-14 19:20:00,6290400.0,1000.42,2.74,275.87,1.59,92.1,7.44,6.86,0.59,4.27,6.85,1259.88,2.45,3.85,48.66
2015-03-14 19:30:00,6291000.0,1000.42,2.75,275.88,1.56,91.8,7.45,6.84,0.61,4.26,6.83,1259.85,2.02,3.16,44.24
2015-03-14 19:40:00,6291600.0,1000.44,2.79,275.92,1.58,91.7,7.47,6.85,0.62,4.27,6.85,1259.69,2.17,3.2,44.54
2015-03-14 19:50:00,6292200.0,1000.43,2.75,275.88,1.56,91.8,7.45,6.84,0.61,4.26,6.83,1259.87,3.05,4.41,42.48
2015-03-14 20:00:00,6292800.0,1000.43,2.66,275.78,1.55,92.4,7.4,6.84,0.56,4.26,6.83,1260.29,3.41,4.81,34.86
2015-03-14 20:10:00,6293400.0,1000.43,2.64,275.76,1.61,92.9,7.39,6.86,0.52,4.28,6.86,1260.38,3.15,4.25,40.99
2015-03-14 20:20:00,6294000.0,1000.43,2.63,275.76,1.68,93.4,7.38,6.9,0.49,4.3,6.89,1260.39,3.0,4.13,39.97
2015-03-14 20:30:00,6294600.0,1000.43,2.58,275.71,1.73,94.1,7.36,6.92,0.43,4.32,6.92,1260.59,3.09,4.65,36.54
2015-03-14 20:40:00,6295200.0,1000.42,2.53,275.66,1.79,94.8,7.33,6.95,0.38,4.33,6.95,1260.79,2.7,3.81,35.48
2015-03-14 20:50:00,6295800.0,1000.35,2.52,275.66,1.82,95.1,7.33,6.97,0.36,4.34,6.97,1260.74,2.91,3.61,30.02
2015-03-14 21:00:00,6296400.0,1000.31,2.54,275.68,1.86,95.2,7.34,6.99,0.35,4.36,6.98,1260.58,2.26,3.53,34.68
2015-03-14 21:10:00,6297000.0,1000.3,2.56,275.69,1.86,95.1,7.35,6.99,0.36,4.36,6.98,1260.51,2.7,3.55,30.8
2015-03-14 21:20:00,6297600.0,1000.29,2.63,275.77,1.9,94.9,7.39,7.01,0.38,4.37,7.01,1260.14,1.82,2.68,29.04
2015-03-14 21:30:00,6298200.0,1000.29,2.65,275.78,1.91,94.9,7.39,7.02,0.38,4.37,7.01,1260.08,2.34,3.28,38.62
2015-03-14 21:40:00,6298800.0,1000.25,2.71,275.85,1.95,94.7,7.42,7.03,0.39,4.38,7.03,1259.74,1.88,2.72,42.06
2015-03-14 21:50:00,6299400.0,1000.26,2.7,275.84,1.94,94.7,7.42,7.03,0.39,4.38,7.02,1259.79,1.77,2.68,43.39
2015-03-14 22:00:00,6300000.0,1000.28,2.67,275.8,1.93,94.9,7.4,7.03,0.38,4.38,7.02,1259.97,2.76,3.69,36.31
2015-03-14 22:10:00,6300600.0,1000.3,2.67,275.8,1.95,95.0,7.4,7.03,0.37,4.38,7.03,1260.0,3.06,4.17,37.24
2015-03-14 22:20:00,6301200.0,1000.28,2.67,275.8,1.96,95.1,7.4,7.04,0.36,4.39,7.04,1259.97,2.86,4.23,35.39
2015-03-14 22:30:00,6301800.0,1000.28,2.67,275.81,1.98,95.2,7.4,7.05,0.36,4.39,7.05,1259.95,2.62,4.29,41.16
2015-03-14 22:40:00,6302400.0,1000.27,2.65,275.79,1.98,95.3,7.4,7.05,0.35,4.39,7.05,1260.01,2.93,4.61,37.22
2015-03-14 22:50:00,6303000.0,1000.27,2.61,275.75,1.97,95.5,7.37,7.04,0.33,4.39,7.04,1260.21,2.79,4.73,38.14
2015-03-14 23:00:00,6303600.0,1000.28,2.62,275.76,1.99,95.6,7.38,7.05,0.32,4.4,7.05,1260.18,2.67,3.36,38.92
2015-03-14 23:10:00,6304200.0,1000.29,2.62,275.75,1.99,95.6,7.38,7.05,0.32,4.4,7.05,1260.21,2.37,3.85,39.55
2015-03-14 23:20:00,6304800.0,1000.28,2.59,275.73,1.96,95.6,7.36,7.04,0.32,4.39,7.04,1260.3,2.84,4.21,38.31
2015-03-14 23:30:00,6305400.0,1000.28,2.56,275.7,1.95,95.7,7.35,7.03,0.32,4.38,7.03,1260.44,2.85,3.73,40.71
2015-03-14 23:40:00,6306000.0,1000.27,2.56,275.7,1.95,95.7,7.35,7.03,0.32,4.38,7.03,1260.44,2.47,3.16,40.54
2015-03-14 23:50:00,6306600.0,1000.27,2.55,275.69,1.93,95.7,7.34,7.03,0.32,4.38,7.02,1260.49,2.32,3.41,44.24
2015-03-15 00:00:00,6307200.0,1000.18,2.53,275.68,1.92,95.7,7.33,7.02,0.32,4.38,7.02,1260.47,1.6,2.44,40.95
2015-03-15 00:10:00,6307800.0,1000.17,2.53,275.68,1.9,95.6,7.33,7.01,0.32,4.37,7.01,1260.45,2.19,3.08,41.64
2015-03-15 00:20:00,6308400.0,1000.15,2.54,275.69,1.87,95.3,7.34,6.99,0.34,4.36,6.99,1260.39,2.68,4.61,40.79
2015-03-15 00:30:00,6309000.0,1000.07,2.58,275.73,1.87,95.1,7.36,6.99,0.36,4.36,6.99,1260.13,2.62,3.32,43.02
2015-03-15 00:40:00,6309600.0,1000.0,2.6,275.76,1.84,94.7,7.37,6.98,0.39,4.35,6.98,1259.96,2.16,2.8,43.67
2015-03-15 00:50:00,6310200.0,999.95,2.57,275.74,1.8,94.6,7.35,6.96,0.4,4.34,6.96,1260.01,2.7,3.43,44.32
2015-03-15 01:00:00,6310800.0,999.96,2.51,275.67,1.7,94.4,7.32,6.91,0.41,4.31,6.91,1260.35,2.58,3.45,41.01
2015-03-15 01:10:00,6311400.0,999.91,2.45,275.62,1.66,94.5,7.29,6.89,0.4,4.3,6.89,1260.56,2.44,3.2,38.34
2015-03-15 01:20:00,6312000.0,999.82,2.4,275.57,1.64,94.7,7.26,6.88,0.38,4.29,6.88,1260.68,2.65,3.41,39.81
2015-03-15 01:30:00,6312600.0,999.81,2.42,275.6,1.66,94.7,7.27,6.89,0.39,4.3,6.89,1260.56,2.66,3.49,40.39
2015-03-15 01:40:00,6313200.0,999.77,2.4,275.58,1.65,94.8,7.26,6.89,0.38,4.29,6.89,1260.62,2.76,4.37,32.04
2015-03-15 01:50:00,6313800.0,999.77,2.4,275.58,1.66,94.8,7.27,6.89,0.38,4.3,6.89,1260.59,3.36,4.85,38.3
2015-03-15 02:00:00,6314400.0,999.72,2.39,275.57,1.6,94.5,7.26,6.86,0.4,4.28,6.86,1260.62,3.01,3.85,37.46
2015-03-15 02:10:00,6315000.0,999.69,2.38,275.56,1.59,94.5,7.25,6.85,0.4,4.28,6.86,1260.62,3.08,4.09,35.77
2015-03-15 02:20:00,6315600.0,999.67,2.37,275.55,1.53,94.2,7.25,6.83,0.42,4.26,6.83,1260.67,3.2,4.09,35.94
2015-03-15 02:30:00,6316200.0,999.59,2.39,275.58,1.55,94.2,7.26,6.83,0.42,4.26,6.84,1260.47,3.38,4.41,38.0
2015-03-15 02:40:00,6316800.0,999.55,2.4,275.59,1.57,94.2,7.26,6.84,0.42,4.27,6.84,1260.35,2.3,3.61,34.81
2015-03-15 02:50:00,6317400.0,999.45,2.4,275.6,1.61,94.5,7.26,6.86,0.4,4.28,6.87,1260.22,2.46,3.67,30.21
2015-03-15 03:00:00,6318000.0,999.44,2.39,275.6,1.65,94.8,7.26,6.88,0.38,4.29,6.89,1260.22,2.29,3.77,29.01
2015-03-15 03:10:00,6318600.0,999.38,2.39,275.6,1.69,95.1,7.26,6.9,0.36,4.31,6.91,1260.16,2.12,2.76,25.95
2015-03-15 03:20:00,6319200.0,999.37,2.4,275.61,1.73,95.3,7.26,6.92,0.34,4.32,6.93,1260.09,1.95,2.68,28.93
2015-03-15 03:30:00,6319800.0,999.42,2.45,275.65,1.81,95.5,7.29,6.96,0.33,4.34,6.96,1259.91,2.36,3.57,35.82
2015-03-15 03:40:00,6320400.0,999.35,2.47,275.68,1.79,95.3,7.3,6.95,0.34,4.34,6.96,1259.75,2.81,3.65,35.08
2015-03-15 03:50:00,6321000.0,999.32,2.47,275.68,1.79,95.3,7.3,6.95,0.34,4.34,6.96,1259.72,3.44,4.47,39.12
2015-03-15 04:00:00,6321600.0,999.36,2.49,275.7,1.86,95.6,7.31,6.99,0.32,4.36,6.99,1259.64,2.91,4.09,39.88
2015-03-15 04:10:00,6322200.0,999.41,2.46,275.67,1.85,95.7,7.3,6.98,0.31,4.36,6.99,1259.82,3.68,4.69,31.93
2015-03-15 04:20:00,6322800.0,999.42,2.43,275.64,1.83,95.8,7.28,6.98,0.31,4.35,6.98,1259.97,3.48,5.09,37.32
2015-03-15 04:30:00,6323400.0,999.5,2.43,275.62,1.8,95.6,7.28,6.96,0.32,4.34,6.96,1260.12,3.03,4.81,43.84
2015-03-15 04:40:00,6324000.0,999.59,2.39,275.58,1.7,95.2,7.26,6.91,0.35,4.31,6.91,1260.43,4.09,5.83,48.95
2015-03-15 04:50:00,6324600.0,999.64,2.33,275.52,1.57,94.7,7.23,6.85,0.38,4.27,6.85,1260.78,4.08,5.45,48.61
2015-03-15 05:00:00,6325200.0,999.68,2.33,275.51,1.56,94.6,7.23,6.84,0.39,4.26,6.84,1260.84,3.2,5.09,45.89
2015-03-15 05:10:00,6325800.0,999.69,2.3,275.48,1.54,94.7,7.21,6.83,0.38,4.26,6.83,1260.99,2.59,3.81,43.77
2015-03-15 05:20:00,6326400.0,999.66,2.29,275.48,1.58,95.0,7.21,6.85,0.36,4.27,6.85,1260.99,2.71,4.05,44.05
2015-03-15 05:30:00,6327000.0,999.63,2.33,275.52,1.62,95.0,7.23,6.87,0.36,4.28,6.87,1260.76,2.51,3.81,47.29
2015-03-15 05:40:00,6327600.0,999.64,2.35,275.54,1.63,95.0,7.24,6.87,0.36,4.29,6.88,1260.7,2.72,4.57,51.86
2015-03-15 05:50:00,6328200.0,999.66,2.39,275.58,1.68,95.0,7.26,6.9,0.36,4.3,6.9,1260.49,2.69,4.85,53.92
2015-03-15 06:00:00,6328800.0,999.67,2.4,275.58,1.67,94.9,7.26,6.89,0.37,4.3,6.89,1260.49,2.29,3.47,49.18
2015-03-15 06:10:00,6329400.0,999.69,2.4,275.58,1.65,94.8,7.26,6.89,0.38,4.3,6.89,1260.51,2.15,3.61,54.1
2015-03-15 06:20:00,6330000.0,999.74,2.38,275.56,1.62,94.7,7.26,6.87,0.38,4.29,6.87,1260.66,2.6,3.93,65.13
2015-03-15 06:30:00,6330600.0,999.8,2.37,275.55,1.58,94.5,7.25,6.85,0.4,4.27,6.85,1260.81,2.29,3.41,59.64
2015-03-15 06:40:00,6331200.0,999.83,2.4,275.57,1.62,94.6,7.26,6.87,0.39,4.29,6.87,1260.7,2.7,3.93,51.5
2015-03-15 06:50:00,6331800.0,999.94,2.4,275.56,1.62,94.6,7.26,6.87,0.39,4.28,6.87,1260.83,2.19,3.97,57.8
2015-03-15 07:00:00,6332400.0,999.96,2.38,275.55,1.59,94.5,7.25,6.86,0.4,4.28,6.86,1260.94,2.47,3.45,46.28
2015-03-15 07:10:00,6333000.0,1000.0,2.37,275.53,1.58,94.5,7.25,6.85,0.4,4.27,6.85,1261.06,2.51,3.65,44.26
2015-03-15 07:20:00,6333600.0,1000.06,2.43,275.59,1.64,94.5,7.28,6.88,0.4,4.29,6.88,1260.84,2.18,3.67,50.24
2015-03-15 07:30:00,6334200.0,1000.14,2.45,275.6,1.65,94.4,7.29,6.88,0.41,4.29,6.88,1260.85,2.38,4.01,55.76
2015-03-15 07:40:00,6334800.0,1000.26,2.46,275.6,1.63,94.2,7.3,6.87,0.42,4.28,6.87,1260.96,2.68,4.45,53.1
2015-03-15 07:50:00,6335400.0,1000.32,2.47,275.6,1.62,94.1,7.3,6.87,0.43,4.28,6.86,1261.02,3.26,4.41,51.59
2015-03-15 08:00:00,6336000.0,1000.42,2.5,275.63,1.64,94.0,7.32,6.88,0.44,4.29,6.88,1260.96,2.27,3.53,52.94
2015-03-15 08:10:00,6336600.0,1000.45,2.56,275.68,1.67,93.8,7.35,6.89,0.46,4.3,6.89,1260.74,2.39,3.85,56.69
2015-03-15 08:20:00,6337200.0,1000.51,2.61,275.73,1.68,93.6,7.37,6.9,0.47,4.3,6.9,1260.59,2.82,4.25,53.36
2015-03-15 08:30:00,6337800.0,1000.51,2.71,275.83,1.78,93.6,7.42,6.95,0.48,4.33,6.95,1260.11,2.01,3.24,52.03
2015-03-15 08:40:00,6338400.0,1000.52,2.73,275.84,1.76,93.3,7.43,6.94,0.5,4.32,6.93,1260.05,3.06,4.57,48.11
2015-03-15 08:50:00,6339000.0,1000.55,2.67,275.78,1.68,93.2,7.4,6.9,0.5,4.3,6.9,1260.37,3.6,4.61,46.38
2015-03-15 09:00:00,6339600.0,1000.59,2.75,275.86,1.75,93.1,7.44,6.93,0.51,4.32,6.93,1260.05,3.07,5.49,55.33
2015-03-15 09:10:00,6340200.0,1000.62,2.88,275.99,1.82,92.7,7.52,6.97,0.55,4.34,6.96,1259.45,2.87,3.93,46.85
2015-03-15 09:20:00,6340800.0,1000.63,2.92,276.03,1.83,92.5,7.54,6.97,0.57,4.35,6.97,1259.29,3.19,4.41,42.48
2015-03-15 09:30:00,6341400.0,1000.66,2.95,276.06,1.86,92.5,7.55,6.99,0.57,4.35,6.98,1259.17,3.28,4.21,41.34
2015-03-15 09:40:00,6342000.0,1000.66,3.07,276.18,1.95,92.3,7.62,7.03,0.59,4.38,7.03,1258.62,2.71,3.49,37.81
2015-03-15 09:50:00,6342600.0,1000.59,3.19,276.3,2.02,92.0,7.68,7.07,0.61,4.41,7.07,1257.95,3.08,4.49,43.72
2015-03-15 10:00:00,6343200.0,1000.57,3.36,276.47,2.11,91.5,7.78,7.12,0.66,4.43,7.11,1257.14,3.2,4.77,49.6
2015-03-15 10:10:00,6343800.0,1000.52,3.46,276.58,2.18,91.3,7.83,7.15,0.68,4.46,7.15,1256.59,3.52,5.37,43.81
2015-03-15 10:20:00,6344400.0,1000.44,3.6,276.72,2.15,90.2,7.91,7.13,0.77,4.45,7.13,1255.88,3.68,5.45,46.05
2015-03-15 10:30:00,6345000.0,1000.46,3.77,276.9,2.17,89.2,8.01,7.14,0.86,4.45,7.14,1255.11,3.74,6.31,57.61
2015-03-15 10:40:00,6345600.0,1000.43,3.95,277.08,2.22,88.4,8.11,7.17,0.94,4.47,7.17,1254.23,2.89,4.85,48.89
2015-03-15 10:50:00,6346200.0,1000.34,4.2,277.33,2.33,87.6,8.25,7.23,1.02,4.51,7.23,1253.0,3.38,4.97,50.05
2015-03-15 11:00:00,6346800.0,1000.3,4.44,277.58,2.41,86.6,8.39,7.27,1.12,4.53,7.27,1251.83,3.94,5.81,51.04
2015-03-15 11:10:00,6347400.0,1000.27,4.43,277.57,2.21,85.4,8.39,7.16,1.22,4.47,7.16,1251.87,4.02,7.49,64.2
2015-03-15 11:20:00,6348000.0,1000.16,4.47,277.62,2.2,85.1,8.41,7.16,1.25,4.46,7.16,1251.55,3.96,7.65,53.26
2015-03-15 11:30:00,6348600.0,1000.18,4.55,277.69,2.2,84.7,8.46,7.16,1.29,4.47,7.16,1251.26,2.56,4.81,68.03
2015-03-15 11:40:00,6349200.0,1000.18,4.66,277.8,2.2,84.0,8.52,7.16,1.36,4.46,7.16,1250.76,2.55,4.81,78.3
2015-03-15 11:50:00,6349800.0,1000.16,4.87,278.02,2.34,83.6,8.65,7.23,1.42,4.51,7.23,1249.71,2.48,4.09,78.0
2015-03-15 12:00:00,6350400.0,1000.1,4.89,278.04,2.1,82.1,8.66,7.11,1.55,4.43,7.11,1249.64,3.15,5.45,74.2
2015-03-15 12:10:00,6351000.0,1000.07,4.83,277.99,1.98,81.7,8.63,7.05,1.58,4.4,7.05,1249.88,3.72,5.41,91.1
2015-03-15 12:20:00,6351600.0,1000.02,4.8,277.96,1.83,81.0,8.61,6.97,1.64,4.35,6.97,1249.98,3.4,4.85,79.2
2015-03-15 12:30:00,6352200.0,999.88,4.95,278.12,2.04,81.4,8.7,7.08,1.62,4.42,7.08,1249.09,3.21,5.49,64.96
2015-03-15 12:40:00,6352800.0,999.81,5.24,278.41,2.17,80.5,8.87,7.14,1.73,4.46,7.15,1247.69,3.24,5.89,56.61
2015-03-15 12:50:00,6353400.0,999.79,5.45,278.63,2.08,78.8,9.01,7.1,1.91,4.43,7.1,1246.72,3.33,6.01,74.6
2015-03-15 13:00:00,6354000.0,999.65,5.52,278.71,2.09,78.5,9.05,7.1,1.95,4.43,7.11,1246.26,5.53,7.49,46.47
2015-03-15 13:10:00,6354600.0,999.58,5.44,278.63,2.08,78.9,9.0,7.1,1.9,4.43,7.1,1246.53,5.2,8.05,47.27
2015-03-15 13:20:00,6355200.0,999.57,5.38,278.57,1.81,77.7,8.96,6.96,2.0,4.35,6.97,1246.83,5.05,7.69,52.14
2015-03-15 13:30:00,6355800.0,999.57,5.49,278.69,1.96,77.9,9.03,7.04,2.0,4.39,7.04,1246.3,3.03,4.57,60.59
2015-03-15 13:40:00,6356400.0,999.6,5.46,278.65,1.83,77.4,9.01,6.98,2.04,4.35,6.98,1246.52,3.96,5.41,57.84
2015-03-15 13:50:00,6357000.0,999.59,5.58,278.77,1.97,77.5,9.09,7.04,2.04,4.39,7.05,1245.95,3.24,5.41,57.14
2015-03-15 14:00:00,6357600.0,999.56,5.66,278.86,1.92,76.8,9.14,7.02,2.12,4.38,7.02,1245.54,3.59,5.29,52.56
2015-03-15 14:10:00,6358200.0,999.5,5.62,278.82,1.55,75.0,9.11,6.84,2.28,4.27,6.84,1245.74,4.56,6.21,53.58
2015-03-15 14:20:00,6358800.0,999.49,5.6,278.8,1.42,74.4,9.1,6.77,2.33,4.23,6.78,1245.84,4.32,6.65,60.55
2015-03-15 14:30:00,6359400.0,999.44,5.57,278.78,1.38,74.3,9.09,6.75,2.33,4.21,6.75,1245.9,4.45,7.29,57.52
2015-03-15 14:40:00,6360000.0,999.45,5.62,278.83,1.39,74.1,9.12,6.76,2.36,4.21,6.76,1245.7,4.69,6.23,65.01
2015-03-15 14:50:00,6360600.0,999.38,5.73,278.94,1.5,74.1,9.19,6.81,2.38,4.25,6.81,1245.08,4.54,6.93,55.29
2015-03-15 15:00:00,6361200.0,999.43,5.84,279.04,1.62,74.2,9.25,6.87,2.39,4.28,6.87,1244.66,3.7,5.13,63.42
2015-03-15 15:10:00,6361800.0,999.44,5.87,279.07,1.68,74.4,9.27,6.9,2.37,4.31,6.9,1244.51,3.37,4.77,66.97
2015-03-15 15:20:00,6362400.0,999.47,5.9,279.1,1.6,73.8,9.3,6.86,2.44,4.28,6.86,1244.43,3.43,6.41,82.7
2015-03-15 15:30:00,6363000.0,999.51,5.89,279.09,1.4,72.8,9.29,6.76,2.53,4.22,6.76,1244.58,3.18,5.61,92.0
2015-03-15 15:40:00,6363600.0,999.63,5.69,278.88,1.29,73.2,9.16,6.71,2.46,4.18,6.71,1245.63,4.39,7.37,81.5
2015-03-15 15:50:00,6364200.0,999.65,5.47,278.65,1.28,74.3,9.02,6.7,2.32,4.18,6.7,1246.67,4.24,8.09,85.5
2015-03-15 16:00:00,6364800.0,999.69,5.35,278.53,1.29,75.0,8.94,6.71,2.24,4.18,6.71,1247.24,4.23,6.89,86.2
2015-03-15 16:10:00,6365400.0,999.66,5.24,278.43,1.24,75.3,8.88,6.68,2.19,4.17,6.69,1247.7,3.8,6.37,96.0
2015-03-15 16:20:00,6366000.0,999.65,5.2,278.39,1.37,76.2,8.85,6.75,2.11,4.21,6.75,1247.84,4.12,5.81,99.1
2015-03-15 16:30:00,6366600.0,999.68,5.16,278.35,1.42,76.7,8.83,6.77,2.06,4.22,6.77,1248.04,3.12,4.57,93.5
2015-03-15 16:40:00,6367200.0,999.75,5.14,278.32,1.4,76.7,8.81,6.76,2.05,4.22,6.76,1248.25,3.08,5.33,88.4
2015-03-15 16:50:00,6367800.0,999.81,5.13,278.3,1.44,77.0,8.81,6.78,2.03,4.23,6.78,1248.35,3.28,5.81,79.4
2015-03-15 17:00:00,6368400.0,999.8,5.14,278.31,1.45,77.0,8.81,6.79,2.03,4.23,6.79,1248.31,3.23,5.77,85.5
2015-03-15 17:10:00,6369000.0,999.81,5.14,278.31,1.51,77.3,8.81,6.81,2.0,4.25,6.81,1248.3,2.7,4.85,87.3
2015-03-15 17:20:00,6369600.0,999.77,5.14,278.31,1.51,77.3,8.81,6.81,2.0,4.25,6.81,1248.26,2.57,4.41,84.5
2015-03-15 17:30:00,6370200.0,999.83,5.12,278.3,1.48,77.2,8.8,6.8,2.01,4.24,6.8,1248.39,2.87,4.33,90.9
2015-03-15 17:40:00,6370800.0,999.9,5.14,278.3,1.49,77.2,8.81,6.8,2.01,4.24,6.8,1248.41,2.51,4.17,88.9
2015-03-15 17:50:00,6371400.0,999.93,5.14,278.3,1.42,76.8,8.81,6.77,2.04,4.22,6.77,1248.47,3.3,5.01,82.5
2015-03-15 18:00:00,6372000.0,999.82,5.14,278.31,1.45,77.0,8.81,6.79,2.03,4.23,6.79,1248.33,2.71,4.29,55.34
2015-03-15 18:10:00,6372600.0,999.84,5.05,278.23,1.69,78.8,8.76,6.9,1.86,4.31,6.91,1248.66,3.0,4.97,50.59
2015-03-15 18:20:00,6373200.0,999.92,4.92,278.08,1.7,79.6,8.68,6.91,1.77,4.31,6.91,1249.39,3.61,4.89,49.81
2015-03-15 18:30:00,6373800.0,999.91,4.82,277.99,1.76,80.5,8.62,6.94,1.68,4.33,6.94,1249.8,3.82,5.43,49.33
2015-03-15 18:40:00,6374400.0,999.89,4.74,277.91,1.7,80.6,8.57,6.91,1.66,4.31,6.91,1250.13,4.56,6.19,48.8
2015-03-15 18:50:00,6375000.0,999.96,4.69,277.85,1.72,81.0,8.54,6.92,1.62,4.31,6.92,1250.46,4.03,5.25,42.69
2015-03-15 19:00:00,6375600.0,999.99,4.58,277.74,1.66,81.3,8.47,6.89,1.58,4.3,6.89,1251.0,3.87,4.97,38.27
2015-03-15 19:10:00,6376200.0,1000.02,4.44,277.6,1.62,81.8,8.39,6.87,1.53,4.28,6.87,1251.66,3.06,4.33,42.02
2015-03-15 19:20:00,6376800.0,1000.0,4.31,277.47,1.62,82.6,8.32,6.87,1.45,4.28,6.87,1252.22,2.12,4.49,49.81
2015-03-15 19:30:00,6377400.0,999.96,4.15,277.32,1.59,83.3,8.23,6.85,1.37,4.27,6.85,1252.89,1.31,2.92,52.2
2015-03-15 19:40:00,6378000.0,999.94,3.95,277.12,1.54,84.2,8.11,6.83,1.28,4.26,6.83,1253.78,2.05,2.96,38.71
2015-03-15 19:50:00,6378600.0,1000.03,3.84,277.0,1.57,85.1,8.04,6.85,1.2,4.27,6.85,1254.41,1.56,2.76,27.13
2015-03-15 20:00:00,6379200.0,1000.1,3.74,276.89,1.57,85.7,7.99,6.84,1.14,4.27,6.84,1254.96,1.94,3.16,21.63
2015-03-15 20:10:00,6379800.0,1000.07,3.69,276.85,1.63,86.3,7.96,6.87,1.09,4.28,6.87,1255.11,2.42,3.73,16.04
2015-03-15 20:20:00,6380400.0,1000.07,3.61,276.77,1.61,86.7,7.92,6.86,1.05,4.28,6.86,1255.48,1.78,2.64,7.91
2015-03-15 20:30:00,6381000.0,1000.07,3.62,276.77,1.68,87.1,7.92,6.9,1.02,4.3,6.9,1255.43,2.05,3.32,6.71
2015-03-15 20:40:00,6381600.0,1000.06,3.67,276.82,1.71,87.0,7.95,6.91,1.03,4.31,6.91,1255.19,2.09,3.04,10.37
2015-03-15 20:50:00,6382200.0,1000.06,3.79,276.95,1.82,86.9,8.02,6.97,1.05,4.35,6.97,1254.59,2.85,3.91,17.94
2015-03-15 21:00:00,6382800.0,1000.07,3.86,277.01,1.79,86.3,8.05,6.95,1.1,4.33,6.95,1254.34,2.87,4.01,16.76
2015-03-15 21:10:00,6383400.0,1000.06,3.8,276.96,1.78,86.6,8.02,6.95,1.08,4.33,6.95,1254.56,3.23,4.29,13.9
2015-03-15 21:20:00,6384000.0,1000.1,3.71,276.87,1.73,86.8,7.97,6.92,1.05,4.32,6.92,1255.03,3.11,4.01,11.52
2015-03-15 21:30:00,6384600.0,1000.17,3.61,276.75,1.69,87.2,7.91,6.9,1.01,4.3,6.9,1255.61,2.93,3.69,14.24
2015-03-15 21:40:00,6385200.0,1000.18,3.53,276.68,1.66,87.5,7.87,6.89,0.98,4.29,6.89,1255.98,2.9,3.57,8.17
2015-03-15 21:50:00,6385800.0,1000.21,3.53,276.68,1.68,87.6,7.87,6.9,0.98,4.3,6.9,1255.99,3.1,4.33,13.7
2015-03-15 22:00:00,6386400.0,1000.25,3.49,276.63,1.6,87.4,7.85,6.86,0.99,4.28,6.86,1256.28,3.09,4.03,19.09
2015-03-15 22:10:00,6387000.0,1000.3,3.4,276.54,1.55,87.6,7.8,6.83,0.97,4.26,6.83,1256.74,3.36,4.57,21.81
2015-03-15 22:20:00,6387600.0,1000.32,3.36,276.5,1.51,87.6,7.78,6.81,0.96,4.25,6.81,1256.94,2.71,4.09,15.29
2015-03-15 22:30:00,6388200.0,1000.32,3.27,276.4,1.45,87.8,7.73,6.78,0.94,4.23,6.78,1257.39,2.38,3.57,10.84
2015-03-15 22:40:00,6388800.0,1000.33,3.17,276.3,1.4,88.1,7.67,6.76,0.91,4.21,6.76,1257.86,2.18,2.92,10.69
2015-03-15 22:50:00,6389400.0,1000.35,3.23,276.37,1.38,87.6,7.71,6.75,0.96,4.21,6.75,1257.6,2.8,3.57,13.54
2015-03-15 23:00:00,6390000.0,1000.29,3.23,276.36,1.33,87.3,7.7,6.73,0.98,4.19,6.72,1257.57,2.58,4.03,16.32
2015-03-15 23:10:00,6390600.0,1000.26,3.22,276.36,1.29,87.1,7.7,6.71,0.99,4.18,6.71,1257.57,2.55,3.97,19.61
2015-03-15 23:20:00,6391200.0,1000.29,3.12,276.26,1.22,87.3,7.65,6.67,0.97,4.16,6.67,1258.08,2.45,3.2,16.8
2015-03-15 23:30:00,6391800.0,1000.3,3.07,276.2,1.17,87.3,7.62,6.65,0.97,4.15,6.65,1258.35,1.45,3.04,6.36
2015-03-15 23:40:00,6392400.0,1000.27,2.86,276.0,1.08,88.0,7.51,6.61,0.9,4.12,6.6,1259.27,0.42,1.24,335.4
2015-03-15 23:50:00,6393000.0,1000.26,2.81,275.95,1.09,88.4,7.48,6.61,0.87,4.12,6.61,1259.48,0.48,0.88,28.61
2015-03-16 00:00:00,6393600.0,1000.28,2.75,275.89,1.04,88.4,7.45,6.59,0.86,4.1,6.58,1259.78,0.3,0.64,173.9
2015-03-16 00:10:00,6394200.0,1000.29,2.78,275.92,1.14,88.9,7.46,6.63,0.83,4.14,6.63,1259.65,0.23,0.72,66.49
2015-03-16 00:20:00,6394800.0,1000.3,2.9,276.04,1.07,87.7,7.53,6.6,0.93,4.12,6.6,1259.13,0.34,0.72,141.3
2015-03-16 00:30:00,6395400.0,1000.34,2.73,275.87,0.95,88.0,7.44,6.55,0.89,4.08,6.54,1259.98,0.23,0.52,339.4
2015-03-16 00:40:00,6396000.0,1000.4,2.63,275.76,0.93,88.5,7.38,6.53,0.85,4.07,6.53,1260.53,0.22,0.52,17.33
2015-03-16 00:50:00,6396600.0,1000.4,2.63,275.76,0.94,88.6,7.38,6.54,0.84,4.08,6.54,1260.53,0.27,0.56,30.19
2015-03-16 01:00:00,6397200.0,1000.38,2.5,275.62,0.87,89.0,7.31,6.51,0.8,4.06,6.51,1261.13,0.46,0.84,6.39
2015-03-16 01:10:00,6397800.0,1000.34,2.41,275.54,0.85,89.4,7.27,6.5,0.77,4.05,6.49,1261.49,1.22,1.6,349.2
2015-03-16 01:20:00,6398400.0,1000.32,2.09,275.23,0.67,90.3,7.1,6.41,0.69,4.0,6.41,1262.95,1.72,2.52,335.1
2015-03-16 01:30:00,6399000.0,1000.3,2.07,275.2,0.79,91.2,7.09,6.47,0.62,4.03,6.47,1263.02,1.8,2.36,354.0
2015-03-16 01:40:00,6399600.0,1000.31,2.14,275.28,0.8,90.8,7.13,6.48,0.66,4.04,6.47,1262.66,1.74,2.56,3.21
2015-03-16 01:50:00,6400200.0,1000.32,2.1,275.23,0.73,90.6,7.11,6.44,0.67,4.01,6.44,1262.91,1.22,2.16,10.19
2015-03-16 02:00:00,6400800.0,1000.29,1.98,275.11,0.65,90.9,7.05,6.4,0.64,3.99,6.4,1263.44,1.07,1.96,9.8
2015-03-16 02:10:00,6401400.0,1000.19,1.88,275.03,0.59,91.1,7.0,6.38,0.62,3.97,6.37,1263.77,1.64,2.2,353.8
2015-03-16 02:20:00,6402000.0,1000.1,1.72,274.87,0.53,91.8,6.92,6.35,0.57,3.96,6.35,1264.42,1.98,2.78,358.2
2015-03-16 02:30:00,6402600.0,999.94,1.65,274.82,0.5,92.0,6.89,6.33,0.55,3.95,6.33,1264.51,0.66,1.48,14.15
2015-03-16 02:40:00,6403200.0,999.84,1.51,274.68,0.4,92.3,6.81,6.29,0.52,3.92,6.29,1265.08,0.97,2.0,10.02
2015-03-16 02:50:00,6403800.0,999.82,1.52,274.69,0.44,92.5,6.82,6.31,0.51,3.93,6.31,1265.0,0.47,1.4,32.88
2015-03-16 03:00:00,6404400.0,999.8,1.43,274.6,0.31,92.2,6.77,6.25,0.53,3.89,6.25,1265.42,0.36,0.72,149.4
2015-03-16 03:10:00,6405000.0,999.78,1.27,274.45,0.2,92.5,6.7,6.2,0.5,3.86,6.2,1266.12,0.53,1.04,112.2
2015-03-16 03:20:00,6405600.0,999.81,1.02,274.19,0.02,93.0,6.58,6.12,0.46,3.81,6.12,1267.38,0.34,0.72,68.14
2015-03-16 03:30:00,6406200.0,999.77,0.71,273.89,-0.23,93.4,6.43,6.01,0.42,3.75,6.01,1268.8,0.43,0.76,215.3
2015-03-16 03:40:00,6406800.0,999.69,0.66,273.84,-0.13,94.4,6.41,6.05,0.36,3.77,6.05,1268.93,0.61,0.84,215.5
2015-03-16 03:50:00,6407400.0,999.66,0.75,273.94,0.03,94.9,6.45,6.12,0.33,3.82,6.12,1268.43,0.31,0.64,98.2
2015-03-16 04:00:00,6408000.0,999.64,0.93,274.11,0.19,94.8,6.53,6.19,0.34,3.86,6.2,1267.56,0.18,0.36,42.35
2015-03-16 04:10:00,6408600.0,999.63,0.73,273.92,-0.15,93.8,6.44,6.04,0.4,3.77,6.05,1268.5,0.2,0.48,56.59
2015-03-16 04:20:00,6409200.0,999.66,0.73,273.92,-0.17,93.7,6.44,6.03,0.41,3.76,6.04,1268.57,0.19,0.44,110.9
2015-03-16 04:30:00,6409800.0,999.6,0.48,273.67,-0.48,93.2,6.33,5.9,0.43,3.68,5.9,1269.7,0.18,0.4,12.13
2015-03-16 04:40:00,6410400.0,999.6,0.35,273.54,-0.55,93.7,6.26,5.87,0.39,3.66,5.87,1270.35,0.27,0.56,40.52
2015-03-16 04:50:00,6411000.0,999.6,0.38,273.57,-0.41,94.4,6.28,5.93,0.35,3.7,5.93,1270.19,0.4,0.88,101.6
2015-03-16 05:00:00,6411600.0,999.56,0.23,273.42,-0.62,94.0,6.21,5.84,0.37,3.64,5.84,1270.86,0.44,1.08,47.89
2015-03-16 05:10:00,6412200.0,999.56,0.34,273.53,-0.42,94.6,6.26,5.92,0.34,3.69,5.92,1270.31,0.54,1.52,132.2
2015-03-16 05:20:00,6412800.0,999.51,0.14,273.34,-0.68,94.2,6.17,5.81,0.36,3.63,5.82,1271.21,0.81,1.72,21.6
2015-03-16 05:30:00,6413400.0,999.4,0.43,273.64,-0.34,94.5,6.3,5.96,0.35,3.72,5.96,1269.66,0.94,2.32,355.3
2015-03-16 05:40:00,6414000.0,999.33,0.49,273.7,-0.38,93.9,6.33,5.94,0.39,3.71,5.95,1269.32,0.58,1.64,135.1
2015-03-16 05:50:00,6414600.0,999.31,0.42,273.63,-0.45,93.9,6.3,5.91,0.38,3.69,5.92,1269.64,0.5,1.36,44.81
2015-03-16 06:00:00,6415200.0,999.28,0.42,273.64,-0.57,93.0,6.3,5.86,0.44,3.65,5.86,1269.59,0.38,1.16,158.5
2015-03-16 06:10:00,6415800.0,999.31,0.3,273.51,-0.71,92.9,6.24,5.8,0.44,3.62,5.8,1270.26,0.54,1.32,42.61
2015-03-16 06:20:00,6416400.0,999.31,0.37,273.58,-0.61,93.1,6.27,5.84,0.43,3.64,5.85,1269.89,0.48,1.04,191.0
2015-03-16 06:30:00,6417000.0,999.3,0.34,273.55,-0.59,93.5,6.26,5.85,0.41,3.65,5.86,1270.02,0.57,1.4,50.0
2015-03-16 06:40:00,6417600.0,999.33,0.34,273.56,-0.68,92.8,6.26,5.81,0.45,3.63,5.82,1270.05,0.52,1.12,194.4
2015-03-16 06:50:00,6418200.0,999.35,0.42,273.63,-0.52,93.4,6.3,5.88,0.42,3.67,5.88,1269.71,0.34,0.76,232.9
2015-03-16 07:00:00,6418800.0,999.43,0.35,273.55,-0.76,92.2,6.27,5.78,0.49,3.6,5.78,1270.16,0.47,0.96,196.6
2015-03-16 07:10:00,6419400.0,999.47,0.18,273.38,-0.9,92.4,6.19,5.72,0.47,3.57,5.72,1271.03,0.44,0.84,144.4
2015-03-16 07:20:00,6420000.0,999.48,0.13,273.33,-0.92,92.6,6.17,5.71,0.46,3.56,5.71,1271.27,0.36,0.64,174.9
2015-03-16 07:30:00,6420600.0,999.45,0.22,273.42,-0.8,92.8,6.21,5.76,0.45,3.59,5.76,1270.81,0.6,0.96,203.1
2015-03-16 07:40:00,6421200.0,999.46,0.35,273.56,-0.6,93.3,6.27,5.85,0.42,3.65,5.85,1270.14,0.39,0.82,203.3
2015-03-16 07:50:00,6421800.0,999.56,0.69,273.88,-0.32,92.9,6.42,5.96,0.46,3.72,5.97,1268.67,0.42,1.16,154.2
2015-03-16 08:00:00,6422400.0,999.5,0.99,274.19,-0.19,91.8,6.56,6.02,0.54,3.76,6.03,1267.17,0.46,0.88,187.4
2015-03-16 08:10:00,6423000.0,999.52,1.85,275.04,0.2,88.8,6.98,6.2,0.78,3.87,6.2,1263.16,0.49,1.0,173.0
2015-03-16 08:20:00,6423600.0,999.5,2.54,275.74,0.36,85.5,7.34,6.27,1.06,3.91,6.27,1259.93,0.63,1.16,169.4
2015-03-16 08:30:00,6424200.0,999.54,2.88,276.07,0.42,83.8,7.52,6.3,1.22,3.93,6.3,1258.42,0.68,1.12,152.6
2015-03-16 08:40:00,6424800.0,999.55,3.09,276.29,0.53,83.2,7.63,6.35,1.28,3.96,6.35,1257.42,0.74,1.24,169.2
2015-03-16 08:50:00,6425400.0,999.54,3.1,276.3,0.56,83.3,7.64,6.36,1.28,3.97,6.36,1257.37,0.63,1.12,144.6
2015-03-16 09:00:00,6426000.0,999.54,2.95,276.15,0.61,84.5,7.55,6.38,1.17,3.98,6.39,1258.04,0.49,1.0,171.2
2015-03-16 09:10:00,6426600.0,999.48,3.16,276.36,0.89,85.0,7.67,6.52,1.15,4.07,6.52,1256.95,0.47,1.16,170.8
2015-03-16 09:20:00,6427200.0,999.43,4.06,277.27,1.4,82.7,8.17,6.76,1.41,4.22,6.76,1252.68,0.54,1.12,166.0
2015-03-16 09:30:00,6427800.0,999.36,4.95,278.16,1.82,80.1,8.7,6.97,1.73,4.35,6.97,1248.52,0.39,0.92,191.4
2015-03-16 09:40:00,6428400.0,999.29,5.66,278.88,2.21,78.4,9.14,7.17,1.97,4.47,7.17,1245.13,0.46,1.04,173.6
2015-03-16 09:50:00,6429000.0,999.12,6.93,280.16,2.72,74.5,9.98,7.43,2.54,4.64,7.44,1239.17,0.46,0.96,161.4
2015-03-16 10:00:00,6429600.0,999.06,7.28,280.52,2.97,74.0,10.22,7.56,2.66,4.72,7.57,1237.48,0.6,1.24,199.2
2015-03-16 10:10:00,6430200.0,998.95,7.32,280.56,2.91,73.5,10.25,7.53,2.72,4.7,7.54,1237.17,0.82,1.42,171.8
2015-03-16 10:20:00,6430800.0,998.94,7.17,280.42,2.84,73.9,10.15,7.5,2.65,4.68,7.51,1237.84,1.37,2.16,190.3
2015-03-16 10:30:00,6431400.0,998.93,7.68,280.93,2.93,71.8,10.51,7.54,2.96,4.71,7.55,1235.56,1.11,2.12,158.9
2015-03-16 10:40:00,6432000.0,998.9,8.25,281.5,2.75,68.16,10.92,7.44,3.48,4.65,7.45,1233.06,2.04,3.68,136.0
2015-03-16 10:50:00,6432600.0,998.84,8.45,281.7,2.64,66.73,11.07,7.39,3.68,4.61,7.4,1232.15,2.61,4.24,148.6
2015-03-16 11:00:00,6433200.0,998.8,8.68,281.94,2.49,64.99,11.25,7.31,3.94,4.56,7.32,1231.13,3.22,6.01,161.4
2015-03-16 11:10:00,6433800.0,998.72,9.01,282.27,2.35,62.92,11.5,7.24,4.26,4.52,7.25,1229.62,3.1,5.81,139.2
2015-03-16 11:20:00,6434400.0,998.67,9.16,282.43,2.07,61.08,11.62,7.1,4.52,4.43,7.11,1228.98,3.9,7.71,136.2
2015-03-16 11:30:00,6435000.0,998.66,9.64,282.91,2.05,59.05,12.0,7.09,4.91,4.43,7.1,1226.88,4.82,6.69,151.3
2015-03-16 11:40:00,6435600.0,998.62,10.01,283.28,1.97,57.25,12.3,7.04,5.26,4.4,7.05,1225.25,4.47,8.21,151.7
2015-03-16 11:50:00,6436200.0,998.69,10.16,283.43,1.84,56.17,12.43,6.98,5.45,4.36,6.99,1224.71,4.41,6.89,151.0
2015-03-16 12:00:00,6436800.0,998.74,9.92,283.18,1.56,55.91,12.23,6.84,5.39,4.27,6.85,1225.88,4.9,7.45,126.5
2015-03-16 12:10:00,6437400.0,998.81,9.68,282.94,1.61,57.06,12.03,6.87,5.17,4.29,6.87,1226.98,4.76,7.01,124.8
2015-03-16 12:20:00,6438000.0,998.8,9.85,283.11,1.65,56.56,12.17,6.88,5.29,4.3,6.89,1226.24,3.82,6.77,120.8
2015-03-16 12:30:00,6438600.0,998.73,10.01,283.27,1.72,56.22,12.3,6.92,5.39,4.32,6.93,1225.44,4.14,6.65,122.3
2015-03-16 12:40:00,6439200.0,998.69,10.1,283.37,1.78,56.14,12.38,6.95,5.43,4.34,6.96,1224.99,3.59,6.41,147.2
2015-03-16 12:50:00,6439800.0,998.68,10.32,283.59,1.9,55.8,12.56,7.01,5.55,4.38,7.02,1223.99,3.75,6.61,139.3
2015-03-16 13:00:00,6440400.0,998.69,10.54,283.81,1.92,55.04,12.75,7.02,5.73,4.38,7.02,1223.05,3.37,5.89,144.2
2015-03-16 13:10:00,6441000.0,998.61,10.51,283.78,2.01,55.52,12.72,7.06,5.66,4.41,7.07,1223.06,3.43,4.87,136.1
2015-03-16 13:20:00,6441600.0,998.53,10.8,284.08,2.05,54.63,12.97,7.09,5.88,4.43,7.1,1221.71,2.84,5.09,125.8
2015-03-16 13:30:00,6442200.0,998.44,11.28,284.57,2.3,53.85,13.39,7.21,6.18,4.5,7.22,1219.48,3.22,4.85,138.9
2015-03-16 13:40:00,6442800.0,998.37,11.47,284.76,2.36,53.4,13.56,7.24,6.32,4.52,7.25,1218.56,3.61,5.89,90.9
2015-03-16 13:50:00,6443400.0,998.31,11.53,284.83,2.47,53.61,13.61,7.3,6.32,4.56,7.31,1218.21,3.48,6.73,133.4
2015-03-16 14:00:00,6444000.0,998.21,11.63,284.94,2.53,53.48,13.7,7.33,6.38,4.58,7.34,1217.64,3.7,6.41,146.2
2015-03-16 14:10:00,6444600.0,998.13,11.97,285.28,2.61,52.6,14.02,7.37,6.64,4.61,7.39,1216.07,3.3,6.81,135.6
2015-03-16 14:20:00,6445200.0,998.03,12.13,285.45,2.37,51.18,14.16,7.25,6.92,4.53,7.26,1215.33,4.36,7.29,123.7
2015-03-16 14:30:00,6445800.0,998.04,12.04,285.36,1.96,49.97,14.08,7.04,7.04,4.4,7.05,1215.82,4.86,7.13,118.0
2015-03-16 14:40:00,6446400.0,997.97,11.77,285.1,2.09,51.35,13.83,7.1,6.73,4.44,7.12,1216.86,3.76,5.97,105.9
2015-03-16 14:50:00,6447000.0,997.86,12.0,285.33,2.39,51.69,14.04,7.26,6.78,4.54,7.27,1215.67,3.68,7.07,116.8
2015-03-16 15:00:00,6447600.0,997.84,12.02,285.36,2.4,51.64,14.06,7.26,6.8,4.54,7.28,1215.55,3.81,7.05,120.1
2015-03-16 15:10:00,6448200.0,997.83,12.05,285.39,2.21,50.85,14.09,7.16,6.93,4.48,7.18,1215.46,4.46,6.87,135.2
2015-03-16 15:20:00,6448800.0,997.71,12.37,285.72,2.4,50.48,14.39,7.26,7.13,4.54,7.28,1213.91,3.06,5.41,143.3
2015-03-16 15:30:00,6449400.0,997.71,12.91,286.26,2.63,49.51,14.91,7.38,7.53,4.61,7.4,1211.56,3.31,6.25,140.7
2015-03-16 15:40:00,6450000.0,997.62,13.06,286.41,2.7,49.29,15.06,7.42,7.64,4.64,7.44,1210.8,3.44,5.57,155.8
2015-03-16 15:50:00,6450600.0,997.64,13.01,286.36,2.72,49.5,15.01,7.43,7.58,4.64,7.45,1211.03,4.27,6.37,142.7
2015-03-16 16:00:00,6451200.0,997.69,12.86,286.21,2.8,50.3,14.86,7.48,7.39,4.67,7.49,1211.7,3.7,7.45,129.9
2015-03-16 16:10:00,6451800.0,997.7,12.68,286.03,2.93,51.36,14.69,7.54,7.14,4.72,7.56,1212.45,2.5,5.89,115.9
2015-03-16 16:20:00,6452400.0,997.71,12.83,286.18,2.97,50.99,14.83,7.56,7.27,4.73,7.58,1211.81,2.91,4.32,119.1
2015-03-16 16:30:00,6453000.0,997.76,12.58,285.92,2.96,51.82,14.59,7.56,7.03,4.73,7.58,1212.94,2.64,4.87,76.3
2015-03-16 16:40:00,6453600.0,997.68,12.45,285.8,3.05,52.59,14.47,7.61,6.86,4.76,7.63,1213.37,2.42,4.08,94.9
2015-03-16 16:50:00,6454200.0,997.71,12.49,285.84,3.1,52.63,14.5,7.63,6.87,4.77,7.65,1213.23,2.72,4.67,67.99
2015-03-16 17:00:00,6454800.0,997.78,12.59,285.93,3.14,52.45,14.6,7.66,6.94,4.79,7.67,1212.87,2.35,4.08,72.6
2015-03-16 17:10:00,6455400.0,997.81,12.57,285.91,3.08,52.27,14.58,7.62,6.96,4.76,7.64,1213.02,3.75,6.17,81.7
2015-03-16 17:20:00,6456000.0,997.83,12.55,285.89,3.2,52.82,14.56,7.69,6.87,4.81,7.71,1213.09,2.59,4.73,80.5
2015-03-16 17:30:00,6456600.0,997.91,12.49,285.82,3.07,52.53,14.5,7.62,6.89,4.76,7.64,1213.47,4.14,6.69,79.1
2015-03-16 17:40:00,6457200.0,997.99,12.42,285.74,3.19,53.23,14.44,7.69,6.75,4.8,7.7,1213.84,2.48,5.61,88.6
2015-03-16 17:50:00,6457800.0,998.06,12.28,285.6,3.16,53.61,14.31,7.67,6.64,4.79,7.68,1214.53,3.14,5.41,94.2
2015-03-16 18:00:00,6458400.0,998.11,12.09,285.4,3.2,54.42,14.13,7.69,6.44,4.81,7.7,1215.39,2.84,5.41,92.5
2015-03-16 18:10:00,6459000.0,998.24,11.9,285.2,3.25,55.3,13.95,7.72,6.24,4.82,7.73,1216.34,3.1,5.43,90.7
2015-03-16 18:20:00,6459600.0,998.33,11.67,284.97,3.31,56.4,13.74,7.75,5.99,4.84,7.76,1217.42,2.54,4.77,97.2
2015-03-16 18:30:00,6460200.0,998.38,11.42,284.71,3.28,57.23,13.52,7.73,5.78,4.83,7.75,1218.56,2.21,4.04,104.4
2015-03-16 18:40:00,6460800.0,998.54,11.23,284.51,3.22,57.69,13.35,7.7,5.65,4.81,7.71,1219.59,2.08,3.6,93.2
2015-03-16 18:50:00,6461400.0,998.66,10.99,284.26,3.19,58.51,13.13,7.69,5.45,4.8,7.7,1220.77,2.01,3.4,99.3
2015-03-16 19:00:00,6462000.0,998.78,10.81,284.07,3.11,58.85,12.98,7.64,5.34,4.77,7.65,1221.71,2.11,3.72,88.6
2015-03-16 19:10:00,6462600.0,998.92,10.62,283.87,3.06,59.41,12.81,7.61,5.2,4.75,7.62,1222.72,2.66,3.72,108.4
2015-03-16 19:20:00,6463200.0,998.95,10.44,283.69,3.04,60.04,12.66,7.6,5.06,4.75,7.61,1223.53,1.54,2.64,91.3
2015-03-16 19:30:00,6463800.0,999.04,10.29,283.53,2.98,60.39,12.54,7.57,4.97,4.73,7.58,1224.31,1.22,1.96,87.0
2015-03-16 19:40:00,6464400.0,999.06,10.0,283.24,3.02,61.75,12.29,7.59,4.7,4.74,7.6,1225.57,1.09,3.36,190.0
2015-03-16 19:50:00,6465000.0,999.16,9.64,282.87,2.99,63.14,12.0,7.58,4.42,4.73,7.58,1227.26,1.02,2.56,185.3
2015-03-16 20:00:00,6465600.0,999.29,9.33,282.55,2.98,64.4,11.75,7.57,4.18,4.72,7.57,1228.78,0.86,1.68,189.2
2015-03-16 20:10:00,6466200.0,999.42,9.11,282.32,2.87,64.85,11.58,7.51,4.07,4.69,7.51,1229.92,1.86,3.02,197.9
2015-03-16 20:20:00,6466800.0,999.5,8.98,282.18,2.8,65.12,11.48,7.47,4.0,4.66,7.48,1230.6,2.03,2.72,196.9
2015-03-16 20:30:00,6467400.0,999.53,8.95,282.15,2.76,65.07,11.45,7.45,4.0,4.65,7.46,1230.79,2.29,3.0,197.2
2015-03-16 20:40:00,6468000.0,999.57,8.87,282.07,2.74,65.3,11.39,7.44,3.95,4.64,7.44,1231.18,2.23,2.84,193.8
2015-03-16 20:50:00,6468600.0,999.64,8.93,282.12,2.74,65.05,11.44,7.44,4.0,4.64,7.44,1231.01,2.38,3.0,190.6
2015-03-16 21:00:00,6469200.0,999.68,8.86,282.05,2.73,65.33,11.38,7.44,3.95,4.64,7.44,1231.36,2.51,3.2,188.2
2015-03-16 21:10:00,6469800.0,999.67,8.77,281.96,2.72,65.69,11.32,7.43,3.88,4.64,7.44,1231.75,2.13,2.9,186.0
2015-03-16 21:20:00,6470400.0,999.69,8.6,281.79,2.71,66.38,11.19,7.43,3.76,4.63,7.43,1232.51,2.22,2.92,183.8
2015-03-16 21:30:00,6471000.0,999.68,8.43,281.62,2.68,67.02,11.06,7.41,3.65,4.62,7.41,1233.26,1.65,2.92,189.8
2015-03-16 21:40:00,6471600.0,999.69,8.28,281.47,2.65,67.55,10.95,7.39,3.55,4.61,7.4,1233.94,1.74,2.32,191.2
2015-03-16 21:50:00,6472200.0,999.63,8.15,281.34,2.64,68.12,10.85,7.39,3.46,4.61,7.39,1234.44,1.34,2.08,184.5
2015-03-16 22:00:00,6472800.0,999.63,7.97,281.16,2.62,68.87,10.72,7.38,3.34,4.61,7.38,1235.23,0.97,2.12,188.3
2015-03-16 22:10:00,6473400.0,999.61,7.84,281.03,2.61,69.42,10.62,7.37,3.25,4.6,7.38,1235.78,1.45,2.8,180.1
2015-03-16 22:20:00,6474000.0,999.57,7.72,280.91,2.59,69.89,10.53,7.36,3.17,4.59,7.37,1236.26,1.25,2.28,179.8
2015-03-16 22:30:00,6474600.0,999.56,7.5,280.7,2.54,70.7,10.38,7.34,3.04,4.58,7.34,1237.23,0.6,1.44,151.7
2015-03-16 22:40:00,6475200.0,999.56,7.28,280.48,2.53,71.7,10.22,7.33,2.89,4.57,7.33,1238.2,1.58,2.52,154.8
2015-03-16 22:50:00,6475800.0,999.6,7.2,280.39,2.49,71.9,10.17,7.31,2.86,4.56,7.31,1238.62,1.51,2.8,149.1
2015-03-16 23:00:00,6476400.0,999.67,7.07,280.26,2.5,72.6,10.08,7.32,2.76,4.56,7.32,1239.28,1.41,2.52,150.9
2015-03-16 23:10:00,6477000.0,999.65,6.76,279.94,2.45,73.9,9.86,7.29,2.57,4.55,7.29,1240.65,1.39,2.32,146.2
2015-03-16 23:20:00,6477600.0,999.67,6.51,279.69,2.41,75.0,9.69,7.27,2.42,4.54,7.27,1241.79,1.3,2.52,171.7
2015-03-16 23:30:00,6478200.0,999.68,6.54,279.73,2.41,74.8,9.72,7.27,2.45,4.53,7.27,1241.64,1.62,2.96,191.7
2015-03-16 23:40:00,6478800.0,999.67,6.83,280.01,2.47,73.7,9.91,7.3,2.61,4.56,7.3,1240.37,1.73,2.76,187.6
2015-03-16 23:50:00,6479400.0,999.69,6.93,280.11,2.44,73.0,9.98,7.28,2.69,4.54,7.29,1239.95,1.19,2.32,203.7
2015-03-17 00:00:00,6480000.0,999.67,6.97,280.16,2.48,73.0,10.01,7.31,2.7,4.56,7.31,1239.71,0.76,1.76,192.4
2015-03-17 00:10:00,6480600.0,999.62,6.99,280.18,2.48,72.9,10.02,7.3,2.71,4.56,7.31,1239.59,0.81,1.76,184.9
2015-03-17 00:20:00,6481200.0,999.69,6.96,280.15,2.45,72.9,10.0,7.29,2.71,4.55,7.29,1239.8,1.37,2.04,203.7
2015-03-17 00:30:00,6481800.0,999.68,6.94,280.13,2.45,73.0,9.99,7.29,2.7,4.55,7.29,1239.86,1.06,2.16,211.5
2015-03-17 00:40:00,6482400.0,999.69,7.08,280.27,2.49,72.5,10.08,7.31,2.77,4.56,7.31,1239.25,1.2,1.84,227.7
2015-03-17 00:50:00,6483000.0,999.73,7.24,280.42,2.47,71.6,10.19,7.3,2.9,4.55,7.3,1238.6,1.39,2.28,219.3
2015-03-17 01:00:00,6483600.0,999.86,7.16,280.33,2.45,71.9,10.14,7.29,2.85,4.55,7.29,1239.12,0.54,1.4,221.8
2015-03-17 01:10:00,6484200.0,999.87,6.95,280.12,2.38,72.6,9.99,7.25,2.74,4.53,7.26,1240.09,0.53,1.32,243.3
2015-03-17 01:20:00,6484800.0,999.86,6.92,280.09,2.33,72.5,9.97,7.23,2.74,4.51,7.23,1240.23,0.65,1.24,222.8
2015-03-17 01:30:00,6485400.0,999.77,6.15,279.32,2.1,75.2,9.45,7.11,2.34,4.43,7.11,1243.6,1.4,2.32,185.9
2015-03-17 01:40:00,6486000.0,999.67,6.32,279.5,2.34,75.6,9.56,7.23,2.33,4.51,7.23,1242.67,1.92,2.96,208.8
2015-03-17 01:50:00,6486600.0,999.58,6.64,279.83,2.25,73.5,9.78,7.19,2.59,4.49,7.19,1241.15,2.04,2.96,214.5
2015-03-17 02:00:00,6487200.0,999.6,6.49,279.68,2.21,74.0,9.68,7.16,2.52,4.47,7.17,1241.83,1.72,2.64,217.6
2015-03-17 02:10:00,6487800.0,999.62,5.88,279.07,1.99,76.0,9.28,7.05,2.23,4.4,7.06,1244.62,0.69,1.44,186.1
2015-03-17 02:20:00,6488400.0,999.61,5.08,278.27,1.66,78.5,8.78,6.89,1.89,4.3,6.89,1248.27,0.55,0.92,99.4
2015-03-17 02:30:00,6489000.0,999.63,4.31,277.5,1.61,82.5,8.32,6.86,1.46,4.28,6.86,1251.77,0.21,0.44,16.25
2015-03-17 02:40:00,6489600.0,999.66,3.73,276.92,1.35,84.4,7.98,6.74,1.25,4.2,6.74,1254.49,0.45,1.04,311.1
2015-03-17 02:50:00,6490200.0,999.71,3.63,276.81,1.47,85.7,7.93,6.79,1.13,4.24,6.8,1254.98,0.39,0.64,9.35
2015-03-17 03:00:00,6490800.0,999.71,3.5,276.68,1.34,85.7,7.85,6.73,1.12,4.2,6.73,1255.61,0.3,0.56,28.98
2015-03-17 03:10:00,6491400.0,999.57,3.32,276.51,1.38,87.1,7.75,6.75,1.0,4.21,6.76,1256.26,0.44,1.0,207.4
2015-03-17 03:20:00,6492000.0,999.56,3.18,276.37,1.46,88.4,7.68,6.79,0.89,4.23,6.79,1256.83,1.03,1.44,208.1
2015-03-17 03:30:00,6492600.0,999.57,3.11,276.3,1.4,88.5,7.64,6.76,0.88,4.22,6.76,1257.18,0.49,0.76,102.7
2015-03-17 03:40:00,6493200.0,999.56,3.09,276.28,1.43,88.8,7.63,6.77,0.85,4.23,6.78,1257.28,0.39,0.84,60.88
2015-03-17 03:50:00,6493800.0,999.56,2.7,275.89,1.09,89.1,7.42,6.61,0.81,4.12,6.61,1259.12,0.6,0.92,37.46
2015-03-17 04:00:00,6494400.0,999.57,2.71,275.9,1.26,90.1,7.43,6.69,0.74,4.17,6.69,1259.04,0.48,0.64,43.23
2015-03-17 04:10:00,6495000.0,999.57,2.76,275.95,1.26,89.8,7.45,6.69,0.76,4.17,6.69,1258.81,0.57,0.9,45.2
2015-03-17 04:20:00,6495600.0,999.64,2.67,275.86,1.19,89.9,7.41,6.66,0.75,4.15,6.66,1259.32,0.66,1.04,37.89
2015-03-17 04:30:00,6496200.0,999.69,2.66,275.84,1.22,90.2,7.4,6.67,0.73,4.16,6.68,1259.42,0.41,0.82,22.9
2015-03-17 04:40:00,6496800.0,999.67,2.7,275.89,1.22,89.9,7.42,6.67,0.75,4.16,6.67,1259.21,0.23,0.56,255.9
2015-03-17 04:50:00,6497400.0,999.66,2.68,275.87,1.17,89.7,7.41,6.65,0.76,4.15,6.65,1259.3,0.36,0.84,97.2
2015-03-17 05:00:00,6498000.0,999.68,2.6,275.78,1.11,89.9,7.37,6.62,0.74,4.13,6.62,1259.72,0.3,0.48,44.74
2015-03-17 05:10:00,6498600.0,999.62,2.47,275.66,1.03,90.2,7.3,6.58,0.72,4.11,6.59,1260.25,0.44,0.68,50.13
2015-03-17 05:20:00,6499200.0,999.59,2.53,275.72,1.08,90.1,7.33,6.6,0.73,4.12,6.61,1259.94,0.31,0.6,55.72
2015-03-17 05:30:00,6499800.0,999.63,2.33,275.52,0.94,90.5,7.23,6.54,0.69,4.08,6.54,1260.91,0.57,0.84,28.38
2015-03-17 05:40:00,6500400.0,999.73,2.21,275.39,0.9,91.0,7.17,6.52,0.65,4.07,6.52,1261.59,0.47,1.0,46.09
2015-03-17 05:50:00,6501000.0,999.8,1.95,275.13,0.69,91.3,7.04,6.42,0.61,4.01,6.42,1262.91,0.4,1.0,96.1
2015-03-17 06:00:00,6501600.0,999.83,1.79,274.96,0.59,91.7,6.95,6.37,0.58,3.98,6.38,1263.74,0.25,0.44,179.5
2015-03-17 06:10:00,6502200.0,999.9,1.73,274.9,0.64,92.4,6.92,6.4,0.53,3.99,6.4,1264.07,0.21,0.36,234.3
2015-03-17 06:20:00,6502800.0,1000.03,1.68,274.84,0.65,92.8,6.9,6.4,0.5,3.99,6.4,1264.45,0.44,0.64,211.8
2015-03-17 06:30:00,6503400.0,1000.08,1.76,274.92,0.77,93.1,6.94,6.46,0.48,4.03,6.46,1264.13,0.28,0.48,137.4
2015-03-17 06:40:00,6504000.0,1000.04,1.81,274.96,0.68,92.2,6.96,6.42,0.54,4.0,6.42,1263.89,0.34,0.8,43.09
2015-03-17 06:50:00,6504600.0,1000.05,1.78,274.94,0.64,92.1,6.95,6.4,0.55,3.99,6.4,1264.04,0.12,0.32,1.95
2015-03-17 07:00:00,6505200.0,1000.15,1.67,274.82,0.4,91.2,6.89,6.29,0.61,3.92,6.29,1264.72,0.36,0.64,190.9
2015-03-17 07:10:00,6505800.0,1000.18,1.38,274.52,0.2,91.8,6.75,6.2,0.55,3.86,6.19,1266.16,0.34,0.56,134.5
2015-03-17 07:20:00,6506400.0,1000.22,1.36,274.5,0.19,91.9,6.74,6.19,0.55,3.86,6.19,1266.31,0.51,0.94,124.6
2015-03-17 07:30:00,6507000.0,1000.29,1.52,274.65,0.35,91.9,6.82,6.27,0.55,3.91,6.26,1265.62,0.45,0.8,142.5
2015-03-17 07:40:00,6507600.0,1000.31,1.86,274.99,0.53,90.9,6.99,6.35,0.64,3.96,6.35,1264.05,0.35,0.76,45.47
2015-03-17 07:50:00,6508200.0,1000.32,2.82,275.95,1.27,89.5,7.48,6.7,0.79,4.18,6.7,1259.47,0.44,0.96,223.3
2015-03-17 08:00:00,6508800.0,1000.34,3.69,276.82,1.38,84.8,7.96,6.75,1.21,4.21,6.75,1255.53,0.54,0.88,185.6
2015-03-17 08:10:00,6509400.0,1000.42,4.26,277.38,1.47,82.0,8.29,6.79,1.49,4.23,6.79,1253.04,0.26,0.6,177.8
2015-03-17 08:20:00,6510000.0,1000.46,4.68,277.81,1.61,80.4,8.54,6.86,1.67,4.28,6.86,1251.12,0.27,0.72,115.9
2015-03-17 08:30:00,6510600.0,1000.54,4.82,277.93,1.64,79.8,8.62,6.88,1.74,4.29,6.87,1250.62,0.26,0.64,133.4
2015-03-17 08:40:00,6511200.0,1000.56,4.85,277.96,1.72,80.1,8.64,6.92,1.72,4.31,6.91,1250.49,0.26,0.66,55.62
2015-03-17 08:50:00,6511800.0,1000.61,5.02,278.13,1.84,79.8,8.74,6.98,1.77,4.35,6.97,1249.74,0.32,0.68,72.7
2015-03-17 09:00:00,6512400.0,1000.56,5.42,278.53,2.1,79.1,8.99,7.11,1.88,4.43,7.1,1247.84,0.31,0.64,114.4
2015-03-17 09:10:00,6513000.0,1000.54,6.54,279.66,2.6,75.8,9.72,7.37,2.35,4.59,7.36,1242.66,0.24,0.68,74.6
2015-03-17 09:20:00,6513600.0,1000.52,7.86,280.98,2.81,70.3,10.64,7.48,3.16,4.66,7.47,1236.77,0.56,1.04,196.2
2015-03-17 09:30:00,6514200.0,1000.52,8.41,281.53,3.1,69.13,11.04,7.63,3.41,4.76,7.63,1234.28,0.61,1.04,85.4
2015-03-17 09:40:00,6514800.0,1000.42,8.53,281.66,3.21,69.13,11.13,7.7,3.44,4.8,7.69,1233.6,0.52,1.12,89.7
2015-03-17 09:50:00,6515400.0,1000.32,9.31,282.44,3.39,66.4,11.74,7.79,3.94,4.86,7.79,1230.02,0.59,1.24,116.9
2015-03-17 10:00:00,6516000.0,1000.3,9.57,282.71,3.51,65.82,11.94,7.86,4.08,4.9,7.86,1228.84,0.79,1.48,173.3
2015-03-17 10:10:00,6516600.0,1000.3,9.47,282.61,3.45,65.96,11.86,7.83,4.04,4.88,7.82,1229.3,0.6,1.36,206.1
2015-03-17 10:20:00,6517200.0,1000.17,10.3,283.45,3.8,63.94,12.54,8.02,4.52,5.0,8.02,1225.44,0.41,1.12,81.2
2015-03-17 10:30:00,6517800.0,1000.05,10.54,283.7,3.77,62.81,12.75,8.01,4.74,4.99,8.01,1224.26,1.17,2.2,65.09
2015-03-17 10:40:00,6518400.0,1000.03,10.34,283.5,3.67,63.22,12.58,7.95,4.63,4.96,7.95,1225.13,0.95,1.52,87.4
2015-03-17 10:50:00,6519000.0,1000.13,10.86,284.01,3.9,62.06,13.02,8.08,4.94,5.04,8.08,1222.94,1.09,2.12,140.0
2015-03-17 11:00:00,6519600.0,1000.18,11.24,284.39,3.94,60.68,13.35,8.1,5.25,5.06,8.1,1221.36,1.48,3.44,135.1
2015-03-17 11:10:00,6520200.0,1000.17,11.48,284.63,3.99,59.94,13.57,8.13,5.44,5.07,8.13,1220.3,1.51,2.52,128.2
2015-03-17 11:20:00,6520800.0,1000.16,11.67,284.82,4.19,60.0,13.74,8.24,5.5,5.14,8.24,1219.43,2.01,3.12,108.8
2015-03-17 11:30:00,6521400.0,1000.08,11.74,284.89,4.21,59.82,13.8,8.26,5.55,5.15,8.26,1219.03,2.24,3.52,120.9
2015-03-17 11:40:00,6522000.0,999.98,12.0,285.16,4.29,59.15,14.04,8.31,5.74,5.18,8.31,1217.78,1.58,3.42,128.7
2015-03-17 11:50:00,6522600.0,999.97,12.31,285.47,4.39,58.35,14.33,8.36,5.97,5.22,8.36,1216.4,2.04,4.71,124.6
2015-03-17 12:00:00,6523200.0,999.82,12.29,285.46,4.39,58.43,14.31,8.36,5.95,5.22,8.37,1216.31,2.12,3.68,121.5
2015-03-17 12:10:00,6523800.0,999.67,12.57,285.76,4.54,57.98,14.58,8.45,6.13,5.28,8.46,1214.9,2.0,4.04,127.8
2015-03-17 12:20:00,6524400.0,999.56,13.15,286.35,4.6,56.03,15.15,8.49,6.66,5.3,8.49,1212.29,2.26,3.68,153.7
2015-03-17 12:30:00,6525000.0,999.62,13.43,286.62,4.68,55.35,15.43,8.54,6.89,5.33,8.54,1211.15,1.76,3.56,165.0
2015-03-17 12:40:00,6525600.0,999.56,13.54,286.74,4.28,53.43,15.54,8.3,7.24,5.18,8.3,1210.72,2.55,4.32,170.7
2015-03-17 12:50:00,6526200.0,999.51,13.66,286.86,4.48,53.75,15.66,8.42,7.24,5.25,8.42,1210.1,2.16,3.68,134.6
2015-03-17 13:00:00,6526800.0,999.43,13.7,286.91,4.66,54.29,15.7,8.52,7.18,5.32,8.53,1209.79,2.38,4.0,139.5
2015-03-17 13:10:00,6527400.0,999.3,13.98,287.2,4.89,54.18,15.99,8.66,7.33,5.41,8.67,1208.39,2.31,4.6,71.5
2015-03-17 13:20:00,6528000.0,999.16,13.9,287.13,4.71,53.77,15.9,8.55,7.35,5.34,8.56,1208.61,2.55,3.8,125.9
2015-03-17 13:30:00,6528600.0,999.11,14.01,287.24,4.46,52.46,16.02,8.4,7.62,5.25,8.41,1208.15,2.53,4.96,115.4
2015-03-17 13:40:00,6529200.0,999.09,13.94,287.18,4.67,53.48,15.95,8.53,7.42,5.33,8.54,1208.36,2.98,4.92,102.5
2015-03-17 13:50:00,6529800.0,999.08,13.44,286.68,4.44,54.36,15.44,8.39,7.04,5.24,8.4,1210.53,2.87,4.64,82.8
2015-03-17 14:00:00,6530400.0,998.97,13.59,286.83,4.58,54.38,15.59,8.48,7.11,5.29,8.49,1209.71,2.88,5.74,91.1
2015-03-17 14:10:00,6531000.0,998.97,14.14,287.38,4.65,52.71,16.15,8.52,7.64,5.32,8.52,1207.38,3.03,5.48,109.4
2015-03-17 14:20:00,6531600.0,998.87,14.45,287.7,4.57,51.37,16.48,8.47,8.02,5.29,8.48,1205.97,2.64,4.44,142.9
2015-03-17 14:30:00,6532200.0,998.78,14.65,287.91,4.77,51.43,16.7,8.59,8.11,5.37,8.6,1204.98,3.17,6.25,135.1
2015-03-17 14:40:00,6532800.0,998.64,14.52,287.79,4.8,51.97,16.56,8.6,7.95,5.38,8.62,1205.34,3.13,5.4,98.4
2015-03-17 14:50:00,6533400.0,998.58,14.78,288.06,4.88,51.42,16.84,8.66,8.18,5.41,8.67,1204.16,3.15,5.28,77.5
2015-03-17 15:00:00,6534000.0,998.47,15.21,288.5,5.06,50.65,17.31,8.77,8.54,5.48,8.78,1202.18,2.68,5.16,140.7
2015-03-17 15:10:00,6534600.0,998.38,15.38,288.67,4.96,49.73,17.5,8.7,8.8,5.44,8.72,1201.4,2.76,5.32,125.5
2015-03-17 15:20:00,6535200.0,998.36,15.43,288.73,4.99,49.67,17.56,8.72,8.84,5.45,8.74,1201.15,2.29,5.4,131.6
2015-03-17 15:30:00,6535800.0,998.29,15.31,288.61,5.07,50.36,17.42,8.77,8.65,5.48,8.79,1201.54,2.37,3.76,116.4
2015-03-17 15:40:00,6536400.0,998.24,15.09,288.4,4.87,50.34,17.18,8.65,8.53,5.41,8.66,1202.46,3.49,6.36,82.3
2015-03-17 15:50:00,6537000.0,998.21,15.13,288.44,4.91,50.35,17.22,8.67,8.55,5.42,8.69,1202.25,2.23,3.68,91.1
2015-03-17 16:00:00,6537600.0,998.2,15.17,288.48,4.89,50.16,17.27,8.66,8.61,5.41,8.68,1202.07,2.76,4.44,118.6
2015-03-17 16:10:00,6538200.0,998.2,15.13,288.44,5.01,50.71,17.22,8.73,8.49,5.46,8.75,1202.2,2.21,4.28,84.9
2015-03-17 16:20:00,6538800.0,998.21,15.0,288.31,4.87,50.66,17.08,8.65,8.43,5.41,8.67,1202.79,2.87,4.92,87.5
2015-03-17 16:30:00,6539400.0,998.21,15.01,288.32,4.8,50.36,17.09,8.61,8.48,5.38,8.62,1202.78,3.12,5.04,81.3
2015-03-17 16:40:00,6540000.0,998.21,14.85,288.16,4.65,50.35,16.91,8.52,8.4,5.32,8.53,1203.49,2.96,4.66,91.3
2015-03-17 16:50:00,6540600.0,998.11,14.73,288.05,4.55,50.38,16.78,8.46,8.33,5.29,8.47,1203.9,2.97,4.64,89.3
2015-03-17 17:00:00,6541200.0,998.1,14.75,288.07,4.66,50.73,16.81,8.53,8.28,5.33,8.54,1203.77,1.77,3.28,91.4
2015-03-17 17:10:00,6541800.0,998.13,14.73,288.04,4.68,50.85,16.78,8.53,8.25,5.34,8.55,1203.88,1.88,3.48,79.3
2015-03-17 17:20:00,6542400.0,998.14,14.69,288.0,4.71,51.08,16.74,8.55,8.19,5.35,8.57,1204.05,1.23,2.04,66.17
2015-03-17 17:30:00,6543000.0,998.14,14.62,287.93,4.66,51.16,16.66,8.53,8.14,5.33,8.54,1204.35,1.7,2.84,43.37
2015-03-17 17:40:00,6543600.0,998.15,14.61,287.92,4.61,51.0,16.65,8.49,8.16,5.31,8.51,1204.43,1.99,3.12,50.95
2015-03-17 17:50:00,6544200.0,998.16,14.52,287.83,4.63,51.38,16.56,8.51,8.05,5.32,8.52,1204.81,2.49,4.66,49.35
2015-03-17 18:00:00,6544800.0,998.18,14.2,287.51,4.74,52.84,16.22,8.57,7.65,5.36,8.59,1206.15,2.4,3.96,47.87
2015-03-17 18:10:00,6545400.0,998.19,13.85,287.16,4.71,53.95,15.85,8.55,7.3,5.35,8.57,1207.64,1.81,2.92,48.92
2015-03-17 18:20:00,6546000.0,998.2,13.65,286.96,4.65,54.44,15.65,8.52,7.13,5.33,8.53,1208.51,1.91,2.88,28.75
2015-03-17 18:30:00,6546600.0,998.22,13.55,286.86,4.65,54.78,15.55,8.52,7.03,5.32,8.53,1208.95,2.29,3.04,19.13
2015-03-17 18:40:00,6547200.0,998.22,13.41,286.72,4.61,55.12,15.41,8.49,6.91,5.31,8.51,1209.56,1.01,2.12,16.32
2015-03-17 18:50:00,6547800.0,998.32,13.21,286.51,4.77,56.49,15.21,8.59,6.62,5.37,8.6,1210.48,1.73,2.32,348.1
2015-03-17 19:00:00,6548400.0,998.33,13.08,286.38,4.67,56.58,15.08,8.53,6.55,5.33,8.54,1211.06,1.86,2.8,347.5
2015-03-17 19:10:00,6549000.0,998.35,13.03,286.33,4.22,54.98,15.03,8.26,6.77,5.16,8.28,1211.43,2.08,3.08,3.73
2015-03-17 19:20:00,6549600.0,998.35,13.16,286.45,3.45,51.66,15.16,7.83,7.33,4.89,7.84,1211.08,1.55,2.84,52.03
2015-03-17 19:30:00,6550200.0,998.44,12.84,286.13,3.32,52.25,14.84,7.75,7.09,4.85,7.77,1212.57,1.46,3.32,32.54
2015-03-17 19:40:00,6550800.0,998.54,12.47,285.75,3.15,52.91,14.49,7.66,6.82,4.79,7.68,1214.3,1.62,5.21,67.12
2015-03-17 19:50:00,6551400.0,998.6,12.36,285.63,3.17,53.37,14.38,7.68,6.71,4.79,7.69,1214.84,1.23,3.28,164.9
2015-03-17 20:00:00,6552000.0,998.64,11.77,285.04,3.12,55.28,13.83,7.65,6.19,4.78,7.66,1217.42,1.16,1.68,209.6
2015-03-17 20:10:00,6552600.0,998.67,11.42,284.69,2.92,55.79,13.52,7.54,5.98,4.71,7.55,1219.0,1.36,2.2,205.5
2015-03-17 20:20:00,6553200.0,998.74,11.2,284.46,2.92,56.58,13.32,7.54,5.78,4.71,7.55,1220.03,0.58,1.48,170.8
2015-03-17 20:30:00,6553800.0,998.8,10.96,284.22,2.87,57.29,13.11,7.51,5.6,4.69,7.52,1221.15,0.63,1.88,196.4
2015-03-17 20:40:00,6554400.0,998.82,10.75,284.01,2.74,57.57,12.93,7.44,5.48,4.65,7.45,1222.11,0.95,1.76,225.3
2015-03-17 20:50:00,6555000.0,998.85,10.57,283.82,2.67,57.96,12.77,7.4,5.37,4.62,7.41,1222.94,0.65,1.52,179.7
2015-03-17 21:00:00,6555600.0,998.88,10.45,283.7,2.63,58.29,12.67,7.39,5.28,4.61,7.39,1223.51,1.27,1.92,197.9
2015-03-17 21:10:00,6556200.0,998.87,10.26,283.51,2.52,58.56,12.51,7.33,5.18,4.57,7.33,1224.34,1.97,2.8,200.6
2015-03-17 21:20:00,6556800.0,998.83,10.13,283.38,2.46,58.81,12.4,7.29,5.11,4.55,7.3,1224.87,2.36,3.28,200.0
2015-03-17 21:30:00,6557400.0,998.87,9.89,283.14,2.42,59.61,12.2,7.27,4.93,4.54,7.28,1225.96,2.15,2.8,204.2
2015-03-17 21:40:00,6558000.0,998.82,9.82,283.08,2.36,59.62,12.15,7.24,4.9,4.52,7.25,1226.23,2.76,4.08,197.9
2015-03-17 21:50:00,6558600.0,998.8,9.57,282.83,2.31,60.42,11.94,7.22,4.73,4.51,7.23,1227.3,2.81,3.92,198.1
2015-03-17 22:00:00,6559200.0,998.84,9.37,282.62,2.28,61.1,11.78,7.2,4.58,4.5,7.21,1228.22,2.81,3.52,205.4
2015-03-17 22:10:00,6559800.0,998.85,9.27,282.52,2.23,61.32,11.7,7.18,4.53,4.48,7.19,1228.68,2.5,3.56,208.5
2015-03-17 22:20:00,6560400.0,998.92,9.18,282.43,2.22,61.63,11.63,7.17,4.46,4.48,7.18,1229.16,2.24,3.18,207.3
2015-03-17 22:30:00,6561000.0,998.92,9.18,282.43,2.18,61.46,11.63,7.15,4.48,4.46,7.16,1229.17,2.18,3.28,210.3
2015-03-17 22:40:00,6561600.0,998.87,9.08,282.33,2.11,61.56,11.56,7.11,4.44,4.44,7.12,1229.55,2.17,3.54,204.6
2015-03-17 22:50:00,6562200.0,998.85,9.05,282.3,2.04,61.4,11.53,7.08,4.45,4.42,7.09,1229.67,2.73,3.76,206.8
2015-03-17 23:00:00,6562800.0,998.79,8.95,282.21,2.02,61.7,11.45,7.07,4.39,4.41,7.08,1230.05,2.59,3.24,198.4
2015-03-17 23:10:00,6563400.0,998.76,8.82,282.08,2.02,62.25,11.35,7.07,4.29,4.41,7.08,1230.57,1.73,2.28,197.8
2015-03-17 23:20:00,6564000.0,998.7,8.71,281.98,2.0,62.62,11.27,7.06,4.21,4.41,7.07,1230.99,1.87,2.54,194.7
2015-03-17 23:30:00,6564600.0,998.7,8.52,281.78,1.98,63.34,11.13,7.05,4.08,4.4,7.06,1231.83,1.66,2.2,189.3
2015-03-17 23:40:00,6565200.0,998.67,8.34,281.61,1.92,63.87,10.99,7.02,3.97,4.38,7.03,1232.58,1.91,2.48,199.9
2015-03-17 23:50:00,6565800.0,998.7,8.23,281.5,1.85,64.02,10.91,6.98,3.92,4.36,6.99,1233.12,1.67,2.56,199.0
2015-03-18 00:00:00,6566400.0,998.8,8.12,281.38,1.84,64.43,10.83,6.98,3.85,4.36,6.98,1233.73,1.14,2.0,205.5
2015-03-18 00:10:00,6567000.0,998.76,7.98,281.24,1.74,64.61,10.72,6.93,3.8,4.33,6.94,1234.32,1.43,2.24,205.8
2015-03-18 00:20:00,6567600.0,998.82,8.05,281.31,1.63,63.77,10.77,6.87,3.9,4.29,6.88,1234.11,1.47,2.4,207.3
2015-03-18 00:30:00,6568200.0,998.85,7.96,281.21,1.49,63.55,10.71,6.81,3.9,4.25,6.81,1234.58,1.46,2.44,200.4
2015-03-18 00:40:00,6568800.0,998.85,7.83,281.08,1.4,63.67,10.61,6.76,3.86,4.22,6.77,1235.17,1.95,2.64,201.8
2015-03-18 00:50:00,6569400.0,998.92,7.66,280.91,1.31,64.03,10.49,6.72,3.77,4.19,6.73,1236.02,1.76,2.76,200.3
2015-03-18 01:00:00,6570000.0,998.93,7.44,280.69,1.28,64.86,10.33,6.7,3.63,4.18,6.71,1237.02,1.72,2.58,194.7
2015-03-18 01:10:00,6570600.0,998.92,7.42,280.67,1.21,64.62,10.32,6.67,3.65,4.16,6.68,1237.1,1.42,2.6,195.9
2015-03-18 01:20:00,6571200.0,998.84,7.37,280.62,1.14,64.52,10.29,6.64,3.65,4.14,6.64,1237.24,1.24,1.78,198.3
2015-03-18 01:30:00,6571800.0,998.82,7.08,280.33,1.13,65.77,10.08,6.63,3.45,4.14,6.64,1238.5,0.58,0.96,192.5
2015-03-18 01:40:00,6572400.0,998.82,6.89,280.14,1.05,66.24,9.95,6.59,3.36,4.12,6.6,1239.35,1.03,1.68,210.0
2015-03-18 01:50:00,6573000.0,998.73,7.08,280.34,0.99,65.09,10.08,6.56,3.52,4.1,6.57,1238.42,1.12,1.92,224.2
2015-03-18 02:00:00,6573600.0,998.74,6.92,280.18,1.1,66.36,9.97,6.62,3.35,4.13,6.63,1239.11,0.45,1.04,162.3
2015-03-18 02:10:00,6574200.0,998.69,6.46,279.73,1.19,68.88,9.66,6.66,3.01,4.16,6.67,1241.05,0.47,0.94,185.3
2015-03-18 02:20:00,6574800.0,998.62,6.17,279.44,0.96,69.19,9.47,6.55,2.92,4.09,6.56,1242.34,0.8,1.92,219.9
2015-03-18 02:30:00,6575400.0,998.58,6.3,279.57,0.9,68.25,9.56,6.52,3.03,4.07,6.53,1241.71,0.78,1.88,207.0
2015-03-18 02:40:00,6576000.0,998.49,6.0,279.28,1.0,70.2,9.36,6.57,2.79,4.1,6.58,1242.93,0.56,1.08,185.5
2015-03-18 02:50:00,6576600.0,998.53,5.97,279.24,0.84,69.53,9.34,6.49,2.84,4.05,6.5,1243.14,0.96,1.88,183.8
2015-03-18 03:00:00,6577200.0,998.64,4.38,277.65,0.7,76.9,8.36,6.43,1.93,4.01,6.44,1250.4,0.59,1.08,82.1
2015-03-18 03:10:00,6577800.0,998.63,3.88,277.15,0.77,80.1,8.07,6.46,1.61,4.03,6.47,1252.66,0.34,0.64,74.7
2015-03-18 03:20:00,6578400.0,998.6,3.62,276.89,0.81,81.8,7.92,6.48,1.44,4.04,6.49,1253.79,0.67,1.16,98.1
2015-03-18 03:30:00,6579000.0,998.69,3.39,276.65,0.76,82.8,7.79,6.45,1.34,4.03,6.46,1254.94,0.76,1.22,60.72
2015-03-18 03:40:00,6579600.0,998.68,3.32,276.58,0.72,83.0,7.76,6.44,1.32,4.02,6.45,1255.25,0.33,0.64,245.2
2015-03-18 03:50:00,6580200.0,998.62,3.51,276.78,0.72,81.9,7.86,6.44,1.42,4.02,6.45,1254.3,0.68,1.28,221.8
2015-03-18 04:00:00,6580800.0,998.61,3.82,277.09,0.67,79.8,8.04,6.41,1.62,4.0,6.42,1252.9,0.52,0.8,214.4
2015-03-18 04:10:00,6581400.0,998.58,3.71,276.99,0.67,80.4,7.97,6.41,1.56,4.0,6.42,1253.35,0.55,1.58,169.9
2015-03-18 04:20:00,6582000.0,998.48,3.47,276.75,0.58,81.3,7.84,6.37,1.47,3.98,6.38,1254.35,0.92,1.64,221.6
2015-03-18 04:30:00,6582600.0,998.46,3.33,276.61,0.46,81.4,7.76,6.32,1.44,3.94,6.33,1255.0,0.53,1.08,197.1
2015-03-18 04:40:00,6583200.0,998.43,3.09,276.38,0.38,82.3,7.63,6.28,1.35,3.92,6.29,1256.05,0.43,0.74,163.5
2015-03-18 04:50:00,6583800.0,998.43,3.08,276.37,0.49,83.0,7.63,6.33,1.3,3.95,6.34,1256.08,0.4,0.92,126.5
2015-03-18 05:00:00,6584400.0,998.45,2.88,276.16,0.31,83.1,7.52,6.25,1.27,3.9,6.26,1257.06,0.55,0.92,136.6
2015-03-18 05:10:00,6585000.0,998.46,2.65,275.93,0.23,84.0,7.39,6.21,1.18,3.88,6.22,1258.13,0.41,0.88,122.6
2015-03-18 05:20:00,6585600.0,998.44,2.32,275.6,0.01,84.6,7.22,6.11,1.11,3.82,6.12,1259.66,0.2,0.58,258.3
2015-03-18 05:30:00,6586200.0,998.44,2.16,275.44,0.02,85.7,7.14,6.12,1.02,3.82,6.13,1260.4,0.19,0.44,9.27
2015-03-18 05:40:00,6586800.0,998.39,2.21,275.5,0.04,85.5,7.16,6.13,1.04,3.83,6.14,1260.1,0.23,0.52,73.8
2015-03-18 05:50:00,6587400.0,998.34,2.15,275.44,0.03,85.8,7.13,6.12,1.01,3.82,6.13,1260.32,0.24,0.4,200.8
2015-03-18 06:00:00,6588000.0,998.34,1.93,275.22,-0.06,86.6,7.02,6.08,0.94,3.8,6.09,1261.33,0.16,0.36,317.3
2015-03-18 06:10:00,6588600.0,998.34,1.66,274.95,-0.31,86.7,6.89,5.97,0.92,3.73,5.98,1262.62,0.31,0.68,173.2
2015-03-18 06:20:00,6589200.0,998.44,1.22,274.5,-0.43,88.7,6.67,5.92,0.75,3.7,5.93,1264.82,0.48,0.84,157.0
2015-03-18 06:30:00,6589800.0,998.54,1.09,274.36,-0.35,90.1,6.61,5.96,0.65,3.72,5.96,1265.53,0.36,0.72,155.1
2015-03-18 06:40:00,6590400.0,998.59,1.12,274.39,-0.32,90.1,6.62,5.97,0.66,3.73,5.98,1265.45,0.48,0.72,128.1
2015-03-18 06:50:00,6591000.0,998.67,1.17,274.43,-0.3,89.9,6.65,5.98,0.67,3.73,5.99,1265.31,0.47,0.96,169.1
2015-03-18 07:00:00,6591600.0,998.71,1.49,274.75,-0.17,88.7,6.8,6.03,0.77,3.77,6.04,1263.86,0.63,1.44,152.7
2015-03-18 07:10:00,6592200.0,998.71,1.75,275.01,-0.02,88.0,6.93,6.1,0.83,3.81,6.11,1262.64,0.7,1.68,104.2
2015-03-18 07:20:00,6592800.0,998.75,2.12,275.37,0.12,86.6,7.12,6.16,0.95,3.85,6.17,1260.97,0.55,1.04,115.4
2015-03-18 07:30:00,6593400.0,998.83,2.61,275.87,0.23,84.2,7.37,6.21,1.17,3.88,6.22,1258.77,0.54,0.96,125.3
2015-03-18 07:40:00,6594000.0,998.89,2.72,275.96,0.2,83.4,7.43,6.2,1.23,3.87,6.2,1258.38,0.6,0.9,113.8
2015-03-18 07:50:00,6594600.0,998.95,3.31,276.55,0.48,81.6,7.75,6.32,1.43,3.95,6.33,1255.7,0.42,0.84,169.6
2015-03-18 08:00:00,6595200.0,998.96,4.36,277.6,0.64,76.7,8.34,6.4,1.94,3.99,6.41,1250.95,0.28,0.64,151.3
2015-03-18 08:10:00,6595800.0,999.02,5.3,278.54,0.83,72.8,8.91,6.49,2.42,4.05,6.5,1246.72,0.39,0.84,162.1
2015-03-18 08:20:00,6596400.0,999.07,5.81,279.04,0.97,71.0,9.23,6.56,2.68,4.09,6.56,1244.5,0.43,0.84,154.3
2015-03-18 08:30:00,6597000.0,999.08,6.5,279.73,1.24,69.01,9.68,6.68,3.0,4.17,6.69,1241.38,0.33,0.88,138.0
2015-03-18 08:40:00,6597600.0,999.05,7.0,280.23,1.35,67.22,10.02,6.74,3.29,4.21,6.74,1239.11,0.37,0.74,135.2
2015-03-18 08:50:00,6598200.0,998.99,7.21,280.45,1.47,66.77,10.17,6.79,3.38,4.24,6.8,1238.05,0.32,0.92,126.5
2015-03-18 09:00:00,6598800.0,999.0,7.7,280.94,1.52,64.8,10.52,6.82,3.7,4.26,6.82,1235.9,0.44,0.96,158.5
2015-03-18 09:10:00,6599400.0,998.96,7.86,281.1,1.55,64.26,10.64,6.83,3.8,4.27,6.84,1235.14,0.59,1.2,184.4
2015-03-18 09:20:00,6600000.0,998.86,8.09,281.34,1.6,63.49,10.8,6.86,3.94,4.28,6.87,1234.0,0.39,0.84,140.8
2015-03-18 09:30:00,6600600.0,998.94,8.66,281.91,1.56,60.89,11.23,6.84,4.39,4.27,6.85,1231.6,0.53,1.08,130.3
2015-03-18 09:40:00,6601200.0,998.85,8.9,282.15,1.54,59.82,11.42,6.83,4.59,4.26,6.84,1230.45,0.74,1.64,143.7
2015-03-18 09:50:00,6601800.0,998.82,8.93,282.19,1.55,59.75,11.44,6.83,4.6,4.27,6.84,1230.28,0.53,1.28,56.48
2015-03-18 10:00:00,6602400.0,998.81,9.63,282.89,1.46,56.61,11.99,6.79,5.2,4.24,6.8,1227.25,0.6,1.28,155.7
2015-03-18 10:10:00,6603000.0,998.73,10.63,283.89,0.99,51.18,12.82,6.56,6.26,4.1,6.57,1222.93,0.73,1.8,169.1
2015-03-18 10:20:00,6603600.0,998.7,10.54,283.81,0.92,51.22,12.75,6.53,6.22,4.08,6.54,1223.29,1.55,2.6,192.7
2015-03-18 10:30:00,6604200.0,998.79,10.68,283.94,0.98,50.97,12.87,6.56,6.31,4.09,6.57,1222.78,1.76,3.12,165.1
2015-03-18 10:40:00,6604800.0,998.84,11.26,284.51,1.38,50.48,13.37,6.75,6.62,4.21,6.76,1220.26,0.92,2.28,168.8
2015-03-18 10:50:00,6605400.0,998.81,11.59,284.85,1.39,49.42,13.67,6.75,6.91,4.22,6.76,1218.81,1.27,2.8,176.5
2015-03-18 11:00:00,6606000.0,998.72,11.77,285.03,1.54,49.37,13.83,6.83,7.0,4.26,6.84,1217.89,1.06,2.8,107.0
2015-03-18 11:10:00,6606600.0,998.66,12.08,285.35,1.52,48.3,14.12,6.82,7.3,4.26,6.83,1216.51,1.67,3.04,155.5
2015-03-18 11:20:00,6607200.0,998.54,12.57,285.85,1.83,47.83,14.58,6.97,7.61,4.36,6.98,1214.2,1.45,2.2,165.5
2015-03-18 11:30:00,6607800.0,998.44,12.73,286.02,1.87,47.46,14.74,6.99,7.74,4.37,7.0,1213.39,1.44,2.36,175.8
2015-03-18 11:40:00,6608400.0,998.42,13.04,286.33,1.97,46.84,15.04,7.04,7.99,4.4,7.05,1212.03,1.11,2.16,150.9
2015-03-18 11:50:00,6609000.0,998.31,12.92,286.22,1.87,46.88,14.92,6.99,7.93,4.37,7.01,1212.43,1.65,2.64,40.38
2015-03-18 12:00:00,6609600.0,998.19,12.91,286.22,1.56,45.88,14.91,6.84,8.07,4.27,6.85,1212.39,1.11,2.64,89.5
2015-03-18 12:10:00,6610200.0,998.13,13.39,286.7,1.42,44.01,15.39,6.77,8.61,4.23,6.78,1210.33,1.25,2.24,54.73
2015-03-18 12:20:00,6610800.0,998.06,14.03,287.35,1.43,42.24,16.04,6.78,9.26,4.23,6.79,1207.54,1.67,2.68,142.4
2015-03-18 12:30:00,6611400.0,997.98,14.16,287.49,1.21,41.22,16.18,6.67,9.51,4.17,6.68,1206.94,1.32,2.72,86.5
2015-03-18 12:40:00,6612000.0,997.89,14.18,287.51,1.38,41.68,16.2,6.75,9.45,4.22,6.77,1206.71,1.75,3.64,50.22
2015-03-18 12:50:00,6612600.0,997.78,14.34,287.68,1.69,42.19,16.37,6.9,9.46,4.32,6.92,1205.83,1.21,2.88,18.07
2015-03-18 13:00:00,6613200.0,997.68,14.93,288.28,1.71,40.67,17.0,6.91,10.09,4.32,6.93,1203.24,1.38,3.16,148.4
2015-03-18 13:10:00,6613800.0,997.62,15.29,288.65,1.84,40.11,17.4,6.98,10.42,4.36,7.0,1201.63,2.24,3.96,142.0
2015-03-18 13:20:00,6614400.0,997.53,15.5,288.86,1.87,39.66,17.64,6.99,10.64,4.37,7.01,1200.65,1.31,2.84,121.6
2015-03-18 13:30:00,6615000.0,997.45,15.45,288.82,1.82,39.64,17.58,6.97,10.61,4.36,6.99,1200.77,2.74,4.6,150.1
2015-03-18 13:40:00,6615600.0,997.35,15.73,289.11,2.09,39.7,17.9,7.11,10.79,4.44,7.12,1199.43,1.7,4.32,185.0
2015-03-18 13:50:00,6616200.0,997.35,16.03,289.41,1.98,38.62,18.25,7.05,11.2,4.41,7.06,1198.21,1.36,2.96,157.4
2015-03-18 14:00:00,6616800.0,997.26,15.84,289.23,1.51,37.81,18.02,6.82,11.21,4.26,6.83,1198.99,2.68,4.18,145.8
2015-03-18 14:10:00,6617400.0,997.19,16.18,289.57,1.85,37.92,18.42,6.99,11.44,4.37,7.0,1197.42,0.72,2.44,188.5
2015-03-18 14:20:00,6618000.0,997.12,16.23,289.63,1.72,37.43,18.48,6.92,11.56,4.33,6.94,1197.16,2.59,5.0,44.26
2015-03-18 14:30:00,6618600.0,997.09,15.63,289.03,1.69,38.82,17.78,6.9,10.88,4.32,6.92,1199.62,3.73,5.48,34.0
2015-03-18 14:40:00,6619200.0,997.0,15.61,289.02,1.77,39.08,17.76,6.94,10.82,4.34,6.96,1199.57,3.46,6.16,51.09
2015-03-18 14:50:00,6619800.0,996.94,15.44,288.85,1.59,39.0,17.57,6.85,10.72,4.29,6.87,1200.25,4.07,5.72,39.87
2015-03-18 15:00:00,6620400.0,996.95,15.48,288.89,1.71,39.26,17.61,6.92,10.7,4.33,6.94,1200.07,2.86,5.72,68.0
2015-03-18 15:10:00,6621000.0,996.96,15.86,289.27,1.84,38.66,18.05,6.98,11.07,4.36,7.0,1198.47,2.35,4.08,77.1
2015-03-18 15:20:00,6621600.0,996.98,16.01,289.42,1.93,38.54,18.22,7.02,11.2,4.39,7.04,1197.85,2.24,4.16,119.1
2015-03-18 15:30:00,6622200.0,996.97,15.94,289.35,1.83,38.44,18.14,6.97,11.17,4.36,6.99,1198.16,2.45,3.96,93.9
2015-03-18 15:40:00,6622800.0,996.97,15.62,289.03,1.58,38.53,17.77,6.85,10.92,4.28,6.87,1199.54,3.03,4.56,81.7
2015-03-18 15:50:00,6623400.0,996.98,15.58,288.99,1.65,38.82,17.73,6.88,10.85,4.3,6.9,1199.7,2.86,4.84,93.3
2015-03-18 16:00:00,6624000.0,996.93,15.48,288.89,1.55,38.8,17.61,6.83,10.78,4.27,6.86,1200.08,2.28,4.16,71.7
2015-03-18 16:10:00,6624600.0,996.96,15.71,289.12,1.77,38.84,17.88,6.94,10.93,4.34,6.96,1199.11,2.58,5.08,104.9
2015-03-18 16:20:00,6625200.0,996.85,15.93,289.35,1.77,38.29,18.13,6.94,11.19,4.34,6.96,1198.07,2.17,4.36,84.0
2015-03-18 16:30:00,6625800.0,996.83,15.68,289.1,1.51,38.2,17.84,6.82,11.03,4.26,6.84,1199.14,3.92,5.28,55.49
2015-03-18 16:40:00,6626400.0,996.85,15.32,288.74,1.64,39.44,17.43,6.88,10.56,4.3,6.9,1200.63,4.24,5.74,61.13
2015-03-18 16:50:00,6627000.0,996.85,15.16,288.58,2.03,40.99,17.26,7.07,10.18,4.43,7.1,1201.21,3.37,4.56,58.55
2015-03-18 17:00:00,6627600.0,996.84,14.99,288.41,2.67,43.39,17.07,7.41,9.66,4.63,7.43,1201.75,3.36,4.96,62.54
2015-03-18 17:10:00,6628200.0,996.86,14.72,288.14,3.11,45.54,16.77,7.64,9.13,4.78,7.66,1202.8,3.65,5.86,62.91
2015-03-18 17:20:00,6628800.0,996.87,14.44,287.86,3.7,48.37,16.47,7.97,8.5,4.99,7.99,1203.83,4.14,5.96,40.05
2015-03-18 17:30:00,6629400.0,996.94,13.96,287.37,4.32,52.11,15.97,8.32,7.65,5.21,8.35,1205.76,4.89,7.73,31.69
2015-03-18 17:40:00,6630000.0,997.04,13.66,287.06,4.37,53.35,15.66,8.35,7.3,5.23,8.38,1207.13,5.48,7.49,35.23
2015-03-18 17:50:00,6630600.0,997.18,13.44,286.83,4.5,54.59,15.44,8.43,7.01,5.27,8.45,1208.19,3.97,6.01,42.47
2015-03-18 18:00:00,6631200.0,997.25,13.09,286.48,4.47,55.73,15.09,8.41,6.68,5.26,8.43,1209.76,3.95,5.97,43.86
2015-03-18 18:10:00,6631800.0,997.36,12.81,286.19,4.44,56.65,14.81,8.39,6.42,5.25,8.41,1211.09,4.21,6.17,39.53
2015-03-18 18:20:00,6632400.0,997.46,12.5,285.87,4.38,57.57,14.51,8.36,6.16,5.23,8.38,1212.55,3.95,5.85,36.54
2015-03-18 18:30:00,6633000.0,997.56,12.23,285.59,4.21,57.93,14.26,8.26,6.0,5.17,8.28,1213.86,3.83,6.05,34.88
2015-03-18 18:40:00,6633600.0,997.59,11.96,285.32,4.05,58.3,14.01,8.17,5.84,5.11,8.19,1215.08,3.14,4.81,29.58
2015-03-18 18:50:00,6634200.0,997.59,11.66,285.02,3.92,58.92,13.73,8.09,5.64,5.06,8.11,1216.4,1.97,4.2,39.79
2015-03-18 19:00:00,6634800.0,997.59,11.34,284.7,3.68,59.18,13.44,7.96,5.49,4.98,7.98,1217.83,2.3,3.96,37.01
2015-03-18 19:10:00,6635400.0,997.6,11.16,284.52,3.54,59.3,13.28,7.88,5.41,4.93,7.9,1218.66,2.53,4.44,41.74
2015-03-18 19:20:00,6636000.0,997.69,10.97,284.32,3.35,59.25,13.12,7.77,5.35,4.86,7.79,1219.62,2.49,3.72,42.61
2015-03-18 19:30:00,6636600.0,997.71,10.79,284.14,3.14,59.07,12.96,7.66,5.3,4.79,7.67,1220.48,2.46,4.04,39.32
2015-03-18 19:40:00,6637200.0,997.75,10.66,284.0,3.01,59.03,12.85,7.58,5.26,4.74,7.6,1221.12,2.48,4.32,40.41
2015-03-18 19:50:00,6637800.0,997.83,10.47,283.81,2.98,59.67,12.69,7.57,5.12,4.73,7.59,1222.04,2.04,3.08,33.6
2015-03-18 20:00:00,6638400.0,997.86,10.4,283.73,2.85,59.4,12.63,7.5,5.13,4.69,7.52,1222.42,2.27,3.68,37.93
2015-03-18 20:10:00,6639000.0,997.95,10.32,283.65,2.77,59.37,12.56,7.46,5.1,4.66,7.47,1222.89,2.03,2.52,36.99
2015-03-18 20:20:00,6639600.0,998.04,10.27,283.59,2.56,58.7,12.52,7.35,5.17,4.59,7.36,1223.26,2.31,3.48,48.02
2015-03-18 20:30:00,6640200.0,998.08,10.16,283.48,2.52,58.97,12.43,7.33,5.1,4.58,7.34,1223.8,1.76,3.28,45.03
2015-03-18 20:40:00,6640800.0,998.08,9.94,283.26,2.49,59.7,12.24,7.31,4.93,4.57,7.32,1224.76,0.86,1.84,46.75
2015-03-18 20:50:00,6641400.0,998.09,9.77,283.09,2.5,60.41,12.11,7.31,4.79,4.57,7.33,1225.5,0.61,1.56,43.29
2015-03-18 21:00:00,6642000.0,998.07,9.56,282.88,2.38,60.76,11.94,7.25,4.68,4.53,7.27,1226.41,0.55,1.36,43.5
2015-03-18 21:10:00,6642600.0,998.02,9.45,282.77,2.31,60.9,11.85,7.22,4.63,4.51,7.23,1226.86,0.37,0.84,45.93
2015-03-18 21:20:00,6643200.0,997.98,9.46,282.78,2.11,60.0,11.86,7.11,4.74,4.45,7.13,1226.8,0.78,1.6,53.1
2015-03-18 21:30:00,6643800.0,997.97,9.44,282.76,1.97,59.48,11.84,7.04,4.8,4.4,7.06,1226.91,1.58,2.2,39.66
2015-03-18 21:40:00,6644400.0,997.98,9.36,282.68,1.8,59.08,11.78,6.96,4.82,4.35,6.97,1227.31,2.34,3.28,24.42
2015-03-18 21:50:00,6645000.0,997.97,9.32,282.64,1.74,58.97,11.74,6.93,4.82,4.33,6.94,1227.49,2.42,3.12,11.99
2015-03-18 22:00:00,6645600.0,998.01,9.23,282.55,1.7,59.18,11.67,6.91,4.76,4.32,6.92,1227.94,2.34,2.94,27.09
2015-03-18 22:10:00,6646200.0,998.07,8.44,281.76,1.95,63.55,11.06,7.03,4.03,4.39,7.05,1231.4,0.58,1.44,99.7
2015-03-18 22:20:00,6646800.0,998.05,8.08,281.4,1.97,65.24,10.8,7.04,3.75,4.4,7.06,1232.94,0.25,0.8,29.19
2015-03-18 22:30:00,6647400.0,997.99,7.98,281.3,1.97,65.68,10.72,7.04,3.68,4.4,7.06,1233.31,0.47,0.96,85.0
2015-03-18 22:40:00,6648000.0,997.98,7.56,280.88,2.03,67.86,10.42,7.07,3.35,4.42,7.09,1235.12,0.4,0.72,61.45
2015-03-18 22:50:00,6648600.0,998.07,7.16,280.47,1.92,69.21,10.14,7.02,3.12,4.38,7.03,1237.03,0.44,0.72,63.63
2015-03-18 23:00:00,6649200.0,998.1,6.89,280.21,1.88,70.3,9.95,7.0,2.96,4.37,7.01,1238.25,0.23,0.48,68.85
2015-03-18 23:10:00,6649800.0,998.04,6.48,279.79,1.71,71.5,9.67,6.91,2.76,4.32,6.93,1240.07,0.45,0.6,38.4
2015-03-18 23:20:00,6650400.0,997.97,6.12,279.45,1.61,72.7,9.44,6.86,2.58,4.29,6.88,1241.57,0.34,0.6,48.9
2015-03-18 23:30:00,6651000.0,997.96,5.87,279.19,1.61,74.0,9.28,6.86,2.41,4.29,6.88,1242.68,0.59,1.16,98.1
2015-03-18 23:40:00,6651600.0,997.99,5.59,278.91,1.6,75.4,9.09,6.86,2.24,4.28,6.87,1243.98,0.96,1.32,40.46
2015-03-18 23:50:00,6652200.0,998.08,5.29,278.6,1.49,76.4,8.91,6.8,2.1,4.25,6.82,1245.45,0.48,1.18,279.7
2015-03-19 00:00:00,6652800.0,998.0,5.19,278.51,1.52,77.1,8.85,6.82,2.03,4.26,6.84,1245.77,0.4,0.68,184.0
2015-03-19 00:10:00,6653400.0,997.98,5.21,278.53,1.37,76.2,8.85,6.75,2.11,4.22,6.76,1245.73,0.5,1.22,155.1
2015-03-19 00:20:00,6654000.0,997.9,4.83,278.16,1.17,77.1,8.63,6.65,1.98,4.16,6.66,1247.36,0.54,1.0,40.62
2015-03-19 00:30:00,6654600.0,997.98,4.33,277.65,0.88,78.2,8.33,6.51,1.82,4.07,6.53,1249.76,0.64,1.2,183.2
2015-03-19 00:40:00,6655200.0,998.01,3.93,277.24,0.86,80.3,8.09,6.5,1.59,4.06,6.51,1251.65,1.48,2.2,221.5
2015-03-19 00:50:00,6655800.0,998.05,3.78,277.09,1.12,82.7,8.01,6.62,1.39,4.14,6.64,1252.31,1.02,1.56,219.0
2015-03-19 01:00:00,6656400.0,998.07,3.73,277.05,1.21,83.5,7.99,6.67,1.32,4.17,6.68,1252.5,1.06,1.44,222.5
2015-03-19 01:10:00,6657000.0,998.04,3.73,277.05,0.89,81.6,7.99,6.52,1.47,4.07,6.53,1252.54,0.81,1.16,227.7
2015-03-19 01:20:00,6657600.0,997.97,3.81,277.13,0.95,81.5,8.03,6.54,1.49,4.09,6.56,1252.08,0.93,1.12,219.6
2015-03-19 01:30:00,6658200.0,997.94,3.66,276.98,0.77,81.3,7.94,6.46,1.49,4.04,6.47,1252.78,0.74,1.04,208.5
2015-03-19 01:40:00,6658800.0,997.97,3.42,276.74,0.66,82.1,7.81,6.41,1.4,4.01,6.42,1253.93,0.34,0.88,346.0
2015-03-19 01:50:00,6659400.0,997.91,3.15,276.47,0.68,83.8,7.66,6.42,1.24,4.01,6.43,1255.09,0.63,0.88,37.82
2015-03-19 02:00:00,6660000.0,997.85,3.03,276.36,0.64,84.2,7.6,6.4,1.2,4.0,6.41,1255.53,0.41,0.72,46.9
2015-03-19 02:10:00,6660600.0,997.85,2.94,276.27,0.6,84.5,7.55,6.38,1.17,3.99,6.39,1255.97,0.31,0.48,65.15
2015-03-19 02:20:00,6661200.0,997.92,2.72,276.04,0.25,83.7,7.43,6.22,1.21,3.89,6.23,1257.13,0.36,0.84,173.7
2015-03-19 02:30:00,6661800.0,997.95,2.23,275.55,0.21,86.4,7.18,6.2,0.98,3.87,6.21,1259.4,0.63,0.96,204.9
2015-03-19 02:40:00,6662400.0,997.97,2.09,275.41,0.4,88.5,7.1,6.29,0.82,3.93,6.3,1260.04,0.68,0.96,222.2
2015-03-19 02:50:00,6663000.0,997.89,2.04,275.37,0.38,88.7,7.08,6.28,0.8,3.92,6.29,1260.15,0.82,1.0,219.7
2015-03-19 03:00:00,6663600.0,997.84,2.29,275.62,0.42,87.4,7.2,6.3,0.91,3.93,6.31,1258.97,0.35,0.96,36.0
2015-03-19 03:10:00,6664200.0,997.83,2.05,275.38,0.19,87.4,7.08,6.19,0.89,3.87,6.2,1260.09,0.42,0.64,31.35
2015-03-19 03:20:00,6664800.0,997.84,1.94,275.27,0.15,87.9,7.03,6.18,0.85,3.86,6.19,1260.62,0.28,0.42,137.0
2015-03-19 03:30:00,6665400.0,997.85,1.28,274.61,-0.57,87.4,6.7,5.86,0.84,3.66,5.87,1263.8,0.72,2.44,198.1
2015-03-19 03:40:00,6666000.0,997.84,1.14,274.47,-0.23,90.5,6.63,6.0,0.63,3.75,6.02,1264.38,1.39,2.52,210.6
2015-03-19 03:50:00,6666600.0,997.85,1.4,274.73,0.16,91.4,6.76,6.18,0.58,3.86,6.19,1263.12,0.43,0.96,199.7
2015-03-19 04:00:00,6667200.0,997.94,1.42,274.74,0.06,90.6,6.77,6.13,0.64,3.83,6.15,1263.16,0.34,0.8,162.6
2015-03-19 04:10:00,6667800.0,997.95,1.08,274.4,-0.4,89.8,6.6,5.93,0.67,3.7,5.94,1264.85,0.68,1.6,160.4
2015-03-19 04:20:00,6668400.0,997.97,0.58,273.9,-0.73,90.9,6.37,5.79,0.58,3.62,5.8,1267.25,1.29,1.92,142.1
2015-03-19 04:30:00,6669000.0,997.97,0.55,273.87,-0.46,92.9,6.36,5.91,0.45,3.69,5.92,1267.3,0.65,1.44,138.9
2015-03-19 04:40:00,6669600.0,998.02,0.74,274.05,-0.14,93.8,6.44,6.04,0.4,3.78,6.06,1266.44,0.74,1.08,78.0
2015-03-19 04:50:00,6670200.0,998.1,0.92,274.23,0.07,94.0,6.53,6.14,0.39,3.84,6.15,1265.63,0.47,0.66,80.1
2015-03-19 05:00:00,6670800.0,998.1,1.17,274.48,0.22,93.4,6.65,6.21,0.44,3.88,6.22,1264.48,0.4,1.08,40.76
2015-03-19 05:10:00,6671400.0,998.09,0.95,274.26,-0.09,92.7,6.54,6.07,0.48,3.79,6.08,1265.54,0.89,1.16,23.0
2015-03-19 05:20:00,6672000.0,998.1,0.79,274.1,-0.28,92.5,6.47,5.98,0.49,3.74,5.99,1266.34,0.28,0.68,340.0
2015-03-19 05:30:00,6672600.0,998.2,0.25,273.55,-0.88,92.1,6.22,5.73,0.49,3.58,5.74,1269.08,0.52,0.84,202.4
2015-03-19 05:40:00,6673200.0,998.25,0.15,273.44,-0.8,93.3,6.17,5.76,0.41,3.6,5.77,1269.61,0.28,0.64,130.7
2015-03-19 05:50:00,6673800.0,998.32,0.39,273.68,-0.69,92.4,6.28,5.81,0.48,3.63,5.82,1268.55,0.17,0.44,253.8
2015-03-19 06:00:00,6674400.0,998.36,0.09,273.38,-0.98,92.5,6.15,5.69,0.46,3.55,5.7,1270.05,0.26,0.52,196.6
2015-03-19 06:10:00,6675000.0,998.46,0.04,273.32,-0.95,93.0,6.13,5.7,0.43,3.56,5.71,1270.41,0.32,0.84,204.9
2015-03-19 06:20:00,6675600.0,998.54,-0.15,273.12,-1.13,93.1,6.04,5.62,0.42,3.51,5.63,1271.44,0.83,1.52,197.7
2015-03-19 06:30:00,6676200.0,998.63,-0.23,273.04,-1.12,93.7,6.01,5.63,0.38,3.51,5.64,1271.92,0.52,0.84,204.5
2015-03-19 06:40:00,6676800.0,998.75,-0.2,273.06,-1.0,94.3,6.02,5.68,0.34,3.54,5.68,1271.89,0.93,1.28,214.4
2015-03-19 06:50:00,6677400.0,998.82,-0.06,273.19,-0.85,94.4,6.08,5.74,0.34,3.58,5.75,1271.31,0.88,1.16,214.4
2015-03-19 07:00:00,6678000.0,998.9,0.23,273.47,-0.53,94.6,6.21,5.87,0.34,3.67,5.88,1270.01,0.48,1.16,214.5
2015-03-19 07:10:00,6678600.0,999.01,0.54,273.77,-0.36,93.7,6.35,5.95,0.4,3.71,5.96,1268.67,0.38,0.64,206.9
2015-03-19 07:20:00,6679200.0,999.09,0.91,274.14,-0.3,91.6,6.52,5.98,0.55,3.73,5.98,1267.05,0.44,1.0,125.4
2015-03-19 07:30:00,6679800.0,999.18,0.82,274.05,-0.79,88.9,6.48,5.76,0.72,3.6,5.77,1267.66,0.61,1.16,157.5
2015-03-19 07:40:00,6680400.0,999.29,0.7,273.92,-0.86,89.2,6.43,5.73,0.69,3.58,5.74,1268.37,0.76,1.16,150.0
2015-03-19 07:50:00,6681000.0,999.33,1.0,274.21,-0.34,90.7,6.57,5.96,0.61,3.72,5.96,1266.93,0.46,0.8,162.0
2015-03-19 08:00:00,6681600.0,999.42,1.73,274.94,-0.11,87.5,6.92,6.06,0.87,3.78,6.06,1263.63,0.47,0.92,141.5
2015-03-19 08:10:00,6682200.0,999.48,2.39,275.59,-0.05,83.9,7.26,6.09,1.17,3.8,6.09,1260.69,0.66,1.28,143.2
2015-03-19 08:20:00,6682800.0,999.57,2.6,275.8,-0.08,82.4,7.37,6.07,1.3,3.79,6.08,1259.81,0.99,1.52,152.6
2015-03-19 08:30:00,6683400.0,999.62,2.84,276.03,0.09,82.0,7.5,6.15,1.35,3.83,6.15,1258.75,0.87,1.72,167.9
2015-03-19 08:40:00,6684000.0,999.68,2.96,276.15,0.14,81.6,7.56,6.17,1.39,3.85,6.17,1258.27,1.24,1.92,147.0
2015-03-19 08:50:00,6684600.0,999.8,3.09,276.26,0.29,81.8,7.63,6.24,1.39,3.89,6.24,1257.82,0.85,1.8,112.9
2015-03-19 09:00:00,6685200.0,999.89,3.12,276.29,0.39,82.2,7.65,6.28,1.36,3.92,6.29,1257.77,0.95,1.52,96.6
2015-03-19 09:10:00,6685800.0,999.96,3.35,276.52,0.79,83.2,7.77,6.47,1.31,4.03,6.47,1256.7,0.54,1.32,82.6
2015-03-19 09:20:00,6686400.0,1000.01,4.59,277.75,1.1,78.0,8.48,6.62,1.87,4.13,6.62,1251.1,0.64,1.32,167.6
2015-03-19 09:30:00,6687000.0,999.99,5.04,278.2,0.74,73.6,8.75,6.44,2.31,4.02,6.44,1249.13,0.72,1.52,104.0
2015-03-19 09:40:00,6687600.0,999.9,5.55,278.72,0.88,71.8,9.07,6.51,2.56,4.06,6.51,1246.7,0.69,1.32,104.9
2015-03-19 09:50:00,6688200.0,999.83,5.79,278.96,0.7,69.67,9.22,6.43,2.8,4.01,6.43,1245.59,1.33,1.96,111.3
2015-03-19 10:00:00,6688800.0,999.81,5.92,279.1,-0.12,65.07,9.31,6.06,3.25,3.78,6.06,1245.15,1.27,1.88,94.4
2015-03-19 10:10:00,6689400.0,999.82,6.16,279.34,0.1,64.99,9.47,6.15,3.31,3.84,6.15,1244.03,1.09,2.0,76.1
2015-03-19 10:20:00,6690000.0,999.8,6.98,280.15,0.41,62.87,10.01,6.29,3.72,3.93,6.3,1240.32,0.92,1.56,63.4
2015-03-19 10:30:00,6690600.0,999.71,7.34,280.52,0.57,62.01,10.26,6.36,3.9,3.97,6.37,1238.57,1.62,2.56,53.33
2015-03-19 10:40:00,6691200.0,999.67,7.67,280.86,0.49,60.3,10.5,6.33,4.17,3.95,6.33,1237.09,1.83,2.52,57.99
2015-03-19 10:50:00,6691800.0,999.61,8.17,281.36,0.92,60.09,10.86,6.53,4.34,4.07,6.53,1234.73,1.47,2.46,54.2
2015-03-19 11:00:00,6692400.0,999.56,8.65,281.85,0.98,58.44,11.22,6.56,4.66,4.09,6.56,1232.54,1.54,2.64,56.23
2015-03-19 11:10:00,6693000.0,999.55,9.02,282.22,1.18,57.82,11.51,6.65,4.85,4.15,6.66,1230.88,1.55,3.24,49.56
2015-03-19 11:20:00,6693600.0,999.56,9.61,282.81,1.38,56.37,11.98,6.75,5.23,4.21,6.75,1228.27,1.57,2.96,84.4
2015-03-19 11:30:00,6694200.0,999.55,9.8,283.0,1.46,55.96,12.13,6.79,5.34,4.23,6.79,1227.41,1.55,2.98,17.0
2015-03-19 11:40:00,6694800.0,999.47,10.06,283.26,1.59,55.53,12.34,6.85,5.49,4.28,6.86,1226.16,1.76,3.64,13.19
2015-03-19 11:50:00,6695400.0,999.43,10.23,283.44,1.54,54.69,12.48,6.83,5.66,4.26,6.83,1225.39,1.68,3.0,20.99
2015-03-19 12:00:00,6696000.0,999.37,10.7,283.91,1.84,54.18,12.88,6.98,5.9,4.36,6.98,1223.21,1.7,4.04,21.4
2015-03-19 12:10:00,6696600.0,999.29,11.07,284.29,1.96,53.31,13.2,7.04,6.17,4.39,7.04,1221.5,1.38,2.6,20.65
2015-03-19 12:20:00,6697200.0,999.21,11.3,284.52,1.97,52.52,13.41,7.04,6.37,4.4,7.05,1220.41,1.42,2.56,13.42
2015-03-19 12:30:00,6697800.0,999.25,11.48,284.7,1.95,51.82,13.57,7.03,6.54,4.39,7.04,1219.69,2.35,3.6,44.32
2015-03-19 12:40:00,6698400.0,999.19,11.58,284.81,1.98,51.59,13.66,7.05,6.61,4.4,7.05,1219.18,2.7,4.32,36.64
2015-03-19 12:50:00,6699000.0,999.17,11.93,285.16,2.14,50.99,13.98,7.13,6.85,4.45,7.13,1217.63,3.12,4.65,48.61
2015-03-19 13:00:00,6699600.0,999.09,12.0,285.23,2.29,51.3,14.04,7.2,6.84,4.5,7.21,1217.19,3.11,5.33,26.22
2015-03-19 13:10:00,6700200.0,999.03,12.05,285.29,2.44,51.71,14.09,7.29,6.8,4.55,7.29,1216.87,2.58,4.73,12.03
2015-03-19 13:20:00,6700800.0,998.86,12.19,285.44,2.41,51.11,14.22,7.27,6.95,4.54,7.28,1216.07,3.59,5.53,28.65
2015-03-19 13:30:00,6701400.0,998.78,12.33,285.59,2.32,50.33,14.35,7.22,7.13,4.51,7.23,1215.4,3.48,5.37,32.41
2015-03-19 13:40:00,6702000.0,998.7,12.4,285.67,2.35,50.2,14.42,7.24,7.18,4.52,7.25,1215.0,3.38,5.21,21.55
2015-03-19 13:50:00,6702600.0,998.69,12.51,285.78,2.34,49.78,14.52,7.23,7.29,4.52,7.24,1214.52,3.46,5.65,39.57
2015-03-19 14:00:00,6703200.0,998.64,12.71,285.98,2.21,48.68,14.72,7.16,7.55,4.47,7.17,1213.64,3.84,5.17,38.62
2015-03-19 14:10:00,6703800.0,998.61,12.56,285.83,2.01,48.46,14.57,7.06,7.51,4.41,7.07,1214.29,4.14,5.53,44.5
2015-03-19 14:20:00,6704400.0,998.57,12.74,286.02,1.86,47.39,14.74,6.99,7.76,4.36,7.0,1213.51,3.27,4.46,44.75
2015-03-19 14:30:00,6705000.0,998.56,12.9,286.18,1.85,46.88,14.9,6.99,7.91,4.36,7.0,1212.82,4.04,5.89,46.18
2015-03-19 14:40:00,6705600.0,998.51,12.76,286.04,1.46,46.0,14.76,6.79,7.97,4.24,6.8,1213.44,3.47,5.63,36.0
2015-03-19 14:50:00,6706200.0,998.46,12.59,285.88,0.87,44.56,14.6,6.51,8.09,4.06,6.52,1214.23,4.39,6.49,36.25
2015-03-19 15:00:00,6706800.0,998.45,12.7,285.99,1.24,45.43,14.71,6.68,8.03,4.17,6.69,1213.68,4.15,5.65,36.57
2015-03-19 15:10:00,6707400.0,998.43,12.6,285.89,1.16,45.48,14.61,6.64,7.97,4.15,6.66,1214.09,4.34,5.77,43.83
2015-03-19 15:20:00,6708000.0,998.44,12.49,285.78,0.88,44.9,14.5,6.51,7.99,4.07,6.52,1214.63,4.64,6.45,41.13
2015-03-19 15:30:00,6708600.0,998.38,12.55,285.84,-0.03,41.84,14.56,6.09,8.47,3.8,6.1,1214.5,4.11,5.57,26.73
2015-03-19 15:40:00,6709200.0,998.32,12.63,285.93,-0.46,40.35,14.64,5.91,8.73,3.69,5.92,1214.16,3.85,5.29,30.83
2015-03-19 15:50:00,6709800.0,998.25,12.47,285.77,-0.05,42.0,14.49,6.08,8.4,3.8,6.09,1214.68,4.02,5.69,37.5
2015-03-19 16:00:00,6710400.0,998.21,12.31,285.62,0.47,44.11,14.33,6.32,8.01,3.95,6.33,1215.21,4.1,5.77,36.54
2015-03-19 16:10:00,6711000.0,998.21,12.46,285.77,0.58,44.0,14.48,6.37,8.11,3.98,6.38,1214.54,3.14,5.33,25.17
2015-03-19 16:20:00,6711600.0,998.3,12.48,285.78,0.8,44.67,14.5,6.47,8.02,4.04,6.49,1214.52,3.9,5.81,30.1
2015-03-19 16:30:00,6712200.0,998.32,12.23,285.53,0.41,44.15,14.26,6.3,7.96,3.93,6.31,1215.69,4.3,5.77,27.39
2015-03-19 16:40:00,6712800.0,998.33,12.06,285.36,0.24,44.09,14.1,6.22,7.88,3.88,6.23,1216.47,3.79,5.57,28.34
2015-03-19 16:50:00,6713400.0,998.33,11.95,285.25,0.24,44.42,14.0,6.22,7.78,3.88,6.23,1216.93,4.64,6.45,31.59
2015-03-19 17:00:00,6714000.0,998.35,11.81,285.1,0.6,46.0,13.87,6.38,7.49,3.98,6.39,1217.48,3.52,5.13,25.41
2015-03-19 17:10:00,6714600.0,998.36,11.71,285.0,0.34,45.44,13.78,6.26,7.52,3.91,6.27,1217.98,3.75,5.33,24.3
2015-03-19 17:20:00,6715200.0,998.43,11.6,284.89,0.25,45.49,13.68,6.22,7.46,3.89,6.23,1218.55,3.78,5.33,24.95
2015-03-19 17:30:00,6715800.0,998.5,11.44,284.72,0.49,46.77,13.53,6.33,7.2,3.95,6.34,1219.27,4.29,5.65,36.5
2015-03-19 17:40:00,6716400.0,998.56,11.34,284.62,0.78,48.08,13.44,6.46,6.98,4.04,6.47,1219.71,3.5,4.97,34.01
2015-03-19 17:50:00,6717000.0,998.58,11.21,284.49,0.21,46.54,13.33,6.2,7.13,3.87,6.21,1220.41,4.34,6.57,32.75
2015-03-19 18:00:00,6717600.0,998.67,11.05,284.32,0.33,47.46,13.19,6.26,6.93,3.91,6.27,1221.18,2.42,3.96,25.2
2015-03-19 18:10:00,6718200.0,998.69,10.81,284.08,0.57,49.06,12.98,6.37,6.61,3.98,6.38,1222.19,2.04,3.78,21.3
2015-03-19 18:20:00,6718800.0,998.75,10.64,283.9,0.65,49.9,12.83,6.4,6.43,4.0,6.41,1222.98,1.96,2.74,28.15
2015-03-19 18:30:00,6719400.0,998.82,10.46,283.72,0.49,49.92,12.68,6.33,6.35,3.95,6.34,1223.87,2.32,3.32,17.2
2015-03-19 18:40:00,6720000.0,998.83,10.25,283.5,0.23,49.7,12.5,6.21,6.29,3.88,6.22,1224.86,1.98,3.16,10.01
2015-03-19 18:50:00,6720600.0,998.94,10.02,283.27,-0.12,49.18,12.31,6.05,6.26,3.78,6.06,1226.05,1.74,3.34,1.89
2015-03-19 19:00:00,6721200.0,999.07,9.84,283.08,-0.55,48.25,12.16,5.87,6.29,3.66,5.87,1227.08,1.89,2.98,358.9
2015-03-19 19:10:00,6721800.0,999.16,9.71,282.94,-0.96,47.21,12.06,5.69,6.36,3.55,5.7,1227.84,1.86,2.92,1.86
2015-03-19 19:20:00,6722400.0,999.17,9.51,282.74,-1.38,46.39,11.9,5.52,6.38,3.44,5.52,1228.8,1.7,2.48,4.38
2015-03-19 19:30:00,6723000.0,999.21,9.42,282.64,-1.72,45.52,11.82,5.38,6.44,3.36,5.39,1229.31,1.76,3.08,6.46
2015-03-19 19:40:00,6723600.0,999.27,9.26,282.48,-1.92,45.35,11.7,5.3,6.39,3.31,5.31,1230.11,1.52,2.16,8.72
2015-03-19 19:50:00,6724200.0,999.31,9.18,282.4,-1.96,45.44,11.63,5.29,6.35,3.3,5.29,1230.52,1.58,2.28,0.62
2015-03-19 20:00:00,6724800.0,999.32,9.03,282.24,-1.93,46.02,11.52,5.3,6.22,3.31,5.3,1231.18,1.39,2.08,3.89
2015-03-19 20:10:00,6725400.0,999.32,8.63,281.84,-1.97,47.13,11.21,5.28,5.93,3.29,5.29,1232.93,0.68,1.16,7.95
2015-03-19 20:20:00,6726000.0,999.37,7.87,281.08,-1.72,50.59,10.64,5.38,5.26,3.36,5.39,1236.28,0.54,0.74,31.33
2015-03-19 20:30:00,6726600.0,999.44,7.35,280.55,-1.6,52.89,10.27,5.43,4.84,3.39,5.44,1238.64,0.37,0.72,274.8
2015-03-19 20:40:00,6727200.0,999.44,7.18,280.38,-2.01,51.89,10.15,5.27,4.88,3.29,5.27,1239.47,0.32,0.72,320.9
2015-03-19 20:50:00,6727800.0,999.44,7.19,280.4,-1.51,53.8,10.16,5.47,4.69,3.41,5.47,1239.33,0.39,0.68,32.03
2015-03-19 21:00:00,6728400.0,999.43,6.79,280.0,-0.99,57.49,9.88,5.68,4.2,3.54,5.69,1240.98,0.71,1.16,55.26
2015-03-19 21:10:00,6729000.0,999.49,5.95,279.15,-0.74,62.03,9.32,5.78,3.54,3.61,5.79,1244.76,0.4,0.66,132.7
2015-03-19 21:20:00,6729600.0,999.48,5.63,278.83,-0.93,62.54,9.12,5.7,3.42,3.56,5.71,1246.2,0.2,0.52,294.9
2015-03-19 21:30:00,6730200.0,999.43,5.66,278.86,-0.93,62.45,9.14,5.71,3.43,3.56,5.71,1246.01,0.21,0.6,342.7
2015-03-19 21:40:00,6730800.0,999.41,5.2,278.41,-1.2,63.19,8.85,5.59,3.26,3.49,5.6,1248.1,0.44,1.04,37.91
2015-03-19 21:50:00,6731400.0,999.37,4.6,277.81,-1.34,65.24,8.49,5.54,2.95,3.45,5.54,1250.78,0.16,0.36,351.4
2015-03-19 22:00:00,6732000.0,999.39,4.36,277.57,-1.55,65.3,8.35,5.45,2.9,3.4,5.45,1251.91,0.52,1.68,197.5
2015-03-19 22:10:00,6732600.0,999.44,4.33,277.54,-1.68,64.79,8.33,5.4,2.93,3.37,5.4,1252.13,0.97,1.34,201.9
2015-03-19 22:20:00,6733200.0,999.55,4.02,277.22,-2.12,64.11,8.15,5.22,2.92,3.26,5.23,1253.75,0.39,1.12,273.0
2015-03-19 22:30:00,6733800.0,999.53,4.05,277.25,-1.67,66.13,8.17,5.4,2.77,3.37,5.4,1253.5,0.37,0.68,138.1
2015-03-19 22:40:00,6734400.0,999.45,3.86,277.06,-1.77,66.58,8.06,5.36,2.69,3.35,5.37,1254.29,0.18,0.46,46.45
2015-03-19 22:50:00,6735000.0,999.48,3.93,277.13,-1.54,67.34,8.1,5.45,2.64,3.4,5.46,1253.96,0.19,0.48,85.1
2015-03-19 23:00:00,6735600.0,999.47,3.49,276.69,-1.61,69.16,7.85,5.43,2.42,3.38,5.43,1255.98,0.37,0.6,75.7
2015-03-19 23:10:00,6736200.0,999.44,3.09,276.29,-1.69,70.7,7.63,5.39,2.23,3.36,5.4,1257.78,0.29,0.48,38.34
2015-03-19 23:20:00,6736800.0,999.38,2.63,275.84,-2.19,70.4,7.38,5.2,2.18,3.24,5.2,1259.89,0.9,2.26,242.2
2015-03-19 23:30:00,6737400.0,999.33,2.31,275.52,-2.2,72.0,7.21,5.19,2.02,3.24,5.2,1261.29,1.41,1.92,206.3
2015-03-19 23:40:00,6738000.0,999.35,2.06,275.27,-2.5,71.7,7.09,5.08,2.01,3.17,5.08,1262.52,0.86,1.6,187.0
2015-03-19 23:50:00,6738600.0,999.32,1.99,275.2,-2.87,70.1,7.05,4.94,2.11,3.08,4.95,1262.87,1.54,2.4,228.9
2015-03-20 00:00:00,6739200.0,999.32,1.93,275.15,-2.98,69.75,7.03,4.9,2.13,3.06,4.9,1263.12,1.07,1.88,209.8
2015-03-20 00:10:00,6739800.0,999.3,1.59,274.81,-2.52,74.0,6.85,5.07,1.78,3.16,5.08,1264.59,1.24,1.96,207.7
2015-03-20 00:20:00,6740400.0,999.32,1.5,274.71,-2.81,72.9,6.81,4.96,1.84,3.09,4.97,1265.12,0.68,1.56,188.1
2015-03-20 00:30:00,6741000.0,999.33,1.59,274.8,-2.36,74.9,6.85,5.13,1.72,3.2,5.14,1264.63,0.29,0.48,107.7
2015-03-20 00:40:00,6741600.0,999.39,1.3,274.51,-2.84,73.8,6.71,4.95,1.76,3.09,4.96,1266.12,0.21,0.48,109.7
2015-03-20 00:50:00,6742200.0,999.44,0.9,274.11,-3.01,75.0,6.52,4.89,1.63,3.05,4.89,1268.04,0.16,0.3,340.4
2015-03-20 01:00:00,6742800.0,999.41,0.9,274.11,-2.88,75.7,6.52,4.94,1.58,3.08,4.94,1267.99,0.2,0.32,146.7
2015-03-20 01:10:00,6743400.0,999.37,0.79,274.0,-3.11,75.0,6.47,4.85,1.62,3.03,4.86,1268.48,0.16,0.4,23.69
2015-03-20 01:20:00,6744000.0,999.36,0.44,273.65,-3.4,75.3,6.31,4.75,1.56,2.96,4.75,1270.13,0.47,1.08,188.2
2015-03-20 01:30:00,6744600.0,999.34,-0.1,273.11,-3.63,77.0,6.06,4.67,1.39,2.91,4.67,1272.68,0.7,1.52,185.9
2015-03-20 01:40:00,6745200.0,999.32,-0.21,273.0,-3.5,78.4,6.01,4.71,1.3,2.94,4.72,1273.16,0.8,1.32,230.3
2015-03-20 01:50:00,6745800.0,999.25,-0.23,272.99,-3.03,81.3,6.0,4.88,1.12,3.04,4.89,1273.07,1.02,1.4,211.6
2015-03-20 02:00:00,6746400.0,999.19,-0.27,272.96,-3.55,78.4,5.99,4.7,1.29,2.93,4.7,1273.26,0.93,1.32,205.8
2015-03-20 02:10:00,6747000.0,999.11,-0.34,272.89,-3.84,77.1,5.96,4.6,1.36,2.87,4.6,1273.51,0.64,1.06,191.0
2015-03-20 02:20:00,6747600.0,999.09,-0.51,272.72,-3.82,78.2,5.89,4.6,1.28,2.87,4.61,1274.28,0.61,0.88,203.5
2015-03-20 02:30:00,6748200.0,999.08,-0.63,272.6,-3.39,81.5,5.83,4.75,1.08,2.96,4.76,1274.78,0.31,0.56,141.9
2015-03-20 02:40:00,6748800.0,999.0,-0.89,272.35,-3.1,84.9,5.72,4.86,0.86,3.03,4.86,1275.84,0.31,0.64,179.3
2015-03-20 02:50:00,6749400.0,998.96,-1.1,272.15,-3.42,84.1,5.64,4.74,0.9,2.96,4.75,1276.8,0.28,0.56,221.4
2015-03-20 03:00:00,6750000.0,998.94,-1.05,272.2,-3.42,83.8,5.66,4.74,0.92,2.96,4.75,1276.55,0.36,0.64,138.7
2015-03-20 03:10:00,6750600.0,998.89,-1.35,271.9,-3.63,84.4,5.53,4.67,0.86,2.91,4.67,1277.95,0.43,1.04,208.2
2015-03-20 03:20:00,6751200.0,998.85,-1.51,271.74,-4.07,82.6,5.47,4.51,0.95,2.82,4.52,1278.73,1.14,1.44,221.6
2015-03-20 03:30:00,6751800.0,998.8,-1.44,271.82,-3.82,83.7,5.5,4.6,0.9,2.87,4.61,1278.28,0.84,1.06,217.5
2015-03-20 03:40:00,6752400.0,998.72,-1.38,271.88,-3.84,83.2,5.52,4.59,0.93,2.87,4.6,1277.91,0.6,0.92,206.2
2015-03-20 03:50:00,6753000.0,998.71,-1.46,271.8,-4.21,81.4,5.49,4.47,1.02,2.79,4.47,1278.33,0.96,1.52,209.6
2015-03-20 04:00:00,6753600.0,998.68,-1.54,271.72,-4.39,80.8,5.46,4.41,1.05,2.75,4.41,1278.7,1.48,1.72,218.2
2015-03-20 04:10:00,6754200.0,998.6,-1.6,271.67,-4.13,82.8,5.43,4.5,0.93,2.81,4.5,1278.84,1.35,1.92,222.4
2015-03-20 04:20:00,6754800.0,998.58,-1.47,271.8,-3.63,85.1,5.48,4.67,0.82,2.91,4.67,1278.11,0.73,1.24,203.6
2015-03-20 04:30:00,6755400.0,998.54,-1.58,271.69,-3.48,86.8,5.44,4.72,0.72,2.95,4.73,1278.57,0.58,0.92,133.0
2015-03-20 04:40:00,6756000.0,998.51,-1.65,271.62,-3.41,87.7,5.41,4.74,0.67,2.96,4.75,1278.85,0.27,0.56,139.2
2015-03-20 04:50:00,6756600.0,998.48,-1.65,271.63,-3.56,86.7,5.41,4.69,0.72,2.93,4.7,1278.82,0.18,0.36,81.2
2015-03-20 05:00:00,6757200.0,998.48,-1.92,271.36,-3.79,87.0,5.3,4.61,0.69,2.88,4.62,1280.15,0.34,0.68,213.2
2015-03-20 05:10:00,6757800.0,998.5,-2.21,271.06,-4.09,86.9,5.19,4.51,0.68,2.81,4.52,1281.6,0.6,0.88,196.1
2015-03-20 05:20:00,6758400.0,998.51,-2.51,270.77,-4.47,86.3,5.08,4.38,0.7,2.73,4.39,1283.05,0.47,0.76,170.3
2015-03-20 05:30:00,6759000.0,998.52,-2.56,270.71,-4.62,85.7,5.06,4.33,0.72,2.7,4.34,1283.37,0.54,0.9,199.9
2015-03-20 05:40:00,6759600.0,998.51,-2.66,270.62,-4.65,86.1,5.02,4.32,0.7,2.7,4.33,1283.82,1.06,1.36,213.2
2015-03-20 05:50:00,6760200.0,998.5,-2.65,270.63,-4.29,88.4,5.02,4.44,0.58,2.77,4.45,1283.69,0.67,1.0,210.8
2015-03-20 06:00:00,6760800.0,998.51,-2.61,270.66,-4.05,89.8,5.04,4.52,0.51,2.82,4.53,1283.49,0.55,1.3,187.9
2015-03-20 06:10:00,6761400.0,998.59,-2.66,270.61,-3.99,90.5,5.02,4.54,0.48,2.83,4.55,1283.81,0.54,1.0,168.9
2015-03-20 06:20:00,6762000.0,998.64,-2.64,270.63,-3.97,90.5,5.03,4.55,0.48,2.84,4.56,1283.77,0.49,1.16,185.4
2015-03-20 06:30:00,6762600.0,998.66,-2.69,270.57,-4.09,90.0,5.01,4.51,0.5,2.81,4.51,1284.06,0.38,0.96,193.4
2015-03-20 06:40:00,6763200.0,998.78,-2.88,270.38,-4.41,89.1,4.94,4.4,0.54,2.74,4.41,1285.17,0.58,0.92,195.9
2015-03-20 06:50:00,6763800.0,998.78,-2.71,270.54,-4.19,89.5,5.0,4.48,0.53,2.79,4.48,1284.32,0.79,1.6,205.5
2015-03-20 07:00:00,6764400.0,998.78,-2.28,270.97,-3.72,89.8,5.16,4.64,0.53,2.89,4.64,1282.22,0.99,2.24,187.2
2015-03-20 07:10:00,6765000.0,998.78,-1.79,271.47,-3.3,89.3,5.36,4.78,0.57,2.98,4.79,1279.82,0.67,2.2,143.8
2015-03-20 07:20:00,6765600.0,998.85,-1.38,271.87,-3.19,87.4,5.52,4.82,0.7,3.01,4.83,1277.95,0.48,1.12,175.6
2015-03-20 07:30:00,6766200.0,998.86,-0.86,272.39,-3.07,84.9,5.73,4.87,0.87,3.04,4.87,1275.52,0.48,1.0,166.0
2015-03-20 07:40:00,6766800.0,998.87,-0.61,272.64,-3.05,83.4,5.84,4.87,0.97,3.04,4.88,1274.33,0.59,1.04,167.8
2015-03-20 07:50:00,6767400.0,998.84,-0.03,273.22,-2.85,81.2,6.09,4.95,1.15,3.09,4.95,1271.57,0.48,1.12,122.5
2015-03-20 08:00:00,6768000.0,998.8,0.03,273.29,-2.87,80.7,6.12,4.94,1.18,3.08,4.95,1271.24,0.77,1.9,122.8
2015-03-20 08:10:00,6768600.0,998.84,0.8,274.05,-2.68,77.4,6.47,5.01,1.46,3.13,5.02,1267.68,0.5,1.04,126.0
2015-03-20 08:20:00,6769200.0,998.8,1.44,274.69,-2.7,73.8,6.78,5.0,1.78,3.12,5.01,1264.7,0.79,1.2,145.2
2015-03-20 08:30:00,6769800.0,998.79,1.73,274.98,-2.57,73.0,6.92,5.05,1.87,3.15,5.06,1263.33,0.99,1.56,152.1
2015-03-20 08:40:00,6770400.0,998.82,1.89,275.14,-2.51,72.5,7.0,5.08,1.93,3.17,5.08,1262.62,1.11,1.68,142.4
2015-03-20 08:50:00,6771000.0,998.83,1.94,275.19,-2.42,72.7,7.03,5.11,1.92,3.19,5.11,1262.39,0.97,1.64,140.1
2015-03-20 09:00:00,6771600.0,998.82,2.25,275.5,-2.11,72.8,7.18,5.23,1.95,3.26,5.24,1260.91,1.2,1.84,166.6
2015-03-20 09:10:00,6772200.0,998.8,2.28,275.53,-2.15,72.4,7.2,5.21,1.99,3.25,5.22,1260.74,1.13,1.96,180.8
2015-03-20 09:20:00,6772800.0,998.72,2.55,275.81,-2.04,71.6,7.34,5.26,2.08,3.28,5.26,1259.38,0.75,1.42,133.5
2015-03-20 09:30:00,6773400.0,998.66,2.78,276.04,-2.05,70.4,7.46,5.25,2.21,3.28,5.26,1258.26,1.13,1.8,147.0
2015-03-20 09:40:00,6774000.0,998.58,3.77,277.05,-1.83,66.68,8.01,5.34,2.67,3.33,5.35,1253.6,0.6,1.36,126.9
2015-03-20 09:50:00,6774600.0,998.48,4.28,277.56,-1.84,64.31,8.3,5.34,2.96,3.33,5.34,1251.19,0.94,1.74,135.7
2015-03-20 10:00:00,6775200.0,998.35,4.65,277.95,-1.7,63.25,8.52,5.39,3.13,3.36,5.4,1249.31,0.9,1.56,135.9
2015-03-20 10:10:00,6775800.0,998.19,4.95,278.25,-1.54,62.7,8.7,5.45,3.24,3.4,5.46,1247.77,1.14,1.72,152.7
2015-03-20 10:20:00,6776400.0,998.04,5.1,278.41,-1.16,63.83,8.79,5.61,3.18,3.5,5.62,1246.83,0.89,1.64,165.6
2015-03-20 10:30:00,6777000.0,997.95,5.0,278.32,-1.25,63.85,8.73,5.57,3.16,3.48,5.58,1247.17,1.23,1.88,147.3
2015-03-20 10:40:00,6777600.0,997.84,4.81,278.14,-1.15,65.18,8.61,5.61,3.0,3.51,5.63,1247.88,1.17,1.88,156.0
2015-03-20 10:50:00,6778200.0,997.74,4.55,277.89,-0.96,67.29,8.46,5.69,2.77,3.56,5.71,1248.85,1.18,1.76,148.1
2015-03-20 11:00:00,6778800.0,997.7,4.58,277.93,-0.72,68.34,8.48,5.79,2.68,3.62,5.81,1248.62,0.86,1.48,180.7
2015-03-20 11:10:00,6779400.0,997.6,4.65,278.0,-0.59,68.66,8.52,5.85,2.67,3.65,5.86,1248.17,0.96,1.36,195.5
2015-03-20 11:20:00,6780000.0,997.58,5.12,278.47,-0.46,67.11,8.8,5.91,2.89,3.69,5.92,1246.02,0.71,1.32,161.3
2015-03-20 11:30:00,6780600.0,997.54,5.85,279.2,-0.25,64.78,9.26,6.0,3.26,3.75,6.01,1242.67,0.9,1.88,194.7
2015-03-20 11:40:00,6781200.0,997.5,6.22,279.58,-0.47,62.08,9.5,5.9,3.6,3.69,5.91,1241.0,0.78,1.48,103.9
2015-03-20 11:50:00,6781800.0,997.42,7.07,280.44,-0.49,58.49,10.08,5.89,4.18,3.68,5.91,1237.15,0.9,1.92,143.6
2015-03-20 12:00:00,6782400.0,997.33,7.99,281.37,-0.61,54.43,10.73,5.84,4.89,3.65,5.86,1233.01,0.95,2.08,150.2
2015-03-20 12:10:00,6783000.0,997.23,8.45,281.83,-1.52,49.33,11.07,5.46,5.61,3.41,5.48,1231.05,1.34,2.08,129.3
2015-03-20 12:20:00,6783600.0,997.15,8.75,282.14,-2.62,44.56,11.3,5.04,6.26,3.15,5.05,1229.84,1.09,2.36,99.7
2015-03-20 12:30:00,6784200.0,997.06,9.27,282.67,-2.52,43.35,11.7,5.07,6.63,3.17,5.09,1227.44,1.62,2.72,110.7
2015-03-20 12:40:00,6784800.0,996.98,9.34,282.74,-2.97,41.72,11.76,4.91,6.85,3.07,4.92,1227.12,1.73,2.8,86.3
2015-03-20 12:50:00,6785400.0,996.88,9.83,283.24,-3.07,40.04,12.15,4.87,7.29,3.04,4.88,1224.89,1.3,3.34,142.9
2015-03-20 13:00:00,6786000.0,996.73,10.06,283.49,-3.12,39.3,12.34,4.85,7.49,3.03,4.87,1223.72,0.9,2.84,140.3
2015-03-20 13:10:00,6786600.0,996.51,10.45,283.89,-2.88,38.96,12.67,4.94,7.73,3.09,4.95,1221.73,1.63,3.28,145.6
2015-03-20 13:20:00,6787200.0,996.34,10.6,284.06,-2.68,39.15,12.8,5.01,7.79,3.13,5.03,1220.84,1.41,2.44,166.2
2015-03-20 13:30:00,6787800.0,996.2,10.88,284.35,-2.64,38.56,13.04,5.03,8.01,3.15,5.05,1219.46,1.63,2.92,164.5
2015-03-20 13:40:00,6788400.0,996.07,11.38,284.86,-2.34,38.15,13.48,5.14,8.34,3.22,5.16,1217.1,1.2,3.12,126.3
2015-03-20 13:50:00,6789000.0,995.92,11.31,284.8,-2.66,37.41,13.42,5.02,8.4,3.14,5.04,1217.27,1.73,3.48,153.4
2015-03-20 14:00:00,6789600.0,995.78,11.22,284.72,-2.86,37.09,13.34,4.95,8.39,3.1,4.97,1217.52,1.69,2.84,138.0
2015-03-20 14:10:00,6790200.0,995.64,11.73,285.25,-2.63,36.46,13.8,5.03,8.77,3.15,5.05,1215.14,1.17,2.2,101.2
2015-03-20 14:20:00,6790800.0,995.52,11.59,285.12,-2.55,37.03,13.67,5.06,8.61,3.17,5.08,1215.57,1.41,2.28,43.95
2015-03-20 14:30:00,6791400.0,995.4,11.54,285.08,-2.55,37.16,13.62,5.06,8.56,3.17,5.09,1215.63,1.56,3.04,32.28
2015-03-20 14:40:00,6792000.0,995.19,11.7,285.25,-2.61,36.58,13.77,5.04,8.73,3.15,5.06,1214.71,1.59,2.68,102.4
2015-03-20 14:50:00,6792600.0,995.08,11.59,285.15,-2.81,36.32,13.67,4.96,8.7,3.11,4.99,1215.08,1.34,2.68,37.4
2015-03-20 15:00:00,6793200.0,994.91,11.74,285.32,-2.83,35.91,13.8,4.96,8.85,3.11,4.98,1214.23,1.21,1.96,49.55
2015-03-20 15:10:00,6793800.0,994.74,12.17,285.76,-2.74,35.13,14.2,4.99,9.21,3.13,5.02,1212.18,1.1,2.56,40.13
2015-03-20 15:20:00,6794400.0,994.52,12.11,285.72,-2.9,34.86,14.15,4.93,9.21,3.09,4.96,1212.2,1.36,2.6,60.19
2015-03-20 15:30:00,6795000.0,994.43,12.2,285.82,-2.8,34.91,14.23,4.97,9.26,3.11,5.0,1211.69,1.52,3.46,57.88
2015-03-20 15:40:00,6795600.0,994.34,12.19,285.81,-3.02,34.37,14.22,4.89,9.33,3.06,4.92,1211.65,2.09,2.96,64.37
2015-03-20 15:50:00,6796200.0,994.2,12.07,285.71,-3.3,33.91,14.11,4.78,9.32,3.0,4.81,1212.04,1.42,2.68,29.81
2015-03-20 16:00:00,6796800.0,994.08,12.11,285.75,-3.03,34.52,14.15,4.88,9.26,3.06,4.91,1211.68,2.1,3.42,63.63
2015-03-20 16:10:00,6797400.0,993.96,12.22,285.87,-3.13,34.0,14.25,4.84,9.4,3.04,4.87,1211.08,2.5,3.68,45.08
2015-03-20 16:20:00,6798000.0,993.87,12.5,286.16,-3.11,33.45,14.51,4.85,9.66,3.04,4.88,1209.78,1.89,3.4,44.29
2015-03-20 16:30:00,6798600.0,993.85,12.28,285.94,-3.4,33.19,14.31,4.75,9.56,2.98,4.78,1210.73,1.69,2.72,60.5
2015-03-20 16:40:00,6799200.0,993.73,12.06,285.73,-3.17,34.27,14.1,4.83,9.27,3.03,4.86,1211.49,2.2,4.16,41.68
2015-03-20 16:50:00,6799800.0,993.59,11.7,285.38,-2.87,35.9,13.77,4.94,8.83,3.1,4.97,1212.8,3.12,4.36,24.64
2015-03-20 17:00:00,6800400.0,993.51,11.54,285.23,-2.69,36.77,13.62,5.01,8.61,3.14,5.04,1213.35,2.41,3.96,26.49
2015-03-20 17:10:00,6801000.0,993.51,11.46,285.15,-2.52,37.42,13.55,5.07,8.48,3.18,5.1,1213.66,1.33,2.24,13.02
2015-03-20 17:20:00,6801600.0,993.47,11.31,285.0,-2.53,37.77,13.42,5.07,8.35,3.18,5.1,1214.25,0.97,1.96,9.27
2015-03-20 17:30:00,6802200.0,993.38,11.32,285.02,-2.36,38.22,13.43,5.13,8.29,3.22,5.17,1214.07,0.51,1.24,333.1
2015-03-20 17:40:00,6802800.0,993.33,11.12,284.82,-2.56,38.16,13.25,5.06,8.19,3.17,5.09,1214.9,0.73,1.32,358.7
2015-03-20 17:50:00,6803400.0,993.27,10.79,284.5,-2.51,39.17,12.96,5.08,7.88,3.19,5.11,1216.22,0.51,1.12,18.13
2015-03-20 18:00:00,6804000.0,993.17,10.52,284.24,-2.63,39.53,12.73,5.03,7.7,3.16,5.07,1217.29,0.7,1.12,11.06
2015-03-20 18:10:00,6804600.0,993.13,10.41,284.13,-2.79,39.35,12.64,4.97,7.66,3.12,5.01,1217.73,0.46,1.04,347.2
2015-03-20 18:20:00,6805200.0,993.05,10.33,284.06,-3.13,38.55,12.57,4.85,7.72,3.04,4.88,1218.04,0.76,1.38,0.94
2015-03-20 18:30:00,6805800.0,993.05,10.26,283.99,-3.36,38.08,12.51,4.76,7.75,2.99,4.8,1218.37,1.24,1.56,9.3
2015-03-20 18:40:00,6806400.0,992.97,10.18,283.91,-3.46,38.0,12.44,4.73,7.71,2.97,4.76,1218.64,1.3,1.72,3.56
2015-03-20 18:50:00,6807000.0,992.9,10.06,283.8,-3.4,38.46,12.34,4.75,7.6,2.98,4.78,1219.06,1.21,1.48,344.7
2015-03-20 19:00:00,6807600.0,992.91,9.86,283.6,-3.32,39.23,12.18,4.78,7.4,3.0,4.81,1219.92,1.47,1.72,330.3
2015-03-20 19:10:00,6808200.0,992.93,9.23,282.96,-3.02,41.87,11.67,4.89,6.79,3.07,4.92,1222.62,0.41,1.36,60.31
2015-03-20 19:20:00,6808800.0,992.95,8.61,282.34,-3.33,42.66,11.19,4.78,6.42,3.0,4.81,1225.38,0.38,0.64,17.78
2015-03-20 19:30:00,6809400.0,992.95,7.95,281.68,-3.19,45.09,10.7,4.83,5.88,3.03,4.86,1228.24,0.37,0.74,27.03
2015-03-20 19:40:00,6810000.0,992.93,7.43,281.16,-2.85,47.9,10.33,4.95,5.38,3.1,4.98,1230.43,0.24,0.62,16.25
2015-03-20 19:50:00,6810600.0,992.93,7.07,280.8,-3.21,47.82,10.08,4.82,5.26,3.02,4.85,1232.07,0.24,0.64,303.3
2015-03-20 20:00:00,6811200.0,992.93,6.86,280.59,-3.27,48.29,9.93,4.8,5.14,3.01,4.83,1232.99,0.57,1.84,252.6
2015-03-20 20:10:00,6811800.0,992.94,6.58,280.31,-3.54,48.24,9.74,4.7,5.04,2.95,4.73,1234.29,1.85,2.64,226.3
2015-03-20 20:20:00,6812400.0,992.92,6.25,279.97,-2.92,51.71,9.52,4.92,4.6,3.09,4.96,1235.65,2.01,2.88,217.8
2015-03-20 20:30:00,6813000.0,992.86,6.17,279.9,-2.88,52.16,9.47,4.94,4.53,3.1,4.97,1235.91,1.44,1.88,217.7
2015-03-20 20:40:00,6813600.0,992.8,6.03,279.76,-2.84,52.83,9.37,4.95,4.42,3.11,4.99,1236.46,1.29,1.76,232.0
2015-03-20 20:50:00,6814200.0,992.8,5.91,279.65,-3.2,51.82,9.3,4.82,4.48,3.03,4.85,1237.02,0.95,1.44,221.0
2015-03-20 21:00:00,6814800.0,992.75,5.76,279.5,-3.02,53.12,9.2,4.89,4.31,3.07,4.92,1237.62,0.31,1.0,182.5
2015-03-20 21:10:00,6815400.0,992.68,4.79,278.53,-3.22,55.98,8.6,4.81,3.79,3.02,4.85,1241.88,1.67,2.92,221.4
2015-03-20 21:20:00,6816000.0,992.69,4.39,278.14,-2.72,59.75,8.37,5.0,3.37,3.14,5.04,1243.57,1.03,1.56,206.7
2015-03-20 21:30:00,6816600.0,992.67,4.27,278.01,-2.51,61.19,8.29,5.07,3.22,3.19,5.11,1244.06,1.02,1.56,197.4
2015-03-20 21:40:00,6817200.0,992.64,4.08,277.83,-2.91,60.19,8.19,4.93,3.26,3.09,4.96,1244.93,1.4,2.16,195.5
2015-03-20 21:50:00,6817800.0,992.54,3.89,277.65,-3.01,60.54,8.08,4.89,3.19,3.07,4.93,1245.67,1.4,2.12,201.7
2015-03-20 22:00:00,6818400.0,992.52,3.68,277.44,-2.84,62.26,7.96,4.95,3.0,3.11,4.99,1246.57,0.88,1.36,207.7
2015-03-20 22:10:00,6819000.0,992.42,3.6,277.36,-2.62,63.62,7.91,5.03,2.88,3.16,5.07,1246.78,0.43,1.36,142.4
2015-03-20 22:20:00,6819600.0,992.32,3.28,277.05,-3.02,63.18,7.73,4.89,2.85,3.07,4.92,1248.15,0.63,1.12,131.4
2015-03-20 22:30:00,6820200.0,992.23,2.83,276.61,-3.19,64.42,7.49,4.83,2.67,3.03,4.86,1250.1,0.44,1.06,123.3
2015-03-20 22:40:00,6820800.0,992.11,2.65,276.44,-3.13,65.52,7.4,4.85,2.55,3.04,4.88,1250.75,0.39,0.56,164.9
2015-03-20 22:50:00,6821400.0,992.02,2.04,275.83,-3.37,67.23,7.08,4.76,2.32,2.99,4.8,1253.46,0.88,1.6,196.1
2015-03-20 23:00:00,6822000.0,991.94,1.76,275.56,-3.3,68.98,6.94,4.79,2.15,3.01,4.82,1254.63,1.11,1.6,193.4
2015-03-20 23:10:00,6822600.0,991.78,1.65,275.45,-2.89,71.7,6.88,4.93,1.95,3.1,4.97,1254.88,1.11,1.64,186.1
2015-03-20 23:20:00,6823200.0,991.61,1.52,275.35,-2.88,72.4,6.82,4.94,1.88,3.1,4.98,1255.22,0.56,1.04,183.0
2015-03-20 23:30:00,6823800.0,991.5,1.37,275.2,-2.91,73.0,6.75,4.93,1.82,3.1,4.97,1255.78,0.58,1.28,165.2
2015-03-20 23:40:00,6824400.0,991.51,1.27,275.1,-2.96,73.3,6.7,4.91,1.79,3.09,4.95,1256.26,0.46,0.96,99.8
2015-03-20 23:50:00,6825000.0,991.45,0.92,274.75,-3.24,73.6,6.53,4.81,1.72,3.02,4.85,1257.84,0.58,1.06,154.5
2015-03-21 00:00:00,6825600.0,991.32,0.94,274.78,-3.15,74.0,6.54,4.84,1.7,3.04,4.88,1257.58,0.28,0.58,54.39
2015-03-21 00:10:00,6826200.0,991.16,1.16,275.01,-2.98,73.8,6.64,4.9,1.74,3.08,4.95,1256.35,0.3,1.0,98.7
2015-03-21 00:20:00,6826800.0,991.0,0.85,274.72,-3.44,72.9,6.5,4.74,1.76,2.98,4.78,1257.63,1.01,1.8,203.1
2015-03-21 00:30:00,6827400.0,990.97,0.46,274.33,-3.45,74.9,6.31,4.73,1.58,2.97,4.77,1259.4,0.79,1.26,196.2
2015-03-21 00:40:00,6828000.0,990.89,0.31,274.18,-3.3,76.6,6.25,4.78,1.46,3.01,4.83,1259.95,0.64,1.12,188.3
2015-03-21 00:50:00,6828600.0,990.85,0.05,273.93,-3.36,77.7,6.13,4.76,1.37,3.0,4.81,1261.11,0.64,1.08,148.0
2015-03-21 01:00:00,6829200.0,990.73,-0.06,273.83,-3.21,79.2,6.08,4.82,1.26,3.03,4.86,1261.44,0.41,0.8,124.0
2015-03-21 01:10:00,6829800.0,990.65,-0.26,273.64,-3.39,79.3,5.99,4.75,1.24,2.99,4.8,1262.27,0.66,1.22,191.7
2015-03-21 01:20:00,6830400.0,990.57,-0.32,273.59,-3.34,79.9,5.97,4.77,1.2,3.0,4.81,1262.43,0.55,1.0,232.6
2015-03-21 01:30:00,6831000.0,990.48,-0.01,273.9,-3.25,78.7,6.1,4.8,1.3,3.02,4.85,1260.89,0.5,1.24,135.7
2015-03-21 01:40:00,6831600.0,990.34,-0.14,273.78,-3.48,78.1,6.04,4.72,1.32,2.97,4.77,1261.36,0.61,1.28,194.2
2015-03-21 01:50:00,6832200.0,990.21,-0.24,273.69,-3.59,78.0,6.0,4.68,1.32,2.95,4.73,1261.66,0.54,1.08,206.3
2015-03-21 02:00:00,6832800.0,990.07,-0.83,273.11,-3.98,79.1,5.75,4.55,1.2,2.86,4.59,1264.28,1.01,1.48,188.3
2015-03-21 02:10:00,6833400.0,989.88,-1.0,272.96,-3.73,81.6,5.68,4.63,1.04,2.92,4.68,1264.78,1.3,1.6,198.8
2015-03-21 02:20:00,6834000.0,989.68,-0.81,273.16,-3.6,81.3,5.76,4.68,1.08,2.95,4.73,1263.63,0.97,1.72,195.4
2015-03-21 02:30:00,6834600.0,989.6,-0.87,273.11,-3.62,81.5,5.73,4.67,1.06,2.94,4.72,1263.81,0.79,1.72,124.3
2015-03-21 02:40:00,6835200.0,989.44,-1.16,272.83,-3.76,82.4,5.61,4.62,0.99,2.91,4.67,1264.98,0.47,1.08,130.5
2015-03-21 02:50:00,6835800.0,989.37,-1.45,272.54,-3.98,82.8,5.49,4.55,0.94,2.86,4.59,1266.29,0.73,1.36,111.0
2015-03-21 03:00:00,6836400.0,989.28,-1.6,272.4,-3.97,83.8,5.43,4.55,0.88,2.87,4.6,1266.85,0.54,0.88,211.7
2015-03-21 03:10:00,6837000.0,989.13,-1.26,272.76,-3.61,83.9,5.57,4.67,0.9,2.94,4.72,1265.0,0.73,1.48,197.8
2015-03-21 03:20:00,6837600.0,989.04,-0.98,273.04,-3.65,82.0,5.68,4.66,1.02,2.94,4.71,1263.62,0.72,2.04,180.3
2015-03-21 03:30:00,6838200.0,988.91,-0.97,273.06,-3.7,81.6,5.69,4.64,1.05,2.92,4.69,1263.41,0.71,1.4,146.1
2015-03-21 03:40:00,6838800.0,988.9,-0.89,273.14,-3.69,81.2,5.72,4.65,1.08,2.93,4.7,1263.01,0.66,1.46,117.4
2015-03-21 03:50:00,6839400.0,988.89,-1.4,272.63,-4.21,81.1,5.51,4.47,1.04,2.82,4.52,1265.48,0.71,1.48,193.7
2015-03-21 04:00:00,6840000.0,988.9,-1.52,272.51,-4.01,83.0,5.46,4.54,0.93,2.86,4.59,1265.98,0.27,0.68,307.4
2015-03-21 04:10:00,6840600.0,988.88,-1.3,272.74,-3.87,82.5,5.55,4.58,0.97,2.89,4.63,1264.91,0.82,1.32,190.9
2015-03-21 04:20:00,6841200.0,988.81,-1.23,272.81,-3.86,82.2,5.58,4.59,0.99,2.89,4.64,1264.49,0.86,1.48,212.0
2015-03-21 04:30:00,6841800.0,988.79,-1.11,272.93,-3.84,81.6,5.63,4.6,1.04,2.9,4.65,1263.91,0.77,1.36,219.2
2015-03-21 04:40:00,6842400.0,988.76,-1.14,272.9,-3.87,81.6,5.62,4.58,1.03,2.89,4.64,1264.03,0.74,1.4,197.8
2015-03-21 04:50:00,6843000.0,988.67,-1.3,272.75,-4.07,81.3,5.55,4.52,1.04,2.85,4.57,1264.67,0.73,1.12,202.7
2015-03-21 05:00:00,6843600.0,988.62,-1.84,272.21,-4.31,83.1,5.34,4.43,0.9,2.79,4.48,1267.18,1.09,1.8,215.1
2015-03-21 05:10:00,6844200.0,988.53,-2.07,271.99,-4.41,83.9,5.25,4.4,0.84,2.77,4.45,1268.15,1.09,1.52,211.6
2015-03-21 05:20:00,6844800.0,988.41,-1.9,272.16,-4.25,83.9,5.31,4.45,0.85,2.81,4.51,1267.2,1.65,1.96,223.8
2015-03-21 05:30:00,6845400.0,988.29,-1.93,272.15,-4.37,83.3,5.3,4.41,0.89,2.78,4.47,1267.19,1.24,1.8,199.9
2015-03-21 05:40:00,6846000.0,988.35,-2.1,271.97,-4.4,84.1,5.23,4.4,0.83,2.78,4.45,1268.05,1.11,1.68,192.4
2015-03-21 05:50:00,6846600.0,988.32,-2.34,271.74,-4.48,85.1,5.14,4.38,0.77,2.76,4.43,1269.15,0.9,1.48,194.3
2015-03-21 06:00:00,6847200.0,988.24,-2.49,271.59,-4.39,86.7,5.08,4.41,0.68,2.78,4.46,1269.75,0.34,0.84,292.9
2015-03-21 06:10:00,6847800.0,988.17,-2.43,271.66,-4.3,86.9,5.11,4.44,0.67,2.8,4.49,1269.36,0.76,1.8,159.1
2015-03-21 06:20:00,6848400.0,988.15,-2.27,271.82,-4.2,86.5,5.17,4.47,0.7,2.82,4.52,1268.56,0.74,1.76,126.0
2015-03-21 06:30:00,6849000.0,988.14,-2.28,271.8,-4.28,86.1,5.16,4.44,0.72,2.8,4.5,1268.63,0.89,1.36,123.7
2015-03-21 06:40:00,6849600.0,988.05,-2.41,271.68,-4.41,86.1,5.11,4.4,0.71,2.78,4.46,1269.15,0.91,1.34,181.1
2015-03-21 06:50:00,6850200.0,988.09,-2.54,271.55,-4.44,86.7,5.07,4.39,0.67,2.77,4.44,1269.79,0.84,1.32,194.7
2015-03-21 07:00:00,6850800.0,988.06,-2.36,271.73,-4.43,85.6,5.13,4.39,0.74,2.77,4.45,1268.93,1.32,1.88,169.3
2015-03-21 07:10:00,6851400.0,988.02,-2.12,271.97,-4.23,85.4,5.22,4.46,0.76,2.81,4.52,1267.72,0.58,0.96,201.7
2015-03-21 07:20:00,6852000.0,988.08,-1.73,272.36,-4.1,83.8,5.38,4.51,0.87,2.84,4.56,1265.95,0.55,1.12,188.8
2015-03-21 07:30:00,6852600.0,988.03,-1.41,272.68,-3.96,82.7,5.51,4.55,0.95,2.87,4.61,1264.38,0.78,1.28,133.9
2015-03-21 07:40:00,6853200.0,987.97,-0.96,273.14,-3.92,80.2,5.69,4.57,1.13,2.88,4.62,1262.2,0.5,0.94,169.5
2015-03-21 07:50:00,6853800.0,987.96,-0.6,273.51,-3.82,78.7,5.85,4.6,1.25,2.9,4.66,1260.49,0.47,0.9,173.6
2015-03-21 08:00:00,6854400.0,987.87,-0.54,273.57,-3.92,77.8,5.87,4.57,1.3,2.88,4.62,1260.12,0.79,1.08,202.3
2015-03-21 08:10:00,6855000.0,987.91,-0.15,273.96,-3.47,78.2,6.04,4.73,1.32,2.98,4.78,1258.28,0.47,1.04,192.0
2015-03-21 08:20:00,6855600.0,987.81,0.61,274.73,-3.34,74.7,6.38,4.77,1.62,3.01,4.83,1254.66,0.61,1.1,150.9
2015-03-21 08:30:00,6856200.0,987.79,0.68,274.8,-3.36,74.2,6.42,4.76,1.66,3.0,4.82,1254.31,0.89,1.44,128.6
2015-03-21 08:40:00,6856800.0,987.8,0.82,274.94,-3.3,73.8,6.48,4.78,1.7,3.02,4.84,1253.68,0.7,1.16,137.9
2015-03-21 08:50:00,6857400.0,987.81,1.47,275.59,-3.04,71.8,6.79,4.88,1.92,3.08,4.94,1250.68,0.52,1.0,144.9
2015-03-21 09:00:00,6858000.0,987.79,1.83,275.95,-2.98,70.3,6.97,4.9,2.07,3.09,4.96,1249.01,0.97,1.72,144.1
2015-03-21 09:10:00,6858600.0,987.65,1.92,276.06,-2.89,70.3,7.02,4.93,2.08,3.11,4.99,1248.41,1.03,1.66,168.8
2015-03-21 09:20:00,6859200.0,987.72,2.25,276.38,-2.58,70.3,7.18,5.05,2.13,3.19,5.11,1246.95,0.84,1.52,156.7
2015-03-21 09:30:00,6859800.0,987.78,2.73,276.86,-2.38,68.9,7.44,5.12,2.31,3.23,5.19,1244.8,0.85,1.64,152.1
2015-03-21 09:40:00,6860400.0,987.86,3.05,277.17,-2.22,68.18,7.61,5.19,2.42,3.27,5.25,1243.46,0.84,1.52,109.4
2015-03-21 09:50:00,6861000.0,987.78,3.47,277.61,-1.77,68.39,7.84,5.36,2.48,3.38,5.43,1241.35,1.19,2.04,148.1
2015-03-21 10:00:00,6861600.0,987.73,4.19,278.33,-1.23,67.67,8.25,5.58,2.67,3.52,5.65,1237.98,0.82,2.12,72.0
2015-03-21 10:10:00,6862200.0,987.7,5.38,279.53,-0.28,66.75,8.97,5.98,2.98,3.78,6.06,1232.44,1.36,2.86,75.4
2015-03-21 10:20:00,6862800.0,987.68,6.32,280.47,0.38,65.66,9.56,6.28,3.28,3.96,6.36,1228.17,3.14,5.85,289.3
2015-03-21 10:30:00,6863400.0,987.75,6.52,280.66,0.6,65.76,9.7,6.38,3.32,4.03,6.46,1227.32,2.39,4.89,306.7
2015-03-21 10:40:00,6864000.0,987.75,6.35,280.5,0.7,67.04,9.59,6.43,3.16,4.06,6.51,1228.04,2.27,5.57,279.7
2015-03-21 10:50:00,6864600.0,987.83,6.17,280.31,0.9,68.87,9.47,6.52,2.95,4.12,6.6,1228.88,3.19,6.89,291.5
2015-03-21 11:00:00,6865200.0,987.78,6.38,280.52,1.11,68.9,9.61,6.62,2.99,4.18,6.7,1227.85,3.1,7.01,287.6
2015-03-21 11:10:00,6865800.0,987.91,6.48,280.61,0.89,67.38,9.67,6.52,3.15,4.11,6.6,1227.64,3.96,7.01,276.9
2015-03-21 11:20:00,6866400.0,987.97,6.2,280.33,0.81,68.28,9.49,6.48,3.01,4.09,6.56,1228.93,3.6,6.61,275.1
2015-03-21 11:30:00,6867000.0,988.01,6.14,280.26,1.04,69.72,9.45,6.59,2.86,4.16,6.67,1229.23,3.12,6.77,283.4
2015-03-21 11:40:00,6867600.0,987.99,6.14,280.27,1.05,69.72,9.45,6.59,2.86,4.16,6.67,1229.16,3.56,5.33,277.6
2015-03-21 11:50:00,6868200.0,988.04,6.26,280.38,1.14,69.65,9.53,6.64,2.89,4.19,6.72,1228.69,2.16,4.81,287.6
2015-03-21 12:00:00,6868800.0,988.09,5.83,279.95,1.0,71.0,9.25,6.57,2.68,4.14,6.65,1230.67,2.81,5.77,282.4
2015-03-21 12:10:00,6869400.0,988.1,5.59,279.7,1.07,72.6,9.09,6.6,2.49,4.17,6.68,1231.75,2.1,5.07,269.1
2015-03-21 12:20:00,6870000.0,988.11,5.72,279.84,1.13,72.2,9.18,6.63,2.55,4.18,6.71,1231.15,2.33,3.92,271.1
2015-03-21 12:30:00,6870600.0,988.1,5.65,279.77,1.08,72.3,9.14,6.61,2.53,4.17,6.68,1231.45,2.64,6.09,269.9
2015-03-21 12:40:00,6871200.0,988.04,5.8,279.92,1.11,71.7,9.23,6.62,2.61,4.18,6.7,1230.71,2.18,4.89,270.5
2015-03-21 12:50:00,6871800.0,988.02,5.58,279.7,0.99,72.2,9.09,6.56,2.53,4.14,6.64,1231.7,2.17,4.36,276.4
2015-03-21 13:00:00,6872400.0,988.04,5.42,279.54,1.0,73.1,8.99,6.57,2.42,4.15,6.65,1232.43,2.61,5.67,279.7
2015-03-21 13:10:00,6873000.0,988.04,5.22,279.34,1.04,74.3,8.86,6.59,2.28,4.16,6.67,1233.31,2.38,4.81,267.6
2015-03-21 13:20:00,6873600.0,988.01,5.3,279.42,1.04,73.9,8.91,6.59,2.33,4.16,6.67,1232.92,2.75,5.25,262.6
2015-03-21 13:30:00,6874200.0,988.03,5.15,279.27,0.95,74.2,8.82,6.54,2.28,4.13,6.62,1233.63,2.72,5.13,281.3
2015-03-21 13:40:00,6874800.0,988.02,4.88,279.0,0.89,75.3,8.65,6.52,2.14,4.11,6.6,1234.83,2.85,5.77,276.8
2015-03-21 13:50:00,6875400.0,988.04,4.91,279.02,0.9,75.2,8.67,6.52,2.15,4.12,6.6,1234.73,2.23,1.4027261363501478,268.1
2015-03-21 14:00:00,6876000.0,988.03,4.69,278.81,0.79,75.7,8.54,6.47,2.08,4.08,6.55,1235.69,2.34,1.590172836085134,270.9
2015-03-21 14:10:00,6876600.0,987.93,4.89,279.02,0.85,75.0,8.66,6.5,2.17,4.1,6.58,1234.67,1.64,1.2371482182509097,299.8
2015-03-21 14:20:00,6877200.0,987.98,5.05,279.17,1.02,75.1,8.76,6.58,2.18,4.15,6.66,1233.98,2.07,1.4839530395686418,262.4
2015-03-21 14:30:00,6877800.0,988.02,4.95,279.07,1.14,76.3,8.7,6.64,2.06,4.19,6.72,1234.45,1.94,1.1746659850059142,266.0
2015-03-21 14:40:00,6878400.0,988.09,4.91,279.03,0.94,75.4,8.68,6.54,2.13,4.13,6.62,1234.75,2.26,1.5526834961381366,272.0
2015-03-21 14:50:00,6879000.0,988.1,5.01,279.13,0.95,74.9,8.74,6.54,2.19,4.13,6.62,1234.32,2.16,1.5651799427871358,269.8
2015-03-21 15:00:00,6879600.0,988.17,4.97,279.07,0.85,74.6,8.71,6.5,2.21,4.1,6.57,1234.64,2.37,1.3121268981449044,275.5
2015-03-21 15:10:00,6880200.0,988.21,4.87,278.97,0.99,75.9,8.65,6.56,2.08,4.14,6.64,1235.09,1.97,1.4027261363501478,260.1
2015-03-21 15:20:00,6880800.0,988.16,4.92,279.03,0.95,75.4,8.68,6.54,2.14,4.13,6.62,1234.81,2.47,1.415222582999147,256.3
2015-03-21 15:30:00,6881400.0,988.15,4.87,278.97,1.06,76.3,8.65,6.6,2.05,4.16,6.68,1235.01,2.14,1.0996873051119198,265.0
2015-03-21 15:40:00,6882000.0,988.15,5.18,279.29,1.06,74.6,8.84,6.59,2.25,4.16,6.67,1233.61,2.3,1.4527119229461443,270.8
2015-03-21 15:50:00,6882600.0,988.28,5.18,279.28,1.0,74.3,8.84,6.57,2.27,4.14,6.65,1233.79,1.89,1.1996588783039124,287.5
2015-03-21 16:00:00,6883200.0,988.34,5.3,279.39,1.1,74.2,8.91,6.61,2.3,4.17,6.69,1233.32,1.18,0.8497583721319381,250.9
2015-03-21 16:10:00,6883800.0,988.33,5.27,279.37,0.99,73.8,8.9,6.56,2.33,4.14,6.64,1233.45,2.15,1.5026977095421403,277.4
2015-03-21 16:20:00,6884400.0,988.4,5.15,279.24,1.03,74.6,8.82,6.58,2.24,4.15,6.66,1234.07,1.64,0.8872477120789353,253.6
2015-03-21 16:30:00,6885000.0,988.44,5.12,279.2,1.03,74.8,8.8,6.58,2.22,4.15,6.66,1234.27,1.57,0.8685030421054366,291.8
2015-03-21 16:40:00,6885600.0,988.46,5.03,279.12,1.15,75.9,8.75,6.64,2.11,4.19,6.72,1234.64,1.94,1.0996873051119198,291.1
2015-03-21 16:50:00,6886200.0,988.52,4.93,279.0,1.21,76.8,8.68,6.67,2.01,4.21,6.75,1235.17,1.47,0.9372334986749317,284.1
2015-03-21 17:00:00,6886800.0,988.52,4.93,279.01,1.23,76.9,8.69,6.68,2.01,4.21,6.76,1235.14,1.35,0.8560065954564376,273.9
2015-03-21 17:10:00,6887400.0,988.51,4.99,279.07,1.32,77.1,8.72,6.72,2.0,4.24,6.8,1234.86,1.04,0.8122690321849408,240.1
2015-03-21 17:20:00,6888000.0,988.52,4.95,279.02,1.36,77.5,8.7,6.74,1.96,4.25,6.82,1235.05,1.89,1.1746659850059142,259.5
2015-03-21 17:30:00,6888600.0,988.62,4.87,278.94,1.39,78.1,8.65,6.75,1.89,4.26,6.83,1235.52,2.2,1.2121553249529116,268.7
2015-03-21 17:40:00,6889200.0,988.67,4.76,278.83,1.36,78.5,8.58,6.74,1.85,4.25,6.82,1236.06,2.08,1.2652652232111576,272.5
2015-03-21 17:50:00,6889800.0,988.76,4.71,278.77,1.38,78.9,8.56,6.75,1.81,4.26,6.83,1236.37,2.02,1.4527119229461443,285.2
2015-03-21 18:00:00,6890400.0,988.77,4.66,278.72,1.36,79.1,8.52,6.74,1.78,4.25,6.82,1236.64,1.67,1.0497015185159235,282.1
2015-03-21 18:10:00,6891000.0,988.88,4.66,278.71,1.39,79.3,8.52,6.76,1.76,4.26,6.83,1236.77,1.64,1.1746659850059142,269.6
2015-03-21 18:20:00,6891600.0,989.02,4.65,278.68,1.4,79.4,8.51,6.76,1.75,4.26,6.84,1237.0,1.32,0.8997441587279343,274.5
2015-03-21 18:30:00,6892200.0,989.14,4.64,278.67,1.35,79.1,8.51,6.73,1.78,4.25,6.81,1237.18,0.78,0.9497299453239307,327.5
2015-03-21 18:40:00,6892800.0,989.23,4.67,278.69,1.3,78.7,8.53,6.71,1.82,4.23,6.78,1237.2,0.95,0.7622832455889444,293.3
2015-03-21 18:50:00,6893400.0,989.24,4.55,278.57,1.31,79.4,8.46,6.71,1.74,4.23,6.79,1237.73,1.14,0.6998010123439491,296.0
2015-03-21 19:00:00,6894000.0,989.32,4.48,278.49,1.26,79.5,8.42,6.69,1.73,4.22,6.76,1238.15,0.7,0.6248223324499544,343.7
2015-03-21 19:10:00,6894600.0,989.42,4.44,278.44,1.14,79.1,8.39,6.64,1.75,4.18,6.71,1238.49,1.34,0.7747796922379435,325.8
2015-03-21 19:20:00,6895200.0,989.54,4.46,278.45,1.13,78.9,8.4,6.63,1.77,4.18,6.7,1238.55,0.56,0.5248507592579618,274.3
2015-03-21 19:30:00,6895800.0,989.77,4.52,278.49,1.12,78.5,8.44,6.62,1.81,4.17,6.69,1238.58,0.46,0.3124111662249772,224.7
2015-03-21 19:40:00,6896400.0,989.91,4.45,278.41,1.07,78.6,8.4,6.6,1.8,4.16,6.67,1239.08,0.97,0.6248223324499544,258.9
2015-03-21 19:50:00,6897000.0,990.06,4.32,278.27,1.05,79.2,8.32,6.59,1.73,4.15,6.66,1239.83,1.3,0.7497867989399453,258.1
2015-03-21 20:00:00,6897600.0,990.21,4.27,278.21,1.07,79.6,8.29,6.6,1.69,4.16,6.66,1240.27,1.23,0.6123258858009554,229.6
2015-03-21 20:10:00,6898200.0,990.38,4.22,278.14,1.09,80.0,8.26,6.61,1.65,4.16,6.67,1240.7,0.8,0.42487918606596903,231.2
2015-03-21 20:20:00,6898800.0,990.51,4.21,278.13,1.1,80.1,8.26,6.61,1.64,4.16,6.68,1240.89,1.02,0.5498436525559599,239.2
2015-03-21 20:30:00,6899400.0,990.61,4.18,278.09,1.12,80.4,8.24,6.62,1.61,4.17,6.69,1241.16,1.1,0.4623685260129663,240.7
2015-03-21 20:40:00,6900000.0,990.71,4.14,278.04,1.11,80.6,8.22,6.62,1.59,4.17,6.68,1241.46,1.02,0.5123543126089626,226.0
2015-03-21 20:50:00,6900600.0,990.75,4.13,278.03,1.16,80.9,8.21,6.65,1.57,4.18,6.71,1241.51,1.12,0.4623685260129663,231.1
2015-03-21 21:00:00,6901200.0,990.84,4.13,278.02,1.14,80.8,8.21,6.64,1.58,4.18,6.7,1241.63,1.12,0.4873614193109645,235.3
2015-03-21 21:10:00,6901800.0,990.89,4.18,278.06,1.22,81.0,8.24,6.67,1.57,4.2,6.73,1241.49,0.75,0.37489339946997263,244.6
2015-03-21 21:20:00,6902400.0,990.96,4.07,277.95,1.32,82.2,8.18,6.72,1.46,4.23,6.78,1242.02,0.99,0.41238273941696996,250.3
2015-03-21 21:30:00,6903000.0,991.07,4.0,277.87,1.33,82.7,8.14,6.73,1.41,4.23,6.79,1242.48,1.49,0.5498436525559599,247.4
2015-03-21 21:40:00,6903600.0,991.22,4.0,277.86,1.3,82.5,8.14,6.71,1.42,4.22,6.77,1242.67,1.19,0.4623685260129663,243.9
2015-03-21 21:50:00,6904200.0,991.29,4.0,277.85,1.4,83.1,8.14,6.76,1.38,4.25,6.82,1242.74,0.79,0.5123543126089626,244.2
2015-03-21 22:00:00,6904800.0,991.36,3.99,277.83,1.41,83.2,8.13,6.76,1.37,4.25,6.82,1242.88,0.69,0.39988629276797083,231.4
2015-03-21 22:10:00,6905400.0,991.45,4.06,277.9,1.5,83.3,8.17,6.81,1.36,4.28,6.87,1242.63,0.81,0.5498436525559599,73.8
2015-03-21 22:20:00,6906000.0,991.44,4.17,278.01,1.53,82.9,8.23,6.83,1.41,4.29,6.88,1242.14,0.65,0.41238273941696996,111.8
2015-03-21 22:30:00,6906600.0,991.53,4.08,277.92,1.6,83.8,8.18,6.86,1.33,4.31,6.92,1242.62,1.14,0.5998294391519562,147.2
2015-03-21 22:40:00,6907200.0,991.57,4.04,277.88,1.43,83.0,8.16,6.77,1.39,4.26,6.83,1242.88,0.78,0.5123543126089626,186.3
2015-03-21 22:50:00,6907800.0,991.57,4.0,277.83,1.29,82.4,8.14,6.7,1.43,4.22,6.76,1243.11,0.77,0.5373472059069608,275.1
2015-03-21 23:00:00,6908400.0,991.56,3.85,277.68,1.1,82.2,8.05,6.62,1.43,4.16,6.67,1243.83,1.01,0.5498436525559599,240.4
2015-03-21 23:10:00,6909000.0,991.61,3.69,277.51,1.06,82.9,7.96,6.6,1.36,4.15,6.65,1244.62,0.93,0.5373472059069608,240.2
2015-03-21 23:20:00,6909600.0,991.69,3.65,277.47,1.06,83.1,7.94,6.59,1.34,4.15,6.65,1244.91,0.85,0.47486497266196537,223.5
2015-03-21 23:30:00,6910200.0,991.77,3.7,277.51,1.12,83.2,7.96,6.63,1.34,4.17,6.68,1244.76,0.55,0.37489339946997263,229.2
2015-03-21 23:40:00,6910800.0,991.85,3.67,277.48,1.13,83.4,7.95,6.63,1.32,4.17,6.68,1244.98,0.81,0.47486497266196537,196.8
2015-03-21 23:50:00,6911400.0,991.99,3.68,277.48,1.26,84.1,7.96,6.69,1.27,4.21,6.75,1245.08,0.79,0.5498436525559599,170.7
2015-03-22 00:00:00,6912000.0,992.08,3.51,277.3,1.4,86.0,7.86,6.76,1.1,4.25,6.81,1245.94,1.54,0.8310137021584395,252.4
2015-03-22 00:10:00,6912600.0,992.19,3.24,277.02,1.66,89.3,7.71,6.89,0.83,4.33,6.94,1247.23,1.07,0.6498152257479527,194.3
2015-03-22 00:20:00,6913200.0,992.3,3.08,276.85,1.74,90.9,7.62,6.93,0.69,4.35,6.98,1248.08,1.45,0.6248223324499544,211.5
2015-03-22 00:30:00,6913800.0,992.35,3.0,276.77,1.89,92.4,7.58,7.0,0.58,4.4,7.06,1248.46,1.49,0.7872761388869426,201.4
2015-03-22 00:40:00,6914400.0,992.47,2.94,276.7,1.88,92.7,7.55,7.0,0.55,4.4,7.05,1248.86,1.83,1.3402439031051523,356.2
2015-03-22 00:50:00,6915000.0,992.6,2.77,276.52,1.74,92.9,7.46,6.93,0.53,4.35,6.98,1249.84,3.68,1.8775911090121131,16.81
2015-03-22 01:00:00,6915600.0,992.69,2.6,276.33,1.61,93.2,7.37,6.86,0.5,4.31,6.91,1250.79,4.69,2.3274631883760803,23.38
2015-03-22 01:10:00,6916200.0,992.75,2.48,276.22,1.5,93.2,7.31,6.81,0.5,4.28,6.86,1251.4,5.82,2.46492410151507,28.28
2015-03-22 01:20:00,6916800.0,992.86,2.37,276.09,1.36,93.0,7.25,6.74,0.51,4.23,6.79,1252.09,5.36,2.221243391859588,26.2
2015-03-22 01:30:00,6917400.0,993.04,2.27,275.98,1.28,93.1,7.2,6.7,0.5,4.21,6.75,1252.76,6.11,3.0647535406670268,25.53
2015-03-22 01:40:00,6918000.0,993.27,2.11,275.8,1.1,93.0,7.11,6.62,0.5,4.15,6.66,1253.84,6.94,3.314682473647008,26.03
2015-03-22 01:50:00,6918600.0,993.42,1.94,275.62,0.96,93.2,7.03,6.55,0.48,4.11,6.59,1254.83,6.62,3.0647535406670268,23.78
2015-03-22 02:00:00,6919200.0,993.65,1.84,275.5,0.89,93.4,6.98,6.52,0.46,4.09,6.56,1255.61,5.77,2.764838821091048,27.73
2015-03-22 02:10:00,6919800.0,993.79,1.75,275.4,0.76,93.1,6.93,6.45,0.48,4.05,6.5,1256.22,7.39,3.389661153541003,26.03
2015-03-22 02:20:00,6920400.0,993.98,1.73,275.36,0.63,92.4,6.92,6.4,0.53,4.01,6.43,1256.59,5.77,2.6398743546010572,30.66
2015-03-22 02:30:00,6921000.0,994.06,1.66,275.29,0.49,91.9,6.89,6.33,0.56,3.97,6.37,1257.02,6.03,2.6898601411970535,28.94
2015-03-22 02:40:00,6921600.0,994.2,1.53,275.14,0.42,92.3,6.82,6.3,0.53,3.95,6.33,1257.84,6.01,2.60238501465406,28.38
2015-03-22 02:50:00,6922200.0,994.25,1.43,275.04,0.35,92.5,6.77,6.27,0.51,3.93,6.3,1258.36,6.25,2.783583491064547,27.06
2015-03-22 03:00:00,6922800.0,994.3,1.4,275.01,0.37,92.8,6.76,6.27,0.49,3.93,6.31,1258.56,5.69,2.589888568005061,28.79
2015-03-22 03:10:00,6923400.0,994.35,1.34,274.94,0.35,93.1,6.73,6.26,0.46,3.93,6.3,1258.91,5.98,2.427434761568073,25.4
2015-03-22 03:20:00,6924000.0,994.4,1.2,274.8,0.28,93.5,6.66,6.23,0.43,3.91,6.27,1259.61,6.5,2.7898317143890465,27.75
2015-03-22 03:30:00,6924600.0,994.53,1.05,274.64,0.16,93.8,6.59,6.18,0.41,3.87,6.21,1260.52,6.39,2.8335692776605437,26.22
2015-03-22 03:40:00,6925200.0,994.63,1.0,274.58,0.13,93.9,6.57,6.17,0.4,3.86,6.2,1260.88,6.61,2.9147961808790375,30.17
2015-03-22 03:50:00,6925800.0,994.81,0.91,274.48,-0.06,93.2,6.52,6.08,0.44,3.81,6.11,1261.56,8.12,3.605224858236237,35.43
2015-03-22 04:00:00,6926400.0,995.0,0.84,274.39,-0.27,92.3,6.49,5.99,0.5,3.75,6.02,1262.17,6.9,2.939789074177036,30.49
2015-03-22 04:10:00,6927000.0,995.15,0.75,274.29,-0.39,92.0,6.45,5.94,0.52,3.72,5.96,1262.77,6.03,3.227207347104015,37.07
2015-03-22 04:20:00,6927600.0,995.24,0.73,274.27,-0.35,92.4,6.44,5.95,0.49,3.73,5.98,1262.97,5.89,2.939789074177036,37.39
2015-03-22 04:30:00,6928200.0,995.37,0.64,274.16,-0.4,92.7,6.4,5.93,0.47,3.71,5.96,1263.59,6.96,2.864810394283041,34.07
2015-03-22 04:40:00,6928800.0,995.47,0.51,274.03,-0.43,93.4,6.34,5.92,0.42,3.71,5.95,1264.3,6.98,3.342799478607256,33.62
2015-03-22 04:50:00,6929400.0,995.51,0.43,273.94,-0.45,93.8,6.3,5.91,0.39,3.7,5.94,1264.75,7.55,3.5302461783422427,37.21
2015-03-22 05:00:00,6930000.0,995.58,0.4,273.9,-0.45,94.0,6.29,5.91,0.38,3.7,5.94,1264.97,6.52,2.977278414124033,30.27
2015-03-22 05:10:00,6930600.0,995.77,0.33,273.83,-0.53,93.9,6.26,5.88,0.38,3.68,5.9,1265.53,7.14,3.0897464339650247,30.54
2015-03-22 05:20:00,6931200.0,995.88,0.29,273.78,-0.66,93.3,6.24,5.82,0.42,3.64,5.85,1265.88,7.35,2.9960230840975317,29.77
2015-03-22 05:30:00,6931800.0,995.97,0.13,273.61,-0.8,93.4,6.17,5.76,0.41,3.61,5.78,1266.76,6.52,2.7898317143890465,31.7
2015-03-22 05:40:00,6932400.0,996.22,0.07,273.53,-0.76,94.1,6.14,5.78,0.36,3.62,5.8,1267.35,5.88,2.589888568005061,35.61
2015-03-22 05:50:00,6933000.0,996.41,0.04,273.49,-0.73,94.5,6.13,5.79,0.34,3.62,5.81,1267.73,6.47,3.0397606473690284,34.3
2015-03-22 06:00:00,6933600.0,996.58,-0.02,273.41,-0.77,94.7,6.1,5.77,0.32,3.61,5.79,1268.26,6.37,2.7523423744420494,30.59
2015-03-22 06:10:00,6934200.0,996.73,-0.12,273.29,-0.85,94.8,6.05,5.74,0.31,3.59,5.76,1268.93,6.8,2.814824607687045,28.86
2015-03-22 06:20:00,6934800.0,996.84,-0.28,273.13,-0.99,94.9,5.99,5.68,0.31,3.55,5.7,1269.81,6.94,2.974154302461783,25.73
2015-03-22 06:30:00,6935400.0,997.05,-0.33,273.06,-1.0,95.2,5.96,5.68,0.29,3.55,5.69,1270.32,5.96,3.01789186573328,30.99
2015-03-22 06:40:00,6936000.0,997.25,-0.4,272.98,-1.07,95.2,5.93,5.65,0.28,3.53,5.66,1270.92,6.29,2.9179202925412873,30.12
2015-03-22 06:50:00,6936600.0,997.36,-0.53,272.84,-1.2,95.2,5.88,5.59,0.28,3.5,5.61,1271.69,6.92,3.0678776523292766,26.75
2015-03-22 07:00:00,6937200.0,997.54,-0.62,272.74,-1.27,95.3,5.84,5.56,0.27,3.48,5.58,1272.35,6.36,2.652370801250057,29.9
2015-03-22 07:10:00,6937800.0,997.64,-0.66,272.68,-1.29,95.5,5.82,5.56,0.26,3.47,5.57,1272.69,5.56,2.564895674707063,29.78
2015-03-22 07:20:00,6938400.0,997.77,-0.66,272.67,-1.26,95.7,5.82,5.57,0.25,3.48,5.58,1272.84,4.83,2.3774489749720766,33.05
2015-03-22 07:30:00,6939000.0,997.74,-0.65,272.69,-1.23,95.8,5.83,5.58,0.24,3.49,5.59,1272.73,4.41,2.177505828588091,38.05
2015-03-22 07:40:00,6939600.0,997.82,-0.69,272.64,-1.26,95.9,5.81,5.57,0.24,3.48,5.58,1273.04,4.97,2.60238501465406,38.75
2015-03-22 07:50:00,6940200.0,997.98,-0.73,272.59,-1.28,96.0,5.79,5.56,0.23,3.47,5.57,1273.44,4.64,2.414938314919074,38.64
2015-03-22 08:00:00,6940800.0,998.08,-0.73,272.58,-1.26,96.2,5.79,5.57,0.22,3.48,5.58,1273.58,4.2,2.0650378087470997,43.09
2015-03-22 08:10:00,6941400.0,998.29,-0.71,272.58,-1.24,96.2,5.8,5.58,0.22,3.48,5.59,1273.73,4.43,2.2149951685350886,50.21
2015-03-22 08:20:00,6942000.0,998.47,-0.69,272.59,-1.25,96.0,5.81,5.57,0.23,3.48,5.58,1273.9,4.5,2.1150235953430956,46.78
2015-03-22 08:30:00,6942600.0,998.66,-0.7,272.56,-1.3,95.7,5.8,5.55,0.25,3.47,5.56,1274.19,5.18,2.714853034495052,47.85
2015-03-22 08:40:00,6943200.0,998.85,-0.75,272.5,-1.4,95.3,5.78,5.51,0.27,3.44,5.52,1274.65,4.71,2.140016488641094,39.8
2015-03-22 08:50:00,6943800.0,998.98,-0.88,272.36,-1.55,95.2,5.73,5.45,0.27,3.4,5.46,1275.5,4.38,1.7776195358201206,43.32
2015-03-22 09:00:00,6944400.0,999.12,-0.95,272.28,-1.64,95.0,5.7,5.41,0.28,3.38,5.42,1275.98,3.55,1.7526266425221224,28.43
2015-03-22 09:10:00,6945000.0,999.24,-1.0,272.22,-1.73,94.7,5.68,5.38,0.3,3.35,5.38,1276.39,4.57,2.027548468800102,34.93
2015-03-22 09:20:00,6945600.0,999.33,-0.98,272.23,-1.76,94.4,5.69,5.37,0.32,3.35,5.37,1276.42,4.05,1.796364205793619,42.05
2015-03-22 09:30:00,6946200.0,999.4,-0.96,272.25,-1.78,94.1,5.69,5.36,0.34,3.34,5.36,1276.44,3.88,1.8151088757671174,39.25
2015-03-22 09:40:00,6946800.0,999.56,-0.92,272.28,-1.78,93.8,5.71,5.36,0.35,3.34,5.36,1276.43,2.79,1.3902296897011488,31.9
2015-03-22 09:50:00,6947400.0,999.61,-0.9,272.29,-1.82,93.4,5.72,5.34,0.38,3.33,5.34,1276.42,2.89,1.4777048162441424,31.8
2015-03-22 10:00:00,6948000.0,999.69,-0.92,272.26,-1.9,93.0,5.71,5.31,0.4,3.31,5.31,1276.64,3.05,1.302754563158155,42.12
2015-03-22 10:10:00,6948600.0,999.61,-0.9,272.29,-1.91,92.8,5.72,5.31,0.41,3.31,5.31,1276.44,3.35,1.971314458879606,41.69
2015-03-22 10:20:00,6949200.0,999.57,-0.9,272.29,-1.94,92.6,5.72,5.3,0.42,3.3,5.3,1276.41,2.84,1.302754563158155,43.65
2015-03-22 10:30:00,6949800.0,999.48,-0.84,272.36,-1.88,92.6,5.74,5.32,0.42,3.32,5.32,1276.01,2.88,1.5526834961381366,48.19
2015-03-22 10:40:00,6950400.0,999.46,-0.8,272.4,-1.86,92.5,5.76,5.33,0.43,3.32,5.33,1275.79,3.61,1.6151657293831323,38.62
2015-03-22 10:50:00,6951000.0,999.59,-0.81,272.38,-1.86,92.5,5.76,5.33,0.43,3.32,5.33,1275.98,3.79,1.8151088757671174,42.73
2015-03-22 11:00:00,6951600.0,999.68,-0.71,272.47,-1.76,92.6,5.8,5.37,0.43,3.35,5.37,1275.63,3.82,1.7526266425221224,43.01
2015-03-22 11:10:00,6952200.0,999.74,-0.72,272.46,-1.77,92.6,5.79,5.36,0.43,3.34,5.37,1275.76,3.18,1.6901444092771267,34.4
2015-03-22 11:20:00,6952800.0,999.76,-0.64,272.54,-1.67,92.7,5.83,5.4,0.43,3.37,5.41,1275.36,2.83,1.3777332430521496,37.85
2015-03-22 11:30:00,6953400.0,999.79,-0.52,272.66,-1.57,92.6,5.88,5.44,0.44,3.39,5.45,1274.83,3.58,1.8276053224161166,49.96
2015-03-22 11:40:00,6954000.0,999.7,-0.55,272.64,-1.64,92.3,5.87,5.42,0.45,3.38,5.42,1274.85,3.59,1.8401017690651158,60.62
2015-03-22 11:50:00,6954600.0,999.61,-0.48,272.71,-1.55,92.4,5.9,5.45,0.45,3.4,5.45,1274.4,2.38,1.2277758832641605,64.16
2015-03-22 12:00:00,6955200.0,999.44,-0.37,272.83,-1.55,91.7,5.95,5.45,0.49,3.4,5.45,1273.68,1.96,1.2152794366151614,69.06
2015-03-22 12:10:00,6955800.0,999.39,-0.33,272.88,-1.7,90.4,5.96,5.39,0.57,3.36,5.39,1273.47,3.51,1.7901159824691195,52.52
2015-03-22 12:20:00,6956400.0,999.37,-0.29,272.92,-1.87,89.0,5.98,5.32,0.66,3.32,5.33,1273.28,3.96,1.865094662363114,58.5
2015-03-22 12:30:00,6957000.0,999.36,-0.19,273.02,-1.92,88.0,6.03,5.3,0.72,3.31,5.31,1272.79,3.51,1.8026124291181185,55.78
2015-03-22 12:40:00,6957600.0,999.41,-0.1,273.11,-1.96,87.2,6.07,5.29,0.78,3.3,5.29,1272.44,2.6,1.2652652232111576,73.4
2015-03-22 12:50:00,6958200.0,999.41,-0.03,273.18,-1.9,87.1,6.1,5.31,0.79,3.31,5.31,1272.11,2.58,1.3902296897011488,73.2
2015-03-22 13:00:00,6958800.0,999.31,-0.02,273.2,-2.01,86.4,6.1,5.27,0.83,3.29,5.27,1271.96,3.74,1.865094662363114,65.95
2015-03-22 13:10:00,6959400.0,999.22,0.03,273.25,-1.94,86.5,6.12,5.3,0.83,3.3,5.3,1271.6,3.48,1.7776195358201206,64.93
2015-03-22 13:20:00,6960000.0,999.21,0.12,273.34,-1.95,85.9,6.16,5.29,0.87,3.3,5.3,1271.2,2.57,1.2715134465356575,52.23
2015-03-22 13:30:00,6960600.0,999.1,0.14,273.37,-1.96,85.7,6.17,5.29,0.88,3.3,5.29,1270.94,2.98,1.5151941561911395,47.9
2015-03-22 13:40:00,6961200.0,998.98,0.23,273.47,-1.98,85.0,6.21,5.28,0.93,3.29,5.29,1270.37,2.9,1.5401870494891376,51.27
2015-03-22 13:50:00,6961800.0,998.91,0.3,273.54,-1.97,84.7,6.24,5.29,0.95,3.3,5.29,1269.98,3.01,1.4777048162441424,46.53
2015-03-22 14:00:00,6962400.0,998.84,0.42,273.67,-1.93,84.2,6.3,5.3,0.99,3.31,5.31,1269.33,2.89,1.5026977095421403,47.97
2015-03-22 14:10:00,6963000.0,998.73,0.44,273.7,-1.98,83.7,6.31,5.28,1.03,3.29,5.28,1269.1,2.86,1.5651799427871358,49.04
2015-03-22 14:20:00,6963600.0,998.67,0.52,273.78,-1.96,83.4,6.34,5.29,1.05,3.3,5.3,1268.66,2.23,1.0122121785689262,66.1
2015-03-22 14:30:00,6964200.0,998.65,0.61,273.88,-1.85,83.5,6.39,5.33,1.05,3.33,5.34,1268.15,2.81,1.4527119229461443,48.37
2015-03-22 14:40:00,6964800.0,998.6,0.57,273.84,-2.0,82.8,6.37,5.27,1.1,3.29,5.28,1268.32,4.13,1.727633749224124,40.46
2015-03-22 14:50:00,6965400.0,998.61,0.59,273.86,-1.95,83.0,6.38,5.29,1.08,3.3,5.3,1268.22,3.27,1.590172836085134,41.37
2015-03-22 15:00:00,6966000.0,998.58,0.64,273.92,-1.96,82.6,6.4,5.29,1.11,3.3,5.29,1267.95,3.24,1.4777048162441424,40.54
2015-03-22 15:10:00,6966600.0,998.42,0.63,273.91,-2.01,82.4,6.39,5.27,1.12,3.29,5.28,1267.85,3.17,1.5839246127606346,38.77
2015-03-22 15:20:00,6967200.0,998.33,0.65,273.94,-2.09,81.8,6.4,5.24,1.17,3.27,5.25,1267.65,3.46,1.496449486217641,37.5
2015-03-22 15:30:00,6967800.0,998.25,0.7,273.99,-2.09,81.5,6.42,5.24,1.19,3.27,5.25,1267.32,3.0,1.4589601462706436,48.28
2015-03-22 15:40:00,6968400.0,998.23,0.83,274.12,-2.01,81.2,6.49,5.27,1.22,3.29,5.28,1266.67,2.84,1.6151657293831323,53.89
2015-03-22 15:50:00,6969000.0,998.24,0.79,274.09,-2.1,80.9,6.47,5.23,1.24,3.27,5.24,1266.85,2.75,1.4777048162441424,75.4
2015-03-22 16:00:00,6969600.0,998.22,0.74,274.04,-2.15,80.9,6.44,5.21,1.23,3.26,5.22,1267.09,2.86,1.4027261363501478,64.49
2015-03-22 16:10:00,6970200.0,998.14,0.71,274.01,-2.25,80.5,6.43,5.18,1.25,3.23,5.19,1267.15,3.35,1.7401301958731232,41.07
2015-03-22 16:20:00,6970800.0,998.06,0.74,274.05,-2.25,80.3,6.44,5.17,1.27,3.23,5.18,1266.92,3.51,1.6651515159791286,46.91
2015-03-22 16:30:00,6971400.0,997.96,0.71,274.02,-2.32,80.1,6.43,5.15,1.28,3.22,5.16,1266.95,3.78,1.7526266425221224,39.32
2015-03-22 16:40:00,6972000.0,997.91,0.67,274.0,-2.33,80.2,6.41,5.14,1.27,3.21,5.15,1267.04,2.85,1.2902581165091558,79.8
2015-03-22 16:50:00,6972600.0,997.94,0.72,274.04,-2.32,80.0,6.44,5.15,1.29,3.22,5.16,1266.85,2.15,0.9872192852709281,96.7
2015-03-22 17:00:00,6973200.0,997.82,0.72,274.05,-2.42,79.4,6.44,5.11,1.33,3.19,5.12,1266.73,2.31,0.9872192852709281,77.0
2015-03-22 17:10:00,6973800.0,997.73,0.7,274.04,-2.37,79.8,6.43,5.13,1.3,3.2,5.14,1266.69,1.87,1.0372050718669243,104.4
2015-03-22 17:20:00,6974400.0,997.74,0.73,274.07,-2.31,80.0,6.44,5.15,1.29,3.22,5.16,1266.55,1.57,0.7372903522909462,63.64
2015-03-22 17:30:00,6975000.0,997.78,0.72,274.06,-2.18,80.8,6.44,5.2,1.24,3.25,5.21,1266.6,2.09,1.140300756721167,93.9
2015-03-22 17:40:00,6975600.0,997.77,0.64,273.98,-2.23,81.0,6.4,5.18,1.22,3.24,5.2,1266.98,1.82,0.9997157319199271,72.2
2015-03-22 17:50:00,6976200.0,997.73,0.56,273.9,-2.39,80.5,6.36,5.12,1.24,3.2,5.13,1267.34,2.14,1.0653220768271723,50.76
2015-03-22 18:00:00,6976800.0,997.76,0.5,273.83,-2.35,81.1,6.33,5.14,1.2,3.21,5.15,1267.68,1.93,0.9122406053769334,74.4
2015-03-22 18:10:00,6977400.0,997.8,0.54,273.87,-2.27,81.4,6.35,5.17,1.18,3.23,5.18,1267.52,2.06,0.9122406053769334,111.7
2015-03-22 18:20:00,6978000.0,997.73,0.53,273.87,-2.29,81.3,6.35,5.16,1.19,3.22,5.17,1267.47,1.63,0.8747512654299362,121.9
2015-03-22 18:30:00,6978600.0,997.72,0.47,273.8,-2.4,81.0,6.32,5.12,1.2,3.2,5.13,1267.77,1.71,1.0372050718669243,114.1
2015-03-22 18:40:00,6979200.0,997.77,0.35,273.69,-2.53,80.9,6.27,5.07,1.2,3.17,5.08,1268.37,2.04,1.0778185234761715,80.7
2015-03-22 18:50:00,6979800.0,997.75,0.32,273.66,-2.53,81.1,6.25,5.07,1.18,3.17,5.08,1268.5,2.05,0.9247370520259326,60.81
2015-03-22 19:00:00,6980400.0,997.73,0.29,273.62,-2.43,81.9,6.24,5.11,1.13,3.19,5.12,1268.61,2.08,1.0497015185159235,99.7
2015-03-22 19:10:00,6981000.0,997.7,0.29,273.63,-2.46,81.7,6.24,5.1,1.14,3.18,5.11,1268.56,1.12,0.7872761388869426,128.8
2015-03-22 19:20:00,6981600.0,997.61,0.21,273.56,-2.48,82.0,6.2,5.09,1.12,3.18,5.1,1268.82,1.02,0.5498436525559599,110.6
2015-03-22 19:30:00,6982200.0,997.59,0.14,273.49,-2.45,82.6,6.17,5.1,1.07,3.18,5.11,1269.11,1.18,0.6873045656949499,133.0
2015-03-22 19:40:00,6982800.0,997.61,0.13,273.47,-2.45,82.7,6.16,5.1,1.07,3.18,5.11,1269.21,2.0,0.9872192852709281,147.0
2015-03-22 19:50:00,6983400.0,997.61,0.06,273.4,-2.5,82.8,6.13,5.08,1.05,3.17,5.09,1269.55,1.29,0.6623116723969518,132.1
2015-03-22 20:00:00,6984000.0,997.62,0.07,273.42,-2.59,82.2,6.14,5.05,1.09,3.15,5.06,1269.5,0.51,0.6060776624764558,105.8
2015-03-22 20:10:00,6984600.0,997.63,-0.18,273.16,-2.74,82.8,6.03,4.99,1.04,3.12,5.0,1270.71,0.77,0.44987207936396717,41.12
2015-03-22 20:20:00,6985200.0,997.6,-0.28,273.06,-2.71,83.6,5.98,5.0,0.98,3.12,5.01,1271.15,1.04,0.44987207936396717,69.95
2015-03-22 20:30:00,6985800.0,997.59,-0.48,272.87,-2.76,84.5,5.9,4.98,0.91,3.11,4.99,1272.07,0.96,0.42487918606596903,54.53
2015-03-22 20:40:00,6986400.0,997.57,-0.58,272.77,-2.77,85.0,5.86,4.98,0.88,3.11,4.99,1272.49,0.18,0.17495025308598727,3.54
2015-03-22 20:50:00,6987000.0,997.56,-0.86,272.5,-2.87,86.1,5.74,4.94,0.8,3.09,4.95,1273.79,0.44,0.21243959303298451,232.7
2015-03-22 21:00:00,6987600.0,997.52,-0.94,272.41,-2.89,86.5,5.7,4.93,0.77,3.08,4.94,1274.14,0.57,0.2874182729269791,221.0
2015-03-22 21:10:00,6988200.0,997.48,-0.94,272.41,-2.84,86.9,5.7,4.95,0.75,3.09,4.97,1274.1,1.05,0.5248507592579618,234.2
2015-03-22 21:20:00,6988800.0,997.5,-0.88,272.48,-2.88,86.2,5.73,4.94,0.79,3.08,4.95,1273.83,0.89,0.34365228284747495,222.2
2015-03-22 21:30:00,6989400.0,997.43,-1.06,272.3,-3.06,86.2,5.65,4.87,0.78,3.04,4.89,1274.61,0.55,0.3124111662249772,239.2
2015-03-22 21:40:00,6990000.0,997.36,-1.29,272.07,-3.13,87.2,5.56,4.84,0.71,3.03,4.86,1275.63,0.44,0.22493603968198359,340.5
2015-03-22 21:50:00,6990600.0,997.36,-1.44,271.93,-3.04,88.8,5.5,4.88,0.62,3.05,4.89,1276.3,0.47,0.22493603968198359,92.8
2015-03-22 22:00:00,6991200.0,997.27,-1.39,271.98,-2.97,88.9,5.52,4.9,0.61,3.06,4.92,1275.94,0.24,0.12496446648999089,123.0
2015-03-22 22:10:00,6991800.0,997.25,-1.57,271.81,-3.21,88.5,5.44,4.82,0.63,3.01,4.83,1276.78,0.18,0.10621979651649226,347.0
2015-03-22 22:20:00,6992400.0,997.22,-1.59,271.79,-3.18,88.8,5.44,4.83,0.61,3.02,4.84,1276.85,0.35,0.22493603968198359,98.0
2015-03-22 22:30:00,6993000.0,997.1,-1.72,271.66,-3.21,89.5,5.38,4.82,0.57,3.01,4.83,1277.35,0.4,0.27492182627797995,87.6
2015-03-22 22:40:00,6993600.0,997.07,-1.86,271.53,-3.38,89.3,5.33,4.76,0.57,2.97,4.77,1277.97,1.1,0.5186025359334622,215.7
2015-03-22 22:50:00,6994200.0,997.02,-1.98,271.41,-3.38,90.1,5.28,4.76,0.52,2.97,4.77,1278.48,1.11,0.5123543126089626,209.7
2015-03-22 23:00:00,6994800.0,996.94,-2.0,271.39,-3.34,90.5,5.27,4.77,0.5,2.98,4.78,1278.48,0.99,0.5373472059069608,229.6
2015-03-22 23:10:00,6995400.0,996.76,-1.84,271.57,-3.13,90.8,5.34,4.85,0.49,3.03,4.86,1277.43,0.28,0.1562055831124886,318.1
2015-03-22 23:20:00,6996000.0,996.67,-1.54,271.88,-2.98,89.9,5.45,4.9,0.55,3.07,4.92,1275.9,0.48,0.3061629429004777,38.12
2015-03-22 23:30:00,6996600.0,996.6,-1.64,271.79,-3.1,89.7,5.42,4.86,0.56,3.04,4.87,1276.28,0.64,0.4311274093904685,36.12
2015-03-22 23:40:00,6997200.0,996.41,-1.5,271.94,-2.9,90.1,5.47,4.93,0.54,3.08,4.95,1275.33,0.31,0.19994314638398542,191.1
2015-03-22 23:50:00,6997800.0,996.25,-1.74,271.72,-3.17,89.9,5.38,4.83,0.54,3.02,4.85,1276.29,0.3,0.21243959303298451,340.6
2015-03-23 00:00:00,6998400.0,996.15,-1.86,271.6,-3.11,91.1,5.33,4.85,0.47,3.04,4.87,1276.72,0.89,0.39988629276797083,8.78
2015-03-23 00:10:00,6999000.0,996.02,-1.86,271.61,-3.1,91.2,5.33,4.86,0.47,3.04,4.88,1276.59,0.31,0.18744669973498632,196.6
2015-03-23 00:20:00,6999600.0,995.92,-1.96,271.51,-3.26,90.8,5.29,4.8,0.49,3.0,4.82,1276.96,0.35,0.18744669973498632,191.7
2015-03-23 00:30:00,7000200.0,995.82,-1.95,271.53,-3.19,91.2,5.29,4.82,0.47,3.02,4.84,1276.78,0.2,0.14995735978798905,257.3
2015-03-23 00:40:00,7000800.0,995.7,-1.9,271.59,-3.15,91.1,5.31,4.84,0.47,3.03,4.86,1276.38,0.23,0.13746091313898998,153.1
2015-03-23 00:50:00,7001400.0,995.63,-1.97,271.53,-3.32,90.4,5.29,4.78,0.51,2.99,4.8,1276.61,0.21,0.13746091313898998,27.07
2015-03-23 01:00:00,7002000.0,995.53,-2.18,271.32,-3.39,91.4,5.2,4.75,0.45,2.98,4.77,1277.52,0.39,0.19994314638398542,39.55
2015-03-23 01:10:00,7002600.0,995.42,-2.2,271.31,-3.31,92.1,5.19,4.78,0.41,2.99,4.8,1277.46,0.17,0.09997157319199271,320.1
2015-03-23 01:20:00,7003200.0,995.3,-2.03,271.5,-3.17,91.8,5.26,4.83,0.43,3.02,4.85,1276.45,0.33,0.19369492305948588,46.16
2015-03-23 01:30:00,7003800.0,995.14,-2.27,271.27,-3.38,92.0,5.17,4.76,0.41,2.98,4.78,1277.39,0.4,0.22493603968198359,64.01
2015-03-23 01:40:00,7004400.0,995.07,-2.44,271.11,-3.58,91.8,5.1,4.69,0.42,2.93,4.71,1278.14,0.26,0.17495025308598727,358.6
2015-03-23 01:50:00,7005000.0,994.96,-2.53,271.02,-3.52,92.9,5.07,4.71,0.36,2.95,4.73,1278.46,0.37,0.18744669973498632,44.96
2015-03-23 02:00:00,7005600.0,994.84,-2.71,270.85,-3.65,93.2,5.0,4.66,0.34,2.92,4.69,1279.16,0.22,0.18744669973498632,18.93
2015-03-23 02:10:00,7006200.0,994.77,-2.7,270.87,-3.55,93.8,5.0,4.69,0.31,2.94,4.72,1279.01,0.29,0.19994314638398542,27.87
2015-03-23 02:20:00,7006800.0,994.71,-2.71,270.86,-3.46,94.5,5.0,4.73,0.28,2.96,4.75,1278.95,0.16,0.11246801984099179,18.83
2015-03-23 02:30:00,7007400.0,994.66,-2.66,270.92,-3.56,93.5,5.02,4.69,0.33,2.94,4.72,1278.66,0.21,0.12496446648999089,311.9
2015-03-23 02:40:00,7008000.0,994.52,-2.96,270.63,-3.87,93.4,4.91,4.59,0.32,2.87,4.61,1279.95,0.58,0.2811700496024795,212.2
2015-03-23 02:50:00,7008600.0,994.36,-3.0,270.6,-3.82,94.0,4.89,4.6,0.29,2.88,4.63,1279.95,0.59,0.2874182729269791,202.5
2015-03-23 03:00:00,7009200.0,994.21,-3.09,270.52,-3.89,94.2,4.86,4.58,0.28,2.87,4.6,1280.2,0.38,0.22493603968198359,220.8
2015-03-23 03:10:00,7009800.0,994.12,-2.96,270.66,-3.68,94.7,4.91,4.65,0.26,2.91,4.68,1279.42,0.19,0.09997157319199271,170.8
2015-03-23 03:20:00,7010400.0,994.11,-2.94,270.68,-3.72,94.3,4.92,4.64,0.28,2.91,4.66,1279.31,0.23,0.14995735978798905,180.9
2015-03-23 03:30:00,7011000.0,994.01,-2.94,270.68,-3.77,94.0,4.91,4.62,0.29,2.9,4.65,1279.21,0.24,0.13746091313898998,190.9
2015-03-23 03:40:00,7011600.0,993.85,-2.92,270.72,-3.74,94.0,4.92,4.63,0.3,2.9,4.66,1278.88,0.62,0.36239695282097356,196.1
2015-03-23 03:50:00,7012200.0,993.71,-2.95,270.7,-3.75,94.2,4.91,4.63,0.28,2.9,4.66,1278.87,1.16,0.44987207936396717,213.2
2015-03-23 04:00:00,7012800.0,993.58,-2.98,270.68,-3.75,94.4,4.9,4.63,0.27,2.9,4.66,1278.83,1.07,0.5373472059069608,196.0
2015-03-23 04:10:00,7013400.0,993.44,-3.06,270.61,-3.82,94.5,4.87,4.6,0.27,2.89,4.63,1279.06,1.27,0.5248507592579618,212.9
2015-03-23 04:20:00,7014000.0,993.33,-3.13,270.54,-3.89,94.5,4.84,4.58,0.27,2.87,4.61,1279.27,1.35,0.5248507592579618,211.9
2015-03-23 04:30:00,7014600.0,993.27,-3.2,270.48,-3.94,94.6,4.82,4.56,0.26,2.86,4.59,1279.51,1.14,0.5186025359334622,213.0
2015-03-23 04:40:00,7015200.0,993.2,-3.23,270.46,-3.95,94.7,4.81,4.56,0.26,2.86,4.59,1279.54,1.02,0.4373756327149681,214.4
2015-03-23 04:50:00,7015800.0,993.16,-3.27,270.42,-3.98,94.8,4.8,4.55,0.25,2.85,4.58,1279.69,0.96,0.39988629276797083,227.0
2015-03-23 05:00:00,7016400.0,993.07,-3.24,270.46,-3.94,94.9,4.81,4.56,0.25,2.86,4.59,1279.44,0.82,0.3311558361984759,212.4
2015-03-23 05:10:00,7017000.0,993.01,-3.29,270.42,-3.99,94.8,4.79,4.54,0.25,2.85,4.57,1279.58,1.05,0.5310989825824612,207.7
2015-03-23 05:20:00,7017600.0,992.94,-3.38,270.33,-4.07,94.9,4.76,4.51,0.24,2.83,4.55,1279.95,1.22,0.49985786595996357,218.1
2015-03-23 05:30:00,7018200.0,992.94,-3.41,270.3,-4.09,95.0,4.75,4.51,0.24,2.83,4.54,1280.09,0.82,0.38738984611897176,213.1
2015-03-23 05:40:00,7018800.0,992.92,-3.39,270.32,-4.06,95.1,4.75,4.52,0.23,2.84,4.55,1279.99,0.98,0.39988629276797083,220.4
2015-03-23 05:50:00,7019400.0,992.91,-3.36,270.35,-4.04,95.0,4.76,4.53,0.24,2.84,4.56,1279.8,0.56,0.2624253796289809,224.8
2015-03-23 06:00:00,7020000.0,992.92,-3.34,270.37,-4.07,94.7,4.77,4.52,0.25,2.83,4.55,1279.76,0.41,0.23743248633098268,222.5
2015-03-23 06:10:00,7020600.0,992.93,-3.34,270.37,-4.06,94.7,4.77,4.52,0.25,2.84,4.55,1279.73,0.36,0.24992893297998178,187.2
2015-03-23 06:20:00,7021200.0,992.92,-3.41,270.3,-4.16,94.5,4.74,4.48,0.26,2.81,4.52,1280.1,0.5,0.36239695282097356,187.8
2015-03-23 06:30:00,7021800.0,992.87,-3.59,270.12,-4.35,94.4,4.68,4.42,0.26,2.77,4.45,1280.91,0.87,0.44987207936396717,204.7
2015-03-23 06:40:00,7022400.0,992.86,-3.66,270.05,-4.37,94.8,4.66,4.42,0.24,2.77,4.45,1281.23,0.56,0.2999147195759781,164.5
2015-03-23 06:50:00,7023000.0,992.92,-3.67,270.04,-4.36,94.9,4.65,4.42,0.24,2.77,4.45,1281.34,0.68,0.3374040595229754,149.3
2015-03-23 07:00:00,7023600.0,992.99,-3.71,269.99,-4.4,94.9,4.64,4.4,0.24,2.76,4.43,1281.64,0.54,0.2874182729269791,145.4
2015-03-23 07:10:00,7024200.0,993.06,-3.55,270.15,-4.23,95.0,4.7,4.46,0.23,2.8,4.49,1280.95,0.4,0.27492182627797995,118.9
2015-03-23 07:20:00,7024800.0,993.07,-3.38,270.32,-4.1,94.7,4.76,4.51,0.25,2.83,4.54,1280.12,0.7,0.37489339946997263,141.1
2015-03-23 07:30:00,7025400.0,993.02,-3.23,270.47,-3.97,94.6,4.81,4.55,0.26,2.85,4.58,1279.34,0.56,0.34990050617197455,153.9
2015-03-23 07:40:00,7026000.0,992.94,-3.22,270.48,-4.0,94.3,4.81,4.54,0.27,2.85,4.57,1279.2,0.56,0.3311558361984759,155.4
2015-03-23 07:50:00,7026600.0,992.89,-2.83,270.89,-3.61,94.3,4.96,4.68,0.28,2.93,4.71,1277.19,0.59,0.3374040595229754,163.9
2015-03-23 08:00:00,7027200.0,992.82,-2.39,271.33,-3.37,92.9,5.12,4.76,0.36,2.99,4.79,1274.99,0.7,0.38738984611897176,199.5
2015-03-23 08:10:00,7027800.0,992.76,-1.86,271.87,-3.11,91.1,5.33,4.85,0.47,3.05,4.89,1272.38,0.84,0.42487918606596903,165.3
2015-03-23 08:20:00,7028400.0,992.72,-1.03,272.7,-2.86,87.3,5.66,4.94,0.72,3.1,4.98,1268.43,0.55,0.38738984611897176,183.1
2015-03-23 08:30:00,7029000.0,992.67,-0.67,273.07,-2.89,84.8,5.82,4.93,0.88,3.1,4.97,1266.67,0.81,0.41238273941696996,150.0
2015-03-23 08:40:00,7029600.0,992.61,-0.37,273.37,-2.81,83.5,5.94,4.96,0.98,3.12,5.0,1265.2,0.81,0.49360964263546403,134.2
2015-03-23 08:50:00,7030200.0,992.56,-0.45,273.3,-2.81,84.0,5.91,4.97,0.95,3.12,5.0,1265.49,1.15,0.5498436525559599,134.4
2015-03-23 09:00:00,7030800.0,992.47,-0.46,273.29,-2.61,85.3,5.91,5.04,0.87,3.16,5.08,1265.4,1.12,0.5998294391519562,112.6
2015-03-23 09:10:00,7031400.0,992.42,0.11,273.87,-2.08,85.1,6.16,5.24,0.92,3.29,5.28,1262.58,0.89,0.5373472059069608,120.7
2015-03-23 09:20:00,7032000.0,992.38,0.7,274.46,-1.94,82.4,6.43,5.3,1.13,3.33,5.34,1259.79,0.97,0.49985786595996357,104.8
2015-03-23 09:30:00,7032600.0,992.35,1.02,274.78,-1.73,81.8,6.58,5.38,1.2,3.38,5.42,1258.27,0.96,0.49360964263546403,96.7
2015-03-23 09:40:00,7033200.0,992.33,1.55,275.31,-1.36,80.9,6.83,5.53,1.31,3.47,5.57,1255.74,1.01,0.6873045656949499,119.5
2015-03-23 09:50:00,7033800.0,992.32,1.93,275.69,-1.23,79.5,7.02,5.58,1.44,3.51,5.63,1253.97,1.04,0.5998294391519562,117.2
2015-03-23 10:00:00,7034400.0,992.24,2.43,276.21,-0.8,79.1,7.28,5.76,1.52,3.62,5.8,1251.48,1.09,0.7247939056419471,149.3
2015-03-23 10:10:00,7035000.0,992.2,3.38,277.16,-0.36,76.4,7.79,5.95,1.84,3.74,6.0,1247.06,0.85,0.6123258858009554,168.5
2015-03-23 10:20:00,7035600.0,992.1,4.14,277.93,-0.06,74.0,8.22,6.08,2.14,3.82,6.13,1243.46,0.97,0.6435670024234531,174.2
2015-03-23 10:30:00,7036200.0,992.0,4.54,278.34,0.1,72.8,8.45,6.15,2.3,3.87,6.2,1241.5,1.17,0.712297458992948,137.0
2015-03-23 10:40:00,7036800.0,991.91,4.68,278.49,0.41,73.7,8.54,6.29,2.25,3.96,6.34,1240.68,1.12,0.7247939056419471,114.3
2015-03-23 10:50:00,7037400.0,991.75,5.45,279.27,0.84,72.1,9.0,6.49,2.51,4.08,6.55,1236.99,1.11,0.5998294391519562,146.8
2015-03-23 11:00:00,7038000.0,991.59,6.38,280.22,1.24,69.57,9.61,6.68,2.92,4.2,6.74,1232.57,1.05,0.6248223324499544,150.9
2015-03-23 11:10:00,7038600.0,991.43,6.7,280.55,1.47,69.16,9.82,6.79,3.03,4.27,6.85,1230.9,1.12,0.6498152257479527,116.0
2015-03-23 11:20:00,7039200.0,991.31,7.18,281.04,1.84,68.75,10.15,6.98,3.17,4.39,7.04,1228.56,0.91,0.5935812158274567,137.7
2015-03-23 11:30:00,7039800.0,991.15,7.94,281.82,2.09,66.45,10.69,7.11,3.59,4.47,7.17,1224.98,1.02,0.562340099204959,143.6
2015-03-23 11:40:00,7040400.0,990.99,8.36,282.25,2.37,65.88,11.0,7.25,3.75,4.56,7.32,1222.89,0.89,0.6373187790989535,110.7
2015-03-23 11:50:00,7041000.0,990.84,8.55,282.45,2.47,65.46,11.15,7.3,3.85,4.59,7.36,1221.85,1.31,0.7497867989399453,152.0
2015-03-23 12:00:00,7041600.0,990.7,8.4,282.31,2.36,65.64,11.03,7.24,3.79,4.56,7.31,1222.36,1.46,0.6810563423704504,82.0
2015-03-23 12:10:00,7042200.0,990.58,8.0,281.92,2.41,67.69,10.74,7.27,3.47,4.58,7.34,1223.94,1.41,0.7372903522909462,28.98
2015-03-23 12:20:00,7042800.0,990.5,8.09,282.02,2.42,67.33,10.8,7.27,3.53,4.58,7.34,1223.44,1.38,0.5998294391519562,49.74
2015-03-23 12:30:00,7043400.0,990.34,8.28,282.22,2.44,66.53,10.95,7.28,3.66,4.59,7.35,1222.42,1.5,0.712297458992948,24.0
2015-03-23 12:40:00,7044000.0,990.24,8.51,282.46,2.42,65.42,11.12,7.27,3.84,4.58,7.34,1221.3,1.28,0.6560634490724522,75.9
2015-03-23 12:50:00,7044600.0,990.1,8.83,282.79,2.4,63.91,11.36,7.26,4.1,4.57,7.33,1219.74,0.73,0.7060492356684485,96.9
2015-03-23 13:00:00,7045200.0,989.95,9.31,283.29,2.5,62.33,11.74,7.32,4.42,4.61,7.39,1217.46,1.03,0.5998294391519562,76.7
2015-03-23 13:10:00,7045800.0,989.83,9.26,283.25,2.37,61.97,11.7,7.25,4.45,4.57,7.32,1217.56,0.99,0.44987207936396717,95.0
2015-03-23 13:20:00,7046400.0,989.7,9.38,283.38,2.38,61.5,11.79,7.25,4.54,4.57,7.33,1216.88,1.43,0.6123258858009554,25.9
2015-03-23 13:30:00,7047000.0,989.56,9.29,283.3,2.34,61.72,11.72,7.23,4.49,4.56,7.31,1217.1,1.8,0.9122406053769334,22.37
2015-03-23 13:40:00,7047600.0,989.45,9.32,283.34,2.28,61.34,11.74,7.2,4.54,4.54,7.28,1216.85,1.71,1.0122121785689262,27.31
2015-03-23 13:50:00,7048200.0,989.25,9.57,283.61,2.12,59.61,11.94,7.12,4.82,4.49,7.2,1215.57,1.2,0.6998010123439491,85.3
2015-03-23 14:00:00,7048800.0,989.08,9.91,283.96,2.12,58.28,12.22,7.12,5.1,4.49,7.2,1213.9,0.66,0.49985786595996357,78.3
2015-03-23 14:10:00,7049400.0,988.96,10.59,284.65,2.21,56.04,12.79,7.17,5.62,4.52,7.25,1210.82,0.58,0.36239695282097356,50.04
2015-03-23 14:20:00,7050000.0,988.79,10.94,285.02,2.34,55.24,13.09,7.23,5.86,4.56,7.31,1209.09,1.07,0.7372903522909462,197.4
2015-03-23 14:30:00,7050600.0,988.63,11.04,285.13,2.28,54.65,13.18,7.2,5.98,4.54,7.28,1208.48,1.05,0.6873045656949499,242.2
2015-03-23 14:40:00,7051200.0,988.43,11.14,285.25,2.28,54.29,13.27,7.2,6.06,4.54,7.29,1207.81,1.08,0.6498152257479527,231.3
2015-03-23 14:50:00,7051800.0,988.27,11.11,285.23,2.18,54.0,13.24,7.15,6.09,4.51,7.23,1207.77,1.24,0.9247370520259326,214.5
2015-03-23 15:00:00,7052400.0,988.1,11.23,285.37,2.06,53.11,13.35,7.09,6.26,4.47,7.17,1207.08,1.08,0.7622832455889444,254.0
2015-03-23 15:10:00,7053000.0,987.97,11.12,285.27,1.71,52.17,13.25,6.91,6.34,4.36,7.0,1207.47,1.22,0.6498152257479527,216.0
2015-03-23 15:20:00,7053600.0,987.84,11.17,285.33,1.71,51.99,13.29,6.91,6.38,4.36,7.0,1207.1,2.22,1.1746659850059142,174.3
2015-03-23 15:30:00,7054200.0,987.7,11.01,285.18,1.65,52.33,13.15,6.88,6.27,4.35,6.97,1207.62,3.66,1.6151657293831323,171.3
2015-03-23 15:40:00,7054800.0,987.57,10.86,285.04,1.69,53.03,13.02,6.91,6.12,4.36,6.99,1208.09,2.87,1.5026977095421403,179.4
2015-03-23 15:50:00,7055400.0,987.44,10.94,285.13,1.81,53.19,13.09,6.96,6.13,4.4,7.05,1207.56,2.9,1.4527119229461443,185.2
2015-03-23 16:00:00,7056000.0,987.36,11.04,285.24,1.51,51.7,13.18,6.81,6.37,4.3,6.9,1207.11,2.63,1.1746659850059142,167.5
2015-03-23 16:10:00,7056600.0,987.26,11.08,285.28,1.07,49.95,13.21,6.6,6.61,4.17,6.69,1206.91,2.54,1.262141111548908,189.3
2015-03-23 16:20:00,7057200.0,987.11,11.08,285.3,1.28,50.71,13.21,6.7,6.51,4.23,6.79,1206.68,2.12,1.1371766450589171,167.9
2015-03-23 16:30:00,7057800.0,986.96,11.13,285.36,1.48,51.28,13.26,6.8,6.46,4.3,6.89,1206.24,2.43,1.1371766450589171,156.1
2015-03-23 16:40:00,7058400.0,986.89,10.97,285.2,1.52,52.0,13.12,6.82,6.3,4.31,6.91,1206.83,1.62,0.8747512654299362,200.9
2015-03-23 16:50:00,7059000.0,986.79,10.86,285.1,1.5,52.29,13.02,6.81,6.21,4.3,6.9,1207.18,1.22,0.5498436525559599,211.3
2015-03-23 17:00:00,7059600.0,986.73,10.94,285.19,1.39,51.59,13.09,6.75,6.34,4.27,6.84,1206.79,1.06,0.5685883225294586,174.8
2015-03-23 17:10:00,7060200.0,986.66,10.97,285.22,1.26,51.03,13.12,6.69,6.42,4.23,6.78,1206.6,1.29,0.6560634490724522,185.9
2015-03-23 17:20:00,7060800.0,986.55,10.78,285.04,1.19,51.42,12.95,6.66,6.29,4.21,6.75,1207.29,1.33,0.562340099204959,214.7
2015-03-23 17:30:00,7061400.0,986.54,10.67,284.93,1.34,52.34,12.86,6.73,6.13,4.25,6.82,1207.71,1.14,0.4623685260129663,201.2
2015-03-23 17:40:00,7062000.0,986.53,10.59,284.85,1.75,54.19,12.79,6.93,5.86,4.38,7.02,1207.95,1.31,0.5498436525559599,189.5
2015-03-23 17:50:00,7062600.0,986.45,10.26,284.53,2.02,56.51,12.51,7.07,5.44,4.47,7.17,1209.19,1.14,0.5498436525559599,197.7
2015-03-23 18:00:00,7063200.0,986.38,9.99,284.26,2.16,58.13,12.29,7.14,5.14,4.52,7.24,1210.23,0.85,0.39988629276797083,197.4
2015-03-23 18:10:00,7063800.0,986.3,9.79,284.07,1.92,57.91,12.12,7.02,5.1,4.44,7.12,1211.04,0.98,0.4373756327149681,212.8
2015-03-23 18:20:00,7064400.0,986.33,9.63,283.91,1.82,58.1,11.99,6.97,5.02,4.41,7.06,1211.79,1.09,0.47486497266196537,208.3
2015-03-23 18:30:00,7065000.0,986.29,9.5,283.78,1.68,58.02,11.89,6.9,4.99,4.36,6.99,1212.33,1.26,0.5998294391519562,212.2
2015-03-23 18:40:00,7065600.0,986.17,9.32,283.61,1.65,58.62,11.74,6.88,4.86,4.35,6.98,1212.96,1.14,0.49985786595996357,221.7
2015-03-23 18:50:00,7066200.0,986.06,9.16,283.46,1.54,58.79,11.62,6.83,4.79,4.32,6.93,1213.53,1.46,0.5873329925029571,236.0
2015-03-23 19:00:00,7066800.0,986.07,9.03,283.32,1.43,58.83,11.52,6.78,4.74,4.28,6.87,1214.13,1.36,0.5998294391519562,235.2
2015-03-23 19:10:00,7067400.0,986.08,8.8,283.09,1.38,59.55,11.34,6.75,4.59,4.27,6.85,1215.15,1.05,0.5123543126089626,220.3
2015-03-23 19:20:00,7068000.0,986.07,8.45,282.74,1.39,61.0,11.07,6.75,4.32,4.27,6.85,1216.64,0.54,0.36239695282097356,223.9
2015-03-23 19:30:00,7068600.0,986.06,8.1,282.39,1.36,62.37,10.81,6.74,4.07,4.26,6.84,1218.15,0.45,0.2999147195759781,195.9
2015-03-23 19:40:00,7069200.0,986.05,7.67,281.96,1.23,63.6,10.5,6.68,3.82,4.22,6.77,1220.03,1.07,0.47486497266196537,223.2
2015-03-23 19:50:00,7069800.0,985.99,7.67,281.97,1.39,64.34,10.5,6.76,3.74,4.27,6.85,1219.92,0.44,0.29366649625147856,203.9
2015-03-23 20:00:00,7070400.0,985.96,7.35,281.65,1.26,65.16,10.27,6.69,3.58,4.23,6.79,1221.31,1.1,0.5373472059069608,235.9
2015-03-23 20:10:00,7071000.0,985.93,6.9,281.2,1.19,66.83,9.96,6.66,3.3,4.21,6.75,1223.23,0.75,0.38738984611897176,223.4
2015-03-23 20:20:00,7071600.0,985.93,6.61,280.91,1.22,68.38,9.76,6.68,3.09,4.22,6.77,1224.5,1.56,0.6748081190459508,223.0
2015-03-23 20:30:00,7072200.0,985.92,6.3,280.6,1.35,70.5,9.56,6.74,2.82,4.26,6.83,1225.81,1.42,0.562340099204959,208.3
2015-03-23 20:40:00,7072800.0,985.92,6.1,280.39,1.54,72.5,9.42,6.83,2.59,4.32,6.93,1226.67,1.2,0.5373472059069608,212.1
2015-03-23 20:50:00,7073400.0,985.92,6.12,280.41,1.48,72.1,9.43,6.8,2.63,4.3,6.9,1226.6,1.03,0.5123543126089626,222.0
2015-03-23 21:00:00,7074000.0,985.92,5.98,280.27,1.43,72.5,9.34,6.77,2.57,4.29,6.87,1227.22,0.8,0.4373756327149681,210.2
2015-03-23 21:10:00,7074600.0,985.81,5.74,280.04,1.31,73.1,9.19,6.72,2.47,4.25,6.81,1228.17,0.46,0.2999147195759781,200.7
2015-03-23 21:20:00,7075200.0,985.81,5.3,279.6,1.32,75.4,8.91,6.72,2.19,4.25,6.82,1230.09,0.23,0.14995735978798905,210.3
2015-03-23 21:30:00,7075800.0,985.78,5.15,279.45,1.28,76.0,8.82,6.7,2.12,4.24,6.8,1230.75,1.33,0.6373187790989535,223.5
2015-03-23 21:40:00,7076400.0,985.69,5.11,279.42,1.32,76.4,8.8,6.72,2.08,4.25,6.82,1230.79,2.11,0.7622832455889444,231.2
2015-03-23 21:50:00,7077000.0,985.63,5.16,279.47,1.24,75.7,8.83,6.68,2.14,4.23,6.78,1230.52,0.95,0.5873329925029571,176.5
2015-03-23 22:00:00,7077600.0,985.56,4.64,278.96,1.19,78.2,8.51,6.66,1.86,4.21,6.76,1232.72,0.47,0.34990050617197455,164.3
2015-03-23 22:10:00,7078200.0,985.5,4.36,278.69,1.09,79.2,8.35,6.61,1.74,4.18,6.71,1233.91,1.3,0.6623116723969518,211.8
2015-03-23 22:20:00,7078800.0,985.41,4.17,278.5,1.18,80.8,8.23,6.65,1.58,4.21,6.75,1234.65,0.63,0.41238273941696996,179.3
2015-03-23 22:30:00,7079400.0,985.33,4.14,278.47,1.2,81.1,8.22,6.66,1.55,4.22,6.76,1234.67,0.49,0.24992893297998178,193.5
2015-03-23 22:40:00,7080000.0,985.29,4.36,278.7,1.26,80.2,8.34,6.69,1.65,4.24,6.79,1233.63,0.22,0.16245380643698817,73.7
2015-03-23 22:50:00,7080600.0,985.29,4.13,278.47,1.06,80.3,8.21,6.6,1.62,4.17,6.69,1234.68,0.5,0.39988629276797083,134.5
2015-03-23 23:00:00,7081200.0,985.25,3.84,278.18,1.08,82.1,8.05,6.61,1.44,4.18,6.7,1235.93,0.47,0.42487918606596903,131.8
2015-03-23 23:10:00,7081800.0,985.23,3.76,278.1,1.0,82.1,8.0,6.57,1.43,4.16,6.67,1236.27,0.3,0.19369492305948588,190.8
2015-03-23 23:20:00,7082400.0,985.18,3.62,277.97,1.0,82.9,7.92,6.57,1.35,4.16,6.67,1236.83,0.69,0.2999147195759781,222.8
2015-03-23 23:30:00,7083000.0,985.07,3.53,277.88,1.0,83.5,7.87,6.57,1.3,4.16,6.67,1237.13,0.64,0.27492182627797995,193.6
2015-03-23 23:40:00,7083600.0,984.99,3.55,277.91,0.97,83.1,7.88,6.55,1.33,4.15,6.65,1236.91,0.71,0.2999147195759781,199.5
2015-03-23 23:50:00,7084200.0,984.91,3.33,277.7,0.86,83.8,7.76,6.5,1.26,4.12,6.6,1237.82,0.97,0.4373756327149681,203.0
2015-03-24 00:00:00,7084800.0,984.87,3.1,277.47,0.87,85.2,7.64,6.51,1.13,4.12,6.61,1238.8,0.62,0.32490761287397635,170.8
2015-03-24 00:10:00,7085400.0,984.8,3.04,277.41,0.9,85.8,7.6,6.52,1.08,4.13,6.62,1239.0,0.58,0.37489339946997263,144.2
2015-03-24 00:20:00,7086000.0,984.8,2.97,277.34,0.9,86.2,7.56,6.52,1.04,4.13,6.62,1239.32,0.45,0.4623685260129663,178.1
2015-03-24 00:30:00,7086600.0,984.75,3.07,277.45,0.89,85.5,7.62,6.52,1.11,4.13,6.62,1238.77,0.32,0.14995735978798905,36.9
2015-03-24 00:40:00,7087200.0,984.7,2.87,277.25,0.84,86.4,7.51,6.49,1.02,4.11,6.59,1239.62,0.55,0.3374040595229754,157.6
2015-03-24 00:50:00,7087800.0,984.62,2.65,277.03,0.74,87.2,7.39,6.45,0.95,4.08,6.55,1240.55,0.74,0.37489339946997263,187.6
2015-03-24 01:00:00,7088400.0,984.58,2.7,277.09,0.84,87.5,7.42,6.49,0.93,4.11,6.6,1240.23,0.63,0.4873614193109645,354.8
2015-03-24 01:10:00,7089000.0,984.58,2.66,277.05,0.76,87.2,7.4,6.45,0.95,4.09,6.55,1240.44,0.83,0.46861674933746583,106.8
2015-03-24 01:20:00,7089600.0,984.57,2.43,276.81,0.65,88.0,7.28,6.4,0.87,4.06,6.5,1241.51,0.81,0.5248507592579618,136.5
2015-03-24 01:30:00,7090200.0,984.47,2.52,276.91,0.74,88.0,7.32,6.45,0.88,4.08,6.55,1240.95,0.32,0.32490761287397635,250.9
2015-03-24 01:40:00,7090800.0,984.46,2.61,277.01,0.75,87.5,7.37,6.45,0.92,4.09,6.55,1240.51,0.71,0.49985786595996357,219.7
2015-03-24 01:50:00,7091400.0,984.37,2.74,277.15,0.84,87.2,7.44,6.49,0.95,4.11,6.59,1239.78,0.49,0.2999147195759781,212.4
2015-03-24 02:00:00,7092000.0,984.32,2.89,277.3,0.82,86.2,7.52,6.48,1.04,4.11,6.59,1239.07,0.37,0.23118426300648315,233.7
2015-03-24 02:10:00,7092600.0,984.24,2.87,277.29,0.76,85.9,7.51,6.45,1.06,4.09,6.56,1239.06,0.58,0.38738984611897176,206.3
2015-03-24 02:20:00,7093200.0,984.19,2.83,277.25,0.74,86.1,7.49,6.45,1.04,4.08,6.55,1239.2,0.62,0.4061345160924704,194.2
2015-03-24 02:30:00,7093800.0,984.17,2.68,277.1,0.66,86.5,7.41,6.41,1.0,4.06,6.51,1239.85,0.43,0.2624253796289809,212.8
2015-03-24 02:40:00,7094400.0,984.09,2.47,276.9,0.52,86.9,7.3,6.34,0.96,4.02,6.45,1240.73,0.42,0.23743248633098268,145.7
2015-03-24 02:50:00,7095000.0,984.07,2.3,276.73,0.48,87.7,7.21,6.33,0.89,4.01,6.43,1241.47,0.55,0.2874182729269791,161.0
2015-03-24 03:00:00,7095600.0,984.01,2.29,276.72,0.53,88.1,7.21,6.35,0.86,4.02,6.45,1241.43,0.58,0.34990050617197455,162.3
2015-03-24 03:10:00,7096200.0,983.97,2.21,276.65,0.49,88.3,7.17,6.33,0.84,4.01,6.43,1241.75,0.45,0.3124111662249772,157.3
2015-03-24 03:20:00,7096800.0,983.85,2.02,276.47,0.3,88.3,7.07,6.24,0.83,3.96,6.34,1242.5,0.56,0.2624253796289809,128.3
2015-03-24 03:30:00,7097400.0,983.82,1.73,276.18,0.09,88.8,6.92,6.15,0.78,3.9,6.25,1243.8,0.83,0.46861674933746583,171.9
2015-03-24 03:40:00,7098000.0,983.71,1.55,276.01,0.11,90.1,6.84,6.16,0.68,3.9,6.26,1244.48,0.88,0.5186025359334622,203.0
2015-03-24 03:50:00,7098600.0,983.65,1.5,275.96,0.14,90.6,6.81,6.17,0.64,3.91,6.27,1244.63,0.69,0.37489339946997263,190.5
2015-03-24 04:00:00,7099200.0,983.61,1.4,275.86,0.07,90.8,6.76,6.14,0.62,3.89,6.24,1245.07,0.81,0.39988629276797083,165.0
2015-03-24 04:10:00,7099800.0,983.59,1.27,275.73,-0.01,91.1,6.7,6.1,0.6,3.87,6.2,1245.63,0.64,0.34990050617197455,171.2
2015-03-24 04:20:00,7100400.0,983.51,1.36,275.83,0.17,91.7,6.74,6.18,0.56,3.92,6.29,1245.08,0.78,0.5186025359334622,209.1
2015-03-24 04:30:00,7101000.0,983.46,1.41,275.88,0.21,91.7,6.76,6.2,0.56,3.93,6.31,1244.81,0.75,0.4873614193109645,166.4
2015-03-24 04:40:00,7101600.0,983.34,1.4,275.88,0.19,91.6,6.76,6.19,0.57,3.93,6.3,1244.68,0.75,0.44987207936396717,152.7
2015-03-24 04:50:00,7102200.0,983.24,1.27,275.76,0.01,91.3,6.7,6.11,0.58,3.88,6.22,1245.2,0.67,0.44987207936396717,162.0
2015-03-24 05:00:00,7102800.0,983.19,1.09,275.59,-0.08,91.8,6.61,6.07,0.54,3.85,6.17,1245.94,0.63,0.34990050617197455,160.0
2015-03-24 05:10:00,7103400.0,983.21,0.82,275.31,-0.41,91.4,6.48,5.93,0.56,3.76,6.03,1247.28,0.64,0.41238273941696996,184.6
2015-03-24 05:20:00,7104000.0,983.11,0.62,275.12,-0.48,92.3,6.39,5.9,0.49,3.74,6.0,1248.07,0.97,0.44987207936396717,191.0
2015-03-24 05:30:00,7104600.0,983.07,0.57,275.07,-0.45,92.9,6.36,5.91,0.45,3.75,6.01,1248.28,0.68,0.39988629276797083,196.3
2015-03-24 05:40:00,7105200.0,982.97,0.64,275.15,-0.25,93.7,6.4,6.0,0.4,3.8,6.1,1247.76,0.35,0.2624253796289809,207.6
2015-03-24 05:50:00,7105800.0,983.04,0.63,275.14,-0.35,93.1,6.4,5.95,0.44,3.78,6.06,1247.91,0.63,0.36239695282097356,191.5
2015-03-24 06:00:00,7106400.0,983.1,0.44,274.93,-0.53,93.2,6.31,5.88,0.43,3.73,5.98,1248.92,0.68,0.39988629276797083,199.6
2015-03-24 06:10:00,7107000.0,983.12,0.38,274.88,-0.53,93.6,6.28,5.88,0.4,3.73,5.98,1249.2,0.45,0.2874182729269791,187.4
2015-03-24 06:20:00,7107600.0,983.21,0.41,274.9,-0.51,93.5,6.29,5.88,0.41,3.73,5.99,1249.17,0.7,0.34990050617197455,191.8
2015-03-24 06:30:00,7108200.0,983.23,0.45,274.94,-0.44,93.7,6.31,5.91,0.4,3.75,6.01,1249.0,0.62,0.3374040595229754,232.9
2015-03-24 06:40:00,7108800.0,983.23,0.75,275.24,-0.11,93.9,6.45,6.06,0.39,3.84,6.16,1247.56,0.65,0.39988629276797083,174.1
2015-03-24 06:50:00,7109400.0,983.3,0.81,275.29,-0.22,92.8,6.48,6.01,0.47,3.81,6.11,1247.4,0.73,0.36239695282097356,185.3
2015-03-24 07:00:00,7110000.0,983.33,0.79,275.27,-0.25,92.7,6.47,6.0,0.47,3.8,6.1,1247.53,0.71,0.5498436525559599,168.2
2015-03-24 07:10:00,7110600.0,983.24,0.7,275.19,-0.41,92.2,6.43,5.93,0.5,3.76,6.03,1247.87,1.35,0.5873329925029571,145.0
2015-03-24 07:20:00,7111200.0,983.12,0.64,275.14,-0.42,92.6,6.4,5.93,0.47,3.76,6.03,1247.99,1.22,0.5748365458539582,149.1
2015-03-24 07:30:00,7111800.0,983.09,0.89,275.39,-0.09,93.1,6.52,6.07,0.45,3.85,6.17,1246.73,0.54,0.5373472059069608,133.8
2015-03-24 07:40:00,7112400.0,983.01,1.26,275.77,0.05,91.6,6.69,6.13,0.56,3.89,6.24,1244.93,0.56,0.34990050617197455,171.1
2015-03-24 07:50:00,7113000.0,983.01,1.23,275.74,-0.06,91.1,6.68,6.08,0.59,3.86,6.19,1245.1,0.66,0.48111319598646496,194.0
2015-03-24 08:00:00,7113600.0,983.02,1.4,275.91,0.08,90.9,6.76,6.14,0.62,3.9,6.25,1244.31,0.39,0.2999147195759781,165.0
2015-03-24 08:10:00,7114200.0,983.04,1.63,276.14,0.21,90.2,6.88,6.2,0.67,3.93,6.31,1243.24,0.65,0.44987207936396717,134.2
2015-03-24 08:20:00,7114800.0,982.95,1.88,276.39,0.37,89.7,7.0,6.28,0.72,3.98,6.38,1242.0,0.78,0.42487918606596903,137.3
2015-03-24 08:30:00,7115400.0,982.97,1.95,276.46,0.35,89.1,7.03,6.27,0.77,3.97,6.37,1241.71,0.78,0.44987207936396717,190.3
2015-03-24 08:40:00,7116000.0,982.9,2.22,276.74,0.56,88.7,7.17,6.36,0.81,4.04,6.47,1240.33,0.62,0.44987207936396717,191.5
2015-03-24 08:50:00,7116600.0,982.9,2.5,277.02,0.72,88.0,7.31,6.44,0.88,4.08,6.55,1239.06,0.78,0.49985786595996357,183.2
2015-03-24 09:00:00,7117200.0,982.86,2.81,277.34,0.85,86.9,7.48,6.5,0.98,4.12,6.61,1237.59,0.5,0.2999147195759781,180.9
2015-03-24 09:10:00,7117800.0,982.83,3.06,277.59,0.91,85.7,7.61,6.53,1.09,4.14,6.64,1236.4,1.2,0.5873329925029571,159.6
2015-03-24 09:20:00,7118400.0,982.78,3.1,277.64,1.05,86.3,7.64,6.59,1.05,4.18,6.71,1236.12,1.26,0.6873045656949499,186.3
2015-03-24 09:30:00,7119000.0,982.86,3.36,277.89,1.28,86.2,7.78,6.7,1.07,4.25,6.82,1235.03,0.91,0.5810847691784576,180.0
2015-03-24 09:40:00,7119600.0,982.81,3.72,278.26,1.49,85.3,7.98,6.8,1.17,4.32,6.92,1233.31,0.88,0.49985786595996357,158.3
2015-03-24 09:50:00,7120200.0,982.74,3.93,278.47,1.65,85.0,8.1,6.88,1.21,4.37,7.0,1232.25,1.2,0.6873045656949499,133.5
2015-03-24 10:00:00,7120800.0,982.72,4.24,278.78,1.9,84.7,8.27,7.01,1.27,4.45,7.13,1230.79,0.87,0.5248507592579618,128.4
2015-03-24 10:10:00,7121400.0,982.69,4.66,279.21,2.08,83.3,8.52,7.1,1.42,4.51,7.23,1228.83,0.83,0.5498436525559599,144.6
2015-03-24 10:20:00,7122000.0,982.66,5.16,279.72,2.22,81.2,8.83,7.17,1.66,4.55,7.3,1226.54,0.87,0.6248223324499544,122.3
2015-03-24 10:30:00,7122600.0,982.68,5.27,279.82,2.16,80.3,8.89,7.14,1.75,4.53,7.27,1226.13,1.04,0.5123543126089626,105.0
2015-03-24 10:40:00,7123200.0,982.68,5.55,280.11,2.37,79.9,9.07,7.25,1.82,4.6,7.38,1224.82,0.5,0.4373756327149681,83.6
2015-03-24 10:50:00,7123800.0,982.71,6.11,280.67,2.51,77.6,9.43,7.32,2.11,4.65,7.45,1222.37,0.7,0.42487918606596903,149.4
2015-03-24 11:00:00,7124400.0,982.64,6.32,280.88,2.27,75.2,9.57,7.2,2.37,4.57,7.32,1221.43,1.66,0.8997441587279343,212.1
2015-03-24 11:10:00,7125000.0,982.61,6.36,280.93,2.23,74.8,9.6,7.18,2.42,4.56,7.3,1221.22,2.31,1.0996873051119198,207.1
2015-03-24 11:20:00,7125600.0,982.51,6.61,281.19,2.21,73.4,9.76,7.17,2.6,4.55,7.29,1220.01,2.54,1.124680198409918,206.8
2015-03-24 11:30:00,7126200.0,982.48,6.72,281.3,2.11,72.3,9.84,7.11,2.73,4.52,7.24,1219.51,2.6,1.1996588783039124,213.9
2015-03-24 11:40:00,7126800.0,982.37,6.79,281.37,2.05,71.7,9.88,7.09,2.8,4.5,7.21,1219.11,2.39,1.1371766450589171,206.1
2015-03-24 11:50:00,7127400.0,982.42,6.83,281.41,1.97,71.1,9.91,7.05,2.86,4.47,7.17,1219.02,3.15,1.2996304514959054,206.8
2015-03-24 12:00:00,7128000.0,982.4,6.87,281.46,1.82,70.1,9.94,6.97,2.97,4.42,7.09,1218.83,3.21,1.5526834961381366,215.8
2015-03-24 12:10:00,7128600.0,982.46,6.93,281.51,1.68,69.14,9.98,6.9,3.08,4.38,7.02,1218.7,3.84,1.7588748658466218,203.6
2015-03-24 12:20:00,7129200.0,982.45,6.92,281.51,1.56,68.57,9.98,6.84,3.14,4.34,6.96,1218.73,3.93,1.6901444092771267,212.3
2015-03-24 12:30:00,7129800.0,982.37,6.96,281.55,1.57,68.43,10.0,6.84,3.16,4.34,6.97,1218.48,4.15,1.7651230891711214,202.0
2015-03-24 12:40:00,7130400.0,982.32,7.03,281.62,1.51,67.81,10.05,6.81,3.23,4.33,6.94,1218.12,3.38,1.4902012628931411,204.7
2015-03-24 12:50:00,7131000.0,982.28,7.16,281.76,1.63,67.8,10.14,6.87,3.26,4.36,7.0,1217.47,2.94,1.2996304514959054,219.1
2015-03-24 13:00:00,7131600.0,982.26,7.14,281.74,1.69,68.2,10.12,6.9,3.22,4.38,7.03,1217.52,2.35,1.7526266425221224,236.5
2015-03-24 13:10:00,7132200.0,982.16,7.33,281.94,1.8,67.81,10.26,6.96,3.3,4.42,7.08,1216.55,2.24,1.5026977095421403,238.2
2015-03-24 13:20:00,7132800.0,982.14,7.19,281.8,1.58,67.39,10.16,6.85,3.31,4.35,6.97,1217.18,3.3,1.5651799427871358,219.8
2015-03-24 13:30:00,7133400.0,982.13,7.08,281.69,1.61,68.06,10.08,6.86,3.22,4.36,6.99,1217.64,3.37,1.4027261363501478,211.3
2015-03-24 13:40:00,7134000.0,982.09,7.06,281.67,1.66,68.41,10.07,6.89,3.18,4.37,7.01,1217.67,3.43,1.6526550693301296,216.9
2015-03-24 13:50:00,7134600.0,982.06,7.13,281.74,1.68,68.2,10.12,6.9,3.22,4.38,7.03,1217.32,2.88,1.2996304514959054,218.2
2015-03-24 14:00:00,7135200.0,982.03,7.15,281.77,1.5,67.2,10.13,6.81,3.32,4.32,6.93,1217.24,3.68,1.7526266425221224,214.5
2015-03-24 14:10:00,7135800.0,981.99,7.17,281.79,1.56,67.4,10.15,6.84,3.31,4.34,6.96,1217.09,3.76,1.727633749224124,215.9
2015-03-24 14:20:00,7136400.0,981.99,7.15,281.77,1.55,67.47,10.13,6.84,3.3,4.34,6.96,1217.18,4.41,2.2024987218860894,217.7
2015-03-24 14:30:00,7137000.0,982.02,7.08,281.7,1.39,67.02,10.08,6.76,3.33,4.29,6.88,1217.55,3.76,1.6901444092771267,218.3
2015-03-24 14:40:00,7137600.0,981.96,7.25,281.87,1.5,66.76,10.2,6.81,3.39,4.33,6.94,1216.72,3.33,1.6089175060586327,216.9
2015-03-24 14:50:00,7138200.0,981.87,7.31,281.94,1.29,65.5,10.24,6.71,3.53,4.26,6.83,1216.39,4.04,1.865094662363114,228.5
2015-03-24 15:00:00,7138800.0,981.88,7.3,281.93,1.15,64.86,10.24,6.64,3.6,4.22,6.76,1216.48,4.14,1.702640855926126,216.3
2015-03-24 15:10:00,7139400.0,981.97,7.34,281.96,1.17,64.76,10.26,6.65,3.62,4.22,6.77,1216.41,3.68,1.7651230891711214,208.5
2015-03-24 15:20:00,7140000.0,981.98,7.39,282.01,1.14,64.4,10.3,6.63,3.67,4.21,6.75,1216.22,3.88,1.6464068460056298,218.1
2015-03-24 15:30:00,7140600.0,981.91,7.57,282.2,1.32,64.46,10.43,6.72,3.71,4.27,6.85,1215.31,2.22,1.5526834961381366,210.7
2015-03-24 15:40:00,7141200.0,981.87,7.81,282.44,1.31,63.37,10.6,6.72,3.88,4.27,6.84,1214.22,2.16,1.2808857815224064,200.6
2015-03-24 15:50:00,7141800.0,981.88,7.97,282.6,1.33,62.78,10.72,6.73,3.99,4.27,6.85,1213.54,2.0,1.068446188489422,203.1
2015-03-24 16:00:00,7142400.0,981.88,8.15,282.79,1.46,62.57,10.85,6.79,4.06,4.31,6.91,1212.74,1.94,0.9872192852709281,223.1
2015-03-24 16:10:00,7143000.0,981.79,8.48,283.12,1.62,61.89,11.09,6.87,4.23,4.36,6.99,1211.17,1.32,0.837261925482939,195.9
2015-03-24 16:20:00,7143600.0,981.75,8.82,283.47,1.69,60.82,11.35,6.91,4.45,4.39,7.03,1209.64,1.27,0.8247654788339399,221.7
2015-03-24 16:30:00,7144200.0,981.75,8.89,283.54,1.79,60.96,11.41,6.95,4.45,4.42,7.08,1209.32,1.23,0.6748081190459508,194.9
2015-03-24 16:40:00,7144800.0,981.74,9.01,283.66,1.83,60.61,11.5,6.97,4.53,4.43,7.1,1208.78,2.08,1.0497015185159235,188.7
2015-03-24 16:50:00,7145400.0,981.83,8.99,283.63,1.85,60.8,11.49,6.98,4.5,4.44,7.11,1208.97,1.53,1.1184319750854186,201.9
2015-03-24 17:00:00,7146000.0,981.87,8.9,283.54,1.92,61.48,11.42,7.02,4.4,4.46,7.15,1209.39,1.1,0.5998294391519562,324.3
2015-03-24 17:10:00,7146600.0,981.87,8.69,283.33,1.9,62.28,11.25,7.01,4.25,4.45,7.14,1210.3,0.89,0.6123258858009554,127.4
2015-03-24 17:20:00,7147200.0,981.9,8.52,283.16,1.81,62.6,11.13,6.96,4.16,4.42,7.09,1211.08,1.72,0.7935243622114422,146.9
2015-03-24 17:30:00,7147800.0,981.88,8.32,282.96,1.86,63.67,10.97,6.99,3.99,4.44,7.12,1211.91,1.85,0.862254818780937,137.4
2015-03-24 17:40:00,7148400.0,981.84,8.25,282.89,1.91,64.2,10.92,7.01,3.91,4.45,7.14,1212.15,1.39,0.7622832455889444,123.1
2015-03-24 17:50:00,7149000.0,981.94,8.21,282.84,1.86,64.17,10.89,6.99,3.9,4.44,7.12,1212.46,1.27,0.6123258858009554,139.0
2015-03-24 18:00:00,7149600.0,982.06,8.06,282.68,1.81,64.58,10.78,6.96,3.82,4.42,7.09,1213.26,1.44,0.6498152257479527,160.7
2015-03-24 18:10:00,7150200.0,982.02,7.9,282.52,1.87,65.57,10.67,6.99,3.67,4.44,7.12,1213.89,1.04,0.41238273941696996,210.7
2015-03-24 18:20:00,7150800.0,982.1,7.83,282.45,1.88,65.95,10.61,7.0,3.61,4.45,7.13,1214.29,0.47,0.37489339946997263,207.7
2015-03-24 18:30:00,7151400.0,982.13,7.79,282.4,1.89,66.17,10.59,7.0,3.58,4.45,7.13,1214.5,0.56,0.2999147195759781,195.0
2015-03-24 18:40:00,7152000.0,982.18,7.67,282.28,1.92,66.85,10.5,7.02,3.48,4.46,7.15,1215.07,0.41,0.21243959303298451,210.3
2015-03-24 18:50:00,7152600.0,982.15,7.58,282.19,2.0,67.62,10.43,7.06,3.38,4.48,7.18,1215.41,0.64,0.44987207936396717,225.9
2015-03-24 19:00:00,7153200.0,982.22,7.59,282.19,1.99,67.55,10.44,7.05,3.39,4.48,7.18,1215.45,0.8,0.38738984611897176,204.8
2015-03-24 19:10:00,7153800.0,982.23,7.55,282.15,1.98,67.67,10.41,7.05,3.37,4.47,7.17,1215.64,0.61,0.34990050617197455,217.9
2015-03-24 19:20:00,7154400.0,982.26,7.58,282.18,1.96,67.47,10.43,7.04,3.39,4.47,7.17,1215.55,0.27,0.2624253796289809,279.8
2015-03-24 19:30:00,7155000.0,982.36,7.49,282.08,2.03,68.2,10.37,7.07,3.3,4.49,7.2,1216.05,0.64,0.38738984611897176,198.7
2015-03-24 19:40:00,7155600.0,982.36,7.42,282.01,2.0,68.39,10.32,7.06,3.26,4.48,7.19,1216.36,0.42,0.2624253796289809,276.6
2015-03-24 19:50:00,7156200.0,982.36,7.38,281.97,2.06,68.87,10.29,7.09,3.2,4.5,7.22,1216.52,0.34,0.19994314638398542,189.5
2015-03-24 20:00:00,7156800.0,982.31,7.22,281.81,2.02,69.43,10.18,7.07,3.11,4.49,7.2,1217.16,0.34,0.23743248633098268,253.8
2015-03-24 20:10:00,7157400.0,982.29,7.11,281.71,2.03,69.99,10.1,7.07,3.03,4.49,7.2,1217.61,0.97,0.4373756327149681,33.37
2015-03-24 20:20:00,7158000.0,982.25,6.82,281.41,1.9,70.8,9.9,7.01,2.89,4.45,7.14,1218.87,1.17,0.4873614193109645,41.59
2015-03-24 20:30:00,7158600.0,982.18,6.59,281.19,1.82,71.5,9.75,6.97,2.78,4.42,7.09,1219.8,0.88,0.44362385603946763,34.49
2015-03-24 20:40:00,7159200.0,982.15,6.25,280.85,1.78,73.0,9.52,6.95,2.57,4.41,7.08,1221.26,0.31,0.16245380643698817,24.87
2015-03-24 20:50:00,7159800.0,982.19,6.13,280.72,1.84,73.9,9.44,6.98,2.46,4.43,7.1,1221.83,0.6,0.32490761287397635,38.24
2015-03-24 21:00:00,7160400.0,982.24,6.16,280.75,1.91,74.1,9.46,7.01,2.45,4.45,7.14,1221.73,0.5,0.2874182729269791,34.1
2015-03-24 21:10:00,7161000.0,982.25,5.91,280.51,1.97,75.7,9.3,7.04,2.26,4.47,7.17,1222.8,0.8,0.37489339946997263,27.63
2015-03-24 21:20:00,7161600.0,982.27,5.86,280.45,1.97,76.0,9.27,7.04,2.22,4.47,7.17,1223.06,1.03,0.41238273941696996,31.99
2015-03-24 21:30:00,7162200.0,982.31,5.79,280.37,1.9,76.0,9.22,7.01,2.21,4.45,7.13,1223.44,0.98,0.38738984611897176,27.4
2015-03-24 21:40:00,7162800.0,982.28,5.66,280.25,1.83,76.3,9.14,6.97,2.17,4.43,7.1,1224.0,0.64,0.39988629276797083,44.45
2015-03-24 21:50:00,7163400.0,982.26,5.43,280.02,1.76,77.1,9.0,6.94,2.06,4.4,7.06,1224.97,0.22,0.13746091313898998,60.78
2015-03-24 22:00:00,7164000.0,982.25,5.1,279.69,1.67,78.4,8.79,6.89,1.9,4.38,7.02,1226.43,0.25,0.18744669973498632,12.18
2015-03-24 22:10:00,7164600.0,982.28,4.79,279.38,1.53,79.3,8.6,6.82,1.78,4.33,6.95,1227.87,0.71,0.41238273941696996,215.1
2015-03-24 22:20:00,7165200.0,982.28,4.44,279.02,1.41,80.6,8.39,6.76,1.63,4.29,6.89,1229.46,1.1,0.5998294391519562,221.9
2015-03-24 22:30:00,7165800.0,982.34,4.16,278.73,1.32,81.7,8.23,6.72,1.51,4.27,6.84,1230.81,0.85,0.4373756327149681,207.4
2015-03-24 22:40:00,7166400.0,982.34,3.96,278.53,1.45,83.6,8.11,6.78,1.33,4.31,6.9,1231.66,0.57,0.37489339946997263,185.2
2015-03-24 22:50:00,7167000.0,982.32,3.82,278.39,1.44,84.4,8.03,6.78,1.25,4.3,6.9,1232.26,0.73,0.36239695282097356,202.8
2015-03-24 23:00:00,7167600.0,982.33,3.69,278.27,1.45,85.2,7.96,6.78,1.18,4.31,6.91,1232.82,0.78,0.34990050617197455,218.8
2015-03-24 23:10:00,7168200.0,982.33,3.67,278.25,1.49,85.6,7.95,6.81,1.14,4.32,6.93,1232.91,0.82,0.41238273941696996,221.7
2015-03-24 23:20:00,7168800.0,982.35,3.78,278.36,1.52,85.1,8.01,6.82,1.19,4.33,6.94,1232.44,0.33,0.23118426300648315,66.36
2015-03-24 23:30:00,7169400.0,982.27,3.15,277.73,0.92,85.2,7.66,6.53,1.13,4.15,6.65,1235.28,0.91,0.49985786595996357,179.2
2015-03-24 23:40:00,7170000.0,982.28,2.7,277.28,0.88,87.7,7.42,6.51,0.91,4.13,6.63,1237.31,0.38,0.27492182627797995,198.2
2015-03-24 23:50:00,7170600.0,982.25,2.64,277.22,0.85,87.9,7.39,6.5,0.89,4.12,6.61,1237.57,0.13,0.12496446648999089,357.7
2015-03-25 00:00:00,7171200.0,982.25,2.43,277.01,0.74,88.5,7.28,6.44,0.84,4.09,6.56,1238.52,0.22,0.12496446648999089,4.78
2015-03-25 00:10:00,7171800.0,982.3,2.37,276.94,0.8,89.3,7.25,6.47,0.78,4.11,6.59,1238.87,0.19,0.09997157319199271,4.62
2015-03-25 00:20:00,7172400.0,982.37,2.34,276.9,0.72,89.0,7.23,6.43,0.8,4.08,6.55,1239.12,0.81,0.4373756327149681,202.3
2015-03-25 00:30:00,7173000.0,982.35,2.15,276.71,0.69,90.0,7.13,6.42,0.71,4.08,6.54,1239.94,0.47,0.34990050617197455,181.0
2015-03-25 00:40:00,7173600.0,982.23,2.32,276.9,0.92,90.4,7.22,6.53,0.69,4.15,6.65,1238.96,0.37,0.2624253796289809,220.3
2015-03-25 00:50:00,7174200.0,982.15,2.36,276.95,0.82,89.5,7.24,6.48,0.76,4.12,6.6,1238.69,0.39,0.2874182729269791,170.1
2015-03-25 01:00:00,7174800.0,982.17,2.02,276.6,0.53,89.8,7.07,6.35,0.72,4.03,6.46,1240.34,0.71,0.37489339946997263,192.7
2015-03-25 01:10:00,7175400.0,982.25,1.61,276.18,0.29,90.9,6.86,6.24,0.62,3.96,6.35,1242.32,1.18,0.5748365458539582,201.3
2015-03-25 01:20:00,7176000.0,982.19,1.62,276.19,0.45,91.9,6.87,6.31,0.56,4.01,6.42,1242.2,1.19,0.4623685260129663,196.2
2015-03-25 01:30:00,7176600.0,982.1,1.44,276.03,0.25,91.7,6.78,6.22,0.56,3.95,6.33,1242.9,0.5,0.37489339946997263,188.6
2015-03-25 01:40:00,7177200.0,982.11,1.24,275.82,0.06,91.8,6.68,6.14,0.55,3.89,6.25,1243.88,0.6,0.3124111662249772,192.3
2015-03-25 01:50:00,7177800.0,982.08,1.04,275.62,-0.06,92.3,6.59,6.08,0.51,3.86,6.19,1244.77,0.71,0.34990050617197455,202.3
2015-03-25 02:00:00,7178400.0,982.0,0.97,275.55,-0.03,93.0,6.55,6.09,0.46,3.87,6.21,1245.0,0.63,0.32490761287397635,203.3
2015-03-25 02:10:00,7179000.0,981.95,0.96,275.55,0.02,93.4,6.55,6.12,0.43,3.88,6.23,1244.96,0.56,0.36239695282097356,193.5
2015-03-25 02:20:00,7179600.0,981.88,1.0,275.59,0.1,93.7,6.57,6.15,0.41,3.91,6.27,1244.68,0.42,0.23743248633098268,219.3
2015-03-25 02:30:00,7180200.0,981.9,1.04,275.63,0.17,93.9,6.58,6.18,0.4,3.93,6.3,1244.52,0.3,0.19994314638398542,144.9
2015-03-25 02:40:00,7180800.0,982.02,1.01,275.59,0.02,93.1,6.57,6.12,0.45,3.88,6.23,1244.84,0.34,0.21243959303298451,170.6
2015-03-25 02:50:00,7181400.0,982.03,0.61,275.19,-0.46,92.5,6.38,5.9,0.48,3.75,6.01,1246.77,0.43,0.2686736029534804,138.2
2015-03-25 03:00:00,7182000.0,981.98,0.56,275.14,-0.45,92.9,6.36,5.91,0.45,3.75,6.02,1246.93,0.33,0.24992893297998178,104.2
2015-03-25 03:10:00,7182600.0,981.95,0.39,274.98,-0.66,92.6,6.28,5.82,0.47,3.69,5.93,1247.68,0.26,0.16245380643698817,43.84
2015-03-25 03:20:00,7183200.0,982.03,0.27,274.85,-0.64,93.6,6.23,5.83,0.4,3.7,5.94,1248.34,0.31,0.24992893297998178,293.6
2015-03-25 03:30:00,7183800.0,982.22,0.24,274.8,-0.61,94.0,6.21,5.84,0.37,3.71,5.95,1248.72,1.02,0.44362385603946763,208.1
2015-03-25 03:40:00,7184400.0,982.19,0.2,274.77,-0.58,94.5,6.2,5.86,0.34,3.72,5.96,1248.85,0.76,0.3686451761454731,201.3
2015-03-25 03:50:00,7185000.0,981.98,-0.03,274.56,-0.86,94.1,6.1,5.74,0.36,3.64,5.84,1249.67,0.38,0.23743248633098268,161.0
2015-03-25 04:00:00,7185600.0,981.97,-0.24,274.34,-1.0,94.6,6.0,5.68,0.32,3.6,5.78,1250.68,0.43,0.24992893297998178,148.0
2015-03-25 04:10:00,7186200.0,981.95,-0.35,274.23,-1.11,94.6,5.95,5.63,0.32,3.57,5.73,1251.19,0.43,0.27492182627797995,171.6
2015-03-25 04:20:00,7186800.0,981.97,-0.39,274.2,-1.07,95.1,5.94,5.65,0.29,3.58,5.75,1251.36,0.3,0.18119847641048678,134.3
2015-03-25 04:30:00,7187400.0,981.88,-0.17,274.43,-0.87,95.0,6.03,5.73,0.3,3.64,5.84,1250.19,0.18,0.09997157319199271,173.1
2015-03-25 04:40:00,7188000.0,981.83,-0.34,274.26,-1.11,94.5,5.96,5.63,0.33,3.58,5.74,1250.95,0.34,0.16245380643698817,175.5
2015-03-25 04:50:00,7188600.0,981.85,-0.54,274.05,-1.3,94.6,5.87,5.55,0.32,3.53,5.66,1251.96,0.46,0.23743248633098268,184.9
2015-03-25 05:00:00,7189200.0,981.87,-0.62,273.97,-1.33,94.9,5.84,5.54,0.3,3.52,5.64,1252.35,0.4,0.27492182627797995,175.5
2015-03-25 05:10:00,7189800.0,981.84,-0.82,273.77,-1.53,94.9,5.75,5.46,0.29,3.46,5.56,1253.28,0.36,0.24368070965548225,181.6
2015-03-25 05:20:00,7190400.0,981.8,-0.9,273.7,-1.56,95.2,5.72,5.45,0.27,3.46,5.55,1253.58,0.62,0.3124111662249772,177.5
2015-03-25 05:30:00,7191000.0,981.76,-0.89,273.71,-1.5,95.6,5.72,5.47,0.25,3.47,5.57,1253.49,0.58,0.27492182627797995,150.6
2015-03-25 05:40:00,7191600.0,981.66,-0.96,273.64,-1.59,95.5,5.69,5.44,0.26,3.45,5.54,1253.71,0.48,0.27492182627797995,154.7
2015-03-25 05:50:00,7192200.0,981.53,-0.79,273.82,-1.33,96.1,5.76,5.54,0.22,3.52,5.64,1252.72,0.22,0.13746091313898998,156.3
2015-03-25 06:00:00,7192800.0,981.5,-0.76,273.86,-1.37,95.6,5.78,5.52,0.25,3.51,5.63,1252.52,0.3,0.17495025308598727,28.29
2015-03-25 06:10:00,7193400.0,981.6,-0.68,273.93,-1.32,95.4,5.81,5.55,0.27,3.52,5.65,1252.26,0.32,0.2686736029534804,118.7
2015-03-25 06:20:00,7194000.0,981.66,-1.08,273.53,-1.83,94.6,5.65,5.34,0.3,3.39,5.44,1254.27,1.04,0.6748081190459508,159.7
2015-03-25 06:30:00,7194600.0,981.54,-1.18,273.44,-1.86,95.1,5.6,5.33,0.27,3.38,5.43,1254.6,0.47,0.5123543126089626,95.3
2015-03-25 06:40:00,7195200.0,981.55,-1.21,273.41,-1.87,95.2,5.59,5.32,0.27,3.38,5.42,1254.74,0.74,0.356148729496474,180.4
2015-03-25 06:50:00,7195800.0,981.58,-1.15,273.46,-1.8,95.3,5.62,5.35,0.26,3.4,5.45,1254.5,0.62,0.41238273941696996,181.8
2015-03-25 07:00:00,7196400.0,981.63,-1.12,273.49,-1.83,94.9,5.63,5.34,0.29,3.39,5.44,1254.44,0.73,0.37489339946997263,181.4
2015-03-25 07:10:00,7197000.0,981.58,-1.24,273.37,-1.92,95.1,5.58,5.3,0.27,3.37,5.4,1254.95,0.51,0.3374040595229754,122.2
2015-03-25 07:20:00,7197600.0,981.45,-0.82,273.81,-1.45,95.4,5.75,5.49,0.26,3.49,5.59,1252.73,0.37,0.2624253796289809,94.2
2015-03-25 07:30:00,7198200.0,981.39,-0.33,274.3,-1.11,94.4,5.96,5.63,0.33,3.58,5.74,1250.35,0.49,0.3124111662249772,208.7
2015-03-25 07:40:00,7198800.0,981.29,0.47,275.11,-0.59,92.6,6.32,5.85,0.47,3.72,5.96,1246.49,0.24,0.13746091313898998,43.44
2015-03-25 07:50:00,7199400.0,981.07,1.48,276.15,-0.22,88.4,6.8,6.01,0.79,3.82,6.13,1241.52,0.29,0.2624253796289809,85.7
2015-03-25 08:00:00,7200000.0,981.05,2.03,276.7,-0.49,83.3,7.07,5.89,1.18,3.74,6.01,1239.09,0.39,0.2624253796289809,116.2
2015-03-25 08:10:00,7200600.0,981.02,2.16,276.84,-0.53,82.3,7.14,5.88,1.26,3.74,5.99,1238.45,0.56,0.37489339946997263,182.1
2015-03-25 08:20:00,7201200.0,981.12,2.46,277.12,-0.41,81.3,7.29,5.93,1.36,3.77,6.04,1237.23,0.84,0.3811416227944722,149.0
2015-03-25 08:30:00,7201800.0,981.11,2.78,277.45,-0.29,80.1,7.46,5.98,1.49,3.8,6.09,1235.74,0.56,0.3311558361984759,171.3
2015-03-25 08:40:00,7202400.0,981.14,2.96,277.63,-0.06,80.4,7.56,6.08,1.48,3.86,6.2,1234.92,0.51,0.32490761287397635,180.7
2015-03-25 08:50:00,7203000.0,981.1,3.46,278.14,0.13,78.7,7.83,6.17,1.67,3.92,6.28,1232.6,0.68,0.4873614193109645,167.1
2015-03-25 09:00:00,7203600.0,981.01,3.94,278.63,0.54,78.4,8.1,6.35,1.75,4.04,6.48,1230.26,0.48,0.39988629276797083,173.8
2015-03-25 09:10:00,7204200.0,980.89,5.24,279.94,1.02,74.1,8.88,6.58,2.3,4.18,6.7,1224.28,0.37,0.27492182627797995,205.3
2015-03-25 09:20:00,7204800.0,980.75,6.47,281.19,1.53,70.6,9.67,6.83,2.84,4.34,6.96,1218.6,0.43,0.36239695282097356,183.4
2015-03-25 09:30:00,7205400.0,980.7,7.72,282.45,1.76,65.86,10.53,6.94,3.6,4.41,7.07,1213.06,0.49,0.38738984611897176,187.4
2015-03-25 09:40:00,7206000.0,980.67,8.11,282.84,1.97,65.09,10.82,7.04,3.78,4.48,7.18,1211.29,0.52,0.39988629276797083,175.5
2015-03-25 09:50:00,7206600.0,980.57,8.32,283.06,2.22,65.33,10.97,7.17,3.8,4.56,7.31,1210.2,0.61,0.44987207936396717,201.8
2015-03-25 10:00:00,7207200.0,980.45,9.05,283.81,2.39,62.93,11.53,7.26,4.27,4.62,7.4,1206.88,0.53,0.38738984611897176,107.2
2015-03-25 10:10:00,7207800.0,980.3,9.78,284.55,2.67,61.14,12.11,7.41,4.71,4.71,7.56,1203.52,0.6,0.47486497266196537,108.1
2015-03-25 10:20:00,7208400.0,980.27,10.03,284.81,2.94,61.27,12.32,7.55,4.77,4.8,7.7,1202.35,0.98,0.562340099204959,121.6
2015-03-25 10:30:00,7209000.0,980.19,10.26,285.05,3.1,61.04,12.51,7.64,4.87,4.86,7.79,1201.24,1.01,0.6248223324499544,152.1
2015-03-25 10:40:00,7209600.0,980.05,10.93,285.73,3.27,59.09,13.08,7.73,5.35,4.92,7.89,1198.19,0.71,0.5998294391519562,79.7
2015-03-25 10:50:00,7210200.0,980.03,11.0,285.8,3.58,60.11,13.14,7.9,5.24,5.03,8.06,1197.79,0.74,0.44987207936396717,112.0
2015-03-25 11:00:00,7210800.0,980.01,12.08,286.89,4.04,57.78,14.12,8.16,5.96,5.19,8.32,1193.11,0.59,0.38738984611897176,168.6
2015-03-25 11:10:00,7211400.0,979.9,12.74,287.57,4.0,55.2,14.74,8.14,6.61,5.18,8.31,1190.23,0.72,0.42487918606596903,75.7
2015-03-25 11:20:00,7212000.0,979.79,12.87,287.71,3.85,54.16,14.87,8.05,6.82,5.13,8.22,1189.59,1.07,0.8497583721319381,24.47
2015-03-25 11:30:00,7212600.0,979.72,12.88,287.72,3.78,53.85,14.88,8.01,6.87,5.1,8.18,1189.49,1.14,0.7247939056419471,21.39
2015-03-25 11:40:00,7213200.0,979.71,13.34,288.18,4.04,53.22,15.34,8.16,7.17,5.2,8.33,1187.5,1.1,0.6248223324499544,45.85
2015-03-25 11:50:00,7213800.0,979.57,13.68,288.54,4.08,52.18,15.68,8.18,7.5,5.21,8.35,1185.91,1.92,0.9934675085954277,52.91
2015-03-25 12:00:00,7214400.0,979.44,14.03,288.9,4.21,51.47,16.04,8.26,7.78,5.26,8.43,1184.27,1.39,0.8685030421054366,74.9
2015-03-25 12:10:00,7215000.0,979.34,14.58,289.46,4.21,49.7,16.62,8.26,8.36,5.26,8.44,1181.89,1.48,1.0309568485424248,71.4
2015-03-25 12:20:00,7215600.0,979.31,15.16,290.05,4.14,47.62,17.26,8.22,9.04,5.24,8.39,1179.49,2.71,1.6120416177208825,97.3
2015-03-25 12:30:00,7216200.0,979.27,15.45,290.34,3.66,45.2,17.58,7.95,9.63,5.06,8.11,1178.38,2.79,1.424594917985896,111.1
2015-03-25 12:40:00,7216800.0,979.12,15.51,290.42,4.04,46.23,17.65,8.16,9.49,5.2,8.33,1177.86,3.23,1.8119847641048679,136.7
2015-03-25 12:50:00,7217400.0,978.94,15.69,290.61,4.24,46.35,17.85,8.27,9.58,5.27,8.45,1176.85,3.21,1.674523850965878,84.7
2015-03-25 13:00:00,7218000.0,978.79,15.63,290.57,4.3,46.72,17.78,8.31,9.48,5.3,8.49,1176.9,3.15,1.7495025308598724,90.6
2015-03-25 13:10:00,7218600.0,978.68,16.06,291.01,4.53,46.2,18.28,8.45,9.83,5.39,8.63,1174.96,2.45,1.3496162380919017,118.4
2015-03-25 13:20:00,7219200.0,978.56,16.09,291.05,4.57,46.26,18.32,8.47,9.84,5.4,8.66,1174.68,3.52,1.8494741040518652,66.96
2015-03-25 13:30:00,7219800.0,978.45,15.99,290.96,4.6,46.63,18.2,8.49,9.71,5.41,8.67,1174.95,3.48,1.6995167442638761,61.88
2015-03-25 13:40:00,7220400.0,978.31,16.23,291.21,4.67,46.17,18.48,8.53,9.95,5.44,8.72,1173.78,3.51,1.6870202976148772,70.7
2015-03-25 13:50:00,7221000.0,978.21,16.54,291.53,4.49,44.68,18.85,8.42,10.43,5.37,8.61,1172.46,2.88,1.6495309576678798,81.7
2015-03-25 14:00:00,7221600.0,978.09,16.67,291.67,4.71,45.02,19.0,8.56,10.45,5.46,8.75,1171.73,2.54,1.2121553249529116,84.7
2015-03-25 14:10:00,7222200.0,977.88,16.99,292.01,4.74,44.2,19.39,8.57,10.82,5.47,8.77,1170.17,3.16,1.5620558311248862,86.4
2015-03-25 14:20:00,7222800.0,977.73,17.02,292.06,4.86,44.48,19.43,8.64,10.79,5.52,8.84,1169.84,4.26,2.208746945210589,93.9
2015-03-25 14:30:00,7223400.0,977.62,17.19,292.24,4.97,44.36,19.64,8.71,10.93,5.56,8.91,1168.99,2.45,1.5870487244228844,82.2
2015-03-25 14:40:00,7224000.0,977.48,17.44,292.5,5.03,43.82,19.95,8.74,11.21,5.58,8.95,1167.8,2.77,1.3246233447939035,95.2
2015-03-25 14:50:00,7224600.0,977.32,17.46,292.53,5.29,44.59,19.98,8.91,11.07,5.69,9.12,1167.46,2.68,1.7370060842108732,72.3
2015-03-25 15:00:00,7225200.0,977.15,17.58,292.67,4.78,42.71,20.13,8.6,11.53,5.49,8.8,1166.91,3.27,1.7182614142373747,73.6
2015-03-25 15:10:00,7225800.0,976.94,17.65,292.76,5.21,43.79,20.22,8.85,11.37,5.66,9.06,1166.26,3.61,1.755750754184372,52.38
2015-03-25 15:20:00,7226400.0,976.84,17.55,292.66,5.24,44.16,20.09,8.87,11.22,5.67,9.08,1166.54,4.1,1.8744669973498633,53.04
2015-03-25 15:30:00,7227000.0,976.84,17.35,292.46,5.49,45.53,19.84,9.03,10.81,5.77,9.25,1167.27,4.68,2.1275200419920948,49.95
2015-03-25 15:40:00,7227600.0,976.77,17.1,292.22,5.61,46.63,19.53,9.11,10.42,5.82,9.32,1168.16,4.53,1.8869634439988625,25.21
2015-03-25 15:50:00,7228200.0,976.71,17.04,292.16,5.53,46.57,19.46,9.06,10.4,5.79,9.28,1168.35,4.8,2.036920803786851,26.44
2015-03-25 16:00:00,7228800.0,976.67,17.12,292.25,5.19,45.25,19.56,8.85,10.71,5.65,9.06,1168.07,3.82,1.8744669973498633,25.95
2015-03-25 16:10:00,7229400.0,976.59,17.49,292.63,4.58,42.34,20.02,8.48,11.54,5.42,8.68,1166.66,3.42,1.6495309576678798,21.91
2015-03-25 16:20:00,7230000.0,976.58,17.78,292.92,3.75,39.22,20.39,8.0,12.39,5.11,8.19,1165.7,2.4,1.549559384475887,56.34
2015-03-25 16:30:00,7230600.0,976.59,17.83,292.97,3.04,37.16,20.45,7.6,12.85,4.85,7.78,1165.69,3.61,1.9119563372968607,79.8
2015-03-25 16:40:00,7231200.0,976.56,17.84,292.98,2.67,36.18,20.46,7.4,13.06,4.73,7.58,1165.7,3.69,1.7744954241578705,86.8
2015-03-25 16:50:00,7231800.0,976.46,17.79,292.94,2.59,36.08,20.4,7.36,13.04,4.7,7.54,1165.81,3.17,1.6370345110188806,78.5
2015-03-25 17:00:00,7232400.0,976.42,17.74,292.89,2.3,35.45,20.34,7.21,13.13,4.61,7.38,1166.03,4.38,2.236863950170837,75.1
2015-03-25 17:10:00,7233000.0,976.42,17.63,292.78,2.13,35.28,20.2,7.13,13.07,4.55,7.3,1166.51,4.05,1.9744385705418561,84.2
2015-03-25 17:20:00,7233600.0,976.39,17.45,292.6,2.53,36.72,19.97,7.33,12.64,4.68,7.51,1167.1,3.88,2.015052022151103,58.2
2015-03-25 17:30:00,7234200.0,976.47,17.28,292.42,2.41,36.79,19.75,7.27,12.49,4.64,7.44,1167.91,3.96,1.9838109055286053,62.34
2015-03-25 17:40:00,7234800.0,976.51,17.08,292.22,2.16,36.6,19.51,7.14,12.37,4.56,7.31,1168.82,4.17,1.9150804489591102,58.09
2015-03-25 17:50:00,7235400.0,976.51,16.88,292.02,2.2,37.19,19.26,7.16,12.1,4.58,7.34,1169.61,3.45,1.7869918708068697,57.74
2015-03-25 18:00:00,7236000.0,976.56,16.64,291.77,2.34,38.13,18.97,7.23,11.74,4.62,7.41,1170.61,3.81,1.7370060842108732,62.64
2015-03-25 18:10:00,7236600.0,976.66,16.56,291.68,2.35,38.34,18.87,7.24,11.64,4.62,7.41,1171.05,4.07,1.8775911090121131,64.41
2015-03-25 18:20:00,7237200.0,976.79,16.42,291.53,2.38,38.79,18.7,7.26,11.45,4.63,7.43,1171.77,3.2,1.605793394396383,93.3
2015-03-25 18:30:00,7237800.0,976.87,16.14,291.24,2.56,40.0,18.37,7.35,11.02,4.69,7.52,1172.95,3.11,1.424594917985896,94.1
2015-03-25 18:40:00,7238400.0,976.9,15.79,290.89,2.83,41.69,17.97,7.49,10.48,4.78,7.67,1174.35,2.61,1.6526550693301296,96.5
2015-03-25 18:50:00,7239000.0,976.95,15.58,290.67,3.11,43.11,17.73,7.64,10.08,4.88,7.82,1175.19,3.36,1.7776195358201206,110.2
2015-03-25 19:00:00,7239600.0,976.96,15.35,290.44,3.28,44.28,17.47,7.73,9.73,4.94,7.92,1176.1,2.8,1.5401870494891376,109.1
2015-03-25 19:10:00,7240200.0,976.86,15.14,290.24,3.45,45.42,17.23,7.83,9.41,5.0,8.01,1176.79,2.06,1.0871908584629206,112.4
2015-03-25 19:20:00,7240800.0,976.84,14.94,290.04,3.42,45.91,17.01,7.81,9.2,4.99,8.0,1177.59,1.54,0.8122690321849408,108.6
2015-03-25 19:30:00,7241400.0,976.77,14.75,289.85,3.46,46.6,16.81,7.83,8.97,5.0,8.02,1178.27,0.69,0.6623116723969518,181.8
2015-03-25 19:40:00,7242000.0,976.73,14.52,289.62,3.42,47.17,16.56,7.81,8.75,4.99,8.0,1179.18,0.48,0.2624253796289809,254.0
2015-03-25 19:50:00,7242600.0,976.74,14.41,289.51,3.47,47.67,16.44,7.84,8.6,5.01,8.02,1179.63,0.76,0.37489339946997263,338.4
2015-03-25 20:00:00,7243200.0,976.72,14.36,289.46,3.52,48.0,16.39,7.87,8.52,5.02,8.05,1179.8,0.91,0.5248507592579618,14.33
2015-03-25 20:10:00,7243800.0,976.71,14.09,289.19,3.54,48.9,16.1,7.87,8.23,5.03,8.06,1180.89,2.08,0.8185172555094403,342.9
2015-03-25 20:20:00,7244400.0,976.7,13.74,288.84,3.67,50.49,15.74,7.95,7.79,5.08,8.14,1182.28,2.73,1.1746659850059142,344.3
2015-03-25 20:30:00,7245000.0,976.64,13.47,288.57,3.88,52.18,15.47,8.07,7.4,5.16,8.26,1183.27,2.59,1.0746944118139217,346.4
2015-03-25 20:40:00,7245600.0,976.66,13.41,288.51,3.89,52.42,15.41,8.08,7.33,5.16,8.27,1183.54,2.53,1.0996873051119198,352.3
2015-03-25 20:50:00,7246200.0,976.58,13.65,288.76,3.77,51.16,15.65,8.01,7.64,5.11,8.2,1182.48,2.6,1.0871908584629206,359.2
2015-03-25 21:00:00,7246800.0,976.52,13.67,288.79,3.8,51.2,15.67,8.02,7.65,5.13,8.22,1182.32,2.33,0.8747512654299362,353.1
2015-03-25 21:10:00,7247400.0,976.47,13.51,288.63,3.83,51.84,15.51,8.04,7.47,5.14,8.23,1182.91,2.18,0.837261925482939,3.23
2015-03-25 21:20:00,7248000.0,976.38,13.27,288.39,3.89,52.89,15.27,8.07,7.19,5.16,8.27,1183.78,1.73,0.8747512654299362,8.43
2015-03-25 21:30:00,7248600.0,976.33,12.79,287.92,3.95,54.81,14.79,8.11,6.69,5.18,8.3,1185.69,0.92,0.5373472059069608,4.31
2015-03-25 21:40:00,7249200.0,976.28,12.48,287.61,3.9,55.73,14.5,8.08,6.42,5.16,8.27,1186.93,0.44,0.3374040595229754,113.0
2015-03-25 21:50:00,7249800.0,976.31,12.06,287.18,3.94,57.47,14.1,8.1,6.0,5.18,8.3,1188.7,0.45,0.2624253796289809,128.6
2015-03-25 22:00:00,7250400.0,976.24,11.84,286.97,3.81,57.77,13.9,8.03,5.87,5.13,8.22,1189.57,0.34,0.24992893297998178,255.9
2015-03-25 22:10:00,7251000.0,976.31,11.72,286.84,3.95,58.8,13.79,8.11,5.68,5.18,8.3,1190.12,0.32,0.23743248633098268,59.95
2015-03-25 22:20:00,7251600.0,976.25,11.53,286.65,4.0,59.78,13.61,8.14,5.48,5.2,8.34,1190.82,0.31,0.18119847641048678,84.8
2015-03-25 22:30:00,7252200.0,976.24,11.19,286.31,3.95,60.92,13.31,8.11,5.2,5.18,8.31,1192.25,0.38,0.21243959303298451,245.5
2015-03-25 22:40:00,7252800.0,976.29,11.1,286.22,3.86,60.89,13.23,8.06,5.17,5.15,8.25,1192.71,1.16,0.5373472059069608,215.8
2015-03-25 22:50:00,7253400.0,976.25,11.16,286.28,3.87,60.71,13.28,8.06,5.22,5.15,8.26,1192.41,1.26,0.47486497266196537,240.8
2015-03-25 23:00:00,7254000.0,976.23,11.39,286.51,3.71,59.12,13.49,7.97,5.51,5.1,8.17,1191.46,1.35,0.6685598957214512,212.0
2015-03-25 23:10:00,7254600.0,976.23,11.02,286.14,3.71,60.56,13.16,7.97,5.19,5.09,8.16,1193.01,0.94,0.562340099204959,210.4
2015-03-25 23:20:00,7255200.0,976.23,9.63,284.74,3.62,66.07,11.99,7.92,4.07,5.06,8.12,1198.9,0.81,0.4373756327149681,160.6
2015-03-25 23:30:00,7255800.0,976.25,9.63,284.74,3.62,66.08,11.99,7.92,4.07,5.06,8.12,1198.92,0.76,0.5498436525559599,220.6
2015-03-25 23:40:00,7256400.0,976.25,10.48,285.6,3.65,62.55,12.7,7.94,4.75,5.08,8.13,1195.32,0.96,0.5310989825824612,218.7
2015-03-25 23:50:00,7257000.0,976.24,10.55,285.67,3.71,62.52,12.75,7.97,4.78,5.1,8.17,1195.0,0.67,0.34990050617197455,194.2
2015-03-26 00:00:00,7257600.0,976.12,9.98,285.1,3.71,64.94,12.28,7.97,4.3,5.1,8.17,1197.26,0.69,0.42487918606596903,187.4
2015-03-26 00:10:00,7258200.0,976.04,8.99,284.11,3.59,68.83,11.49,7.91,3.58,5.05,8.1,1201.39,0.42,0.3374040595229754,152.8
2015-03-26 00:20:00,7258800.0,975.99,8.42,283.54,3.6,71.6,11.05,7.91,3.14,5.06,8.11,1203.76,0.39,0.22493603968198359,86.0
2015-03-26 00:30:00,7259400.0,976.05,8.17,283.29,3.54,72.5,10.86,7.88,2.99,5.03,8.07,1204.92,0.39,0.23743248633098268,104.3
2015-03-26 00:40:00,7260000.0,976.1,8.09,283.2,3.58,73.1,10.8,7.9,2.91,5.05,8.09,1205.31,0.5,0.2624253796289809,103.2
2015-03-26 00:50:00,7260600.0,976.08,8.13,283.24,3.64,73.2,10.83,7.93,2.9,5.07,8.12,1205.1,0.21,0.14995735978798905,345.4
2015-03-26 01:00:00,7261200.0,976.01,8.32,283.44,3.68,72.5,10.97,7.96,3.02,5.09,8.15,1204.19,0.27,0.16245380643698817,338.6
2015-03-26 01:10:00,7261800.0,975.98,8.39,283.51,3.69,72.2,11.03,7.96,3.07,5.09,8.16,1203.85,0.44,0.18744669973498632,71.0
2015-03-26 01:20:00,7262400.0,975.99,8.32,283.44,3.7,72.6,10.97,7.97,3.01,5.09,8.16,1204.16,0.37,0.24992893297998178,115.8
2015-03-26 01:30:00,7263000.0,976.12,7.6,282.71,3.56,75.5,10.45,7.89,2.56,5.04,8.08,1207.45,0.56,0.24992893297998178,219.7
2015-03-26 01:40:00,7263600.0,976.22,7.65,282.75,3.68,75.9,10.48,7.96,2.53,5.09,8.15,1207.32,0.23,0.17495025308598727,188.8
2015-03-26 01:50:00,7264200.0,976.3,7.89,282.98,3.71,74.8,10.66,7.97,2.69,5.09,8.17,1206.39,0.49,0.3374040595229754,191.0
2015-03-26 02:00:00,7264800.0,976.39,7.98,283.07,3.76,74.6,10.72,8.0,2.72,5.11,8.19,1206.1,0.63,0.41238273941696996,287.6
2015-03-26 02:10:00,7265400.0,976.41,8.61,283.7,3.96,72.5,11.19,8.12,3.08,5.19,8.31,1203.37,1.29,0.8747512654299362,339.1
2015-03-26 02:20:00,7266000.0,976.53,8.19,283.27,3.92,74.4,10.88,8.09,2.78,5.17,8.29,1205.33,0.81,0.47486497266196537,139.6
2015-03-26 02:30:00,7266600.0,976.6,8.04,283.11,4.17,76.5,10.77,8.24,2.53,5.26,8.43,1205.99,1.49,0.8497583721319381,230.8
2015-03-26 02:40:00,7267200.0,976.68,8.2,283.27,4.57,77.8,10.89,8.47,2.42,5.41,8.67,1205.29,2.28,1.440215476297145,246.0
2015-03-26 02:50:00,7267800.0,976.85,8.06,283.11,4.65,79.0,10.78,8.52,2.26,5.44,8.72,1206.08,2.13,1.3371197914429025,250.0
2015-03-26 03:00:00,7268400.0,976.93,7.83,282.87,4.59,79.9,10.61,8.48,2.13,5.42,8.68,1207.19,1.13,1.2246517716019107,81.2
2015-03-26 03:10:00,7269000.0,976.99,7.69,282.73,4.65,81.0,10.51,8.52,2.0,5.44,8.72,1207.85,1.56,0.8872477120789353,194.2
2015-03-26 03:20:00,7269600.0,977.04,7.46,282.49,4.63,82.2,10.35,8.51,1.84,5.43,8.71,1208.9,2.89,1.4214708063236463,240.7
2015-03-26 03:30:00,7270200.0,977.2,7.29,282.31,4.64,83.2,10.23,8.51,1.72,5.44,8.71,1209.83,2.19,1.4902012628931411,245.4
2015-03-26 03:40:00,7270800.0,977.35,7.18,282.18,4.63,83.8,10.15,8.51,1.64,5.43,8.7,1210.49,1.78,1.387105578038899,230.3
2015-03-26 03:50:00,7271400.0,977.49,7.09,282.08,4.63,84.3,10.09,8.51,1.58,5.43,8.7,1211.06,1.93,1.5526834961381366,237.4
2015-03-26 04:00:00,7272000.0,977.63,6.96,281.94,4.57,84.7,10.0,8.47,1.53,5.41,8.67,1211.8,2.57,1.3121268981449044,251.8
2015-03-26 04:10:00,7272600.0,977.75,6.82,281.79,4.51,85.2,9.9,8.44,1.47,5.38,8.63,1212.59,2.89,1.440215476297145,248.6
2015-03-26 04:20:00,7273200.0,977.9,6.63,281.58,4.51,86.3,9.78,8.44,1.34,5.38,8.63,1213.59,3.24,1.5401870494891376,250.8
2015-03-26 04:30:00,7273800.0,978.06,6.48,281.42,4.47,86.9,9.68,8.41,1.27,5.36,8.6,1214.45,3.01,1.8151088757671174,253.1
2015-03-26 04:40:00,7274400.0,978.21,6.36,281.28,4.41,87.3,9.59,8.37,1.22,5.34,8.56,1215.19,3.26,1.5401870494891376,252.6
2015-03-26 04:50:00,7275000.0,978.33,6.27,281.18,4.37,87.6,9.53,8.35,1.18,5.33,8.54,1215.74,3.15,1.590172836085134,250.8
2015-03-26 05:00:00,7275600.0,978.49,6.2,281.1,4.33,87.8,9.49,8.33,1.16,5.31,8.51,1216.25,3.2,1.6651515159791286,253.0
2015-03-26 05:10:00,7276200.0,978.57,6.15,281.04,4.3,87.9,9.45,8.31,1.14,5.3,8.49,1216.58,3.18,1.4902012628931411,253.8
2015-03-26 05:20:00,7276800.0,978.58,6.1,281.0,4.26,87.9,9.43,8.29,1.14,5.28,8.47,1216.8,3.0,1.427719029648146,252.2
2015-03-26 05:30:00,7277400.0,978.68,6.06,280.95,4.21,87.9,9.4,8.26,1.14,5.27,8.44,1217.12,3.04,1.3527403497541515,249.9
2015-03-26 05:40:00,7278000.0,978.72,5.96,280.84,4.21,88.5,9.33,8.26,1.07,5.27,8.44,1217.61,2.85,1.2871340048469062,252.3
2015-03-26 05:50:00,7278600.0,978.78,5.86,280.74,4.2,89.0,9.27,8.25,1.02,5.26,8.43,1218.11,2.52,1.4027261363501478,248.0
2015-03-26 06:00:00,7279200.0,978.84,5.86,280.74,4.17,88.8,9.27,8.23,1.04,5.25,8.41,1218.19,2.69,1.302754563158155,248.6
2015-03-26 06:10:00,7279800.0,978.91,5.87,280.73,4.09,88.3,9.27,8.19,1.08,5.22,8.36,1218.29,2.76,1.4527119229461443,249.1
2015-03-26 06:20:00,7280400.0,979.02,5.87,280.73,4.02,87.9,9.27,8.15,1.12,5.19,8.33,1218.44,2.36,1.5401870494891376,252.5
2015-03-26 06:30:00,7281000.0,979.14,5.87,280.72,4.01,87.8,9.27,8.14,1.13,5.19,8.32,1218.59,2.02,1.0372050718669243,234.6
2015-03-26 06:40:00,7281600.0,979.32,5.88,280.71,4.0,87.7,9.28,8.14,1.14,5.19,8.31,1218.77,1.87,0.9247370520259326,237.5
2015-03-26 06:50:00,7282200.0,979.47,5.93,280.75,4.02,87.5,9.32,8.15,1.16,5.19,8.32,1218.71,1.93,0.9122406053769334,232.0
2015-03-26 07:00:00,7282800.0,979.57,5.94,280.75,3.98,87.2,9.32,8.13,1.19,5.18,8.3,1218.82,1.5,1.0122121785689262,232.3
2015-03-26 07:10:00,7283400.0,979.68,6.05,280.85,4.06,87.0,9.39,8.17,1.22,5.2,8.34,1218.47,1.17,1.055949741840423,205.9
2015-03-26 07:20:00,7284000.0,979.79,6.13,280.92,4.04,86.4,9.44,8.16,1.28,5.2,8.33,1218.26,1.43,0.6873045656949499,247.5
2015-03-26 07:30:00,7284600.0,979.79,6.12,280.92,4.0,86.2,9.44,8.14,1.3,5.18,8.3,1218.3,2.53,1.4027261363501478,105.7
2015-03-26 07:40:00,7285200.0,979.88,6.12,280.91,4.01,86.3,9.44,8.14,1.29,5.19,8.31,1218.43,2.35,1.1278043100721677,115.2
2015-03-26 07:50:00,7285800.0,980.04,6.2,280.98,4.0,85.7,9.49,8.13,1.36,5.18,8.3,1218.25,1.33,0.7622832455889444,152.6
2015-03-26 08:00:00,7286400.0,980.12,6.34,281.11,4.03,85.1,9.58,8.16,1.43,5.19,8.32,1217.74,0.7,0.49985786595996357,140.2
2015-03-26 08:10:00,7287000.0,980.16,6.42,281.18,3.97,84.3,9.63,8.12,1.51,5.17,8.28,1217.48,0.69,0.5498436525559599,310.9
2015-03-26 08:20:00,7287600.0,980.26,6.33,281.09,3.9,84.4,9.57,8.08,1.49,5.14,8.24,1218.01,1.38,0.7247939056419471,287.9
2015-03-26 08:30:00,7288200.0,980.33,6.33,281.08,3.89,84.3,9.57,8.07,1.5,5.14,8.23,1218.1,1.41,0.7497867989399453,280.5
2015-03-26 08:40:00,7288800.0,980.4,6.38,281.12,3.9,84.1,9.61,8.08,1.53,5.14,8.24,1217.98,1.47,0.8122690321849408,269.9
2015-03-26 08:50:00,7289400.0,980.53,6.42,281.16,3.89,83.8,9.64,8.07,1.56,5.14,8.24,1217.94,1.58,1.1496730917079163,256.9
2015-03-26 09:00:00,7290000.0,980.62,6.48,281.21,3.86,83.3,9.67,8.06,1.62,5.13,8.22,1217.83,1.38,1.0247086252179252,265.8
2015-03-26 09:10:00,7290600.0,980.65,6.56,281.28,3.87,82.9,9.73,8.06,1.66,5.13,8.22,1217.51,1.02,0.9372334986749317,222.7
2015-03-26 09:20:00,7291200.0,980.66,6.7,281.43,3.91,82.3,9.82,8.09,1.74,5.14,8.24,1216.88,0.88,0.5748365458539582,198.5
2015-03-26 09:30:00,7291800.0,980.65,6.86,281.59,3.91,81.4,9.93,8.09,1.85,5.14,8.25,1216.16,1.06,0.5998294391519562,139.1
2015-03-26 09:40:00,7292400.0,980.73,6.99,281.71,3.96,81.0,10.02,8.11,1.9,5.16,8.27,1215.72,0.7,0.5498436525559599,114.1
2015-03-26 09:50:00,7293000.0,980.83,7.01,281.73,3.88,80.4,10.03,8.07,1.97,5.13,8.23,1215.76,0.79,0.6498152257479527,172.6
2015-03-26 10:00:00,7293600.0,980.87,6.96,281.67,3.85,80.5,10.0,8.05,1.95,5.12,8.21,1216.04,1.13,0.6810563423704504,242.4
2015-03-26 10:10:00,7294200.0,980.9,6.96,281.66,3.74,79.9,10.0,7.99,2.01,5.08,8.14,1216.13,1.38,1.1621695383569153,247.4
2015-03-26 10:20:00,7294800.0,980.98,6.9,281.6,3.7,80.0,9.96,7.97,1.99,5.07,8.12,1216.49,1.36,1.1996588783039124,260.7
2015-03-26 10:30:00,7295400.0,981.0,6.84,281.54,3.66,80.1,9.92,7.94,1.97,5.05,8.1,1216.77,1.67,1.0497015185159235,251.5
2015-03-26 10:40:00,7296000.0,981.03,6.8,281.5,3.57,79.8,9.89,7.89,2.0,5.02,8.04,1217.01,1.78,1.262141111548908,243.8
2015-03-26 10:50:00,7296600.0,981.03,6.77,281.46,3.55,79.9,9.87,7.88,1.98,5.01,8.04,1217.15,1.69,1.2683893348734074,247.1
2015-03-26 11:00:00,7297200.0,980.96,6.8,281.5,3.51,79.5,9.89,7.86,2.03,5.0,8.02,1216.93,1.63,1.0497015185159235,261.6
2015-03-26 11:10:00,7297800.0,980.9,6.77,281.48,3.49,79.5,9.87,7.85,2.02,4.99,8.0,1216.99,2.01,1.262141111548908,245.2
2015-03-26 11:20:00,7298400.0,980.95,6.66,281.37,3.38,79.5,9.8,7.79,2.01,4.95,7.94,1217.55,2.14,1.2121553249529116,258.5
2015-03-26 11:30:00,7299000.0,981.03,6.7,281.4,3.47,79.8,9.82,7.84,1.98,4.98,7.99,1217.47,1.63,1.2496446648999089,269.3
2015-03-26 11:40:00,7299600.0,981.06,6.69,281.38,3.51,80.1,9.81,7.86,1.95,5.0,8.01,1217.55,1.62,1.0871908584629206,248.8
2015-03-26 11:50:00,7300200.0,981.02,6.6,281.3,3.39,79.9,9.76,7.8,1.96,4.96,7.95,1217.9,2.47,1.2683893348734074,268.9
2015-03-26 12:00:00,7300800.0,981.09,6.57,281.26,3.4,80.1,9.74,7.8,1.94,4.96,7.95,1218.12,2.06,1.0996873051119198,253.9
2015-03-26 12:10:00,7301400.0,981.1,6.61,281.3,3.49,80.4,9.76,7.85,1.91,4.99,8.0,1217.93,1.55,1.0122121785689262,239.7
2015-03-26 12:20:00,7302000.0,981.04,6.69,281.39,3.5,80.0,9.82,7.85,1.96,5.0,8.01,1217.5,1.46,1.1871624316549134,252.0
2015-03-26 12:30:00,7302600.0,981.12,6.9,281.59,3.57,79.3,9.96,7.9,2.06,5.02,8.05,1216.7,1.13,0.7372903522909462,260.3
2015-03-26 12:40:00,7303200.0,981.14,6.88,281.57,3.54,79.2,9.95,7.88,2.07,5.01,8.03,1216.78,1.43,0.9872192852709281,253.9
2015-03-26 12:50:00,7303800.0,981.16,6.82,281.51,3.54,79.5,9.9,7.87,2.03,5.01,8.03,1217.08,1.69,1.0497015185159235,283.0
2015-03-26 13:00:00,7304400.0,981.17,6.76,281.44,3.56,80.0,9.86,7.89,1.97,5.02,8.04,1217.38,1.13,1.0372050718669243,272.2
2015-03-26 13:10:00,7305000.0,981.14,6.83,281.52,3.58,79.7,9.91,7.9,2.01,5.02,8.05,1217.0,1.02,0.8435101488074386,306.8
2015-03-26 13:20:00,7305600.0,981.14,6.95,281.64,3.66,79.5,9.99,7.95,2.05,5.05,8.1,1216.46,1.44,0.7872761388869426,220.5
2015-03-26 13:30:00,7306200.0,981.14,6.98,281.67,3.67,79.4,10.02,7.95,2.06,5.06,8.1,1216.32,0.85,0.5248507592579618,249.4
2015-03-26 13:40:00,7306800.0,981.13,7.07,281.76,3.67,78.9,10.08,7.95,2.13,5.06,8.1,1215.93,0.86,0.5248507592579618,222.4
2015-03-26 13:50:00,7307400.0,981.14,7.09,281.78,3.64,78.6,10.09,7.93,2.16,5.04,8.08,1215.87,1.0,0.47486497266196537,223.2
2015-03-26 14:00:00,7308000.0,981.14,7.03,281.72,3.6,78.7,10.05,7.91,2.14,5.03,8.06,1216.14,1.43,0.6560634490724522,225.3
2015-03-26 14:10:00,7308600.0,981.15,7.08,281.77,3.59,78.4,10.08,7.9,2.18,5.03,8.06,1215.93,0.79,0.49985786595996357,246.9
2015-03-26 14:20:00,7309200.0,981.13,7.15,281.84,3.55,77.8,10.13,7.88,2.25,5.01,8.03,1215.62,1.72,1.0621979651649225,219.7
2015-03-26 14:30:00,7309800.0,981.11,7.13,281.82,3.42,77.2,10.12,7.81,2.31,4.97,7.96,1215.71,2.54,1.0871908584629206,216.4
2015-03-26 14:40:00,7310400.0,981.09,7.12,281.81,3.28,76.5,10.11,7.73,2.38,4.92,7.88,1215.77,3.07,1.5526834961381366,210.4
2015-03-26 14:50:00,7311000.0,981.1,7.14,281.83,3.28,76.4,10.12,7.74,2.39,4.92,7.88,1215.69,2.72,1.1746659850059142,208.8
2015-03-26 15:00:00,7311600.0,981.02,7.2,281.9,3.32,76.3,10.17,7.76,2.41,4.93,7.91,1215.32,2.4,1.043453295191424,207.4
2015-03-26 15:10:00,7312200.0,980.97,7.34,282.05,3.38,75.9,10.26,7.79,2.47,4.95,7.94,1214.64,1.42,0.6373187790989535,210.8
2015-03-26 15:20:00,7312800.0,980.91,7.46,282.17,3.39,75.3,10.35,7.79,2.56,4.96,7.94,1214.04,2.01,0.8997441587279343,206.8
2015-03-26 15:30:00,7313400.0,980.9,7.56,282.27,3.43,75.0,10.42,7.82,2.61,4.97,7.97,1213.59,1.47,0.862254818780937,216.8
2015-03-26 15:40:00,7314000.0,980.87,7.6,282.32,3.45,74.9,10.45,7.83,2.62,4.98,7.98,1213.37,1.94,0.9622263919729299,206.7
2015-03-26 15:50:00,7314600.0,980.82,7.63,282.35,3.48,74.9,10.47,7.84,2.63,4.99,8.0,1213.17,1.77,0.862254818780937,211.3
2015-03-26 16:00:00,7315200.0,980.86,7.7,282.42,3.55,74.9,10.52,7.88,2.64,5.01,8.03,1212.9,1.62,0.7372903522909462,225.7
2015-03-26 16:10:00,7315800.0,980.88,7.78,282.5,3.6,74.8,10.58,7.91,2.67,5.03,8.07,1212.56,1.82,0.9684746152974294,204.7
2015-03-26 16:20:00,7316400.0,980.81,7.78,282.5,3.6,74.8,10.58,7.91,2.67,5.03,8.07,1212.48,1.86,0.7997725855359417,204.1
2015-03-26 16:30:00,7317000.0,980.83,7.74,282.46,3.51,74.5,10.55,7.86,2.69,5.0,8.01,1212.7,2.2,0.8997441587279343,218.0
2015-03-26 16:40:00,7317600.0,980.89,7.67,282.38,3.48,74.7,10.5,7.84,2.66,4.99,8.0,1213.09,1.88,1.0372050718669243,221.5
2015-03-26 16:50:00,7318200.0,980.91,7.66,282.37,3.54,75.1,10.49,7.88,2.61,5.01,8.03,1213.14,1.96,0.837261925482939,218.1
2015-03-26 17:00:00,7318800.0,980.94,7.73,282.44,3.57,74.9,10.54,7.9,2.65,5.02,8.05,1212.86,1.46,0.712297458992948,195.3
2015-03-26 17:10:00,7319400.0,981.0,7.76,282.47,3.58,74.8,10.56,7.9,2.66,5.03,8.05,1212.81,1.48,0.6498152257479527,210.9
2015-03-26 17:20:00,7320000.0,981.01,7.73,282.43,3.59,75.0,10.54,7.91,2.64,5.03,8.06,1212.94,1.51,0.712297458992948,202.5
2015-03-26 17:30:00,7320600.0,981.0,7.76,282.47,3.79,75.9,10.56,8.02,2.55,5.1,8.17,1212.75,1.23,0.7372903522909462,190.7
2015-03-26 17:40:00,7321200.0,981.01,7.7,282.4,4.01,77.4,10.52,8.14,2.38,5.18,8.3,1212.96,2.14,0.9997157319199271,158.7
2015-03-26 17:50:00,7321800.0,981.01,7.56,282.26,4.02,78.2,10.42,8.15,2.27,5.18,8.31,1213.57,1.79,0.7997725855359417,152.8
2015-03-26 18:00:00,7322400.0,981.01,7.53,282.23,4.05,78.5,10.4,8.16,2.24,5.19,8.32,1213.69,1.8,0.7747796922379435,145.9
2015-03-26 18:10:00,7323000.0,980.99,7.59,282.3,4.1,78.5,10.44,8.2,2.24,5.21,8.36,1213.39,1.1,0.6123258858009554,169.6
2015-03-26 18:20:00,7323600.0,981.02,7.57,282.27,4.08,78.5,10.43,8.19,2.24,5.21,8.34,1213.52,1.3,0.6185741091254549,177.0
2015-03-26 18:30:00,7324200.0,981.02,7.52,282.22,4.11,78.9,10.39,8.2,2.19,5.21,8.36,1213.73,0.9,0.39988629276797083,189.3
2015-03-26 18:40:00,7324800.0,981.02,7.41,282.11,4.09,79.4,10.31,8.19,2.12,5.21,8.35,1214.21,1.11,0.5248507592579618,199.3
2015-03-26 18:50:00,7325400.0,981.05,7.27,281.97,4.04,79.9,10.22,8.16,2.05,5.19,8.32,1214.86,1.01,0.4623685260129663,206.8
2015-03-26 19:00:00,7326000.0,981.14,7.26,281.95,4.03,79.9,10.21,8.16,2.05,5.19,8.31,1215.02,0.53,0.22493603968198359,207.7
2015-03-26 19:10:00,7326600.0,981.14,7.19,281.88,4.02,80.2,10.16,8.15,2.01,5.18,8.3,1215.33,0.52,0.24992893297998178,229.2
2015-03-26 19:20:00,7327200.0,981.21,7.14,281.82,3.99,80.3,10.12,8.13,1.99,5.17,8.29,1215.64,0.91,0.32490761287397635,219.6
2015-03-26 19:30:00,7327800.0,981.3,7.02,281.7,3.96,80.8,10.04,8.11,1.93,5.16,8.27,1216.28,1.14,0.5061060892844631,217.6
2015-03-26 19:40:00,7328400.0,981.36,6.98,281.65,3.96,81.0,10.02,8.11,1.9,5.16,8.27,1216.52,0.99,0.4873614193109645,231.4
2015-03-26 19:50:00,7329000.0,981.48,7.04,281.7,3.96,80.7,10.06,8.11,1.94,5.16,8.27,1216.42,1.46,0.6123258858009554,223.0
2015-03-26 20:00:00,7329600.0,981.49,6.97,281.63,3.98,81.2,10.0,8.12,1.88,5.16,8.28,1216.74,1.71,0.6748081190459508,229.4
2015-03-26 20:10:00,7330200.0,981.53,6.87,281.52,4.02,82.0,9.93,8.15,1.79,5.18,8.3,1217.23,1.47,0.5748365458539582,233.2
2015-03-26 20:20:00,7330800.0,981.64,6.86,281.5,4.02,82.1,9.93,8.15,1.78,5.18,8.3,1217.4,1.46,0.5248507592579618,229.7
2015-03-26 20:30:00,7331400.0,981.72,6.72,281.36,4.01,82.8,9.83,8.14,1.69,5.18,8.29,1218.1,1.46,0.5873329925029571,223.3
2015-03-26 20:40:00,7332000.0,981.77,6.72,281.36,4.0,82.7,9.84,8.14,1.7,5.17,8.29,1218.14,1.58,0.5748365458539582,221.5
2015-03-26 20:50:00,7332600.0,981.77,6.73,281.37,3.61,80.4,9.85,7.92,1.93,5.03,8.06,1218.2,2.08,1.0871908584629206,227.7
2015-03-26 21:00:00,7333200.0,981.82,6.79,281.42,3.0,76.7,9.88,7.58,2.3,4.82,7.72,1218.17,2.63,1.3246233447939035,218.1
2015-03-26 21:10:00,7333800.0,981.85,6.79,281.42,2.53,74.2,9.88,7.33,2.55,4.66,7.47,1218.35,2.96,1.4777048162441424,215.4
2015-03-26 21:20:00,7334400.0,981.89,6.77,281.4,2.36,73.4,9.87,7.24,2.63,4.6,7.38,1218.51,2.52,1.2871340048469062,219.1
2015-03-26 21:30:00,7335000.0,981.96,6.73,281.35,2.24,73.0,9.84,7.18,2.66,4.56,7.32,1218.82,1.96,1.124680198409918,217.8
2015-03-26 21:40:00,7335600.0,981.92,6.72,281.35,2.2,72.8,9.84,7.16,2.68,4.55,7.29,1218.79,1.43,0.7497867989399453,209.1
2015-03-26 21:50:00,7336200.0,981.88,6.67,281.3,2.15,72.8,9.8,7.14,2.67,4.53,7.27,1218.99,1.53,0.6560634490724522,211.1
2015-03-26 22:00:00,7336800.0,981.88,6.69,281.32,2.08,72.3,9.82,7.1,2.72,4.51,7.23,1218.91,1.45,0.6748081190459508,213.2
2015-03-26 22:10:00,7337400.0,981.9,6.74,281.36,2.08,72.1,9.85,7.1,2.75,4.51,7.23,1218.74,1.61,0.7435385756154458,205.4
2015-03-26 22:20:00,7338000.0,981.9,6.7,281.33,2.13,72.5,9.83,7.12,2.7,4.52,7.25,1218.87,1.83,0.9122406053769334,197.2
2015-03-26 22:30:00,7338600.0,981.92,6.72,281.34,2.12,72.4,9.83,7.12,2.71,4.52,7.25,1218.84,2.04,1.0372050718669243,205.8
2015-03-26 22:40:00,7339200.0,981.89,6.69,281.32,2.23,73.1,9.82,7.18,2.64,4.56,7.31,1218.88,2.73,1.1559213150324157,201.0
2015-03-26 22:50:00,7339800.0,981.98,6.65,281.27,2.3,73.7,9.79,7.21,2.57,4.58,7.34,1219.18,2.99,1.2996304514959054,202.5
2015-03-26 23:00:00,7340400.0,982.09,6.65,281.26,2.33,73.8,9.79,7.23,2.56,4.59,7.36,1219.28,2.49,1.112183751760919,204.0
2015-03-26 23:10:00,7341000.0,982.15,6.58,281.19,2.35,74.3,9.74,7.24,2.5,4.6,7.37,1219.65,1.72,0.8747512654299362,209.8
2015-03-26 23:20:00,7341600.0,982.12,6.53,281.13,2.32,74.4,9.71,7.22,2.48,4.59,7.35,1219.87,1.81,0.7935243622114422,216.4
2015-03-26 23:30:00,7342200.0,982.12,6.55,281.16,2.26,74.0,9.72,7.19,2.53,4.57,7.32,1219.79,2.81,1.3121268981449044,215.2
2015-03-26 23:40:00,7342800.0,982.12,6.5,281.1,2.25,74.2,9.69,7.19,2.5,4.56,7.32,1220.02,2.53,1.7526266425221224,218.2
2015-03-26 23:50:00,7343400.0,982.13,6.36,280.97,2.27,75.0,9.59,7.2,2.4,4.57,7.33,1220.62,3.09,1.7401301958731232,220.8
2015-03-27 00:00:00,7344000.0,982.23,6.1,280.7,2.5,77.6,9.43,7.31,2.11,4.65,7.45,1221.81,1.68,0.837261925482939,217.6
2015-03-27 00:10:00,7344600.0,982.28,5.84,280.43,2.72,80.3,9.25,7.43,1.82,4.72,7.56,1222.99,1.42,0.8435101488074386,216.0
2015-03-27 00:20:00,7345200.0,982.36,5.59,280.17,2.79,82.1,9.1,7.47,1.63,4.74,7.6,1224.15,1.79,0.7372903522909462,217.1
2015-03-27 00:30:00,7345800.0,982.37,5.44,280.02,2.86,83.4,9.0,7.51,1.49,4.77,7.64,1224.8,1.29,0.5998294391519562,215.9
2015-03-27 00:40:00,7346400.0,982.36,5.37,279.95,2.88,83.9,8.96,7.51,1.44,4.77,7.65,1225.1,1.26,0.5373472059069608,200.7
2015-03-27 00:50:00,7347000.0,982.31,5.29,279.88,2.87,84.3,8.91,7.51,1.4,4.77,7.64,1225.39,1.53,0.7747796922379435,201.1
2015-03-27 01:00:00,7347600.0,982.37,5.27,279.85,2.81,84.1,8.9,7.48,1.41,4.75,7.62,1225.56,1.79,0.8872477120789353,197.1
2015-03-27 01:10:00,7348200.0,982.4,5.19,279.77,2.72,84.0,8.85,7.43,1.42,4.72,7.56,1225.97,1.56,0.6248223324499544,205.7
2015-03-27 01:20:00,7348800.0,982.43,5.11,279.68,2.87,85.4,8.79,7.51,1.28,4.77,7.64,1226.35,1.35,0.5748365458539582,200.1
2015-03-27 01:30:00,7349400.0,982.46,5.05,279.62,2.82,85.5,8.76,7.49,1.27,4.75,7.62,1226.67,1.57,0.6623116723969518,199.5
2015-03-27 01:40:00,7350000.0,982.51,4.98,279.55,2.72,85.2,8.72,7.43,1.29,4.72,7.56,1227.02,1.7,0.7497867989399453,200.6
2015-03-27 01:50:00,7350600.0,982.5,4.93,279.49,2.61,84.9,8.68,7.37,1.31,4.68,7.5,1227.29,1.74,0.7247939056419471,205.2
2015-03-27 02:00:00,7351200.0,982.5,4.92,279.49,2.52,84.4,8.68,7.33,1.35,4.65,7.46,1227.33,2.15,0.8934959354034349,200.8
2015-03-27 02:10:00,7351800.0,982.51,4.87,279.43,2.38,83.9,8.65,7.25,1.39,4.61,7.38,1227.63,2.0,0.837261925482939,204.9
2015-03-27 02:20:00,7352400.0,982.57,4.87,279.43,2.28,83.3,8.65,7.2,1.44,4.57,7.33,1227.73,2.11,0.9809710619464285,206.9
2015-03-27 02:30:00,7353000.0,982.57,4.85,279.41,2.29,83.4,8.64,7.2,1.43,4.57,7.33,1227.79,2.19,0.8747512654299362,205.8
2015-03-27 02:40:00,7353600.0,982.58,4.83,279.39,2.18,82.9,8.63,7.15,1.48,4.54,7.28,1227.91,2.34,1.0497015185159235,202.5
2015-03-27 02:50:00,7354200.0,982.61,4.98,279.54,2.07,81.4,8.72,7.1,1.62,4.5,7.22,1227.32,2.33,1.0372050718669243,193.4
2015-03-27 03:00:00,7354800.0,982.7,5.07,279.62,2.02,80.6,8.77,7.07,1.7,4.49,7.2,1227.05,2.41,1.2152794366151614,191.8
2015-03-27 03:10:00,7355400.0,982.72,5.07,279.62,2.04,80.7,8.77,7.08,1.69,4.49,7.2,1227.08,1.82,0.9622263919729299,206.2
2015-03-27 03:20:00,7356000.0,982.76,5.0,279.55,2.07,81.3,8.73,7.1,1.63,4.5,7.22,1227.43,2.21,1.1059355284364194,204.8
2015-03-27 03:30:00,7356600.0,982.83,5.14,279.68,1.97,79.9,8.82,7.04,1.77,4.47,7.17,1226.91,3.12,1.3652367964031504,212.0
2015-03-27 03:40:00,7357200.0,982.88,5.15,279.69,2.0,80.0,8.82,7.06,1.76,4.48,7.18,1226.94,2.37,1.0621979651649225,207.9
2015-03-27 03:50:00,7357800.0,982.91,5.11,279.64,2.03,80.4,8.8,7.07,1.72,4.49,7.19,1227.14,2.29,1.1028114167741696,207.0
2015-03-27 04:00:00,7358400.0,982.97,5.11,279.64,2.03,80.4,8.8,7.07,1.72,4.49,7.2,1227.2,2.95,1.3652367964031504,209.7
2015-03-27 04:10:00,7359000.0,983.1,5.2,279.72,2.03,79.9,8.85,7.07,1.78,4.49,7.19,1226.98,2.97,1.4027261363501478,214.2
2015-03-27 04:20:00,7359600.0,983.24,5.16,279.66,2.07,80.4,8.82,7.09,1.73,4.5,7.22,1227.34,2.33,1.2652652232111576,217.7
2015-03-27 04:30:00,7360200.0,983.36,5.14,279.63,2.12,80.8,8.81,7.12,1.69,4.52,7.24,1227.56,2.85,1.3402439031051523,212.9
2015-03-27 04:40:00,7360800.0,983.54,5.04,279.53,2.22,81.9,8.75,7.17,1.58,4.55,7.29,1228.18,2.01,1.327747456456153,236.5
2015-03-27 04:50:00,7361400.0,983.63,4.88,279.36,2.35,83.6,8.66,7.24,1.42,4.59,7.36,1228.97,1.41,0.712297458992948,229.9
2015-03-27 05:00:00,7362000.0,983.76,4.8,279.27,2.45,84.7,8.61,7.29,1.32,4.62,7.41,1229.46,1.38,0.8247654788339399,243.2
2015-03-27 05:10:00,7362600.0,983.84,4.77,279.23,2.5,85.2,8.59,7.32,1.27,4.64,7.44,1229.69,1.83,1.1278043100721677,230.5
2015-03-27 05:20:00,7363200.0,983.87,4.73,279.18,2.56,85.8,8.56,7.35,1.22,4.66,7.47,1229.9,1.86,1.1028114167741696,232.5
2015-03-27 05:30:00,7363800.0,983.94,4.74,279.19,2.57,85.8,8.57,7.35,1.22,4.66,7.47,1229.94,1.74,0.9872192852709281,244.1
2015-03-27 05:40:00,7364400.0,983.95,4.75,279.2,2.55,85.6,8.58,7.34,1.24,4.66,7.46,1229.89,1.55,1.140300756721167,252.3
2015-03-27 05:50:00,7365000.0,984.08,4.7,279.14,2.5,85.6,8.55,7.32,1.23,4.64,7.43,1230.3,1.68,0.8560065954564376,245.1
2015-03-27 06:00:00,7365600.0,984.2,4.63,279.06,2.39,85.3,8.51,7.26,1.25,4.6,7.37,1230.77,1.24,1.3152510098071541,231.4
2015-03-27 06:10:00,7366200.0,984.39,4.55,278.97,2.23,84.8,8.46,7.17,1.29,4.55,7.29,1231.41,2.03,1.1153078634231686,234.5
2015-03-27 06:20:00,7366800.0,984.66,4.48,278.87,2.21,85.1,8.42,7.16,1.25,4.54,7.28,1232.06,1.24,0.8747512654299362,252.4
2015-03-27 06:30:00,7367400.0,984.85,4.39,278.76,2.16,85.4,8.36,7.14,1.22,4.52,7.25,1232.75,1.63,0.9997157319199271,246.6
2015-03-27 06:40:00,7368000.0,985.0,4.42,278.78,2.13,85.0,8.38,7.12,1.26,4.51,7.23,1232.78,2.12,0.837261925482939,253.4
2015-03-27 06:50:00,7368600.0,985.12,4.61,278.96,2.16,84.1,8.49,7.14,1.35,4.52,7.25,1232.1,1.5,0.8247654788339399,250.6
2015-03-27 07:00:00,7369200.0,985.21,4.63,278.98,2.14,83.8,8.51,7.13,1.38,4.51,7.24,1232.11,0.89,0.41238273941696996,248.1
2015-03-27 07:10:00,7369800.0,985.41,4.72,279.05,2.09,83.0,8.56,7.1,1.46,4.5,7.21,1231.98,1.04,0.6560634490724522,236.2
2015-03-27 07:20:00,7370400.0,985.51,4.81,279.14,2.12,82.6,8.62,7.12,1.5,4.5,7.22,1231.68,0.89,0.5998294391519562,204.7
2015-03-27 07:30:00,7371000.0,985.68,4.88,279.19,1.96,81.3,8.65,7.04,1.62,4.45,7.14,1231.65,0.71,0.4061345160924704,213.1
2015-03-27 07:40:00,7371600.0,985.73,4.92,279.23,1.9,80.7,8.68,7.01,1.68,4.43,7.11,1231.54,0.98,0.9997157319199271,216.2
2015-03-27 07:50:00,7372200.0,985.78,5.07,279.37,1.86,79.7,8.77,6.99,1.78,4.42,7.09,1230.96,1.11,0.7747796922379435,204.2
2015-03-27 08:00:00,7372800.0,985.88,5.31,279.6,1.85,78.3,8.92,6.98,1.94,4.42,7.08,1230.02,1.07,0.8747512654299362,240.0
2015-03-27 08:10:00,7373400.0,985.93,5.6,279.89,1.9,77.0,9.1,7.01,2.09,4.43,7.11,1228.8,1.43,0.8247654788339399,247.6
2015-03-27 08:20:00,7374000.0,985.92,6.04,280.33,1.99,75.2,9.38,7.06,2.33,4.46,7.16,1226.83,1.57,0.8872477120789353,228.2
2015-03-27 08:30:00,7374600.0,985.98,6.33,280.62,1.94,73.4,9.57,7.03,2.55,4.45,7.13,1225.63,1.46,1.09656319344967,245.9
2015-03-27 08:40:00,7375200.0,986.08,6.75,281.03,1.92,71.2,9.85,7.02,2.84,4.44,7.12,1223.93,2.95,1.715137302575125,238.1
2015-03-27 08:50:00,7375800.0,986.16,7.76,282.04,2.14,67.49,10.56,7.13,3.43,4.51,7.23,1219.57,3.15,1.702640855926126,240.7
2015-03-27 09:00:00,7376400.0,986.25,8.11,282.39,2.12,65.81,10.82,7.12,3.7,4.5,7.22,1218.16,2.71,1.796364205793619,242.0
2015-03-27 09:10:00,7377000.0,986.3,8.17,282.44,2.11,65.5,10.86,7.12,3.75,4.5,7.21,1217.97,3.74,2.8523139476340424,231.9
2015-03-27 09:20:00,7377600.0,986.35,8.19,282.46,1.91,64.48,10.88,7.01,3.86,4.44,7.11,1217.99,4.53,2.4524276548660713,241.5
2015-03-27 09:30:00,7378200.0,986.39,8.55,282.82,2.04,63.51,11.15,7.08,4.07,4.48,7.18,1216.45,3.3,1.6776479626281278,222.2
2015-03-27 09:40:00,7378800.0,986.49,8.72,282.98,1.63,60.96,11.28,6.87,4.4,4.35,6.97,1215.94,5.56,2.539902781409065,244.5
2015-03-27 09:50:00,7379400.0,986.54,8.5,282.75,1.33,60.54,11.11,6.73,4.38,4.25,6.82,1217.02,4.28,2.152512935290093,247.3
2015-03-27 10:00:00,7380000.0,986.56,8.7,282.95,1.58,60.82,11.26,6.85,4.41,4.33,6.94,1216.12,4.03,2.177505828588091,240.0
2015-03-27 10:10:00,7380600.0,986.66,9.04,283.29,1.87,60.7,11.52,7.0,4.53,4.42,7.09,1214.71,3.87,1.9650662355551067,217.2
2015-03-27 10:20:00,7381200.0,986.7,8.78,283.02,1.41,59.73,11.32,6.76,4.56,4.27,6.85,1215.99,5.48,2.46492410151507,224.1
2015-03-27 10:30:00,7381800.0,986.81,8.69,282.92,1.23,59.35,11.25,6.68,4.57,4.22,6.77,1216.56,3.94,2.140016488641094,243.0
2015-03-27 10:40:00,7382400.0,986.79,9.02,283.26,1.2,57.9,11.51,6.66,4.85,4.21,6.75,1215.12,4.45,2.2899738484290832,220.1
2015-03-27 10:50:00,7383000.0,986.9,8.92,283.15,0.33,54.74,11.43,6.26,5.17,3.95,6.34,1215.87,3.77,2.1150235953430956,248.4
2015-03-27 11:00:00,7383600.0,986.89,9.22,283.45,0.68,55.02,11.67,6.42,5.25,4.06,6.5,1214.49,3.85,2.2149951685350886,237.5
2015-03-27 11:10:00,7384200.0,986.88,9.9,284.13,1.03,53.92,12.21,6.58,5.63,4.16,6.67,1211.49,3.21,1.8276053224161166,220.0
2015-03-27 11:20:00,7384800.0,986.93,10.07,284.3,1.08,53.49,12.35,6.61,5.74,4.17,6.69,1210.81,4.8,2.5836403446805614,239.4
2015-03-27 11:30:00,7385400.0,987.2,9.29,283.49,1.16,56.67,11.72,6.64,5.08,4.2,6.73,1214.47,4.56,2.3524560816740787,251.3
2015-03-27 11:40:00,7386000.0,987.27,8.82,283.02,1.18,58.62,11.35,6.66,4.7,4.2,6.74,1216.57,4.45,2.3399596350250795,251.1
2015-03-27 11:50:00,7386600.0,987.35,8.67,282.86,1.35,59.95,11.24,6.74,4.5,4.26,6.82,1217.28,3.48,2.3462078583495787,265.7
2015-03-27 12:00:00,7387200.0,987.4,8.53,282.71,1.72,62.14,11.13,6.92,4.21,4.37,7.01,1217.86,4.41,2.302470295078082,246.6
2015-03-27 12:10:00,7387800.0,987.54,7.72,281.89,1.92,66.63,10.53,7.02,3.52,4.43,7.11,1221.5,4.33,2.152512935290093,244.5
2015-03-27 12:20:00,7388400.0,987.62,7.21,281.37,2.22,70.5,10.17,7.17,3.0,4.53,7.26,1223.75,3.56,1.8525982157141148,238.8
2015-03-27 12:30:00,7389000.0,987.57,7.29,281.46,2.44,71.2,10.23,7.28,2.95,4.6,7.37,1223.29,2.22,1.1746659850059142,217.1
2015-03-27 12:40:00,7389600.0,987.47,8.42,282.6,2.66,66.98,11.05,7.4,3.65,4.68,7.5,1218.2,4.04,2.414938314919074,213.3
2015-03-27 12:50:00,7390200.0,987.55,9.2,283.37,1.7,59.3,11.65,6.91,4.74,4.36,7.0,1215.16,6.37,3.3646682602430045,252.3
2015-03-27 13:00:00,7390800.0,987.63,9.47,283.64,1.67,58.1,11.86,6.89,4.97,4.35,6.98,1214.11,5.67,2.764838821091048,233.6
2015-03-27 13:10:00,7391400.0,987.68,9.6,283.76,1.45,56.7,11.97,6.79,5.18,4.28,6.87,1213.66,4.48,2.9835266374485325,246.1
2015-03-27 13:20:00,7392000.0,987.67,10.16,284.33,1.41,54.45,12.43,6.77,5.66,4.27,6.85,1211.26,4.62,3.0647535406670268,241.4
2015-03-27 13:30:00,7392600.0,987.7,9.91,284.07,0.78,52.9,12.22,6.46,5.76,4.08,6.54,1212.51,4.91,2.889803287581039,242.6
2015-03-27 13:40:00,7393200.0,987.58,10.26,284.43,0.88,52.05,12.51,6.51,6.0,4.11,6.59,1210.84,4.18,3.046008870693528,221.7
2015-03-27 13:50:00,7393800.0,987.69,10.49,284.66,0.96,51.55,12.7,6.55,6.16,4.13,6.63,1209.98,3.57,1.9900591288531049,256.7
2015-03-27 14:00:00,7394400.0,987.85,10.2,284.35,0.45,50.67,12.46,6.31,6.15,3.98,6.39,1211.52,4.5,2.414938314919074,259.5
2015-03-27 14:10:00,7395000.0,988.06,9.85,283.98,0.63,52.55,12.17,6.4,5.77,4.04,6.47,1213.24,3.63,1.9650662355551067,262.5
2015-03-27 14:20:00,7395600.0,988.23,9.7,283.82,0.6,52.94,12.05,6.38,5.67,4.02,6.45,1214.1,3.57,2.1275200419920948,253.9
2015-03-27 14:30:00,7396200.0,988.43,9.45,283.55,0.44,53.25,11.85,6.31,5.54,3.98,6.38,1215.45,4.03,2.60238501465406,264.6
2015-03-27 14:40:00,7396800.0,988.52,8.94,283.03,0.55,55.53,11.45,6.36,5.09,4.01,6.43,1217.74,6.59,3.502129173381995,246.7
2015-03-27 14:50:00,7397400.0,988.7,8.52,282.6,0.8,58.17,11.13,6.47,4.65,4.08,6.55,1219.72,4.92,2.8335692776605437,249.7
2015-03-27 15:00:00,7398000.0,988.88,8.48,282.54,0.81,58.41,11.09,6.48,4.61,4.09,6.55,1220.12,5.17,2.5149098881110667,245.9
2015-03-27 15:10:00,7398600.0,989.02,8.27,282.32,0.71,58.79,10.94,6.43,4.51,4.05,6.5,1221.22,5.02,2.402441868270075,251.3
2015-03-27 15:20:00,7399200.0,989.07,8.58,282.63,0.85,58.16,11.17,6.5,4.67,4.1,6.57,1219.91,3.74,1.9525697889061076,248.2
2015-03-27 15:30:00,7399800.0,989.14,8.34,282.38,0.64,58.24,10.99,6.4,4.59,4.03,6.47,1221.08,4.17,2.402441868270075,251.0
2015-03-27 15:40:00,7400400.0,989.19,8.24,282.28,0.85,59.51,10.92,6.5,4.42,4.09,6.57,1221.53,2.67,1.9275768956081094,249.4
2015-03-27 15:50:00,7401000.0,989.35,8.33,282.35,0.82,59.01,10.98,6.48,4.5,4.08,6.55,1221.35,3.36,2.6148814613030593,256.4
2015-03-27 16:00:00,7401600.0,989.44,8.23,282.25,0.67,58.77,10.91,6.41,4.5,4.04,6.48,1221.93,3.44,1.8401017690651158,256.7
2015-03-27 16:10:00,7402200.0,989.59,8.0,282.0,0.73,59.97,10.74,6.44,4.3,4.06,6.51,1223.1,4.18,2.2274916151840873,256.9
2015-03-27 16:20:00,7402800.0,989.79,7.72,281.71,0.97,62.19,10.53,6.55,3.98,4.13,6.62,1224.51,3.01,2.2024987218860894,255.6
2015-03-27 16:30:00,7403400.0,990.01,7.31,281.28,1.27,65.36,10.24,6.7,3.55,4.22,6.76,1226.51,4.92,2.439931208217072,245.5
2015-03-27 16:40:00,7404000.0,990.37,6.32,280.26,2.03,73.9,9.57,7.07,2.5,4.45,7.14,1231.12,4.12,2.2149951685350886,252.1
2015-03-27 16:50:00,7404600.0,990.41,5.38,279.31,2.34,80.7,8.96,7.23,1.73,4.55,7.3,1235.26,2.52,1.7776195358201206,226.5
2015-03-27 17:00:00,7405200.0,990.53,5.23,279.14,2.53,82.7,8.87,7.33,1.53,4.62,7.4,1236.04,1.57,1.0122121785689262,231.1
2015-03-27 17:10:00,7405800.0,990.59,5.37,279.28,2.65,82.6,8.95,7.4,1.56,4.66,7.47,1235.46,0.95,0.7747796922379435,229.8
2015-03-27 17:20:00,7406400.0,990.7,5.49,279.4,2.74,82.4,9.03,7.44,1.59,4.69,7.51,1235.01,0.84,0.6123258858009554,257.1
2015-03-27 17:30:00,7407000.0,990.78,5.58,279.48,2.73,81.8,9.09,7.44,1.65,4.68,7.5,1234.73,1.33,0.8747512654299362,241.9
2015-03-27 17:40:00,7407600.0,990.87,5.59,279.48,2.7,81.6,9.1,7.42,1.67,4.67,7.49,1234.8,1.8,0.9247370520259326,222.6
2015-03-27 17:50:00,7408200.0,990.96,5.67,279.55,2.72,81.3,9.14,7.43,1.71,4.68,7.5,1234.58,1.7,1.2683893348734074,226.6
2015-03-27 18:00:00,7408800.0,991.04,5.76,279.64,2.73,80.8,9.21,7.44,1.77,4.68,7.5,1234.25,1.71,1.6401586226811304,235.9
2015-03-27 18:10:00,7409400.0,991.1,5.88,279.76,2.55,79.1,9.28,7.34,1.94,4.62,7.41,1233.84,2.42,1.3246233447939035,229.1
2015-03-27 18:20:00,7410000.0,991.2,5.97,279.84,2.42,77.9,9.34,7.28,2.06,4.58,7.34,1233.6,1.83,1.3371197914429025,235.2
2015-03-27 18:30:00,7410600.0,991.26,6.04,279.9,2.27,76.7,9.38,7.2,2.19,4.53,7.26,1233.41,2.2,1.2121553249529116,236.4
2015-03-27 18:40:00,7411200.0,991.36,6.11,279.97,2.16,75.7,9.43,7.14,2.29,4.49,7.2,1233.24,1.58,1.3683609080654002,242.5
2015-03-27 18:50:00,7411800.0,991.47,6.14,279.99,2.04,74.9,9.45,7.08,2.37,4.45,7.14,1233.28,1.71,1.274637558197907,219.3
2015-03-27 19:00:00,7412400.0,991.56,6.16,280.0,2.02,74.7,9.46,7.07,2.39,4.45,7.13,1233.32,1.25,0.8560065954564376,221.3
2015-03-27 19:10:00,7413000.0,991.69,6.19,280.02,2.0,74.4,9.48,7.06,2.43,4.44,7.12,1233.34,1.5,0.8997441587279343,237.0
2015-03-27 19:20:00,7413600.0,991.79,6.19,280.01,1.92,74.0,9.49,7.02,2.47,4.41,7.08,1233.48,1.61,0.9809710619464285,217.5
2015-03-27 19:30:00,7414200.0,991.86,6.22,280.03,1.95,74.0,9.5,7.03,2.47,4.42,7.09,1233.45,0.72,0.5498436525559599,250.5
2015-03-27 19:40:00,7414800.0,992.03,6.3,280.1,1.91,73.4,9.55,7.01,2.54,4.41,7.07,1233.31,0.75,0.6873045656949499,255.8
2015-03-27 19:50:00,7415400.0,992.1,6.37,280.16,1.65,71.7,9.6,6.88,2.72,4.33,6.94,1233.16,1.65,1.3402439031051523,257.5
2015-03-27 20:00:00,7416000.0,992.16,6.47,280.26,1.49,70.4,9.67,6.8,2.86,4.28,6.86,1232.83,1.39,1.0122121785689262,249.3
2015-03-27 20:10:00,7416600.0,992.3,6.53,280.31,1.45,69.9,9.71,6.78,2.92,4.26,6.84,1232.75,1.64,1.0871908584629206,251.3
2015-03-27 20:20:00,7417200.0,992.44,6.53,280.3,1.45,69.9,9.71,6.78,2.92,4.26,6.84,1232.92,1.78,0.9372334986749317,235.1
2015-03-27 20:30:00,7417800.0,992.52,6.53,280.3,1.54,70.3,9.71,6.83,2.88,4.29,6.88,1232.98,0.87,0.6623116723969518,226.1
2015-03-27 20:40:00,7418400.0,992.58,6.48,280.23,1.5,70.4,9.67,6.81,2.86,4.28,6.86,1233.32,1.24,0.6998010123439491,216.3
2015-03-27 20:50:00,7419000.0,992.67,6.44,280.19,1.48,70.5,9.65,6.8,2.85,4.27,6.85,1233.59,0.91,0.6498152257479527,225.0
2015-03-27 21:00:00,7419600.0,992.77,6.53,280.27,1.45,69.92,9.71,6.79,2.92,4.26,6.84,1233.34,1.34,1.262141111548908,226.2
2015-03-27 21:10:00,7420200.0,992.91,6.53,280.26,1.29,69.13,9.71,6.71,3.0,4.21,6.76,1233.55,2.44,1.6901444092771267,245.8
2015-03-27 21:20:00,7420800.0,993.07,6.59,280.31,1.21,68.42,9.75,6.67,3.08,4.19,6.72,1233.48,2.51,2.015052022151103,263.2
2015-03-27 21:30:00,7421400.0,993.28,6.55,280.25,1.19,68.49,9.72,6.66,3.06,4.18,6.7,1233.92,2.81,1.7526266425221224,256.3
2015-03-27 21:40:00,7422000.0,993.42,6.3,279.99,1.29,70.2,9.55,6.71,2.85,4.21,6.75,1235.19,3.49,2.0650378087470997,264.1
2015-03-27 21:50:00,7422600.0,993.4,5.98,279.67,1.36,72.1,9.35,6.74,2.61,4.23,6.78,1236.55,2.42,1.6151657293831323,257.1
2015-03-27 22:00:00,7423200.0,993.52,5.83,279.51,1.38,73.0,9.25,6.75,2.5,4.24,6.8,1237.38,1.77,1.0871908584629206,277.3
2015-03-27 22:10:00,7423800.0,993.59,5.7,279.37,1.46,74.1,9.16,6.79,2.37,4.26,6.83,1238.03,1.84,1.0309568485424248,259.7
2015-03-27 22:20:00,7424400.0,993.69,5.59,279.26,1.43,74.5,9.1,6.78,2.32,4.25,6.82,1238.63,1.59,0.8747512654299362,241.8
2015-03-27 22:30:00,7425000.0,993.8,5.54,279.2,1.49,75.1,9.06,6.81,2.26,4.27,6.85,1238.98,1.26,0.8747512654299362,256.1
2015-03-27 22:40:00,7425600.0,994.0,5.56,279.2,1.54,75.2,9.08,6.83,2.25,4.28,6.87,1239.11,1.07,0.6373187790989535,249.2
2015-03-27 22:50:00,7426200.0,994.12,5.59,279.22,1.62,75.5,9.1,6.87,2.23,4.31,6.91,1239.12,1.15,0.6873045656949499,242.1
2015-03-27 23:00:00,7426800.0,994.2,5.68,279.3,1.66,75.3,9.15,6.89,2.26,4.32,6.93,1238.84,1.47,0.9997157319199271,265.3
2015-03-27 23:10:00,7427400.0,994.31,5.76,279.37,1.65,74.8,9.2,6.88,2.32,4.32,6.92,1238.61,1.88,1.2777616698601568,272.2
2015-03-27 23:20:00,7428000.0,994.34,5.81,279.42,1.59,74.2,9.24,6.85,2.38,4.3,6.89,1238.43,1.55,1.2027829899661624,259.2
2015-03-27 23:30:00,7428600.0,994.35,5.8,279.42,1.55,74.0,9.23,6.83,2.4,4.28,6.87,1238.49,1.56,1.246520553237659,263.7
2015-03-27 23:40:00,7429200.0,994.41,5.78,279.38,1.54,74.1,9.21,6.83,2.39,4.28,6.87,1238.69,1.68,0.9622263919729299,265.5
2015-03-27 23:50:00,7429800.0,994.44,5.72,279.32,1.55,74.5,9.18,6.84,2.34,4.29,6.87,1238.99,1.64,1.2902581165091558,252.6
2015-03-28 00:00:00,7430400.0,994.54,5.73,279.32,1.54,74.4,9.18,6.83,2.35,4.28,6.87,1239.08,1.42,0.7497867989399453,269.6
2015-03-28 00:10:00,7431000.0,994.61,5.69,279.28,1.46,74.1,9.16,6.79,2.37,4.26,6.83,1239.32,1.8,1.2277758832641605,254.9
2015-03-28 00:20:00,7431600.0,994.61,5.69,279.28,1.45,74.1,9.16,6.79,2.37,4.25,6.82,1239.36,1.07,0.7997725855359417,260.4
2015-03-28 00:30:00,7432200.0,994.63,5.71,279.3,1.42,73.8,9.17,6.77,2.4,4.24,6.8,1239.29,1.24,0.6373187790989535,261.5
2015-03-28 00:40:00,7432800.0,994.67,5.67,279.25,1.38,73.8,9.15,6.75,2.4,4.23,6.79,1239.53,1.63,0.837261925482939,262.6
2015-03-28 00:50:00,7433400.0,994.75,5.65,279.23,1.32,73.6,9.13,6.72,2.41,4.21,6.76,1239.72,1.51,0.9997157319199271,262.0
2015-03-28 01:00:00,7434000.0,994.74,5.66,279.24,1.26,73.2,9.14,6.69,2.45,4.19,6.73,1239.67,1.7,0.9247370520259326,260.2
2015-03-28 01:10:00,7434600.0,994.75,5.63,279.21,1.26,73.4,9.12,6.69,2.43,4.2,6.73,1239.84,1.06,0.5748365458539582,259.1
2015-03-28 01:20:00,7435200.0,994.81,5.6,279.17,1.31,73.8,9.1,6.72,2.38,4.21,6.75,1240.02,0.78,0.6248223324499544,282.5
2015-03-28 01:30:00,7435800.0,994.81,5.57,279.15,1.32,74.0,9.09,6.72,2.36,4.21,6.76,1240.13,1.03,0.8747512654299362,246.7
2015-03-28 01:40:00,7436400.0,994.83,5.48,279.05,1.4,74.9,9.03,6.76,2.27,4.24,6.8,1240.57,1.37,1.0247086252179252,257.0
2015-03-28 01:50:00,7437000.0,994.91,5.38,278.95,1.36,75.2,8.96,6.74,2.22,4.22,6.78,1241.12,1.8,1.2027829899661624,253.5
2015-03-28 02:00:00,7437600.0,994.95,5.34,278.9,1.3,75.1,8.94,6.71,2.23,4.21,6.75,1241.34,1.8,1.302754563158155,255.5
2015-03-28 02:10:00,7438200.0,995.06,5.28,278.84,1.29,75.3,8.9,6.7,2.2,4.2,6.74,1241.74,1.75,0.9372334986749317,252.5
2015-03-28 02:20:00,7438800.0,995.08,5.21,278.77,1.27,75.6,8.86,6.7,2.16,4.2,6.73,1242.1,1.46,0.837261925482939,253.8
2015-03-28 02:30:00,7439400.0,995.09,5.2,278.75,1.28,75.7,8.85,6.7,2.15,4.2,6.73,1242.16,1.5,0.7497867989399453,267.0
2015-03-28 02:40:00,7440000.0,995.04,5.2,278.75,1.26,75.6,8.85,6.69,2.16,4.19,6.72,1242.11,1.51,1.177790096668164,262.9
2015-03-28 02:50:00,7440600.0,995.12,5.17,278.72,1.28,75.9,8.83,6.7,2.13,4.2,6.74,1242.34,2.16,1.3777332430521496,258.6
2015-03-28 03:00:00,7441200.0,995.1,5.14,278.69,1.31,76.2,8.81,6.71,2.1,4.21,6.75,1242.45,1.74,0.9372334986749317,267.4
2015-03-28 03:10:00,7441800.0,994.99,5.1,278.66,1.3,76.4,8.79,6.71,2.07,4.21,6.75,1242.49,1.63,0.8872477120789353,255.2
2015-03-28 03:20:00,7442400.0,994.97,5.07,278.63,1.31,76.6,8.77,6.72,2.05,4.21,6.75,1242.6,1.64,1.0497015185159235,288.1
2015-03-28 03:30:00,7443000.0,995.05,5.07,278.63,1.37,76.9,8.77,6.75,2.03,4.23,6.78,1242.67,0.77,0.837261925482939,247.1
2015-03-28 03:40:00,7443600.0,995.11,5.07,278.62,1.34,76.7,8.77,6.73,2.04,4.22,6.76,1242.74,0.95,0.712297458992948,285.6
2015-03-28 03:50:00,7444200.0,995.13,5.06,278.6,1.34,76.8,8.76,6.73,2.03,4.22,6.76,1242.84,1.29,0.9997157319199271,287.0
2015-03-28 04:00:00,7444800.0,995.14,5.0,278.55,1.34,77.1,8.73,6.73,2.0,4.22,6.76,1243.08,0.98,0.6498152257479527,244.3
2015-03-28 04:10:00,7445400.0,995.27,5.0,278.54,1.38,77.3,8.73,6.75,1.98,4.23,6.78,1243.25,1.38,0.6998010123439491,257.1
2015-03-28 04:20:00,7446000.0,995.27,5.0,278.54,1.39,77.4,8.73,6.76,1.97,4.23,6.79,1243.26,1.52,0.837261925482939,274.0
2015-03-28 04:30:00,7446600.0,995.26,4.95,278.49,1.4,77.7,8.7,6.76,1.94,4.24,6.79,1243.45,1.45,0.8185172555094403,266.4
2015-03-28 04:40:00,7447200.0,995.26,4.92,278.46,1.41,77.9,8.68,6.76,1.92,4.24,6.8,1243.57,0.83,0.6498152257479527,261.7
2015-03-28 04:50:00,7447800.0,995.22,4.93,278.47,1.39,77.8,8.68,6.76,1.93,4.23,6.79,1243.53,1.01,0.6998010123439491,256.9
2015-03-28 05:00:00,7448400.0,995.16,4.87,278.41,1.35,77.9,8.65,6.74,1.91,4.22,6.77,1243.71,1.48,0.862254818780937,255.6
2015-03-28 05:10:00,7449000.0,995.23,4.87,278.41,1.35,77.9,8.65,6.74,1.91,4.22,6.77,1243.8,1.06,0.6873045656949499,279.0
2015-03-28 05:20:00,7449600.0,995.33,4.87,278.4,1.33,77.8,8.65,6.73,1.92,4.22,6.76,1243.94,1.45,0.712297458992948,272.9
2015-03-28 05:30:00,7450200.0,995.37,4.8,278.33,1.29,77.9,8.61,6.71,1.9,4.2,6.74,1244.28,0.99,0.6123258858009554,263.3
2015-03-28 05:40:00,7450800.0,995.38,4.82,278.35,1.29,77.8,8.62,6.71,1.91,4.2,6.74,1244.21,1.12,0.6123258858009554,292.4
2015-03-28 05:50:00,7451400.0,995.42,4.82,278.35,1.24,77.5,8.62,6.68,1.94,4.19,6.71,1244.27,1.14,0.6123258858009554,264.7
2015-03-28 06:00:00,7452000.0,995.43,4.75,278.28,1.19,77.6,8.58,6.66,1.92,4.17,6.69,1244.6,0.78,0.49985786595996357,259.8
2015-03-28 06:10:00,7452600.0,995.49,4.74,278.26,1.17,77.6,8.57,6.65,1.92,4.17,6.68,1244.76,0.99,0.5123543126089626,255.4
2015-03-28 06:20:00,7453200.0,995.56,4.72,278.23,1.13,77.5,8.56,6.63,1.93,4.15,6.66,1244.94,1.09,0.562340099204959,238.4
2015-03-28 06:30:00,7453800.0,995.59,4.67,278.18,1.18,78.0,8.53,6.65,1.88,4.17,6.68,1245.18,0.67,0.38738984611897176,229.3
2015-03-28 06:40:00,7454400.0,995.61,4.67,278.18,1.16,77.9,8.53,6.64,1.88,4.16,6.67,1245.23,0.75,0.37489339946997263,242.5
2015-03-28 06:50:00,7455000.0,995.62,4.67,278.18,1.14,77.8,8.53,6.64,1.89,4.16,6.66,1245.24,0.65,0.32490761287397635,247.8
2015-03-28 07:00:00,7455600.0,995.64,4.65,278.16,1.18,78.1,8.52,6.65,1.87,4.17,6.68,1245.33,0.94,0.4373756327149681,246.1
2015-03-28 07:10:00,7456200.0,995.63,4.66,278.17,1.23,78.3,8.53,6.68,1.85,4.18,6.71,1245.24,0.84,0.44987207936396717,244.3
2015-03-28 07:20:00,7456800.0,995.62,4.71,278.22,1.25,78.2,8.55,6.69,1.86,4.19,6.72,1245.02,0.72,0.4373756327149681,251.2
2015-03-28 07:30:00,7457400.0,995.62,4.76,278.27,1.28,78.1,8.58,6.7,1.88,4.2,6.73,1244.8,0.75,0.38738984611897176,246.8
2015-03-28 07:40:00,7458000.0,995.53,4.84,278.36,1.29,77.7,8.63,6.71,1.92,4.2,6.74,1244.31,0.78,0.5186025359334622,250.8
2015-03-28 07:50:00,7458600.0,995.54,4.87,278.38,1.21,77.1,8.65,6.67,1.98,4.18,6.7,1244.22,1.12,0.5998294391519562,233.0
2015-03-28 08:00:00,7459200.0,995.57,4.98,278.49,1.31,77.1,8.71,6.72,2.0,4.21,6.75,1243.76,1.02,0.4873614193109645,240.5
2015-03-28 08:10:00,7459800.0,995.6,5.09,278.6,1.34,76.6,8.78,6.73,2.06,4.21,6.76,1243.27,0.92,0.5373472059069608,243.7
2015-03-28 08:20:00,7460400.0,995.44,5.17,278.69,1.25,75.7,8.83,6.69,2.15,4.19,6.72,1242.74,1.6,0.837261925482939,242.5
2015-03-28 08:30:00,7461000.0,995.42,5.19,278.71,1.26,75.7,8.84,6.69,2.15,4.19,6.72,1242.65,2.34,1.2308999949264103,220.8
2015-03-28 08:40:00,7461600.0,995.38,5.2,278.73,1.1,74.7,8.85,6.61,2.24,4.14,6.64,1242.55,2.33,1.1996588783039124,222.3
2015-03-28 08:50:00,7462200.0,995.31,5.39,278.93,1.03,73.4,8.97,6.58,2.39,4.12,6.61,1241.64,2.14,1.205907101628412,256.6
2015-03-28 09:00:00,7462800.0,995.24,5.57,279.11,1.06,72.6,9.09,6.6,2.49,4.13,6.63,1240.73,1.69,0.8997441587279343,233.3
2015-03-28 09:10:00,7463400.0,995.16,5.84,279.39,0.85,70.2,9.26,6.5,2.76,4.07,6.53,1239.48,1.79,1.1059355284364194,218.4
2015-03-28 09:20:00,7464000.0,995.07,5.9,279.45,0.46,67.97,9.29,6.32,2.98,3.96,6.35,1239.21,2.16,1.2121553249529116,211.4
2015-03-28 09:30:00,7464600.0,995.04,6.39,279.95,0.03,63.65,9.61,6.12,3.49,3.83,6.15,1237.08,1.6,1.0996873051119198,222.9
2015-03-28 09:40:00,7465200.0,994.98,6.96,280.52,-0.33,59.65,10.0,5.96,4.03,3.74,5.99,1234.59,1.8,0.9372334986749317,168.4
2015-03-28 09:50:00,7465800.0,994.92,6.92,280.49,-1.63,54.36,9.97,5.42,4.55,3.4,5.45,1234.93,1.01,0.6748081190459508,30.68
2015-03-28 10:00:00,7466400.0,994.92,6.73,280.3,-2.36,52.17,9.84,5.13,4.71,3.22,5.16,1235.9,1.28,0.7372903522909462,277.9
2015-03-28 10:10:00,7467000.0,994.74,6.89,280.47,-2.11,52.53,9.95,5.23,4.72,3.28,5.26,1234.92,2.42,1.2871340048469062,265.6
2015-03-28 10:20:00,7467600.0,994.6,7.24,280.83,-1.85,52.29,10.19,5.33,4.86,3.34,5.36,1233.16,1.17,0.712297458992948,180.1
2015-03-28 10:30:00,7468200.0,994.51,7.48,281.08,-1.77,51.75,10.36,5.36,5.0,3.36,5.39,1231.98,1.71,1.124680198409918,326.7
2015-03-28 10:40:00,7468800.0,994.42,7.26,280.87,-1.78,52.48,10.21,5.36,4.85,3.36,5.39,1232.83,0.87,0.6123258858009554,291.0
2015-03-28 10:50:00,7469400.0,994.33,7.93,281.55,-1.69,50.46,10.69,5.39,5.29,3.38,5.42,1229.77,1.46,1.1184319750854186,225.5
2015-03-28 11:00:00,7470000.0,994.16,7.9,281.53,-2.2,48.69,10.67,5.19,5.47,3.26,5.22,1229.78,3.38,2.1150235953430956,226.2
2015-03-28 11:10:00,7470600.0,993.95,7.8,281.45,-2.49,47.99,10.59,5.08,5.51,3.19,5.11,1230.01,4.53,1.9275768956081094,208.2
2015-03-28 11:20:00,7471200.0,993.79,8.07,281.73,-2.16,48.28,10.79,5.21,5.58,3.27,5.24,1228.58,2.15,1.6026692827341331,285.3
2015-03-28 11:30:00,7471800.0,993.56,8.71,282.39,-2.15,46.28,11.27,5.22,6.05,3.27,5.25,1225.49,3.9,2.427434761568073,202.8
2015-03-28 11:40:00,7472400.0,993.32,8.56,282.26,-2.24,46.44,11.16,5.18,5.97,3.25,5.22,1225.87,4.12,1.9838109055286053,206.4
2015-03-28 11:50:00,7473000.0,993.11,8.54,282.26,-2.36,46.06,11.14,5.13,6.01,3.22,5.17,1225.71,4.13,2.177505828588091,218.7
2015-03-28 12:00:00,7473600.0,992.99,8.5,282.23,-2.43,45.96,11.11,5.11,6.0,3.2,5.14,1225.76,4.61,2.0650378087470997,216.2
2015-03-28 12:10:00,7474200.0,992.89,8.12,281.85,-2.41,47.23,10.83,5.11,5.71,3.21,5.15,1227.28,3.34,1.6276621760321313,217.5
2015-03-28 12:20:00,7474800.0,992.78,8.5,282.24,-2.11,47.06,11.11,5.23,5.88,3.28,5.27,1225.44,3.25,1.8026124291181185,216.7
2015-03-28 12:30:00,7475400.0,992.77,9.08,282.83,-2.03,45.51,11.56,5.26,6.3,3.3,5.3,1222.89,3.54,2.283725625104583,210.7
2015-03-28 12:40:00,7476000.0,992.57,9.51,283.27,-2.03,44.21,11.9,5.26,6.64,3.3,5.3,1220.79,3.0,1.6151657293831323,195.9
2015-03-28 12:50:00,7476600.0,992.3,9.67,283.46,-2.44,42.43,12.02,5.1,6.92,3.2,5.14,1219.84,4.13,2.2399880618330865,208.5
2015-03-28 13:00:00,7477200.0,992.12,9.59,283.39,-2.38,42.86,11.96,5.13,6.83,3.22,5.17,1219.95,4.51,1.9900591288531049,200.4
2015-03-28 13:10:00,7477800.0,991.99,9.56,283.37,-2.14,43.72,11.94,5.22,6.72,3.28,5.26,1219.88,3.72,2.177505828588091,214.6
2015-03-28 13:20:00,7478400.0,991.78,9.66,283.49,-2.23,43.13,12.02,5.18,6.83,3.26,5.23,1219.2,4.74,2.3524560816740787,234.6
2015-03-28 13:30:00,7479000.0,991.6,9.81,283.65,-2.16,42.92,12.14,5.21,6.93,3.27,5.25,1218.32,4.53,1.9025840023101113,204.8
2015-03-28 13:40:00,7479600.0,991.43,9.81,283.67,-2.19,42.84,12.14,5.2,6.94,3.27,5.24,1218.12,5.12,2.2274916151840873,211.6
2015-03-28 13:50:00,7480200.0,991.29,9.92,283.79,-1.98,43.17,12.23,5.28,6.95,3.32,5.33,1217.43,3.47,1.6651515159791286,224.9
2015-03-28 14:00:00,7480800.0,991.19,10.09,283.97,-1.87,43.04,12.37,5.32,7.04,3.35,5.37,1216.56,3.35,1.890087555661112,215.2
2015-03-28 14:10:00,7481400.0,990.94,10.18,284.08,-2.04,42.25,12.44,5.26,7.19,3.31,5.31,1215.9,4.69,2.3462078583495787,210.2
2015-03-28 14:20:00,7482000.0,990.66,10.13,284.05,-1.94,42.69,12.4,5.29,7.11,3.33,5.34,1215.75,3.94,2.2024987218860894,209.9
2015-03-28 14:30:00,7482600.0,990.41,10.27,284.21,-1.67,43.17,12.52,5.4,7.11,3.4,5.46,1214.79,4.42,2.402441868270075,221.6
2015-03-28 14:40:00,7483200.0,990.26,10.28,284.23,-1.68,43.09,12.53,5.4,7.13,3.4,5.45,1214.57,3.25,2.171257605263592,206.5
2015-03-28 14:50:00,7483800.0,990.04,10.77,284.74,-1.23,43.11,12.94,5.58,7.36,3.51,5.64,1212.12,3.35,2.427434761568073,202.7
2015-03-28 15:00:00,7484400.0,989.88,10.74,284.73,-1.22,43.23,12.92,5.58,7.33,3.52,5.64,1212.05,3.85,2.0525413620981006,236.4
2015-03-28 15:10:00,7485000.0,989.66,10.71,284.72,-1.4,42.75,12.89,5.51,7.38,3.47,5.57,1211.94,4.09,2.3524560816740787,215.6
2015-03-28 15:20:00,7485600.0,989.46,10.87,284.89,-1.56,41.81,13.03,5.45,7.58,3.43,5.51,1211.04,3.63,1.7901159824691195,221.2
2015-03-28 15:30:00,7486200.0,989.38,10.86,284.89,-1.18,43.02,13.02,5.6,7.42,3.53,5.66,1210.91,4.34,2.152512935290093,192.4
2015-03-28 15:40:00,7486800.0,989.27,10.92,284.96,-1.19,42.83,13.07,5.6,7.47,3.53,5.66,1210.52,3.94,1.7776195358201206,182.1
2015-03-28 15:50:00,7487400.0,989.21,10.97,285.01,-1.19,42.67,13.12,5.6,7.52,3.53,5.66,1210.24,3.4,1.727633749224124,209.1
2015-03-28 16:00:00,7488000.0,989.01,10.93,284.99,-1.15,42.92,13.08,5.61,7.47,3.54,5.68,1210.15,4.38,1.9900591288531049,202.8
2015-03-28 16:10:00,7488600.0,988.9,10.96,285.03,-1.22,42.61,13.11,5.59,7.52,3.52,5.65,1209.91,4.68,2.152512935290093,210.5
2015-03-28 16:20:00,7489200.0,988.81,10.89,284.97,-1.32,42.49,13.05,5.54,7.5,3.49,5.61,1210.11,4.63,2.1900022752370902,207.0
2015-03-28 16:30:00,7489800.0,988.68,10.71,284.8,-1.16,43.51,12.89,5.61,7.28,3.54,5.67,1210.69,4.57,2.264980955131085,221.9
2015-03-28 16:40:00,7490400.0,988.61,10.68,284.77,-1.11,43.75,12.87,5.63,7.24,3.55,5.69,1210.72,5.2,2.439931208217072,215.5
2015-03-28 16:50:00,7491000.0,988.54,10.65,284.75,-1.03,44.11,12.84,5.66,7.18,3.57,5.73,1210.75,5.25,2.402441868270075,207.9
2015-03-28 17:00:00,7491600.0,988.45,10.55,284.65,-0.89,44.86,12.75,5.72,7.03,3.61,5.79,1211.04,4.58,2.0650378087470997,210.8
2015-03-28 17:10:00,7492200.0,988.5,10.61,284.71,-0.72,45.25,12.81,5.79,7.01,3.65,5.86,1210.81,3.44,1.6901444092771267,205.6
2015-03-28 17:20:00,7492800.0,988.4,10.67,284.78,-0.6,45.46,12.86,5.85,7.01,3.69,5.91,1210.41,4.0,2.121271818667595,213.7
2015-03-28 17:30:00,7493400.0,988.41,10.59,284.7,-0.68,45.43,12.79,5.81,6.98,3.66,5.88,1210.78,5.11,2.3774489749720766,213.5
2015-03-28 17:40:00,7494000.0,988.35,10.49,284.6,-0.69,45.71,12.7,5.81,6.9,3.66,5.88,1211.13,5.35,2.2462362851575866,210.4
2015-03-28 17:50:00,7494600.0,988.37,10.42,284.53,-0.64,46.09,12.64,5.83,6.82,3.68,5.9,1211.45,3.68,1.6276621760321313,204.5
2015-03-28 18:00:00,7495200.0,988.31,10.35,284.47,-0.61,46.4,12.59,5.84,6.75,3.68,5.91,1211.67,3.67,1.8276053224161166,205.3
2015-03-28 18:10:00,7495800.0,988.21,10.3,284.42,-0.53,46.85,12.54,5.88,6.67,3.71,5.95,1211.74,2.84,1.427719029648146,197.5
2015-03-28 18:20:00,7496400.0,988.14,10.23,284.36,-0.48,47.25,12.48,5.9,6.59,3.72,5.97,1211.94,2.99,1.6901444092771267,199.2
2015-03-28 18:30:00,7497000.0,988.04,10.14,284.28,-0.35,47.96,12.41,5.95,6.46,3.76,6.02,1212.18,2.11,0.9622263919729299,185.5
2015-03-28 18:40:00,7497600.0,987.89,10.03,284.18,-0.39,48.19,12.32,5.94,6.38,3.75,6.01,1212.47,2.52,1.4652083695951432,200.4
2015-03-28 18:50:00,7498200.0,987.82,10.0,284.15,-0.35,48.43,12.29,5.95,6.34,3.76,6.03,1212.51,2.17,1.0871908584629206,188.1
2015-03-28 19:00:00,7498800.0,987.61,9.94,284.11,-0.38,48.53,12.24,5.94,6.3,3.75,6.02,1212.51,2.03,0.9622263919729299,186.6
2015-03-28 19:10:00,7499400.0,987.5,9.94,284.12,-0.48,48.18,12.24,5.9,6.35,3.72,5.97,1212.4,2.21,1.1996588783039124,187.6
2015-03-28 19:20:00,7500000.0,987.4,9.93,284.12,-0.44,48.35,12.24,5.92,6.32,3.74,5.99,1212.31,2.07,0.8497583721319381,186.5
2015-03-28 19:30:00,7500600.0,987.28,9.91,284.11,-0.37,48.65,12.22,5.94,6.27,3.75,6.02,1212.23,2.28,1.0122121785689262,181.0
2015-03-28 19:40:00,7501200.0,987.23,9.85,284.05,-0.34,48.95,12.17,5.96,6.21,3.76,6.03,1212.42,2.21,0.9497299453239307,185.5
2015-03-28 19:50:00,7501800.0,987.14,9.74,283.95,-0.28,49.52,12.08,5.98,6.1,3.78,6.06,1212.77,1.95,0.9122406053769334,192.8
2015-03-28 20:00:00,7502400.0,987.16,9.68,283.89,-0.33,49.55,12.03,5.96,6.07,3.77,6.04,1213.06,2.18,1.0122121785689262,206.8
2015-03-28 20:10:00,7503000.0,987.16,9.61,283.82,-0.17,50.38,11.98,6.03,5.94,3.81,6.11,1213.33,2.12,0.837261925482939,202.9
2015-03-28 20:20:00,7503600.0,987.16,9.35,283.56,0.34,53.22,11.77,6.26,5.51,3.96,6.34,1214.34,2.24,0.974722838621929,204.0
2015-03-28 20:30:00,7504200.0,987.12,9.11,283.32,0.55,54.92,11.58,6.36,5.22,4.02,6.44,1215.28,2.74,1.3996020246878982,202.2
2015-03-28 20:40:00,7504800.0,987.08,8.9,283.11,0.86,56.97,11.42,6.5,4.91,4.11,6.59,1216.07,2.02,1.5526834961381366,210.6
2015-03-28 20:50:00,7505400.0,986.95,8.79,283.01,1.17,58.68,11.33,6.65,4.68,4.2,6.74,1216.31,2.9,1.4589601462706436,198.5
2015-03-28 21:00:00,7506000.0,986.84,8.68,282.91,1.32,59.75,11.25,6.72,4.53,4.25,6.81,1216.62,3.18,1.5526834961381366,199.5
2015-03-28 21:10:00,7506600.0,986.82,8.68,282.91,1.4,60.1,11.25,6.76,4.49,4.27,6.85,1216.57,3.06,1.9025840023101113,199.8
2015-03-28 21:20:00,7507200.0,986.79,8.66,282.89,1.63,61.2,11.23,6.87,4.36,4.34,6.97,1216.57,4.48,2.0525413620981006,204.8
2015-03-28 21:30:00,7507800.0,986.68,8.64,282.88,1.8,62.03,11.22,6.96,4.26,4.4,7.05,1216.48,4.28,2.1337682653165944,199.3
2015-03-28 21:40:00,7508400.0,986.54,8.57,282.82,1.94,62.95,11.16,7.03,4.14,4.44,7.12,1216.58,4.54,2.1275200419920948,209.9
2015-03-28 21:50:00,7509000.0,986.4,8.54,282.81,2.01,63.41,11.14,7.06,4.08,4.47,7.16,1216.52,3.93,1.715137302575125,199.4
2015-03-28 22:00:00,7509600.0,986.19,8.55,282.83,2.12,63.85,11.15,7.12,4.03,4.5,7.22,1216.19,4.22,2.0900307020450977,203.0
2015-03-28 22:10:00,7510200.0,986.04,8.55,282.84,2.35,64.9,11.15,7.23,3.91,4.58,7.34,1215.95,6.23,2.6648672478990556,206.6
2015-03-28 22:20:00,7510800.0,985.91,8.43,282.74,2.63,66.77,11.06,7.38,3.67,4.67,7.49,1216.24,5.69,2.46492410151507,210.9
2015-03-28 22:30:00,7511400.0,985.75,8.17,282.49,3.12,70.4,10.86,7.65,3.22,4.84,7.76,1217.04,5.44,2.589888568005061,214.7
2015-03-28 22:40:00,7512000.0,985.51,7.74,282.08,3.62,75.1,10.55,7.92,2.63,5.02,8.04,1218.47,5.64,2.652370801250057,212.6
2015-03-28 22:50:00,7512600.0,985.39,7.65,281.99,3.78,76.4,10.48,8.01,2.47,5.07,8.13,1218.68,4.51,2.46492410151507,205.8
2015-03-28 23:00:00,7513200.0,985.23,7.66,282.02,3.82,76.6,10.49,8.04,2.46,5.09,8.16,1218.42,3.86,1.9025840023101113,209.7
2015-03-28 23:10:00,7513800.0,985.11,7.71,282.08,3.89,76.7,10.53,8.07,2.45,5.11,8.2,1218.04,4.83,2.1150235953430956,207.6
2015-03-28 23:20:00,7514400.0,985.01,7.78,282.16,3.94,76.6,10.58,8.1,2.48,5.13,8.23,1217.6,3.8,1.7776195358201206,202.4
2015-03-28 23:30:00,7515000.0,984.88,7.82,282.21,3.98,76.6,10.61,8.13,2.48,5.15,8.25,1217.25,2.93,1.3777332430521496,199.5
2015-03-28 23:40:00,7515600.0,984.76,7.88,282.28,4.04,76.6,10.65,8.16,2.49,5.17,8.28,1216.83,3.5,1.7338819725486234,197.4
2015-03-28 23:50:00,7516200.0,984.66,7.95,282.36,4.07,76.4,10.7,8.18,2.53,5.18,8.3,1216.39,3.5,1.702640855926126,193.1
2015-03-29 00:00:00,7516800.0,984.48,8.0,282.42,4.1,76.3,10.74,8.19,2.54,5.19,8.32,1215.95,3.11,1.7901159824691195,190.7
2015-03-29 00:10:00,7517400.0,984.43,8.06,282.49,4.08,75.9,10.78,8.18,2.6,5.19,8.31,1215.63,3.76,1.977562682204106,194.3
2015-03-29 00:20:00,7518000.0,984.37,8.08,282.51,4.12,76.0,10.8,8.21,2.59,5.2,8.34,1215.46,3.79,1.8151088757671174,195.4
2015-03-29 00:30:00,7518600.0,984.29,8.13,282.57,4.19,76.1,10.83,8.24,2.59,5.23,8.38,1215.12,4.57,2.177505828588091,194.8
2015-03-29 00:40:00,7519200.0,984.22,8.06,282.5,4.21,76.6,10.78,8.26,2.52,5.24,8.39,1215.33,5.87,2.4524276548660713,206.9
2015-03-29 00:50:00,7519800.0,984.12,8.01,282.46,4.27,77.2,10.75,8.3,2.45,5.26,8.43,1215.41,4.88,2.2149951685350886,203.1
2015-03-29 01:00:00,7520400.0,983.98,7.96,282.42,4.34,77.8,10.71,8.33,2.38,5.28,8.47,1215.43,4.52,1.8401017690651158,202.5
2015-03-29 01:10:00,7521000.0,983.96,8.01,282.47,4.48,78.3,10.75,8.41,2.33,5.34,8.55,1215.15,3.12,1.50894593286664,197.6
2015-03-29 01:20:00,7521600.0,983.99,8.11,282.57,4.63,78.6,10.82,8.5,2.32,5.39,8.64,1214.72,4.13,1.9650662355551067,204.4
2015-03-29 01:30:00,7522200.0,983.79,7.95,282.43,4.95,81.3,10.7,8.7,2.0,5.52,8.84,1215.07,4.56,2.2149951685350886,208.1
2015-03-29 01:40:00,7522800.0,983.33,7.75,282.26,5.24,84.1,10.56,8.88,1.68,5.64,9.03,1215.28,5.07,2.165009381939092,200.8
2015-03-29 01:50:00,7523400.0,983.08,7.72,282.25,5.35,84.9,10.53,8.94,1.59,5.68,9.1,1215.07,4.05,1.9400733422571086,204.5
2015-03-29 02:00:00,7524000.0,982.94,7.76,282.31,5.37,84.8,10.56,8.96,1.61,5.69,9.11,1214.72,4.44,1.9025840023101113,201.7
2015-03-29 02:10:00,7524600.0,982.67,7.81,282.38,5.42,84.8,10.6,8.99,1.61,5.71,9.15,1214.15,5.17,2.0775342553960985,208.0
2015-03-29 02:20:00,7525200.0,982.33,7.96,282.56,5.5,84.4,10.71,9.04,1.67,5.74,9.2,1213.06,4.8,2.9647819674750338,202.0
2015-03-29 02:30:00,7525800.0,982.08,8.17,282.79,5.48,83.1,10.86,9.03,1.84,5.74,9.19,1211.85,5.79,2.7398459277930503,204.0
2015-03-29 02:40:00,7526400.0,981.99,8.38,283.01,5.48,81.9,11.02,9.03,1.99,5.74,9.19,1210.83,5.12,2.5274063347600655,204.4
2015-03-29 02:50:00,7527000.0,981.85,8.22,282.86,5.57,83.3,10.9,9.08,1.82,5.77,9.25,1211.32,3.09,1.521442379515639,184.3
2015-03-29 03:00:00,7527600.0,981.91,8.29,282.92,5.58,83.0,10.95,9.09,1.86,5.78,9.26,1211.09,3.82,1.796364205793619,198.9
2015-03-29 03:10:00,7528200.0,981.72,8.46,283.11,5.56,81.9,11.08,9.07,2.01,5.77,9.24,1210.13,3.09,1.977562682204106,192.7
2015-03-29 03:20:00,7528800.0,981.72,8.44,283.09,5.64,82.5,11.06,9.13,1.94,5.8,9.3,1210.19,2.99,1.7901159824691195,186.5
2015-03-29 03:30:00,7529400.0,981.56,8.6,283.26,5.69,81.9,11.19,9.16,2.02,5.83,9.33,1209.29,3.49,1.5651799427871358,192.6
2015-03-29 03:40:00,7530000.0,981.26,8.95,283.64,5.8,80.6,11.45,9.23,2.22,5.87,9.41,1207.39,5.15,3.0397606473690284,206.5
2015-03-29 03:50:00,7530600.0,980.8,8.86,283.59,6.03,82.4,11.38,9.38,2.0,5.97,9.56,1207.14,6.13,2.764838821091048,205.9
2015-03-29 04:00:00,7531200.0,980.36,8.97,283.74,6.02,81.7,11.47,9.37,2.1,5.97,9.56,1206.13,6.29,2.939789074177036,206.2
2015-03-29 04:10:00,7531800.0,980.18,9.21,283.99,5.91,79.8,11.66,9.3,2.35,5.92,9.49,1204.91,7.06,3.495880950057495,206.9
2015-03-29 04:20:00,7532400.0,980.23,9.27,284.05,5.84,79.1,11.7,9.26,2.45,5.9,9.45,1204.74,5.99,2.864810394283041,209.2
2015-03-29 04:30:00,7533000.0,980.26,9.33,284.11,5.85,78.8,11.75,9.26,2.49,5.9,9.45,1204.52,7.04,3.15222866721002,210.2
2015-03-29 04:40:00,7533600.0,980.23,9.42,284.2,5.9,78.6,11.82,9.29,2.53,5.92,9.48,1204.08,6.49,2.5024134414620676,211.1
2015-03-29 04:50:00,7534200.0,979.94,9.49,284.29,6.11,79.4,11.88,9.43,2.45,6.01,9.63,1203.36,6.18,3.2022144538060164,210.2
2015-03-29 05:00:00,7534800.0,979.88,9.53,284.34,6.33,80.4,11.91,9.58,2.33,6.1,9.77,1203.05,6.96,2.977278414124033,211.1
2015-03-29 05:10:00,7535400.0,979.76,9.52,284.34,6.45,81.1,11.9,9.65,2.25,6.15,9.85,1202.91,6.19,2.6961083645215536,208.2
2015-03-29 05:20:00,7536000.0,979.59,9.5,284.33,6.54,81.7,11.89,9.71,2.18,6.19,9.91,1202.76,6.68,3.2397037937530135,208.7
2015-03-29 05:30:00,7536600.0,979.53,9.59,284.43,6.64,81.8,11.96,9.78,2.18,6.24,9.99,1202.27,5.66,2.677363694548055,208.4
2015-03-29 05:40:00,7537200.0,979.41,9.6,284.45,6.67,81.9,11.97,9.8,2.17,6.25,10.01,1202.07,6.23,3.0585053173425267,209.3
2015-03-29 05:50:00,7537800.0,979.42,9.58,284.43,6.69,82.1,11.95,9.81,2.14,6.26,10.02,1202.16,5.96,2.3524560816740787,208.9
2015-03-29 06:00:00,7538400.0,979.48,9.64,284.48,6.73,82.0,12.0,9.84,2.16,6.27,10.05,1201.97,6.05,2.939789074177036,208.8
2015-03-29 06:10:00,7539000.0,979.39,9.66,284.51,6.75,82.0,12.02,9.85,2.16,6.28,10.06,1201.77,5.5,2.389945421621076,203.7
2015-03-29 06:20:00,7539600.0,979.29,9.7,284.56,6.78,82.0,12.05,9.88,2.17,6.3,10.09,1201.46,5.11,2.2899738484290832,202.2
2015-03-29 06:30:00,7540200.0,979.3,9.76,284.62,6.81,81.8,12.1,9.9,2.2,6.31,10.1,1201.21,3.37,1.6276621760321313,194.0
2015-03-29 06:40:00,7540800.0,979.17,9.79,284.66,6.8,81.6,12.12,9.89,2.23,6.31,10.1,1200.92,3.92,1.702640855926126,208.0
2015-03-29 06:50:00,7541400.0,978.96,9.85,284.74,6.79,81.2,12.17,9.88,2.29,6.3,10.1,1200.42,4.66,2.0775342553960985,208.2
2015-03-29 07:00:00,7542000.0,978.95,9.97,284.86,6.78,80.5,12.27,9.88,2.39,6.3,10.09,1199.9,4.77,2.140016488641094,214.0
2015-03-29 07:10:00,7542600.0,978.74,10.09,285.0,6.79,79.9,12.37,9.88,2.49,6.3,10.1,1199.13,5.63,2.6273779079520585,208.1
2015-03-29 07:20:00,7543200.0,978.69,10.14,285.05,6.82,79.8,12.41,9.9,2.51,6.32,10.12,1198.85,5.44,2.6273779079520585,211.2
2015-03-29 07:30:00,7543800.0,978.61,10.06,284.98,6.96,81.0,12.34,10.0,2.35,6.38,10.22,1199.04,5.93,2.60238501465406,208.1
2015-03-29 07:40:00,7544400.0,978.46,10.13,285.06,7.04,81.1,12.4,10.06,2.34,6.42,10.28,1198.53,6.08,2.7398459277930503,207.3
2015-03-29 07:50:00,7545000.0,978.35,10.3,285.24,7.1,80.5,12.54,10.1,2.45,6.44,10.32,1197.66,5.69,2.6648672478990556,207.9
2015-03-29 08:00:00,7545600.0,978.28,10.19,285.14,7.26,82.0,12.45,10.21,2.24,6.52,10.44,1197.99,7.71,3.0897464339650247,209.6
2015-03-29 08:10:00,7546200.0,978.23,9.93,284.88,7.46,84.6,12.24,10.35,1.88,6.61,10.58,1198.96,5.94,2.5149098881110667,210.6
2015-03-29 08:20:00,7546800.0,978.1,10.14,285.1,7.48,83.5,12.41,10.36,2.05,6.62,10.59,1197.91,5.35,2.2399880618330865,213.3
2015-03-29 08:30:00,7547400.0,978.13,10.49,285.45,7.47,81.5,12.7,10.35,2.35,6.61,10.59,1196.47,3.45,1.7901159824691195,215.0
2015-03-29 08:40:00,7548000.0,978.28,10.76,285.71,7.31,79.2,12.93,10.24,2.69,6.54,10.47,1195.57,3.15,1.7526266425221224,229.4
2015-03-29 08:50:00,7548600.0,978.18,10.92,285.88,7.15,77.5,13.07,10.13,2.94,6.47,10.36,1194.82,4.72,2.9522855208260346,214.0
2015-03-29 09:00:00,7549200.0,978.18,10.91,285.87,7.05,77.0,13.06,10.06,3.0,6.42,10.28,1194.9,5.36,2.764838821091048,212.5
2015-03-29 09:10:00,7549800.0,978.19,10.97,285.93,7.05,76.7,13.12,10.06,3.06,6.42,10.29,1194.66,4.29,2.0775342553960985,211.7
2015-03-29 09:20:00,7550400.0,978.24,10.89,285.84,7.16,77.7,13.05,10.14,2.91,6.47,10.36,1195.02,5.34,2.2587327318065853,208.5
2015-03-29 09:30:00,7551000.0,978.17,10.43,285.39,7.43,81.6,12.65,10.32,2.33,6.59,10.56,1196.78,4.35,2.2274916151840873,209.6
2015-03-29 09:40:00,7551600.0,978.05,10.58,285.55,7.52,81.3,12.78,10.39,2.39,6.63,10.62,1195.97,4.39,1.896335778985612,208.7
2015-03-29 09:50:00,7552200.0,977.89,10.93,285.91,7.44,79.0,13.08,10.33,2.75,6.6,10.57,1194.33,4.84,2.0400449154491014,207.1
2015-03-29 10:00:00,7552800.0,977.73,11.18,286.18,7.27,76.8,13.3,10.22,3.09,6.52,10.45,1193.14,4.1,2.0900307020450977,212.1
2015-03-29 10:10:00,7553400.0,977.59,11.26,286.27,7.0,75.0,13.37,10.03,3.34,6.41,10.26,1192.72,5.53,2.402441868270075,208.2
2015-03-29 10:20:00,7554000.0,977.5,11.26,286.28,6.87,74.3,13.37,9.94,3.44,6.35,10.16,1192.65,5.9,2.8023281610380457,207.8
2015-03-29 10:30:00,7554600.0,977.45,11.22,286.24,6.85,74.4,13.34,9.92,3.41,6.34,10.15,1192.76,5.37,2.2149951685350886,207.5
2015-03-29 10:40:00,7555200.0,977.44,10.96,285.98,6.89,75.9,13.11,9.95,3.16,6.36,10.18,1193.83,4.3,2.0400449154491014,210.8
2015-03-29 10:50:00,7555800.0,977.32,10.81,285.84,6.97,77.1,12.98,10.01,2.97,6.39,10.24,1194.29,3.55,1.9900591288531049,219.0
2015-03-29 11:00:00,7556400.0,977.2,10.59,285.63,7.02,78.5,12.79,10.04,2.75,6.42,10.27,1195.05,3.76,1.715137302575125,211.0
2015-03-29 11:10:00,7557000.0,977.04,10.43,285.48,7.32,81.0,12.65,10.25,2.4,6.55,10.49,1195.43,3.46,1.3996020246878982,206.6
2015-03-29 11:20:00,7557600.0,976.88,10.31,285.37,7.59,83.2,12.55,10.44,2.11,6.68,10.69,1195.65,3.39,1.5526834961381366,202.9
2015-03-29 11:30:00,7558200.0,976.66,10.21,285.29,7.77,84.8,12.47,10.57,1.9,6.76,10.83,1195.74,3.11,1.3121268981449044,197.0
2015-03-29 11:40:00,7558800.0,976.46,10.1,285.2,7.82,85.7,12.38,10.61,1.77,6.78,10.86,1195.94,4.66,1.8775911090121131,203.9
2015-03-29 11:50:00,7559400.0,976.24,10.25,285.37,7.92,85.4,12.5,10.68,1.83,6.83,10.94,1195.01,3.99,1.8276053224161166,200.6
2015-03-29 12:00:00,7560000.0,976.12,10.63,285.76,7.64,81.7,12.82,10.48,2.35,6.7,10.73,1193.35,4.81,2.6273779079520585,209.9
2015-03-29 12:10:00,7560600.0,975.96,10.72,285.86,7.33,79.5,12.9,10.26,2.64,6.56,10.51,1192.88,5.98,2.5586474513825634,211.2
2015-03-29 12:20:00,7561200.0,975.83,10.69,285.84,7.0,77.9,12.87,10.03,2.85,6.42,10.28,1192.95,5.99,2.6898601411970535,208.4
2015-03-29 12:30:00,7561800.0,975.81,10.67,285.82,6.74,76.6,12.86,9.85,3.01,6.3,10.09,1193.1,4.03,2.2399880618330865,216.2
2015-03-29 12:40:00,7562400.0,975.76,10.58,285.74,6.8,77.4,12.78,9.89,2.89,6.33,10.14,1193.39,2.87,1.3683609080654002,213.8
2015-03-29 12:50:00,7563000.0,975.73,10.58,285.74,6.78,77.3,12.78,9.88,2.9,6.32,10.13,1193.36,2.73,1.3496162380919017,214.3
2015-03-29 13:00:00,7563600.0,975.61,10.57,285.74,6.68,76.8,12.77,9.81,2.96,6.28,10.05,1193.29,3.2,1.6151657293831323,210.4
2015-03-29 13:10:00,7564200.0,975.56,10.47,285.64,6.77,77.8,12.69,9.87,2.82,6.32,10.12,1193.62,2.45,1.427719029648146,217.6
2015-03-29 13:20:00,7564800.0,975.44,10.4,285.58,6.98,79.3,12.63,10.01,2.61,6.41,10.27,1193.7,2.18,1.4589601462706436,216.4
2015-03-29 13:30:00,7565400.0,975.31,10.2,285.39,7.09,81.0,12.46,10.09,2.37,6.46,10.35,1194.35,3.38,1.6026692827341331,211.2
2015-03-29 13:40:00,7566000.0,975.0,9.99,285.21,7.1,82.2,12.29,10.1,2.19,6.47,10.36,1194.85,4.4,1.8775911090121131,205.1
2015-03-29 13:50:00,7566600.0,974.77,9.82,285.06,7.23,83.9,12.15,10.19,1.96,6.53,10.45,1195.24,4.13,1.7901159824691195,206.0
2015-03-29 14:00:00,7567200.0,974.55,9.85,285.1,7.51,85.3,12.17,10.38,1.79,6.65,10.65,1194.76,3.26,1.4902012628931411,200.9
2015-03-29 14:10:00,7567800.0,974.34,9.97,285.24,7.49,84.5,12.27,10.37,1.9,6.65,10.64,1194.0,5.03,2.439931208217072,202.3
2015-03-29 14:20:00,7568400.0,974.21,9.92,285.2,7.44,84.5,12.23,10.33,1.9,6.62,10.61,1194.06,4.43,1.9275768956081094,205.8
2015-03-29 14:30:00,7569000.0,973.95,9.92,285.23,7.32,83.8,12.23,10.25,1.98,6.57,10.52,1193.78,5.86,2.5024134414620676,210.4
2015-03-29 14:40:00,7569600.0,973.61,9.99,285.32,7.0,81.6,12.29,10.03,2.26,6.43,10.3,1193.17,6.5,2.814824607687045,211.4
2015-03-29 14:50:00,7570200.0,973.41,10.19,285.54,6.79,79.4,12.45,9.89,2.56,6.34,10.16,1192.15,6.48,2.814824607687045,211.5
2015-03-29 15:00:00,7570800.0,973.21,10.34,285.71,6.66,77.9,12.58,9.8,2.78,6.29,10.07,1191.31,6.02,2.677363694548055,211.5
2015-03-29 15:10:00,7571400.0,972.98,10.4,285.79,6.4,76.2,12.63,9.62,3.01,6.17,9.89,1190.86,7.09,3.2397037937530135,210.7
2015-03-29 15:20:00,7572000.0,972.77,10.35,285.76,6.16,75.2,12.59,9.46,3.12,6.07,9.73,1190.89,7.76,3.395909376865502,216.0
2015-03-29 15:30:00,7572600.0,972.64,10.29,285.71,6.16,75.5,12.54,9.46,3.07,6.07,9.73,1190.98,6.67,3.5271220666799925,215.8
2015-03-29 15:40:00,7573200.0,972.47,10.24,285.67,6.17,75.8,12.49,9.47,3.02,6.08,9.74,1190.98,6.85,3.1959662304815173,212.5
2015-03-29 15:50:00,7573800.0,972.35,10.15,285.59,6.22,76.5,12.42,9.5,2.92,6.1,9.77,1191.19,7.16,3.0772499873160255,212.3
2015-03-29 16:00:00,7574400.0,972.07,10.06,285.52,6.24,77.1,12.34,9.52,2.83,6.11,9.79,1191.22,6.54,3.227207347104015,210.3
2015-03-29 16:10:00,7575000.0,971.77,10.15,285.64,6.22,76.5,12.42,9.5,2.92,6.1,9.78,1190.48,6.56,3.1772215605080185,205.9
2015-03-29 16:20:00,7575600.0,971.48,10.23,285.74,6.18,75.9,12.48,9.48,3.01,6.09,9.75,1189.8,6.52,3.102242880614024,210.1
2015-03-29 16:30:00,7576200.0,971.23,10.26,285.8,6.19,75.8,12.51,9.48,3.03,6.1,9.76,1189.36,5.58,2.9960230840975317,196.6
2015-03-29 16:40:00,7576800.0,970.96,10.3,285.86,6.15,75.4,12.54,9.46,3.09,6.08,9.74,1188.88,5.42,2.652370801250057,199.4
2015-03-29 16:50:00,7577400.0,970.67,10.31,285.89,6.09,75.0,12.55,9.41,3.14,6.05,9.7,1188.5,6.23,3.052257094018027,203.4
2015-03-29 17:00:00,7578000.0,970.47,10.44,286.04,6.11,74.5,12.66,9.43,3.23,6.07,9.72,1187.7,6.21,3.5271220666799925,203.1
2015-03-29 17:10:00,7578600.0,970.25,10.62,286.24,6.01,73.1,12.81,9.37,3.45,6.03,9.65,1186.71,7.69,3.6270936398719855,198.2
2015-03-29 17:20:00,7579200.0,970.1,10.73,286.37,6.0,72.5,12.91,9.36,3.55,6.02,9.65,1186.07,7.5,3.15222866721002,202.9
2015-03-29 17:30:00,7579800.0,969.76,10.73,286.39,6.02,72.6,12.91,9.37,3.54,6.03,9.66,1185.64,7.8,3.97699414604396,203.6
2015-03-29 17:40:00,7580400.0,969.54,10.67,286.35,6.02,72.9,12.86,9.37,3.48,6.04,9.67,1185.62,7.0,3.1772215605080185,203.1
2015-03-29 17:50:00,7581000.0,969.27,10.66,286.36,6.05,73.1,12.85,9.39,3.46,6.05,9.69,1185.32,7.12,3.439646940136999,205.6
2015-03-29 18:00:00,7581600.0,968.99,10.6,286.33,6.13,73.8,12.8,9.44,3.35,6.08,9.75,1185.21,7.17,3.1397322205610214,204.5
2015-03-29 18:10:00,7582200.0,968.82,10.59,286.33,6.26,74.5,12.79,9.53,3.26,6.14,9.83,1185.0,8.32,4.139447952480948,205.3
2015-03-29 18:20:00,7582800.0,968.72,10.25,286.0,6.5,77.5,12.5,9.69,2.81,6.24,10.0,1186.22,8.08,3.5271220666799925,204.5
2015-03-29 18:30:00,7583400.0,968.51,9.9,285.66,6.73,80.6,12.21,9.84,2.37,6.35,10.16,1187.36,6.54,3.1397322205610214,202.1
2015-03-29 18:40:00,7584000.0,968.22,9.69,285.47,6.88,82.6,12.04,9.95,2.1,6.41,10.27,1187.84,5.93,2.8773068409320404,198.3
2015-03-29 18:50:00,7584600.0,967.95,9.7,285.51,6.96,83.0,12.05,10.0,2.05,6.45,10.33,1187.44,6.76,3.333427143620507,205.4
2015-03-29 19:00:00,7585200.0,967.67,9.77,285.6,6.98,82.7,12.11,10.01,2.09,6.46,10.35,1186.79,6.57,3.2022144538060164,204.8
2015-03-29 19:10:00,7585800.0,967.4,9.82,285.68,7.01,82.6,12.15,10.03,2.11,6.48,10.37,1186.24,5.55,2.4524276548660713,201.6
2015-03-29 19:20:00,7586400.0,967.1,9.88,285.76,7.03,82.4,12.2,10.05,2.15,6.49,10.39,1185.61,6.9,3.4146540468390008,200.9
2015-03-29 19:30:00,7587000.0,966.75,9.83,285.74,7.09,83.0,12.15,10.09,2.07,6.52,10.44,1185.37,7.9,3.6270936398719855,202.4
2015-03-29 19:40:00,7587600.0,966.52,9.93,285.86,7.17,82.9,12.24,10.14,2.09,6.55,10.5,1184.65,8.39,3.7770509996599744,200.3
2015-03-29 19:50:00,7588200.0,966.04,10.04,286.01,7.26,82.8,12.33,10.21,2.12,6.6,10.57,1183.57,8.49,3.83953323290497,201.1
2015-03-29 20:00:00,7588800.0,965.79,10.01,286.0,7.37,83.6,12.3,10.28,2.02,6.65,10.65,1183.35,8.03,3.314682473647008,205.0
2015-03-29 20:10:00,7589400.0,965.48,10.21,286.23,7.37,82.5,12.47,10.29,2.18,6.65,10.65,1182.13,7.71,3.3521718135940057,205.0
2015-03-29 20:20:00,7590000.0,965.42,10.32,286.35,7.37,81.9,12.56,10.29,2.27,6.65,10.66,1181.6,10.41,4.276908865619938,209.5
2015-03-29 20:30:00,7590600.0,965.48,10.02,286.04,7.47,84.1,12.31,10.35,1.96,6.7,10.72,1182.89,7.84,4.539334245248919,201.4
2015-03-29 20:40:00,7591200.0,965.31,9.97,286.0,7.57,85.0,12.27,10.43,1.84,6.75,10.8,1182.86,6.51,2.977278414124033,203.1
2015-03-29 20:50:00,7591800.0,965.18,10.12,286.17,7.62,84.4,12.39,10.46,1.93,6.77,10.84,1182.06,5.63,2.9647819674750338,201.5
2015-03-29 21:00:00,7592400.0,965.0,10.25,286.31,7.66,83.9,12.5,10.49,2.01,6.79,10.87,1181.28,7.09,2.864810394283041,205.9
2015-03-29 21:10:00,7593000.0,964.69,10.35,286.44,7.63,83.2,12.59,10.47,2.11,6.78,10.85,1180.49,5.61,2.3774489749720766,201.7
2015-03-29 21:20:00,7593600.0,964.46,10.53,286.64,7.54,81.7,12.74,10.41,2.33,6.74,10.79,1179.49,5.92,2.702356587846053,206.3
2015-03-29 21:30:00,7594200.0,964.38,10.6,286.72,7.47,80.9,12.8,10.35,2.44,6.7,10.74,1179.13,4.18,1.9275768956081094,204.8
2015-03-29 21:40:00,7594800.0,964.22,10.69,286.82,7.37,79.9,12.87,10.29,2.59,6.66,10.67,1178.59,4.29,2.2149951685350886,207.8
2015-03-29 21:50:00,7595400.0,964.35,10.47,286.59,7.48,81.7,12.69,10.37,2.32,6.71,10.75,1179.62,3.95,2.015052022151103,211.5
2015-03-29 22:00:00,7596000.0,964.46,10.08,286.19,7.65,84.8,12.36,10.48,1.88,6.79,10.87,1181.33,3.18,2.102527148694097,221.3
2015-03-29 22:10:00,7596600.0,964.55,9.7,285.8,7.73,87.5,12.05,10.54,1.51,6.83,10.93,1183.0,2.87,2.314966741727081,252.1
2015-03-29 22:20:00,7597200.0,964.54,9.3,285.39,7.37,87.7,11.73,10.29,1.44,6.66,10.66,1184.78,4.45,2.9522855208260346,250.2
2015-03-29 22:30:00,7597800.0,964.93,9.01,285.07,6.78,85.9,11.5,9.88,1.62,6.39,10.24,1186.67,5.36,2.8085763843625453,253.4
2015-03-29 22:40:00,7598400.0,965.67,7.9,283.88,5.25,83.3,10.67,8.88,1.78,5.74,9.2,1192.74,5.66,3.3021860269980094,276.5
2015-03-29 22:50:00,7599000.0,965.37,6.92,282.91,4.54,84.8,9.97,8.45,1.52,5.46,8.76,1196.76,3.63,2.439931208217072,267.7
2015-03-29 23:00:00,7599600.0,965.27,7.17,283.18,4.12,80.9,10.15,8.21,1.94,5.31,8.5,1195.67,4.33,2.8023281610380457,262.0
2015-03-29 23:10:00,7600200.0,965.16,7.28,283.3,3.91,79.1,10.22,8.09,2.14,5.23,8.38,1195.12,4.65,2.702356587846053,255.5
2015-03-29 23:20:00,7600800.0,965.08,7.45,283.48,3.86,77.9,10.34,8.06,2.29,5.21,8.35,1194.31,4.09,2.4524276548660713,254.5
2015-03-29 23:30:00,7601400.0,965.42,7.57,283.57,3.98,77.9,10.43,8.12,2.3,5.25,8.41,1194.19,3.46,2.165009381939092,246.0
2015-03-29 23:40:00,7602000.0,965.5,7.74,283.73,3.99,77.1,10.55,8.13,2.42,5.26,8.42,1193.56,3.87,2.4336829848925725,245.9
2015-03-29 23:50:00,7602600.0,965.57,7.85,283.84,3.95,76.3,10.63,8.11,2.52,5.24,8.4,1193.19,2.49,1.6276621760321313,244.0
2015-03-30 00:00:00,7603200.0,965.61,7.9,283.89,3.95,76.0,10.67,8.11,2.56,5.24,8.39,1193.03,2.14,1.5651799427871358,230.9
2015-03-30 00:10:00,7603800.0,965.71,7.92,283.9,3.81,75.2,10.68,8.03,2.65,5.19,8.32,1193.1,4.06,2.6398743546010572,249.7
2015-03-30 00:20:00,7604400.0,965.9,7.85,283.81,3.73,75.1,10.63,7.98,2.65,5.16,8.26,1193.66,3.23,1.9150804489591102,238.7
2015-03-30 00:30:00,7605000.0,965.97,7.73,283.69,3.48,74.4,10.54,7.84,2.7,5.07,8.12,1194.32,3.95,2.427434761568073,245.9
2015-03-30 00:40:00,7605600.0,966.09,7.67,283.61,3.06,72.5,10.5,7.61,2.89,4.92,7.88,1194.83,3.89,2.427434761568073,244.5
2015-03-30 00:50:00,7606200.0,966.29,7.63,283.56,2.76,71.2,10.47,7.45,3.02,4.81,7.71,1195.33,4.79,3.1397322205610214,240.7
2015-03-30 01:00:00,7606800.0,966.42,7.68,283.6,2.38,69.03,10.51,7.25,3.25,4.68,7.5,1195.37,3.02,2.4211865382435733,244.6
2015-03-30 01:10:00,7607400.0,966.64,7.77,283.67,2.33,68.35,10.57,7.23,3.35,4.66,7.47,1195.27,3.79,3.3646682602430045,229.5
2015-03-30 01:20:00,7608000.0,966.86,7.83,283.71,2.48,68.84,10.61,7.31,3.31,4.71,7.56,1195.25,3.08,2.3274631883760803,250.6
2015-03-30 01:30:00,7608600.0,967.03,7.84,283.71,2.44,68.56,10.62,7.28,3.34,4.7,7.53,1195.43,4.48,2.5024134414620676,252.0
2015-03-30 01:40:00,7609200.0,967.21,7.83,283.68,2.22,67.55,10.61,7.17,3.44,4.62,7.41,1195.75,4.09,2.6273779079520585,250.5
2015-03-30 01:50:00,7609800.0,967.4,7.72,283.56,2.21,68.03,10.53,7.17,3.37,4.62,7.41,1196.46,3.68,2.477420548164069,251.4
2015-03-30 02:00:00,7610400.0,967.62,7.6,283.42,2.23,68.65,10.45,7.17,3.28,4.62,7.41,1197.24,3.87,2.389945421621076,260.3
2015-03-30 02:10:00,7611000.0,967.9,7.47,283.26,1.92,67.76,10.36,7.02,3.34,4.52,7.25,1198.21,3.77,2.721101257819552,260.2
2015-03-30 02:20:00,7611600.0,968.01,7.34,283.12,1.16,64.75,10.26,6.65,3.62,4.28,6.87,1199.08,4.11,3.5864801882627386,256.4
2015-03-30 02:30:00,7612200.0,967.99,7.21,282.99,1.09,64.99,10.17,6.61,3.56,4.26,6.83,1199.63,3.32,2.46492410151507,252.2
2015-03-30 02:40:00,7612800.0,967.93,7.13,282.92,1.31,66.38,10.12,6.72,3.4,4.33,6.94,1199.84,1.96,1.865094662363114,258.3
2015-03-30 02:50:00,7613400.0,967.82,7.11,282.9,1.53,67.54,10.1,6.82,3.28,4.4,7.05,1199.74,2.75,1.8276053224161166,234.2
2015-03-30 03:00:00,7614000.0,967.72,7.07,282.87,1.55,67.83,10.08,6.83,3.24,4.4,7.06,1199.78,3.28,1.715137302575125,236.9
2015-03-30 03:10:00,7614600.0,967.74,6.99,282.79,1.62,68.58,10.02,6.87,3.15,4.43,7.1,1200.15,1.92,1.5276906028401385,225.9
2015-03-30 03:20:00,7615200.0,967.78,6.89,282.69,1.71,69.44,9.95,6.91,3.04,4.45,7.14,1200.59,2.42,1.8775911090121131,219.2
2015-03-30 03:30:00,7615800.0,967.83,6.88,282.67,1.74,69.66,9.94,6.93,3.02,4.46,7.16,1200.7,2.95,2.177505828588091,248.0
2015-03-30 03:40:00,7616400.0,967.87,6.87,282.65,1.7,69.52,9.94,6.91,3.03,4.45,7.14,1200.81,2.62,1.9525697889061076,227.4
2015-03-30 03:50:00,7617000.0,967.83,6.87,282.66,1.6,69.0,9.94,6.86,3.08,4.42,7.08,1200.77,2.19,1.6026692827341331,229.7
2015-03-30 04:00:00,7617600.0,967.73,6.84,282.64,1.45,68.39,9.92,6.78,3.14,4.37,7.01,1200.8,2.37,2.0650378087470997,235.9
2015-03-30 04:10:00,7618200.0,967.67,6.8,282.61,1.3,67.86,9.89,6.71,3.18,4.33,6.94,1200.92,2.78,1.427719029648146,219.3
2015-03-30 04:20:00,7618800.0,967.59,6.71,282.52,1.24,67.99,9.83,6.68,3.15,4.31,6.91,1201.25,2.44,2.264980955131085,240.4
2015-03-30 04:30:00,7619400.0,967.5,6.67,282.49,1.19,67.92,9.8,6.66,3.14,4.29,6.88,1201.31,2.67,1.5151941561911395,232.6
2015-03-30 04:40:00,7620000.0,967.55,6.7,282.51,1.26,68.13,9.82,6.69,3.13,4.31,6.92,1201.23,2.23,1.2965063398336556,211.8
2015-03-30 04:50:00,7620600.0,967.69,6.77,282.57,1.34,68.17,9.87,6.73,3.14,4.34,6.95,1201.08,2.96,1.4714565929196426,222.6
2015-03-30 05:00:00,7621200.0,967.66,6.77,282.57,1.48,68.91,9.87,6.8,3.07,4.38,7.03,1201.03,2.29,1.890087555661112,217.3
2015-03-30 05:10:00,7621800.0,967.66,6.7,282.51,1.49,69.24,9.82,6.8,3.02,4.38,7.03,1201.3,1.59,1.3902296897011488,222.1
2015-03-30 05:20:00,7622400.0,967.89,6.58,282.36,1.6,70.4,9.74,6.86,2.88,4.42,7.09,1202.09,3.19,1.7776195358201206,230.6
2015-03-30 05:30:00,7623000.0,968.1,6.13,281.89,2.18,75.7,9.44,7.15,2.29,4.61,7.38,1204.15,2.23,1.3714850197276498,240.0
2015-03-30 05:40:00,7623600.0,968.21,5.57,281.32,2.55,80.8,9.08,7.34,1.74,4.73,7.58,1206.61,3.0,2.60238501465406,240.0
2015-03-30 05:50:00,7624200.0,968.37,5.12,280.84,2.66,84.1,8.8,7.4,1.4,4.77,7.64,1208.76,2.67,1.6401586226811304,248.6
2015-03-30 06:00:00,7624800.0,968.39,4.6,280.32,2.42,85.7,8.49,7.27,1.21,4.68,7.51,1211.1,4.17,2.564895674707063,240.4
2015-03-30 06:10:00,7625400.0,968.47,4.55,280.26,2.37,85.7,8.46,7.25,1.21,4.67,7.48,1211.43,2.81,1.7776195358201206,233.6
2015-03-30 06:20:00,7626000.0,968.68,4.66,280.36,2.37,85.0,8.53,7.25,1.28,4.67,7.48,1211.18,2.24,1.3527403497541515,256.5
2015-03-30 06:30:00,7626600.0,968.9,4.72,280.4,1.99,82.4,8.56,7.05,1.51,4.54,7.28,1211.32,3.51,2.5024134414620676,254.5
2015-03-30 06:40:00,7627200.0,968.89,4.68,280.37,1.68,80.8,8.54,6.9,1.64,4.44,7.12,1211.52,3.07,2.2399880618330865,252.4
2015-03-30 06:50:00,7627800.0,968.89,5.05,280.74,1.42,77.3,8.76,6.77,1.99,4.36,6.99,1209.98,4.4,2.3961936449455754,254.3
2015-03-30 07:00:00,7628400.0,968.95,5.34,281.02,1.17,74.4,8.94,6.65,2.29,4.28,6.86,1208.87,4.87,2.477420548164069,244.2
2015-03-30 07:10:00,7629000.0,969.02,5.52,281.2,1.22,73.7,9.05,6.67,2.38,4.29,6.89,1208.14,3.62,2.46492410151507,244.4
2015-03-30 07:20:00,7629600.0,969.13,5.74,281.42,1.28,72.9,9.19,6.7,2.49,4.31,6.92,1207.31,4.18,2.4524276548660713,242.9
2015-03-30 07:30:00,7630200.0,969.35,6.0,281.66,1.32,71.8,9.36,6.72,2.64,4.32,6.93,1206.46,3.56,2.3524560816740787,244.0
2015-03-30 07:40:00,7630800.0,969.64,6.22,281.85,1.02,69.24,9.5,6.58,2.92,4.23,6.78,1205.97,4.71,3.1397322205610214,247.8
2015-03-30 07:50:00,7631400.0,969.91,6.41,282.02,0.8,67.21,9.63,6.47,3.16,4.16,6.67,1205.51,4.49,3.2397037937530135,251.9
2015-03-30 08:00:00,7632000.0,969.96,6.59,282.2,0.47,64.86,9.74,6.32,3.42,4.06,6.52,1204.9,4.51,2.727349481144051,253.2
2015-03-30 08:10:00,7632600.0,969.93,6.47,282.08,0.03,63.31,9.67,6.12,3.55,3.93,6.31,1205.45,5.37,2.8773068409320404,252.4
2015-03-30 08:20:00,7633200.0,969.96,6.67,282.28,0.21,63.3,9.8,6.2,3.6,3.99,6.4,1204.6,4.37,2.6898601411970535,240.5
2015-03-30 08:30:00,7633800.0,970.22,6.86,282.45,0.06,61.78,9.93,6.13,3.8,3.94,6.32,1204.13,5.36,2.7898317143890465,257.3
2015-03-30 08:40:00,7634400.0,970.32,6.87,282.45,-0.14,60.83,9.94,6.05,3.89,3.88,6.23,1204.25,4.63,2.9147961808790375,254.6
2015-03-30 08:50:00,7635000.0,970.33,6.91,282.49,-0.26,60.14,9.96,5.99,3.97,3.85,6.18,1204.12,4.76,3.114739327263023,254.2
2015-03-30 09:00:00,7635600.0,970.23,6.87,282.46,-0.63,58.71,9.94,5.83,4.1,3.75,6.01,1204.25,5.15,3.2397037937530135,249.3
2015-03-30 09:10:00,7636200.0,970.32,6.74,282.33,-0.89,58.08,9.85,5.72,4.13,3.68,5.9,1204.95,4.79,2.60238501465406,255.6
2015-03-30 09:20:00,7636800.0,970.43,6.95,282.53,-0.9,57.2,9.99,5.72,4.28,3.67,5.89,1204.19,5.02,3.6520865331699834,255.5
2015-03-30 09:30:00,7637400.0,970.55,7.05,282.62,-0.99,56.44,10.06,5.68,4.38,3.65,5.85,1203.93,3.96,3.5958525232494876,254.4
2015-03-30 09:40:00,7638000.0,970.63,7.21,282.77,-1.09,55.43,10.17,5.64,4.53,3.62,5.81,1203.36,3.73,2.6398743546010572,261.5
2015-03-30 09:50:00,7638600.0,970.8,7.36,282.91,-1.18,54.51,10.28,5.6,4.68,3.6,5.77,1202.95,3.92,2.927292627528036,269.9
2015-03-30 10:00:00,7639200.0,970.94,7.65,283.19,-1.16,53.51,10.48,5.61,4.87,3.6,5.78,1201.88,4.34,3.583356076600489,265.9
2015-03-30 10:10:00,7639800.0,971.07,7.95,283.48,-1.23,52.16,10.7,5.58,5.12,3.58,5.75,1200.77,3.86,2.439931208217072,254.3
2015-03-30 10:20:00,7640400.0,971.28,7.98,283.49,-0.95,53.13,10.72,5.7,5.03,3.66,5.87,1200.84,4.3,3.0147677540710305,259.3
2015-03-30 10:30:00,7641000.0,971.51,7.58,283.07,-1.25,53.4,10.43,5.57,4.86,3.58,5.74,1202.9,4.34,3.3646682602430045,268.0
2015-03-30 10:40:00,7641600.0,971.64,7.58,283.06,-1.79,51.32,10.43,5.36,5.08,3.44,5.51,1203.16,5.17,3.952001252745962,254.6
2015-03-30 10:50:00,7642200.0,971.85,8.23,283.7,-1.96,48.46,10.91,5.29,5.62,3.39,5.44,1200.68,5.32,3.5896042999249884,261.5
2015-03-30 11:00:00,7642800.0,972.04,8.43,283.88,-2.12,47.27,11.06,5.23,5.83,3.35,5.38,1200.09,4.87,2.8585621709585416,273.1
2015-03-30 11:10:00,7643400.0,972.82,7.05,282.43,-0.57,58.21,10.06,5.86,4.2,3.75,6.02,1206.67,2.9,2.3524560816740787,288.0
2015-03-30 11:20:00,7644000.0,973.65,4.43,279.71,0.09,73.3,8.38,6.15,2.24,3.94,6.31,1218.98,4.76,2.727349481144051,290.5
2015-03-30 11:30:00,7644600.0,973.74,2.98,278.25,0.49,83.6,7.57,6.33,1.24,4.05,6.5,1225.37,2.95,2.152512935290093,273.1
2015-03-30 11:40:00,7645200.0,973.35,3.44,278.74,1.3,85.8,7.82,6.71,1.11,4.3,6.89,1222.69,2.67,1.865094662363114,241.0
2015-03-30 11:50:00,7645800.0,973.15,4.87,280.2,1.74,80.1,8.65,6.93,1.72,4.44,7.12,1216.04,2.4,1.415222582999147,241.8
2015-03-30 12:00:00,7646400.0,973.09,6.36,281.71,1.18,69.32,9.6,6.65,2.94,4.26,6.84,1209.6,3.66,2.277477401780084,266.4
2015-03-30 12:10:00,7647000.0,973.31,7.29,282.63,0.82,63.36,10.23,6.48,3.75,4.15,6.66,1205.95,4.09,3.0397606473690284,274.9
2015-03-30 12:20:00,7647600.0,973.52,7.88,283.21,0.42,59.12,10.65,6.3,4.35,4.03,6.47,1203.77,4.12,2.5274063347600655,295.3
2015-03-30 12:30:00,7648200.0,973.63,8.18,283.5,0.36,57.68,10.87,6.27,4.6,4.02,6.44,1202.63,3.76,2.764838821091048,263.0
2015-03-30 12:40:00,7648800.0,973.64,8.32,283.64,-0.27,54.57,10.97,5.99,4.99,3.83,6.15,1202.18,3.97,2.814824607687045,274.0
2015-03-30 12:50:00,7649400.0,973.79,8.77,284.08,-0.38,52.51,11.32,5.94,5.37,3.8,6.1,1200.47,3.42,2.389945421621076,258.0
2015-03-30 13:00:00,7650000.0,974.72,7.81,283.04,-0.04,57.47,10.6,6.09,4.51,3.9,6.25,1205.65,6.12,3.7520581063619765,255.5
2015-03-30 13:10:00,7650600.0,975.02,4.18,279.36,0.86,78.9,8.24,6.5,1.74,4.16,6.67,1221.6,4.15,3.0147677540710305,255.0
2015-03-30 13:20:00,7651200.0,974.71,4.34,279.54,1.52,81.8,8.33,6.82,1.52,4.36,6.99,1220.38,2.71,1.6276621760321313,243.9
2015-03-30 13:30:00,7651800.0,974.65,5.86,281.07,1.12,71.5,9.26,6.62,2.64,4.24,6.8,1213.76,2.83,2.277477401780084,257.6
2015-03-30 13:40:00,7652400.0,974.66,7.36,282.59,0.39,61.14,10.28,6.28,3.99,4.02,6.45,1207.42,5.47,2.889803287581039,261.0
2015-03-30 13:50:00,7653000.0,974.76,8.16,283.38,0.1,56.66,10.86,6.15,4.7,3.93,6.31,1204.17,3.83,2.8023281610380457,264.0
2015-03-30 14:00:00,7653600.0,974.86,8.94,284.16,-0.11,52.92,11.45,6.06,5.39,3.87,6.21,1201.01,3.87,2.589888568005061,269.7
2015-03-30 14:10:00,7654200.0,975.11,8.38,283.58,-0.59,53.09,11.02,5.85,5.17,3.74,6.0,1203.81,4.68,3.4646398334349975,268.7
2015-03-30 14:20:00,7654800.0,975.11,8.36,283.56,0.22,56.41,11.0,6.21,4.8,3.97,6.37,1203.72,2.64,2.0775342553960985,281.5
2015-03-30 14:30:00,7655400.0,975.21,8.5,283.69,0.02,55.07,11.11,6.12,4.99,3.91,6.27,1203.29,2.87,2.302470295078082,287.8
2015-03-30 14:40:00,7656000.0,975.82,7.78,282.91,0.07,58.03,10.58,6.14,4.44,3.92,6.29,1207.12,3.65,2.889803287581039,279.5
2015-03-30 14:50:00,7656600.0,976.88,5.19,280.22,0.88,73.6,8.85,6.51,2.34,4.16,6.67,1219.5,4.38,3.3646682602430045,265.4
2015-03-30 15:00:00,7657200.0,976.95,3.52,278.53,1.17,84.5,7.87,6.65,1.22,4.24,6.8,1226.88,2.42,1.6276621760321313,256.8
2015-03-30 15:10:00,7657800.0,976.84,3.92,278.94,1.94,86.9,8.09,7.03,1.06,4.49,7.2,1224.82,2.18,1.8026124291181185,242.8
2015-03-30 15:20:00,7658400.0,976.87,4.54,279.57,1.83,82.5,8.45,6.97,1.48,4.45,7.14,1222.12,3.65,2.977278414124033,244.9
2015-03-30 15:30:00,7659000.0,976.75,5.12,280.16,2.05,80.5,8.8,7.09,1.72,4.52,7.25,1219.38,2.85,1.896335778985612,247.4
2015-03-30 15:40:00,7659600.0,976.84,5.9,280.93,1.43,72.9,9.29,6.77,2.52,4.32,6.93,1216.24,3.87,2.6148814613030593,258.1
2015-03-30 15:50:00,7660200.0,976.97,6.58,281.61,1.41,69.44,9.74,6.77,2.98,4.32,6.93,1213.42,3.54,2.596136791329561,261.8
2015-03-30 16:00:00,7660800.0,977.12,7.09,282.11,1.33,66.68,10.09,6.73,3.36,4.29,6.89,1211.43,3.4,2.564895674707063,278.8
2015-03-30 16:10:00,7661400.0,977.27,6.89,281.89,1.24,67.17,9.95,6.68,3.27,4.26,6.84,1212.52,1.84,2.2899738484290832,316.1
2015-03-30 16:20:00,7662000.0,977.48,6.56,281.55,0.48,65.04,9.73,6.33,3.4,4.04,6.47,1214.37,2.72,2.102527148694097,288.3
2015-03-30 16:30:00,7662600.0,977.67,6.87,281.84,-0.29,60.19,9.94,5.98,3.96,3.81,6.12,1213.42,4.14,2.702356587846053,270.2
2015-03-30 16:40:00,7663200.0,977.97,6.71,281.66,-0.52,59.83,9.83,5.88,3.95,3.75,6.01,1214.53,3.15,1.9275768956081094,269.6
2015-03-30 16:50:00,7663800.0,978.28,6.34,281.26,-0.7,60.58,9.58,5.8,3.78,3.7,5.93,1216.56,3.68,2.727349481144051,263.4
2015-03-30 17:00:00,7664400.0,978.5,5.91,280.81,-1.03,60.92,9.3,5.66,3.63,3.61,5.79,1218.8,3.89,2.277477401780084,250.3
2015-03-30 17:10:00,7665000.0,978.87,5.5,280.37,-1.18,61.99,9.04,5.6,3.44,3.57,5.72,1221.07,3.11,1.9025840023101113,260.4
2015-03-30 17:20:00,7665600.0,979.18,4.98,279.82,-0.41,67.99,8.72,5.93,2.79,3.77,6.05,1223.57,2.2,2.0900307020450977,278.9
2015-03-30 17:30:00,7666200.0,979.33,4.58,279.4,0.06,72.4,8.48,6.14,2.34,3.91,6.27,1225.44,1.94,1.7463784191976226,324.0
2015-03-30 17:40:00,7666800.0,979.61,4.49,279.29,0.16,73.4,8.42,6.18,2.24,3.93,6.31,1226.18,2.18,1.327747456456153,291.6
2015-03-30 17:50:00,7667400.0,979.91,4.66,279.43,0.18,72.6,8.52,6.19,2.33,3.94,6.31,1225.8,1.7,1.3652367964031504,292.1
2015-03-30 18:00:00,7668000.0,980.24,4.48,279.23,-0.01,72.5,8.42,6.1,2.32,3.88,6.23,1227.02,4.18,2.6898601411970535,263.3
2015-03-30 18:10:00,7668600.0,980.34,3.93,278.67,-0.66,71.9,8.1,5.82,2.28,3.7,5.94,1229.73,3.01,1.9025840023101113,275.2
2015-03-30 18:20:00,7669200.0,980.59,4.04,278.76,-0.91,70.0,8.16,5.71,2.45,3.63,5.83,1229.6,2.38,1.4902012628931411,264.9
2015-03-30 18:30:00,7669800.0,980.72,3.95,278.66,-0.69,71.6,8.11,5.81,2.3,3.69,5.92,1230.11,2.32,1.302754563158155,269.0
2015-03-30 18:40:00,7670400.0,980.93,3.82,278.5,-0.5,73.3,8.03,5.89,2.14,3.74,6.0,1230.95,1.63,1.0122121785689262,261.3
2015-03-30 18:50:00,7671000.0,981.11,3.76,278.44,-0.41,74.1,8.0,5.93,2.07,3.77,6.04,1231.39,1.47,1.1028114167741696,263.5
2015-03-30 19:00:00,7671600.0,981.29,3.65,278.3,-0.32,75.2,7.94,5.97,1.97,3.79,6.08,1232.12,0.8,0.7372903522909462,259.7
2015-03-30 19:10:00,7672200.0,981.5,3.67,278.31,-0.15,76.0,7.95,6.04,1.91,3.84,6.15,1232.26,1.19,1.0059639552444266,341.3
2015-03-30 19:20:00,7672800.0,981.55,3.58,278.21,-0.04,77.1,7.9,6.09,1.81,3.87,6.2,1232.69,1.4,0.8247654788339399,262.5
2015-03-30 19:30:00,7673400.0,981.64,3.5,278.13,-0.11,77.1,7.86,6.06,1.8,3.85,6.17,1233.15,1.05,0.6498152257479527,242.4
2015-03-30 19:40:00,7674000.0,981.76,3.59,278.21,-0.25,75.9,7.9,6.0,1.9,3.81,6.11,1232.96,1.08,0.6873045656949499,246.6
2015-03-30 19:50:00,7674600.0,981.82,3.69,278.31,-0.46,74.2,7.96,5.91,2.05,3.75,6.02,1232.62,1.28,0.8247654788339399,247.5
2015-03-30 20:00:00,7675200.0,981.92,3.87,278.48,-0.77,71.6,8.06,5.77,2.29,3.67,5.88,1232.0,2.32,1.5026977095421403,241.2
2015-03-30 20:10:00,7675800.0,981.96,3.89,278.49,-0.94,70.6,8.07,5.7,2.37,3.62,5.8,1232.01,1.69,1.0247086252179252,237.6
2015-03-30 20:20:00,7676400.0,981.98,3.86,278.46,-1.09,70.0,8.06,5.64,2.42,3.58,5.74,1232.19,0.98,0.8185172555094403,240.6
2015-03-30 20:30:00,7677000.0,981.87,3.76,278.37,-1.21,69.89,8.0,5.59,2.41,3.55,5.69,1232.52,0.97,0.6498152257479527,235.1
2015-03-30 20:40:00,7677600.0,982.11,3.66,278.25,-1.29,69.97,7.94,5.56,2.39,3.53,5.66,1233.29,1.44,0.7747796922379435,243.6
2015-03-30 20:50:00,7678200.0,982.2,3.6,278.19,-1.28,70.3,7.91,5.56,2.35,3.53,5.66,1233.66,1.64,0.9434817219994313,234.6
2015-03-30 21:00:00,7678800.0,982.27,3.63,278.21,-1.21,70.5,7.93,5.59,2.34,3.55,5.69,1233.61,2.09,1.50894593286664,238.9
2015-03-30 21:10:00,7679400.0,982.15,3.67,278.26,-1.34,69.62,7.95,5.53,2.41,3.51,5.63,1233.3,2.1,1.3402439031051523,248.0
2015-03-30 21:20:00,7680000.0,982.22,3.8,278.38,-1.48,68.3,8.02,5.48,2.54,3.48,5.58,1232.83,2.33,1.5401870494891376,253.5
2015-03-30 21:30:00,7680600.0,982.25,3.9,278.48,-1.59,67.25,8.08,5.43,2.65,3.45,5.53,1232.44,2.65,1.6651515159791286,245.1
2015-03-30 21:40:00,7681200.0,982.25,3.8,278.38,-1.56,67.87,8.02,5.44,2.58,3.46,5.54,1232.89,1.47,0.9247370520259326,238.9
2015-03-30 21:50:00,7681800.0,982.24,3.62,278.21,-1.61,68.5,7.92,5.43,2.5,3.44,5.53,1233.67,1.15,0.837261925482939,235.9
2015-03-30 22:00:00,7682400.0,982.36,3.5,278.07,-1.73,68.48,7.85,5.38,2.48,3.41,5.47,1234.41,2.18,1.2652652232111576,233.5
2015-03-30 22:10:00,7683000.0,982.28,3.37,277.95,-1.85,68.49,7.78,5.33,2.45,3.38,5.43,1234.9,2.0,1.0653220768271723,236.9
2015-03-30 22:20:00,7683600.0,982.41,3.23,277.8,-1.95,68.64,7.71,5.29,2.42,3.36,5.38,1235.7,1.18,0.8872477120789353,228.8
2015-03-30 22:30:00,7684200.0,982.49,3.18,277.74,-2.05,68.43,7.68,5.25,2.42,3.33,5.35,1236.06,1.56,0.862254818780937,236.5
2015-03-30 22:40:00,7684800.0,982.37,3.27,277.84,-2.1,67.72,7.73,5.23,2.49,3.32,5.33,1235.49,1.68,1.327747456456153,223.0
2015-03-30 22:50:00,7685400.0,982.33,3.34,277.91,-2.18,67.0,7.76,5.2,2.56,3.3,5.29,1235.18,1.45,1.1153078634231686,216.6
2015-03-30 23:00:00,7686000.0,982.26,3.34,277.91,-2.26,66.62,7.76,5.17,2.59,3.28,5.27,1235.1,1.97,1.0247086252179252,225.5
2015-03-30 23:10:00,7686600.0,982.04,3.35,277.95,-2.32,66.23,7.77,5.15,2.63,3.27,5.24,1234.76,2.48,1.2402723299131597,227.9
2015-03-30 23:20:00,7687200.0,981.93,3.44,278.04,-2.37,65.59,7.82,5.13,2.69,3.26,5.22,1234.25,1.87,0.8247654788339399,216.2
2015-03-30 23:30:00,7687800.0,981.81,3.39,278.0,-2.36,65.9,7.79,5.13,2.66,3.26,5.23,1234.33,1.41,0.8997441587279343,210.4
2015-03-30 23:40:00,7688400.0,981.71,3.37,277.99,-2.39,65.81,7.78,5.12,2.66,3.25,5.22,1234.29,1.85,0.9372334986749317,208.9
2015-03-30 23:50:00,7689000.0,981.51,3.46,278.1,-2.35,65.62,7.83,5.14,2.69,3.26,5.24,1233.63,3.2,1.6526550693301296,210.7
2015-03-31 00:00:00,7689600.0,981.31,3.66,278.32,-2.34,64.7,7.95,5.14,2.81,3.27,5.24,1232.45,3.03,1.327747456456153,209.2
2015-03-31 00:10:00,7690200.0,981.14,3.58,278.25,-2.3,65.27,7.9,5.16,2.74,3.28,5.26,1232.6,2.75,1.140300756721167,212.4
2015-03-31 00:20:00,7690800.0,980.71,3.62,278.32,-2.32,65.02,7.92,5.15,2.77,3.27,5.25,1231.9,3.15,1.6401586226811304,217.3
2015-03-31 00:30:00,7691400.0,980.55,3.77,278.49,-2.31,64.36,8.0,5.15,2.85,3.27,5.25,1231.04,3.0,1.5526834961381366,213.3
2015-03-31 00:40:00,7692000.0,980.31,3.85,278.59,-2.43,63.44,8.05,5.11,2.94,3.25,5.21,1230.4,3.06,1.3339956797806527,200.9
2015-03-31 00:50:00,7692600.0,980.28,3.94,278.68,-2.56,62.38,8.1,5.06,3.05,3.21,5.16,1229.96,2.16,0.9622263919729299,204.2
2015-03-31 01:00:00,7693200.0,980.05,3.89,278.65,-2.24,64.14,8.08,5.18,2.9,3.29,5.28,1229.84,1.82,0.974722838621929,188.2
2015-03-31 01:10:00,7693800.0,979.81,3.48,278.26,-1.83,68.08,7.84,5.34,2.5,3.4,5.45,1231.3,2.1,0.9122406053769334,175.5
2015-03-31 01:20:00,7694400.0,979.33,3.37,278.19,-1.74,69.06,7.78,5.38,2.41,3.42,5.49,1231.15,1.9,0.9997157319199271,177.9
2015-03-31 01:30:00,7695000.0,979.07,3.43,278.27,-1.92,67.84,7.82,5.3,2.51,3.38,5.42,1230.58,1.99,1.152797203370166,190.2
2015-03-31 01:40:00,7695600.0,978.85,3.7,278.56,-2.07,65.84,7.97,5.25,2.72,3.34,5.36,1229.13,2.52,1.3527403497541515,184.3
2015-03-31 01:50:00,7696200.0,978.46,3.93,278.82,-2.16,64.35,8.09,5.21,2.89,3.32,5.32,1227.68,2.61,1.7901159824691195,191.8
2015-03-31 02:00:00,7696800.0,978.0,4.45,279.38,-2.53,60.38,8.4,5.07,3.33,3.23,5.18,1224.87,4.85,2.3274631883760803,202.0
2015-03-31 02:10:00,7697400.0,977.28,4.69,279.68,-2.53,59.32,8.54,5.07,3.47,3.23,5.18,1222.88,3.5,1.6026692827341331,182.5
2015-03-31 02:20:00,7698000.0,976.83,4.41,279.44,-2.17,62.17,8.38,5.21,3.17,3.32,5.33,1223.48,3.44,1.7088890792506253,179.4
2015-03-31 02:30:00,7698600.0,976.47,4.03,279.08,-2.04,64.47,8.15,5.26,2.9,3.36,5.38,1224.7,4.9,2.777335267740048,178.0
2015-03-31 02:40:00,7699200.0,976.22,3.95,279.02,-1.87,65.69,8.11,5.32,2.78,3.4,5.45,1224.71,4.64,2.0650378087470997,182.9
2015-03-31 02:50:00,7699800.0,975.71,3.54,278.65,-1.35,70.2,7.88,5.53,2.35,3.53,5.67,1225.77,5.47,2.564895674707063,190.1
2015-03-31 03:00:00,7700400.0,975.11,2.98,278.14,-0.82,76.0,7.57,5.75,1.82,3.68,5.9,1227.38,4.76,2.140016488641094,190.0
2015-03-31 03:10:00,7701000.0,974.47,2.8,278.01,-0.62,78.1,7.47,5.84,1.64,3.73,5.99,1227.36,4.6,1.865094662363114,185.4
2015-03-31 03:20:00,7701600.0,973.77,2.69,277.95,-0.57,79.0,7.41,5.86,1.56,3.75,6.02,1226.95,5.7,3.0397606473690284,185.7
2015-03-31 03:30:00,7702200.0,973.22,2.31,277.62,-0.28,82.9,7.22,5.98,1.23,3.83,6.15,1227.88,5.52,2.589888568005061,192.4
2015-03-31 03:40:00,7702800.0,972.73,1.84,277.18,-0.1,86.9,6.98,6.06,0.91,3.89,6.23,1229.31,4.4,2.389945421621076,190.3
2015-03-31 03:50:00,7703400.0,972.29,1.52,276.9,-0.04,89.3,6.82,6.09,0.73,3.9,6.26,1230.18,4.24,2.1900022752370902,177.6
2015-03-31 04:00:00,7704000.0,971.7,1.35,276.77,0.02,90.8,6.74,6.12,0.62,3.92,6.29,1230.18,4.1,2.1900022752370902,172.9
2015-03-31 04:10:00,7704600.0,971.24,1.24,276.7,0.06,91.8,6.68,6.13,0.55,3.94,6.32,1230.08,4.59,2.0775342553960985,170.4
2015-03-31 04:20:00,7705200.0,970.61,1.17,276.68,0.12,92.7,6.65,6.16,0.49,3.96,6.35,1229.6,4.53,2.177505828588091,173.7
2015-03-31 04:30:00,7705800.0,969.92,1.06,276.62,0.1,93.3,6.6,6.15,0.44,3.96,6.34,1229.22,5.15,2.389945421621076,171.1
2015-03-31 04:40:00,7706400.0,969.28,1.01,276.63,0.14,93.9,6.57,6.17,0.4,3.97,6.37,1228.61,3.97,1.9275768956081094,178.2
2015-03-31 04:50:00,7707000.0,968.79,1.12,276.78,0.34,94.5,6.63,6.26,0.36,4.03,6.46,1227.43,3.36,1.658903292654629,183.2
2015-03-31 05:00:00,7707600.0,968.19,1.24,276.94,0.48,94.7,6.68,6.33,0.35,4.07,6.53,1226.13,3.44,1.6401586226811304,187.3
2015-03-31 05:10:00,7708200.0,967.6,1.47,277.23,0.74,94.9,6.79,6.45,0.35,4.15,6.66,1224.3,3.22,1.4527119229461443,181.3
2015-03-31 05:20:00,7708800.0,967.17,1.71,277.5,0.98,94.9,6.91,6.56,0.35,4.23,6.78,1222.63,2.94,1.327747456456153,177.1
2015-03-31 05:30:00,7709400.0,966.58,1.94,277.79,1.22,94.9,7.03,6.67,0.36,4.3,6.9,1220.78,2.45,1.5151941561911395,165.2
2015-03-31 05:40:00,7710000.0,966.02,2.19,278.09,1.46,94.9,7.16,6.79,0.36,4.38,7.03,1218.91,2.23,1.3152510098071541,157.0
2015-03-31 05:50:00,7710600.0,965.35,2.4,278.36,1.67,94.9,7.26,6.89,0.37,4.45,7.14,1217.08,2.95,1.4027261363501478,167.1
2015-03-31 06:00:00,7711200.0,964.83,2.65,278.65,1.92,94.9,7.39,7.02,0.38,4.54,7.27,1215.29,2.92,1.3402439031051523,175.8
2015-03-31 06:10:00,7711800.0,964.69,2.94,278.96,2.18,94.7,7.55,7.15,0.4,4.62,7.41,1213.74,3.06,1.4777048162441424,170.0
2015-03-31 06:20:00,7712400.0,964.44,3.33,279.37,2.55,94.6,7.76,7.34,0.42,4.75,7.61,1211.65,3.11,1.8026124291181185,173.0
2015-03-31 06:30:00,7713000.0,964.15,4.17,280.24,3.41,94.8,8.23,7.81,0.43,5.05,8.1,1207.4,2.9,1.6151657293831323,186.4
2015-03-31 06:40:00,7713600.0,963.99,5.33,281.43,4.45,94.0,8.93,8.4,0.54,5.44,8.71,1201.86,4.38,2.2399880618330865,198.8
2015-03-31 06:50:00,7714200.0,963.88,6.2,282.31,5.02,92.1,9.49,8.74,0.75,5.66,9.07,1197.83,6.51,3.0397606473690284,200.3
2015-03-31 07:00:00,7714800.0,963.7,6.77,282.91,5.31,90.4,9.87,8.92,0.95,5.78,9.26,1195.08,6.53,3.4146540468390008,199.0
2015-03-31 07:10:00,7715400.0,963.41,7.17,283.33,5.6,89.7,10.15,9.1,1.04,5.9,9.45,1192.94,5.63,2.702356587846053,202.2
2015-03-31 07:20:00,7716000.0,963.19,7.6,283.79,5.88,88.8,10.45,9.28,1.17,6.01,9.63,1190.75,7.27,3.2397037937530135,202.0
2015-03-31 07:30:00,7716600.0,963.04,8.03,284.24,6.1,87.6,10.76,9.43,1.33,6.11,9.79,1188.68,6.48,2.7335977044685507,201.0
2015-03-31 07:40:00,7717200.0,962.73,8.38,284.62,6.45,87.6,11.02,9.65,1.37,6.26,10.03,1186.71,7.39,3.667707091481233,201.7
2015-03-31 07:50:00,7717800.0,962.84,8.59,284.82,6.77,88.3,11.18,9.87,1.31,6.4,10.25,1185.86,5.48,2.5211581114355663,205.7
2015-03-31 08:00:00,7718400.0,962.77,9.47,285.71,7.3,86.3,11.86,10.24,1.63,6.64,10.63,1181.91,4.91,2.8523139476340424,203.9
2015-03-31 08:10:00,7719000.0,962.76,10.46,286.72,7.7,83.0,12.68,10.52,2.16,6.83,10.93,1177.64,3.78,2.277477401780084,215.0
2015-03-31 08:20:00,7719600.0,962.76,11.65,287.92,8.08,78.7,13.72,10.8,2.92,7.01,11.22,1172.59,3.3,3.0647535406670268,221.2
2015-03-31 08:30:00,7720200.0,962.8,12.14,288.41,7.87,75.1,14.17,10.64,3.53,6.91,11.06,1170.7,4.24,2.60238501465406,239.0
2015-03-31 08:40:00,7720800.0,962.68,12.12,288.4,7.5,73.3,14.16,10.38,3.78,6.73,10.78,1170.76,5.99,4.504969016964171,229.7
2015-03-31 08:50:00,7721400.0,962.63,12.17,288.46,7.43,72.7,14.2,10.33,3.88,6.7,10.73,1170.51,5.32,4.1925578507391945,235.2
2015-03-31 09:00:00,7722000.0,962.82,12.48,288.75,7.32,70.7,14.5,10.25,4.25,6.65,10.64,1169.51,4.46,3.4896327267329954,230.4
2015-03-31 09:10:00,7722600.0,962.92,12.38,288.64,7.14,70.3,14.4,10.12,4.28,6.57,10.51,1170.1,6.26,4.967337542977138,231.4
2015-03-31 09:20:00,7723200.0,963.13,12.34,288.58,6.81,68.92,14.36,9.9,4.46,6.42,10.28,1170.62,6.6,4.792387289891151,237.4
2015-03-31 09:30:00,7723800.0,963.3,12.43,288.66,6.78,68.37,14.45,9.88,4.57,6.4,10.25,1170.47,4.91,3.4521433867859983,235.7
2015-03-31 09:40:00,7724400.0,963.49,12.37,288.58,6.84,68.94,14.39,9.92,4.47,6.43,10.3,1170.93,5.75,4.729905056646155,220.0
2015-03-31 09:50:00,7725000.0,964.05,11.7,287.86,6.97,72.7,13.77,10.01,3.76,6.48,10.38,1174.33,4.11,2.727349481144051,256.4
2015-03-31 10:00:00,7725600.0,965.46,8.93,284.94,5.37,78.3,11.44,8.96,2.48,5.79,9.28,1188.09,3.99,3.1397322205610214,304.1
2015-03-31 10:10:00,7726200.0,965.62,6.63,282.6,4.76,87.8,9.77,8.58,1.19,5.55,8.89,1198.24,2.49,2.2399880618330865,289.7
2015-03-31 10:20:00,7726800.0,965.91,6.38,282.33,4.55,88.0,9.61,8.46,1.15,5.46,8.76,1199.71,3.78,2.7398459277930503,297.1
2015-03-31 10:30:00,7727400.0,966.1,6.18,282.11,4.38,88.2,9.48,8.36,1.12,5.4,8.65,1200.85,3.86,2.46492410151507,254.0
2015-03-31 10:40:00,7728000.0,966.47,6.12,282.01,4.59,89.9,9.43,8.48,0.95,5.48,8.78,1201.55,4.94,3.3396753669450066,261.1
2015-03-31 10:50:00,7728600.0,966.18,6.47,282.4,4.86,89.4,9.67,8.64,1.02,5.58,8.95,1199.58,4.01,3.214710900455015,262.9
2015-03-31 11:00:00,7729200.0,966.14,7.58,283.52,5.66,87.6,10.43,9.14,1.29,5.91,9.46,1194.56,4.3,2.7398459277930503,253.0
2015-03-31 11:10:00,7729800.0,966.16,8.57,284.52,5.94,83.5,11.16,9.32,1.84,6.02,9.65,1190.3,4.09,2.7898317143890465,255.8
2015-03-31 11:20:00,7730400.0,966.16,9.22,285.17,5.92,79.8,11.67,9.31,2.36,6.01,9.63,1187.57,3.87,2.264980955131085,248.8
2015-03-31 11:30:00,7731000.0,966.21,9.76,285.72,5.44,74.4,12.1,9.0,3.1,5.81,9.32,1185.51,5.71,3.5146256200309938,250.3
2015-03-31 11:40:00,7731600.0,965.99,10.17,286.15,5.24,71.4,12.43,8.88,3.56,5.74,9.19,1183.58,4.92,3.3646682602430045,250.3
2015-03-31 11:50:00,7732200.0,966.16,10.71,286.68,5.27,69.01,12.89,8.9,4.0,5.75,9.21,1181.53,4.88,2.60238501465406,248.8
2015-03-31 12:00:00,7732800.0,966.16,11.25,287.22,4.92,64.96,13.36,8.68,4.68,5.61,8.99,1179.39,5.94,3.15222866721002,237.7
2015-03-31 12:10:00,7733400.0,966.41,11.48,287.44,4.64,62.72,13.57,8.51,5.06,5.5,8.81,1178.82,4.92,3.314682473647008,255.5
2015-03-31 12:20:00,7734000.0,966.58,10.39,286.32,4.2,65.4,12.62,8.25,4.37,5.33,8.54,1183.68,6.3,4.295653535593437,258.3
2015-03-31 12:30:00,7734600.0,966.57,10.2,286.13,4.62,68.21,12.46,8.5,3.96,5.49,8.79,1184.34,4.17,3.071001763991526,239.3
2015-03-31 12:40:00,7735200.0,966.74,10.78,286.7,4.07,63.13,12.95,8.18,4.78,5.28,8.46,1182.28,6.74,4.151944399129947,240.1
2015-03-31 12:50:00,7735800.0,966.85,11.01,286.92,3.94,61.59,13.15,8.1,5.05,5.23,8.38,1181.5,7.38,4.892358863083143,252.5
2015-03-31 13:00:00,7736400.0,966.94,11.86,287.77,3.72,57.33,13.91,7.98,5.94,5.15,8.25,1178.14,5.58,3.4146540468390008,254.5
2015-03-31 13:10:00,7737000.0,967.04,12.09,288.0,3.59,55.96,14.13,7.91,6.22,5.1,8.18,1177.34,3.32,2.0775342553960985,235.6
2015-03-31 13:20:00,7737600.0,967.45,11.57,287.44,3.68,58.26,13.65,7.95,5.7,5.13,8.22,1179.97,4.1,2.5024134414620676,251.7
2015-03-31 13:30:00,7738200.0,967.36,10.99,286.86,3.43,59.5,13.13,7.82,5.32,5.04,8.08,1182.34,5.66,4.076965719235953,257.6
2015-03-31 13:40:00,7738800.0,967.28,11.62,287.5,3.22,56.24,13.7,7.7,5.99,4.97,7.96,1179.68,6.89,4.039476379288955,254.7
2015-03-31 13:50:00,7739400.0,967.32,12.11,287.99,2.83,52.95,14.15,7.49,6.66,4.83,7.74,1177.8,5.52,3.9270083594479637,244.0
2015-03-31 14:00:00,7740000.0,967.38,12.06,287.94,2.88,53.32,14.1,7.52,6.58,4.85,7.77,1178.06,5.76,3.789547446308974,246.0
2015-03-31 14:10:00,7740600.0,968.09,11.97,287.79,2.3,51.45,14.02,7.21,6.8,4.65,7.45,1179.44,7.97,5.004826882924135,266.2
2015-03-31 14:20:00,7741200.0,968.51,8.2,283.95,3.72,73.3,10.89,7.98,2.91,5.14,8.24,1195.41,4.67,3.277193133700011,269.3
2015-03-31 14:30:00,7741800.0,968.42,7.97,283.72,4.33,77.7,10.72,8.33,2.39,5.37,8.6,1196.11,2.68,1.7651230891711214,299.3
2015-03-31 14:40:00,7742400.0,969.35,7.46,283.13,4.26,80.1,10.35,8.29,2.06,5.34,8.55,1199.46,4.07,4.264412418970939,279.8
2015-03-31 14:50:00,7743000.0,968.91,7.15,282.85,4.59,83.7,10.13,8.48,1.65,5.46,8.75,1200.15,4.55,3.0585053173425267,254.4
2015-03-31 15:00:00,7743600.0,969.18,8.14,283.83,4.25,76.4,10.84,8.28,2.56,5.33,8.55,1196.35,4.94,3.2522002404020127,259.3
2015-03-31 15:10:00,7744200.0,969.27,8.43,284.11,3.71,72.1,11.06,7.97,3.08,5.13,8.23,1195.38,4.06,3.0335124240445293,255.8
2015-03-31 15:20:00,7744800.0,969.6,8.45,284.11,3.35,70.2,11.07,7.77,3.3,5.0,8.02,1195.79,6.7,5.154784242712124,247.7
2015-03-31 15:30:00,7745400.0,969.67,9.24,284.9,2.54,62.8,11.68,7.34,4.35,4.72,7.57,1192.74,4.62,3.114739327263023,257.7
2015-03-31 15:40:00,7746000.0,969.89,9.73,285.37,2.04,58.63,12.07,7.08,4.99,4.55,7.3,1191.06,5.06,3.389661153541003,255.1
2015-03-31 15:50:00,7746600.0,970.08,10.12,285.75,1.62,55.42,12.39,6.87,5.52,4.42,7.08,1189.75,4.61,3.870774349527468,261.2
2015-03-31 16:00:00,7747200.0,970.34,10.4,286.01,0.78,51.2,12.63,6.47,6.16,4.15,6.66,1189.08,5.54,3.277193133700011,260.8
2015-03-31 16:10:00,7747800.0,970.67,10.21,285.79,0.35,50.24,12.47,6.26,6.2,4.02,6.45,1190.38,5.13,2.989774860773032,254.8
2015-03-31 16:20:00,7748400.0,971.52,9.41,284.91,-0.11,51.27,11.82,6.06,5.76,3.89,6.24,1194.9,6.19,3.7583063296864756,269.6
2015-03-31 16:30:00,7749000.0,971.78,8.88,284.36,0.4,55.16,11.4,6.29,5.11,4.03,6.47,1197.35,5.25,3.314682473647008,262.3
2015-03-31 16:40:00,7749600.0,971.94,8.83,284.29,0.19,54.51,11.36,6.19,5.17,3.97,6.37,1197.81,5.86,3.852029679553969,264.1
2015-03-31 16:50:00,7750200.0,972.14,8.88,284.33,0.48,55.49,11.4,6.33,5.07,4.06,6.51,1197.78,4.82,2.7523423744420494,263.1
2015-03-31 17:00:00,7750800.0,972.59,8.68,284.09,0.39,55.86,11.25,6.28,4.96,4.03,6.46,1199.21,4.74,2.6648672478990556,279.4
2015-03-31 17:10:00,7751400.0,972.98,7.75,283.12,0.53,60.14,10.56,6.35,4.21,4.07,6.53,1203.63,3.44,2.6648672478990556,279.3
2015-03-31 17:20:00,7752000.0,973.23,7.46,282.81,0.84,62.75,10.35,6.49,3.86,4.16,6.67,1205.12,2.94,2.677363694548055,273.3
2015-03-31 17:30:00,7752600.0,973.62,7.45,282.76,0.89,63.02,10.34,6.52,3.82,4.17,6.69,1205.63,3.36,2.0900307020450977,272.0
2015-03-31 17:40:00,7753200.0,974.25,6.66,281.91,0.89,66.52,9.79,6.51,3.28,4.17,6.69,1209.84,6.44,3.7770509996599744,260.7
2015-03-31 17:50:00,7753800.0,974.22,5.8,281.05,0.96,71.0,9.23,6.55,2.68,4.19,6.72,1213.51,3.77,2.727349481144051,264.5
2015-03-31 18:00:00,7754400.0,974.39,6.07,281.31,0.66,68.16,9.4,6.41,2.99,4.1,6.58,1212.61,3.15,2.60238501465406,269.2
2015-03-31 18:10:00,7755000.0,974.55,6.21,281.44,0.26,65.56,9.5,6.23,3.27,3.98,6.39,1212.28,4.17,2.264980955131085,260.2
2015-03-31 18:20:00,7755600.0,974.86,6.41,281.61,-0.13,62.82,9.63,6.05,3.58,3.87,6.2,1211.88,4.59,2.677363694548055,259.8
2015-03-31 18:30:00,7756200.0,975.04,6.5,281.69,-0.35,61.46,9.69,5.96,3.73,3.81,6.11,1211.75,3.21,2.827321054336044,254.4
2015-03-31 18:40:00,7756800.0,975.23,6.59,281.76,-0.81,59.07,9.75,5.76,3.99,3.68,5.9,1211.7,3.51,2.2149951685350886,263.3
2015-03-31 18:50:00,7757400.0,975.43,6.71,281.87,-1.19,56.95,9.83,5.6,4.23,3.58,5.74,1211.51,5.25,3.377164706892004,253.2
2015-03-31 19:00:00,7758000.0,975.76,6.65,281.78,-1.1,57.55,9.79,5.63,4.16,3.6,5.77,1212.16,4.82,3.2834413570245107,255.2
2015-03-31 19:10:00,7758600.0,975.95,6.63,281.74,-1.01,58.03,9.78,5.67,4.1,3.62,5.81,1212.47,4.93,2.764838821091048,260.4
2015-03-31 19:20:00,7759200.0,976.13,6.57,281.67,-0.99,58.35,9.74,5.68,4.05,3.63,5.82,1212.94,4.07,2.6711154712235556,252.7
2015-03-31 19:30:00,7759800.0,976.22,6.42,281.52,-0.92,59.23,9.64,5.71,3.93,3.64,5.85,1213.68,3.11,2.2149951685350886,259.1
2015-03-31 19:40:00,7760400.0,976.14,6.35,281.44,-1.06,58.97,9.59,5.65,3.93,3.61,5.79,1213.94,3.17,2.427434761568073,257.6
2015-03-31 19:50:00,7761000.0,976.09,6.49,281.6,-1.34,57.18,9.68,5.54,4.15,3.54,5.67,1213.29,2.89,2.6398743546010572,260.8
2015-03-31 20:00:00,7761600.0,976.14,6.52,281.61,-1.55,56.19,9.7,5.45,4.25,3.48,5.58,1213.3,3.16,2.0775342553960985,249.9
2015-03-31 20:10:00,7762200.0,976.25,6.56,281.65,-2.07,53.92,9.73,5.25,4.48,3.35,5.37,1213.33,3.58,2.3649525283230775,249.6
2015-03-31 20:20:00,7762800.0,976.38,6.81,281.89,-2.62,50.87,9.9,5.04,4.86,3.21,5.16,1212.51,3.61,2.314966741727081,259.2
2015-03-31 20:30:00,7763400.0,976.28,6.86,281.95,-2.61,50.75,9.93,5.04,4.89,3.22,5.16,1212.19,3.0,1.7401301958731232,250.4
2015-03-31 20:40:00,7764000.0,976.81,6.88,281.93,-2.37,51.56,9.95,5.13,4.82,3.27,5.25,1212.71,3.69,2.9022997342300383,265.3
2015-03-31 20:50:00,7764600.0,978.04,4.5,279.43,0.12,73.1,8.43,6.16,2.27,3.93,6.3,1224.17,6.16,3.395909376865502,273.7
2015-03-31 21:00:00,7765200.0,978.07,2.6,277.52,0.59,86.5,7.37,6.37,0.99,4.06,6.52,1232.51,4.69,3.102242880614024,258.6
2015-03-31 21:10:00,7765800.0,977.94,2.72,277.65,0.88,87.6,7.43,6.51,0.92,4.15,6.66,1231.76,3.34,2.071286032071599,258.9
2015-03-31 21:20:00,7766400.0,977.86,2.87,277.8,0.88,86.7,7.51,6.51,1.0,4.15,6.66,1231.01,2.18,1.8151088757671174,237.4
2015-03-31 21:30:00,7767000.0,977.94,3.23,278.16,0.59,82.7,7.71,6.37,1.33,4.06,6.52,1229.54,3.64,2.314966741727081,251.0
2015-03-31 21:40:00,7767600.0,977.98,3.62,278.55,0.39,79.3,7.92,6.28,1.64,4.01,6.42,1227.9,3.38,1.9900591288531049,259.5
2015-03-31 21:50:00,7768200.0,977.9,3.91,278.84,0.35,77.5,8.08,6.27,1.82,3.99,6.41,1226.55,3.33,1.8525982157141148,263.4
2015-03-31 22:00:00,7768800.0,977.91,4.16,279.1,0.36,76.2,8.23,6.27,1.96,4.0,6.41,1225.45,3.83,2.302470295078082,258.2
2015-03-31 22:10:00,7769400.0,977.9,4.33,279.26,0.23,74.6,8.33,6.21,2.11,3.96,6.35,1224.73,3.17,2.6398743546010572,259.7
2015-03-31 22:20:00,7770000.0,977.87,4.46,279.4,0.04,72.9,8.4,6.12,2.28,3.91,6.26,1224.16,2.6,1.5651799427871358,258.4
2015-03-31 22:30:00,7770600.0,977.82,4.57,279.51,-0.02,72.0,8.47,6.1,2.37,3.89,6.24,1223.62,1.49,1.1028114167741696,259.7
2015-03-31 22:40:00,7771200.0,977.78,4.62,279.57,0.0,71.9,8.5,6.11,2.39,3.9,6.25,1223.34,1.77,1.3402439031051523,233.7
2015-03-31 22:50:00,7771800.0,977.82,4.67,279.61,0.17,72.5,8.53,6.18,2.34,3.94,6.32,1223.14,1.1,1.1965347666416628,229.4
2015-03-31 23:00:00,7772400.0,977.63,4.75,279.71,0.13,71.9,8.58,6.17,2.41,3.93,6.31,1222.55,1.54,1.0778185234761715,251.1
2015-03-31 23:10:00,7773000.0,977.65,4.75,279.71,-0.38,69.26,8.58,5.94,2.64,3.79,6.08,1222.68,3.75,2.2274916151840873,249.5
2015-03-31 23:20:00,7773600.0,977.65,4.66,279.62,-0.58,68.67,8.52,5.85,2.67,3.73,5.99,1223.11,2.56,1.6464068460056298,244.4
2015-03-31 23:30:00,7774200.0,977.67,4.49,279.45,-0.71,68.85,8.42,5.8,2.62,3.7,5.93,1223.93,3.15,2.2024987218860894,237.6
2015-03-31 23:40:00,7774800.0,977.69,4.27,279.22,-0.84,69.26,8.29,5.74,2.55,3.66,5.87,1224.95,3.48,2.4524276548660713,249.4
2015-03-31 23:50:00,7775400.0,977.54,4.05,279.02,-0.91,69.95,8.17,5.71,2.45,3.64,5.84,1225.72,4.14,2.3524560816740787,248.6
2015-04-01 00:00:00,7776000.0,977.61,3.92,278.88,-1.08,69.75,8.09,5.64,2.45,3.6,5.77,1226.43,3.48,2.5586474513825634,259.4
2015-04-01 00:10:00,7776600.0,977.7,3.87,278.82,-1.23,69.24,8.06,5.58,2.48,3.56,5.71,1226.8,3.53,1.9150804489591102,249.2
2015-04-01 00:20:00,7777200.0,977.88,3.92,278.86,-1.3,68.63,8.09,5.55,2.54,3.54,5.68,1226.79,4.66,3.15222866721002,248.4
2015-04-01 00:30:00,7777800.0,978.08,3.96,278.88,-1.36,68.14,8.12,5.53,2.59,3.52,5.65,1226.88,2.7,1.7526266425221224,255.6
2015-04-01 00:40:00,7778400.0,978.28,3.88,278.79,-1.34,68.62,8.07,5.54,2.53,3.53,5.66,1227.5,3.9,3.3646682602430045,245.0
2015-04-01 00:50:00,7779000.0,978.4,3.81,278.7,-1.33,69.0,8.03,5.54,2.49,3.53,5.66,1227.96,4.07,2.889803287581039,252.1
2015-04-01 01:00:00,7779600.0,978.34,3.82,278.72,-1.44,68.37,8.03,5.49,2.54,3.5,5.62,1227.85,4.08,2.6711154712235556,247.3
2015-04-01 01:10:00,7780200.0,978.77,3.59,278.45,-1.03,71.7,7.9,5.67,2.24,3.61,5.79,1229.36,3.55,2.314966741727081,256.4
2015-04-01 01:20:00,7780800.0,979.14,2.11,276.93,-0.46,83.0,7.11,5.9,1.21,3.76,6.03,1236.31,3.96,1.8401017690651158,254.0
2015-04-01 01:30:00,7781400.0,979.28,1.52,276.33,-0.2,88.3,6.82,6.02,0.8,3.83,6.15,1239.08,3.01,1.8026124291181185,256.9
2015-04-01 01:40:00,7782000.0,979.21,1.38,276.2,-0.14,89.5,6.75,6.04,0.71,3.85,6.17,1239.59,3.15,1.8401017690651158,255.0
2015-04-01 01:50:00,7782600.0,979.14,1.39,276.21,0.01,90.5,6.75,6.11,0.64,3.89,6.24,1239.46,2.41,1.5026977095421403,267.6
2015-04-01 02:00:00,7783200.0,979.18,1.5,276.31,0.07,90.2,6.81,6.14,0.67,3.91,6.27,1239.0,1.7,0.974722838621929,268.7
2015-04-01 02:10:00,7783800.0,979.07,1.6,276.43,-0.04,88.8,6.86,6.09,0.77,3.88,6.22,1238.43,2.02,1.0372050718669243,260.8
2015-04-01 02:20:00,7784400.0,979.02,1.64,276.48,-0.28,87.0,6.88,5.99,0.89,3.81,6.11,1238.21,2.48,1.5526834961381366,244.6
2015-04-01 02:30:00,7785000.0,978.96,1.8,276.64,-0.62,83.9,6.96,5.84,1.12,3.72,5.96,1237.48,2.61,1.6026692827341331,251.7
2015-04-01 02:40:00,7785600.0,979.44,1.98,276.78,-0.83,81.5,7.05,5.75,1.3,3.66,5.87,1237.32,2.87,2.9522855208260346,265.9
2015-04-01 02:50:00,7786200.0,980.68,0.91,275.6,-1.14,86.1,6.53,5.62,0.91,3.57,5.73,1243.8,4.12,3.002271307422031,266.7
2015-04-01 03:00:00,7786800.0,980.35,0.06,274.78,-1.11,91.8,6.14,5.63,0.5,3.58,5.74,1247.25,3.66,2.314966741727081,264.6
2015-04-01 03:10:00,7787400.0,980.1,0.14,274.88,-0.94,92.4,6.17,5.7,0.47,3.63,5.82,1246.52,3.36,2.2899738484290832,252.1
2015-04-01 03:20:00,7788000.0,980.21,0.35,275.08,-0.89,91.3,6.27,5.72,0.55,3.64,5.84,1245.7,2.89,2.2274916151840873,251.7
2015-04-01 03:30:00,7788600.0,980.05,0.49,275.23,-0.7,91.7,6.33,5.8,0.53,3.69,5.92,1244.84,3.05,2.027548468800102,255.0
2015-04-01 03:40:00,7789200.0,979.97,0.57,275.32,-0.61,91.8,6.37,5.84,0.52,3.72,5.96,1244.36,2.8,1.6026692827341331,259.8
2015-04-01 03:50:00,7789800.0,980.22,0.64,275.37,-0.62,91.2,6.4,5.84,0.56,3.71,5.95,1244.34,2.52,1.2527687765621587,255.2
2015-04-01 04:00:00,7790400.0,980.28,0.57,275.29,-0.7,91.2,6.36,5.8,0.56,3.69,5.92,1244.78,2.37,1.7526266425221224,251.7
2015-04-01 04:10:00,7791000.0,980.39,0.55,275.26,-0.6,92.0,6.35,5.85,0.51,3.72,5.96,1244.99,2.77,1.6276621760321313,249.4
2015-04-01 04:20:00,7791600.0,980.33,0.61,275.32,-0.58,91.7,6.38,5.85,0.53,3.72,5.97,1244.64,1.83,0.8747512654299362,239.7
2015-04-01 04:30:00,7792200.0,980.36,0.62,275.34,-0.69,90.9,6.39,5.81,0.58,3.69,5.92,1244.62,2.02,1.152797203370166,233.4
2015-04-01 04:40:00,7792800.0,980.57,0.69,275.39,-0.74,90.1,6.42,5.79,0.64,3.68,5.9,1244.6,1.73,1.6776479626281278,237.3
2015-04-01 04:50:00,7793400.0,980.65,0.77,275.47,-0.84,88.9,6.46,5.74,0.72,3.65,5.86,1244.34,2.46,1.9400733422571086,259.0
2015-04-01 05:00:00,7794000.0,980.57,0.87,275.58,-0.85,88.2,6.51,5.74,0.77,3.65,5.85,1243.77,1.39,1.177790096668164,243.5
2015-04-01 05:10:00,7794600.0,980.56,0.97,275.68,-0.91,87.2,6.55,5.72,0.84,3.63,5.83,1243.33,1.55,1.084066746800671,256.7
2015-04-01 05:20:00,7795200.0,980.57,1.17,275.88,-1.06,85.0,6.65,5.65,1.0,3.59,5.77,1242.45,2.29,1.5026977095421403,247.9
2015-04-01 05:30:00,7795800.0,980.74,1.46,276.15,-1.19,82.4,6.79,5.6,1.2,3.56,5.71,1241.4,3.62,2.0525413620981006,253.8
2015-04-01 05:40:00,7796400.0,981.12,1.67,276.33,-1.14,81.5,6.89,5.62,1.28,3.57,5.73,1240.94,2.77,1.9025840023101113,254.7
2015-04-01 05:50:00,7797000.0,981.18,1.51,276.17,-0.98,83.4,6.82,5.68,1.13,3.61,5.79,1241.69,2.96,1.4527119229461443,261.5
2015-04-01 06:00:00,7797600.0,981.16,1.43,276.09,-0.97,84.0,6.77,5.69,1.08,3.62,5.8,1242.03,2.79,1.8525982157141148,259.1
2015-04-01 06:10:00,7798200.0,981.31,1.44,276.09,-1.05,83.4,6.78,5.65,1.13,3.59,5.76,1242.19,2.91,1.4527119229461443,263.0
2015-04-01 06:20:00,7798800.0,981.4,1.6,276.24,-1.26,81.2,6.86,5.57,1.29,3.54,5.68,1241.61,3.68,2.402441868270075,258.4
2015-04-01 06:30:00,7799400.0,981.46,1.73,276.37,-1.38,79.7,6.92,5.52,1.41,3.5,5.62,1241.12,4.13,2.165009381939092,259.8
2015-04-01 06:40:00,7800000.0,981.52,1.78,276.41,-1.51,78.7,6.95,5.47,1.48,3.47,5.57,1241.0,4.31,1.9088322256346109,257.5
2015-04-01 06:50:00,7800600.0,981.72,1.93,276.54,-1.55,77.6,7.02,5.45,1.57,3.46,5.55,1240.6,3.28,2.002555575502104,264.7
2015-04-01 07:00:00,7801200.0,981.99,2.01,276.6,-1.25,78.9,7.06,5.57,1.49,3.54,5.67,1240.53,2.92,2.1275200419920948,255.8
2015-04-01 07:10:00,7801800.0,982.11,1.8,276.39,-0.86,82.4,6.96,5.73,1.22,3.64,5.84,1241.52,2.78,1.8775911090121131,255.8
2015-04-01 07:20:00,7802400.0,982.35,1.8,276.37,-0.7,83.4,6.96,5.8,1.16,3.68,5.91,1241.81,3.59,2.0525413620981006,255.0
2015-04-01 07:30:00,7803000.0,982.48,1.69,276.24,-0.57,84.9,6.9,5.86,1.04,3.72,5.96,1242.47,3.89,2.2274916151840873,250.6
2015-04-01 07:40:00,7803600.0,982.58,1.68,276.22,-0.38,86.1,6.9,5.94,0.96,3.77,6.04,1242.58,4.22,2.2024987218860894,246.4
2015-04-01 07:50:00,7804200.0,982.74,2.15,276.68,-0.18,84.5,7.13,6.03,1.11,3.82,6.13,1240.62,3.79,2.3961936449455754,247.4
2015-04-01 08:00:00,7804800.0,982.82,2.16,276.69,-0.43,82.9,7.14,5.92,1.22,3.75,6.02,1240.72,4.35,2.414938314919074,253.2
2015-04-01 08:10:00,7805400.0,982.93,2.23,276.75,-0.49,82.1,7.18,5.89,1.28,3.74,5.99,1240.56,3.63,2.302470295078082,256.8
2015-04-01 08:20:00,7806000.0,983.03,2.43,276.94,-0.45,81.2,7.28,5.91,1.37,3.75,6.01,1239.77,3.53,2.0650378087470997,252.6
2015-04-01 08:30:00,7806600.0,983.12,2.58,277.08,-0.53,79.9,7.35,5.88,1.48,3.73,5.98,1239.26,5.33,2.827321054336044,246.5
2015-04-01 08:40:00,7807200.0,983.21,2.47,276.97,-0.56,80.3,7.3,5.86,1.44,3.72,5.96,1239.85,3.89,2.2524845084820857,259.4
2015-04-01 08:50:00,7807800.0,983.41,3.3,277.79,-0.13,78.1,7.74,6.05,1.7,3.83,6.15,1236.29,2.98,1.9338251189326092,249.0
2015-04-01 09:00:00,7808400.0,983.46,3.63,278.12,-0.17,76.1,7.93,6.03,1.89,3.82,6.13,1234.88,4.11,2.2899738484290832,262.0
2015-04-01 09:10:00,7809000.0,983.67,4.01,278.48,-0.11,74.4,8.14,6.06,2.08,3.84,6.16,1233.45,3.72,2.46492410151507,259.1
2015-04-01 09:20:00,7809600.0,983.73,4.2,278.67,-0.23,72.8,8.25,6.01,2.24,3.81,6.11,1232.7,4.09,2.439931208217072,255.0
2015-04-01 09:30:00,7810200.0,983.77,4.39,278.85,-0.1,72.5,8.37,6.06,2.3,3.84,6.16,1231.87,4.5,2.589888568005061,249.1
2015-04-01 09:40:00,7810800.0,983.99,4.32,278.77,-0.26,72.0,8.32,5.99,2.33,3.8,6.09,1232.49,4.07,2.714853034495052,264.1
2015-04-01 09:50:00,7811400.0,984.11,4.11,278.55,-0.35,72.6,8.2,5.95,2.25,3.77,6.05,1233.59,4.1,2.389945421621076,258.5
2015-04-01 10:00:00,7812000.0,984.35,4.07,278.48,-0.28,73.2,8.18,5.99,2.19,3.79,6.08,1234.07,3.62,2.4461794315415717,267.8
2015-04-01 10:10:00,7812600.0,984.49,4.66,279.06,0.03,71.8,8.52,6.12,2.4,3.88,6.22,1231.56,4.39,3.0647535406670268,261.9
2015-04-01 10:20:00,7813200.0,984.6,4.55,278.95,-0.21,71.1,8.46,6.01,2.44,3.81,6.11,1232.23,3.97,3.4646398334349975,265.4
2015-04-01 10:30:00,7813800.0,984.91,4.13,278.5,-0.39,72.3,8.21,5.94,2.27,3.76,6.03,1234.52,4.39,2.427434761568073,260.5
2015-04-01 10:40:00,7814400.0,985.06,4.01,278.37,-0.16,74.1,8.14,6.04,2.11,3.82,6.13,1235.19,4.51,3.2397037937530135,265.1
2015-04-01 10:50:00,7815000.0,985.24,4.25,278.59,-0.01,73.7,8.28,6.1,2.18,3.86,6.19,1234.33,3.65,2.439931208217072,260.5
2015-04-01 11:00:00,7815600.0,985.38,4.01,278.34,-0.34,73.2,8.14,5.96,2.18,3.77,6.05,1235.66,4.36,2.764838821091048,258.7
2015-04-01 11:10:00,7816200.0,985.55,4.0,278.32,-0.4,72.9,8.14,5.93,2.21,3.75,6.02,1235.9,3.72,2.071286032071599,268.2
2015-04-01 11:20:00,7816800.0,985.6,4.28,278.6,-0.28,72.1,8.3,5.98,2.32,3.79,6.07,1234.69,2.73,1.8026124291181185,265.4
2015-04-01 11:30:00,7817400.0,985.7,4.5,278.81,-0.28,71.0,8.43,5.98,2.44,3.78,6.07,1233.86,3.81,2.5274063347600655,267.6
2015-04-01 11:40:00,7818000.0,985.78,4.88,279.18,-0.8,66.57,8.66,5.76,2.89,3.64,5.85,1232.37,4.35,2.477420548164069,269.0
2015-04-01 11:50:00,7818600.0,985.74,5.37,279.67,-0.64,65.1,8.95,5.83,3.13,3.69,5.91,1230.14,2.52,1.7401301958731232,246.7
2015-04-01 12:00:00,7819200.0,985.78,5.76,280.07,-0.61,63.46,9.2,5.84,3.36,3.69,5.93,1228.44,3.56,2.5149098881110667,262.6
2015-04-01 12:10:00,7819800.0,985.82,5.76,280.06,-0.92,62.06,9.2,5.71,3.49,3.61,5.79,1228.56,4.16,2.7523423744420494,279.8
2015-04-01 12:20:00,7820400.0,985.93,5.79,280.08,-1.32,60.09,9.22,5.54,3.68,3.5,5.62,1228.63,3.7,3.2397037937530135,263.9
2015-04-01 12:30:00,7821000.0,985.95,5.78,280.07,-1.44,59.61,9.22,5.49,3.72,3.47,5.57,1228.74,3.38,2.033796692124602,260.1
2015-04-01 12:40:00,7821600.0,985.81,6.37,280.68,-0.39,61.79,9.6,5.93,3.67,3.75,6.02,1225.74,4.13,2.677363694548055,247.9
2015-04-01 12:50:00,7822200.0,985.87,6.74,281.04,-0.11,61.51,9.85,6.06,3.79,3.83,6.15,1224.15,5.07,2.8960515109055387,248.5
2015-04-01 13:00:00,7822800.0,985.88,6.66,280.96,-0.31,60.94,9.8,5.97,3.83,3.78,6.06,1224.54,4.33,2.721101257819552,247.3
2015-04-01 13:10:00,7823400.0,985.81,6.57,280.88,-0.7,59.6,9.74,5.8,3.93,3.67,5.89,1224.94,4.83,3.0647535406670268,263.9
2015-04-01 13:20:00,7824000.0,985.74,6.86,281.17,-0.7,58.43,9.93,5.8,4.13,3.67,5.89,1223.59,4.93,3.2022144538060164,256.1
2015-04-01 13:30:00,7824600.0,985.7,7.09,281.41,-1.09,55.89,10.09,5.64,4.45,3.57,5.72,1222.61,5.08,2.727349481144051,250.8
2015-04-01 13:40:00,7825200.0,985.73,6.99,281.3,-1.49,54.65,10.02,5.47,4.54,3.46,5.55,1223.18,5.08,2.7898317143890465,263.0
2015-04-01 13:50:00,7825800.0,985.84,7.0,281.31,-1.47,54.68,10.03,5.48,4.54,3.47,5.56,1223.25,4.54,2.8523139476340424,265.6
2015-04-01 14:00:00,7826400.0,985.9,7.08,281.38,-1.57,53.98,10.08,5.44,4.64,3.44,5.52,1223.0,4.29,2.796079937713546,251.4
2015-04-01 14:10:00,7827000.0,985.97,6.97,281.26,-2.46,50.9,10.01,5.09,4.91,3.22,5.17,1223.73,4.45,2.839817500985043,260.5
2015-04-01 14:20:00,7827600.0,986.03,7.08,281.37,-3.27,47.56,10.08,4.8,5.29,3.03,4.86,1223.46,4.18,2.4524276548660713,276.9
2015-04-01 14:30:00,7828200.0,986.03,7.08,281.37,-2.94,48.74,10.08,4.91,5.17,3.11,4.98,1223.41,3.42,2.165009381939092,259.0
2015-04-01 14:40:00,7828800.0,986.08,7.09,281.38,-2.74,49.45,10.09,4.99,5.1,3.15,5.06,1223.39,3.67,2.2899738484290832,273.8
2015-04-01 14:50:00,7829400.0,986.26,6.72,280.99,-2.06,53.37,9.84,5.25,4.59,3.32,5.32,1225.1,3.48,2.2524845084820857,292.9
2015-04-01 15:00:00,7830000.0,986.62,4.94,279.17,-0.48,67.86,8.69,5.9,2.79,3.73,5.98,1233.11,2.31,1.9025840023101113,305.2
2015-04-01 15:10:00,7830600.0,986.94,3.74,277.94,-0.39,74.3,7.99,5.94,2.05,3.75,6.01,1238.83,2.67,2.5274063347600655,342.3
2015-04-01 15:20:00,7831200.0,986.91,2.81,277.01,-0.1,81.1,7.48,6.06,1.41,3.83,6.14,1242.91,2.18,1.327747456456153,301.3
2015-04-01 15:30:00,7831800.0,986.99,2.76,276.96,-0.02,81.8,7.45,6.1,1.36,3.85,6.18,1243.2,1.56,1.2433964415754093,352.7
2015-04-01 15:40:00,7832400.0,987.07,2.64,276.83,0.33,84.7,7.39,6.26,1.13,3.95,6.34,1243.78,1.25,1.2871340048469062,22.65
2015-04-01 15:50:00,7833000.0,987.33,2.19,276.35,0.18,86.5,7.15,6.19,0.97,3.91,6.27,1246.19,2.57,1.3371197914429025,280.3
2015-04-01 16:00:00,7833600.0,987.65,1.4,275.53,-0.24,88.8,6.76,6.0,0.76,3.79,6.08,1250.27,2.02,1.262141111548908,253.6
2015-04-01 16:10:00,7834200.0,987.57,0.64,274.78,-0.62,91.2,6.4,5.84,0.56,3.68,5.91,1253.7,1.86,1.3777332430521496,241.2
2015-04-01 16:20:00,7834800.0,987.41,0.49,274.64,-0.48,93.2,6.33,5.9,0.43,3.72,5.97,1254.16,2.97,1.8525982157141148,249.2
2015-04-01 16:30:00,7835400.0,987.36,0.68,274.83,-0.23,93.6,6.42,6.0,0.41,3.79,6.08,1253.19,3.1,1.8276053224161166,260.8
2015-04-01 16:40:00,7836000.0,987.28,0.78,274.94,-0.24,92.9,6.46,6.0,0.46,3.79,6.08,1252.62,2.47,1.4589601462706436,258.1
2015-04-01 16:50:00,7836600.0,987.08,0.92,275.1,-0.05,93.2,6.53,6.09,0.44,3.84,6.17,1251.66,2.69,1.5026977095421403,251.7
2015-04-01 17:00:00,7837200.0,987.03,1.4,275.58,0.3,92.4,6.76,6.24,0.51,3.94,6.33,1249.37,3.09,1.7526266425221224,254.7
2015-04-01 17:10:00,7837800.0,987.09,1.51,275.69,0.16,90.7,6.81,6.18,0.63,3.9,6.26,1248.98,3.39,1.577676389436135,259.2
2015-04-01 17:20:00,7838400.0,987.03,1.58,275.77,0.05,89.5,6.85,6.13,0.72,3.87,6.21,1248.56,2.54,1.5839246127606346,255.8
2015-04-01 17:30:00,7839000.0,986.98,1.68,275.87,0.18,89.7,6.9,6.19,0.71,3.91,6.27,1248.03,2.63,1.6276621760321313,248.1
2015-04-01 17:40:00,7839600.0,987.04,1.76,275.95,0.29,89.9,6.94,6.24,0.7,3.94,6.32,1247.73,2.86,1.6089175060586327,250.6
2015-04-01 17:50:00,7840200.0,987.1,1.72,275.9,0.2,89.6,6.92,6.2,0.72,3.91,6.28,1248.02,2.85,1.6776479626281278,258.8
2015-04-01 18:00:00,7840800.0,987.15,1.68,275.86,0.21,89.9,6.9,6.2,0.7,3.92,6.28,1248.24,2.27,1.3527403497541515,253.5
2015-04-01 18:10:00,7841400.0,987.25,1.77,275.94,0.02,88.1,6.94,6.12,0.83,3.86,6.2,1247.98,2.97,1.7651230891711214,253.2
2015-04-01 18:20:00,7842000.0,987.35,1.91,276.07,-0.26,85.5,7.01,5.99,1.02,3.78,6.07,1247.57,3.16,1.7401301958731232,262.2
2015-04-01 18:30:00,7842600.0,987.39,1.88,276.04,-0.26,85.6,7.0,5.99,1.01,3.78,6.07,1247.73,2.9,1.6901444092771267,258.9
2015-04-01 18:40:00,7843200.0,987.47,1.87,276.02,-0.2,86.1,6.99,6.02,0.97,3.8,6.1,1247.9,2.77,2.3462078583495787,248.3
2015-04-01 18:50:00,7843800.0,987.59,1.82,275.96,-0.17,86.6,6.97,6.03,0.93,3.81,6.11,1248.25,2.93,1.977562682204106,257.9
2015-04-01 19:00:00,7844400.0,987.7,1.64,275.78,-0.12,88.0,6.88,6.05,0.83,3.82,6.13,1249.18,2.96,1.7401301958731232,255.0
2015-04-01 19:10:00,7845000.0,987.83,1.65,275.77,-0.12,88.0,6.88,6.06,0.83,3.82,6.13,1249.32,2.65,1.4902012628931411,257.7
2015-04-01 19:20:00,7845600.0,987.8,1.72,275.85,-0.18,87.1,6.92,6.03,0.89,3.8,6.1,1248.97,2.89,1.5276906028401385,258.2
2015-04-01 19:30:00,7846200.0,987.9,1.73,275.85,-0.27,86.5,6.92,5.99,0.93,3.78,6.06,1249.07,2.47,1.3652367964031504,262.5
2015-04-01 19:40:00,7846800.0,988.09,1.69,275.79,-0.26,86.8,6.9,5.99,0.91,3.78,6.06,1249.49,3.03,1.7526266425221224,263.0
2015-04-01 19:50:00,7847400.0,988.19,1.6,275.69,-0.26,87.4,6.86,5.99,0.86,3.78,6.07,1250.04,3.75,1.7713713124956207,258.7
2015-04-01 20:00:00,7848000.0,988.31,1.61,275.7,-0.25,87.4,6.86,6.0,0.86,3.78,6.07,1250.12,2.69,1.5026977095421403,259.5
2015-04-01 20:10:00,7848600.0,988.37,1.65,275.73,-0.17,87.7,6.88,6.03,0.85,3.81,6.11,1250.03,2.48,1.4777048162441424,250.8
2015-04-01 20:20:00,7849200.0,988.33,1.71,275.8,-0.18,87.2,6.91,6.03,0.89,3.8,6.1,1249.67,2.73,1.3777332430521496,257.7
2015-04-01 20:30:00,7849800.0,988.31,1.75,275.84,-0.31,86.1,6.93,5.97,0.96,3.77,6.04,1249.5,2.65,1.5026977095421403,250.7
2015-04-01 20:40:00,7850400.0,988.42,1.8,275.88,-0.41,85.2,6.96,5.93,1.03,3.74,6.0,1249.45,3.63,2.4524276548660713,256.4
2015-04-01 20:50:00,7851000.0,988.5,1.68,275.75,-0.52,85.2,6.9,5.88,1.02,3.71,5.95,1250.1,3.22,2.0775342553960985,260.1
2015-04-01 21:00:00,7851600.0,988.64,1.56,275.62,-0.6,85.5,6.84,5.85,0.99,3.69,5.91,1250.86,3.07,1.715137302575125,256.0
2015-04-01 21:10:00,7852200.0,988.73,1.52,275.58,-0.57,85.9,6.82,5.86,0.96,3.69,5.93,1251.12,2.83,1.7401301958731232,253.9
2015-04-01 21:20:00,7852800.0,988.75,1.56,275.61,-0.56,85.7,6.84,5.86,0.98,3.7,5.93,1250.98,2.67,1.8775911090121131,254.8
2015-04-01 21:30:00,7853400.0,988.79,1.6,275.65,-0.59,85.3,6.86,5.85,1.01,3.69,5.92,1250.86,2.83,1.8026124291181185,260.7
2015-04-01 21:40:00,7854000.0,988.77,1.49,275.54,-0.49,86.6,6.8,5.89,0.91,3.71,5.96,1251.32,2.45,1.7901159824691195,253.0
2015-04-01 21:50:00,7854600.0,988.76,1.51,275.56,-0.39,87.1,6.81,5.93,0.88,3.74,6.0,1251.19,2.75,1.4027261363501478,253.3
2015-04-01 22:00:00,7855200.0,988.65,1.59,275.65,-0.45,86.2,6.85,5.91,0.95,3.73,5.98,1250.68,3.05,1.7651230891711214,245.6
2015-04-01 22:10:00,7855800.0,988.59,1.6,275.66,-0.59,85.3,6.86,5.85,1.01,3.69,5.92,1250.61,2.07,1.6901444092771267,242.9
2015-04-01 22:20:00,7856400.0,988.63,1.6,275.66,-0.73,84.4,6.86,5.79,1.07,3.65,5.85,1250.69,2.18,1.2652652232111576,233.0
2015-04-01 22:30:00,7857000.0,988.56,1.57,275.64,-0.79,84.2,6.85,5.76,1.08,3.63,5.83,1250.73,1.75,1.2652652232111576,251.8
2015-04-01 22:40:00,7857600.0,988.49,1.57,275.64,-0.85,83.9,6.84,5.74,1.1,3.62,5.81,1250.68,2.22,1.3402439031051523,243.8
2015-04-01 22:50:00,7858200.0,988.46,1.55,275.62,-0.86,83.9,6.83,5.73,1.1,3.62,5.8,1250.72,2.33,1.6151657293831323,237.9
2015-04-01 23:00:00,7858800.0,988.31,1.51,275.6,-0.92,83.8,6.81,5.71,1.1,3.6,5.78,1250.72,2.06,1.590172836085134,239.5
2015-04-01 23:10:00,7859400.0,988.25,1.49,275.58,-0.83,84.5,6.8,5.75,1.05,3.63,5.82,1250.73,1.55,1.2277758832641605,241.5
2015-04-01 23:20:00,7860000.0,988.17,1.41,275.51,-0.79,85.2,6.76,5.76,1.0,3.64,5.83,1250.98,1.78,1.1278043100721677,242.2
2015-04-01 23:30:00,7860600.0,988.1,1.41,275.51,-0.78,85.3,6.76,5.77,0.99,3.64,5.84,1250.89,1.86,1.2902581165091558,244.3
2015-04-01 23:40:00,7861200.0,987.95,1.42,275.53,-0.83,84.9,6.77,5.75,1.02,3.63,5.82,1250.66,1.65,1.1278043100721677,235.3
2015-04-01 23:50:00,7861800.0,987.7,1.41,275.55,-0.82,85.0,6.77,5.75,1.01,3.63,5.82,1250.38,2.18,1.3402439031051523,224.4
2015-04-02 00:00:00,7862400.0,987.59,1.51,275.65,-0.83,84.4,6.81,5.75,1.06,3.63,5.82,1249.82,2.58,1.177790096668164,223.2
2015-04-02 00:10:00,7863000.0,987.37,1.68,275.84,-0.65,84.4,6.9,5.82,1.08,3.68,5.9,1248.7,1.97,1.2652652232111576,225.1
2015-04-02 00:20:00,7863600.0,987.07,1.77,275.95,-0.47,85.0,6.94,5.9,1.04,3.73,5.98,1247.88,1.78,1.1028114167741696,229.2
2015-04-02 00:30:00,7864200.0,986.92,1.91,276.11,-0.4,84.6,7.01,5.93,1.08,3.75,6.01,1247.03,2.81,1.6276621760321313,227.6
2015-04-02 00:40:00,7864800.0,986.81,2.06,276.27,-0.23,84.7,7.09,6.0,1.08,3.79,6.08,1246.19,3.62,1.9650662355551067,223.6
2015-04-02 00:50:00,7865400.0,986.64,2.01,276.23,-0.04,86.2,7.07,6.09,0.98,3.85,6.17,1246.14,4.46,2.1150235953430956,214.2
2015-04-02 01:00:00,7866000.0,986.33,1.65,275.89,0.04,89.0,6.88,6.12,0.76,3.87,6.21,1247.4,4.74,2.2524845084820857,209.3
2015-04-02 01:10:00,7866600.0,986.13,1.44,275.7,0.14,91.0,6.78,6.17,0.61,3.9,6.26,1248.05,3.81,1.6151657293831323,205.9
2015-04-02 01:20:00,7867200.0,985.97,1.41,275.68,0.24,91.9,6.76,6.22,0.55,3.93,6.3,1247.99,3.71,1.9150804489591102,203.3
2015-04-02 01:30:00,7867800.0,985.69,1.36,275.65,0.21,92.0,6.74,6.2,0.54,3.92,6.29,1247.85,3.71,1.727633749224124,199.1
2015-04-02 01:40:00,7868400.0,985.26,1.29,275.62,0.19,92.3,6.71,6.19,0.52,3.92,6.28,1247.62,3.61,1.5151941561911395,192.0
2015-04-02 01:50:00,7869000.0,985.11,1.34,275.68,0.26,92.5,6.73,6.22,0.5,3.94,6.32,1247.21,2.82,1.3652367964031504,193.8
2015-04-02 02:00:00,7869600.0,984.87,1.41,275.77,0.34,92.5,6.77,6.26,0.51,3.96,6.35,1246.54,2.62,1.8775911090121131,201.9
2015-04-02 02:10:00,7870200.0,984.69,1.62,275.99,0.45,91.9,6.87,6.31,0.56,4.0,6.41,1245.35,2.21,1.7401301958731232,221.8
2015-04-02 02:20:00,7870800.0,984.43,1.83,276.23,0.53,91.0,6.97,6.35,0.63,4.02,6.45,1244.04,3.01,1.7901159824691195,208.7
2015-04-02 02:30:00,7871400.0,984.17,1.99,276.41,0.48,89.7,7.05,6.33,0.73,4.01,6.43,1243.0,4.45,2.314966741727081,209.7
2015-04-02 02:40:00,7872000.0,983.87,2.09,276.54,0.46,88.9,7.11,6.32,0.79,4.0,6.42,1242.17,5.59,2.7898317143890465,209.5
2015-04-02 02:50:00,7872600.0,983.6,2.23,276.7,0.46,88.0,7.18,6.32,0.86,4.0,6.42,1241.2,6.01,2.652370801250057,210.0
2015-04-02 03:00:00,7873200.0,983.45,2.37,276.84,0.48,87.3,7.25,6.33,0.92,4.01,6.43,1240.4,4.48,2.8335692776605437,216.3
2015-04-02 03:10:00,7873800.0,983.28,2.47,276.97,0.54,87.0,7.3,6.35,0.95,4.03,6.46,1239.69,3.27,1.9400733422571086,215.5
2015-04-02 03:20:00,7874400.0,983.1,2.62,277.12,0.59,86.4,7.38,6.37,1.0,4.04,6.48,1238.81,3.58,2.4524276548660713,215.1
2015-04-02 03:30:00,7875000.0,982.85,2.61,277.14,0.58,86.4,7.37,6.37,1.0,4.04,6.48,1238.51,5.74,2.6961083645215536,209.0
2015-04-02 03:40:00,7875600.0,982.61,2.57,277.11,0.65,87.1,7.35,6.4,0.95,4.06,6.52,1238.4,6.37,2.6898601411970535,210.2
2015-04-02 03:50:00,7876200.0,982.48,2.57,277.13,0.7,87.4,7.35,6.43,0.93,4.08,6.54,1238.21,5.32,2.4524276548660713,211.7
2015-04-02 04:00:00,7876800.0,982.28,2.62,277.19,0.73,87.3,7.38,6.44,0.94,4.09,6.56,1237.74,5.6,2.483668771488569,210.6
2015-04-02 04:10:00,7877400.0,982.09,2.69,277.28,0.72,86.8,7.41,6.44,0.98,4.09,6.55,1237.18,4.76,2.46492410151507,209.6
2015-04-02 04:20:00,7878000.0,981.87,2.73,277.34,0.71,86.5,7.44,6.43,1.0,4.09,6.55,1236.71,6.34,2.7398459277930503,207.8
2015-04-02 04:30:00,7878600.0,981.72,2.68,277.3,0.71,86.8,7.41,6.43,0.98,4.09,6.55,1236.74,6.42,3.0397606473690284,208.1
2015-04-02 04:40:00,7879200.0,981.51,2.55,277.19,0.67,87.3,7.34,6.41,0.93,4.07,6.53,1237.07,6.69,2.827321054336044,210.5
2015-04-02 04:50:00,7879800.0,981.23,2.45,277.11,0.71,88.2,7.29,6.43,0.86,4.09,6.55,1237.17,6.25,2.60238501465406,206.0
2015-04-02 05:00:00,7880400.0,981.03,2.4,277.07,0.7,88.5,7.26,6.43,0.84,4.09,6.55,1237.14,6.0,2.8335692776605437,209.0
2015-04-02 05:10:00,7881000.0,980.81,2.43,277.12,0.72,88.4,7.28,6.44,0.84,4.09,6.56,1236.71,6.3,2.6148814613030593,209.6
2015-04-02 05:20:00,7881600.0,980.61,2.53,277.23,0.7,87.7,7.33,6.43,0.9,4.09,6.55,1236.04,6.51,3.027264200720029,208.7
2015-04-02 05:30:00,7882200.0,980.43,2.56,277.29,0.69,87.4,7.35,6.42,0.93,4.08,6.55,1235.65,6.65,3.1459804438855206,207.7
2015-04-02 05:40:00,7882800.0,980.27,2.64,277.37,0.71,87.1,7.39,6.43,0.95,4.09,6.56,1235.12,5.45,2.5461510047335643,205.5
2015-04-02 05:50:00,7883400.0,980.07,2.73,277.48,0.71,86.5,7.44,6.43,1.0,4.09,6.56,1234.45,5.85,2.4524276548660713,206.0
2015-04-02 06:00:00,7884000.0,979.97,2.73,277.49,0.7,86.4,7.44,6.43,1.01,4.09,6.56,1234.31,5.8,2.5149098881110667,204.6
2015-04-02 06:10:00,7884600.0,979.76,2.73,277.51,0.76,86.8,7.44,6.46,0.98,4.11,6.59,1234.03,5.7,2.633626131276558,207.0
2015-04-02 06:20:00,7885200.0,979.62,2.79,277.57,0.75,86.4,7.47,6.45,1.02,4.11,6.58,1233.62,6.24,2.652370801250057,206.7
2015-04-02 06:30:00,7885800.0,979.49,2.76,277.56,0.82,87.0,7.45,6.48,0.97,4.13,6.62,1233.57,5.9,2.9335408508525362,208.4
2015-04-02 06:40:00,7886400.0,979.31,2.75,277.56,0.81,87.0,7.45,6.48,0.97,4.13,6.62,1233.37,6.23,2.8023281610380457,207.5
2015-04-02 06:50:00,7887000.0,979.12,2.68,277.51,0.84,87.6,7.41,6.49,0.92,4.13,6.63,1233.44,6.46,2.9522855208260346,207.8
2015-04-02 07:00:00,7887600.0,978.97,2.64,277.48,0.87,88.1,7.39,6.51,0.88,4.14,6.65,1233.44,6.1,2.658619024574556,207.0
2015-04-02 07:10:00,7888200.0,978.83,2.69,277.54,0.93,88.1,7.42,6.53,0.88,4.16,6.67,1233.0,6.04,2.6898601411970535,207.5
2015-04-02 07:20:00,7888800.0,978.72,2.83,277.69,0.94,87.3,7.49,6.54,0.95,4.17,6.68,1232.25,6.38,3.0772499873160255,211.0
2015-04-02 07:30:00,7889400.0,978.7,3.01,277.87,1.02,86.7,7.58,6.58,1.01,4.19,6.72,1231.41,4.52,2.6148814613030593,216.2
2015-04-02 07:40:00,7890000.0,978.57,3.13,278.01,1.11,86.5,7.65,6.62,1.03,4.22,6.76,1230.66,4.77,2.2587327318065853,207.7
2015-04-02 07:50:00,7890600.0,978.48,3.24,278.12,1.15,86.1,7.71,6.64,1.07,4.23,6.78,1230.07,4.63,1.977562682204106,209.0
2015-04-02 08:00:00,7891200.0,978.4,3.43,278.32,1.28,85.8,7.81,6.7,1.11,4.27,6.85,1229.11,3.59,2.015052022151103,212.7
2015-04-02 08:10:00,7891800.0,978.64,3.42,278.3,1.3,85.9,7.81,6.71,1.1,4.28,6.86,1229.42,4.12,2.7523423744420494,240.7
2015-04-02 08:20:00,7892400.0,979.3,1.92,276.73,0.03,87.2,7.02,6.12,0.9,3.9,6.25,1237.24,2.28,1.9900591288531049,273.9
2015-04-02 08:30:00,7893000.0,979.47,0.96,275.75,-0.34,91.0,6.55,5.96,0.59,3.79,6.08,1241.88,1.21,0.8310137021584395,260.7
2015-04-02 08:40:00,7893600.0,979.6,0.6,275.38,-0.47,92.5,6.38,5.9,0.48,3.76,6.03,1243.7,0.93,0.6810563423704504,230.5
2015-04-02 08:50:00,7894200.0,979.71,0.4,275.17,-0.49,93.7,6.29,5.89,0.4,3.75,6.02,1244.75,1.19,0.6123258858009554,261.6
2015-04-02 09:00:00,7894800.0,979.74,0.52,275.29,-0.27,94.4,6.34,5.99,0.36,3.81,6.11,1244.2,0.5,0.5248507592579618,332.8
2015-04-02 09:10:00,7895400.0,979.76,0.55,275.31,-0.23,94.5,6.36,6.01,0.35,3.82,6.13,1244.11,0.36,0.36239695282097356,91.1
2015-04-02 09:20:00,7896000.0,979.78,0.57,275.34,-0.19,94.6,6.37,6.02,0.34,3.83,6.15,1244.0,0.43,0.2624253796289809,180.7
2015-04-02 09:30:00,7896600.0,979.81,0.54,275.3,-0.22,94.6,6.35,6.01,0.34,3.82,6.13,1244.18,0.71,0.5373472059069608,357.6
2015-04-02 09:40:00,7897200.0,979.93,0.64,275.39,-0.08,94.9,6.4,6.07,0.33,3.86,6.2,1243.88,0.71,0.9247370520259326,306.1
2015-04-02 09:50:00,7897800.0,979.92,0.62,275.37,-0.13,94.7,6.39,6.05,0.34,3.85,6.17,1243.96,1.08,0.974722838621929,274.2
2015-04-02 10:00:00,7898400.0,980.02,0.63,275.37,-0.13,94.6,6.39,6.05,0.35,3.85,6.17,1244.04,1.44,0.8497583721319381,263.3
2015-04-02 10:10:00,7899000.0,980.1,0.69,275.43,-0.09,94.5,6.42,6.07,0.35,3.86,6.19,1243.86,1.19,0.7247939056419471,247.4
2015-04-02 10:20:00,7899600.0,980.21,0.76,275.49,-0.09,94.0,6.46,6.07,0.39,3.86,6.19,1243.66,1.64,1.177790096668164,271.1
2015-04-02 10:30:00,7900200.0,980.25,0.73,275.46,-0.18,93.6,6.44,6.03,0.41,3.84,6.15,1243.87,2.04,1.6401586226811304,273.8
2015-04-02 10:40:00,7900800.0,980.25,0.79,275.52,-0.17,93.3,6.47,6.03,0.43,3.84,6.16,1243.62,2.32,1.3777332430521496,262.2
2015-04-02 10:50:00,7901400.0,980.3,0.83,275.56,-0.18,92.9,6.49,6.03,0.46,3.83,6.15,1243.48,2.28,1.152797203370166,256.6
2015-04-02 11:00:00,7902000.0,980.39,1.04,275.75,-0.04,92.5,6.59,6.09,0.49,3.87,6.21,1242.64,2.8,1.6776479626281278,258.0
2015-04-02 11:10:00,7902600.0,980.42,1.33,276.05,0.2,92.1,6.73,6.2,0.53,3.94,6.32,1241.29,3.1,1.8525982157141148,259.2
2015-04-02 11:20:00,7903200.0,980.46,1.71,276.43,0.47,91.4,6.91,6.32,0.59,4.02,6.44,1239.57,3.23,1.7901159824691195,262.8
2015-04-02 11:30:00,7903800.0,980.66,2.01,276.71,0.58,90.2,7.06,6.37,0.69,4.05,6.5,1238.44,3.69,1.9525697889061076,266.0
2015-04-02 11:40:00,7904400.0,980.84,2.34,277.03,0.83,89.7,7.23,6.49,0.74,4.12,6.61,1237.15,2.64,1.5276906028401385,263.9
2015-04-02 11:50:00,7905000.0,980.97,2.5,277.17,0.8,88.5,7.31,6.47,0.84,4.11,6.6,1236.62,2.31,1.5464352728136372,267.9
2015-04-02 12:00:00,7905600.0,981.11,2.52,277.19,0.77,88.2,7.32,6.46,0.86,4.11,6.58,1236.69,1.75,1.2277758832641605,268.3
2015-04-02 12:10:00,7906200.0,981.26,2.52,277.18,0.78,88.2,7.33,6.46,0.86,4.11,6.59,1236.87,2.57,1.8525982157141148,257.2
2015-04-02 12:20:00,7906800.0,981.46,2.53,277.16,0.7,87.7,7.33,6.43,0.9,4.08,6.55,1237.12,2.9,1.7401301958731232,258.4
2015-04-02 12:30:00,7907400.0,981.64,2.48,277.1,0.72,88.1,7.3,6.43,0.87,4.09,6.55,1237.56,2.43,1.5026977095421403,278.0
2015-04-02 12:40:00,7908000.0,981.82,2.35,276.96,0.66,88.5,7.24,6.41,0.83,4.07,6.53,1238.35,2.3,1.3902296897011488,272.2
2015-04-02 12:50:00,7908600.0,981.94,2.96,277.56,1.25,88.5,7.56,6.69,0.87,4.25,6.81,1235.66,2.71,2.314966741727081,275.4
2015-04-02 13:00:00,7909200.0,981.99,3.52,278.12,1.29,85.3,7.86,6.71,1.16,4.26,6.83,1233.21,2.56,1.890087555661112,283.1
2015-04-02 13:10:00,7909800.0,982.12,3.86,278.45,1.21,82.8,8.06,6.67,1.39,4.24,6.79,1231.88,3.04,1.7651230891711214,275.0
2015-04-02 13:20:00,7910400.0,982.26,3.6,278.18,0.93,82.6,7.91,6.54,1.38,4.15,6.65,1233.26,2.39,1.5151941561911395,258.1
2015-04-02 13:30:00,7911000.0,982.42,3.65,278.22,0.67,80.8,7.94,6.41,1.52,4.07,6.53,1233.3,3.13,2.2399880618330865,278.7
2015-04-02 13:40:00,7911600.0,982.47,4.03,278.6,0.67,78.6,8.16,6.41,1.75,4.07,6.53,1231.66,2.35,1.302754563158155,272.5
2015-04-02 13:50:00,7912200.0,982.58,4.44,279.0,0.21,73.9,8.4,6.2,2.19,3.94,6.31,1230.08,3.82,2.152512935290093,284.2
2015-04-02 14:00:00,7912800.0,982.7,4.84,279.39,0.2,71.8,8.63,6.2,2.43,3.93,6.31,1228.48,2.62,2.0650378087470997,267.5
2015-04-02 14:10:00,7913400.0,982.8,4.94,279.49,-0.28,68.83,8.69,5.98,2.71,3.8,6.09,1228.25,2.82,2.539902781409065,282.6
2015-04-02 14:20:00,7914000.0,983.09,4.42,278.94,-0.38,70.9,8.38,5.94,2.44,3.77,6.04,1230.95,3.25,1.9588180122306071,274.1
2015-04-02 14:30:00,7914600.0,983.25,3.98,278.48,0.37,77.2,8.13,6.27,1.85,3.98,6.38,1232.94,3.12,2.577392121356062,266.5
2015-04-02 14:40:00,7915200.0,983.48,4.06,278.54,-0.67,71.2,8.17,5.82,2.35,3.69,5.91,1233.12,4.23,2.652370801250057,271.3
2015-04-02 14:50:00,7915800.0,983.63,4.21,278.68,-0.67,70.4,8.26,5.81,2.44,3.68,5.91,1232.62,3.73,2.439931208217072,266.0
2015-04-02 15:00:00,7916400.0,983.8,4.24,278.69,-0.8,69.64,8.27,5.76,2.51,3.65,5.86,1232.75,4.37,2.6273779079520585,261.1
2015-04-02 15:10:00,7917000.0,983.95,3.99,278.43,-1.15,69.06,8.13,5.61,2.52,3.56,5.71,1234.11,3.05,2.002555575502104,262.5
2015-04-02 15:20:00,7917600.0,984.11,3.76,278.19,-1.54,68.21,8.0,5.46,2.54,3.46,5.54,1235.42,3.49,1.896335778985612,267.8
2015-04-02 15:30:00,7918200.0,984.27,3.86,278.28,-1.54,67.68,8.06,5.45,2.6,3.45,5.54,1235.15,3.05,2.277477401780084,275.8
2015-04-02 15:40:00,7918800.0,984.45,4.05,278.46,-1.59,66.55,8.17,5.44,2.73,3.44,5.52,1234.54,2.47,1.6526550693301296,272.3
2015-04-02 15:50:00,7919400.0,984.68,3.82,278.2,-0.94,71.0,8.03,5.7,2.33,3.61,5.79,1235.75,3.02,1.9525697889061076,259.9
2015-04-02 16:00:00,7920000.0,984.81,3.53,277.9,-0.63,74.1,7.87,5.83,2.04,3.69,5.92,1237.13,2.35,1.6026692827341331,254.5
2015-04-02 16:10:00,7920600.0,985.05,3.52,277.88,-0.42,75.3,7.87,5.92,1.94,3.75,6.01,1237.42,1.83,1.3527403497541515,274.7
2015-04-02 16:20:00,7921200.0,985.12,3.75,278.1,-0.42,74.1,8.0,5.92,2.07,3.75,6.01,1236.49,2.45,1.796364205793619,266.8
2015-04-02 16:30:00,7921800.0,985.36,3.73,278.06,-0.44,74.1,7.98,5.91,2.07,3.74,6.0,1236.9,2.35,1.6401586226811304,330.9
2015-04-02 16:40:00,7922400.0,985.74,3.51,277.81,-0.37,75.6,7.86,5.94,1.92,3.76,6.03,1238.32,3.05,2.0525413620981006,284.0
2015-04-02 16:50:00,7923000.0,986.01,2.98,277.26,-0.25,79.2,7.57,6.0,1.57,3.79,6.08,1241.02,2.86,1.6151657293831323,292.2
2015-04-02 17:00:00,7923600.0,986.16,3.02,277.28,-0.43,78.0,7.59,5.92,1.67,3.74,6.0,1241.1,2.59,1.715137302575125,282.4
2015-04-02 17:10:00,7924200.0,986.5,3.17,277.41,-1.01,73.9,7.67,5.67,2.0,3.58,5.75,1240.93,2.9,2.015052022151103,280.3
2015-04-02 17:20:00,7924800.0,986.76,3.25,277.46,-1.13,72.9,7.71,5.62,2.09,3.55,5.7,1240.96,2.69,1.9150804489591102,275.3
2015-04-02 17:30:00,7925400.0,986.96,3.26,277.46,-1.39,71.4,7.72,5.52,2.21,3.48,5.59,1241.18,2.93,2.5274063347600655,278.7
2015-04-02 17:40:00,7926000.0,987.1,3.16,277.35,-1.32,72.3,7.67,5.54,2.12,3.5,5.62,1241.82,2.61,1.577676389436135,277.8
2015-04-02 17:50:00,7926600.0,987.39,2.94,277.11,-1.76,71.1,7.55,5.37,2.18,3.39,5.44,1243.23,3.09,2.0400449154491014,263.2
2015-04-02 18:00:00,7927200.0,987.68,2.64,276.78,-1.84,72.2,7.39,5.33,2.05,3.37,5.4,1244.98,2.95,1.890087555661112,260.1
2015-04-02 18:10:00,7927800.0,988.0,2.51,276.63,-1.7,73.6,7.32,5.39,1.93,3.4,5.46,1245.93,2.48,1.427719029648146,270.7
2015-04-02 18:20:00,7928400.0,988.05,2.37,276.47,-1.59,75.0,7.25,5.43,1.81,3.43,5.5,1246.65,2.45,1.577676389436135,286.3
2015-04-02 18:30:00,7929000.0,988.22,2.22,276.31,-1.52,76.2,7.17,5.46,1.71,3.45,5.53,1247.51,3.04,2.2462362851575866,266.8
2015-04-02 18:40:00,7929600.0,988.47,1.94,276.01,-1.33,78.8,7.03,5.54,1.49,3.49,5.6,1249.05,2.51,1.702640855926126,282.5
2015-04-02 18:50:00,7930200.0,988.8,1.59,275.64,-1.34,80.8,6.85,5.54,1.32,3.49,5.6,1251.06,2.81,1.9588180122306071,269.1
2015-04-02 19:00:00,7930800.0,989.05,1.2,275.23,-1.42,82.6,6.66,5.5,1.16,3.47,5.57,1253.17,2.47,1.4089743596746471,272.0
2015-04-02 19:10:00,7931400.0,989.23,0.95,274.96,-1.61,82.9,6.54,5.43,1.12,3.42,5.48,1254.58,3.36,1.6276621760321313,257.1
2015-04-02 19:20:00,7932000.0,989.43,0.99,274.99,-1.74,81.9,6.56,5.38,1.19,3.39,5.43,1254.67,2.97,1.440215476297145,264.3
2015-04-02 19:30:00,7932600.0,989.56,1.15,275.14,-1.93,79.8,6.64,5.3,1.34,3.34,5.35,1254.15,2.06,1.2027829899661624,260.2
2015-04-02 19:40:00,7933200.0,989.72,1.26,275.23,-2.05,78.5,6.69,5.25,1.44,3.31,5.31,1253.9,2.67,1.5151941561911395,262.2
2015-04-02 19:50:00,7933800.0,989.88,1.23,275.19,-2.06,78.6,6.68,5.25,1.43,3.31,5.3,1254.21,2.38,1.4027261363501478,257.2
2015-04-02 20:00:00,7934400.0,989.98,1.19,275.14,-2.17,78.2,6.66,5.21,1.45,3.28,5.26,1254.55,3.2,1.4902012628931411,260.3
2015-04-02 20:10:00,7935000.0,990.06,1.22,275.17,-2.31,77.2,6.67,5.15,1.52,3.24,5.2,1254.53,2.88,1.6776479626281278,257.0
2015-04-02 20:20:00,7935600.0,990.21,1.33,275.27,-2.29,76.7,6.73,5.16,1.57,3.25,5.21,1254.2,2.56,1.302754563158155,257.2
2015-04-02 20:30:00,7936200.0,990.31,1.5,275.42,-2.04,77.2,6.81,5.26,1.55,3.31,5.31,1253.54,2.98,1.727633749224124,257.0
2015-04-02 20:40:00,7936800.0,990.42,1.69,275.61,-1.89,77.0,6.9,5.32,1.59,3.35,5.37,1252.75,2.26,1.4527119229461443,258.2
2015-04-02 20:50:00,7937400.0,990.59,1.73,275.63,-1.78,77.4,6.92,5.36,1.56,3.37,5.41,1252.78,2.48,1.4777048162441424,263.7
2015-04-02 21:00:00,7938000.0,990.75,1.68,275.57,-1.76,77.8,6.9,5.37,1.53,3.38,5.42,1253.2,2.49,1.2152794366151614,261.6
2015-04-02 21:10:00,7938600.0,990.83,1.65,275.54,-1.75,78.0,6.89,5.37,1.51,3.38,5.42,1253.43,2.06,1.5839246127606346,267.3
2015-04-02 21:20:00,7939200.0,990.89,1.56,275.44,-1.75,78.5,6.84,5.37,1.47,3.38,5.42,1253.91,2.12,1.4027261363501478,262.8
2015-04-02 21:30:00,7939800.0,991.02,1.57,275.44,-1.74,78.5,6.84,5.37,1.47,3.38,5.42,1254.04,2.09,1.2777616698601568,261.3
2015-04-02 21:40:00,7940400.0,991.12,1.59,275.45,-1.77,78.3,6.85,5.36,1.49,3.37,5.41,1254.11,2.45,1.3902296897011488,256.7
2015-04-02 21:50:00,7941000.0,991.17,1.72,275.58,-1.72,77.8,6.92,5.38,1.54,3.39,5.43,1253.53,3.18,1.9525697889061076,258.0
2015-04-02 22:00:00,7941600.0,991.2,1.77,275.62,-1.76,77.3,6.94,5.37,1.58,3.37,5.41,1253.39,2.75,1.440215476297145,257.1
2015-04-02 22:10:00,7942200.0,991.23,1.7,275.56,-1.84,77.2,6.91,5.33,1.58,3.35,5.38,1253.73,2.8,1.2027829899661624,257.2
2015-04-02 22:20:00,7942800.0,991.3,1.69,275.53,-1.95,76.7,6.9,5.29,1.61,3.33,5.34,1253.91,3.08,1.6901444092771267,258.2
2015-04-02 22:30:00,7943400.0,991.36,1.73,275.57,-2.08,75.7,6.92,5.24,1.68,3.29,5.29,1253.83,2.94,1.3527403497541515,256.1
2015-04-02 22:40:00,7944000.0,991.44,1.73,275.56,-2.23,74.9,6.92,5.18,1.74,3.26,5.23,1253.96,3.34,1.5526834961381366,257.4
2015-04-02 22:50:00,7944600.0,991.53,1.73,275.56,-2.38,74.0,6.92,5.12,1.8,3.22,5.17,1254.08,3.27,1.865094662363114,258.8
2015-04-02 23:00:00,7945200.0,991.66,1.73,275.55,-2.55,73.1,6.92,5.06,1.86,3.18,5.1,1254.26,3.37,1.621413952707632,256.0
2015-04-02 23:10:00,7945800.0,991.77,1.8,275.61,-2.65,72.2,6.96,5.02,1.93,3.16,5.06,1254.13,3.33,1.5651799427871358,256.9
2015-04-02 23:20:00,7946400.0,991.93,1.87,275.66,-2.7,71.6,6.99,5.01,1.99,3.14,5.05,1254.03,2.34,1.3152510098071541,262.5
2015-04-02 23:30:00,7947000.0,992.01,2.03,275.82,-2.69,70.8,7.07,5.01,2.07,3.15,5.05,1253.38,2.39,1.3152510098071541,263.3
2015-04-02 23:40:00,7947600.0,992.08,2.21,276.0,-2.67,70.0,7.17,5.02,2.15,3.15,5.06,1252.64,2.28,1.2402723299131597,261.2
2015-04-02 23:50:00,7948200.0,992.17,2.32,276.1,-2.64,69.61,7.22,5.03,2.2,3.16,5.07,1252.24,2.64,1.6526550693301296,258.3
2015-04-03 00:00:00,7948800.0,992.2,2.4,276.17,-2.55,69.69,7.26,5.06,2.2,3.18,5.1,1251.94,1.89,1.1028114167741696,259.8
2015-04-03 00:10:00,7949400.0,992.25,2.4,276.17,-2.57,69.57,7.26,5.05,2.21,3.17,5.09,1251.98,2.73,2.033796692124602,264.4
2015-04-03 00:20:00,7950000.0,992.27,2.31,276.08,-2.66,69.58,7.21,5.02,2.19,3.15,5.06,1252.45,2.83,1.7401301958731232,258.8
2015-04-03 00:30:00,7950600.0,992.24,2.22,275.99,-2.73,69.62,7.17,4.99,2.18,3.14,5.03,1252.81,2.4,1.6651515159791286,266.8
2015-04-03 00:40:00,7951200.0,992.2,2.2,275.98,-2.81,69.31,7.16,4.96,2.2,3.12,5.0,1252.87,2.75,1.3152510098071541,259.6
2015-04-03 00:50:00,7951800.0,992.32,2.23,276.0,-2.78,69.34,7.18,4.98,2.2,3.13,5.01,1252.87,2.91,1.5651799427871358,261.6
2015-04-03 01:00:00,7952400.0,992.4,2.22,275.99,-2.67,69.95,7.17,5.02,2.16,3.15,5.06,1252.99,3.05,1.7651230891711214,250.7
2015-04-03 01:10:00,7953000.0,992.4,2.28,276.04,-2.51,70.5,7.2,5.08,2.12,3.19,5.12,1252.7,2.2,1.177790096668164,253.1
2015-04-03 01:20:00,7953600.0,992.43,2.2,275.95,-2.44,71.3,7.16,5.1,2.05,3.2,5.14,1253.12,1.96,1.3652367964031504,239.4
2015-04-03 01:30:00,7954200.0,992.46,2.09,275.85,-2.27,72.7,7.11,5.17,1.94,3.24,5.21,1253.58,1.64,1.084066746800671,247.3
2015-04-03 01:40:00,7954800.0,992.47,2.07,275.82,-2.08,73.9,7.09,5.24,1.85,3.29,5.28,1253.68,1.92,1.302754563158155,245.6
2015-04-03 01:50:00,7955400.0,992.47,2.17,275.92,-1.85,74.6,7.14,5.33,1.81,3.35,5.37,1253.18,2.42,1.521442379515639,250.1
2015-04-03 02:00:00,7956000.0,992.55,2.27,276.02,-1.73,74.7,7.2,5.38,1.82,3.38,5.42,1252.78,1.81,1.1215560867476682,247.7
2015-04-03 02:10:00,7956600.0,992.62,2.4,276.15,-1.5,75.3,7.27,5.47,1.79,3.44,5.51,1252.23,2.24,1.2902581165091558,251.3
2015-04-03 02:20:00,7957200.0,992.69,2.46,276.2,-1.35,75.8,7.3,5.53,1.77,3.47,5.57,1252.03,1.42,0.9934675085954277,257.3
2015-04-03 02:30:00,7957800.0,992.79,2.53,276.26,-1.2,76.3,7.33,5.59,1.74,3.51,5.64,1251.8,2.29,1.327747456456153,274.0
2015-04-03 02:40:00,7958400.0,992.85,2.6,276.33,-1.08,76.6,7.37,5.65,1.72,3.54,5.69,1251.53,1.84,1.165293650019165,253.2
2015-04-03 02:50:00,7959000.0,992.83,2.58,276.31,-1.03,77.0,7.36,5.67,1.69,3.56,5.71,1251.6,1.52,0.8247654788339399,262.2
2015-04-03 03:00:00,7959600.0,992.91,2.54,276.27,-1.01,77.3,7.34,5.67,1.67,3.56,5.71,1251.86,1.73,1.3339956797806527,266.0
2015-04-03 03:10:00,7960200.0,992.93,2.59,276.31,-0.97,77.3,7.36,5.69,1.67,3.57,5.73,1251.69,1.8,1.2277758832641605,248.3
2015-04-03 03:20:00,7960800.0,992.96,2.56,276.28,-0.92,77.7,7.35,5.71,1.64,3.58,5.75,1251.83,1.97,1.1028114167741696,240.2
2015-04-03 03:30:00,7961400.0,992.99,2.63,276.34,-0.84,77.8,7.38,5.74,1.64,3.61,5.78,1251.55,2.23,1.2027829899661624,269.7
2015-04-03 03:40:00,7962000.0,993.03,2.69,276.4,-0.8,77.7,7.42,5.76,1.65,3.62,5.8,1251.31,1.61,0.9684746152974294,245.0
2015-04-03 03:50:00,7962600.0,993.02,2.74,276.45,-0.75,77.7,7.44,5.78,1.66,3.63,5.82,1251.07,1.6,1.0903149701251706,243.9
2015-04-03 04:00:00,7963200.0,992.96,2.8,276.52,-0.71,77.6,7.47,5.8,1.67,3.64,5.84,1250.7,1.19,0.837261925482939,235.4
2015-04-03 04:10:00,7963800.0,992.98,2.75,276.46,-0.78,77.5,7.44,5.77,1.68,3.62,5.81,1250.99,2.17,1.427719029648146,255.5
2015-04-03 04:20:00,7964400.0,993.07,2.71,276.41,-0.87,77.2,7.42,5.73,1.69,3.6,5.77,1251.31,2.01,1.3652367964031504,263.4
2015-04-03 04:30:00,7965000.0,993.17,2.67,276.37,-0.87,77.4,7.4,5.73,1.67,3.6,5.77,1251.61,1.73,1.3214992331316537,267.6
2015-04-03 04:40:00,7965600.0,993.2,2.71,276.4,-0.78,77.7,7.42,5.77,1.66,3.62,5.81,1251.45,1.08,0.9622263919729299,243.7
2015-04-03 04:50:00,7966200.0,993.28,2.8,276.49,-0.76,77.3,7.47,5.78,1.7,3.63,5.82,1251.12,1.13,0.7872761388869426,189.0
2015-04-03 05:00:00,7966800.0,993.33,2.79,276.48,-0.88,76.7,7.47,5.73,1.74,3.59,5.77,1251.26,1.19,0.9372334986749317,216.1
2015-04-03 05:10:00,7967400.0,993.39,2.64,276.32,-1.02,76.7,7.39,5.67,1.72,3.56,5.7,1252.05,1.15,0.9622263919729299,247.2
2015-04-03 05:20:00,7968000.0,993.36,2.5,276.18,-1.09,77.1,7.31,5.64,1.67,3.54,5.68,1252.67,1.1,0.9247370520259326,254.2
2015-04-03 05:30:00,7968600.0,993.31,2.33,276.02,-1.19,77.5,7.23,5.6,1.63,3.51,5.64,1253.4,1.22,0.8747512654299362,230.3
2015-04-03 05:40:00,7969200.0,993.37,2.21,275.9,-1.23,77.9,7.17,5.58,1.58,3.5,5.62,1253.99,0.95,0.6623116723969518,223.6
2015-04-03 05:50:00,7969800.0,993.35,2.09,275.77,-1.23,78.6,7.1,5.58,1.52,3.5,5.62,1254.56,0.91,0.5560918758804595,222.3
2015-04-03 06:00:00,7970400.0,993.43,2.08,275.76,-1.1,79.4,7.1,5.64,1.46,3.54,5.67,1254.66,0.89,0.562340099204959,230.9
2015-04-03 06:10:00,7971000.0,993.53,2.07,275.74,-1.02,79.9,7.09,5.67,1.43,3.56,5.7,1254.82,1.11,0.6248223324499544,252.9
2015-04-03 06:20:00,7971600.0,993.58,2.24,275.91,-0.87,79.8,7.18,5.73,1.45,3.6,5.77,1254.07,0.74,0.5373472059069608,230.7
2015-04-03 06:30:00,7972200.0,993.67,2.39,276.05,-0.83,79.2,7.26,5.75,1.51,3.61,5.78,1253.49,1.08,0.7872761388869426,212.2
2015-04-03 06:40:00,7972800.0,993.72,2.48,276.14,-0.84,78.6,7.31,5.74,1.56,3.6,5.78,1253.14,0.77,0.44987207936396717,185.2
2015-04-03 06:50:00,7973400.0,993.8,2.58,276.23,-0.76,78.5,7.36,5.78,1.58,3.62,5.81,1252.76,0.89,0.5373472059069608,127.1
2015-04-03 07:00:00,7974000.0,993.88,2.69,276.33,-0.8,77.7,7.41,5.76,1.65,3.61,5.8,1252.4,0.92,0.49985786595996357,278.8
2015-04-03 07:10:00,7974600.0,993.85,2.73,276.38,-0.76,77.7,7.44,5.78,1.66,3.62,5.82,1252.14,1.15,0.5373472059069608,173.7
2015-04-03 07:20:00,7975200.0,993.84,2.7,276.34,-0.72,78.1,7.42,5.79,1.62,3.63,5.83,1252.29,1.1,0.6498152257479527,202.8
2015-04-03 07:30:00,7975800.0,993.78,2.76,276.41,-0.68,78.0,7.45,5.81,1.64,3.65,5.85,1251.92,0.8,0.42487918606596903,220.5
2015-04-03 07:40:00,7976400.0,993.68,2.84,276.51,-0.67,77.6,7.5,5.82,1.68,3.65,5.85,1251.4,0.81,0.5873329925029571,217.2
2015-04-03 07:50:00,7977000.0,993.71,3.0,276.66,-0.67,76.7,7.58,5.81,1.77,3.65,5.85,1250.74,1.11,0.4623685260129663,220.7
2015-04-03 08:00:00,7977600.0,993.74,3.23,276.89,-0.69,75.4,7.7,5.81,1.9,3.64,5.85,1249.74,1.23,0.7247939056419471,210.7
2015-04-03 08:10:00,7978200.0,993.71,3.35,277.01,-0.44,76.1,7.77,5.91,1.86,3.71,5.95,1249.09,1.7,0.8997441587279343,220.1
2015-04-03 08:20:00,7978800.0,993.51,3.32,276.99,-0.36,76.7,7.75,5.95,1.81,3.73,5.99,1248.98,3.78,1.8525982157141148,210.4
2015-04-03 08:30:00,7979400.0,993.42,3.14,276.83,-0.37,77.6,7.66,5.94,1.72,3.73,5.98,1249.66,4.25,1.8401017690651158,211.6
2015-04-03 08:40:00,7980000.0,993.54,3.3,276.97,-0.4,76.6,7.74,5.93,1.81,3.72,5.97,1249.11,2.52,1.621413952707632,230.5
2015-04-03 08:50:00,7980600.0,993.59,3.56,277.23,-0.42,75.1,7.89,5.92,1.96,3.72,5.96,1247.99,2.04,1.2652652232111576,246.3
2015-04-03 09:00:00,7981200.0,993.64,3.64,277.31,-0.41,74.7,7.94,5.93,2.01,3.72,5.97,1247.69,2.96,1.702640855926126,251.7
2015-04-03 09:10:00,7981800.0,993.59,3.42,277.09,-0.12,77.5,7.81,6.05,1.76,3.8,6.09,1248.56,2.78,1.2652652232111576,241.2
2015-04-03 09:20:00,7982400.0,993.62,3.47,277.13,0.03,78.1,7.84,6.12,1.72,3.84,6.16,1248.36,1.47,1.0247086252179252,238.4
2015-04-03 09:30:00,7983000.0,993.67,3.51,277.17,-0.13,77.0,7.86,6.05,1.81,3.8,6.09,1248.27,3.75,1.9025840023101113,244.9
2015-04-03 09:40:00,7983600.0,993.66,3.51,277.17,-0.13,77.0,7.86,6.05,1.81,3.8,6.09,1248.27,2.5,1.4777048162441424,231.8
2015-04-03 09:50:00,7984200.0,993.66,3.84,277.5,0.01,76.0,8.05,6.11,1.93,3.84,6.15,1246.75,2.22,1.3152510098071541,240.1
2015-04-03 10:00:00,7984800.0,993.68,3.97,277.63,-0.11,74.6,8.12,6.06,2.06,3.8,6.1,1246.2,2.07,1.1902865433171632,261.7
2015-04-03 10:10:00,7985400.0,993.71,3.88,277.54,-0.2,74.6,8.07,6.02,2.05,3.78,6.06,1246.65,1.67,1.1028114167741696,297.4
2015-04-03 10:20:00,7986000.0,993.66,3.59,277.26,-0.01,77.2,7.91,6.1,1.8,3.83,6.14,1247.85,1.95,1.0653220768271723,353.5
2015-04-03 10:30:00,7986600.0,993.66,3.73,277.39,0.07,76.9,7.98,6.14,1.84,3.85,6.18,1247.24,1.79,1.0122121785689262,287.1
2015-04-03 10:40:00,7987200.0,993.64,4.19,277.86,-0.34,72.2,8.25,5.96,2.29,3.74,5.99,1245.2,1.71,1.1465489800456663,259.8
2015-04-03 10:50:00,7987800.0,993.54,4.71,278.38,-0.29,69.94,8.55,5.98,2.57,3.75,6.02,1242.76,0.87,0.8747512654299362,208.1
2015-04-03 11:00:00,7988400.0,993.44,4.79,278.47,-0.67,67.61,8.6,5.81,2.79,3.65,5.85,1242.36,2.34,1.302754563158155,249.1
2015-04-03 11:10:00,7989000.0,993.4,4.73,278.42,-0.8,67.23,8.57,5.76,2.81,3.61,5.8,1242.59,1.73,0.837261925482939,241.6
2015-04-03 11:20:00,7989600.0,993.3,4.83,278.53,-0.82,66.65,8.63,5.75,2.88,3.61,5.79,1242.0,2.9,1.671399739303628,237.8
2015-04-03 11:30:00,7990200.0,993.23,4.84,278.54,-0.76,66.92,8.63,5.78,2.85,3.62,5.81,1241.88,3.11,1.6776479626281278,250.1
2015-04-03 11:40:00,7990800.0,993.21,4.64,278.34,-0.64,68.48,8.51,5.83,2.68,3.66,5.87,1242.74,2.63,1.4027261363501478,264.1
2015-04-03 11:50:00,7991400.0,993.07,5.09,278.8,-0.39,67.6,8.78,5.94,2.85,3.73,5.98,1240.48,2.1,1.6464068460056298,259.9
2015-04-03 12:00:00,7992000.0,993.03,5.42,279.14,-0.47,65.66,8.99,5.9,3.09,3.71,5.95,1238.96,2.95,1.896335778985612,264.6
2015-04-03 12:10:00,7992600.0,993.09,5.27,278.98,-0.73,65.12,8.89,5.79,3.1,3.64,5.83,1239.78,3.41,1.890087555661112,272.2
2015-04-03 12:20:00,7993200.0,993.06,5.37,279.08,-0.54,65.57,8.96,5.87,3.08,3.69,5.91,1239.27,2.41,1.5401870494891376,251.4
2015-04-03 12:30:00,7993800.0,993.1,5.47,279.18,-0.57,64.94,9.02,5.86,3.16,3.68,5.9,1238.87,2.45,1.3902296897011488,272.1
2015-04-03 12:40:00,7994400.0,993.09,5.09,278.8,-0.6,66.52,8.78,5.84,2.94,3.67,5.88,1240.55,2.41,1.4214708063236463,264.0
2015-04-03 12:50:00,7995000.0,992.98,5.29,279.02,-0.37,66.71,8.91,5.94,2.97,3.73,5.99,1239.46,1.8,1.112183751760919,259.5
2015-04-03 13:00:00,7995600.0,992.83,5.66,279.39,-0.85,62.77,9.14,5.74,3.4,3.6,5.78,1237.74,3.15,1.727633749224124,264.8
2015-04-03 13:10:00,7996200.0,992.69,5.89,279.64,-0.87,61.69,9.29,5.73,3.56,3.6,5.77,1236.56,3.04,1.7651230891711214,278.8
2015-04-03 13:20:00,7996800.0,992.6,6.24,279.99,-1.07,59.34,9.51,5.65,3.87,3.55,5.69,1234.94,3.67,2.314966741727081,283.9
2015-04-03 13:30:00,7997400.0,992.53,6.16,279.92,-1.57,57.5,9.46,5.44,4.02,3.42,5.48,1235.29,2.17,1.440215476297145,250.9
2015-04-03 13:40:00,7998000.0,992.29,7.14,280.92,-1.12,55.59,10.12,5.63,4.5,3.54,5.67,1230.59,1.89,1.440215476297145,258.4
2015-04-03 13:50:00,7998600.0,992.2,6.96,280.75,-1.61,54.26,10.0,5.43,4.57,3.41,5.47,1231.35,2.25,1.415222582999147,278.5
2015-04-03 14:00:00,7999200.0,992.1,6.68,280.48,-1.44,56.0,9.81,5.49,4.32,3.45,5.54,1232.42,2.16,1.1496730917079163,264.9
2015-04-03 14:10:00,7999800.0,991.97,6.44,280.24,-1.12,58.31,9.65,5.62,4.02,3.53,5.67,1233.28,2.43,1.3371197914429025,250.4
2015-04-03 14:20:00,8000400.0,991.85,6.8,280.62,-0.95,57.57,9.89,5.7,4.2,3.58,5.74,1231.49,2.22,1.865094662363114,275.9
2015-04-03 14:30:00,8001000.0,991.75,6.77,280.59,-1.08,57.18,9.87,5.64,4.23,3.55,5.69,1231.53,2.79,1.715137302575125,290.5
2015-04-03 14:40:00,8001600.0,991.56,6.85,280.69,-1.1,56.76,9.93,5.63,4.29,3.54,5.68,1230.94,2.71,1.658903292654629,351.2
2015-04-03 14:50:00,8002200.0,991.46,7.21,281.06,-1.61,53.33,10.17,5.43,4.75,3.41,5.47,1229.34,1.79,1.5151941561911395,297.2
2015-04-03 15:00:00,8002800.0,991.33,6.77,280.63,-2.04,53.25,9.87,5.26,4.61,3.3,5.3,1231.2,2.37,1.5526834961381366,310.1
2015-04-03 15:10:00,8003400.0,991.17,7.02,280.89,-2.18,51.81,10.04,5.2,4.84,3.27,5.25,1229.92,1.63,1.2121553249529116,294.0
2015-04-03 15:20:00,8004000.0,991.09,7.2,281.08,-2.31,50.69,10.17,5.15,5.01,3.24,5.2,1229.06,1.25,1.1496730917079163,319.7
2015-04-03 15:30:00,8004600.0,990.96,7.32,281.21,-2.39,49.96,10.25,5.12,5.13,3.22,5.17,1228.38,2.38,1.5026977095421403,263.5
2015-04-03 15:40:00,8005200.0,990.87,7.15,281.05,-2.52,50.08,10.13,5.07,5.06,3.19,5.12,1229.04,2.39,1.7651230891711214,277.4
2015-04-03 15:50:00,8005800.0,990.86,7.19,281.09,-2.51,49.98,10.16,5.08,5.08,3.19,5.12,1228.85,2.13,1.4714565929196426,267.0
2015-04-03 16:00:00,8006400.0,990.77,7.38,281.29,-2.59,49.02,10.29,5.05,5.25,3.17,5.09,1227.92,2.26,1.343368014767402,279.5
2015-04-03 16:10:00,8007000.0,990.66,7.52,281.43,-2.71,48.13,10.39,5.0,5.39,3.15,5.05,1227.19,2.1,1.9900591288531049,318.0
2015-04-03 16:20:00,8007600.0,990.58,7.76,281.68,-2.76,47.16,10.56,4.98,5.58,3.13,5.03,1226.05,1.58,1.0309568485424248,274.6
2015-04-03 16:30:00,8008200.0,990.56,7.79,281.71,-2.88,46.65,10.59,4.94,5.65,3.11,4.99,1225.92,2.36,1.4777048162441424,289.2
2015-04-03 16:40:00,8008800.0,990.58,7.89,281.81,-2.63,47.2,10.66,5.03,5.63,3.16,5.08,1225.46,1.7,1.0996873051119198,280.2
2015-04-03 16:50:00,8009400.0,990.57,7.35,281.27,-2.53,49.35,10.27,5.07,5.2,3.19,5.12,1227.79,2.75,1.6651515159791286,14.2
2015-04-03 17:00:00,8010000.0,990.47,7.11,281.04,-2.44,50.51,10.1,5.1,5.0,3.21,5.15,1228.7,2.14,1.2871340048469062,21.71
2015-04-03 17:10:00,8010600.0,990.47,7.12,281.05,-2.32,50.93,10.11,5.15,4.96,3.24,5.2,1228.64,1.81,1.1996588783039124,342.9
2015-04-03 17:20:00,8011200.0,990.46,6.83,280.76,-2.26,52.16,9.91,5.17,4.74,3.25,5.22,1229.89,2.14,1.1746659850059142,8.4
2015-04-03 17:30:00,8011800.0,990.37,6.83,280.77,-2.19,52.45,9.91,5.2,4.71,3.27,5.25,1229.75,2.43,1.2371482182509097,23.12
2015-04-03 17:40:00,8012400.0,990.42,6.82,280.75,-2.34,51.91,9.91,5.14,4.76,3.24,5.19,1229.88,2.59,1.3371197914429025,13.85
2015-04-03 17:50:00,8013000.0,990.39,6.85,280.79,-2.05,52.93,9.93,5.25,4.67,3.31,5.31,1229.66,1.52,1.0122121785689262,28.43
2015-04-03 18:00:00,8013600.0,990.35,6.56,280.49,-1.97,54.31,9.73,5.28,4.44,3.32,5.33,1230.89,1.52,0.7622832455889444,18.98
2015-04-03 18:10:00,8014200.0,990.32,6.4,280.34,-1.88,55.27,9.62,5.32,4.3,3.35,5.37,1231.52,1.06,0.862254818780937,31.52
2015-04-03 18:20:00,8014800.0,990.29,6.28,280.22,-1.93,55.53,9.54,5.3,4.24,3.33,5.35,1232.03,0.79,0.562340099204959,336.8
2015-04-03 18:30:00,8015400.0,990.31,6.2,280.13,-1.87,56.1,9.49,5.32,4.16,3.35,5.37,1232.43,0.49,0.3936380694434713,322.8
2015-04-03 18:40:00,8016000.0,990.26,6.02,279.96,-1.94,56.49,9.37,5.29,4.08,3.33,5.35,1233.15,0.78,0.4623685260129663,313.2
2015-04-03 18:50:00,8016600.0,990.24,5.83,279.77,-1.95,57.23,9.25,5.29,3.95,3.33,5.34,1233.99,0.66,0.36239695282097356,288.0
2015-04-03 19:00:00,8017200.0,990.32,5.72,279.65,-1.98,57.54,9.18,5.28,3.9,3.32,5.33,1234.57,0.58,0.3124111662249772,315.1
2015-04-03 19:10:00,8017800.0,990.3,5.65,279.59,-2.0,57.71,9.14,5.27,3.86,3.32,5.32,1234.83,0.88,0.49985786595996357,347.5
2015-04-03 19:20:00,8018400.0,990.31,5.56,279.5,-1.95,58.28,9.08,5.29,3.79,3.33,5.34,1235.23,0.9,0.36239695282097356,353.2
2015-04-03 19:30:00,8019000.0,990.34,5.48,279.41,-1.91,58.81,9.03,5.31,3.72,3.34,5.36,1235.64,0.87,0.36239695282097356,349.5
2015-04-03 19:40:00,8019600.0,990.36,5.46,279.39,-1.94,58.78,9.01,5.3,3.71,3.33,5.35,1235.76,0.97,0.39988629276797083,335.9
2015-04-03 19:50:00,8020200.0,990.44,5.14,279.07,-1.81,60.66,8.82,5.35,3.47,3.37,5.4,1237.24,0.83,0.4373756327149681,22.25
2015-04-03 20:00:00,8020800.0,990.48,4.88,278.8,-1.69,62.32,8.66,5.4,3.26,3.4,5.45,1238.42,0.86,0.48111319598646496,5.96
2015-04-03 20:10:00,8021400.0,990.51,4.34,278.26,-1.84,63.99,8.34,5.33,3.0,3.36,5.39,1240.89,0.48,0.27492182627797995,219.1
2015-04-03 20:20:00,8022000.0,990.52,4.11,278.02,-2.27,63.04,8.2,5.17,3.03,3.25,5.22,1242.04,1.3,0.5748365458539582,247.3
2015-04-03 20:30:00,8022600.0,990.53,3.86,277.77,-2.41,63.48,8.05,5.11,2.94,3.22,5.16,1243.21,0.83,0.4623685260129663,255.0
2015-04-03 20:40:00,8023200.0,990.56,3.43,277.34,-2.38,65.55,7.82,5.12,2.69,3.22,5.17,1245.14,1.07,0.8872477120789353,224.9
2015-04-03 20:50:00,8023800.0,990.65,3.01,276.91,-2.18,68.57,7.59,5.2,2.38,3.27,5.25,1247.12,2.13,0.9247370520259326,236.8
2015-04-03 21:00:00,8024400.0,990.68,3.05,276.95,-1.97,69.43,7.61,5.28,2.33,3.32,5.33,1246.94,1.52,0.6373187790989535,232.2
2015-04-03 21:10:00,8025000.0,990.6,2.97,276.88,-2.32,68.04,7.56,5.15,2.42,3.24,5.2,1247.27,1.91,0.7497867989399453,235.4
2015-04-03 21:20:00,8025600.0,990.59,2.81,276.72,-2.32,68.84,7.48,5.15,2.33,3.24,5.2,1247.97,2.45,0.8997441587279343,231.7
2015-04-03 21:30:00,8026200.0,990.6,2.55,276.46,-2.34,70.0,7.34,5.14,2.2,3.23,5.19,1249.16,1.96,0.8997441587279343,228.5
2015-04-03 21:40:00,8026800.0,990.55,2.22,276.13,-2.19,72.5,7.17,5.2,1.97,3.27,5.25,1250.59,1.44,0.5998294391519562,227.8
2015-04-03 21:50:00,8027400.0,990.47,1.91,275.83,-2.45,72.7,7.01,5.1,1.91,3.21,5.15,1251.93,0.91,0.562340099204959,225.5
2015-04-03 22:00:00,8028000.0,990.46,1.69,275.6,-2.41,74.1,6.9,5.12,1.79,3.22,5.16,1252.92,1.95,0.7622832455889444,228.6
2015-04-03 22:10:00,8028600.0,990.49,1.59,275.5,-2.43,74.5,6.85,5.11,1.75,3.21,5.15,1253.42,1.74,0.7747796922379435,229.9
2015-04-03 22:20:00,8029200.0,990.48,1.57,275.48,-2.65,73.4,6.84,5.02,1.82,3.16,5.07,1253.54,1.22,0.5123543126089626,217.8
2015-04-03 22:30:00,8029800.0,990.48,0.94,274.85,-2.65,76.8,6.54,5.02,1.52,3.16,5.07,1256.41,1.11,0.5123543126089626,211.2
2015-04-03 22:40:00,8030400.0,990.48,0.71,274.62,-2.6,78.4,6.43,5.04,1.39,3.17,5.09,1257.45,0.81,0.37489339946997263,202.3
2015-04-03 22:50:00,8031000.0,990.48,0.62,274.53,-2.65,78.6,6.39,5.02,1.37,3.16,5.07,1257.88,0.55,0.34365228284747495,208.7
2015-04-03 23:00:00,8031600.0,990.41,0.44,274.36,-2.64,79.7,6.31,5.03,1.28,3.16,5.08,1258.6,0.36,0.2999147195759781,96.9
2015-04-03 23:10:00,8032200.0,990.35,0.43,274.35,-2.38,81.3,6.3,5.12,1.18,3.22,5.17,1258.53,0.44,0.23118426300648315,75.7
2015-04-03 23:20:00,8032800.0,990.29,0.23,274.15,-2.52,81.7,6.21,5.07,1.14,3.19,5.12,1259.43,0.46,0.2624253796289809,148.7
2015-04-03 23:30:00,8033400.0,990.23,0.02,273.95,-2.59,82.5,6.12,5.05,1.07,3.18,5.1,1260.32,0.75,0.3124111662249772,219.4
2015-04-03 23:40:00,8034000.0,990.16,-0.1,273.84,-2.67,82.7,6.07,5.02,1.05,3.16,5.07,1260.78,0.69,0.41238273941696996,218.9
2015-04-03 23:50:00,8034600.0,990.11,-0.25,273.69,-2.74,83.2,6.0,4.99,1.01,3.14,5.04,1261.44,0.67,0.3124111662249772,188.6
2015-04-04 00:00:00,8035200.0,990.1,-0.43,273.51,-2.83,83.7,5.92,4.95,0.96,3.12,5.0,1262.26,0.57,0.38738984611897176,204.4
2015-04-04 00:10:00,8035800.0,990.08,-0.56,273.38,-2.9,84.1,5.86,4.93,0.93,3.1,4.98,1262.84,0.7,0.2874182729269791,210.0
2015-04-04 00:20:00,8036400.0,990.05,-0.61,273.34,-2.82,84.9,5.84,4.96,0.88,3.12,5.01,1263.02,0.67,0.2874182729269791,214.4
2015-04-04 00:30:00,8037000.0,990.01,-0.59,273.36,-2.74,85.3,5.85,4.99,0.86,3.14,5.04,1262.87,0.89,0.42487918606596903,222.0
2015-04-04 00:40:00,8037600.0,990.0,-0.61,273.34,-2.82,84.9,5.84,4.96,0.88,3.12,5.01,1262.95,0.82,0.3811416227944722,219.5
2015-04-04 00:50:00,8038200.0,990.02,-0.61,273.33,-2.81,85.0,5.84,4.96,0.88,3.13,5.01,1263.0,0.53,0.23743248633098268,200.7
2015-04-04 01:00:00,8038800.0,989.98,-0.65,273.3,-2.75,85.6,5.83,4.99,0.84,3.14,5.04,1263.1,0.34,0.23118426300648315,162.1
2015-04-04 01:10:00,8039400.0,989.97,-0.86,273.09,-3.0,85.3,5.74,4.89,0.84,3.08,4.94,1264.12,0.29,0.21243959303298451,224.6
2015-04-04 01:20:00,8040000.0,989.9,-1.01,272.95,-3.05,85.9,5.67,4.87,0.8,3.07,4.92,1264.72,0.94,0.41238273941696996,223.2
2015-04-04 01:30:00,8040600.0,989.88,-1.09,272.86,-3.07,86.3,5.64,4.87,0.77,3.06,4.92,1265.09,0.52,0.2874182729269791,180.0
2015-04-04 01:40:00,8041200.0,989.89,-1.17,272.78,-3.06,86.9,5.61,4.87,0.73,3.07,4.92,1265.47,0.22,0.14995735978798905,173.0
2015-04-04 01:50:00,8041800.0,989.87,-1.23,272.72,-3.04,87.4,5.58,4.88,0.7,3.07,4.93,1265.72,0.4,0.2999147195759781,237.5
2015-04-04 02:00:00,8042400.0,989.86,-1.26,272.69,-3.09,87.3,5.57,4.86,0.71,3.06,4.91,1265.88,0.49,0.2624253796289809,222.2
2015-04-04 02:10:00,8043000.0,989.77,-1.12,272.84,-2.97,87.2,5.63,4.91,0.72,3.09,4.96,1265.08,0.25,0.17495025308598727,143.7
2015-04-04 02:20:00,8043600.0,989.68,-1.15,272.82,-3.1,86.5,5.62,4.86,0.76,3.06,4.91,1265.11,0.22,0.13746091313898998,85.3
2015-04-04 02:30:00,8044200.0,989.61,-1.47,272.51,-3.24,87.6,5.49,4.8,0.68,3.03,4.86,1266.53,0.37,0.19994314638398542,215.0
2015-04-04 02:40:00,8044800.0,989.51,-1.6,272.38,-3.25,88.4,5.43,4.8,0.63,3.02,4.85,1267.01,1.02,0.49985786595996357,221.8
2015-04-04 02:50:00,8045400.0,989.48,-1.73,272.25,-3.28,89.1,5.38,4.79,0.59,3.02,4.84,1267.62,0.79,0.4311274093904685,202.3
2015-04-04 03:00:00,8046000.0,989.38,-1.73,272.26,-3.16,89.9,5.38,4.84,0.54,3.05,4.89,1267.43,0.72,0.2874182729269791,215.0
2015-04-04 03:10:00,8046600.0,989.29,-1.7,272.29,-3.19,89.5,5.39,4.82,0.57,3.04,4.88,1267.22,0.96,0.3686451761454731,203.4
2015-04-04 03:20:00,8047200.0,989.26,-1.82,272.18,-3.35,89.2,5.34,4.77,0.58,3.0,4.82,1267.75,0.76,0.36239695282097356,205.4
2015-04-04 03:30:00,8047800.0,989.25,-1.93,272.07,-3.35,89.9,5.3,4.77,0.54,3.0,4.82,1268.23,0.57,0.3124111662249772,139.1
2015-04-04 03:40:00,8048400.0,989.24,-1.98,272.02,-3.26,90.9,5.28,4.8,0.48,3.02,4.85,1268.47,0.43,0.22493603968198359,159.0
2015-04-04 03:50:00,8049000.0,989.23,-1.99,272.01,-3.15,91.7,5.28,4.84,0.44,3.05,4.89,1268.47,0.25,0.14995735978798905,215.2
2015-04-04 04:00:00,8049600.0,989.23,-2.1,271.9,-3.23,91.9,5.23,4.81,0.42,3.03,4.86,1269.01,0.23,0.14995735978798905,240.8
2015-04-04 04:10:00,8050200.0,989.21,-2.05,271.95,-3.13,92.3,5.25,4.85,0.4,3.05,4.9,1268.73,0.23,0.16245380643698817,292.7
2015-04-04 04:20:00,8050800.0,989.13,-1.86,272.15,-3.16,90.8,5.33,4.84,0.49,3.05,4.89,1267.74,0.26,0.16245380643698817,170.8
2015-04-04 04:30:00,8051400.0,989.03,-1.94,272.08,-3.29,90.4,5.3,4.79,0.51,3.02,4.84,1268.0,0.26,0.13746091313898998,205.8
2015-04-04 04:40:00,8052000.0,988.93,-1.99,272.04,-3.31,90.6,5.28,4.78,0.5,3.01,4.83,1268.11,0.45,0.19994314638398542,41.67
2015-04-04 04:50:00,8052600.0,988.84,-1.94,272.09,-3.21,91.0,5.29,4.82,0.48,3.04,4.87,1267.77,0.24,0.16245380643698817,6.04
2015-04-04 05:00:00,8053200.0,988.78,-2.21,271.82,-3.55,90.5,5.19,4.7,0.49,2.96,4.75,1269.01,0.77,0.42487918606596903,198.7
2015-04-04 05:10:00,8053800.0,988.77,-2.35,271.69,-3.5,91.7,5.14,4.71,0.43,2.97,4.77,1269.61,0.92,0.39988629276797083,190.2
2015-04-04 05:20:00,8054400.0,988.86,-2.33,271.7,-3.35,92.6,5.15,4.77,0.38,3.0,4.82,1269.61,0.34,0.34990050617197455,172.7
2015-04-04 05:30:00,8055000.0,988.88,-2.08,271.95,-3.07,92.9,5.24,4.87,0.37,3.07,4.92,1268.42,0.22,0.17495025308598727,236.9
2015-04-04 05:40:00,8055600.0,988.87,-2.21,271.82,-3.31,92.1,5.19,4.78,0.41,3.01,4.83,1269.07,0.58,0.2624253796289809,238.8
2015-04-04 05:50:00,8056200.0,988.97,-2.04,271.98,-3.07,92.6,5.26,4.87,0.39,3.07,4.92,1268.36,0.31,0.24992893297998178,165.5
2015-04-04 06:00:00,8056800.0,989.0,-2.18,271.84,-3.31,91.9,5.2,4.78,0.42,3.01,4.83,1269.11,0.45,0.24992893297998178,207.8
2015-04-04 06:10:00,8057400.0,989.0,-2.21,271.81,-3.34,91.9,5.19,4.77,0.42,3.01,4.82,1269.23,0.49,0.27492182627797995,197.4
2015-04-04 06:20:00,8058000.0,989.0,-2.22,271.79,-3.31,92.2,5.19,4.78,0.4,3.01,4.83,1269.3,0.52,0.27492182627797995,182.9
2015-04-04 06:30:00,8058600.0,989.03,-2.06,271.95,-3.15,92.2,5.25,4.84,0.41,3.05,4.89,1268.56,0.29,0.21243959303298451,147.9
2015-04-04 06:40:00,8059200.0,989.01,-2.04,271.98,-3.26,91.3,5.26,4.8,0.46,3.02,4.85,1268.44,0.72,0.38738984611897176,175.5
2015-04-04 06:50:00,8059800.0,988.98,-2.09,271.93,-3.24,91.8,5.24,4.81,0.43,3.03,4.86,1268.63,0.78,0.34990050617197455,200.6
2015-04-04 07:00:00,8060400.0,988.97,-2.2,271.82,-3.28,92.2,5.2,4.79,0.41,3.02,4.84,1269.13,0.86,0.34365228284747495,210.6
2015-04-04 07:10:00,8061000.0,989.01,-2.0,272.02,-3.06,92.4,5.27,4.87,0.4,3.07,4.93,1268.22,0.55,0.2999147195759781,148.0
2015-04-04 07:20:00,8061600.0,989.01,-1.69,272.33,-2.85,91.7,5.39,4.95,0.45,3.12,5.0,1266.74,0.46,0.24992893297998178,155.9
2015-04-04 07:30:00,8062200.0,989.0,-1.6,272.42,-2.87,91.0,5.43,4.94,0.49,3.11,5.0,1266.32,0.73,0.39988629276797083,175.8
2015-04-04 07:40:00,8062800.0,988.97,-1.44,272.59,-2.78,90.5,5.5,4.97,0.52,3.13,5.03,1265.49,0.94,0.4623685260129663,189.9
2015-04-04 07:50:00,8063400.0,988.9,-1.27,272.76,-2.61,90.5,5.57,5.04,0.53,3.17,5.09,1264.57,0.91,0.49985786595996357,187.2
2015-04-04 08:00:00,8064000.0,988.89,-0.94,273.09,-2.44,89.5,5.7,5.1,0.6,3.22,5.16,1263.02,0.72,0.5186025359334622,150.2
2015-04-04 08:10:00,8064600.0,989.03,-1.0,273.02,-2.6,88.8,5.68,5.04,0.64,3.18,5.1,1263.51,1.19,0.6248223324499544,76.3
2015-04-04 08:20:00,8065200.0,989.09,-0.72,273.3,-2.25,89.3,5.8,5.18,0.62,3.26,5.23,1262.2,0.6,0.42487918606596903,58.85
2015-04-04 08:30:00,8065800.0,989.03,0.55,274.58,-1.71,84.7,6.36,5.39,0.97,3.39,5.45,1256.17,0.78,0.48111319598646496,196.5
2015-04-04 08:40:00,8066400.0,989.01,1.28,275.31,-1.72,80.3,6.7,5.38,1.32,3.39,5.44,1252.82,0.9,0.5123543126089626,186.7
2015-04-04 08:50:00,8067000.0,989.01,1.45,275.48,-1.77,79.0,6.79,5.36,1.43,3.38,5.42,1252.03,0.86,0.4623685260129663,172.1
2015-04-04 09:00:00,8067600.0,989.02,2.07,276.1,-1.59,76.6,7.09,5.43,1.66,3.42,5.49,1249.21,0.77,0.41238273941696996,146.5
2015-04-04 09:10:00,8068200.0,989.05,2.63,276.66,-1.35,74.9,7.39,5.53,1.85,3.49,5.59,1246.65,0.68,0.41238273941696996,136.2
2015-04-04 09:20:00,8068800.0,989.03,2.86,276.89,-1.29,74.0,7.51,5.55,1.95,3.5,5.62,1245.59,0.74,0.5998294391519562,82.8
2015-04-04 09:30:00,8069400.0,989.0,2.81,276.85,-1.43,73.5,7.48,5.5,1.98,3.47,5.56,1245.79,1.72,0.9122406053769334,74.5
2015-04-04 09:40:00,8070000.0,989.0,3.02,277.06,-1.57,71.7,7.59,5.44,2.15,3.43,5.5,1244.88,1.78,0.9247370520259326,64.28
2015-04-04 09:50:00,8070600.0,988.96,3.34,277.38,-1.57,70.1,7.77,5.44,2.32,3.43,5.5,1243.4,1.97,1.0871908584629206,59.14
2015-04-04 10:00:00,8071200.0,988.92,3.67,277.71,-1.8,67.3,7.95,5.35,2.6,3.37,5.41,1241.91,2.77,1.2121553249529116,60.01
2015-04-04 10:10:00,8071800.0,988.88,3.88,277.92,-1.74,66.63,8.07,5.37,2.69,3.39,5.43,1240.92,2.76,1.3152510098071541,60.64
2015-04-04 10:20:00,8072400.0,988.87,4.07,278.12,-1.67,66.06,8.18,5.4,2.78,3.41,5.46,1240.01,2.73,1.274637558197907,49.31
2015-04-04 10:30:00,8073000.0,988.88,4.19,278.24,-1.92,64.33,8.25,5.31,2.94,3.34,5.36,1239.55,2.38,1.2496446648999089,49.05
2015-04-04 10:40:00,8073600.0,988.88,4.52,278.57,-1.96,62.66,8.44,5.29,3.15,3.33,5.35,1238.1,2.81,1.5151941561911395,69.44
2015-04-04 10:50:00,8074200.0,988.84,4.99,279.04,-1.66,62.01,8.72,5.41,3.31,3.41,5.47,1235.9,1.95,1.1371766450589171,63.69
2015-04-04 11:00:00,8074800.0,988.89,4.88,278.93,-1.8,61.83,8.66,5.35,3.3,3.37,5.41,1236.46,3.13,1.577676389436135,38.32
2015-04-04 11:10:00,8075400.0,988.91,4.91,278.96,-1.7,62.18,8.67,5.39,3.28,3.4,5.45,1236.35,3.26,1.7651230891711214,35.3
2015-04-04 11:20:00,8076000.0,988.9,5.2,279.25,-1.96,59.71,8.85,5.29,3.57,3.33,5.35,1235.07,2.86,1.5401870494891376,52.76
2015-04-04 11:30:00,8076600.0,988.97,4.76,278.8,-2.07,61.11,8.58,5.24,3.34,3.3,5.3,1237.17,4.81,1.8775911090121131,37.14
2015-04-04 11:40:00,8077200.0,989.04,4.64,278.68,-1.96,62.09,8.51,5.29,3.23,3.33,5.34,1237.73,4.13,1.6401586226811304,39.03
2015-04-04 11:50:00,8077800.0,989.0,5.18,279.22,-1.72,60.89,8.84,5.38,3.46,3.39,5.44,1235.25,4.1,1.9650662355551067,37.89
2015-04-04 12:00:00,8078400.0,989.0,5.23,279.27,-1.86,60.04,8.87,5.33,3.54,3.36,5.39,1235.05,3.6,1.7526266425221224,43.45
2015-04-04 12:10:00,8079000.0,988.98,5.49,279.54,-1.7,59.68,9.03,5.39,3.64,3.4,5.45,1233.84,4.03,1.9525697889061076,43.69
2015-04-04 12:20:00,8079600.0,988.93,5.9,279.94,-1.79,57.64,9.29,5.36,3.94,3.38,5.41,1232.01,3.94,1.8525982157141148,48.18
2015-04-04 12:30:00,8080200.0,988.87,5.99,280.05,-1.57,58.18,9.35,5.44,3.91,3.43,5.5,1231.47,3.98,2.027548468800102,42.16
2015-04-04 12:40:00,8080800.0,988.89,5.92,279.97,-1.55,58.56,9.3,5.45,3.86,3.43,5.51,1231.82,5.26,2.3649525283230775,41.84
2015-04-04 12:50:00,8081400.0,988.98,5.68,279.72,-2.09,57.23,9.15,5.24,3.91,3.3,5.29,1233.1,4.49,1.9650662355551067,34.73
2015-04-04 13:00:00,8082000.0,988.98,5.85,279.89,-2.49,54.88,9.26,5.08,4.18,3.2,5.14,1232.41,4.26,2.015052022151103,33.9
2015-04-04 13:10:00,8082600.0,988.99,5.91,279.96,-2.19,55.9,9.3,5.2,4.1,3.28,5.26,1232.09,4.92,2.0775342553960985,42.36
2015-04-04 13:20:00,8083200.0,988.88,5.91,279.96,-1.79,57.58,9.3,5.36,3.95,3.38,5.42,1231.88,3.5,1.8026124291181185,52.37
2015-04-04 13:30:00,8083800.0,988.88,6.07,280.13,-1.71,57.26,9.41,5.39,4.02,3.39,5.45,1231.15,4.21,1.8151088757671174,42.0
2015-04-04 13:40:00,8084400.0,988.87,5.7,279.75,-2.2,56.69,9.16,5.19,3.97,3.27,5.25,1232.9,3.5,1.7901159824691195,29.57
2015-04-04 13:50:00,8085000.0,988.86,5.58,279.63,-2.64,55.31,9.09,5.03,4.06,3.17,5.08,1233.47,4.32,1.890087555661112,33.5
2015-04-04 14:00:00,8085600.0,988.79,5.66,279.72,-2.75,54.58,9.14,4.99,4.15,3.14,5.04,1233.07,2.87,1.6651515159791286,23.53
2015-04-04 14:10:00,8086200.0,988.71,6.22,280.29,-2.65,52.86,9.5,5.02,4.48,3.17,5.08,1230.48,3.61,2.140016488641094,46.95
2015-04-04 14:20:00,8086800.0,988.71,5.95,280.02,-3.94,48.88,9.33,4.56,4.77,2.87,4.61,1231.87,4.43,2.140016488641094,24.91
2015-04-04 14:30:00,8087400.0,988.67,5.83,279.9,-4.23,48.26,9.25,4.46,4.78,2.81,4.51,1232.42,2.62,1.5526834961381366,32.64
2015-04-04 14:40:00,8088000.0,988.66,6.11,280.18,-4.02,48.07,9.43,4.53,4.9,2.86,4.58,1231.13,4.77,2.6148814613030593,33.91
2015-04-04 14:50:00,8088600.0,988.63,5.96,280.03,-3.85,49.19,9.33,4.59,4.74,2.89,4.64,1231.73,5.27,2.2149951685350886,39.05
2015-04-04 15:00:00,8089200.0,988.63,5.82,279.89,-3.53,50.9,9.24,4.7,4.54,2.97,4.76,1232.28,5.17,2.3774489749720766,42.63
2015-04-04 15:10:00,8089800.0,988.62,5.85,279.92,-3.69,50.2,9.26,4.65,4.61,2.93,4.7,1232.18,4.92,2.2274916151840873,38.25
2015-04-04 15:20:00,8090400.0,988.58,6.15,280.23,-3.77,48.81,9.46,4.62,4.84,2.91,4.67,1230.78,5.02,2.6648672478990556,41.36
2015-04-04 15:30:00,8091000.0,988.61,6.39,280.47,-3.68,48.34,9.62,4.65,4.97,2.93,4.7,1229.75,4.16,2.140016488641094,43.6
2015-04-04 15:40:00,8091600.0,988.65,6.09,280.16,-4.15,47.67,9.41,4.49,4.93,2.83,4.54,1231.23,4.75,2.2524845084820857,35.52
2015-04-04 15:50:00,8092200.0,988.63,6.4,280.48,-4.67,44.83,9.62,4.31,5.31,2.72,4.36,1229.9,4.09,2.2462362851575866,40.41
2015-04-04 16:00:00,8092800.0,988.6,6.42,280.5,-5.11,43.3,9.63,4.17,5.46,2.63,4.22,1229.85,4.03,1.8525982157141148,26.98
2015-04-04 16:10:00,8093400.0,988.64,6.64,280.71,-5.56,41.24,9.78,4.03,5.75,2.54,4.08,1229.01,3.32,1.5651799427871358,28.75
2015-04-04 16:20:00,8094000.0,988.64,6.61,280.69,-5.73,40.77,9.76,3.98,5.78,2.51,4.03,1229.15,4.21,1.9525697889061076,27.86
2015-04-04 16:30:00,8094600.0,988.64,6.47,280.55,-5.48,41.96,9.67,4.06,5.61,2.56,4.1,1229.73,2.84,1.6151657293831323,21.88
2015-04-04 16:40:00,8095200.0,988.68,6.65,280.72,-5.79,40.48,9.79,3.96,5.83,2.5,4.01,1229.04,2.24,1.4027261363501478,20.92
2015-04-04 16:50:00,8095800.0,988.66,6.61,280.69,-6.33,38.93,9.76,3.8,5.96,2.4,3.84,1229.24,2.35,1.2121553249529116,5.23
2015-04-04 17:00:00,8096400.0,988.67,6.67,280.74,-5.92,40.0,9.8,3.92,5.88,2.47,3.97,1228.95,2.57,1.330871568118403,35.19
2015-04-04 17:10:00,8097000.0,988.67,6.43,280.5,-5.71,41.34,9.64,3.98,5.65,2.51,4.03,1230.0,3.53,1.7401301958731232,21.78
2015-04-04 17:20:00,8097600.0,988.7,6.38,280.45,-5.32,42.74,9.61,4.11,5.5,2.59,4.15,1230.17,2.08,1.427719029648146,21.94
2015-04-04 17:30:00,8098200.0,988.72,6.48,280.55,-5.22,42.77,9.67,4.14,5.54,2.61,4.18,1229.75,3.04,1.727633749224124,21.61
2015-04-04 17:40:00,8098800.0,988.79,6.37,280.43,-5.1,43.51,9.6,4.18,5.42,2.63,4.22,1230.31,3.61,1.6651515159791286,25.75
2015-04-04 17:50:00,8099400.0,988.89,6.46,280.51,-4.66,44.69,9.66,4.32,5.34,2.72,4.37,1229.98,3.48,1.577676389436135,30.44
2015-04-04 18:00:00,8100000.0,988.98,6.24,280.28,-4.39,46.34,9.51,4.41,5.11,2.78,4.46,1231.01,2.4,1.2433964415754093,23.78
2015-04-04 18:10:00,8100600.0,989.02,5.97,280.01,-4.25,47.7,9.34,4.45,4.88,2.81,4.5,1232.21,1.1,0.8122690321849408,2.43
2015-04-04 18:20:00,8101200.0,989.11,5.75,279.78,-4.25,48.44,9.2,4.45,4.74,2.81,4.5,1233.31,1.32,0.8747512654299362,358.1
2015-04-04 18:30:00,8101800.0,989.17,5.66,279.69,-4.19,48.93,9.14,4.47,4.67,2.82,4.52,1233.75,0.49,0.39988629276797083,326.3
2015-04-04 18:40:00,8102400.0,989.27,5.54,279.56,-4.11,49.68,9.06,4.5,4.56,2.84,4.55,1234.43,0.69,0.5935812158274567,311.3
2015-04-04 18:50:00,8103000.0,989.36,5.49,279.5,-4.04,50.12,9.03,4.53,4.5,2.85,4.57,1234.75,0.49,0.38738984611897176,279.7
2015-04-04 19:00:00,8103600.0,989.4,5.32,279.33,-3.89,51.29,8.92,4.58,4.35,2.88,4.63,1235.53,0.73,0.5186025359334622,257.0
2015-04-04 19:10:00,8104200.0,989.54,5.29,279.29,-3.69,52.18,8.91,4.65,4.26,2.93,4.7,1235.79,0.77,0.47486497266196537,244.6
2015-04-04 19:20:00,8104800.0,989.9,4.89,278.86,-1.89,61.37,8.66,5.32,3.35,3.35,5.37,1237.69,6.56,2.921044404203537,31.41
2015-04-04 19:30:00,8105400.0,990.24,4.0,277.94,-1.06,69.46,8.14,5.65,2.49,3.56,5.71,1241.94,6.22,2.6648672478990556,26.25
2015-04-04 19:40:00,8106000.0,990.49,3.67,277.59,-0.93,71.8,7.95,5.71,2.24,3.59,5.76,1243.72,5.58,2.2274916151840873,32.22
2015-04-04 19:50:00,8106600.0,990.68,3.5,277.4,-0.81,73.3,7.85,5.76,2.1,3.62,5.81,1244.7,4.86,2.389945421621076,30.55
2015-04-04 20:00:00,8107200.0,990.83,3.35,277.24,-0.99,73.1,7.77,5.68,2.09,3.57,5.73,1245.59,4.35,2.2587327318065853,24.19
2015-04-04 20:10:00,8107800.0,990.95,3.22,277.09,-1.12,73.1,7.7,5.63,2.07,3.54,5.68,1246.38,1.43,1.2777616698601568,56.95
2015-04-04 20:20:00,8108400.0,990.97,3.11,276.99,-1.18,73.3,7.64,5.6,2.04,3.52,5.65,1246.89,0.75,0.44987207936396717,22.23
2015-04-04 20:30:00,8109000.0,991.17,3.04,276.9,-1.25,73.3,7.6,5.57,2.03,3.5,5.62,1247.48,0.95,0.44987207936396717,338.6
2015-04-04 20:40:00,8109600.0,991.31,2.87,276.71,-1.31,73.9,7.51,5.55,1.96,3.49,5.6,1248.45,1.0,0.47486497266196537,329.3
2015-04-04 20:50:00,8110200.0,991.34,2.8,276.64,-1.32,74.2,7.47,5.54,1.93,3.49,5.59,1248.8,0.83,0.36239695282097356,341.2
2015-04-04 21:00:00,8110800.0,991.42,2.8,276.64,-1.39,73.8,7.47,5.51,1.96,3.47,5.56,1248.91,1.35,0.5748365458539582,340.2
2015-04-04 21:10:00,8111400.0,991.34,2.84,276.69,-1.35,73.8,7.49,5.53,1.96,3.48,5.58,1248.61,1.06,0.4873614193109645,337.4
2015-04-04 21:20:00,8112000.0,991.37,2.93,276.78,-1.34,73.4,7.54,5.54,2.01,3.48,5.59,1248.22,1.34,0.5998294391519562,343.1
2015-04-04 21:30:00,8112600.0,991.45,2.93,276.77,-1.25,73.9,7.54,5.57,1.97,3.5,5.62,1248.31,0.91,0.49985786595996357,3.69
2015-04-04 21:40:00,8113200.0,991.56,2.78,276.61,-1.28,74.5,7.46,5.56,1.9,3.5,5.61,1249.14,0.91,0.47486497266196537,30.13
2015-04-04 21:50:00,8113800.0,991.72,2.39,276.21,-1.25,76.8,7.26,5.57,1.68,3.5,5.62,1251.11,0.94,0.46861674933746583,30.33
2015-04-04 22:00:00,8114400.0,991.79,2.45,276.26,-1.19,76.8,7.29,5.6,1.69,3.52,5.64,1250.92,0.92,0.38738984611897176,2.39
2015-04-04 22:10:00,8115000.0,991.74,2.59,276.4,-1.16,76.2,7.36,5.61,1.75,3.53,5.66,1250.23,1.24,0.47486497266196537,346.7
2015-04-04 22:20:00,8115600.0,991.86,2.57,276.37,-1.22,76.0,7.35,5.59,1.76,3.51,5.63,1250.47,1.14,0.5186025359334622,4.73
2015-04-04 22:30:00,8116200.0,992.02,2.28,276.07,-1.35,76.8,7.2,5.53,1.67,3.48,5.58,1252.0,0.92,0.5498436525559599,54.83
2015-04-04 22:40:00,8116800.0,992.13,1.58,275.36,-1.56,79.5,6.85,5.45,1.4,3.42,5.49,1255.36,0.51,0.3124111662249772,235.1
2015-04-04 22:50:00,8117400.0,992.31,1.47,275.24,-1.47,80.7,6.79,5.48,1.31,3.44,5.52,1256.1,0.46,0.2999147195759781,28.75
2015-04-04 23:00:00,8118000.0,992.44,1.53,275.28,-1.43,80.6,6.82,5.5,1.32,3.45,5.54,1255.98,0.8,0.41238273941696996,33.25
2015-04-04 23:10:00,8118600.0,992.44,1.66,275.42,-1.26,80.8,6.89,5.57,1.32,3.5,5.61,1255.33,0.49,0.34990050617197455,69.18
2015-04-04 23:20:00,8119200.0,992.51,1.63,275.39,-1.11,81.9,6.88,5.63,1.24,3.54,5.67,1255.52,1.27,0.5748365458539582,40.53
2015-04-04 23:30:00,8119800.0,992.6,1.5,275.24,-1.14,82.5,6.81,5.62,1.19,3.53,5.66,1256.26,1.7,0.9247370520259326,26.24
2015-04-04 23:40:00,8120400.0,992.67,1.46,275.2,-1.03,83.4,6.79,5.66,1.13,3.56,5.7,1256.51,2.92,1.2902581165091558,16.46
2015-04-04 23:50:00,8121000.0,992.62,1.11,274.85,-0.82,86.9,6.62,5.75,0.87,3.61,5.79,1258.02,2.21,1.0247086252179252,6.44
2015-04-05 00:00:00,8121600.0,992.66,1.1,274.83,-0.64,88.1,6.61,5.83,0.79,3.66,5.87,1258.08,1.68,0.8872477120789353,357.1
2015-04-05 00:10:00,8122200.0,992.53,1.23,274.98,-0.56,87.8,6.68,5.86,0.81,3.68,5.91,1257.29,1.63,0.8497583721319381,318.9
2015-04-05 00:20:00,8122800.0,992.54,1.42,275.16,-0.55,86.7,6.77,5.87,0.9,3.69,5.91,1256.44,1.77,0.6998010123439491,301.9
2015-04-05 00:30:00,8123400.0,992.53,1.56,275.31,-0.64,85.2,6.84,5.83,1.01,3.66,5.87,1255.77,1.65,0.6498152257479527,310.6
2015-04-05 00:40:00,8124000.0,992.45,1.78,275.53,-0.79,83.0,6.95,5.76,1.18,3.62,5.81,1254.73,1.08,0.4873614193109645,317.0
2015-04-05 00:50:00,8124600.0,992.47,1.84,275.59,-1.06,81.0,6.98,5.65,1.33,3.55,5.69,1254.53,1.18,0.49985786595996357,354.8
2015-04-05 01:00:00,8125200.0,992.56,1.2,274.95,-0.81,86.4,6.66,5.76,0.91,3.62,5.8,1257.5,1.08,0.5248507592579618,61.44
2015-04-05 01:10:00,8125800.0,992.54,0.83,274.58,-0.76,89.0,6.49,5.78,0.71,3.63,5.82,1259.16,0.41,0.24992893297998178,210.8
2015-04-05 01:20:00,8126400.0,992.46,0.72,274.47,-0.82,89.4,6.43,5.75,0.68,3.61,5.8,1259.61,0.26,0.24992893297998178,271.4
2015-04-05 01:30:00,8127000.0,992.46,0.7,274.45,-0.91,88.9,6.43,5.71,0.71,3.59,5.76,1259.7,0.44,0.39988629276797083,32.02
2015-04-05 01:40:00,8127600.0,992.44,0.79,274.54,-1.13,86.9,6.47,5.62,0.85,3.53,5.66,1259.31,0.66,0.4373756327149681,96.6
2015-04-05 01:50:00,8128200.0,992.53,0.45,274.19,-1.25,88.3,6.31,5.57,0.74,3.5,5.61,1261.02,0.68,0.4623685260129663,61.34
2015-04-05 02:00:00,8128800.0,992.6,0.35,274.09,-1.03,90.4,6.26,5.66,0.6,3.56,5.71,1261.52,0.51,0.44987207936396717,19.47
2015-04-05 02:10:00,8129400.0,992.67,0.42,274.15,-1.17,89.0,6.3,5.6,0.69,3.52,5.65,1261.32,0.35,0.22493603968198359,291.6
2015-04-05 02:20:00,8130000.0,992.69,0.23,273.96,-1.15,90.4,6.21,5.61,0.6,3.53,5.66,1262.22,0.45,0.3124111662249772,109.1
2015-04-05 02:30:00,8130600.0,992.71,0.27,274.01,-1.05,90.8,6.23,5.66,0.57,3.55,5.7,1262.01,0.37,0.32490761287397635,72.7
2015-04-05 02:40:00,8131200.0,992.75,0.36,274.09,-1.12,89.7,6.27,5.62,0.65,3.53,5.67,1261.67,0.73,0.41238273941696996,123.5
2015-04-05 02:50:00,8131800.0,992.8,0.41,274.14,-1.17,89.1,6.29,5.61,0.69,3.52,5.65,1261.51,0.88,0.4623685260129663,129.6
2015-04-05 03:00:00,8132400.0,992.82,0.23,273.95,-1.35,89.1,6.21,5.53,0.68,3.47,5.57,1262.44,1.04,0.47486497266196537,132.7
2015-04-05 03:10:00,8133000.0,992.86,0.26,273.98,-1.27,89.4,6.22,5.56,0.66,3.49,5.6,1262.33,0.57,0.34990050617197455,84.1
2015-04-05 03:20:00,8133600.0,992.94,0.2,273.91,-1.48,88.4,6.2,5.48,0.72,3.44,5.52,1262.74,0.42,0.3124111662249772,64.37
2015-04-05 03:30:00,8134200.0,993.02,0.04,273.74,-1.67,88.2,6.12,5.4,0.72,3.39,5.44,1263.63,0.45,0.34990050617197455,119.1
2015-04-05 03:40:00,8134800.0,993.13,0.09,273.79,-1.62,88.2,6.15,5.42,0.73,3.4,5.46,1263.51,0.33,0.24992893297998178,47.17
2015-04-05 03:50:00,8135400.0,993.2,0.08,273.77,-1.77,87.3,6.14,5.36,0.78,3.36,5.4,1263.7,0.44,0.2624253796289809,208.5
2015-04-05 04:00:00,8136000.0,993.29,0.07,273.76,-1.78,87.3,6.14,5.36,0.78,3.36,5.4,1263.83,0.46,0.32490761287397635,314.4
2015-04-05 04:10:00,8136600.0,993.38,0.11,273.79,-1.91,86.2,6.16,5.31,0.85,3.33,5.34,1263.77,0.59,0.4623685260129663,29.0
2015-04-05 04:20:00,8137200.0,993.44,-0.07,273.61,-2.0,86.7,6.08,5.27,0.81,3.31,5.31,1264.69,0.5,0.34990050617197455,84.0
2015-04-05 04:30:00,8137800.0,993.49,-0.27,273.4,-1.89,88.7,5.99,5.31,0.68,3.33,5.35,1265.67,0.61,0.34990050617197455,103.9
2015-04-05 04:40:00,8138400.0,993.54,-0.35,273.31,-2.01,88.5,5.95,5.27,0.68,3.3,5.3,1266.15,0.41,0.22493603968198359,18.74
2015-04-05 04:50:00,8139000.0,993.56,-0.51,273.15,-2.06,89.2,5.88,5.25,0.64,3.29,5.28,1266.93,0.42,0.2624253796289809,30.7
2015-04-05 05:00:00,8139600.0,993.61,-0.61,273.05,-2.14,89.3,5.84,5.22,0.63,3.27,5.25,1267.47,0.43,0.3124111662249772,35.04
2015-04-05 05:10:00,8140200.0,993.7,-1.05,272.61,-2.44,90.2,5.66,5.1,0.55,3.2,5.13,1269.67,0.67,0.38738984611897176,41.67
2015-04-05 05:20:00,8140800.0,993.83,-1.21,272.43,-2.4,91.6,5.59,5.12,0.47,3.21,5.15,1270.61,0.37,0.19994314638398542,28.17
2015-04-05 05:30:00,8141400.0,993.98,-1.33,272.3,-2.49,91.8,5.54,5.08,0.45,3.19,5.12,1271.37,0.41,0.17495025308598727,43.25
2015-04-05 05:40:00,8142000.0,994.12,-1.4,272.22,-2.44,92.6,5.51,5.1,0.41,3.2,5.13,1271.85,0.25,0.14995735978798905,22.33
2015-04-05 05:50:00,8142600.0,994.23,-1.41,272.2,-2.45,92.6,5.51,5.1,0.41,3.2,5.13,1272.05,0.18,0.12496446648999089,358.9
2015-04-05 06:00:00,8143200.0,994.36,-1.29,272.32,-2.34,92.5,5.56,5.14,0.42,3.22,5.17,1271.61,0.14,0.08122690321849409,32.25
2015-04-05 06:10:00,8143800.0,994.45,-1.26,272.33,-2.43,91.7,5.57,5.11,0.46,3.2,5.13,1271.65,0.26,0.14995735978798905,59.53
2015-04-05 06:20:00,8144400.0,994.59,-1.0,272.59,-2.18,91.6,5.68,5.2,0.48,3.26,5.23,1270.52,0.26,0.13746091313898998,83.6
2015-04-05 06:30:00,8145000.0,994.69,-0.37,273.21,-2.16,87.6,5.95,5.21,0.74,3.26,5.24,1267.72,0.14,0.09372334986749316,15.7
2015-04-05 06:40:00,8145600.0,994.76,-0.22,273.35,-2.44,84.9,6.01,5.1,0.91,3.2,5.13,1267.17,0.48,0.3311558361984759,235.9
2015-04-05 06:50:00,8146200.0,994.85,-0.57,272.99,-2.67,85.6,5.86,5.01,0.84,3.14,5.04,1268.96,0.91,0.41238273941696996,206.9
2015-04-05 07:00:00,8146800.0,994.95,-0.4,273.15,-2.35,86.6,5.93,5.14,0.79,3.22,5.16,1268.25,0.64,0.32490761287397635,168.8
2015-04-05 07:10:00,8147400.0,995.08,0.3,273.85,-1.91,85.0,6.24,5.31,0.94,3.32,5.33,1265.07,0.47,0.3311558361984759,158.4
2015-04-05 07:20:00,8148000.0,995.21,0.73,274.26,-1.78,83.2,6.44,5.36,1.08,3.36,5.38,1263.25,0.54,0.2624253796289809,180.4
2015-04-05 07:30:00,8148600.0,995.3,1.16,274.69,-1.56,82.0,6.64,5.45,1.2,3.41,5.47,1261.33,0.67,0.32490761287397635,146.8
2015-04-05 07:40:00,8149200.0,995.4,1.66,275.18,-1.42,79.9,6.89,5.5,1.38,3.45,5.53,1259.12,0.48,0.3124111662249772,135.6
2015-04-05 07:50:00,8149800.0,995.5,1.9,275.42,-1.2,79.8,7.01,5.59,1.42,3.5,5.62,1258.09,0.53,0.3936380694434713,116.6
2015-04-05 08:00:00,8150400.0,995.56,2.47,275.98,-1.05,77.5,7.3,5.66,1.64,3.54,5.68,1255.57,0.66,0.36239695282097356,142.5
2015-04-05 08:10:00,8151000.0,995.69,2.94,276.44,-0.98,75.3,7.55,5.68,1.86,3.56,5.71,1253.57,1.02,0.5123543126089626,140.5
2015-04-05 08:20:00,8151600.0,995.79,2.97,276.46,-0.92,75.5,7.56,5.71,1.85,3.57,5.74,1253.55,1.14,0.5373472059069608,150.6
2015-04-05 08:30:00,8152200.0,995.91,3.14,276.63,-0.88,74.8,7.66,5.73,1.93,3.59,5.75,1252.91,1.17,0.6123258858009554,131.1
2015-04-05 08:40:00,8152800.0,996.0,3.19,276.66,-0.69,75.6,7.68,5.81,1.87,3.63,5.83,1252.79,1.07,0.5873329925029571,125.0
2015-04-05 08:50:00,8153400.0,996.04,3.44,276.91,-0.64,74.5,7.82,5.83,1.99,3.65,5.85,1251.68,1.38,0.6373187790989535,119.0
2015-04-05 09:00:00,8154000.0,996.09,3.28,276.75,-0.98,73.5,7.73,5.68,2.05,3.56,5.71,1252.53,1.97,0.8747512654299362,91.9
2015-04-05 09:10:00,8154600.0,996.07,3.42,276.89,-1.07,72.3,7.81,5.65,2.16,3.53,5.67,1251.91,1.77,1.0871908584629206,76.5
2015-04-05 09:20:00,8155200.0,996.15,3.79,277.26,-1.04,70.6,8.02,5.66,2.36,3.54,5.68,1250.31,2.04,0.9997157319199271,45.45
2015-04-05 09:30:00,8155800.0,996.16,3.93,277.4,-1.28,68.64,8.1,5.56,2.54,3.48,5.58,1249.73,2.32,1.112183751760919,55.75
2015-04-05 09:40:00,8156400.0,996.25,3.95,277.41,-1.6,66.98,8.11,5.43,2.68,3.4,5.45,1249.8,2.27,1.5151941561911395,31.29
2015-04-05 09:50:00,8157000.0,996.26,4.31,277.77,-1.9,63.87,8.32,5.31,3.0,3.32,5.33,1248.27,2.56,1.2246517716019107,16.19
2015-04-05 10:00:00,8157600.0,996.36,4.35,277.8,-1.93,63.56,8.34,5.3,3.04,3.32,5.32,1248.23,2.75,1.2871340048469062,21.49
2015-04-05 10:10:00,8158200.0,996.4,4.42,277.86,-1.77,63.99,8.38,5.36,3.02,3.35,5.38,1247.94,2.67,1.274637558197907,7.99
2015-04-05 10:20:00,8158800.0,996.45,4.81,278.26,-1.71,62.52,8.62,5.39,3.23,3.37,5.41,1246.21,1.45,0.9247370520259326,1.54
2015-04-05 10:30:00,8159400.0,996.41,5.29,278.74,-1.87,59.74,8.91,5.32,3.59,3.33,5.34,1244.05,2.55,1.2121553249529116,34.08
2015-04-05 10:40:00,8160000.0,996.49,5.44,278.88,-1.67,60.05,9.0,5.4,3.6,3.38,5.42,1243.46,1.35,0.9497299453239307,66.98
2015-04-05 10:50:00,8160600.0,996.49,5.86,279.3,-2.19,56.08,9.27,5.2,4.07,3.25,5.22,1241.66,2.52,1.5714281661116356,27.19
2015-04-05 11:00:00,8161200.0,996.48,5.87,279.31,-2.02,56.77,9.27,5.26,4.01,3.29,5.28,1241.59,3.72,1.8276053224161166,48.4
2015-04-05 11:10:00,8161800.0,996.46,6.02,279.46,-2.23,55.28,9.37,5.18,4.19,3.24,5.2,1240.94,3.05,1.727633749224124,27.01
2015-04-05 11:20:00,8162400.0,996.49,5.84,279.28,-2.5,54.89,9.26,5.08,4.18,3.18,5.1,1241.82,2.54,1.92132867228361,15.44
2015-04-05 11:30:00,8163000.0,996.49,5.63,279.07,-2.5,55.7,9.12,5.08,4.04,3.18,5.1,1242.75,3.01,1.7338819725486234,23.43
2015-04-05 11:40:00,8163600.0,996.48,5.38,278.82,-3.15,53.99,8.97,4.84,4.13,3.03,4.86,1243.97,3.73,1.9650662355551067,25.4
2015-04-05 11:50:00,8164200.0,996.46,5.31,278.76,-3.35,53.43,8.92,4.77,4.15,2.98,4.78,1244.29,2.96,1.4902012628931411,45.87
2015-04-05 12:00:00,8164800.0,996.36,5.87,279.32,-2.71,53.91,9.28,5.0,4.28,3.13,5.02,1241.56,1.86,1.1809142083304138,27.97
2015-04-05 12:10:00,8165400.0,996.35,6.47,279.92,-3.1,50.24,9.67,4.86,4.81,3.04,4.88,1238.95,3.13,1.7213855258996245,47.49
2015-04-05 12:20:00,8166000.0,996.32,6.1,279.55,-4.1,47.82,9.42,4.51,4.92,2.82,4.52,1240.72,3.89,1.8026124291181185,36.38
2015-04-05 12:30:00,8166600.0,996.26,6.61,280.07,-3.55,48.12,9.76,4.7,5.06,2.94,4.71,1238.32,2.22,1.415222582999147,11.16
2015-04-05 12:40:00,8167200.0,996.24,6.96,280.42,-3.26,47.99,10.0,4.8,5.2,3.0,4.82,1236.69,2.58,1.387105578038899,33.64
2015-04-05 12:50:00,8167800.0,996.23,6.3,279.77,-3.0,51.2,9.56,4.89,4.66,3.06,4.91,1239.53,4.33,2.3649525283230775,33.02
2015-04-05 13:00:00,8168400.0,996.2,6.2,279.66,-3.23,50.68,9.49,4.81,4.68,3.01,4.83,1239.99,3.29,1.6026692827341331,28.55
2015-04-05 13:10:00,8169000.0,996.13,6.64,280.11,-3.61,47.77,9.78,4.67,5.11,2.92,4.69,1238.01,1.88,0.9684746152974294,47.94
2015-04-05 13:20:00,8169600.0,996.15,6.7,280.17,-3.85,46.73,9.82,4.59,5.23,2.87,4.61,1237.82,3.34,1.6026692827341331,62.25
2015-04-05 13:30:00,8170200.0,996.24,6.53,280.0,-4.34,45.57,9.71,4.43,5.29,2.77,4.44,1238.73,2.38,1.6276621760321313,44.37
2015-04-05 13:40:00,8170800.0,996.24,6.58,280.04,-4.95,43.38,9.74,4.22,5.51,2.64,4.24,1238.66,2.96,1.4902012628931411,11.32
2015-04-05 13:50:00,8171400.0,996.17,7.14,280.61,-4.7,42.51,10.12,4.3,5.82,2.69,4.32,1236.03,3.28,1.715137302575125,46.91
2015-04-05 14:00:00,8172000.0,996.12,7.29,280.76,-4.12,43.98,10.23,4.5,5.73,2.81,4.52,1235.22,3.68,1.8026124291181185,30.27
2015-04-05 14:10:00,8172600.0,996.13,6.89,280.36,-4.27,44.68,9.95,4.45,5.51,2.78,4.46,1237.01,2.79,1.5589317194626364,351.8
2015-04-05 14:20:00,8173200.0,996.07,7.61,281.09,-4.13,42.98,10.46,4.49,5.96,2.81,4.51,1233.75,1.81,1.6963926326016263,352.8
2015-04-05 14:30:00,8173800.0,996.1,7.11,280.58,-4.41,43.56,10.1,4.4,5.7,2.75,4.42,1236.03,3.38,1.577676389436135,23.21
2015-04-05 14:40:00,8174400.0,996.08,6.96,280.44,-4.52,43.62,10.0,4.36,5.64,2.73,4.38,1236.66,3.07,1.577676389436135,22.5
2015-04-05 14:50:00,8175000.0,995.96,7.54,281.02,-4.57,41.77,10.41,4.35,6.06,2.72,4.36,1234.0,3.35,2.177505828588091,13.6
2015-04-05 15:00:00,8175600.0,996.02,7.37,280.85,-4.66,41.97,10.29,4.32,5.97,2.7,4.33,1234.82,3.73,2.015052022151103,15.78
2015-04-05 15:10:00,8176200.0,995.96,7.36,280.84,-4.31,43.14,10.28,4.43,5.84,2.77,4.45,1234.74,2.65,1.5151941561911395,26.36
2015-04-05 15:20:00,8176800.0,995.83,7.56,281.06,-4.39,42.29,10.42,4.41,6.01,2.76,4.43,1233.72,3.97,1.9025840023101113,31.81
2015-04-05 15:30:00,8177400.0,995.86,7.96,281.45,-3.91,42.69,10.71,4.57,6.14,2.86,4.59,1231.91,2.37,2.177505828588091,331.6
2015-04-05 15:40:00,8178000.0,995.84,8.36,281.86,-4.02,41.19,11.0,4.53,6.47,2.84,4.55,1230.16,2.39,1.3496162380919017,276.2
2015-04-05 15:50:00,8178600.0,995.87,7.97,281.46,-3.9,42.68,10.72,4.57,6.14,2.86,4.59,1231.88,2.57,1.7901159824691195,17.9
2015-04-05 16:00:00,8179200.0,995.9,7.46,280.95,-4.37,42.64,10.35,4.41,5.94,2.76,4.43,1234.24,3.81,1.9025840023101113,30.94
2015-04-05 16:10:00,8179800.0,995.87,7.13,280.62,-3.9,45.2,10.12,4.57,5.54,2.86,4.59,1235.58,4.53,1.9400733422571086,26.36
2015-04-05 16:20:00,8180400.0,995.97,6.97,280.45,-4.55,43.52,10.01,4.35,5.65,2.72,4.37,1236.51,3.2,2.1087753720185964,21.32
2015-04-05 16:30:00,8181000.0,995.99,6.97,280.45,-5.56,40.28,10.01,4.03,5.98,2.52,4.05,1236.69,2.38,1.2121553249529116,21.9
2015-04-05 16:40:00,8181600.0,995.99,7.26,280.74,-5.31,40.25,10.21,4.11,6.1,2.57,4.13,1235.37,3.26,1.590172836085134,24.17
2015-04-05 16:50:00,8182200.0,995.99,7.33,280.81,-4.94,41.22,10.26,4.23,6.03,2.64,4.25,1235.0,1.84,1.262141111548908,340.5
2015-04-05 17:00:00,8182800.0,996.06,7.18,280.66,-4.61,42.69,10.15,4.33,5.82,2.71,4.35,1235.71,1.72,1.0372050718669243,19.46
2015-04-05 17:10:00,8183400.0,996.11,7.05,280.52,-4.58,43.17,10.06,4.34,5.72,2.72,4.36,1236.33,1.12,0.7747796922379435,16.45
2015-04-05 17:20:00,8184000.0,996.19,7.14,280.61,-4.38,43.57,10.12,4.41,5.71,2.76,4.43,1236.01,0.46,0.39988629276797083,12.08
2015-04-05 17:30:00,8184600.0,996.23,6.98,280.44,-4.36,44.13,10.01,4.42,5.59,2.76,4.44,1236.77,0.72,0.5998294391519562,276.8
2015-04-05 17:40:00,8185200.0,996.24,6.74,280.21,-4.38,44.77,9.85,4.41,5.44,2.76,4.43,1237.81,0.93,0.5435954292314603,275.4
2015-04-05 17:50:00,8185800.0,996.3,6.63,280.08,-4.36,45.22,9.77,4.42,5.35,2.76,4.44,1238.41,0.9,0.41238273941696996,263.6
2015-04-05 18:00:00,8186400.0,996.36,6.52,279.97,-4.13,46.34,9.7,4.49,5.2,2.81,4.51,1238.94,1.03,0.5498436525559599,255.7
2015-04-05 18:10:00,8187000.0,996.4,6.38,279.83,-4.06,47.03,9.61,4.52,5.09,2.82,4.53,1239.6,1.0,0.5123543126089626,254.3
2015-04-05 18:20:00,8187600.0,996.48,6.28,279.72,-4.07,47.35,9.54,4.52,5.02,2.82,4.53,1240.14,1.22,0.562340099204959,257.2
2015-04-05 18:30:00,8188200.0,996.56,6.18,279.61,-4.09,47.59,9.47,4.51,4.97,2.82,4.52,1240.68,1.28,0.5248507592579618,259.8
2015-04-05 18:40:00,8188800.0,996.71,6.15,279.57,-3.94,48.23,9.45,4.56,4.89,2.85,4.57,1240.98,0.71,0.4873614193109645,275.8
2015-04-05 18:50:00,8189400.0,996.74,6.05,279.47,-3.55,50.01,9.39,4.7,4.69,2.94,4.71,1241.38,1.31,0.8497583721319381,23.01
2015-04-05 19:00:00,8190000.0,996.75,5.91,279.33,-2.9,53.02,9.3,4.93,4.37,3.08,4.95,1241.92,1.48,0.8747512654299362,24.18
2015-04-05 19:10:00,8190600.0,996.77,5.9,279.32,-2.89,53.08,9.3,4.93,4.36,3.08,4.95,1241.97,1.05,0.49985786595996357,315.8
2015-04-05 19:20:00,8191200.0,996.84,5.98,279.39,-3.03,52.27,9.34,4.88,4.46,3.05,4.9,1241.75,1.23,0.49985786595996357,306.9
2015-04-05 19:30:00,8191800.0,996.89,5.82,279.23,-3.06,52.69,9.24,4.87,4.37,3.04,4.89,1242.5,1.13,0.47486497266196537,327.0
2015-04-05 19:40:00,8192400.0,996.89,5.56,278.97,-2.67,55.26,9.08,5.02,4.06,3.14,5.03,1243.6,0.25,0.2874182729269791,350.5
2015-04-05 19:50:00,8193000.0,997.0,5.3,278.7,-2.83,55.6,8.91,4.96,3.96,3.1,4.97,1244.94,0.33,0.2624253796289809,343.0
2015-04-05 20:00:00,8193600.0,997.04,5.35,278.75,-3.0,54.71,8.94,4.89,4.05,3.06,4.91,1244.79,0.57,0.31865938954947676,311.1
2015-04-05 20:10:00,8194200.0,997.02,5.24,278.64,-3.15,54.48,8.88,4.84,4.04,3.02,4.85,1245.26,1.12,0.5123543126089626,310.0
2015-04-05 20:20:00,8194800.0,997.05,5.52,278.91,-3.33,52.77,9.05,4.78,4.27,2.98,4.79,1244.11,0.91,0.41238273941696996,316.2
2015-04-05 20:30:00,8195400.0,997.1,5.35,278.74,-3.37,53.23,8.94,4.76,4.18,2.97,4.77,1244.93,1.12,0.4873614193109645,247.3
2015-04-05 20:40:00,8196000.0,997.19,5.11,278.49,-3.1,55.25,8.79,4.86,3.93,3.04,4.87,1246.08,0.65,0.39988629276797083,335.6
2015-04-05 20:50:00,8196600.0,997.19,4.61,277.99,-2.58,59.46,8.49,5.05,3.44,3.16,5.06,1248.24,0.45,0.39988629276797083,183.5
2015-04-05 21:00:00,8197200.0,997.2,4.8,278.18,-3.1,56.45,8.61,4.86,3.75,3.04,4.87,1247.47,1.62,0.7872761388869426,252.6
2015-04-05 21:10:00,8197800.0,997.28,4.54,277.92,-2.52,60.02,8.45,5.07,3.38,3.17,5.09,1248.62,1.04,0.4873614193109645,38.64
2015-04-05 21:20:00,8198400.0,997.32,4.16,277.53,-2.31,62.62,8.23,5.15,3.08,3.22,5.17,1250.37,0.39,0.2811700496024795,118.7
2015-04-05 21:30:00,8199000.0,997.32,3.75,277.13,-2.25,64.71,8.0,5.17,2.82,3.23,5.19,1252.18,0.34,0.3124111662249772,192.3
2015-04-05 21:40:00,8199600.0,997.33,3.53,276.9,-2.67,63.71,7.87,5.02,2.86,3.13,5.03,1253.26,1.5,0.6498152257479527,213.5
2015-04-05 21:50:00,8200200.0,997.27,3.59,276.96,-2.93,62.26,7.9,4.92,2.98,3.07,4.93,1253.0,1.81,0.7747796922379435,237.4
2015-04-05 22:00:00,8200800.0,997.24,3.47,276.85,-2.82,63.3,7.84,4.96,2.88,3.1,4.97,1253.47,1.35,0.7872761388869426,216.8
2015-04-05 22:10:00,8201400.0,997.33,3.11,276.48,-2.54,66.3,7.64,5.07,2.57,3.17,5.08,1255.16,0.81,0.42487918606596903,196.6
2015-04-05 22:20:00,8202000.0,997.36,3.12,276.48,-2.77,65.12,7.64,4.98,2.67,3.11,4.99,1255.22,0.91,0.4186309627414695,224.2
2015-04-05 22:30:00,8202600.0,997.36,3.27,276.64,-2.92,63.71,7.73,4.92,2.8,3.08,4.94,1254.54,0.66,0.3124111662249772,238.5
2015-04-05 22:40:00,8203200.0,997.44,3.34,276.7,-3.04,62.8,7.77,4.88,2.89,3.05,4.89,1254.34,0.68,0.2999147195759781,237.1
2015-04-05 22:50:00,8203800.0,997.41,3.33,276.7,-3.1,62.59,7.76,4.86,2.9,3.04,4.87,1254.35,0.63,0.3374040595229754,239.1
2015-04-05 23:00:00,8204400.0,997.42,3.17,276.54,-3.26,62.51,7.68,4.8,2.88,3.0,4.81,1255.11,0.93,0.44987207936396717,212.4
2015-04-05 23:10:00,8205000.0,997.36,2.77,276.14,-3.29,64.19,7.46,4.79,2.67,2.99,4.8,1256.86,0.5,0.4373756327149681,219.1
2015-04-05 23:20:00,8205600.0,997.34,2.5,275.87,-3.56,64.18,7.31,4.69,2.62,2.93,4.71,1258.15,1.48,0.6498152257479527,221.0
2015-04-05 23:30:00,8206200.0,997.36,2.32,275.69,-3.57,64.92,7.22,4.69,2.53,2.93,4.7,1258.96,1.21,0.5186025359334622,198.3
2015-04-05 23:40:00,8206800.0,997.35,2.06,275.43,-3.49,66.54,7.09,4.72,2.37,2.95,4.73,1260.15,0.77,0.4623685260129663,211.4
2015-04-05 23:50:00,8207400.0,997.35,2.05,275.41,-3.08,68.7,7.08,4.86,2.22,3.04,4.88,1260.14,1.13,0.562340099204959,221.7
2015-04-06 00:00:00,8208000.0,997.36,2.13,275.5,-2.63,70.6,7.13,5.03,2.09,3.14,5.04,1259.67,0.55,0.2874182729269791,215.6
2015-04-06 00:10:00,8208600.0,997.33,2.04,275.41,-2.58,71.3,7.08,5.05,2.03,3.15,5.06,1260.04,0.57,0.27492182627797995,186.4
2015-04-06 00:20:00,8209200.0,997.36,1.8,275.17,-2.7,71.9,6.96,5.0,1.96,3.13,5.02,1261.19,0.56,0.2874182729269791,157.3
2015-04-06 00:30:00,8209800.0,997.41,1.65,275.02,-2.37,74.5,6.88,5.13,1.76,3.2,5.14,1261.89,0.64,0.38738984611897176,132.5
2015-04-06 00:40:00,8210400.0,997.44,1.5,274.86,-2.31,75.7,6.81,5.15,1.65,3.22,5.17,1262.62,0.78,0.39988629276797083,152.0
2015-04-06 00:50:00,8211000.0,997.38,1.48,274.85,-2.23,76.2,6.8,5.18,1.62,3.24,5.2,1262.61,0.73,0.47486497266196537,144.5
2015-04-06 01:00:00,8211600.0,997.38,1.5,274.87,-2.23,76.1,6.81,5.18,1.63,3.24,5.2,1262.53,0.72,0.42487918606596903,165.1
2015-04-06 01:10:00,8212200.0,997.36,1.4,274.77,-2.24,76.6,6.76,5.18,1.58,3.24,5.19,1262.96,0.64,0.38738984611897176,154.9
2015-04-06 01:20:00,8212800.0,997.34,1.32,274.68,-2.25,77.0,6.72,5.17,1.55,3.23,5.19,1263.33,1.0,0.562340099204959,135.8
2015-04-06 01:30:00,8213400.0,997.31,1.29,274.66,-2.23,77.3,6.71,5.18,1.52,3.24,5.2,1263.4,0.82,0.38738984611897176,183.1
2015-04-06 01:40:00,8214000.0,997.25,1.33,274.7,-2.33,76.5,6.72,5.14,1.58,3.21,5.16,1263.18,0.73,0.36239695282097356,159.0
2015-04-06 01:50:00,8214600.0,997.21,1.25,274.63,-2.16,77.9,6.69,5.21,1.48,3.26,5.23,1263.44,0.57,0.3124111662249772,127.6
2015-04-06 02:00:00,8215200.0,997.13,1.19,274.58,-2.18,78.1,6.66,5.2,1.46,3.25,5.22,1263.62,0.82,0.49985786595996357,132.9
2015-04-06 02:10:00,8215800.0,997.1,0.94,274.33,-2.17,79.6,6.54,5.21,1.33,3.25,5.22,1264.73,1.02,0.4873614193109645,123.9
2015-04-06 02:20:00,8216400.0,997.09,0.85,274.24,-2.06,80.8,6.5,5.25,1.25,3.28,5.26,1265.12,0.46,0.27492182627797995,117.9
2015-04-06 02:30:00,8217000.0,996.99,0.68,274.07,-2.11,81.5,6.42,5.23,1.19,3.27,5.24,1265.81,0.37,0.27492182627797995,143.8
2015-04-06 02:40:00,8217600.0,996.97,0.78,274.18,-2.06,81.2,6.46,5.25,1.22,3.28,5.26,1265.3,0.26,0.21243959303298451,70.3
2015-04-06 02:50:00,8218200.0,996.98,0.96,274.36,-2.25,79.0,6.55,5.17,1.38,3.23,5.19,1264.5,0.4,0.27492182627797995,123.8
2015-04-06 03:00:00,8218800.0,996.99,0.87,274.27,-2.42,78.5,6.51,5.11,1.4,3.19,5.12,1264.95,0.56,0.2999147195759781,113.0
2015-04-06 03:10:00,8219400.0,996.94,0.68,274.08,-2.31,80.3,6.42,5.15,1.26,3.22,5.17,1265.76,0.63,0.4623685260129663,100.0
2015-04-06 03:20:00,8220000.0,996.86,0.48,273.89,-2.25,81.8,6.33,5.18,1.15,3.24,5.19,1266.55,0.68,0.42487918606596903,136.6
2015-04-06 03:30:00,8220600.0,996.89,0.52,273.92,-2.3,81.3,6.34,5.16,1.19,3.22,5.17,1266.45,0.66,0.4623685260129663,111.6
2015-04-06 03:40:00,8221200.0,996.9,0.41,273.81,-2.31,81.9,6.29,5.15,1.14,3.22,5.17,1266.97,0.29,0.34990050617197455,52.52
2015-04-06 03:50:00,8221800.0,996.86,0.6,274.0,-2.29,80.9,6.38,5.16,1.22,3.23,5.18,1266.04,0.24,0.14995735978798905,56.16
2015-04-06 04:00:00,8222400.0,996.84,0.65,274.06,-2.25,80.8,6.4,5.17,1.23,3.24,5.19,1265.76,0.3,0.24992893297998178,54.79
2015-04-06 04:10:00,8223000.0,996.82,1.2,274.61,-2.69,75.2,6.66,5.01,1.65,3.13,5.03,1263.3,0.56,0.46861674933746583,182.3
2015-04-06 04:20:00,8223600.0,996.75,1.17,274.58,-2.41,76.9,6.65,5.11,1.54,3.2,5.13,1263.29,0.41,0.27492182627797995,167.9
2015-04-06 04:30:00,8224200.0,996.74,1.31,274.73,-3.16,72.0,6.72,4.84,1.88,3.02,4.85,1262.76,1.49,1.0497015185159235,231.1
2015-04-06 04:40:00,8224800.0,996.74,2.07,275.49,-3.67,65.62,7.09,4.65,2.44,2.91,4.67,1259.35,2.37,1.1028114167741696,243.9
2015-04-06 04:50:00,8225400.0,996.72,2.33,275.74,-3.72,64.15,7.22,4.63,2.59,2.9,4.65,1258.18,2.43,1.1215560867476682,241.6
2015-04-06 05:00:00,8226000.0,996.81,2.29,275.71,-3.76,64.13,7.21,4.62,2.59,2.89,4.64,1258.44,2.23,1.0247086252179252,241.7
2015-04-06 05:10:00,8226600.0,996.89,2.17,275.57,-3.8,64.5,7.14,4.61,2.54,2.88,4.62,1259.12,2.32,0.9872192852709281,241.7
2015-04-06 05:20:00,8227200.0,997.0,2.08,275.47,-3.82,64.81,7.1,4.6,2.5,2.87,4.61,1259.68,1.98,0.974722838621929,242.9
2015-04-06 05:30:00,8227800.0,997.1,2.01,275.4,-3.78,65.3,7.06,4.61,2.45,2.88,4.63,1260.09,1.97,0.9122406053769334,241.3
2015-04-06 05:40:00,8228400.0,997.17,1.91,275.29,-3.72,66.11,7.01,4.64,2.38,2.9,4.65,1260.64,1.6,0.7872761388869426,240.0
2015-04-06 05:50:00,8229000.0,997.23,1.89,275.26,-3.7,66.33,7.0,4.64,2.36,2.9,4.66,1260.83,1.51,0.8497583721319381,252.1
2015-04-06 06:00:00,8229600.0,997.25,1.86,275.23,-3.66,66.66,6.99,4.66,2.33,2.91,4.67,1260.98,1.71,0.8122690321849408,236.9
2015-04-06 06:10:00,8230200.0,997.42,1.89,275.25,-3.59,66.88,7.0,4.68,2.32,2.93,4.7,1261.04,1.61,1.0778185234761715,216.8
2015-04-06 06:20:00,8230800.0,997.49,2.33,275.69,-3.39,65.75,7.23,4.75,2.48,2.97,4.76,1259.07,1.76,1.0715703001516719,231.1
2015-04-06 06:30:00,8231400.0,997.61,2.68,276.03,-3.32,64.47,7.41,4.78,2.63,2.98,4.79,1257.6,1.37,0.9247370520259326,213.8
2015-04-06 06:40:00,8232000.0,997.72,3.18,276.52,-3.02,63.68,7.68,4.89,2.79,3.05,4.9,1255.44,1.3,0.8497583721319381,169.7
2015-04-06 06:50:00,8232600.0,997.82,3.67,277.0,-2.75,62.72,7.95,4.99,2.96,3.11,5.0,1253.28,1.05,0.7622832455889444,157.2
2015-04-06 07:00:00,8233200.0,997.85,4.08,277.41,-2.87,60.39,8.18,4.94,3.24,3.09,4.95,1251.5,1.32,1.0122121785689262,199.7
2015-04-06 07:10:00,8233800.0,997.91,4.49,277.82,-3.16,57.39,8.42,4.83,3.59,3.02,4.84,1249.75,1.25,1.383981466376649,329.1
2015-04-06 07:20:00,8234400.0,997.99,4.42,277.74,-3.42,56.57,8.38,4.74,3.64,2.96,4.75,1250.23,1.56,1.415222582999147,352.2
2015-04-06 07:30:00,8235000.0,998.1,4.7,278.01,-3.47,55.24,8.55,4.72,3.83,2.95,4.73,1249.09,1.38,0.9622263919729299,39.89
2015-04-06 07:40:00,8235600.0,998.18,4.73,278.03,-3.72,54.14,8.56,4.64,3.93,2.89,4.65,1249.12,2.71,1.7901159824691195,21.99
2015-04-06 07:50:00,8236200.0,998.22,4.55,277.85,-3.71,54.87,8.46,4.64,3.82,2.9,4.65,1249.97,2.57,1.5401870494891376,22.11
2015-04-06 08:00:00,8236800.0,998.27,4.56,277.86,-3.56,55.43,8.46,4.69,3.77,2.93,4.7,1249.96,3.2,1.4527119229461443,22.03
2015-04-06 08:10:00,8237400.0,998.36,4.76,278.05,-3.38,55.41,8.58,4.75,3.83,2.97,4.76,1249.17,2.69,1.6651515159791286,17.96
2015-04-06 08:20:00,8238000.0,998.48,4.81,278.09,-3.24,55.78,8.61,4.81,3.81,3.0,4.81,1249.03,3.63,1.7651230891711214,18.89
2015-04-06 08:30:00,8238600.0,998.58,4.76,278.03,-3.04,56.84,8.58,4.88,3.7,3.04,4.89,1249.36,3.91,1.9650662355551067,10.55
2015-04-06 08:40:00,8239200.0,998.62,4.86,278.13,-2.93,56.91,8.64,4.92,3.72,3.07,4.93,1248.95,3.36,1.7651230891711214,20.98
2015-04-06 08:50:00,8239800.0,998.65,4.99,278.26,-2.9,56.51,8.72,4.93,3.79,3.08,4.94,1248.39,2.56,1.7526266425221224,20.93
2015-04-06 09:00:00,8240400.0,998.64,5.1,278.37,-2.78,56.62,8.79,4.98,3.81,3.11,4.98,1247.88,4.13,2.015052022151103,22.72
2015-04-06 09:10:00,8241000.0,998.71,5.11,278.37,-2.74,56.7,8.8,4.99,3.81,3.11,4.99,1247.9,3.74,2.1900022752370902,16.84
2015-04-06 09:20:00,8241600.0,998.73,5.24,278.5,-2.47,57.37,8.88,5.09,3.78,3.18,5.1,1247.3,4.39,2.414938314919074,23.77
2015-04-06 09:30:00,8242200.0,998.73,4.97,278.23,-2.54,58.15,8.71,5.07,3.65,3.16,5.07,1248.51,4.09,2.0400449154491014,22.15
2015-04-06 09:40:00,8242800.0,998.72,5.08,278.34,-2.93,56.04,8.78,4.92,3.86,3.07,4.93,1248.08,4.02,2.1587611586145927,23.39
2015-04-06 09:50:00,8243400.0,998.83,5.1,278.35,-3.4,54.05,8.79,4.75,4.04,2.96,4.76,1248.23,3.88,2.0525413620981006,12.87
2015-04-06 10:00:00,8244000.0,998.8,5.62,278.88,-2.5,55.7,9.12,5.08,4.04,3.17,5.08,1245.67,5.11,2.427434761568073,22.63
2015-04-06 10:10:00,8244600.0,998.95,5.36,278.6,-2.34,57.43,8.95,5.14,3.81,3.21,5.15,1247.01,4.94,2.371200751647577,15.27
2015-04-06 10:20:00,8245200.0,999.09,5.09,278.32,-2.48,57.92,8.78,5.09,3.7,3.17,5.09,1248.44,4.35,2.1587611586145927,16.79
2015-04-06 10:30:00,8245800.0,999.19,4.9,278.12,-2.23,59.82,8.67,5.18,3.48,3.23,5.19,1249.38,4.4,2.3274631883760803,20.97
2015-04-06 10:40:00,8246400.0,999.33,4.73,277.94,-1.84,62.32,8.56,5.34,3.23,3.33,5.34,1250.23,3.81,2.2149951685350886,27.07
2015-04-06 10:50:00,8247000.0,999.36,4.73,277.94,-1.77,62.62,8.56,5.36,3.2,3.34,5.37,1250.27,3.46,1.6089175060586327,27.32
2015-04-06 11:00:00,8247600.0,999.3,5.09,278.31,-1.68,61.47,8.78,5.4,3.38,3.37,5.4,1248.53,2.86,1.415222582999147,23.75
2015-04-06 11:10:00,8248200.0,999.29,5.3,278.52,-1.48,61.45,8.91,5.48,3.44,3.42,5.48,1247.55,3.39,1.7776195358201206,40.31
2015-04-06 11:20:00,8248800.0,999.59,4.3,277.49,-0.87,68.98,8.31,5.73,2.58,3.57,5.73,1252.31,7.06,3.0897464339650247,23.62
2015-04-06 11:30:00,8249400.0,999.88,2.62,275.79,-0.05,82.5,7.38,6.09,1.29,3.8,6.09,1260.12,4.65,2.6898601411970535,42.16
2015-04-06 11:40:00,8250000.0,999.98,2.61,275.77,0.72,87.3,7.37,6.44,0.94,4.01,6.44,1260.14,2.97,1.327747456456153,46.55
2015-04-06 11:50:00,8250600.0,999.95,3.45,276.62,1.29,85.7,7.83,6.71,1.12,4.18,6.71,1256.12,2.17,1.124680198409918,55.75
2015-04-06 12:00:00,8251200.0,1000.0,4.0,277.16,0.85,79.8,8.14,6.5,1.64,4.05,6.5,1253.78,1.84,0.8560065954564376,22.62
2015-04-06 12:10:00,8251800.0,999.94,4.87,278.04,0.44,72.9,8.65,6.31,2.34,3.93,6.31,1249.88,2.42,1.3214992331316537,39.4
2015-04-06 12:20:00,8252400.0,999.99,5.53,278.69,-2.0,58.23,9.06,5.27,3.78,3.29,5.27,1247.49,5.3,2.7460941511175494,26.64
2015-04-06 12:30:00,8253000.0,999.99,5.86,279.02,-3.85,49.54,9.27,4.59,4.68,2.86,4.59,1246.33,6.8,3.2022144538060164,30.55
2015-04-06 12:40:00,8253600.0,1000.08,6.51,279.66,-4.53,44.97,9.7,4.36,5.34,2.72,4.36,1243.66,5.05,2.796079937713546,35.1
2015-04-06 12:50:00,8254200.0,1000.22,6.71,279.85,-3.88,46.62,9.83,4.58,5.25,2.85,4.58,1242.86,5.03,2.6961083645215536,20.54
2015-04-06 13:00:00,8254800.0,1000.2,6.53,279.68,-4.27,45.81,9.71,4.45,5.26,2.77,4.45,1243.67,5.6,3.1584768905345197,35.39
2015-04-06 13:10:00,8255400.0,1000.16,6.65,279.79,-3.38,48.6,9.79,4.76,5.03,2.96,4.76,1242.96,5.27,2.539902781409065,29.86
2015-04-06 13:20:00,8256000.0,1000.24,6.7,279.84,-4.21,45.5,9.82,4.47,5.35,2.78,4.47,1242.99,4.63,2.402441868270075,33.45
2015-04-06 13:30:00,8256600.0,1000.27,7.02,280.16,-4.17,44.64,10.04,4.48,5.56,2.79,4.48,1241.58,4.27,1.8775911090121131,35.52
2015-04-06 13:40:00,8257200.0,1000.38,6.66,279.79,-4.12,45.91,9.8,4.5,5.3,2.8,4.5,1243.3,5.34,2.6898601411970535,25.59
2015-04-06 13:50:00,8257800.0,1000.41,6.54,279.67,-4.12,46.29,9.72,4.5,5.22,2.8,4.5,1243.85,5.67,2.839817500985043,35.75
2015-04-06 14:00:00,8258400.0,1000.42,6.68,279.81,-3.9,46.64,9.81,4.57,5.23,2.85,4.57,1243.23,5.14,2.539902781409065,27.18
2015-04-06 14:10:00,8259000.0,1000.42,6.67,279.8,-3.7,47.37,9.8,4.64,5.16,2.89,4.64,1243.24,5.02,2.3524560816740787,28.77
2015-04-06 14:20:00,8259600.0,1000.4,7.23,280.36,-3.73,45.49,10.19,4.63,5.55,2.89,4.63,1240.74,5.09,2.5274063347600655,27.96
2015-04-06 14:30:00,8260200.0,1000.47,7.29,280.41,-3.76,45.17,10.23,4.62,5.61,2.88,4.62,1240.56,5.54,3.0397606473690284,31.29
2015-04-06 14:40:00,8260800.0,1000.56,7.22,280.33,-3.46,46.45,10.18,4.73,5.45,2.94,4.73,1240.94,5.64,2.60238501465406,31.93
2015-04-06 14:50:00,8261400.0,1000.54,7.48,280.6,-3.3,46.18,10.36,4.79,5.58,2.98,4.78,1239.74,5.11,2.3774489749720766,42.42
2015-04-06 15:00:00,8262000.0,1000.62,7.29,280.4,-3.36,46.57,10.23,4.76,5.47,2.97,4.76,1240.68,5.76,2.4899169948130684,32.7
2015-04-06 15:10:00,8262600.0,1000.72,7.02,280.12,-3.52,46.88,10.04,4.71,5.33,2.93,4.7,1242.03,6.31,2.727349481144051,23.48
2015-04-06 15:20:00,8263200.0,1000.76,7.25,280.35,-3.67,45.6,10.2,4.65,5.55,2.9,4.65,1241.09,4.29,2.302470295078082,32.98
2015-04-06 15:30:00,8263800.0,1000.77,7.85,280.95,-3.12,45.62,10.63,4.85,5.78,3.02,4.85,1238.36,5.31,2.88355506425654,30.23
2015-04-06 15:40:00,8264400.0,1000.96,7.59,280.67,-2.79,47.59,10.44,4.97,5.47,3.09,4.96,1239.68,5.76,2.6898601411970535,26.19
2015-04-06 15:50:00,8265000.0,1001.12,7.45,280.52,-3.0,47.31,10.34,4.89,5.45,3.05,4.89,1240.53,3.65,1.8338535457406164,13.98
2015-04-06 16:00:00,8265600.0,1001.14,7.67,280.74,-3.19,45.96,10.5,4.83,5.67,3.0,4.82,1239.62,4.33,1.9650662355551067,27.88
2015-04-06 16:10:00,8266200.0,1001.17,7.9,280.97,-3.29,44.9,10.67,4.79,5.88,2.98,4.78,1238.66,5.24,2.477420548164069,24.51
2015-04-06 16:20:00,8266800.0,1001.34,7.47,280.52,-3.21,46.52,10.36,4.82,5.54,3.0,4.81,1240.75,5.61,2.827321054336044,20.34
2015-04-06 16:30:00,8267400.0,1001.41,7.38,280.43,-3.31,46.46,10.29,4.78,5.51,2.98,4.78,1241.25,4.86,2.7523423744420494,29.04
2015-04-06 16:40:00,8268000.0,1001.36,7.45,280.5,-3.92,44.16,10.34,4.57,5.78,2.84,4.56,1240.99,6.55,3.2397037937530135,23.34
2015-04-06 16:50:00,8268600.0,1001.46,7.36,280.4,-3.56,45.64,10.28,4.69,5.59,2.92,4.68,1241.45,6.34,3.127235773912022,25.0
2015-04-06 17:00:00,8269200.0,1001.59,7.22,280.25,-3.44,46.5,10.18,4.73,5.45,2.95,4.73,1242.21,5.14,2.264980955131085,22.85
2015-04-06 17:10:00,8269800.0,1001.69,7.26,280.28,-3.26,47.01,10.21,4.8,5.41,2.99,4.79,1242.13,5.1,2.19625049856159,30.24
2015-04-06 17:20:00,8270400.0,1001.88,7.37,280.38,-2.96,47.73,10.29,4.91,5.38,3.05,4.9,1241.83,4.21,1.8338535457406164,22.54
2015-04-06 17:30:00,8271000.0,1001.93,7.47,280.48,-3.04,47.1,10.36,4.88,5.48,3.03,4.87,1241.46,3.97,2.2524845084820857,23.97
2015-04-06 17:40:00,8271600.0,1002.06,7.46,280.45,-3.61,45.17,10.35,4.67,5.67,2.91,4.67,1241.77,5.52,2.2149951685350886,31.56
2015-04-06 17:50:00,8272200.0,1002.13,7.2,280.19,-3.2,47.43,10.17,4.82,5.34,3.0,4.81,1242.93,4.75,2.389945421621076,20.31
2015-04-06 18:00:00,8272800.0,1002.24,7.19,280.17,-3.15,47.62,10.16,4.84,5.32,3.01,4.83,1243.1,3.49,1.7713713124956207,20.3
2015-04-06 18:10:00,8273400.0,1002.38,7.08,280.05,-3.25,47.65,10.08,4.8,5.28,2.99,4.79,1243.78,3.99,2.3274631883760803,20.45
2015-04-06 18:20:00,8274000.0,1002.56,7.1,280.06,-3.25,47.55,10.1,4.8,5.3,2.98,4.79,1243.92,4.0,2.2149951685350886,17.3
2015-04-06 18:30:00,8274600.0,1002.75,7.06,280.0,-3.22,47.8,10.07,4.81,5.26,2.99,4.8,1244.32,5.24,2.539902781409065,19.91
2015-04-06 18:40:00,8275200.0,1002.94,6.98,279.91,-3.28,47.86,10.02,4.79,5.22,2.98,4.78,1244.91,4.74,2.177505828588091,23.45
2015-04-06 18:50:00,8275800.0,1003.14,6.84,279.75,-3.23,48.49,9.92,4.81,5.11,2.99,4.79,1245.81,3.79,1.702640855926126,20.9
2015-04-06 19:00:00,8276400.0,1003.33,6.63,279.53,-3.1,49.68,9.78,4.86,4.92,3.02,4.84,1246.93,3.09,1.6464068460056298,19.33
2015-04-06 19:10:00,8277000.0,1003.49,6.44,279.32,-3.19,50.02,9.65,4.82,4.82,3.0,4.81,1248.01,2.89,1.7463784191976226,18.71
2015-04-06 19:20:00,8277600.0,1003.65,6.31,279.17,-3.27,50.17,9.56,4.8,4.76,2.98,4.78,1248.82,2.95,1.6651515159791286,19.43
2015-04-06 19:30:00,8278200.0,1003.88,6.18,279.03,-3.27,50.61,9.48,4.8,4.68,2.98,4.78,1249.67,2.99,1.4652083695951432,17.97
2015-04-06 19:40:00,8278800.0,1004.04,6.08,278.92,-3.35,50.65,9.41,4.77,4.64,2.96,4.75,1250.31,3.03,1.4027261363501478,19.46
2015-04-06 19:50:00,8279400.0,1004.23,6.01,278.84,-3.4,50.71,9.37,4.75,4.62,2.95,4.73,1250.87,3.11,1.6026692827341331,20.29
2015-04-06 20:00:00,8280000.0,1004.39,5.96,278.77,-3.36,51.05,9.33,4.76,4.57,2.96,4.74,1251.29,2.93,1.3152510098071541,18.65
2015-04-06 20:10:00,8280600.0,1004.48,5.87,278.67,-3.27,51.72,9.27,4.8,4.48,2.98,4.77,1251.81,2.91,1.327747456456153,18.1
2015-04-06 20:20:00,8281200.0,1004.6,5.8,278.59,-3.22,52.15,9.23,4.81,4.42,2.98,4.79,1252.27,2.56,1.140300756721167,20.79
2015-04-06 20:30:00,8281800.0,1004.75,5.81,278.59,-3.27,51.92,9.23,4.79,4.44,2.97,4.77,1252.42,2.89,1.3402439031051523,29.53
2015-04-06 20:40:00,8282400.0,1004.85,5.78,278.55,-3.27,52.04,9.21,4.79,4.42,2.97,4.77,1252.69,2.96,1.2152794366151614,21.53
2015-04-06 20:50:00,8283000.0,1004.89,5.6,278.37,-3.23,52.84,9.1,4.81,4.29,2.98,4.79,1253.52,2.46,1.2277758832641605,23.3
2015-04-06 21:00:00,8283600.0,1005.0,5.46,278.23,-3.16,53.65,9.02,4.84,4.18,3.0,4.81,1254.26,1.96,0.8122690321849408,17.71
2015-04-06 21:10:00,8284200.0,1005.17,5.4,278.15,-3.09,54.15,8.97,4.86,4.11,3.01,4.83,1254.76,1.6,0.6498152257479527,25.04
2015-04-06 21:20:00,8284800.0,1005.33,5.34,278.07,-3.0,54.77,8.94,4.89,4.04,3.03,4.87,1255.21,1.44,0.6060776624764558,22.8
2015-04-06 21:30:00,8285400.0,1005.48,5.31,278.03,-2.9,55.27,8.92,4.93,3.99,3.05,4.9,1255.53,1.48,0.712297458992948,17.66
2015-04-06 21:40:00,8286000.0,1005.57,5.27,277.98,-2.86,55.61,8.89,4.94,3.95,3.06,4.92,1255.82,1.04,0.562340099204959,14.17
2015-04-06 21:50:00,8286600.0,1005.71,5.23,277.93,-2.76,56.17,8.87,4.98,3.89,3.09,4.95,1256.15,0.47,0.44987207936396717,31.67
2015-04-06 22:00:00,8287200.0,1005.81,5.25,277.95,-2.71,56.3,8.89,5.0,3.88,3.1,4.97,1256.14,0.5,0.34990050617197455,20.02
2015-04-06 22:10:00,8287800.0,1005.93,5.22,277.91,-2.7,56.43,8.87,5.0,3.86,3.1,4.97,1256.43,0.28,0.21243959303298451,354.1
2015-04-06 22:20:00,8288400.0,1006.06,5.15,277.83,-2.74,56.57,8.82,4.99,3.83,3.09,4.96,1256.91,1.02,0.5123543126089626,352.3
2015-04-06 22:30:00,8289000.0,1006.14,5.15,277.82,-2.64,56.98,8.82,5.03,3.79,3.11,4.99,1257.02,0.83,0.49985786595996357,10.64
2015-04-06 22:40:00,8289600.0,1006.23,5.02,277.69,-2.64,57.53,8.74,5.03,3.71,3.11,5.0,1257.71,1.05,0.5061060892844631,11.83
2015-04-06 22:50:00,8290200.0,1006.32,4.94,277.6,-2.62,57.93,8.69,5.04,3.66,3.12,5.0,1258.18,0.82,0.41238273941696996,1.48
2015-04-06 23:00:00,8290800.0,1006.39,4.88,277.53,-2.59,58.32,8.65,5.05,3.61,3.12,5.01,1258.55,0.74,0.32490761287397635,359.3
2015-04-06 23:10:00,8291400.0,1006.43,4.82,277.47,-2.62,58.42,8.62,5.04,3.58,3.12,5.0,1258.85,0.92,0.47486497266196537,355.5
2015-04-06 23:20:00,8292000.0,1006.48,4.6,277.25,-2.57,59.53,8.49,5.05,3.43,3.13,5.02,1259.92,0.57,0.42487918606596903,18.57
2015-04-06 23:30:00,8292600.0,1006.58,4.53,277.17,-2.56,59.88,8.44,5.06,3.39,3.13,5.02,1260.37,0.86,0.49985786595996357,0.4
2015-04-06 23:40:00,8293200.0,1006.63,4.2,276.84,-2.66,60.82,8.25,5.02,3.23,3.11,4.99,1261.92,0.59,0.34990050617197455,236.8
2015-04-06 23:50:00,8293800.0,1006.77,4.19,276.81,-2.61,61.12,8.25,5.04,3.21,3.12,5.01,1262.15,0.82,0.36239695282097356,13.95
2015-04-07 00:00:00,8294400.0,1006.88,4.06,276.68,-2.53,62.0,8.17,5.07,3.11,3.14,5.03,1262.85,0.5,0.36239695282097356,8.51
2015-04-07 00:10:00,8295000.0,1006.9,3.47,276.08,-2.42,65.21,7.84,5.11,2.73,3.16,5.08,1265.57,0.67,0.2874182729269791,70.3
2015-04-07 00:20:00,8295600.0,1006.88,2.9,275.52,-2.1,69.54,7.53,5.23,2.29,3.24,5.2,1268.09,0.65,0.2874182729269791,99.7
2015-04-07 00:30:00,8296200.0,1006.96,2.57,275.19,-2.3,70.1,7.35,5.15,2.2,3.19,5.12,1269.74,0.52,0.2624253796289809,60.92
2015-04-07 00:40:00,8296800.0,1007.02,2.46,275.06,-2.38,70.3,7.29,5.13,2.17,3.17,5.09,1270.36,0.44,0.24992893297998178,17.01
2015-04-07 00:50:00,8297400.0,1007.09,2.36,274.96,-2.51,70.1,7.24,5.08,2.17,3.14,5.04,1270.92,0.5,0.36239695282097356,261.5
2015-04-07 01:00:00,8298000.0,1007.1,2.3,274.9,-2.62,69.83,7.21,5.04,2.18,3.12,5.0,1271.22,0.23,0.19994314638398542,6.15
2015-04-07 01:10:00,8298600.0,1007.15,1.93,274.53,-2.6,71.8,7.02,5.04,1.98,3.12,5.01,1272.99,0.52,0.24992893297998178,4.19
2015-04-07 01:20:00,8299200.0,1007.18,1.65,274.24,-2.84,72.0,6.88,4.95,1.93,3.07,4.92,1274.39,0.52,0.37489339946997263,253.5
2015-04-07 01:30:00,8299800.0,1007.18,1.54,274.14,-2.91,72.1,6.83,4.93,1.91,3.05,4.89,1274.88,0.94,0.6998010123439491,255.6
2015-04-07 01:40:00,8300400.0,1007.23,1.32,273.91,-3.02,72.7,6.72,4.89,1.83,3.02,4.85,1276.01,1.7,0.8997441587279343,247.3
2015-04-07 01:50:00,8301000.0,1007.31,1.39,273.98,-2.97,72.6,6.75,4.9,1.85,3.03,4.87,1275.78,1.0,0.6873045656949499,256.3
2015-04-07 02:00:00,8301600.0,1007.35,1.08,273.67,-3.05,73.8,6.61,4.88,1.73,3.02,4.84,1277.27,0.33,0.2624253796289809,73.9
2015-04-07 02:10:00,8302200.0,1007.43,0.74,273.32,-3.01,75.9,6.44,4.89,1.55,3.02,4.85,1278.98,0.37,0.22493603968198359,342.9
2015-04-07 02:20:00,8302800.0,1007.43,0.78,273.36,-3.04,75.5,6.46,4.88,1.58,3.02,4.84,1278.78,0.68,0.5498436525559599,228.3
2015-04-07 02:30:00,8303400.0,1007.45,0.61,273.19,-3.17,75.7,6.38,4.83,1.55,2.99,4.8,1279.62,1.17,0.5123543126089626,236.7
2015-04-07 02:40:00,8304000.0,1007.43,0.39,272.97,-3.24,76.5,6.28,4.81,1.48,2.97,4.77,1280.65,1.33,0.8247654788339399,232.7
2015-04-07 02:50:00,8304600.0,1007.45,0.32,272.9,-3.18,77.2,6.25,4.83,1.43,2.99,4.79,1280.96,1.68,0.7997725855359417,226.2
2015-04-07 03:00:00,8305200.0,1007.43,0.3,272.88,-3.22,77.1,6.24,4.81,1.43,2.98,4.78,1281.04,1.75,0.7372903522909462,225.1
2015-04-07 03:10:00,8305800.0,1007.47,0.1,272.68,-3.23,78.2,6.15,4.81,1.34,2.98,4.77,1282.05,1.17,0.5873329925029571,216.9
2015-04-07 03:20:00,8306400.0,1007.55,-0.14,272.43,-3.32,79.0,6.05,4.78,1.27,2.95,4.74,1283.28,0.77,0.34990050617197455,209.4
2015-04-07 03:30:00,8307000.0,1007.57,-0.31,272.26,-3.41,79.5,5.97,4.75,1.22,2.94,4.71,1284.12,0.73,0.4061345160924704,227.2
2015-04-07 03:40:00,8307600.0,1007.64,-0.5,272.07,-3.47,80.2,5.89,4.72,1.17,2.92,4.69,1285.12,0.91,0.7872761388869426,216.2
2015-04-07 03:50:00,8308200.0,1007.67,-0.63,271.93,-3.46,81.1,5.83,4.73,1.1,2.92,4.69,1285.78,1.9,0.7747796922379435,224.1
2015-04-07 04:00:00,8308800.0,1007.64,-0.83,271.73,-3.42,82.5,5.75,4.74,1.01,2.93,4.7,1286.69,1.22,0.5123543126089626,218.1
2015-04-07 04:10:00,8309400.0,1007.67,-0.87,271.69,-3.37,83.1,5.73,4.76,0.97,2.94,4.73,1286.9,1.05,0.44987207936396717,223.4
2015-04-07 04:20:00,8310000.0,1007.72,-0.97,271.6,-3.43,83.3,5.69,4.74,0.95,2.93,4.7,1287.42,0.69,0.41238273941696996,204.3
2015-04-07 04:30:00,8310600.0,1007.78,-1.22,271.34,-3.66,83.4,5.59,4.66,0.93,2.88,4.62,1288.73,0.54,0.24992893297998178,210.4
2015-04-07 04:40:00,8311200.0,1007.8,-1.34,271.22,-3.61,84.4,5.54,4.67,0.86,2.89,4.64,1289.3,1.09,0.42487918606596903,217.1
2015-04-07 04:50:00,8311800.0,1007.8,-1.39,271.17,-3.6,84.8,5.52,4.68,0.84,2.89,4.64,1289.55,0.92,0.3811416227944722,207.3
2015-04-07 05:00:00,8312400.0,1007.91,-1.56,270.99,-3.69,85.3,5.45,4.65,0.8,2.87,4.61,1290.49,0.8,0.32490761287397635,210.3
2015-04-07 05:10:00,8313000.0,1007.94,-1.59,270.96,-3.77,85.0,5.44,4.62,0.82,2.86,4.58,1290.71,0.76,0.3124111662249772,206.3
2015-04-07 05:20:00,8313600.0,1007.94,-1.78,270.76,-3.88,85.5,5.36,4.58,0.78,2.83,4.54,1291.65,0.99,0.49985786595996357,200.8
2015-04-07 05:30:00,8314200.0,1008.05,-1.95,270.59,-3.88,86.5,5.29,4.58,0.71,2.83,4.54,1292.56,1.16,0.5248507592579618,196.9
2015-04-07 05:40:00,8314800.0,1008.13,-1.89,270.64,-3.75,87.0,5.32,4.62,0.69,2.86,4.59,1292.38,0.29,0.21243959303298451,167.1
2015-04-07 05:50:00,8315400.0,1008.18,-1.97,270.56,-3.92,86.4,5.28,4.57,0.72,2.82,4.53,1292.85,0.66,0.32490761287397635,169.2
2015-04-07 06:00:00,8316000.0,1008.29,-2.08,270.44,-3.92,87.1,5.24,4.57,0.68,2.82,4.53,1293.5,0.86,0.3811416227944722,224.8
2015-04-07 06:10:00,8316600.0,1008.45,-1.97,270.54,-3.81,87.1,5.29,4.6,0.68,2.84,4.57,1293.16,0.93,0.38738984611897176,224.5
2015-04-07 06:20:00,8317200.0,1008.62,-1.62,270.87,-3.58,86.4,5.42,4.68,0.74,2.89,4.64,1291.71,0.84,0.3686451761454731,203.4
2015-04-07 06:30:00,8317800.0,1008.72,-1.12,271.36,-3.34,84.8,5.63,4.77,0.86,2.95,4.73,1289.42,0.85,0.41238273941696996,192.9
2015-04-07 06:40:00,8318400.0,1008.84,-0.71,271.76,-3.16,83.4,5.8,4.83,0.96,2.99,4.79,1287.6,0.6,0.34990050617197455,161.1
2015-04-07 06:50:00,8319000.0,1008.91,-0.41,272.06,-3.18,81.4,5.93,4.83,1.1,2.98,4.78,1286.25,1.09,0.5248507592579618,149.0
2015-04-07 07:00:00,8319600.0,1008.91,-0.31,272.16,-3.07,81.5,5.97,4.87,1.1,3.01,4.82,1285.77,0.78,0.44987207936396717,175.9
2015-04-07 07:10:00,8320200.0,1008.9,0.03,272.5,-2.92,80.4,6.12,4.92,1.2,3.04,4.88,1284.13,1.13,0.5373472059069608,175.7
2015-04-07 07:20:00,8320800.0,1008.81,0.48,272.95,-2.69,79.2,6.32,5.01,1.32,3.09,4.97,1281.87,0.99,0.6248223324499544,173.0
2015-04-07 07:30:00,8321400.0,1008.9,0.98,273.45,-2.65,76.6,6.56,5.02,1.53,3.1,4.98,1279.63,0.99,0.47486497266196537,182.9
2015-04-07 07:40:00,8322000.0,1008.96,1.26,273.72,-2.52,75.8,6.69,5.07,1.62,3.13,5.03,1278.37,1.29,0.6748081190459508,172.1
2015-04-07 07:50:00,8322600.0,1008.9,1.7,274.16,-2.44,73.9,6.91,5.1,1.8,3.15,5.06,1276.26,1.47,0.6373187790989535,160.8
2015-04-07 08:00:00,8323200.0,1009.01,2.16,274.61,-2.23,72.6,7.14,5.18,1.96,3.2,5.14,1274.22,1.26,0.6373187790989535,153.0
2015-04-07 08:10:00,8323800.0,1009.05,2.53,274.98,-2.14,71.2,7.33,5.22,2.11,3.22,5.17,1272.54,1.48,0.7372903522909462,162.6
2015-04-07 08:20:00,8324400.0,1009.06,2.96,275.41,-1.86,70.5,7.56,5.33,2.23,3.29,5.28,1270.52,1.13,0.6560634490724522,167.4
2015-04-07 08:30:00,8325000.0,1009.04,3.26,275.71,-1.82,69.19,7.72,5.34,2.38,3.3,5.29,1269.13,1.31,0.6873045656949499,144.1
2015-04-07 08:40:00,8325600.0,1009.02,3.5,275.95,-1.72,68.55,7.85,5.38,2.47,3.33,5.34,1267.97,1.04,0.5748365458539582,159.9
2015-04-07 08:50:00,8326200.0,1008.91,4.11,276.57,-1.42,67.13,8.2,5.51,2.7,3.4,5.46,1264.97,1.32,0.712297458992948,158.0
2015-04-07 09:00:00,8326800.0,1008.85,4.5,276.96,-1.3,65.92,8.43,5.55,2.87,3.43,5.51,1263.12,1.4,0.6998010123439491,147.4
2015-04-07 09:10:00,8327400.0,1008.81,4.89,277.35,-1.1,65.04,8.66,5.63,3.03,3.48,5.58,1261.25,1.49,0.7685314689134439,164.5
2015-04-07 09:20:00,8328000.0,1008.78,5.32,277.79,-0.9,64.05,8.93,5.72,3.21,3.53,5.67,1259.21,1.27,0.7872761388869426,169.4
2015-04-07 09:30:00,8328600.0,1008.71,6.21,278.67,-0.8,60.69,9.49,5.76,3.73,3.56,5.71,1255.11,1.27,0.837261925482939,159.2
2015-04-07 09:40:00,8329200.0,1008.59,7.21,279.69,-1.21,54.93,10.17,5.59,4.59,3.45,5.54,1250.55,2.0,1.427719029648146,233.6
2015-04-07 09:50:00,8329800.0,1008.54,7.77,280.25,-1.37,52.26,10.57,5.52,5.05,3.41,5.48,1248.03,2.16,1.427719029648146,257.7
2015-04-07 10:00:00,8330400.0,1008.53,8.01,280.49,-1.2,52.07,10.75,5.6,5.15,3.46,5.55,1246.92,2.08,1.427719029648146,235.7
2015-04-07 10:10:00,8331000.0,1008.47,8.15,280.63,-1.52,50.35,10.85,5.46,5.39,3.38,5.42,1246.28,2.25,1.427719029648146,298.2
2015-04-07 10:20:00,8331600.0,1008.42,7.89,280.38,-1.5,51.33,10.66,5.47,5.19,3.38,5.43,1247.37,2.29,1.427719029648146,294.7
2015-04-07 10:30:00,8332200.0,1008.4,7.94,280.43,-1.49,51.19,10.69,5.47,5.22,3.38,5.43,1247.12,2.09,1.387105578038899,286.4
2015-04-07 10:40:00,8332800.0,1008.26,8.44,280.94,-1.26,50.34,11.06,5.57,5.49,3.44,5.52,1244.69,1.9,1.274637558197907,260.2
2015-04-07 10:50:00,8333400.0,1008.25,8.47,280.97,-1.52,49.26,11.09,5.46,5.63,3.38,5.42,1244.6,3.16,1.671399739303628,256.8
2015-04-07 11:00:00,8334000.0,1008.34,8.6,281.09,-1.41,49.24,11.19,5.51,5.68,3.4,5.46,1244.11,2.27,1.3121268981449044,305.7
2015-04-07 11:10:00,8334600.0,1008.2,9.0,281.5,-1.05,49.21,11.49,5.66,5.84,3.5,5.61,1242.11,1.74,1.3996020246878982,224.3
2015-04-07 11:20:00,8335200.0,1008.03,9.24,281.75,-1.29,47.56,11.68,5.56,6.13,3.44,5.51,1240.89,2.66,1.9900591288531049,246.0
2015-04-07 11:30:00,8335800.0,1007.96,9.16,281.68,-1.69,46.45,11.62,5.4,6.22,3.34,5.35,1241.23,2.9,1.715137302575125,268.5
2015-04-07 11:40:00,8336400.0,1007.83,9.28,281.81,-1.49,46.76,11.71,5.48,6.24,3.39,5.43,1240.5,2.28,1.5276906028401385,258.0
2015-04-07 11:50:00,8337000.0,1007.71,9.64,282.18,-1.55,45.43,12.0,5.45,6.55,3.37,5.41,1238.79,3.45,1.7651230891711214,256.8
2015-04-07 12:00:00,8337600.0,1007.61,9.79,282.34,-1.37,45.58,12.12,5.53,6.6,3.42,5.48,1237.97,2.85,1.8401017690651158,222.1
2015-04-07 12:10:00,8338200.0,1007.48,9.94,282.5,-1.46,44.81,12.24,5.49,6.76,3.39,5.45,1237.17,2.79,1.6776479626281278,237.8
2015-04-07 12:20:00,8338800.0,1007.36,10.13,282.7,-1.63,43.68,12.4,5.42,6.98,3.35,5.38,1236.23,1.98,1.6276621760321313,260.7
2015-04-07 12:30:00,8339400.0,1007.18,10.51,283.09,-1.6,42.68,12.72,5.43,7.29,3.36,5.39,1234.35,2.37,1.6276621760321313,261.6
2015-04-07 12:40:00,8340000.0,1007.08,10.56,283.15,-1.59,42.59,12.76,5.44,7.33,3.36,5.4,1234.0,2.56,1.440215476297145,269.4
2015-04-07 12:50:00,8340600.0,1007.02,10.56,283.15,-1.53,42.76,12.76,5.46,7.31,3.38,5.42,1233.92,2.78,1.702640855926126,277.2
2015-04-07 13:00:00,8341200.0,1006.93,10.7,283.3,-1.85,41.39,12.88,5.33,7.55,3.3,5.3,1233.26,2.85,1.727633749224124,272.8
2015-04-07 13:10:00,8341800.0,1006.78,10.9,283.51,-1.91,40.65,13.06,5.31,7.75,3.29,5.27,1232.22,2.35,1.3496162380919017,320.3
2015-04-07 13:20:00,8342400.0,1006.77,11.21,283.82,-2.15,39.13,13.33,5.22,8.11,3.23,5.18,1230.91,2.45,1.427719029648146,333.1
2015-04-07 13:30:00,8343000.0,1006.71,11.04,283.66,-2.04,39.88,13.18,5.26,7.92,3.25,5.22,1231.54,2.54,1.3996020246878982,273.1
2015-04-07 13:40:00,8343600.0,1006.53,11.3,283.93,-1.77,40.0,13.41,5.36,8.04,3.32,5.33,1230.15,2.27,1.6151657293831323,288.3
2015-04-07 13:50:00,8344200.0,1006.34,11.57,284.22,-1.14,41.16,13.65,5.62,8.03,3.48,5.58,1228.64,1.88,1.3121268981449044,251.0
2015-04-07 14:00:00,8344800.0,1006.23,11.67,284.32,-1.61,39.49,13.74,5.43,8.31,3.36,5.39,1228.15,2.36,1.4902012628931411,307.3
2015-04-07 14:10:00,8345400.0,1006.07,11.46,284.13,-1.9,39.19,13.55,5.31,8.24,3.29,5.28,1228.92,1.85,1.577676389436135,274.5
2015-04-07 14:20:00,8346000.0,1005.95,11.81,284.49,-1.27,40.12,13.87,5.56,8.3,3.45,5.53,1227.15,2.17,1.3996020246878982,239.7
2015-04-07 14:30:00,8346600.0,1005.88,11.84,284.52,-1.69,38.81,13.9,5.39,8.5,3.34,5.36,1227.02,2.27,1.671399739303628,267.5
2015-04-07 14:40:00,8347200.0,1005.78,12.04,284.73,-1.77,38.08,14.08,5.36,8.72,3.32,5.33,1226.04,3.45,1.8525982157141148,264.7
2015-04-07 14:50:00,8347800.0,1005.72,12.33,285.02,-1.99,36.77,14.35,5.28,9.08,3.27,5.25,1224.76,1.52,1.3121268981449044,279.8
2015-04-07 15:00:00,8348400.0,1005.61,12.25,284.95,-2.56,35.43,14.28,5.06,9.22,3.13,5.03,1225.08,2.29,1.633910399356631,268.2
2015-04-07 15:10:00,8349000.0,1005.5,12.11,284.82,-2.37,36.26,14.15,5.13,9.02,3.18,5.1,1225.51,1.89,1.387105578038899,268.0
2015-04-07 15:20:00,8349600.0,1005.41,11.92,284.64,-2.2,37.18,13.97,5.19,8.78,3.22,5.17,1226.19,2.35,1.6651515159791286,249.4
2015-04-07 15:30:00,8350200.0,1005.27,12.45,285.18,-2.28,35.7,14.47,5.16,9.3,3.2,5.14,1223.75,2.97,1.590172836085134,261.2
2015-04-07 15:40:00,8350800.0,1005.22,12.27,285.01,-2.55,35.4,14.3,5.06,9.24,3.14,5.03,1224.52,3.36,1.9838109055286053,281.7
2015-04-07 15:50:00,8351400.0,1005.09,12.24,284.99,-2.25,36.28,14.27,5.18,9.09,3.21,5.15,1224.43,2.27,1.6651515159791286,307.9
2015-04-07 16:00:00,8352000.0,1004.96,12.43,285.19,-2.31,35.66,14.45,5.15,9.3,3.19,5.13,1223.47,2.29,2.1587611586145927,292.7
2015-04-07 16:10:00,8352600.0,1004.84,12.48,285.25,-2.87,34.08,14.5,4.94,9.56,3.06,4.92,1223.21,1.64,1.4745807045818924,284.5
2015-04-07 16:20:00,8353200.0,1004.78,12.6,285.37,-2.73,34.18,14.61,4.99,9.62,3.1,4.97,1222.59,1.76,0.9809710619464285,258.1
2015-04-07 16:30:00,8353800.0,1004.69,12.45,285.23,-2.76,34.45,14.47,4.98,9.48,3.09,4.96,1223.13,1.36,1.0746944118139217,319.2
2015-04-07 16:40:00,8354400.0,1004.61,12.39,285.17,-2.82,34.41,14.41,4.96,9.45,3.08,4.94,1223.3,1.64,1.468332481257393,292.9
2015-04-07 16:50:00,8355000.0,1004.57,12.22,285.01,-2.68,35.17,14.25,5.01,9.24,3.11,4.99,1223.96,2.01,1.9400733422571086,287.3
2015-04-07 17:00:00,8355600.0,1004.52,12.05,284.84,-2.4,36.33,14.09,5.12,8.97,3.18,5.1,1224.57,1.49,1.1746659850059142,299.4
2015-04-07 17:10:00,8356200.0,1004.39,11.97,284.77,-2.17,37.14,14.02,5.21,8.81,3.23,5.18,1224.72,1.76,1.5651799427871358,301.0
2015-04-07 17:20:00,8356800.0,1004.33,11.85,284.66,-2.41,36.77,13.91,5.11,8.79,3.17,5.09,1225.21,2.25,1.6151657293831323,292.9
2015-04-07 17:30:00,8357400.0,1004.33,11.73,284.54,-2.4,37.09,13.8,5.12,8.68,3.18,5.09,1225.72,2.06,1.549559384475887,280.8
2015-04-07 17:40:00,8358000.0,1004.37,11.6,284.4,-2.02,38.49,13.68,5.26,8.41,3.27,5.24,1226.27,1.83,1.3121268981449044,295.8
2015-04-07 17:50:00,8358600.0,1004.35,11.63,284.44,-2.08,38.23,13.7,5.24,8.47,3.25,5.22,1226.12,1.28,0.862254818780937,272.7
2015-04-07 18:00:00,8359200.0,1004.3,11.36,284.17,-2.37,38.09,13.46,5.13,8.33,3.18,5.11,1227.28,1.82,1.1746659850059142,291.9
2015-04-07 18:10:00,8359800.0,1004.39,10.91,283.71,-2.3,39.45,13.06,5.15,7.91,3.2,5.13,1229.31,1.09,1.0372050718669243,311.1
2015-04-07 18:20:00,8360400.0,1004.35,10.67,283.48,-2.08,40.77,12.86,5.24,7.62,3.25,5.22,1230.26,0.92,0.6623116723969518,289.9
2015-04-07 18:30:00,8361000.0,1004.51,10.51,283.31,-1.81,42.04,12.72,5.35,7.37,3.32,5.32,1231.11,0.57,0.5873329925029571,277.9
2015-04-07 18:40:00,8361600.0,1004.7,10.25,283.03,-1.36,44.22,12.5,5.53,6.97,3.43,5.5,1232.38,1.21,0.862254818780937,321.1
2015-04-07 18:50:00,8362200.0,1004.73,9.86,282.64,-1.12,46.2,12.18,5.63,6.55,3.49,5.6,1234.07,0.76,0.5560918758804595,345.1
2015-04-07 19:00:00,8362800.0,1004.7,9.54,282.32,-0.99,47.66,11.92,5.68,6.24,3.52,5.65,1235.41,1.3,0.6748081190459508,302.7
2015-04-07 19:10:00,8363400.0,1004.6,9.25,282.04,-0.94,48.76,11.69,5.7,5.99,3.54,5.67,1236.54,0.85,0.7497867989399453,268.8
2015-04-07 19:20:00,8364000.0,1004.61,8.98,281.77,-1.01,49.42,11.48,5.67,5.81,3.52,5.65,1237.76,1.38,0.7997725855359417,271.4
2015-04-07 19:30:00,8364600.0,1004.63,8.65,281.44,-0.98,50.64,11.22,5.68,5.54,3.53,5.66,1239.22,1.43,0.7747796922379435,249.7
2015-04-07 19:40:00,8365200.0,1004.64,8.22,281.01,-1.04,51.93,10.9,5.66,5.24,3.51,5.63,1241.13,1.84,0.8872477120789353,251.9
2015-04-07 19:50:00,8365800.0,1004.71,7.96,280.74,-1.33,51.73,10.71,5.54,5.17,3.44,5.51,1242.44,1.74,0.837261925482939,255.3
2015-04-07 20:00:00,8366400.0,1004.71,7.82,280.6,-1.55,51.38,10.61,5.45,5.16,3.38,5.42,1243.09,1.66,0.7997725855359417,250.6
2015-04-07 20:10:00,8367000.0,1004.7,7.69,280.47,-1.67,51.38,10.51,5.4,5.11,3.35,5.38,1243.68,1.75,0.8122690321849408,252.6
2015-04-07 20:20:00,8367600.0,1004.65,7.56,280.35,-1.66,51.9,10.42,5.41,5.01,3.36,5.38,1244.19,1.55,0.7622832455889444,254.9
2015-04-07 20:30:00,8368200.0,1004.64,7.42,280.21,-1.63,52.5,10.32,5.42,4.9,3.36,5.39,1244.8,1.45,0.8247654788339399,265.3
2015-04-07 20:40:00,8368800.0,1004.73,7.36,280.14,-1.56,52.98,10.28,5.45,4.83,3.38,5.42,1245.15,1.32,0.8747512654299362,260.9
2015-04-07 20:50:00,8369400.0,1004.83,7.26,280.03,-1.46,53.77,10.21,5.49,4.72,3.4,5.46,1245.7,1.6,0.862254818780937,248.8
2015-04-07 21:00:00,8370000.0,1004.84,7.18,279.95,-1.28,54.77,10.15,5.56,4.59,3.45,5.53,1246.04,1.91,0.8122690321849408,251.3
2015-04-07 21:10:00,8370600.0,1004.94,7.13,279.9,-1.2,55.28,10.12,5.59,4.52,3.47,5.57,1246.37,1.89,0.8247654788339399,252.4
2015-04-07 21:20:00,8371200.0,1004.98,7.11,279.87,-1.01,56.12,10.1,5.67,4.43,3.52,5.64,1246.47,2.1,0.862254818780937,249.0
2015-04-07 21:30:00,8371800.0,1004.95,7.12,279.88,-0.83,56.84,10.11,5.75,4.36,3.56,5.72,1246.35,2.36,0.9997157319199271,247.6
2015-04-07 21:40:00,8372400.0,1004.82,7.12,279.89,-0.67,57.51,10.11,5.81,4.3,3.61,5.79,1246.17,2.48,0.974722838621929,250.0
2015-04-07 21:50:00,8373000.0,1004.83,7.06,279.83,-0.55,58.29,10.07,5.87,4.2,3.64,5.84,1246.42,2.8,1.0372050718669243,252.7
2015-04-07 22:00:00,8373600.0,1004.83,7.07,279.84,-0.44,58.71,10.08,5.92,4.16,3.67,5.89,1246.34,2.93,1.1746659850059142,253.6
2015-04-07 22:10:00,8374200.0,1004.73,7.02,279.8,-0.35,59.28,10.04,5.95,4.09,3.69,5.92,1246.42,2.86,1.0871908584629206,252.5
2015-04-07 22:20:00,8374800.0,1004.72,6.95,279.73,-0.29,59.85,9.99,5.98,4.01,3.71,5.95,1246.72,2.61,1.0309568485424248,250.6
2015-04-07 22:30:00,8375400.0,1004.73,6.93,279.71,-0.23,60.2,9.98,6.01,3.97,3.73,5.98,1246.8,2.21,0.9559781686484303,247.9
2015-04-07 22:40:00,8376000.0,1004.69,6.86,279.65,-0.16,60.77,9.93,6.04,3.9,3.75,6.01,1247.03,2.29,1.1371766450589171,248.6
2015-04-07 22:50:00,8376600.0,1004.73,6.8,279.58,0.0,61.77,9.89,6.11,3.78,3.79,6.08,1247.35,2.23,1.124680198409918,249.4
2015-04-07 23:00:00,8377200.0,1004.64,6.83,279.62,0.14,62.27,9.91,6.17,3.74,3.83,6.14,1247.07,2.64,1.1371766450589171,250.1
2015-04-07 23:10:00,8377800.0,1004.53,6.94,279.74,0.3,62.51,9.99,6.24,3.74,3.87,6.22,1246.39,2.76,1.193410654979413,249.7
2015-04-07 23:20:00,8378400.0,1004.47,7.05,279.85,0.43,62.63,10.06,6.3,3.76,3.91,6.27,1245.8,2.7,1.2121553249529116,247.0
2015-04-07 23:30:00,8379000.0,1004.41,7.07,279.88,0.5,62.87,10.08,6.33,3.74,3.93,6.31,1245.62,2.33,1.205907101628412,242.8
2015-04-07 23:40:00,8379600.0,1004.28,7.14,279.96,0.6,63.04,10.12,6.38,3.74,3.96,6.36,1245.13,2.1,1.0122121785689262,250.3
2015-04-07 23:50:00,8380200.0,1004.17,7.19,280.02,0.72,63.37,10.16,6.44,3.72,4.0,6.41,1244.75,2.63,1.1496730917079163,242.3
2015-04-08 00:00:00,8380800.0,1004.14,7.3,280.13,0.84,63.44,10.24,6.49,3.74,4.03,6.47,1244.2,2.29,1.0497015185159235,246.8
2015-04-08 00:10:00,8381400.0,1004.17,7.37,280.2,0.94,63.6,10.29,6.54,3.74,4.06,6.51,1243.9,1.94,0.9372334986749317,246.6
2015-04-08 00:20:00,8382000.0,1004.22,7.4,280.22,1.05,63.94,10.31,6.59,3.72,4.09,6.56,1243.8,1.79,1.043453295191424,241.0
2015-04-08 00:30:00,8382600.0,1004.3,7.43,280.25,1.15,64.31,10.33,6.64,3.69,4.12,6.61,1243.75,1.3,0.6748081190459508,232.3
2015-04-08 00:40:00,8383200.0,1004.38,7.36,280.17,1.11,64.43,10.28,6.62,3.66,4.11,6.59,1244.17,0.56,0.42487918606596903,154.0
2015-04-08 00:50:00,8383800.0,1004.36,6.91,279.72,0.85,65.19,9.96,6.5,3.47,4.03,6.47,1246.21,0.9,0.5498436525559599,139.7
2015-04-08 01:00:00,8384400.0,1004.29,6.67,279.49,0.82,66.12,9.8,6.48,3.32,4.02,6.45,1247.19,0.87,0.5748365458539582,143.7
2015-04-08 01:10:00,8385000.0,1004.23,6.63,279.45,0.87,66.57,9.77,6.51,3.27,4.04,6.48,1247.3,0.54,0.34365228284747495,177.1
2015-04-08 01:20:00,8385600.0,1004.13,6.49,279.32,0.92,67.45,9.68,6.53,3.15,4.05,6.5,1247.8,0.61,0.3374040595229754,148.5
2015-04-08 01:30:00,8386200.0,1004.02,6.11,278.95,0.86,68.96,9.43,6.5,2.93,4.04,6.48,1249.35,1.32,0.5748365458539582,143.8
2015-04-08 01:40:00,8386800.0,1003.98,5.92,278.76,0.88,70.0,9.3,6.51,2.79,4.04,6.49,1250.16,0.99,0.5748365458539582,113.9
2015-04-08 01:50:00,8387400.0,1003.88,5.9,278.76,0.93,70.3,9.3,6.54,2.76,4.06,6.51,1250.07,1.14,0.6623116723969518,123.9
2015-04-08 02:00:00,8388000.0,1003.74,6.06,278.93,1.02,69.97,9.4,6.58,2.82,4.09,6.55,1249.17,0.5,0.27492182627797995,179.7
2015-04-08 02:10:00,8388600.0,1003.64,6.06,278.93,1.06,70.2,9.4,6.6,2.8,4.1,6.57,1249.05,0.72,0.41238273941696996,148.2
2015-04-08 02:20:00,8389200.0,1003.62,5.99,278.86,1.01,70.3,9.35,6.57,2.78,4.08,6.55,1249.36,0.82,0.6373187790989535,134.8
2015-04-08 02:30:00,8389800.0,1003.59,5.73,278.6,0.86,70.8,9.18,6.5,2.68,4.04,6.48,1250.52,1.1,0.7497867989399453,146.4
2015-04-08 02:40:00,8390400.0,1003.51,5.8,278.68,1.03,71.3,9.23,6.58,2.65,4.09,6.56,1250.05,0.83,0.4873614193109645,105.2
2015-04-08 02:50:00,8391000.0,1003.48,5.85,278.73,1.09,71.4,9.26,6.61,2.65,4.11,6.59,1249.8,0.56,0.39988629276797083,118.0
2015-04-08 03:00:00,8391600.0,1003.42,6.03,278.92,1.36,71.9,9.38,6.74,2.64,4.19,6.72,1248.85,0.56,0.3686451761454731,333.0
2015-04-08 03:10:00,8392200.0,1003.39,6.19,279.08,1.5,71.8,9.48,6.81,2.67,4.23,6.78,1248.07,0.57,0.4373756327149681,344.4
2015-04-08 03:20:00,8392800.0,1003.4,6.22,279.11,1.62,72.3,9.5,6.87,2.63,4.27,6.85,1247.91,0.51,0.38738984611897176,262.8
2015-04-08 03:30:00,8393400.0,1003.36,6.2,279.09,1.62,72.4,9.49,6.87,2.62,4.27,6.85,1247.95,0.35,0.2874182729269791,160.3
2015-04-08 03:40:00,8394000.0,1003.29,6.15,279.04,1.61,72.6,9.45,6.86,2.59,4.27,6.84,1248.11,0.58,0.42487918606596903,213.1
2015-04-08 03:50:00,8394600.0,1003.26,5.85,278.75,1.51,73.6,9.26,6.82,2.45,4.24,6.79,1249.41,0.77,0.6498152257479527,209.6
2015-04-08 04:00:00,8395200.0,1003.25,5.68,278.58,1.5,74.4,9.15,6.81,2.34,4.23,6.79,1250.16,0.72,0.42487918606596903,133.6
2015-04-08 04:10:00,8395800.0,1003.24,5.35,278.25,1.29,75.0,8.94,6.71,2.24,4.17,6.68,1251.7,0.56,0.39988629276797083,117.0
2015-04-08 04:20:00,8396400.0,1003.28,5.25,278.15,1.34,75.8,8.88,6.73,2.15,4.18,6.71,1252.17,0.67,0.39988629276797083,106.6
2015-04-08 04:30:00,8397000.0,1003.37,5.41,278.3,1.59,76.3,8.98,6.85,2.13,4.26,6.83,1251.52,0.45,0.3811416227944722,36.64
2015-04-08 04:40:00,8397600.0,1003.43,5.83,278.71,1.94,76.0,9.25,7.03,2.22,4.37,7.0,1249.63,0.82,0.5373472059069608,252.4
2015-04-08 04:50:00,8398200.0,1003.44,6.07,278.96,2.16,75.9,9.4,7.14,2.27,4.44,7.11,1248.5,1.72,0.837261925482939,246.9
2015-04-08 05:00:00,8398800.0,1003.45,6.3,279.18,2.24,75.2,9.55,7.18,2.37,4.46,7.16,1247.49,1.87,1.2652652232111576,249.4
2015-04-08 05:10:00,8399400.0,1003.44,6.39,279.27,2.28,74.9,9.61,7.2,2.41,4.48,7.18,1247.05,2.14,1.0871908584629206,252.5
2015-04-08 05:20:00,8400000.0,1003.48,6.4,279.28,2.31,75.0,9.62,7.21,2.4,4.48,7.19,1247.05,1.83,1.0247086252179252,251.2
2015-04-08 05:30:00,8400600.0,1003.51,6.41,279.28,2.41,75.5,9.62,7.27,2.36,4.52,7.24,1247.03,2.17,1.2777616698601568,264.5
2015-04-08 05:40:00,8401200.0,1003.56,6.38,279.26,2.46,75.9,9.61,7.29,2.32,4.53,7.27,1247.18,2.23,1.2152794366151614,261.3
2015-04-08 05:50:00,8401800.0,1003.59,6.3,279.17,2.45,76.3,9.55,7.29,2.26,4.53,7.26,1247.61,2.38,1.5401870494891376,261.6
2015-04-08 06:00:00,8402400.0,1003.64,6.21,279.08,2.45,76.8,9.49,7.29,2.2,4.53,7.27,1248.07,2.65,1.3777332430521496,260.8
2015-04-08 06:10:00,8403000.0,1003.67,6.09,278.96,2.47,77.5,9.42,7.3,2.12,4.54,7.27,1248.62,2.32,1.3777332430521496,261.2
2015-04-08 06:20:00,8403600.0,1003.69,6.07,278.93,2.59,78.3,9.4,7.36,2.04,4.57,7.33,1248.73,2.06,1.221527659939661,255.3
2015-04-08 06:30:00,8404200.0,1003.74,6.06,278.93,2.73,79.1,9.4,7.44,1.96,4.62,7.41,1248.77,2.27,1.2527687765621587,253.2
2015-04-08 06:40:00,8404800.0,1003.79,6.06,278.92,2.85,79.8,9.4,7.5,1.9,4.66,7.47,1248.79,2.8,1.3527403497541515,253.6
2015-04-08 06:50:00,8405400.0,1003.86,6.12,278.97,2.99,80.3,9.43,7.58,1.86,4.71,7.55,1248.62,2.54,1.4027261363501478,255.1
2015-04-08 07:00:00,8406000.0,1003.94,6.14,278.99,3.1,80.8,9.45,7.64,1.81,4.74,7.61,1248.56,2.81,1.4527119229461443,256.7
2015-04-08 07:10:00,8406600.0,1004.0,6.22,279.06,3.23,81.1,9.5,7.71,1.8,4.79,7.68,1248.24,2.44,1.2902581165091558,256.1
2015-04-08 07:20:00,8407200.0,1004.1,6.3,279.14,3.36,81.4,9.56,7.78,1.78,4.83,7.75,1247.99,2.57,1.2152794366151614,254.5
2015-04-08 07:30:00,8407800.0,1004.2,6.35,279.18,3.47,81.7,9.59,7.84,1.76,4.87,7.8,1247.85,2.31,1.124680198409918,253.5
2015-04-08 07:40:00,8408400.0,1004.3,6.41,279.22,3.57,82.0,9.63,7.89,1.73,4.9,7.86,1247.71,2.03,1.068446188489422,261.6
2015-04-08 07:50:00,8409000.0,1004.42,6.49,279.3,3.63,81.9,9.68,7.93,1.75,4.92,7.89,1247.47,2.16,1.068446188489422,259.2
2015-04-08 08:00:00,8409600.0,1004.43,6.62,279.42,3.72,81.7,9.77,7.98,1.79,4.96,7.94,1246.89,1.98,1.3214992331316537,265.5
2015-04-08 08:10:00,8410200.0,1004.39,6.8,279.61,3.82,81.2,9.89,8.03,1.86,4.99,8.0,1246.0,1.96,1.3402439031051523,257.5
2015-04-08 08:20:00,8410800.0,1004.34,7.02,279.83,3.91,80.5,10.04,8.08,1.96,5.02,8.05,1244.94,1.8,1.2371482182509097,254.3
2015-04-08 08:30:00,8411400.0,1004.4,7.09,279.9,3.92,80.2,10.09,8.09,2.0,5.03,8.06,1244.7,2.35,1.3121268981449044,267.7
2015-04-08 08:40:00,8412000.0,1004.44,7.22,280.03,3.92,79.5,10.18,8.09,2.09,5.03,8.06,1244.17,1.42,1.0497015185159235,255.0
2015-04-08 08:50:00,8412600.0,1004.45,7.32,280.12,3.84,78.5,10.25,8.05,2.2,5.0,8.01,1243.77,2.04,1.3496162380919017,283.0
2015-04-08 09:00:00,8413200.0,1004.49,7.31,280.11,3.78,78.2,10.24,8.01,2.23,4.98,7.97,1243.88,2.19,1.6901444092771267,269.0
2015-04-08 09:10:00,8413800.0,1004.58,7.41,280.2,3.82,77.9,10.31,8.03,2.28,4.99,8.0,1243.54,1.17,1.0497015185159235,249.7
2015-04-08 09:20:00,8414400.0,1004.62,7.37,280.16,3.76,77.8,10.29,8.0,2.28,4.97,7.97,1243.78,2.01,1.5526834961381366,259.1
2015-04-08 09:30:00,8415000.0,1004.68,7.28,280.07,3.71,78.0,10.22,7.97,2.25,4.95,7.94,1244.26,1.56,0.7872761388869426,249.0
2015-04-08 09:40:00,8415600.0,1004.68,7.59,280.38,3.87,77.2,10.44,8.06,2.38,5.01,8.02,1242.84,1.13,0.712297458992948,278.6
2015-04-08 09:50:00,8416200.0,1004.62,7.83,280.62,3.82,75.7,10.61,8.04,2.58,4.99,8.0,1241.73,2.18,1.3371197914429025,283.1
2015-04-08 10:00:00,8416800.0,1004.58,8.14,280.93,3.95,74.8,10.84,8.11,2.73,5.04,8.07,1240.27,1.78,1.2996304514959054,280.9
2015-04-08 10:10:00,8417400.0,1004.55,8.37,281.16,3.77,72.7,11.01,8.01,3.01,4.97,7.97,1239.27,1.88,1.1996588783039124,283.0
2015-04-08 10:20:00,8418000.0,1004.47,8.64,281.44,3.49,69.96,11.22,7.85,3.37,4.87,7.81,1238.06,2.23,1.415222582999147,301.6
2015-04-08 10:30:00,8418600.0,1004.48,9.02,281.82,3.61,68.77,11.51,7.91,3.59,4.92,7.88,1236.37,1.38,1.1746659850059142,227.4
2015-04-08 10:40:00,8419200.0,1004.44,9.44,282.24,3.66,67.09,11.84,7.94,3.9,4.93,7.91,1234.48,1.77,1.977562682204106,249.8
2015-04-08 10:50:00,8419800.0,1004.43,9.92,282.72,3.76,65.43,12.23,8.0,4.23,4.97,7.97,1232.33,1.96,1.1496730917079163,238.8
2015-04-08 11:00:00,8420400.0,1004.51,9.37,282.17,3.35,65.97,11.78,7.77,4.01,4.83,7.74,1234.94,2.61,1.440215476297145,264.4
2015-04-08 11:10:00,8421000.0,1004.58,9.3,282.09,3.15,65.35,11.73,7.66,4.06,4.76,7.63,1235.39,1.78,1.415222582999147,282.8
2015-04-08 11:20:00,8421600.0,1004.72,9.06,281.84,3.48,67.99,11.54,7.85,3.69,4.87,7.81,1236.53,1.89,1.2496446648999089,283.0
2015-04-08 11:30:00,8422200.0,1004.77,9.35,282.13,3.55,66.99,11.77,7.88,3.88,4.89,7.85,1235.3,1.02,0.8122690321849408,302.6
2015-04-08 11:40:00,8422800.0,1004.73,9.76,282.54,3.69,65.83,12.1,7.96,4.13,4.94,7.93,1233.42,1.74,1.3621126847409009,243.9
2015-04-08 11:50:00,8423400.0,1004.74,9.6,282.38,3.67,66.41,11.97,7.95,4.02,4.93,7.91,1234.14,2.63,1.6151657293831323,277.2
2015-04-08 12:00:00,8424000.0,1004.71,9.6,282.38,3.69,66.51,11.97,7.96,4.01,4.94,7.92,1234.1,1.81,1.1371766450589171,251.4
2015-04-08 12:10:00,8424600.0,1004.71,9.68,282.46,3.52,65.35,12.03,7.86,4.17,4.88,7.83,1233.8,2.1,1.2996304514959054,280.0
2015-04-08 12:20:00,8425200.0,1004.66,10.03,282.81,3.6,64.21,12.32,7.91,4.41,4.91,7.87,1232.19,1.32,1.0247086252179252,301.5
2015-04-08 12:30:00,8425800.0,1004.57,10.45,283.24,3.63,62.55,12.67,7.93,4.74,4.92,7.89,1230.25,1.49,1.1371766450589171,297.9
2015-04-08 12:40:00,8426400.0,1004.49,10.74,283.54,3.7,61.65,12.92,7.96,4.95,4.95,7.93,1228.87,1.83,1.3496162380919017,281.5
2015-04-08 12:50:00,8427000.0,1004.43,10.71,283.51,3.66,61.63,12.89,7.95,4.95,4.93,7.91,1228.94,1.67,1.1371766450589171,335.8
2015-04-08 13:00:00,8427600.0,1004.37,11.0,283.81,3.79,61.02,13.14,8.02,5.12,4.98,7.99,1227.57,2.23,1.3496162380919017,284.3
2015-04-08 13:10:00,8428200.0,1004.43,11.22,284.02,3.89,60.52,13.34,8.07,5.27,5.01,8.04,1226.67,2.52,1.727633749224124,331.6
2015-04-08 13:20:00,8428800.0,1004.31,11.65,284.46,4.08,59.62,13.72,8.18,5.54,5.08,8.15,1224.63,2.58,1.6526550693301296,344.3
2015-04-08 13:30:00,8429400.0,1004.29,12.17,284.98,4.23,58.21,14.2,8.27,5.94,5.14,8.23,1222.32,1.86,1.590172836085134,255.5
2015-04-08 13:40:00,8430000.0,1004.21,12.7,285.52,4.39,56.86,14.71,8.36,6.34,5.2,8.33,1219.91,2.22,2.0900307020450977,307.8
2015-04-08 13:50:00,8430600.0,1004.22,12.27,285.09,4.31,58.17,14.3,8.32,5.98,5.17,8.28,1221.79,2.66,1.5276906028401385,342.6
2015-04-08 14:00:00,8431200.0,1004.2,12.52,285.34,4.41,57.63,14.53,8.38,6.16,5.2,8.34,1220.67,2.4,1.2433964415754093,279.2
2015-04-08 14:10:00,8431800.0,1004.08,12.88,285.71,4.79,57.79,14.88,8.6,6.28,5.34,8.56,1218.89,1.43,1.4777048162441424,237.1
2015-04-08 14:20:00,8432400.0,1004.03,13.12,285.95,4.9,57.33,15.12,8.67,6.45,5.39,8.63,1217.76,2.1,1.4652083695951432,268.8
2015-04-08 14:30:00,8433000.0,1003.98,12.87,285.71,4.84,58.06,14.87,8.63,6.24,5.37,8.6,1218.78,2.25,1.577676389436135,344.9
2015-04-08 14:40:00,8433600.0,1003.86,13.32,286.16,5.02,57.09,15.32,8.74,6.57,5.44,8.71,1216.68,2.16,1.3996020246878982,267.6
2015-04-08 14:50:00,8434200.0,1003.81,13.26,286.11,4.92,56.9,15.26,8.68,6.58,5.4,8.65,1216.9,2.14,1.412098471336897,322.5
2015-04-08 15:00:00,8434800.0,1003.81,13.54,286.39,5.12,56.65,15.54,8.8,6.74,5.47,8.77,1215.65,1.14,0.9997157319199271,326.1
2015-04-08 15:10:00,8435400.0,1003.79,13.81,286.66,5.07,55.48,15.81,8.77,7.04,5.45,8.74,1214.5,1.69,1.068446188489422,11.38
2015-04-08 15:20:00,8436000.0,1003.78,13.18,286.03,4.85,56.91,15.18,8.64,6.54,5.37,8.6,1217.23,1.53,0.9997157319199271,301.2
2015-04-08 15:30:00,8436600.0,1003.73,13.21,286.07,4.96,57.25,15.21,8.71,6.5,5.41,8.67,1217.0,2.2,1.3496162380919017,9.54
2015-04-08 15:40:00,8437200.0,1003.73,13.17,286.03,4.96,57.4,15.17,8.71,6.46,5.41,8.67,1217.17,2.35,1.5370629378268879,356.7
2015-04-08 15:50:00,8437800.0,1003.75,13.05,285.9,5.01,58.06,15.05,8.74,6.31,5.43,8.7,1217.69,2.16,1.1371766450589171,302.0
2015-04-08 16:00:00,8438400.0,1003.69,13.42,286.28,5.15,57.23,15.42,8.82,6.59,5.49,8.79,1216.0,1.7,1.1746659850059142,315.5
2015-04-08 16:10:00,8439000.0,1003.64,13.38,286.24,5.13,57.29,15.38,8.81,6.57,5.48,8.78,1216.13,2.31,1.3496162380919017,24.17
2015-04-08 16:20:00,8439600.0,1003.7,13.5,286.36,5.26,57.35,15.5,8.89,6.61,5.53,8.85,1215.65,1.92,1.0247086252179252,333.0
2015-04-08 16:30:00,8440200.0,1003.64,13.46,286.32,5.28,57.6,15.46,8.9,6.55,5.54,8.87,1215.74,1.41,0.9809710619464285,18.61
2015-04-08 16:40:00,8440800.0,1003.65,13.2,286.06,5.36,58.89,15.2,8.95,6.25,5.56,8.92,1216.84,3.04,1.9900591288531049,21.28
2015-04-08 16:50:00,8441400.0,1003.61,12.16,285.03,5.45,63.45,14.19,9.01,5.19,5.6,8.97,1221.2,6.01,2.277477401780084,36.05
2015-04-08 17:00:00,8442000.0,1003.65,11.91,284.77,5.55,64.99,13.96,9.07,4.89,5.64,9.04,1222.29,4.14,1.796364205793619,31.58
2015-04-08 17:10:00,8442600.0,1003.66,11.92,284.78,5.58,65.08,13.97,9.09,4.88,5.65,9.06,1222.24,4.99,1.971314458879606,35.41
2015-04-08 17:20:00,8443200.0,1003.6,11.78,284.65,5.56,65.59,13.84,9.08,4.76,5.65,9.05,1222.78,4.67,2.015052022151103,37.28
2015-04-08 17:30:00,8443800.0,1003.71,11.55,284.41,5.51,66.37,13.63,9.05,4.58,5.63,9.01,1223.92,3.73,1.6026692827341331,36.27
2015-04-08 17:40:00,8444400.0,1003.73,11.48,284.34,5.47,66.46,13.57,9.02,4.55,5.61,8.98,1224.26,4.18,1.8026124291181185,38.38
2015-04-08 17:50:00,8445000.0,1003.73,11.19,284.05,5.32,67.04,13.31,8.92,4.39,5.55,8.89,1225.55,4.62,1.8525982157141148,32.65
2015-04-08 18:00:00,8445600.0,1003.8,10.94,283.79,5.25,67.86,13.09,8.88,4.21,5.52,8.85,1226.73,3.81,1.7651230891711214,30.22
2015-04-08 18:10:00,8446200.0,1003.85,10.71,283.56,5.18,68.55,12.89,8.84,4.05,5.49,8.8,1227.81,4.62,1.9525697889061076,25.56
2015-04-08 18:20:00,8446800.0,1004.0,10.53,283.37,5.17,69.33,12.74,8.83,3.91,5.49,8.8,1228.77,3.64,1.6151657293831323,31.68
2015-04-08 18:30:00,8447400.0,1004.12,10.37,283.2,5.15,69.99,12.6,8.82,3.78,5.48,8.78,1229.62,4.31,1.9900591288531049,26.7
2015-04-08 18:40:00,8448000.0,1004.22,10.19,283.01,5.1,70.6,12.45,8.79,3.66,5.46,8.75,1230.53,4.02,1.8276053224161166,42.74
2015-04-08 18:50:00,8448600.0,1004.27,9.91,282.73,4.97,71.3,12.22,8.71,3.51,5.41,8.68,1231.86,3.47,1.4902012628931411,48.06
2015-04-08 19:00:00,8449200.0,1004.35,9.68,282.49,4.89,72.0,12.03,8.66,3.37,5.38,8.63,1232.98,3.87,1.6651515159791286,41.32
2015-04-08 19:10:00,8449800.0,1004.47,9.47,282.27,4.83,72.7,11.86,8.62,3.24,5.36,8.59,1234.05,4.16,2.015052022151103,34.4
2015-04-08 19:20:00,8450400.0,1004.59,9.33,282.12,4.83,73.4,11.75,8.63,3.13,5.36,8.59,1234.82,3.53,1.5589317194626364,31.86
2015-04-08 19:30:00,8451000.0,1004.7,9.14,281.92,4.82,74.3,11.6,8.62,2.98,5.35,8.58,1235.79,3.17,1.3746091313898998,26.05
2015-04-08 19:40:00,8451600.0,1004.88,8.93,281.7,4.71,74.8,11.44,8.56,2.88,5.31,8.51,1236.95,3.27,1.3121268981449044,22.88
2015-04-08 19:50:00,8452200.0,1005.05,8.81,281.56,4.58,74.7,11.35,8.48,2.87,5.26,8.43,1237.74,3.75,1.715137302575125,25.19
2015-04-08 20:00:00,8452800.0,1005.2,8.69,281.43,4.48,74.8,11.25,8.42,2.84,5.23,8.37,1238.47,3.7,1.590172836085134,26.24
2015-04-08 20:10:00,8453400.0,1005.25,8.57,281.31,4.44,75.2,11.16,8.39,2.77,5.21,8.35,1239.07,3.58,1.6651515159791286,25.78
2015-04-08 20:20:00,8454000.0,1005.28,8.49,281.23,4.42,75.5,11.1,8.38,2.72,5.2,8.34,1239.46,2.87,1.4089743596746471,36.67
2015-04-08 20:30:00,8454600.0,1005.36,8.47,281.2,4.44,75.7,11.09,8.39,2.69,5.21,8.35,1239.65,2.38,0.9997157319199271,37.56
2015-04-08 20:40:00,8455200.0,1005.4,8.4,281.13,4.43,76.0,11.03,8.39,2.65,5.2,8.34,1240.02,2.51,1.124680198409918,39.29
2015-04-08 20:50:00,8455800.0,1005.52,8.4,281.12,4.45,76.1,11.03,8.4,2.64,5.21,8.35,1240.15,2.03,0.9622263919729299,43.62
2015-04-08 21:00:00,8456400.0,1005.61,8.39,281.1,4.48,76.3,11.03,8.41,2.61,5.22,8.37,1240.31,2.23,0.8747512654299362,42.07
2015-04-08 21:10:00,8457000.0,1005.63,8.36,281.07,4.48,76.5,11.0,8.42,2.59,5.22,8.37,1240.45,2.18,0.9372334986749317,40.19
2015-04-08 21:20:00,8457600.0,1005.67,8.35,281.06,4.53,76.8,11.0,8.45,2.55,5.24,8.4,1240.53,1.47,0.5748365458539582,45.8
2015-04-08 21:30:00,8458200.0,1005.58,8.33,281.04,4.57,77.1,10.98,8.47,2.51,5.25,8.42,1240.51,0.95,0.6123258858009554,51.73
2015-04-08 21:40:00,8458800.0,1005.59,8.29,281.0,4.55,77.2,10.95,8.46,2.5,5.25,8.41,1240.7,1.27,0.6248223324499544,71.9
2015-04-08 21:50:00,8459400.0,1005.58,8.19,280.9,4.52,77.6,10.88,8.44,2.44,5.24,8.39,1241.14,2.35,0.9997157319199271,70.6
2015-04-08 22:00:00,8460000.0,1005.62,8.13,280.84,4.54,78.0,10.83,8.45,2.38,5.24,8.4,1241.44,1.92,1.0372050718669243,64.17
2015-04-08 22:10:00,8460600.0,1005.63,8.11,280.82,4.57,78.3,10.82,8.47,2.35,5.26,8.42,1241.53,1.37,0.6623116723969518,53.09
2015-04-08 22:20:00,8461200.0,1005.59,8.09,280.8,4.55,78.3,10.8,8.46,2.34,5.25,8.41,1241.57,1.67,0.7997725855359417,64.14
2015-04-08 22:30:00,8461800.0,1005.54,8.07,280.79,4.62,78.8,10.79,8.5,2.29,5.28,8.46,1241.58,1.37,0.8497583721319381,106.8
2015-04-08 22:40:00,8462400.0,1005.57,8.04,280.75,4.54,78.5,10.77,8.45,2.32,5.25,8.41,1241.78,1.6,0.7747796922379435,87.5
2015-04-08 22:50:00,8463000.0,1005.56,8.01,280.72,4.55,78.7,10.75,8.46,2.29,5.25,8.41,1241.89,1.18,0.6498152257479527,80.5
2015-04-08 23:00:00,8463600.0,1005.53,7.99,280.71,4.55,78.8,10.73,8.46,2.27,5.25,8.41,1241.95,1.21,0.562340099204959,79.2
2015-04-08 23:10:00,8464200.0,1005.52,7.93,280.65,4.54,79.1,10.69,8.45,2.23,5.25,8.41,1242.2,1.5,0.6498152257479527,76.8
2015-04-08 23:20:00,8464800.0,1005.45,7.93,280.65,4.56,79.2,10.69,8.46,2.22,5.25,8.42,1242.11,1.53,0.837261925482939,88.2
2015-04-08 23:30:00,8465400.0,1005.41,7.93,280.66,4.56,79.2,10.69,8.46,2.22,5.25,8.42,1242.06,1.77,0.8560065954564376,106.2
2015-04-08 23:40:00,8466000.0,1005.34,7.96,280.69,4.63,79.4,10.71,8.5,2.21,5.28,8.46,1241.82,1.62,0.8497583721319381,111.4
2015-04-08 23:50:00,8466600.0,1005.33,8.01,280.74,4.66,79.3,10.75,8.52,2.22,5.29,8.48,1241.58,1.12,0.6748081190459508,136.8
2015-04-09 00:00:00,8467200.0,1005.26,7.97,280.71,4.55,78.9,10.72,8.46,2.26,5.25,8.41,1241.7,1.51,0.7247939056419471,139.2
2015-04-09 00:10:00,8467800.0,1005.21,7.94,280.68,4.57,79.2,10.69,8.47,2.22,5.26,8.43,1241.77,1.28,0.7247939056419471,141.3
2015-04-09 00:20:00,8468400.0,1005.25,7.99,280.73,4.6,79.1,10.73,8.49,2.24,5.27,8.44,1241.59,0.72,0.46861674933746583,97.5
2015-04-09 00:30:00,8469000.0,1005.3,7.9,280.64,4.51,79.1,10.67,8.44,2.23,5.24,8.39,1242.07,1.13,0.5748365458539582,80.2
2015-04-09 00:40:00,8469600.0,1005.3,7.82,280.56,4.51,79.5,10.61,8.43,2.17,5.23,8.39,1242.43,1.1,0.6123258858009554,69.61
2015-04-09 00:50:00,8470200.0,1005.3,7.74,280.48,4.48,79.8,10.55,8.42,2.13,5.23,8.37,1242.78,1.25,0.5373472059069608,70.4
2015-04-09 01:00:00,8470800.0,1005.22,7.73,280.47,4.49,79.9,10.54,8.42,2.12,5.23,8.38,1242.73,0.98,0.42487918606596903,76.5
2015-04-09 01:10:00,8471400.0,1005.21,7.73,280.47,4.54,80.2,10.54,8.45,2.09,5.25,8.41,1242.7,0.94,0.42487918606596903,78.5
2015-04-09 01:20:00,8472000.0,1005.2,7.73,280.47,4.54,80.2,10.54,8.45,2.09,5.25,8.41,1242.69,0.99,0.4623685260129663,84.5
2015-04-09 01:30:00,8472600.0,1005.17,7.72,280.47,4.53,80.2,10.53,8.45,2.09,5.24,8.41,1242.7,1.29,0.562340099204959,111.4
2015-04-09 01:40:00,8473200.0,1005.09,7.73,280.48,4.54,80.2,10.54,8.45,2.09,5.25,8.41,1242.55,1.23,0.5248507592579618,148.4
2015-04-09 01:50:00,8473800.0,1005.04,7.66,280.42,4.48,80.2,10.49,8.41,2.08,5.22,8.37,1242.82,1.54,0.6123258858009554,144.6
2015-04-09 02:00:00,8474400.0,1004.93,7.7,280.47,4.55,80.4,10.52,8.46,2.06,5.25,8.42,1242.48,1.08,0.5498436525559599,131.3
2015-04-09 02:10:00,8475000.0,1004.83,7.74,280.51,4.61,80.5,10.55,8.49,2.06,5.27,8.45,1242.17,0.72,0.4623685260129663,116.6
2015-04-09 02:20:00,8475600.0,1004.81,7.7,280.48,4.55,80.4,10.52,8.46,2.06,5.25,8.42,1242.33,0.83,0.38738984611897176,99.4
2015-04-09 02:30:00,8476200.0,1004.78,7.61,280.39,4.53,80.8,10.46,8.45,2.01,5.25,8.41,1242.7,0.95,0.5373472059069608,79.7
2015-04-09 02:40:00,8476800.0,1004.76,7.63,280.41,4.62,81.2,10.47,8.5,1.97,5.28,8.46,1242.56,1.02,0.5123543126089626,123.6
2015-04-09 02:50:00,8477400.0,1004.61,7.62,280.41,4.58,81.0,10.46,8.48,1.99,5.26,8.44,1242.44,1.02,0.5123543126089626,145.0
2015-04-09 03:00:00,8478000.0,1004.6,7.6,280.39,4.63,81.4,10.45,8.51,1.94,5.28,8.47,1242.49,0.61,0.36239695282097356,168.1
2015-04-09 03:10:00,8478600.0,1004.54,7.57,280.37,4.62,81.5,10.43,8.5,1.93,5.28,8.46,1242.56,0.65,0.4623685260129663,85.6
2015-04-09 03:20:00,8479200.0,1004.47,7.5,280.3,4.57,81.6,10.38,8.47,1.91,5.26,8.43,1242.79,0.81,0.5498436525559599,118.1
2015-04-09 03:30:00,8479800.0,1004.46,7.52,280.32,4.62,81.8,10.39,8.5,1.89,5.28,8.46,1242.68,0.87,0.42487918606596903,206.6
2015-04-09 03:40:00,8480400.0,1004.36,7.34,280.15,4.58,82.6,10.26,8.48,1.79,5.27,8.44,1243.36,1.03,0.42487918606596903,206.7
2015-04-09 03:50:00,8481000.0,1004.27,7.36,280.18,4.62,82.7,10.28,8.5,1.78,5.28,8.46,1243.16,0.67,0.3811416227944722,193.5
2015-04-09 04:00:00,8481600.0,1004.22,7.4,280.22,4.63,82.5,10.31,8.5,1.8,5.28,8.47,1242.91,0.91,0.562340099204959,158.1
2015-04-09 04:10:00,8482200.0,1004.22,7.42,280.24,4.63,82.4,10.32,8.5,1.82,5.28,8.47,1242.83,0.94,0.5061060892844631,164.5
2015-04-09 04:20:00,8482800.0,1004.22,7.33,280.15,4.59,82.7,10.26,8.48,1.77,5.27,8.45,1243.23,0.91,0.5123543126089626,209.5
2015-04-09 04:30:00,8483400.0,1004.1,7.27,280.1,4.6,83.1,10.22,8.49,1.73,5.28,8.45,1243.34,1.35,0.7872761388869426,175.3
2015-04-09 04:40:00,8484000.0,1004.07,7.31,280.14,4.62,83.0,10.24,8.5,1.74,5.28,8.47,1243.13,1.09,0.6623116723969518,178.6
2015-04-09 04:50:00,8484600.0,1004.06,7.29,280.12,4.64,83.2,10.23,8.51,1.72,5.29,8.48,1243.2,0.9,0.562340099204959,193.0
2015-04-09 05:00:00,8485200.0,1004.04,7.23,280.07,4.61,83.4,10.19,8.5,1.69,5.28,8.46,1243.44,1.1,0.5998294391519562,188.7
2015-04-09 05:10:00,8485800.0,1003.87,7.25,280.1,4.63,83.4,10.2,8.51,1.69,5.29,8.48,1243.14,1.32,0.6560634490724522,142.2
2015-04-09 05:20:00,8486400.0,1003.84,7.3,280.15,4.6,82.9,10.24,8.49,1.75,5.27,8.45,1242.88,1.08,0.5373472059069608,121.9
2015-04-09 05:30:00,8487000.0,1003.84,7.21,280.06,4.53,83.0,10.17,8.44,1.73,5.25,8.41,1243.31,1.01,0.5248507592579618,95.6
2015-04-09 05:40:00,8487600.0,1003.84,7.3,280.15,4.55,82.6,10.24,8.46,1.78,5.26,8.42,1242.91,0.8,0.42487918606596903,156.8
2015-04-09 05:50:00,8488200.0,1003.89,7.22,280.07,4.54,83.0,10.18,8.45,1.73,5.25,8.42,1243.32,1.04,0.5123543126089626,203.3
2015-04-09 06:00:00,8488800.0,1003.88,7.17,280.02,4.61,83.7,10.15,8.49,1.65,5.28,8.46,1243.51,0.46,0.2624253796289809,201.9
2015-04-09 06:10:00,8489400.0,1003.86,7.19,280.04,4.49,82.9,10.16,8.42,1.74,5.23,8.39,1243.43,1.18,0.5998294391519562,147.4
2015-04-09 06:20:00,8490000.0,1003.83,7.3,280.15,4.42,81.9,10.24,8.38,1.85,5.21,8.35,1242.93,1.01,0.7747796922379435,165.0
2015-04-09 06:30:00,8490600.0,1003.73,7.23,280.09,4.51,82.8,10.19,8.44,1.75,5.24,8.4,1243.09,1.26,0.5748365458539582,187.2
2015-04-09 06:40:00,8491200.0,1003.7,7.19,280.05,4.42,82.5,10.16,8.38,1.78,5.21,8.35,1243.25,1.59,0.7247939056419471,186.3
2015-04-09 06:50:00,8491800.0,1003.74,7.27,280.13,4.06,80.0,10.22,8.17,2.04,5.08,8.14,1243.04,1.69,0.837261925482939,178.7
2015-04-09 07:00:00,8492400.0,1003.74,7.36,280.22,3.97,79.0,10.28,8.12,2.16,5.05,8.09,1242.67,1.77,0.862254818780937,179.4
2015-04-09 07:10:00,8493000.0,1003.74,7.32,280.18,3.82,78.4,10.25,8.04,2.21,5.0,8.01,1242.88,2.53,1.0497015185159235,171.7
2015-04-09 07:20:00,8493600.0,1003.68,7.39,280.26,3.84,78.1,10.3,8.04,2.26,5.0,8.01,1242.5,1.92,0.9622263919729299,181.1
2015-04-09 07:30:00,8494200.0,1003.61,7.38,280.25,3.74,77.6,10.29,7.99,2.31,4.96,7.96,1242.49,2.76,1.2246517716019107,168.5
2015-04-09 07:40:00,8494800.0,1003.55,7.36,280.24,3.7,77.5,10.28,7.97,2.31,4.95,7.94,1242.51,2.65,1.2683893348734074,182.2
2015-04-09 07:50:00,8495400.0,1003.49,7.41,280.29,3.67,77.1,10.31,7.95,2.36,4.94,7.92,1242.22,2.64,1.1621695383569153,163.3
2015-04-09 08:00:00,8496000.0,1003.49,7.46,280.34,3.74,77.2,10.35,7.99,2.36,4.97,7.96,1241.98,3.07,1.5026977095421403,164.2
2015-04-09 08:10:00,8496600.0,1003.49,7.51,280.39,3.77,77.1,10.38,8.01,2.38,4.98,7.98,1241.74,2.5,1.2121553249529116,152.0
2015-04-09 08:20:00,8497200.0,1003.38,7.53,280.42,3.77,77.0,10.4,8.01,2.39,4.98,7.98,1241.53,3.1,1.3746091313898998,149.7
2015-04-09 08:30:00,8497800.0,1003.34,7.54,280.43,3.74,76.8,10.41,7.99,2.41,4.97,7.97,1241.44,3.06,1.5151941561911395,197.7
2015-04-09 08:40:00,8498400.0,1003.23,7.57,280.47,3.76,76.7,10.43,8.0,2.43,4.97,7.97,1241.17,2.7,1.124680198409918,166.9
2015-04-09 08:50:00,8499000.0,1003.12,7.82,280.73,3.85,75.9,10.61,8.05,2.56,5.01,8.03,1239.91,2.34,1.112183751760919,172.8
2015-04-09 09:00:00,8499600.0,1003.08,8.2,281.11,3.95,74.5,10.89,8.11,2.78,5.04,8.08,1238.15,2.1,1.2121553249529116,154.9
2015-04-09 09:10:00,8500200.0,1002.93,8.52,281.44,3.99,73.1,11.13,8.13,2.99,5.06,8.11,1236.54,1.79,1.0122121785689262,149.1
2015-04-09 09:20:00,8500800.0,1002.75,9.0,281.94,4.18,71.7,11.49,8.24,3.25,5.13,8.22,1234.17,1.56,1.2246517716019107,135.4
2015-04-09 09:30:00,8501400.0,1002.62,9.55,282.5,4.36,69.99,11.93,8.35,3.58,5.2,8.33,1231.56,2.46,1.124680198409918,144.6
2015-04-09 09:40:00,8502000.0,1002.56,9.94,282.89,4.49,68.78,12.24,8.42,3.82,5.24,8.4,1229.76,2.12,1.2121553249529116,128.2
2015-04-09 09:50:00,8502600.0,1002.52,9.81,282.77,4.56,69.73,12.14,8.46,3.67,5.27,8.44,1230.25,2.21,1.0934390817874202,116.5
2015-04-09 10:00:00,8503200.0,1002.46,10.21,283.17,4.72,68.67,12.47,8.56,3.91,5.33,8.54,1228.4,1.16,0.8497583721319381,131.5
2015-04-09 10:10:00,8503800.0,1002.29,10.74,283.71,4.88,67.02,12.92,8.66,4.26,5.39,8.64,1225.84,2.16,1.3121268981449044,153.7
2015-04-09 10:20:00,8504400.0,1002.16,11.47,284.45,5.18,65.18,13.56,8.84,4.72,5.5,8.82,1222.46,1.72,1.427719029648146,141.2
2015-04-09 10:30:00,8505000.0,1002.17,11.63,284.61,5.13,64.27,13.7,8.81,4.9,5.48,8.79,1221.8,1.41,1.0996873051119198,126.5
2015-04-09 10:40:00,8505600.0,1002.02,11.63,284.63,5.19,64.54,13.7,8.84,4.86,5.51,8.83,1221.6,2.08,1.2371482182509097,97.9
2015-04-09 10:50:00,8506200.0,1001.9,11.61,284.62,5.2,64.68,13.69,8.85,4.83,5.51,8.84,1221.53,2.53,1.274637558197907,113.7
2015-04-09 11:00:00,8506800.0,1001.76,11.91,284.93,5.35,64.08,13.96,8.95,5.01,5.57,8.93,1220.04,1.95,0.9872192852709281,121.8
2015-04-09 11:10:00,8507400.0,1001.64,12.46,285.49,5.55,62.64,14.48,9.07,5.41,5.65,9.05,1217.49,2.12,1.5526834961381366,139.9
2015-04-09 11:20:00,8508000.0,1001.48,13.02,286.06,5.79,61.4,15.02,9.22,5.8,5.75,9.21,1214.84,1.94,1.0309568485424248,175.6
2015-04-09 11:30:00,8508600.0,1001.36,13.19,286.24,5.71,60.38,15.19,9.17,6.02,5.72,9.16,1214.0,1.67,0.8747512654299362,152.9
2015-04-09 11:40:00,8509200.0,1001.26,13.93,286.99,6.14,59.31,15.94,9.45,6.48,5.89,9.44,1210.61,1.6,0.9497299453239307,196.5
2015-04-09 11:50:00,8509800.0,1001.08,14.01,287.08,5.99,58.38,16.02,9.35,6.67,5.83,9.34,1210.1,2.43,1.387105578038899,199.7
2015-04-09 12:00:00,8510400.0,1000.93,13.9,286.98,5.96,58.69,15.9,9.33,6.57,5.82,9.33,1210.39,1.87,1.2996304514959054,141.0
2015-04-09 12:10:00,8511000.0,1000.78,14.24,287.34,6.08,57.86,16.26,9.41,6.85,5.87,9.4,1208.75,2.23,1.2246517716019107,144.2
2015-04-09 12:20:00,8511600.0,1000.64,14.7,287.81,6.13,56.37,16.75,9.44,7.31,5.89,9.44,1206.63,2.83,1.3121268981449044,169.7
2015-04-09 12:30:00,8512200.0,1000.5,14.88,288.0,6.04,55.39,16.95,9.39,7.56,5.86,9.38,1205.72,2.25,1.0996873051119198,163.2
2015-04-09 12:40:00,8512800.0,1000.42,15.01,288.14,6.06,55.0,17.09,9.4,7.69,5.86,9.4,1205.09,2.61,1.1371766450589171,165.2
2015-04-09 12:50:00,8513400.0,1000.31,15.51,288.64,6.23,53.89,17.65,9.51,8.14,5.93,9.51,1202.81,1.62,1.0372050718669243,159.2
2015-04-09 13:00:00,8514000.0,1000.28,15.79,288.93,6.29,53.14,17.97,9.55,8.42,5.96,9.55,1201.59,1.56,0.8872477120789353,155.5
2015-04-09 13:10:00,8514600.0,1000.22,15.82,288.96,6.38,53.38,18.0,9.61,8.39,6.0,9.61,1201.37,1.26,0.6748081190459508,78.2
2015-04-09 13:20:00,8515200.0,1000.11,15.94,289.09,6.48,53.32,18.14,9.67,8.47,6.04,9.67,1200.71,1.83,1.055949741840423,117.5
2015-04-09 13:30:00,8515800.0,1000.01,15.75,288.91,6.35,53.51,17.92,9.59,8.33,5.99,9.59,1201.42,1.75,0.9247370520259326,34.15
2015-04-09 13:40:00,8516400.0,999.9,15.68,288.85,6.13,52.93,17.84,9.44,8.4,5.9,9.44,1201.64,1.66,0.9497299453239307,54.49
2015-04-09 13:50:00,8517000.0,999.77,15.98,289.16,6.34,52.7,18.19,9.58,8.6,5.98,9.59,1200.17,1.69,1.3121268981449044,17.93
2015-04-09 14:00:00,8517600.0,999.62,15.95,289.14,6.19,52.24,18.15,9.48,8.67,5.92,9.49,1200.16,2.55,1.2496446648999089,52.65
2015-04-09 14:10:00,8518200.0,999.5,15.95,289.15,6.39,52.98,18.15,9.62,8.54,6.01,9.62,1199.96,1.52,1.262141111548908,74.6
2015-04-09 14:20:00,8518800.0,999.34,16.1,289.31,6.56,53.08,18.33,9.73,8.6,6.08,9.73,1199.09,2.38,1.068446188489422,46.45
2015-04-09 14:30:00,8519400.0,999.25,16.23,289.45,6.76,53.38,18.48,9.86,8.62,6.16,9.87,1198.38,2.01,1.1996588783039124,1.84
2015-04-09 14:40:00,8520000.0,999.16,16.42,289.65,6.92,53.32,18.7,9.97,8.73,6.23,9.98,1197.44,2.25,1.5870487244228844,32.89
2015-04-09 14:50:00,8520600.0,999.08,16.22,289.46,7.17,54.95,18.47,10.15,8.32,6.34,10.16,1198.09,3.56,1.724509637561874,24.43
2015-04-09 15:00:00,8521200.0,998.99,16.07,289.31,7.05,55.01,18.29,10.06,8.23,6.29,10.07,1198.64,3.24,1.6495309576678798,12.94
2015-04-09 15:10:00,8521800.0,998.84,16.14,289.4,7.09,54.92,18.37,10.09,8.28,6.31,10.1,1198.16,2.26,1.2371482182509097,15.07
2015-04-09 15:20:00,8522400.0,998.78,16.35,289.61,6.92,53.57,18.62,9.98,8.65,6.24,9.99,1197.27,2.99,1.412098471336897,52.23
2015-04-09 15:30:00,8523000.0,998.67,16.08,289.35,6.83,54.15,18.3,9.91,8.39,6.2,9.92,1198.29,3.24,1.4870771512308916,37.08
2015-04-09 15:40:00,8523600.0,998.51,16.17,289.45,7.07,54.74,18.41,10.08,8.33,6.3,10.09,1197.64,2.77,1.5995451710718833,25.82
2015-04-09 15:50:00,8524200.0,998.44,16.2,289.49,7.03,54.49,18.44,10.05,8.39,6.28,10.07,1197.44,3.61,1.5683040544493856,40.32
2015-04-09 16:00:00,8524800.0,998.4,16.0,289.29,7.14,55.6,18.21,10.12,8.09,6.33,10.14,1198.2,4.13,1.9744385705418561,40.61
2015-04-09 16:10:00,8525400.0,998.32,15.85,289.15,7.12,56.06,18.04,10.11,7.93,6.32,10.13,1198.72,4.07,1.8244812107538668,23.64
2015-04-09 16:20:00,8526000.0,998.29,15.85,289.15,7.15,56.18,18.04,10.13,7.9,6.34,10.15,1198.68,4.16,1.7807436474823701,29.16
2015-04-09 16:30:00,8526600.0,998.2,15.8,289.11,7.11,56.21,17.98,10.11,7.87,6.32,10.12,1198.79,3.9,1.7619989775088714,27.73
2015-04-09 16:40:00,8527200.0,998.19,15.8,289.11,7.16,56.39,17.98,10.14,7.84,6.34,10.16,1198.76,3.94,1.7120131909128753,32.41
2015-04-09 16:50:00,8527800.0,998.13,15.71,289.02,7.02,56.18,17.88,10.04,7.83,6.28,10.06,1199.11,3.47,1.6557791809923792,35.93
2015-04-09 17:00:00,8528400.0,998.09,15.67,288.99,7.1,56.64,17.83,10.1,7.73,6.32,10.12,1199.2,3.77,1.6370345110188806,29.73
2015-04-09 17:10:00,8529000.0,998.08,15.58,288.9,7.09,56.91,17.73,10.09,7.64,6.31,10.11,1199.56,3.66,1.6245380643698817,28.45
2015-04-09 17:20:00,8529600.0,998.07,15.55,288.87,7.16,57.29,17.69,10.14,7.56,6.34,10.16,1199.66,3.3,1.3746091313898998,25.39
2015-04-09 17:30:00,8530200.0,998.08,15.53,288.85,7.17,57.4,17.67,10.14,7.53,6.35,10.16,1199.75,3.45,1.4745807045818924,26.17
2015-04-09 17:40:00,8530800.0,998.01,15.47,288.79,7.17,57.64,17.6,10.15,7.46,6.35,10.17,1199.91,3.23,1.4495878112838942,23.33
2015-04-09 17:50:00,8531400.0,998.01,15.36,288.68,7.21,58.21,17.48,10.17,7.3,6.37,10.19,1200.36,3.4,1.549559384475887,24.84
2015-04-09 18:00:00,8532000.0,998.02,15.21,288.53,7.24,58.9,17.31,10.2,7.11,6.38,10.22,1200.99,4.13,1.5995451710718833,39.19
2015-04-09 18:10:00,8532600.0,998.12,15.0,288.32,7.35,60.14,17.08,10.27,6.81,6.43,10.29,1201.94,3.55,1.5620558311248862,28.98
2015-04-09 18:20:00,8533200.0,998.16,14.88,288.19,7.49,61.2,16.95,10.37,6.58,6.49,10.39,1202.45,3.06,1.3746091313898998,40.04
2015-04-09 18:30:00,8533800.0,998.16,14.72,288.03,7.46,61.69,16.77,10.35,6.43,6.47,10.37,1203.13,3.35,1.412098471336897,38.86
2015-04-09 18:40:00,8534400.0,998.17,14.56,287.87,7.49,62.48,16.6,10.37,6.23,6.49,10.39,1203.8,1.91,1.0871908584629206,51.04
2015-04-09 18:50:00,8535000.0,998.18,14.43,287.74,7.46,62.89,16.46,10.35,6.11,6.48,10.37,1204.36,1.64,0.8872477120789353,53.64
2015-04-09 19:00:00,8535600.0,998.23,14.28,287.59,7.45,63.46,16.3,10.35,5.96,6.47,10.36,1205.05,1.39,0.712297458992948,85.4
2015-04-09 19:10:00,8536200.0,998.25,14.16,287.46,7.47,64.03,16.18,10.36,5.82,6.48,10.38,1205.58,0.9,0.5748365458539582,96.2
2015-04-09 19:20:00,8536800.0,998.23,13.92,287.23,7.43,64.83,15.93,10.32,5.6,6.46,10.34,1206.58,0.51,0.3936380694434713,197.8
2015-04-09 19:30:00,8537400.0,998.22,13.66,286.97,7.32,65.47,15.66,10.25,5.41,6.41,10.27,1207.69,0.35,0.27492182627797995,231.0
2015-04-09 19:40:00,8538000.0,998.28,13.4,286.7,7.27,66.33,15.4,10.21,5.18,6.39,10.23,1208.88,0.57,0.3374040595229754,195.8
2015-04-09 19:50:00,8538600.0,998.21,13.2,286.51,7.19,66.84,15.2,10.16,5.04,6.35,10.17,1209.66,1.0,0.6373187790989535,165.1
2015-04-09 20:00:00,8539200.0,998.21,12.95,286.26,7.06,67.37,14.95,10.07,4.88,6.3,10.09,1210.76,1.1,0.8872477120789353,153.2
2015-04-09 20:10:00,8539800.0,998.25,12.82,286.12,7.04,67.83,14.82,10.05,4.77,6.29,10.07,1211.37,0.72,0.47486497266196537,220.2
2015-04-09 20:20:00,8540400.0,998.25,12.79,286.09,6.99,67.73,14.79,10.02,4.77,6.27,10.04,1211.51,1.01,0.5748365458539582,202.8
2015-04-09 20:30:00,8541000.0,998.21,12.67,285.98,6.89,67.82,14.68,9.95,4.72,6.23,9.97,1212.0,0.86,0.4623685260129663,197.6
2015-04-09 20:40:00,8541600.0,998.21,12.53,285.84,6.87,68.32,14.54,9.94,4.61,6.21,9.95,1212.6,1.3,0.562340099204959,203.3
2015-04-09 20:50:00,8542200.0,998.2,12.27,285.58,6.83,69.33,14.3,9.91,4.38,6.2,9.93,1213.71,1.38,0.5873329925029571,213.8
2015-04-09 21:00:00,8542800.0,998.2,12.11,285.42,6.84,70.1,14.15,9.92,4.23,6.2,9.93,1214.39,1.52,0.562340099204959,227.8
2015-04-09 21:10:00,8543400.0,998.19,12.05,285.36,6.71,69.75,14.09,9.83,4.26,6.15,9.85,1214.67,1.61,0.6498152257479527,215.0
2015-04-09 21:20:00,8544000.0,998.14,11.96,285.27,6.55,69.41,14.01,9.72,4.28,6.08,9.74,1215.04,1.07,0.49360964263546403,206.0
2015-04-09 21:30:00,8544600.0,998.08,11.76,285.08,6.48,70.0,13.82,9.68,4.15,6.05,9.69,1215.85,0.78,0.32490761287397635,207.9
2015-04-09 21:40:00,8545200.0,998.08,11.55,284.87,6.4,70.6,13.63,9.62,4.01,6.02,9.64,1216.76,0.48,0.2999147195759781,197.5
2015-04-09 21:50:00,8545800.0,998.08,11.27,284.59,6.36,71.7,13.38,9.59,3.79,6.0,9.61,1217.98,0.22,0.18744669973498632,13.88
2015-04-09 22:00:00,8546400.0,998.08,10.59,283.91,6.3,74.7,12.79,9.55,3.24,5.98,9.57,1220.91,0.34,0.17495025308598727,100.9
2015-04-09 22:10:00,8547000.0,998.09,10.32,283.63,6.21,75.6,12.56,9.5,3.06,5.94,9.51,1222.12,0.48,0.2874182729269791,223.3
2015-04-09 22:20:00,8547600.0,998.08,10.2,283.52,6.07,75.5,12.46,9.41,3.05,5.88,9.43,1222.66,0.69,0.3374040595229754,225.0
2015-04-09 22:30:00,8548200.0,998.08,10.2,283.52,6.04,75.3,12.46,9.38,3.08,5.87,9.4,1222.68,0.58,0.4623685260129663,245.9
2015-04-09 22:40:00,8548800.0,998.07,9.95,283.27,6.04,76.6,12.25,9.39,2.87,5.87,9.4,1223.73,0.59,0.3374040595229754,52.83
2015-04-09 22:50:00,8549400.0,998.07,9.51,282.83,5.8,77.6,11.9,9.23,2.66,5.77,9.25,1225.71,0.72,0.5186025359334622,232.1
2015-04-09 23:00:00,8550000.0,998.03,8.96,282.28,5.62,79.5,11.46,9.11,2.35,5.7,9.13,1228.11,1.25,0.6998010123439491,232.7
2015-04-09 23:10:00,8550600.0,998.03,8.67,281.99,5.62,81.1,11.24,9.11,2.12,5.7,9.13,1229.37,1.51,0.7372903522909462,240.8
2015-04-09 23:20:00,8551200.0,998.08,8.56,281.88,5.58,81.5,11.16,9.09,2.06,5.69,9.11,1229.92,1.65,0.6373187790989535,211.5
2015-04-09 23:30:00,8551800.0,998.05,8.41,281.73,5.65,82.7,11.04,9.13,1.91,5.71,9.15,1230.52,1.95,0.8247654788339399,223.6
2015-04-09 23:40:00,8552400.0,997.96,8.42,281.74,5.64,82.6,11.05,9.13,1.92,5.71,9.15,1230.38,1.97,0.7935243622114422,232.4
2015-04-09 23:50:00,8553000.0,997.96,8.26,281.58,5.59,83.2,10.93,9.09,1.84,5.69,9.11,1231.08,1.69,0.7247939056419471,240.1
2015-04-10 00:00:00,8553600.0,998.01,8.04,281.36,5.37,83.2,10.77,8.96,1.81,5.6,8.98,1232.17,1.14,0.5123543126089626,196.6
2015-04-10 00:10:00,8554200.0,997.97,7.76,281.08,5.42,85.1,10.56,8.99,1.57,5.62,9.01,1233.33,0.94,0.44987207936396717,199.5
2015-04-10 00:20:00,8554800.0,997.96,7.72,281.04,5.4,85.2,10.53,8.98,1.56,5.61,8.99,1233.5,0.97,0.47486497266196537,223.6
2015-04-10 00:30:00,8555400.0,997.94,7.57,280.9,5.27,85.3,10.43,8.89,1.53,5.56,8.91,1234.18,0.92,0.5373472059069608,232.3
2015-04-10 00:40:00,8556000.0,997.85,7.36,280.69,5.21,86.2,10.28,8.86,1.42,5.54,8.88,1235.0,1.21,0.4873614193109645,216.9
2015-04-10 00:50:00,8556600.0,997.82,7.29,280.63,5.21,86.6,10.23,8.86,1.37,5.54,8.88,1235.28,1.34,0.5748365458539582,211.2
2015-04-10 01:00:00,8557200.0,997.73,6.85,280.2,5.0,87.9,9.93,8.73,1.2,5.46,8.75,1237.15,1.27,0.562340099204959,211.6
2015-04-10 01:10:00,8557800.0,997.68,6.68,280.02,4.98,88.9,9.81,8.72,1.09,5.45,8.74,1237.88,1.32,0.5373472059069608,200.5
2015-04-10 01:20:00,8558400.0,997.61,6.49,279.84,4.86,89.3,9.68,8.64,1.04,5.41,8.66,1238.68,0.83,0.41238273941696996,184.2
2015-04-10 01:30:00,8559000.0,997.56,6.15,279.5,4.62,89.9,9.45,8.5,0.95,5.32,8.52,1240.17,0.68,0.44987207936396717,200.8
2015-04-10 01:40:00,8559600.0,997.48,6.17,279.53,4.78,90.8,9.47,8.6,0.87,5.38,8.62,1239.95,0.89,0.39988629276797083,197.4
2015-04-10 01:50:00,8560200.0,997.47,6.21,279.57,4.81,90.7,9.5,8.61,0.88,5.39,8.63,1239.73,0.5,0.32490761287397635,206.4
2015-04-10 02:00:00,8560800.0,997.39,6.38,279.75,4.98,90.7,9.61,8.71,0.89,5.45,8.74,1238.83,0.87,0.46861674933746583,200.7
2015-04-10 02:10:00,8561400.0,997.29,6.56,279.94,5.11,90.4,9.73,8.79,0.93,5.5,8.82,1237.88,1.04,0.6498152257479527,204.2
2015-04-10 02:20:00,8562000.0,997.27,6.59,279.97,5.06,89.9,9.75,8.77,0.98,5.49,8.79,1237.72,0.32,0.27492182627797995,55.81
2015-04-10 02:30:00,8562600.0,997.24,6.45,279.83,4.84,89.4,9.65,8.63,1.02,5.4,8.65,1238.4,0.24,0.21243959303298451,50.14
2015-04-10 02:40:00,8563200.0,997.25,5.9,279.28,4.35,89.7,9.3,8.34,0.96,5.22,8.36,1240.95,0.46,0.2561771563044813,107.8
2015-04-10 02:50:00,8563800.0,997.22,5.5,278.88,4.19,91.3,9.04,8.25,0.79,5.16,8.27,1242.78,1.18,0.5248507592579618,199.0
2015-04-10 03:00:00,8564400.0,997.23,5.38,278.77,4.35,93.0,8.97,8.34,0.63,5.22,8.36,1243.24,0.57,0.2624253796289809,205.4
2015-04-10 03:10:00,8565000.0,997.21,5.52,278.9,4.57,93.6,9.05,8.47,0.58,5.3,8.49,1242.56,0.52,0.38738984611897176,145.7
2015-04-10 03:20:00,8565600.0,997.16,5.19,278.58,4.01,92.0,8.85,8.14,0.71,5.09,8.16,1244.1,0.9,0.5498436525559599,193.4
2015-04-10 03:30:00,8566200.0,997.21,5.01,278.39,4.01,93.2,8.73,8.14,0.59,5.09,8.16,1244.99,0.86,0.47486497266196537,189.8
2015-04-10 03:40:00,8566800.0,997.23,5.12,278.5,4.24,94.0,8.8,8.28,0.53,5.18,8.3,1244.44,0.64,0.3124111662249772,208.8
2015-04-10 03:50:00,8567400.0,997.21,5.41,278.79,4.54,94.1,8.98,8.45,0.53,5.29,8.47,1243.07,0.49,0.27492182627797995,199.2
2015-04-10 04:00:00,8568000.0,997.14,5.21,278.59,4.22,93.3,8.85,8.26,0.59,5.17,8.29,1243.96,0.59,0.24992893297998178,156.8
2015-04-10 04:10:00,8568600.0,997.13,5.17,278.56,4.23,93.6,8.83,8.27,0.57,5.17,8.29,1244.1,0.37,0.19994314638398542,122.6
2015-04-10 04:20:00,8569200.0,997.15,4.64,278.02,3.5,92.3,8.51,7.85,0.66,4.91,7.88,1246.71,0.59,0.36239695282097356,178.7
2015-04-10 04:30:00,8569800.0,997.13,4.6,277.99,3.75,94.2,8.49,8.0,0.49,5.0,8.02,1246.79,1.01,0.39988629276797083,206.6
2015-04-10 04:40:00,8570400.0,997.14,4.77,278.16,4.0,94.7,8.59,8.13,0.46,5.09,8.16,1245.97,0.99,0.5373472059069608,201.6
2015-04-10 04:50:00,8571000.0,997.15,4.83,278.22,4.1,95.0,8.63,8.19,0.43,5.13,8.22,1245.69,1.28,0.7247939056419471,183.3
2015-04-10 05:00:00,8571600.0,997.13,4.75,278.14,4.01,94.9,8.58,8.14,0.44,5.09,8.17,1246.03,1.12,0.6623116723969518,178.1
2015-04-10 05:10:00,8572200.0,997.07,4.58,277.97,3.82,94.8,8.47,8.03,0.44,5.03,8.06,1246.79,0.39,0.37489339946997263,221.8
2015-04-10 05:20:00,8572800.0,997.09,4.53,277.92,3.81,95.1,8.44,8.03,0.41,5.02,8.05,1247.04,0.54,0.36239695282097356,198.2
2015-04-10 05:30:00,8573400.0,997.03,4.56,277.95,3.87,95.3,8.46,8.06,0.4,5.05,8.09,1246.82,0.54,0.39988629276797083,157.3
2015-04-10 05:40:00,8574000.0,997.09,4.24,277.63,3.45,94.6,8.28,7.83,0.45,4.9,7.85,1248.44,0.57,0.42487918606596903,177.4
2015-04-10 05:50:00,8574600.0,997.11,4.38,277.77,3.7,95.3,8.36,7.97,0.39,4.98,7.99,1247.74,1.31,0.837261925482939,177.2
2015-04-10 06:00:00,8575200.0,997.13,4.41,277.8,3.68,95.0,8.38,7.96,0.42,4.98,7.98,1247.64,1.0,0.5373472059069608,180.7
2015-04-10 06:10:00,8575800.0,997.21,4.11,277.49,3.29,94.4,8.2,7.74,0.46,4.84,7.76,1249.22,1.08,0.5748365458539582,153.4
2015-04-10 06:20:00,8576400.0,997.23,4.18,277.56,3.35,94.3,8.24,7.77,0.47,4.86,7.79,1248.89,0.63,0.3374040595229754,164.9
2015-04-10 06:30:00,8577000.0,997.26,4.21,277.59,3.25,93.4,8.26,7.71,0.55,4.83,7.74,1248.82,0.93,0.41238273941696996,191.4
2015-04-10 06:40:00,8577600.0,997.35,4.51,277.88,3.56,93.5,8.43,7.89,0.55,4.93,7.91,1247.52,0.43,0.22493603968198359,212.6
2015-04-10 06:50:00,8578200.0,997.35,5.01,278.39,3.8,91.8,8.74,8.02,0.72,5.02,8.04,1245.2,0.64,0.39988629276797083,163.3
2015-04-10 07:00:00,8578800.0,997.35,5.34,278.71,3.77,89.6,8.94,8.01,0.93,5.01,8.03,1243.75,0.37,0.22493603968198359,209.9
2015-04-10 07:10:00,8579400.0,997.41,5.84,279.2,3.88,87.2,9.25,8.07,1.18,5.05,8.09,1241.57,0.64,0.4623685260129663,178.9
2015-04-10 07:20:00,8580000.0,997.45,6.28,279.64,3.97,85.1,9.54,8.12,1.42,5.08,8.14,1239.64,1.1,0.6623116723969518,149.4
2015-04-10 07:30:00,8580600.0,997.41,6.52,279.89,4.14,84.7,9.7,8.22,1.48,5.14,8.24,1238.46,1.03,0.5435954292314603,145.4
2015-04-10 07:40:00,8581200.0,997.35,6.74,280.11,4.11,83.3,9.85,8.2,1.64,5.13,8.22,1237.44,1.27,0.6060776624764558,145.7
2015-04-10 07:50:00,8581800.0,997.3,7.14,280.52,4.32,82.2,10.12,8.32,1.8,5.21,8.34,1235.55,0.72,0.44987207936396717,170.6
2015-04-10 08:00:00,8582400.0,997.34,7.89,281.26,4.72,80.3,10.66,8.56,2.1,5.35,8.58,1232.19,0.54,0.39988629276797083,149.2
2015-04-10 08:10:00,8583000.0,997.33,8.54,281.92,4.81,77.3,11.14,8.61,2.53,5.39,8.63,1229.31,0.99,0.712297458992948,148.9
2015-04-10 08:20:00,8583600.0,997.26,8.83,282.21,4.9,76.3,11.36,8.67,2.69,5.42,8.69,1227.93,1.78,1.0247086252179252,148.8
2015-04-10 08:30:00,8584200.0,997.23,8.92,282.3,5.04,76.6,11.43,8.76,2.67,5.48,8.78,1227.46,1.29,0.6998010123439491,140.5
2015-04-10 08:40:00,8584800.0,997.2,9.55,282.94,5.29,74.7,11.93,8.91,3.02,5.58,8.93,1224.62,1.2,0.6873045656949499,147.4
2015-04-10 08:50:00,8585400.0,997.13,10.01,283.4,5.54,73.7,12.3,9.07,3.24,5.68,9.09,1222.47,1.29,0.6060776624764558,146.2
2015-04-10 09:00:00,8586000.0,997.11,10.55,283.95,5.77,72.2,12.75,9.21,3.55,5.76,9.24,1220.05,1.16,0.6123258858009554,141.8
2015-04-10 09:10:00,8586600.0,997.1,11.13,284.53,6.04,70.8,13.26,9.39,3.87,5.88,9.41,1217.47,1.06,0.6248223324499544,141.7
2015-04-10 09:20:00,8587200.0,997.06,12.01,285.41,6.3,68.0,14.05,9.56,4.5,5.98,9.58,1213.59,0.73,0.42487918606596903,158.4
2015-04-10 09:30:00,8587800.0,996.98,12.8,286.21,6.58,65.82,14.8,9.74,5.06,6.1,9.77,1210.04,0.83,0.562340099204959,137.7
2015-04-10 09:40:00,8588400.0,996.89,13.41,286.83,6.64,63.49,15.41,9.78,5.62,6.13,9.81,1207.34,0.8,0.5248507592579618,143.2
2015-04-10 09:50:00,8589000.0,996.83,13.98,287.4,6.7,61.45,15.99,9.82,6.16,6.15,9.86,1204.86,0.93,0.6123258858009554,113.6
2015-04-10 10:00:00,8589600.0,996.77,14.43,287.86,6.64,59.41,16.46,9.78,6.68,6.13,9.81,1202.92,1.19,0.712297458992948,133.7
2015-04-10 10:10:00,8590200.0,996.71,14.82,288.25,6.6,57.78,16.88,9.75,7.13,6.11,9.79,1201.22,1.12,0.6498152257479527,144.2
2015-04-10 10:20:00,8590800.0,996.65,15.2,288.64,6.61,56.41,17.3,9.76,7.54,6.11,9.79,1199.57,1.43,0.7872761388869426,143.4
2015-04-10 10:30:00,8591400.0,996.54,15.89,289.34,6.72,54.4,18.08,9.84,8.25,6.16,9.87,1196.53,1.27,0.8247654788339399,135.7
2015-04-10 10:40:00,8592000.0,996.47,16.2,289.65,6.24,51.59,18.44,9.52,8.93,5.96,9.55,1195.32,1.55,0.8497583721319381,155.5
2015-04-10 10:50:00,8592600.0,996.3,16.76,290.23,6.29,49.97,19.11,9.55,9.56,5.98,9.59,1192.79,0.9,0.6123258858009554,135.0
2015-04-10 11:00:00,8593200.0,996.2,17.19,290.67,6.21,48.33,19.64,9.49,10.15,5.95,9.53,1190.93,1.13,0.7497867989399453,160.4
2015-04-10 11:10:00,8593800.0,996.11,17.14,290.62,6.11,48.17,19.58,9.43,10.15,5.91,9.47,1191.05,1.91,1.1559213150324157,133.9
2015-04-10 11:20:00,8594400.0,995.98,17.7,291.19,6.41,47.46,20.29,9.63,10.66,6.03,9.67,1188.52,1.1,0.9997157319199271,116.4
2015-04-10 11:30:00,8595000.0,995.85,17.58,291.09,6.23,47.22,20.13,9.51,10.63,5.96,9.55,1188.91,2.39,1.3121268981449044,97.4
2015-04-10 11:40:00,8595600.0,995.76,17.37,290.88,6.29,48.07,19.87,9.55,10.32,5.99,9.59,1189.64,2.47,1.3121268981449044,125.4
2015-04-10 11:50:00,8596200.0,995.72,17.42,290.94,6.35,48.1,19.93,9.59,10.34,6.01,9.63,1189.37,1.82,1.3121268981449044,60.82
2015-04-10 12:00:00,8596800.0,995.64,17.84,291.36,6.39,46.99,20.46,9.62,10.85,6.03,9.66,1187.54,1.54,0.974722838621929,120.8
2015-04-10 12:10:00,8597400.0,995.51,18.01,291.55,6.4,46.5,20.69,9.62,11.07,6.03,9.66,1186.69,2.26,1.274637558197907,119.3
2015-04-10 12:20:00,8598000.0,995.36,17.81,291.36,6.31,46.8,20.43,9.56,10.87,6.0,9.6,1187.35,2.99,1.5745522777738852,94.5
2015-04-10 12:30:00,8598600.0,995.25,18.0,291.56,6.27,46.13,20.67,9.54,11.14,5.98,9.58,1186.46,2.66,1.2496446648999089,102.2
2015-04-10 12:40:00,8599200.0,995.12,18.25,291.82,6.36,45.68,21.0,9.59,11.41,6.02,9.64,1185.26,1.96,1.0621979651649225,74.4
2015-04-10 12:50:00,8599800.0,995.05,18.42,291.99,6.2,44.72,21.22,9.49,11.73,5.95,9.54,1184.53,2.41,1.3746091313898998,68.28
2015-04-10 13:00:00,8600400.0,994.98,18.74,292.32,6.38,44.36,21.65,9.61,12.05,6.03,9.65,1183.1,1.87,1.4433395879593949,91.3
2015-04-10 13:10:00,8601000.0,994.88,18.85,292.44,6.2,43.53,21.8,9.49,12.31,5.96,9.54,1182.59,2.5,1.2996304514959054,99.3
2015-04-10 13:20:00,8601600.0,994.77,19.0,292.6,6.44,43.83,22.01,9.65,12.36,6.05,9.7,1181.77,1.5,1.1746659850059142,182.5
2015-04-10 13:30:00,8602200.0,994.67,19.1,292.71,6.34,43.27,22.15,9.58,12.56,6.01,9.63,1181.28,1.87,1.0621979651649225,119.4
2015-04-10 13:40:00,8602800.0,994.56,18.66,292.28,6.13,43.82,21.55,9.44,12.1,5.93,9.49,1183.0,1.98,1.1496730917079163,113.6
2015-04-10 13:50:00,8603400.0,994.44,18.86,292.49,6.16,43.36,21.82,9.46,12.36,5.94,9.51,1182.03,1.36,0.8122690321849408,77.9
2015-04-10 14:00:00,8604000.0,994.34,18.87,292.5,6.42,44.13,21.83,9.63,12.2,6.05,9.69,1181.8,1.83,0.8122690321849408,18.62
2015-04-10 14:10:00,8604600.0,994.21,19.09,292.74,6.34,43.28,22.13,9.58,12.55,6.01,9.63,1180.78,2.22,1.0309568485424248,19.68
2015-04-10 14:20:00,8605200.0,994.06,19.14,292.8,6.33,43.13,22.2,9.58,12.63,6.01,9.63,1180.39,1.51,0.837261925482939,301.3
2015-04-10 14:30:00,8605800.0,993.94,19.74,293.41,6.23,41.26,23.05,9.51,13.54,5.97,9.57,1177.87,1.79,1.124680198409918,105.6
2015-04-10 14:40:00,8606400.0,993.81,19.95,293.63,6.28,40.88,23.35,9.54,13.8,6.0,9.6,1176.86,3.26,1.424594917985896,160.3
2015-04-10 14:50:00,8607000.0,993.74,20.25,293.94,6.23,39.97,23.78,9.51,14.28,5.97,9.57,1175.58,1.97,0.8497583721319381,167.3
2015-04-10 15:00:00,8607600.0,993.66,20.07,293.76,5.94,39.62,23.52,9.32,14.2,5.85,9.38,1176.29,2.18,1.2246517716019107,169.6
2015-04-10 15:10:00,8608200.0,993.6,20.26,293.96,5.94,39.16,23.8,9.32,14.48,5.86,9.38,1175.46,1.22,0.8122690321849408,170.4
2015-04-10 15:20:00,8608800.0,993.48,20.2,293.91,5.55,38.26,23.71,9.07,14.64,5.7,9.13,1175.67,1.69,1.1496730917079163,171.3
2015-04-10 15:30:00,8609400.0,993.36,19.81,293.53,5.69,39.57,23.15,9.16,13.99,5.75,9.22,1177.05,1.93,1.0746944118139217,152.5
2015-04-10 15:40:00,8610000.0,993.27,19.89,293.62,5.76,39.58,23.26,9.21,14.05,5.79,9.27,1176.6,1.18,0.7997725855359417,118.1
2015-04-10 15:50:00,8610600.0,993.18,20.21,293.95,5.76,38.8,23.73,9.21,14.52,5.79,9.27,1175.21,1.06,0.712297458992948,76.3
2015-04-10 16:00:00,8611200.0,993.05,20.11,293.86,5.91,39.45,23.58,9.3,14.28,5.85,9.37,1175.41,2.21,1.1496730917079163,49.35
2015-04-10 16:10:00,8611800.0,992.91,20.08,293.84,6.02,39.82,23.54,9.37,14.16,5.89,9.44,1175.34,2.26,1.4495878112838942,89.5
2015-04-10 16:20:00,8612400.0,992.82,20.53,294.3,6.25,39.35,24.2,9.52,14.68,5.99,9.59,1173.36,2.13,1.412098471336897,146.6
2015-04-10 16:30:00,8613000.0,992.79,20.44,294.21,6.23,39.5,24.07,9.51,14.56,5.98,9.57,1173.7,3.21,1.7994883174558687,170.5
2015-04-10 16:40:00,8613600.0,992.7,20.26,294.04,6.03,39.39,23.8,9.37,14.42,5.89,9.44,1174.37,2.95,1.2371482182509097,147.9
2015-04-10 16:50:00,8614200.0,992.57,20.09,293.88,5.96,39.62,23.55,9.33,14.22,5.87,9.4,1174.91,2.47,1.1684177616814149,182.9
2015-04-10 17:00:00,8614800.0,992.52,20.17,293.96,6.07,39.72,23.67,9.4,14.27,5.91,9.47,1174.5,2.62,1.5370629378268879,183.4
2015-04-10 17:10:00,8615400.0,992.41,20.18,293.98,6.08,39.75,23.68,9.41,14.27,5.92,9.49,1174.33,2.61,1.3746091313898998,176.9
2015-04-10 17:20:00,8616000.0,992.3,19.96,293.77,6.04,40.18,23.36,9.39,13.98,5.91,9.46,1175.09,2.61,1.4308431413103957,183.0
2015-04-10 17:30:00,8616600.0,992.19,19.96,293.78,6.08,40.27,23.36,9.41,13.95,5.92,9.48,1174.95,2.26,1.3121268981449044,157.4
2015-04-10 17:40:00,8617200.0,992.17,20.19,294.01,6.06,39.66,23.7,9.4,14.3,5.91,9.47,1174.01,2.15,1.274637558197907,168.4
2015-04-10 17:50:00,8617800.0,992.14,20.15,293.97,6.17,40.06,23.64,9.47,14.17,5.96,9.54,1174.1,1.97,0.8809994887544357,181.5
2015-04-10 18:00:00,8618400.0,992.11,19.86,293.68,6.16,40.77,23.22,9.47,13.75,5.96,9.54,1175.23,2.09,1.0372050718669243,190.3
2015-04-10 18:10:00,8619000.0,992.06,19.39,293.22,6.17,41.99,22.55,9.47,13.08,5.96,9.54,1177.06,1.3,0.837261925482939,178.9
2015-04-10 18:20:00,8619600.0,992.08,18.95,292.78,6.15,43.11,21.94,9.46,12.48,5.95,9.53,1178.86,1.93,0.7872761388869426,190.9
2015-04-10 18:30:00,8620200.0,992.11,18.7,292.52,6.15,43.79,21.6,9.46,12.14,5.95,9.53,1179.9,1.84,0.9872192852709281,193.3
2015-04-10 18:40:00,8620800.0,992.13,18.38,292.2,6.24,44.94,21.17,9.51,11.66,5.99,9.59,1181.2,1.89,0.7997725855359417,199.5
2015-04-10 18:50:00,8621400.0,992.1,18.19,292.01,6.2,45.37,20.92,9.49,11.43,5.97,9.57,1181.94,1.62,0.6873045656949499,206.3
2015-04-10 19:00:00,8622000.0,992.12,17.98,291.8,6.28,46.23,20.65,9.54,11.1,6.01,9.62,1182.79,1.17,0.5748365458539582,210.5
2015-04-10 19:10:00,8622600.0,992.14,17.75,291.57,6.33,47.04,20.35,9.57,10.78,6.02,9.65,1183.74,1.19,0.5810847691784576,222.6
2015-04-10 19:20:00,8623200.0,992.19,17.6,291.41,6.35,47.56,20.16,9.59,10.57,6.03,9.66,1184.4,1.44,0.5873329925029571,220.7
2015-04-10 19:30:00,8623800.0,992.28,17.44,291.24,6.34,48.02,19.95,9.58,10.37,6.03,9.66,1185.17,1.38,0.6560634490724522,216.4
2015-04-10 19:40:00,8624400.0,992.31,17.11,290.91,6.35,49.07,19.54,9.59,9.95,6.03,9.66,1186.55,0.8,0.4873614193109645,213.1
2015-04-10 19:50:00,8625000.0,992.39,16.76,290.55,6.38,50.25,19.11,9.6,9.51,6.04,9.68,1188.07,0.81,0.4873614193109645,199.3
2015-04-10 20:00:00,8625600.0,992.44,16.44,290.23,6.47,51.61,18.73,9.67,9.06,6.08,9.74,1189.41,0.61,0.47486497266196537,185.6
2015-04-10 20:10:00,8626200.0,992.43,15.98,289.77,6.4,52.89,18.19,9.62,8.57,6.05,9.69,1191.31,0.39,0.24368070965548225,199.1
2015-04-10 20:20:00,8626800.0,992.41,15.65,289.44,6.32,53.72,17.81,9.57,8.24,6.02,9.64,1192.68,0.46,0.20619136970848498,228.7
2015-04-10 20:30:00,8627400.0,992.48,15.46,289.24,6.24,54.09,17.59,9.52,8.08,5.98,9.59,1193.57,0.54,0.23118426300648315,230.9
2015-04-10 20:40:00,8628000.0,992.52,15.22,289.0,6.27,55.06,17.32,9.54,7.78,6.0,9.61,1194.6,0.43,0.27492182627797995,94.5
2015-04-10 20:50:00,8628600.0,992.53,14.5,288.28,5.98,56.52,16.54,9.35,7.19,5.88,9.42,1197.69,0.7,0.42487918606596903,208.3
2015-04-10 21:00:00,8629200.0,992.58,14.28,288.05,5.86,56.84,16.3,9.27,7.04,5.83,9.34,1198.7,0.5,0.37489339946997263,197.8
2015-04-10 21:10:00,8629800.0,992.56,13.99,287.76,5.89,58.07,16.0,9.29,6.71,5.84,9.36,1199.88,0.29,0.2624253796289809,28.6
2015-04-10 21:20:00,8630400.0,992.55,13.73,287.5,5.92,59.17,15.73,9.31,6.42,5.85,9.38,1200.95,0.21,0.13121268981449044,59.32
2015-04-10 21:30:00,8631000.0,992.55,13.25,287.02,5.84,60.71,15.25,9.26,5.99,5.82,9.32,1202.98,0.3,0.17495025308598727,334.5
2015-04-10 21:40:00,8631600.0,992.47,12.82,286.6,5.53,61.13,14.82,9.06,5.76,5.7,9.13,1204.78,0.79,0.4623685260129663,211.9
2015-04-10 21:50:00,8632200.0,992.43,12.78,286.56,5.27,60.15,14.78,8.89,5.89,5.59,8.96,1204.98,0.65,0.48111319598646496,229.9
2015-04-10 22:00:00,8632800.0,992.4,12.67,286.45,5.25,60.54,14.68,8.89,5.79,5.59,8.95,1205.41,0.37,0.37489339946997263,249.2
2015-04-10 22:10:00,8633400.0,992.39,11.93,285.71,5.2,63.33,13.98,8.85,5.13,5.57,8.92,1208.54,0.75,0.5186025359334622,200.8
2015-04-10 22:20:00,8634000.0,992.31,11.46,285.25,4.53,62.32,13.55,8.45,5.11,5.31,8.51,1210.63,1.91,0.8060208088604413,216.7
2015-04-10 22:30:00,8634600.0,992.31,11.89,285.68,4.33,59.73,13.94,8.33,5.61,5.24,8.39,1208.86,1.87,0.712297458992948,220.2
2015-04-10 22:40:00,8635200.0,992.31,11.8,285.59,4.9,62.53,13.86,8.67,5.19,5.45,8.73,1209.08,1.37,0.5998294391519562,206.7
2015-04-10 22:50:00,8635800.0,992.31,11.34,285.13,5.0,64.94,13.44,8.73,4.71,5.49,8.8,1211.01,1.35,0.6373187790989535,190.5
2015-04-10 23:00:00,8636400.0,992.31,11.02,284.81,4.93,66.01,13.16,8.69,4.47,5.46,8.75,1212.39,0.7,0.5248507592579618,195.5
2015-04-10 23:10:00,8637000.0,992.31,10.79,284.58,4.93,67.0,12.96,8.68,4.28,5.46,8.75,1213.38,0.53,0.39988629276797083,196.3
2015-04-10 23:20:00,8637600.0,992.33,9.76,283.54,4.27,68.57,12.1,8.3,3.8,5.22,8.36,1218.0,1.48,0.6998010123439491,201.9
2015-04-10 23:30:00,8638200.0,992.41,9.58,283.36,4.08,68.45,11.95,8.18,3.77,5.14,8.24,1218.93,1.86,0.7497867989399453,218.4
2015-04-10 23:40:00,8638800.0,992.33,9.63,283.41,4.12,68.43,11.99,8.21,3.79,5.16,8.27,1218.6,1.14,0.4873614193109645,211.7
2015-04-10 23:50:00,8639400.0,992.3,9.39,283.18,4.35,70.7,11.8,8.34,3.46,5.25,8.41,1219.54,1.51,0.5873329925029571,208.5
2015-04-11 00:00:00,8640000.0,992.31,9.55,283.33,4.47,70.5,11.93,8.41,3.52,5.29,8.47,1218.83,1.56,0.8185172555094403,201.2
2015-04-11 00:10:00,8640600.0,992.26,9.37,283.16,4.35,70.8,11.78,8.34,3.44,5.25,8.41,1219.57,1.58,0.7810279155624431,209.0
2015-04-11 00:20:00,8641200.0,992.22,9.23,283.02,4.28,71.1,11.67,8.3,3.37,5.22,8.36,1220.15,1.6,0.974722838621929,206.0
2015-04-11 00:30:00,8641800.0,992.15,9.17,282.97,4.22,71.1,11.63,8.27,3.36,5.2,8.33,1220.34,1.64,0.9372334986749317,204.3
2015-04-11 00:40:00,8642400.0,992.06,9.16,282.96,4.17,70.9,11.62,8.24,3.38,5.18,8.3,1220.28,1.54,0.8497583721319381,203.7
2015-04-11 00:50:00,8643000.0,992.0,9.1,282.91,4.12,70.9,11.57,8.2,3.37,5.16,8.27,1220.48,1.58,0.8122690321849408,202.9
2015-04-11 01:00:00,8643600.0,991.89,8.9,282.72,4.04,71.5,11.42,8.16,3.25,5.13,8.23,1221.23,2.01,1.0497015185159235,196.5
2015-04-11 01:10:00,8644200.0,991.81,8.71,282.53,4.04,72.4,11.27,8.16,3.11,5.13,8.23,1221.96,1.78,0.974722838621929,191.7
2015-04-11 01:20:00,8644800.0,991.8,8.39,282.21,3.91,73.3,11.03,8.08,2.94,5.08,8.15,1223.37,1.67,0.7747796922379435,203.8
2015-04-11 01:30:00,8645400.0,991.72,8.25,282.08,3.89,73.9,10.92,8.07,2.85,5.08,8.14,1223.88,1.98,0.9372334986749317,188.6
2015-04-11 01:40:00,8646000.0,991.7,8.13,281.96,3.87,74.4,10.83,8.06,2.77,5.07,8.13,1224.39,1.0,0.6873045656949499,189.6
2015-04-11 01:50:00,8646600.0,991.72,8.03,281.86,3.85,74.8,10.76,8.05,2.71,5.06,8.12,1224.85,1.2,0.862254818780937,190.9
2015-04-11 02:00:00,8647200.0,991.7,7.81,281.64,3.73,75.3,10.6,7.98,2.62,5.02,8.05,1225.82,1.18,0.9497299453239307,191.9
2015-04-11 02:10:00,8647800.0,991.73,6.97,280.8,3.39,77.9,10.01,7.79,2.21,4.9,7.86,1229.62,1.33,0.6123258858009554,186.6
2015-04-11 02:20:00,8648400.0,991.79,6.7,280.52,3.56,80.3,9.82,7.89,1.93,4.96,7.95,1230.85,1.53,0.7497867989399453,182.8
2015-04-11 02:30:00,8649000.0,991.74,6.51,280.34,3.48,80.9,9.7,7.84,1.85,4.93,7.91,1231.62,1.58,0.7372903522909462,179.6
2015-04-11 02:40:00,8649600.0,991.74,6.37,280.19,3.48,81.7,9.6,7.84,1.76,4.93,7.91,1232.26,2.01,0.9872192852709281,165.1
2015-04-11 02:50:00,8650200.0,991.69,6.27,280.09,3.43,82.0,9.53,7.82,1.72,4.92,7.88,1232.65,0.59,0.41238273941696996,169.3
2015-04-11 03:00:00,8650800.0,991.7,6.1,279.92,3.39,82.7,9.42,7.79,1.63,4.9,7.86,1233.43,1.06,0.5998294391519562,181.0
2015-04-11 03:10:00,8651400.0,991.71,5.93,279.76,3.36,83.5,9.32,7.78,1.54,4.89,7.84,1234.17,1.32,0.6998010123439491,171.3
2015-04-11 03:20:00,8652000.0,991.69,5.86,279.69,3.36,83.9,9.27,7.78,1.49,4.89,7.84,1234.46,1.41,0.6248223324499544,189.1
2015-04-11 03:30:00,8652600.0,991.64,6.1,279.93,3.53,83.5,9.43,7.87,1.56,4.95,7.94,1233.29,1.14,0.7372903522909462,219.8
2015-04-11 03:40:00,8653200.0,991.67,6.44,280.26,3.63,82.2,9.64,7.93,1.72,4.99,7.99,1231.83,1.15,0.6560634490724522,224.6
2015-04-11 03:50:00,8653800.0,991.64,6.55,280.38,3.57,81.2,9.72,7.89,1.83,4.97,7.96,1231.3,1.46,0.7997725855359417,196.2
2015-04-11 04:00:00,8654400.0,991.62,6.23,280.07,3.47,82.4,9.51,7.84,1.67,4.93,7.9,1232.71,2.02,0.9997157319199271,194.1
2015-04-11 04:10:00,8655000.0,991.58,6.01,279.85,3.44,83.5,9.37,7.82,1.55,4.92,7.89,1233.64,1.44,0.8997441587279343,188.7
2015-04-11 04:20:00,8655600.0,991.57,5.86,279.7,3.38,84.0,9.27,7.79,1.48,4.9,7.85,1234.3,1.34,0.7247939056419471,171.3
2015-04-11 04:30:00,8656200.0,991.52,5.74,279.58,3.34,84.5,9.19,7.76,1.42,4.89,7.83,1234.81,1.29,0.5998294391519562,178.3
2015-04-11 04:40:00,8656800.0,991.44,5.57,279.41,3.32,85.4,9.08,7.76,1.33,4.88,7.82,1235.46,1.53,0.837261925482939,188.4
2015-04-11 04:50:00,8657400.0,991.44,5.5,279.35,3.21,85.1,9.04,7.69,1.35,4.84,7.76,1235.79,1.54,0.712297458992948,182.3
2015-04-11 05:00:00,8658000.0,991.41,5.27,279.11,3.19,86.4,8.89,7.68,1.21,4.83,7.75,1236.8,1.58,0.6873045656949499,198.3
2015-04-11 05:10:00,8658600.0,991.38,5.12,278.97,3.08,86.6,8.8,7.62,1.18,4.8,7.69,1237.43,1.05,0.49985786595996357,195.0
2015-04-11 05:20:00,8659200.0,991.46,4.96,278.8,3.07,87.5,8.71,7.62,1.09,4.79,7.68,1238.25,0.88,0.4623685260129663,177.0
2015-04-11 05:30:00,8659800.0,991.51,4.9,278.74,3.02,87.6,8.67,7.59,1.07,4.78,7.66,1238.6,0.96,0.562340099204959,161.5
2015-04-11 05:40:00,8660400.0,991.55,4.81,278.65,3.0,88.0,8.62,7.58,1.03,4.77,7.65,1239.04,1.33,0.9872192852709281,159.4
2015-04-11 05:50:00,8661000.0,991.61,4.7,278.53,2.99,88.6,8.55,7.57,0.97,4.77,7.64,1239.61,1.39,0.837261925482939,176.7
2015-04-11 06:00:00,8661600.0,991.63,4.66,278.49,2.99,88.9,8.52,7.58,0.95,4.77,7.64,1239.82,1.48,0.7060492356684485,184.0
2015-04-11 06:10:00,8662200.0,991.65,4.66,278.49,3.03,89.1,8.53,7.6,0.93,4.78,7.66,1239.82,1.73,0.8747512654299362,184.5
2015-04-11 06:20:00,8662800.0,991.73,4.76,278.58,3.1,89.0,8.58,7.64,0.94,4.8,7.7,1239.49,1.66,1.0247086252179252,171.3
2015-04-11 06:30:00,8663400.0,991.77,4.84,278.66,3.12,88.6,8.63,7.65,0.98,4.81,7.71,1239.16,1.44,0.7872761388869426,167.0
2015-04-11 06:40:00,8664000.0,991.73,5.01,278.83,3.25,88.3,8.74,7.71,1.02,4.85,7.78,1238.31,0.87,0.5248507592579618,171.6
2015-04-11 06:50:00,8664600.0,991.71,5.3,279.12,3.37,87.3,8.91,7.78,1.13,4.9,7.85,1236.97,0.97,0.6123258858009554,195.5
2015-04-11 07:00:00,8665200.0,991.75,5.85,279.67,3.55,85.1,9.26,7.88,1.38,4.96,7.95,1234.53,1.04,0.6873045656949499,208.0
2015-04-11 07:10:00,8665800.0,991.8,6.04,279.86,3.55,84.0,9.39,7.89,1.5,4.96,7.95,1233.74,1.42,0.7997725855359417,189.2
2015-04-11 07:20:00,8666400.0,991.88,6.26,280.08,3.77,84.0,9.53,8.01,1.52,5.04,8.07,1232.81,0.87,0.6873045656949499,177.0
2015-04-11 07:30:00,8667000.0,991.98,6.8,280.61,3.92,81.8,9.89,8.09,1.8,5.09,8.16,1230.53,1.05,0.5873329925029571,150.1
2015-04-11 07:40:00,8667600.0,991.99,6.97,280.77,4.01,81.4,10.01,8.14,1.86,5.12,8.21,1229.79,1.6,0.8997441587279343,169.8
2015-04-11 07:50:00,8668200.0,991.96,7.22,281.03,4.22,81.2,10.18,8.27,1.91,5.2,8.33,1228.59,1.06,0.7372903522909462,176.5
2015-04-11 08:00:00,8668800.0,991.97,7.76,281.57,4.47,79.6,10.56,8.41,2.16,5.29,8.48,1226.17,0.58,0.37489339946997263,200.5
2015-04-11 08:10:00,8669400.0,991.96,8.19,282.0,4.58,77.9,10.88,8.47,2.4,5.33,8.54,1224.25,0.62,0.3686451761454731,196.1
2015-04-11 08:20:00,8670000.0,991.96,8.92,282.73,4.78,75.2,11.43,8.6,2.83,5.41,8.67,1221.03,0.71,0.44987207936396717,204.9
2015-04-11 08:30:00,8670600.0,992.03,9.7,283.51,5.03,72.6,12.05,8.75,3.3,5.5,8.82,1217.68,0.8,0.5748365458539582,207.2
2015-04-11 08:40:00,8671200.0,992.07,10.17,283.98,5.1,70.7,12.43,8.79,3.64,5.53,8.86,1215.69,0.96,0.6498152257479527,181.7
2015-04-11 08:50:00,8671800.0,992.07,11.05,284.86,5.3,67.6,13.19,8.91,4.27,5.61,8.99,1211.87,1.57,0.9809710619464285,143.4
2015-04-11 09:00:00,8672400.0,992.08,11.62,285.43,5.44,65.71,13.7,9.0,4.7,5.66,9.07,1209.41,1.55,0.862254818780937,148.5
2015-04-11 09:10:00,8673000.0,992.11,12.43,286.24,5.54,62.73,14.45,9.06,5.38,5.7,9.13,1205.99,2.48,1.1371766450589171,145.1
2015-04-11 09:20:00,8673600.0,992.19,12.93,286.73,5.85,62.02,14.93,9.26,5.67,5.83,9.33,1203.89,1.41,0.9934675085954277,156.1
2015-04-11 09:30:00,8674200.0,992.19,13.74,287.54,5.93,59.17,15.74,9.31,6.43,5.86,9.39,1200.46,1.41,0.6498152257479527,143.4
2015-04-11 09:40:00,8674800.0,992.23,14.35,288.15,5.93,56.87,16.38,9.31,7.06,5.86,9.39,1197.97,1.6,0.7247939056419471,147.1
2015-04-11 09:50:00,8675400.0,992.24,15.31,289.11,5.96,53.58,17.42,9.33,8.09,5.87,9.41,1193.98,1.18,0.6248223324499544,134.3
2015-04-11 10:00:00,8676000.0,992.32,16.46,290.26,5.59,48.52,18.75,9.1,9.65,5.72,9.17,1189.44,1.9,1.5151941561911395,177.4
2015-04-11 10:10:00,8676600.0,992.32,17.22,291.02,4.96,44.24,19.68,8.71,10.97,5.48,8.77,1186.51,3.47,1.6901444092771267,208.1
2015-04-11 10:20:00,8677200.0,992.27,18.09,291.9,5.0,42.0,20.79,8.73,12.06,5.49,8.8,1182.89,2.9,1.4183466946613965,188.7
2015-04-11 10:30:00,8677800.0,992.23,18.43,292.24,5.25,41.82,21.24,8.88,12.36,5.59,8.95,1181.4,4.89,2.477420548164069,211.4
2015-04-11 10:40:00,8678400.0,992.16,18.47,292.29,5.25,41.72,21.29,8.88,12.41,5.59,8.95,1181.15,5.87,2.8773068409320404,213.6
2015-04-11 10:50:00,8679000.0,992.21,18.5,292.31,5.3,41.8,21.33,8.92,12.41,5.61,8.99,1181.08,5.58,2.60238501465406,214.2
2015-04-11 11:00:00,8679600.0,992.15,18.9,292.72,5.51,41.37,21.87,9.05,12.82,5.69,9.12,1179.33,5.48,3.2522002404020127,209.6
2015-04-11 11:10:00,8680200.0,992.13,18.8,292.62,5.47,41.49,21.74,9.02,12.72,5.67,9.09,1179.72,6.67,2.7398459277930503,214.9
2015-04-11 11:20:00,8680800.0,992.12,18.62,292.44,5.32,41.54,21.49,8.93,12.56,5.62,9.0,1180.48,6.35,2.827321054336044,219.7
2015-04-11 11:30:00,8681400.0,992.13,18.89,292.71,5.76,42.1,21.86,9.2,12.66,5.79,9.28,1179.27,4.22,2.140016488641094,221.6
2015-04-11 11:40:00,8682000.0,992.08,19.28,293.11,5.81,41.23,22.4,9.23,13.16,5.81,9.31,1177.63,4.9,2.7523423744420494,216.9
2015-04-11 11:50:00,8682600.0,992.05,18.74,292.57,5.39,41.43,21.65,8.97,12.68,5.64,9.04,1179.89,7.52,3.0147677540710305,213.0
2015-04-11 12:00:00,8683200.0,992.1,18.52,292.34,5.32,41.78,21.36,8.92,12.43,5.61,8.99,1180.86,6.7,2.7898317143890465,208.5
2015-04-11 12:10:00,8683800.0,992.15,18.44,292.26,5.46,42.42,21.25,9.01,12.24,5.67,9.09,1181.2,6.14,2.9022997342300383,218.6
2015-04-11 12:20:00,8684400.0,992.11,18.36,292.18,5.37,42.35,21.14,8.95,12.19,5.63,9.03,1181.51,6.54,3.345923590269506,204.4
2015-04-11 12:30:00,8685000.0,992.12,18.48,292.3,5.31,41.87,21.3,8.92,12.38,5.61,8.99,1181.05,5.98,2.7523423744420494,206.2
2015-04-11 12:40:00,8685600.0,992.08,18.52,292.34,5.1,41.16,21.36,8.79,12.57,5.53,8.86,1180.9,8.09,3.6145971932229863,215.0
2015-04-11 12:50:00,8686200.0,992.07,18.53,292.35,5.13,41.21,21.37,8.81,12.56,5.54,8.88,1180.84,6.91,3.577107853275989,211.7
2015-04-11 13:00:00,8686800.0,992.04,18.56,292.39,4.98,40.7,21.41,8.71,12.7,5.48,8.78,1180.72,7.71,3.6270936398719855,213.0
2015-04-11 13:10:00,8687400.0,992.02,18.44,292.27,4.9,40.8,21.25,8.67,12.58,5.45,8.74,1181.2,7.96,3.277193133700011,213.1
2015-04-11 13:20:00,8688000.0,992.03,18.45,292.28,4.98,40.98,21.26,8.71,12.55,5.48,8.78,1181.16,6.97,3.3396753669450066,215.9
2015-04-11 13:30:00,8688600.0,992.13,18.35,292.17,5.1,41.59,21.13,8.79,12.34,5.53,8.86,1181.65,6.03,3.1772215605080185,217.1
2015-04-11 13:40:00,8689200.0,992.16,18.35,292.17,5.43,42.57,21.13,9.0,12.14,5.66,9.07,1181.59,5.38,2.9022997342300383,218.4
2015-04-11 13:50:00,8689800.0,992.04,18.14,291.97,5.18,42.38,20.85,8.84,12.02,5.56,8.91,1182.37,8.16,4.039476379288955,218.7
2015-04-11 14:00:00,8690400.0,992.0,18.06,291.89,5.31,42.99,20.75,8.92,11.83,5.61,8.99,1182.61,7.43,3.577107853275989,215.8
2015-04-11 14:10:00,8691000.0,992.03,18.16,291.99,5.5,43.28,20.88,9.04,11.84,5.69,9.11,1182.18,6.27,2.6648672478990556,218.6
2015-04-11 14:20:00,8691600.0,991.89,18.51,292.35,5.55,42.49,21.34,9.07,12.28,5.71,9.14,1180.58,7.51,3.2522002404020127,209.7
2015-04-11 14:30:00,8692200.0,991.82,18.43,292.28,5.47,42.46,21.24,9.02,12.22,5.67,9.09,1180.85,9.06,3.889519019500966,214.6
2015-04-11 14:40:00,8692800.0,991.84,18.42,292.26,5.46,42.46,21.22,9.01,12.21,5.67,9.09,1180.92,8.4,3.9395048060969624,212.3
2015-04-11 14:50:00,8693400.0,991.8,18.66,292.51,5.62,42.31,21.55,9.12,12.43,5.74,9.19,1179.85,6.81,3.052257094018027,206.6
2015-04-11 15:00:00,8694000.0,991.81,18.84,292.69,5.88,42.6,21.79,9.28,12.51,5.84,9.36,1179.06,6.1,2.727349481144051,215.1
2015-04-11 15:10:00,8694600.0,991.78,18.87,292.72,5.49,41.39,21.83,9.04,12.79,5.69,9.11,1179.01,8.2,3.5208738433554934,214.3
2015-04-11 15:20:00,8695200.0,991.86,18.68,292.52,5.68,42.43,21.57,9.15,12.42,5.76,9.23,1179.82,6.15,3.5146256200309938,221.1
2015-04-11 15:30:00,8695800.0,991.99,18.47,292.3,5.76,43.23,21.29,9.2,12.09,5.79,9.28,1180.8,4.99,2.889803287581039,222.6
2015-04-11 15:40:00,8696400.0,992.09,18.22,292.04,5.68,43.67,20.96,9.15,11.81,5.76,9.23,1181.96,4.23,2.496165218137568,218.3
2015-04-11 15:50:00,8697000.0,992.16,18.17,291.99,5.82,44.23,20.89,9.24,11.65,5.81,9.31,1182.21,4.02,2.5024134414620676,221.6
2015-04-11 16:00:00,8697600.0,992.24,17.91,291.72,5.75,44.74,20.56,9.2,11.36,5.79,9.27,1183.38,4.24,1.961942123892857,217.9
2015-04-11 16:10:00,8698200.0,992.29,17.65,291.45,5.76,45.51,20.22,9.2,11.02,5.79,9.27,1184.49,6.37,3.664582979818983,221.2
2015-04-11 16:20:00,8698800.0,992.39,17.3,291.1,5.89,46.95,19.78,9.29,10.49,5.84,9.36,1186.0,6.67,3.1397322205610214,212.2
2015-04-11 16:30:00,8699400.0,992.52,17.23,291.01,6.16,48.04,19.69,9.46,10.23,5.95,9.53,1186.37,5.42,2.6648672478990556,214.1
2015-04-11 16:40:00,8700000.0,992.57,17.45,291.23,6.27,47.74,19.97,9.53,10.44,6.0,9.6,1185.5,5.72,2.7398459277930503,211.6
2015-04-11 16:50:00,8700600.0,992.69,17.47,291.24,6.32,47.87,19.99,9.57,10.42,6.02,9.64,1185.54,3.91,2.177505828588091,221.8
2015-04-11 17:00:00,8701200.0,992.84,17.27,291.03,6.02,47.46,19.74,9.37,10.37,5.89,9.44,1186.63,4.15,2.477420548164069,224.9
2015-04-11 17:10:00,8701800.0,992.87,16.94,290.69,5.58,47.0,19.33,9.09,10.25,5.71,9.15,1188.14,3.9,2.2024987218860894,218.8
2015-04-11 17:20:00,8702400.0,992.82,16.63,290.39,5.4,47.35,18.96,8.98,9.98,5.64,9.04,1189.4,5.11,2.3524560816740787,214.6
2015-04-11 17:30:00,8703000.0,992.88,16.46,290.21,5.53,48.3,18.75,9.06,9.69,5.69,9.12,1190.14,3.73,1.977562682204106,219.1
2015-04-11 17:40:00,8703600.0,993.07,16.3,290.04,5.72,49.46,18.56,9.18,9.38,5.77,9.24,1190.97,3.93,2.3399596350250795,217.6
2015-04-11 17:50:00,8704200.0,993.18,16.02,289.75,5.89,50.93,18.23,9.29,8.95,5.84,9.35,1192.21,4.72,2.477420548164069,210.9
2015-04-11 18:00:00,8704800.0,993.25,15.81,289.53,6.01,52.04,17.99,9.36,8.63,5.88,9.43,1193.12,3.77,1.9650662355551067,221.6
2015-04-11 18:10:00,8705400.0,993.33,15.62,289.33,6.21,53.41,17.77,9.49,8.28,5.97,9.56,1193.95,4.47,2.2024987218860894,215.9
2015-04-11 18:20:00,8706000.0,993.48,15.36,289.06,6.41,55.1,17.48,9.63,7.85,6.05,9.69,1195.14,3.82,2.121271818667595,213.3
2015-04-11 18:30:00,8706600.0,993.63,15.22,288.91,6.39,55.5,17.32,9.61,7.71,6.04,9.68,1195.91,3.15,1.890087555661112,221.3
2015-04-11 18:40:00,8707200.0,993.74,15.15,288.83,6.43,55.91,17.24,9.64,7.6,6.06,9.7,1196.32,2.7,1.3808573547143992,212.8
2015-04-11 18:50:00,8707800.0,993.81,15.03,288.7,6.49,56.59,17.11,9.68,7.43,6.08,9.74,1196.88,3.52,2.140016488641094,210.9
2015-04-11 19:00:00,8708400.0,993.96,14.84,288.5,6.57,57.6,16.9,9.74,7.17,6.12,9.8,1197.82,3.74,1.9088322256346109,215.2
2015-04-11 19:10:00,8709000.0,994.17,14.56,288.2,6.62,58.84,16.6,9.77,6.83,6.13,9.82,1199.23,2.62,1.3371197914429025,211.6
2015-04-11 19:20:00,8709600.0,994.3,14.35,287.98,6.69,59.92,16.38,9.81,6.56,6.16,9.87,1200.25,3.77,1.9525697889061076,212.9
2015-04-11 19:30:00,8710200.0,994.49,14.23,287.84,6.76,60.68,16.25,9.86,6.39,6.19,9.91,1200.96,4.19,2.389945421621076,211.0
2015-04-11 19:40:00,8710800.0,994.64,14.09,287.69,6.85,61.64,16.1,9.93,6.18,6.23,9.98,1201.7,3.54,1.865094662363114,212.3
2015-04-11 19:50:00,8711400.0,994.8,13.9,287.49,6.91,62.65,15.9,9.96,5.94,6.25,10.02,1202.66,3.2,1.7776195358201206,214.9
2015-04-11 20:00:00,8712000.0,994.95,13.84,287.42,6.94,63.02,15.84,9.98,5.86,6.27,10.03,1203.09,3.75,1.9900591288531049,210.5
2015-04-11 20:10:00,8712600.0,995.06,13.8,287.37,6.95,63.26,15.8,10.0,5.81,6.27,10.05,1203.39,3.12,1.702640855926126,211.8
2015-04-11 20:20:00,8713200.0,995.14,13.59,287.15,6.74,63.18,15.59,9.85,5.74,6.18,9.9,1204.43,3.54,1.9838109055286053,205.4
2015-04-11 20:30:00,8713800.0,995.2,13.4,286.95,6.95,64.89,15.4,9.99,5.41,6.27,10.04,1205.24,3.57,1.6651515159791286,203.2
2015-04-11 20:40:00,8714400.0,995.39,13.18,286.72,7.11,66.56,15.18,10.1,5.07,6.34,10.15,1206.34,3.23,1.6901444092771267,201.8
2015-04-11 20:50:00,8715000.0,995.56,12.99,286.51,7.13,67.52,14.99,10.12,4.87,6.35,10.17,1207.35,3.5,1.7338819725486234,204.3
2015-04-11 21:00:00,8715600.0,995.63,12.87,286.39,7.09,67.87,14.87,10.09,4.78,6.33,10.14,1207.94,3.28,1.590172836085134,205.9
2015-04-11 21:10:00,8716200.0,995.79,12.83,286.34,7.05,67.82,14.83,10.06,4.77,6.31,10.1,1208.32,2.97,1.4714565929196426,201.5
2015-04-11 21:20:00,8716800.0,995.9,12.73,286.23,6.99,68.01,14.74,10.02,4.71,6.28,10.06,1208.9,2.58,1.5651799427871358,211.5
2015-04-11 21:30:00,8717400.0,995.96,12.72,286.21,6.94,67.83,14.73,9.99,4.74,6.26,10.03,1209.03,3.32,1.5651799427871358,207.1
2015-04-11 21:40:00,8718000.0,995.89,12.73,286.23,6.92,67.68,14.74,9.97,4.76,6.25,10.01,1208.91,4.25,1.9900591288531049,208.0
2015-04-11 21:50:00,8718600.0,996.02,12.7,286.19,6.91,67.78,14.71,9.97,4.74,6.25,10.01,1209.19,3.05,1.5276906028401385,215.2
2015-04-11 22:00:00,8719200.0,996.12,12.68,286.16,6.94,68.01,14.69,9.99,4.7,6.26,10.03,1209.39,2.63,1.262141111548908,208.8
2015-04-11 22:10:00,8719800.0,996.16,12.72,286.19,6.95,67.88,14.73,10.0,4.73,6.26,10.03,1209.27,2.03,1.3121268981449044,201.6
2015-04-11 22:20:00,8720400.0,996.17,12.57,286.04,6.93,68.42,14.58,9.98,4.6,6.25,10.01,1209.93,1.61,0.7997725855359417,210.7
2015-04-11 22:30:00,8721000.0,996.38,12.6,286.06,6.93,68.3,14.61,9.98,4.63,6.25,10.01,1210.05,2.57,1.3371197914429025,222.0
2015-04-11 22:40:00,8721600.0,996.76,12.61,286.04,6.96,68.4,14.62,10.0,4.62,6.26,10.03,1210.46,1.34,0.8310137021584395,249.2
2015-04-11 22:50:00,8722200.0,996.88,12.7,286.12,6.98,68.11,14.71,10.02,4.69,6.27,10.05,1210.22,1.09,0.562340099204959,222.3
2015-04-11 23:00:00,8722800.0,996.91,12.67,286.08,7.02,68.41,14.68,10.04,4.64,6.29,10.07,1210.38,0.64,0.47486497266196537,171.4
2015-04-11 23:10:00,8723400.0,997.06,12.78,286.18,7.05,68.05,14.78,10.06,4.72,6.3,10.09,1210.08,0.84,0.5998294391519562,141.5
2015-04-11 23:20:00,8724000.0,997.14,12.87,286.26,7.04,67.6,14.87,10.05,4.82,6.29,10.08,1209.8,1.33,0.9372334986749317,214.3
2015-04-11 23:30:00,8724600.0,997.22,12.93,286.32,7.04,67.34,14.93,10.05,4.88,6.29,10.08,1209.65,1.04,0.837261925482939,202.6
2015-04-11 23:40:00,8725200.0,997.48,12.92,286.29,6.99,67.16,14.92,10.02,4.9,6.27,10.05,1210.02,1.1,1.0372050718669243,252.7
2015-04-11 23:50:00,8725800.0,997.6,12.89,286.25,6.96,67.17,14.89,10.0,4.89,6.26,10.03,1210.31,0.73,0.5498436525559599,226.3
2015-04-12 00:00:00,8726400.0,997.86,12.81,286.15,6.97,67.56,14.81,10.01,4.81,6.26,10.03,1210.95,1.52,0.9872192852709281,265.0
2015-04-12 00:10:00,8727000.0,998.43,12.24,285.53,7.19,71.2,14.27,10.16,4.11,6.35,10.17,1214.0,3.15,1.92132867228361,298.1
2015-04-12 00:20:00,8727600.0,998.83,10.73,283.98,6.28,73.9,12.91,9.54,3.37,5.96,9.55,1221.24,3.05,1.7776195358201206,293.6
2015-04-12 00:30:00,8728200.0,999.13,10.18,283.41,6.04,75.4,12.44,9.38,3.06,5.86,9.39,1224.05,1.95,1.6151657293831323,295.2
2015-04-12 00:40:00,8728800.0,999.4,10.06,283.27,5.77,74.6,12.34,9.21,3.14,5.75,9.21,1224.98,2.89,1.8713428856876135,286.5
2015-04-12 00:50:00,8729400.0,999.64,10.02,283.21,5.46,73.2,12.31,9.01,3.3,5.63,9.01,1225.53,1.81,1.9150804489591102,289.6
2015-04-12 01:00:00,8730000.0,999.75,10.0,283.18,4.68,69.44,12.29,8.54,3.76,5.33,8.54,1225.99,1.95,1.1371766450589171,304.4
2015-04-12 01:10:00,8730600.0,1000.01,9.85,283.01,4.2,67.8,12.17,8.25,3.92,5.15,8.25,1227.09,2.59,1.865094662363114,279.8
2015-04-12 01:20:00,8731200.0,1000.19,9.57,282.71,2.78,62.49,11.94,7.46,4.48,4.65,7.46,1228.89,2.18,1.4777048162441424,295.0
2015-04-12 01:30:00,8731800.0,1000.25,9.3,282.44,2.4,61.95,11.73,7.27,4.46,4.53,7.26,1230.23,1.98,1.5026977095421403,297.0
2015-04-12 01:40:00,8732400.0,1000.31,9.04,282.18,2.2,62.15,11.52,7.16,4.36,4.47,7.16,1231.48,2.21,1.7401301958731232,290.9
2015-04-12 01:50:00,8733000.0,1000.37,8.79,281.92,2.05,62.54,11.33,7.09,4.24,4.42,7.08,1232.69,1.82,1.78386775914462,317.9
2015-04-12 02:00:00,8733600.0,1000.77,8.5,281.6,2.11,64.05,11.11,7.12,3.99,4.43,7.11,1234.43,1.57,1.1309284217344175,301.7
2015-04-12 02:10:00,8734200.0,1001.05,8.2,281.28,2.15,65.56,10.89,7.14,3.75,4.45,7.13,1236.09,1.59,1.4777048162441424,278.9
2015-04-12 02:20:00,8734800.0,1001.25,7.95,281.01,2.19,66.84,10.7,7.15,3.55,4.46,7.14,1237.43,1.14,0.8497583721319381,287.5
2015-04-12 02:30:00,8735400.0,1001.28,7.65,280.71,2.06,67.59,10.48,7.09,3.4,4.41,7.08,1238.82,1.75,1.0122121785689262,276.1
2015-04-12 02:40:00,8736000.0,1001.52,7.39,280.43,1.67,66.92,10.3,6.89,3.41,4.29,6.88,1240.35,1.11,0.7872761388869426,287.0
2015-04-12 02:50:00,8736600.0,1001.55,7.21,280.25,1.34,66.17,10.17,6.73,3.44,4.19,6.72,1241.27,1.76,1.0247086252179252,286.2
2015-04-12 03:00:00,8737200.0,1001.64,7.03,280.06,1.43,67.42,10.05,6.77,3.27,4.22,6.76,1242.15,1.38,0.8247654788339399,324.1
2015-04-12 03:10:00,8737800.0,1001.62,6.88,279.91,1.49,68.39,9.95,6.8,3.14,4.24,6.79,1242.77,0.81,0.6998010123439491,258.0
2015-04-12 03:20:00,8738400.0,1001.63,6.67,279.7,1.16,67.78,9.8,6.64,3.16,4.14,6.63,1243.8,0.76,0.6935527890194495,330.6
2015-04-12 03:30:00,8739000.0,1001.74,6.47,279.49,0.73,66.59,9.67,6.44,3.23,4.01,6.43,1244.91,1.28,0.837261925482939,279.7
2015-04-12 03:40:00,8739600.0,1001.83,6.32,279.33,0.38,65.63,9.57,6.28,3.29,3.91,6.27,1245.8,1.71,0.7997725855359417,254.8
2015-04-12 03:50:00,8740200.0,1001.92,6.23,279.24,0.38,66.03,9.51,6.28,3.23,3.91,6.27,1246.3,1.73,1.0309568485424248,257.4
2015-04-12 04:00:00,8740800.0,1002.18,6.13,279.12,0.67,67.91,9.44,6.41,3.03,3.99,6.4,1247.0,1.24,0.6748081190459508,240.5
2015-04-12 04:10:00,8741400.0,1002.4,6.13,279.09,0.64,67.78,9.44,6.4,3.04,3.98,6.38,1247.3,0.68,0.41238273941696996,245.4
2015-04-12 04:20:00,8742000.0,1002.32,6.12,279.09,0.4,66.65,9.44,6.29,3.15,3.91,6.27,1247.29,1.19,0.562340099204959,257.0
2015-04-12 04:30:00,8742600.0,1002.4,6.04,279.01,0.26,66.36,9.38,6.23,3.16,3.87,6.21,1247.77,1.1,0.5748365458539582,231.9
2015-04-12 04:40:00,8743200.0,1002.48,5.94,278.9,0.16,66.33,9.32,6.18,3.14,3.84,6.17,1248.34,1.7,0.7747796922379435,236.0
2015-04-12 04:50:00,8743800.0,1002.45,5.91,278.88,-0.22,64.59,9.3,6.01,3.29,3.74,5.99,1248.5,2.08,0.9309852753504321,247.6
2015-04-12 05:00:00,8744400.0,1002.47,5.85,278.81,-0.5,63.58,9.26,5.89,3.37,3.66,5.87,1248.86,1.7,0.9247370520259326,237.2
2015-04-12 05:10:00,8745000.0,1002.66,5.69,278.63,-0.69,63.44,9.16,5.81,3.35,3.61,5.79,1249.87,2.74,1.2496446648999089,239.1
2015-04-12 05:20:00,8745600.0,1002.68,5.52,278.46,-0.98,62.84,9.05,5.69,3.36,3.54,5.67,1250.72,2.96,1.1871624316549134,240.7
2015-04-12 05:30:00,8746200.0,1002.84,5.33,278.27,-1.12,62.97,8.93,5.63,3.31,3.5,5.61,1251.78,2.75,1.0621979651649225,236.6
2015-04-12 05:40:00,8746800.0,1002.99,5.18,278.11,-1.44,62.17,8.84,5.5,3.34,3.42,5.48,1252.69,1.65,0.9497299453239307,244.4
2015-04-12 05:50:00,8747400.0,1003.02,5.26,278.18,-1.44,61.84,8.89,5.5,3.39,3.41,5.48,1252.4,0.51,0.5186025359334622,252.1
2015-04-12 06:00:00,8748000.0,1003.13,5.22,278.13,-1.26,62.83,8.87,5.57,3.3,3.46,5.55,1252.66,0.41,0.2874182729269791,64.71
2015-04-12 06:10:00,8748600.0,1003.07,5.23,278.15,-1.5,61.67,8.87,5.47,3.4,3.4,5.45,1252.57,1.63,0.8497583721319381,236.2
2015-04-12 06:20:00,8749200.0,1003.15,5.29,278.2,-1.42,61.8,8.91,5.5,3.4,3.42,5.49,1252.42,0.98,0.8060208088604413,216.0
2015-04-12 06:30:00,8749800.0,1003.35,5.61,278.5,-1.05,62.1,9.11,5.66,3.45,3.51,5.64,1251.15,0.94,0.562340099204959,199.5
2015-04-12 06:40:00,8750400.0,1003.41,5.67,278.56,-1.04,61.88,9.15,5.66,3.49,3.52,5.64,1250.95,1.04,0.4873614193109645,214.5
2015-04-12 06:50:00,8751000.0,1003.46,5.54,278.42,-0.83,63.44,9.06,5.75,3.31,3.57,5.73,1251.56,0.79,0.36239695282097356,168.0
2015-04-12 07:00:00,8751600.0,1003.42,5.89,278.77,-0.61,62.93,9.28,5.84,3.44,3.63,5.82,1249.91,0.52,0.32490761287397635,348.0
2015-04-12 07:10:00,8752200.0,1003.53,6.53,279.41,-0.57,60.35,9.71,5.86,3.85,3.64,5.84,1247.17,0.83,1.56,215.1
2015-04-12 07:20:00,8752800.0,1003.58,6.84,279.71,-0.47,59.5,9.92,5.9,4.02,3.67,5.88,1245.83,0.93,1.6,193.6
2015-04-12 07:30:00,8753400.0,1003.56,7.44,280.31,-0.4,57.4,10.33,5.93,4.4,3.69,5.91,1243.12,0.97,1.76,165.5
2015-04-12 07:40:00,8754000.0,1003.54,7.86,280.74,-0.31,56.15,10.64,5.97,4.66,3.71,5.95,1241.22,1.1,2.12,126.6
2015-04-12 07:50:00,8754600.0,1003.52,8.1,280.98,-0.23,55.54,10.81,6.0,4.81,3.73,5.98,1240.13,1.2,2.2,163.9
2015-04-12 08:00:00,8755200.0,1003.5,8.63,281.51,-0.4,52.93,11.21,5.93,5.28,3.69,5.91,1237.8,0.7,1.6,129.6
2015-04-12 08:10:00,8755800.0,1003.52,8.81,281.69,-0.32,52.6,11.35,5.97,5.38,3.71,5.95,1237.01,1.0,1.66,130.9
2015-04-12 08:20:00,8756400.0,1003.54,8.85,281.72,-0.48,51.85,11.38,5.9,5.48,3.66,5.88,1236.9,1.3,2.36,142.0
2015-04-12 08:30:00,8757000.0,1003.6,9.01,281.88,-0.98,49.43,11.5,5.68,5.82,3.53,5.66,1236.37,0.96,1.84,169.8
2015-04-12 08:40:00,8757600.0,1003.62,9.39,282.26,-1.17,47.51,11.8,5.61,6.19,3.48,5.59,1234.76,1.34,3.24,119.0
2015-04-12 08:50:00,8758200.0,1003.6,9.22,282.09,-1.06,48.45,11.67,5.65,6.01,3.51,5.63,1235.46,1.81,3.76,165.0
2015-04-12 09:00:00,8758800.0,1003.64,9.34,282.21,-3.36,40.49,11.76,4.76,7.0,2.96,4.74,1235.4,2.71,4.2,143.0
2015-04-12 09:10:00,8759400.0,1003.71,9.18,282.04,-3.71,39.88,11.63,4.64,6.99,2.88,4.62,1236.25,2.0,4.0,124.2
2015-04-12 09:20:00,8760000.0,1003.69,9.69,282.55,-1.97,43.87,12.04,5.28,6.76,3.28,5.26,1233.7,2.01,3.48,148.4
2015-04-12 09:30:00,8760600.0,1003.72,9.88,282.74,-1.71,44.17,12.2,5.39,6.81,3.34,5.37,1232.85,2.08,3.88,152.2
2015-04-12 09:40:00,8761200.0,1003.75,9.52,282.38,-2.36,43.12,11.9,5.13,6.77,3.19,5.11,1234.58,2.16,3.94,105.9
2015-04-12 09:50:00,8761800.0,1003.84,9.59,282.44,-2.78,41.59,11.96,4.97,6.99,3.09,4.96,1234.46,2.18,3.8,125.4
2015-04-12 10:00:00,8762400.0,1003.75,10.14,283.0,-2.83,39.95,12.41,4.96,7.45,3.08,4.94,1231.96,2.01,3.64,138.1
2015-04-12 10:10:00,8763000.0,1003.73,10.0,282.86,-2.7,40.7,12.29,5.0,7.29,3.11,4.99,1232.52,2.36,3.6,111.7
2015-04-12 10:20:00,8763600.0,1003.63,9.91,282.78,-2.5,41.57,12.22,5.08,7.14,3.15,5.06,1232.76,2.14,3.84,81.9
2015-04-12 10:30:00,8764200.0,1003.59,10.4,283.27,-2.46,40.34,12.63,5.09,7.53,3.16,5.08,1230.56,1.85,3.94,176.6
2015-04-12 10:40:00,8764800.0,1003.59,10.67,283.54,-2.32,40.04,12.86,5.15,7.71,3.2,5.13,1229.38,1.58,3.08,95.7
2015-04-12 10:50:00,8765400.0,1003.4,10.68,283.56,-1.96,41.09,12.87,5.29,7.58,3.28,5.27,1229.03,1.32,2.8,86.9
2015-04-12 11:00:00,8766000.0,1003.26,11.2,284.1,-1.55,40.91,13.32,5.45,7.87,3.39,5.43,1226.54,2.7,4.28,151.1
2015-04-12 11:10:00,8766600.0,1003.13,11.55,284.46,-1.18,41.09,13.63,5.6,8.03,3.48,5.58,1224.8,2.56,4.2,140.1
2015-04-12 11:20:00,8767200.0,1003.08,11.8,284.71,-1.16,40.48,13.86,5.61,8.25,3.49,5.59,1223.66,2.04,3.76,144.1
2015-04-12 11:30:00,8767800.0,1002.91,12.07,284.99,-0.64,41.3,14.11,5.83,8.28,3.62,5.81,1222.19,2.23,5.61,123.7
2015-04-12 11:40:00,8768400.0,1002.77,12.73,285.66,0.3,42.36,14.74,6.24,8.49,3.88,6.22,1219.01,2.43,6.37,224.9
2015-04-12 11:50:00,8769000.0,1002.72,12.82,285.76,0.32,42.19,14.82,6.25,8.57,3.89,6.24,1218.57,2.51,5.69,237.5
2015-04-12 12:00:00,8769600.0,1002.64,13.22,286.16,0.79,42.51,15.22,6.47,8.75,4.02,6.45,1216.66,2.5,6.09,213.2
2015-04-12 12:10:00,8770200.0,1002.51,13.38,286.33,1.08,42.98,15.38,6.61,8.77,4.11,6.59,1215.76,1.82,3.76,301.5
2015-04-12 12:20:00,8770800.0,1002.31,13.67,286.64,1.0,41.91,15.67,6.57,9.1,4.09,6.55,1214.32,1.65,3.92,246.6
2015-04-12 12:30:00,8771400.0,1002.13,13.75,286.74,1.09,41.96,15.75,6.61,9.14,4.11,6.59,1213.74,2.76,6.19,247.7
2015-04-12 12:40:00,8772000.0,1001.96,13.6,286.6,0.59,40.88,15.6,6.38,9.22,3.97,6.36,1214.27,2.32,5.57,316.0
2015-04-12 12:50:00,8772600.0,1001.91,13.88,286.88,1.13,41.74,15.88,6.63,9.25,4.13,6.62,1212.91,3.35,6.73,264.9
2015-04-12 13:00:00,8773200.0,1001.78,13.99,287.0,1.24,41.77,16.0,6.68,9.32,4.16,6.67,1212.26,4.36,7.51,244.2
2015-04-12 13:10:00,8773800.0,1001.7,14.29,287.31,1.25,40.99,16.31,6.69,9.63,4.16,6.68,1210.9,3.47,7.47,256.9
2015-04-12 13:20:00,8774400.0,1001.59,14.52,287.55,1.43,40.93,16.56,6.78,9.78,4.22,6.77,1209.75,3.4,6.41,246.5
2015-04-12 13:30:00,8775000.0,1001.5,14.45,287.49,1.26,40.59,16.48,6.69,9.79,4.17,6.68,1209.98,4.06,6.69,227.4
2015-04-12 13:40:00,8775600.0,1001.34,14.6,287.65,1.1,39.76,16.64,6.62,10.03,4.12,6.61,1209.18,3.27,9.31,231.9
2015-04-12 13:50:00,8776200.0,1001.24,14.57,287.63,0.98,39.49,16.61,6.56,10.05,4.09,6.55,1209.22,3.38,8.21,246.6
2015-04-12 14:00:00,8776800.0,1001.03,14.58,287.66,1.02,39.58,16.62,6.58,10.04,4.1,6.57,1208.91,2.6,4.56,212.1
2015-04-12 14:10:00,8777400.0,1000.98,14.8,287.88,1.0,38.96,16.86,6.57,10.29,4.09,6.56,1207.93,3.65,6.69,235.0
2015-04-12 14:20:00,8778000.0,1000.72,14.99,288.09,0.95,38.33,17.07,6.54,10.53,4.08,6.54,1206.83,3.52,5.6,238.0
2015-04-12 14:30:00,8778600.0,1000.41,14.97,288.1,0.99,38.51,17.05,6.56,10.48,4.09,6.56,1206.53,2.74,6.45,211.8
2015-04-12 14:40:00,8779200.0,1000.23,15.74,288.88,1.61,38.32,17.91,6.86,11.05,4.28,6.86,1202.96,2.07,7.13,204.1
2015-04-12 14:50:00,8779800.0,1000.14,15.51,288.66,1.28,37.99,17.65,6.7,10.94,4.18,6.7,1203.89,3.15,6.61,215.1
2015-04-12 15:00:00,8780400.0,999.97,15.51,288.67,1.28,37.99,17.65,6.7,10.94,4.18,6.7,1203.68,2.92,4.64,205.5
2015-04-12 15:10:00,8781000.0,999.84,15.95,289.12,1.39,37.22,18.15,6.76,11.4,4.21,6.76,1201.67,1.68,4.0,191.4
2015-04-12 15:20:00,8781600.0,999.71,16.04,289.22,1.2,36.5,18.26,6.66,11.59,4.16,6.67,1201.18,4.58,7.04,217.8
2015-04-12 15:30:00,8782200.0,999.63,15.88,289.07,1.38,37.36,18.07,6.75,11.32,4.21,6.75,1201.71,3.74,6.57,206.9
2015-04-12 15:40:00,8782800.0,999.56,15.82,289.02,1.66,38.26,18.0,6.89,11.11,4.3,6.89,1201.81,2.38,5.6,219.3
2015-04-12 15:50:00,8783400.0,999.46,16.03,289.23,1.88,38.36,18.25,7.0,11.25,4.37,7.0,1200.78,4.19,7.69,222.1
2015-04-12 16:00:00,8784000.0,999.37,15.86,289.07,2.05,39.26,18.05,7.09,10.96,4.42,7.09,1201.33,4.6,6.56,211.2
2015-04-12 16:10:00,8784600.0,999.24,15.84,289.06,1.98,39.1,18.02,7.05,10.98,4.4,7.05,1201.27,5.87,9.21,209.9
2015-04-12 16:20:00,8785200.0,999.25,15.76,288.98,2.34,40.33,17.93,7.23,10.7,4.51,7.24,1201.54,3.7,7.61,223.7
2015-04-12 16:30:00,8785800.0,999.28,16.04,289.26,2.66,40.52,18.26,7.4,10.86,4.62,7.4,1200.33,4.06,6.4,219.0
2015-04-12 16:40:00,8786400.0,999.21,15.96,289.19,2.6,40.55,18.16,7.37,10.8,4.6,7.37,1200.59,4.12,6.45,217.0
2015-04-12 16:50:00,8787000.0,999.18,15.97,289.2,3.03,41.81,18.18,7.6,10.58,4.74,7.61,1200.41,4.09,5.36,214.5
2015-04-12 17:00:00,8787600.0,999.14,16.0,289.23,3.22,42.3,18.21,7.7,10.51,4.81,7.71,1200.18,3.68,6.52,214.7
2015-04-12 17:10:00,8788200.0,999.01,16.09,289.33,3.26,42.15,18.32,7.72,10.6,4.82,7.73,1199.65,4.79,8.25,211.8
2015-04-12 17:20:00,8788800.0,998.79,16.04,289.3,3.34,42.55,18.26,7.77,10.49,4.85,7.78,1199.57,4.61,6.22,207.2
2015-04-12 17:30:00,8789400.0,998.65,16.03,289.3,3.48,42.99,18.25,7.84,10.4,4.9,7.85,1199.41,5.11,7.2,216.9
2015-04-12 17:40:00,8790000.0,998.53,16.15,289.43,3.55,42.86,18.39,7.88,10.51,4.92,7.89,1198.75,4.31,7.89,214.3
2015-04-12 17:50:00,8790600.0,998.48,16.17,289.46,3.65,43.12,18.41,7.94,10.47,4.96,7.95,1198.58,3.72,6.53,219.3
2015-04-12 18:00:00,8791200.0,998.44,16.3,289.59,3.77,43.14,18.56,8.01,10.55,5.0,8.02,1197.97,2.96,4.36,210.7
2015-04-12 18:10:00,8791800.0,998.46,15.99,289.28,3.98,44.64,18.2,8.12,10.07,5.08,8.14,1199.22,1.33,2.3,235.5
2015-04-12 18:20:00,8792400.0,998.39,15.7,288.99,4.05,45.71,17.86,8.17,9.7,5.1,8.18,1200.32,2.11,3.96,223.2
2015-04-12 18:30:00,8793000.0,998.3,15.48,288.78,4.23,46.96,17.61,8.27,9.34,5.17,8.29,1201.08,2.52,4.04,223.6
2015-04-12 18:40:00,8793600.0,998.25,15.29,288.59,4.36,47.98,17.4,8.35,9.05,5.22,8.36,1201.77,1.82,2.9,226.6
2015-04-12 18:50:00,8794200.0,998.25,14.98,288.28,4.51,49.46,17.06,8.44,8.62,5.27,8.45,1203.03,1.56,2.22,228.2
2015-04-12 19:00:00,8794800.0,998.2,14.59,287.9,4.56,50.9,16.63,8.47,8.17,5.29,8.48,1204.58,2.07,2.8,226.3
2015-04-12 19:10:00,8795400.0,998.17,14.31,287.62,4.59,51.92,16.33,8.48,7.85,5.3,8.5,1205.72,2.27,3.04,234.2
2015-04-12 19:20:00,8796000.0,998.24,13.95,287.25,4.45,52.62,15.96,8.4,7.56,5.25,8.41,1207.35,1.44,2.08,264.1
2015-04-12 19:30:00,8796600.0,998.25,14.17,287.47,4.33,51.45,16.19,8.33,7.86,5.21,8.34,1206.47,1.37,1.88,248.7
2015-04-12 19:40:00,8797200.0,998.29,13.99,287.29,4.15,51.4,16.0,8.22,7.78,5.14,8.24,1207.32,1.63,2.26,252.0
2015-04-12 19:50:00,8797800.0,998.28,13.75,287.05,4.08,51.94,15.75,8.18,7.57,5.11,8.19,1208.34,1.52,2.0,246.6
2015-04-12 20:00:00,8798400.0,998.26,13.4,286.7,3.94,52.63,15.4,8.1,7.29,5.06,8.12,1209.82,1.75,2.24,243.1
2015-04-12 20:10:00,8799000.0,998.2,13.09,286.4,3.81,53.21,15.09,8.03,7.06,5.02,8.04,1211.1,1.54,2.24,240.6
2015-04-12 20:20:00,8799600.0,998.14,12.99,286.3,3.68,53.07,14.99,7.95,7.03,4.97,7.97,1211.48,1.11,1.64,259.2
2015-04-12 20:30:00,8800200.0,998.08,12.62,285.94,3.64,54.23,14.63,7.93,6.7,4.96,7.95,1212.98,1.8,2.12,233.3
2015-04-12 20:40:00,8800800.0,998.03,12.57,285.89,3.55,54.05,14.58,7.88,6.7,4.93,7.9,1213.16,1.58,2.04,227.2
2015-04-12 20:50:00,8801400.0,998.06,12.39,285.71,3.36,53.96,14.41,7.78,6.63,4.86,7.79,1214.01,1.97,3.16,222.6
2015-04-12 21:00:00,8802000.0,998.08,11.92,285.24,3.28,55.34,13.97,7.73,6.24,4.83,7.75,1216.06,1.87,2.64,221.0
2015-04-12 21:10:00,8802600.0,998.01,11.69,285.01,3.21,55.94,13.76,7.7,6.06,4.81,7.71,1216.97,0.69,1.4,240.8
2015-04-12 21:20:00,8803200.0,997.89,11.53,284.86,3.17,56.35,13.61,7.67,5.94,4.8,7.69,1217.52,1.45,2.16,231.2
2015-04-12 21:30:00,8803800.0,997.84,11.3,284.64,3.12,57.01,13.41,7.64,5.76,4.78,7.66,1218.45,1.47,2.12,243.8
2015-04-12 21:40:00,8804400.0,997.79,11.06,284.4,3.07,57.75,13.2,7.62,5.58,4.76,7.64,1219.44,1.47,2.2,233.3
2015-04-12 21:50:00,8805000.0,997.68,10.62,283.97,3.03,59.3,12.81,7.6,5.22,4.75,7.62,1221.2,1.64,2.92,232.2
2015-04-12 22:00:00,8805600.0,997.55,10.4,283.76,2.97,59.91,12.63,7.57,5.06,4.73,7.58,1222.01,3.02,3.8,220.6
2015-04-12 22:10:00,8806200.0,997.46,10.77,284.14,2.88,58.09,12.94,7.52,5.42,4.7,7.54,1220.32,3.67,4.2,213.5
2015-04-12 22:20:00,8806800.0,997.38,11.27,284.64,2.97,56.55,13.38,7.57,5.81,4.73,7.59,1218.06,3.39,4.04,210.1
2015-04-12 22:30:00,8807400.0,997.34,11.1,284.48,3.06,57.56,13.23,7.62,5.62,4.76,7.64,1218.71,2.52,3.2,204.2
2015-04-12 22:40:00,8808000.0,997.31,10.28,283.66,3.47,62.58,12.53,7.84,4.69,4.9,7.86,1222.09,1.57,2.6,151.3
2015-04-12 22:50:00,8808600.0,997.22,9.86,283.25,3.57,64.81,12.18,7.89,4.29,4.94,7.92,1223.77,1.3,2.66,147.4
2015-04-12 23:00:00,8809200.0,997.19,9.79,283.18,3.56,65.07,12.12,7.89,4.23,4.93,7.91,1224.04,0.69,1.56,120.1
2015-04-12 23:10:00,8809800.0,997.11,9.93,283.32,3.56,64.45,12.24,7.89,4.35,4.93,7.91,1223.34,0.57,1.2,99.7
2015-04-12 23:20:00,8810400.0,996.99,9.94,283.34,3.55,64.37,12.24,7.88,4.36,4.93,7.91,1223.15,0.86,1.88,103.2
2015-04-12 23:30:00,8811000.0,996.96,9.98,283.39,3.57,64.29,12.28,7.89,4.38,4.94,7.92,1222.94,0.95,1.72,54.44
2015-04-12 23:40:00,8811600.0,996.89,10.06,283.47,3.59,64.06,12.34,7.91,4.44,4.95,7.93,1222.5,1.01,1.64,47.36
2015-04-12 23:50:00,8812200.0,996.76,10.05,283.47,3.61,64.18,12.34,7.92,4.42,4.96,7.94,1222.38,0.79,1.84,142.8
2015-04-13 00:00:00,8812800.0,996.71,10.5,283.93,3.61,62.29,12.71,7.92,4.79,4.96,7.94,1220.37,0.89,1.72,207.5
2015-04-13 00:10:00,8813400.0,996.62,11.04,284.48,3.68,60.37,13.18,7.96,5.22,4.98,7.98,1217.92,1.14,2.02,215.8
2015-04-13 00:20:00,8814000.0,996.49,11.17,284.62,3.7,59.94,13.29,7.97,5.33,4.99,8.0,1217.21,2.05,3.72,207.9
2015-04-13 00:30:00,8814600.0,996.33,10.92,284.38,3.68,60.87,13.07,7.96,5.12,4.98,7.99,1218.08,3.2,4.0,217.0
2015-04-13 00:40:00,8815200.0,996.23,11.06,284.53,3.72,60.46,13.2,7.98,5.22,5.0,8.01,1217.36,3.72,4.77,222.2
2015-04-13 00:50:00,8815800.0,996.23,11.25,284.72,3.74,59.77,13.36,7.99,5.38,5.0,8.02,1216.54,3.33,4.53,220.3
2015-04-13 01:00:00,8816400.0,996.2,11.29,284.76,3.74,59.63,13.4,7.99,5.41,5.0,8.02,1216.32,3.12,4.32,221.2
2015-04-13 01:10:00,8817000.0,996.25,11.25,284.72,3.77,59.92,13.36,8.01,5.36,5.01,8.04,1216.55,2.63,3.6,220.8
2015-04-13 01:20:00,8817600.0,996.24,11.19,284.66,3.82,60.36,13.31,8.03,5.28,5.03,8.06,1216.79,1.89,2.68,225.6
2015-04-13 01:30:00,8818200.0,996.17,11.24,284.71,3.83,60.21,13.35,8.04,5.31,5.04,8.07,1216.48,1.82,4.36,226.8
2015-04-13 01:40:00,8818800.0,996.12,11.43,284.91,3.86,59.57,13.52,8.06,5.47,5.05,8.09,1215.6,1.13,2.64,226.9
2015-04-13 01:50:00,8819400.0,996.04,11.47,284.95,3.85,59.39,13.56,8.05,5.51,5.04,8.09,1215.33,0.72,2.04,194.9
2015-04-13 02:00:00,8820000.0,995.9,11.49,284.98,3.84,59.27,13.58,8.05,5.53,5.04,8.08,1215.08,0.62,2.36,139.0
2015-04-13 02:10:00,8820600.0,995.9,11.59,285.09,3.85,58.91,13.67,8.05,5.62,5.04,8.09,1214.65,1.27,3.16,211.4
2015-04-13 02:20:00,8821200.0,995.91,11.7,285.19,3.88,58.62,13.77,8.07,5.7,5.06,8.1,1214.19,2.03,4.0,206.8
2015-04-13 02:30:00,8821800.0,995.9,11.52,285.01,3.9,59.39,13.61,8.08,5.53,5.06,8.11,1214.94,2.35,4.04,205.8
2015-04-13 02:40:00,8822400.0,995.8,11.23,284.73,3.89,60.51,13.35,8.08,5.27,5.06,8.11,1216.06,2.99,4.53,202.4
2015-04-13 02:50:00,8823000.0,995.78,11.29,284.79,3.89,60.28,13.4,8.08,5.32,5.06,8.11,1215.77,3.15,4.12,204.0
2015-04-13 03:00:00,8823600.0,995.78,11.17,284.67,3.9,60.8,13.29,8.08,5.21,5.06,8.12,1216.28,2.0,3.86,206.4
2015-04-13 03:10:00,8824200.0,995.66,11.07,284.58,3.92,61.28,13.2,8.09,5.11,5.07,8.13,1216.56,0.67,1.8,214.2
2015-04-13 03:20:00,8824800.0,995.66,11.0,284.51,3.94,61.63,13.14,8.1,5.04,5.08,8.14,1216.85,0.56,1.16,167.2
2015-04-13 03:30:00,8825400.0,995.73,11.06,284.57,3.99,61.61,13.2,8.13,5.07,5.09,8.16,1216.67,1.11,2.48,146.3
2015-04-13 03:40:00,8826000.0,995.81,11.06,284.56,4.05,61.9,13.2,8.17,5.03,5.12,8.2,1216.76,1.05,2.4,86.7
2015-04-13 03:50:00,8826600.0,995.96,11.25,284.74,4.24,61.91,13.36,8.27,5.09,5.18,8.31,1216.08,1.23,2.54,59.79
2015-04-13 04:00:00,8827200.0,995.96,11.59,285.08,4.49,61.64,13.67,8.43,5.24,5.28,8.46,1214.56,1.24,3.08,235.9
2015-04-13 04:10:00,8827800.0,996.01,11.81,285.3,4.68,61.53,13.87,8.53,5.34,5.35,8.57,1213.63,0.92,3.72,212.4
2015-04-13 04:20:00,8828400.0,996.01,12.04,285.53,4.86,61.39,14.08,8.64,5.44,5.42,8.68,1212.59,2.65,6.13,245.1
2015-04-13 04:30:00,8829000.0,996.07,12.24,285.72,4.97,61.07,14.27,8.71,5.55,5.46,8.75,1211.78,2.68,5.73,252.5
2015-04-13 04:40:00,8829600.0,996.16,12.26,285.73,5.01,61.12,14.29,8.73,5.55,5.47,8.77,1211.81,2.67,5.55,244.1
2015-04-13 04:50:00,8830200.0,996.26,12.21,285.68,4.98,61.22,14.24,8.72,5.52,5.46,8.75,1212.15,2.78,4.97,246.0
2015-04-13 05:00:00,8830800.0,996.32,12.11,285.57,4.98,61.6,14.15,8.71,5.43,5.46,8.75,1212.65,2.22,6.09,246.5
2015-04-13 05:10:00,8831400.0,996.33,11.99,285.45,4.99,62.17,14.03,8.73,5.31,5.47,8.76,1213.16,1.62,3.58,248.0
2015-04-13 05:20:00,8832000.0,996.49,11.83,285.28,4.96,62.67,13.89,8.7,5.18,5.45,8.73,1214.05,2.01,5.01,236.0
2015-04-13 05:30:00,8832600.0,996.54,11.77,285.21,4.88,62.6,13.83,8.66,5.17,5.42,8.69,1214.39,1.9,3.64,250.7
2015-04-13 05:40:00,8833200.0,996.68,11.7,285.13,4.85,62.75,13.77,8.64,5.13,5.41,8.67,1214.86,2.16,5.13,254.7
2015-04-13 05:50:00,8833800.0,996.78,11.65,285.07,4.86,62.97,13.72,8.64,5.08,5.41,8.67,1215.2,1.84,4.4,234.9
2015-04-13 06:00:00,8834400.0,996.93,11.63,285.04,4.89,63.21,13.7,8.66,5.04,5.42,8.69,1215.46,1.66,3.9,245.9
2015-04-13 06:10:00,8835000.0,997.19,11.71,285.1,4.87,62.8,13.78,8.65,5.13,5.41,8.68,1215.44,1.54,2.88,254.9
2015-04-13 06:20:00,8835600.0,997.51,11.73,285.09,4.84,62.55,13.8,8.63,5.17,5.4,8.65,1215.75,1.97,5.29,268.3
2015-04-13 06:30:00,8836200.0,997.93,11.61,284.94,4.75,62.66,13.69,8.58,5.11,5.36,8.59,1216.81,3.16,8.19,316.6
2015-04-13 06:40:00,8836800.0,998.48,9.95,283.23,4.38,68.23,12.25,8.36,3.89,5.22,8.37,1224.72,2.05,7.65,241.3
2015-04-13 06:50:00,8837400.0,998.71,9.09,282.35,4.17,71.2,11.56,8.23,3.33,5.14,8.24,1228.79,1.8,4.83,311.8
2015-04-13 07:00:00,8838000.0,999.04,8.75,281.99,3.92,71.6,11.3,8.09,3.21,5.05,8.1,1230.75,2.16,4.95,302.6
2015-04-13 07:10:00,8838600.0,999.31,8.51,281.73,3.71,71.7,11.12,7.97,3.15,4.98,7.98,1232.19,1.6,4.61,268.8
2015-04-13 07:20:00,8839200.0,999.6,8.46,281.65,3.72,72.0,11.08,7.98,3.1,4.98,7.98,1232.76,1.37,4.95,282.2
2015-04-13 07:30:00,8839800.0,999.84,8.36,281.53,3.74,72.6,11.0,7.99,3.02,4.99,7.99,1233.49,2.57,4.97,295.3
2015-04-13 07:40:00,8840400.0,1000.15,8.18,281.33,3.66,73.1,10.87,7.95,2.92,4.96,7.95,1234.68,2.16,5.53,271.0
2015-04-13 07:50:00,8841000.0,1000.41,7.82,280.95,3.45,73.8,10.61,7.83,2.78,4.88,7.82,1236.65,2.33,4.81,286.7
2015-04-13 08:00:00,8841600.0,1000.51,7.43,280.55,3.34,75.2,10.33,7.77,2.56,4.84,7.76,1238.51,2.2,4.36,290.9
2015-04-13 08:10:00,8842200.0,1000.55,7.25,280.37,3.26,75.7,10.2,7.72,2.48,4.81,7.72,1239.38,1.55,3.2,308.8
2015-04-13 08:20:00,8842800.0,1000.61,7.28,280.39,3.16,75.0,10.22,7.67,2.56,4.78,7.66,1239.34,1.67,4.2,303.9
2015-04-13 08:30:00,8843400.0,1000.66,7.53,280.64,3.08,73.3,10.4,7.62,2.78,4.75,7.62,1238.33,2.02,5.05,337.4
2015-04-13 08:40:00,8844000.0,1000.83,7.8,280.89,2.99,71.5,10.59,7.57,3.02,4.72,7.57,1237.37,1.92,4.04,234.7
2015-04-13 08:50:00,8844600.0,1000.97,8.01,281.09,2.47,67.91,10.75,7.3,3.45,4.55,7.29,1236.75,1.82,4.57,248.5
2015-04-13 09:00:00,8845200.0,1001.19,8.39,281.45,2.34,65.57,11.03,7.23,3.8,4.5,7.22,1235.39,2.07,5.09,271.1
2015-04-13 09:10:00,8845800.0,1001.34,8.82,281.87,2.17,62.95,11.35,7.15,4.21,4.45,7.14,1233.73,2.89,6.29,298.0
2015-04-13 09:20:00,8846400.0,1001.5,8.91,281.95,1.9,61.35,11.42,7.01,4.42,4.36,7.0,1233.6,2.62,5.13,307.9
2015-04-13 09:30:00,8847000.0,1001.62,9.07,282.1,1.57,59.27,11.55,6.84,4.7,4.26,6.83,1233.12,2.49,5.41,285.3
2015-04-13 09:40:00,8847600.0,1001.68,9.3,282.32,1.33,57.36,11.73,6.73,5.0,4.19,6.72,1232.25,2.98,6.23,292.4
2015-04-13 09:50:00,8848200.0,1001.74,9.56,282.58,1.21,55.85,11.94,6.67,5.27,4.15,6.65,1231.21,2.5,6.25,314.7
2015-04-13 10:00:00,8848800.0,1001.93,9.56,282.56,1.06,55.25,11.94,6.59,5.34,4.1,6.58,1231.48,2.94,6.01,296.4
2015-04-13 10:10:00,8849400.0,1002.07,9.49,282.48,0.98,55.22,11.88,6.56,5.32,4.08,6.55,1231.97,3.15,6.61,295.1
2015-04-13 10:20:00,8850000.0,1002.08,9.86,282.85,1.06,54.16,12.18,6.6,5.58,4.1,6.58,1230.36,2.52,7.01,261.1
2015-04-13 10:30:00,8850600.0,1002.09,10.17,283.16,1.21,53.61,12.43,6.67,5.77,4.15,6.65,1229.0,1.92,4.73,290.1
2015-04-13 10:40:00,8851200.0,1002.15,10.59,283.58,1.15,51.9,12.79,6.64,6.15,4.13,6.62,1227.26,1.5,6.09,329.6
2015-04-13 10:50:00,8851800.0,1002.08,10.41,283.4,1.08,52.26,12.64,6.6,6.03,4.11,6.59,1227.97,2.34,5.23,317.0
2015-04-13 11:00:00,8852400.0,1002.14,10.65,283.64,0.77,50.3,12.84,6.46,6.38,4.02,6.44,1227.07,2.9,5.61,265.0
2015-04-13 11:10:00,8853000.0,1002.16,10.41,283.4,0.54,50.29,12.64,6.35,6.28,3.95,6.34,1228.18,3.14,5.89,295.5
2015-04-13 11:20:00,8853600.0,1002.21,10.33,283.31,0.97,52.15,12.57,6.55,6.01,4.08,6.54,1228.5,3.47,6.03,290.9
2015-04-13 11:30:00,8854200.0,1002.13,10.11,283.1,0.69,51.86,12.38,6.42,5.96,4.0,6.41,1229.41,2.42,6.35,270.1
2015-04-13 11:40:00,8854800.0,1002.1,10.14,283.13,1.19,53.66,12.41,6.66,5.75,4.14,6.65,1229.13,3.93,6.33,245.9
2015-04-13 11:50:00,8855400.0,1002.2,10.26,283.24,1.6,54.81,12.51,6.86,5.65,4.27,6.84,1228.65,2.62,6.73,287.5
2015-04-13 12:00:00,8856000.0,1002.33,10.41,283.38,0.79,51.2,12.64,6.47,6.17,4.02,6.45,1228.34,2.6,4.93,276.9
2015-04-13 12:10:00,8856600.0,1002.32,10.61,283.58,0.3,48.76,12.81,6.24,6.56,3.88,6.23,1227.57,2.45,4.65,292.5
2015-04-13 12:20:00,8857200.0,1002.37,10.69,283.66,0.33,48.59,12.87,6.26,6.62,3.89,6.24,1227.27,2.2,5.17,262.0
2015-04-13 12:30:00,8857800.0,1002.4,10.56,283.53,-0.75,45.31,12.76,5.78,6.98,3.6,5.77,1228.09,2.67,5.21,281.8
2015-04-13 12:40:00,8858400.0,1002.32,10.84,283.81,-0.85,44.12,13.0,5.74,7.27,3.57,5.72,1226.81,2.41,5.89,263.5
2015-04-13 12:50:00,8859000.0,1002.29,10.99,283.96,-0.49,44.85,13.13,5.89,7.24,3.66,5.88,1226.05,2.65,5.21,242.2
2015-04-13 13:00:00,8859600.0,1002.34,10.83,283.8,-0.73,44.54,13.0,5.79,7.21,3.6,5.77,1226.85,2.98,5.85,279.3
2015-04-13 13:10:00,8860200.0,1002.39,11.02,283.99,-0.81,43.73,13.16,5.76,7.41,3.58,5.74,1226.11,2.54,5.09,248.0
2015-04-13 13:20:00,8860800.0,1002.43,11.02,283.98,-1.12,42.74,13.16,5.62,7.54,3.5,5.61,1226.22,2.62,5.93,276.6
2015-04-13 13:30:00,8861400.0,1002.44,11.17,284.13,-1.1,42.38,13.29,5.63,7.66,3.5,5.62,1225.58,2.72,5.61,253.8
2015-04-13 13:40:00,8862000.0,1002.33,11.53,284.5,-0.59,42.96,13.61,5.85,7.77,3.64,5.84,1223.79,2.02,4.36,271.7
2015-04-13 13:50:00,8862600.0,1002.23,11.51,284.49,-1.19,41.17,13.6,5.6,8.0,3.48,5.59,1223.88,2.76,5.57,273.5
2015-04-13 14:00:00,8863200.0,1002.1,11.5,284.49,-1.68,39.73,13.59,5.4,8.19,3.36,5.39,1223.85,2.97,6.49,282.0
2015-04-13 14:10:00,8863800.0,1002.0,11.84,284.84,-1.41,39.62,13.9,5.51,8.39,3.42,5.49,1222.22,1.75,5.45,274.0
2015-04-13 14:20:00,8864400.0,1001.95,11.91,284.91,-1.5,39.18,13.96,5.47,8.49,3.4,5.46,1221.88,2.85,6.21,302.0
2015-04-13 14:30:00,8865000.0,1001.94,11.74,284.74,-1.6,39.33,13.8,5.43,8.38,3.38,5.42,1222.61,2.76,5.81,290.7
2015-04-13 14:40:00,8865600.0,1001.82,11.81,284.82,-1.42,39.69,13.87,5.5,8.36,3.42,5.49,1222.13,2.59,4.44,275.7
2015-04-13 14:50:00,8866200.0,1001.84,11.82,284.83,-1.86,38.38,13.88,5.33,8.55,3.31,5.32,1222.19,2.86,6.01,289.3
2015-04-13 15:00:00,8866800.0,1001.8,11.61,284.62,-1.94,38.68,13.69,5.29,8.39,3.29,5.28,1223.06,1.98,4.71,278.6
2015-04-13 15:10:00,8867400.0,1001.73,11.83,284.85,-2.26,37.24,13.89,5.17,8.72,3.22,5.16,1222.09,2.47,5.25,338.5
2015-04-13 15:20:00,8868000.0,1001.65,12.18,285.21,-2.01,37.08,14.21,5.27,8.94,3.28,5.26,1220.45,1.53,4.97,258.5
2015-04-13 15:30:00,8868600.0,1001.67,11.92,284.94,-2.34,36.79,13.97,5.14,8.83,3.2,5.13,1221.64,2.72,5.93,299.5
2015-04-13 15:40:00,8869200.0,1001.66,11.79,284.82,-2.18,37.56,13.85,5.2,8.65,3.24,5.19,1222.16,1.62,3.6,292.1
2015-04-13 15:50:00,8869800.0,1001.72,11.73,284.75,-2.06,38.05,13.8,5.25,8.55,3.27,5.24,1222.47,2.42,4.65,295.2
2015-04-13 16:00:00,8870400.0,1001.7,11.84,284.86,-1.35,39.82,13.9,5.53,8.36,3.44,5.52,1221.84,1.67,3.72,274.1
2015-04-13 16:10:00,8871000.0,1001.72,11.63,284.65,-1.47,40.02,13.7,5.48,8.22,3.41,5.48,1222.79,2.05,4.85,321.1
2015-04-13 16:20:00,8871600.0,1001.68,11.53,284.55,-1.6,39.88,13.61,5.43,8.18,3.38,5.42,1223.19,1.65,3.44,6.6
2015-04-13 16:30:00,8872200.0,1001.76,11.22,284.24,-1.57,40.81,13.34,5.44,7.89,3.39,5.43,1224.62,1.59,5.17,347.5
2015-04-13 16:40:00,8872800.0,1001.76,10.99,284.01,-1.42,41.89,13.13,5.5,7.63,3.42,5.49,1225.58,1.79,5.49,356.7
2015-04-13 16:50:00,8873400.0,1001.78,10.94,283.96,-1.32,42.34,13.09,5.54,7.55,3.45,5.53,1225.8,1.39,3.38,2.06
2015-04-13 17:00:00,8874000.0,1001.85,10.9,283.91,-1.28,42.58,13.06,5.56,7.5,3.46,5.55,1226.05,1.64,5.49,296.0
2015-04-13 17:10:00,8874600.0,1001.89,10.76,283.77,-1.25,43.09,12.93,5.57,7.36,3.47,5.56,1226.7,1.9,4.77,9.23
2015-04-13 17:20:00,8875200.0,1001.9,10.82,283.83,-1.11,43.36,12.99,5.63,7.36,3.5,5.62,1226.42,1.01,2.48,345.2
2015-04-13 17:30:00,8875800.0,1001.89,10.78,283.79,-1.17,43.28,12.95,5.61,7.35,3.49,5.6,1226.6,1.26,3.32,327.2
2015-04-13 17:40:00,8876400.0,1001.83,10.68,283.69,-1.45,42.69,12.87,5.49,7.37,3.42,5.48,1227.01,1.2,3.2,6.19
2015-04-13 17:50:00,8877000.0,1001.86,10.59,283.6,-1.57,42.56,12.79,5.44,7.35,3.39,5.43,1227.45,1.14,2.92,287.4
2015-04-13 18:00:00,8877600.0,1001.89,10.51,283.52,-1.65,42.53,12.72,5.41,7.31,3.37,5.4,1227.86,1.09,2.52,303.8
2015-04-13 18:10:00,8878200.0,1001.83,10.39,283.4,-1.52,43.28,12.62,5.46,7.16,3.4,5.45,1228.28,0.98,2.48,287.5
2015-04-13 18:20:00,8878800.0,1001.84,10.27,283.28,-1.35,44.19,12.52,5.53,6.99,3.44,5.52,1228.79,1.08,2.24,337.4
2015-04-13 18:30:00,8879400.0,1001.88,10.08,283.09,-1.06,45.73,12.36,5.65,6.71,3.52,5.64,1229.59,0.93,2.4,9.8
2015-04-13 18:40:00,8880000.0,1001.99,9.89,282.89,-0.82,47.13,12.2,5.75,6.45,3.58,5.74,1230.51,0.67,1.6,11.84
2015-04-13 18:50:00,8880600.0,1002.01,9.64,282.64,-0.79,48.04,12.0,5.76,6.24,3.59,5.75,1231.62,0.96,2.14,311.2
2015-04-13 19:00:00,8881200.0,1002.01,9.37,282.37,-0.87,48.62,11.78,5.73,6.05,3.56,5.72,1232.82,0.83,1.52,292.4
2015-04-13 19:10:00,8881800.0,1002.0,9.13,282.13,-0.88,49.39,11.59,5.73,5.87,3.56,5.72,1233.85,0.65,1.2,266.3
2015-04-13 19:20:00,8882400.0,1002.07,8.92,281.91,-0.89,50.05,11.43,5.72,5.71,3.56,5.71,1234.86,0.87,1.32,274.5
2015-04-13 19:30:00,8883000.0,1002.13,8.76,281.75,-1.0,50.19,11.31,5.68,5.63,3.53,5.66,1235.66,1.06,1.56,256.6
2015-04-13 19:40:00,8883600.0,1002.13,8.55,281.54,-1.08,50.62,11.15,5.64,5.5,3.51,5.63,1236.59,1.29,1.68,253.0
2015-04-13 19:50:00,8884200.0,1002.17,8.29,281.28,-1.19,51.12,10.95,5.6,5.35,3.48,5.59,1237.81,1.61,2.2,255.1
2015-04-13 20:00:00,8884800.0,1002.26,8.15,281.13,-1.37,50.92,10.85,5.52,5.32,3.44,5.51,1238.56,1.4,2.08,263.4
2015-04-13 20:10:00,8885400.0,1002.29,8.0,280.98,-1.46,51.09,10.74,5.49,5.25,3.41,5.47,1239.28,1.43,1.98,258.6
2015-04-13 20:20:00,8886000.0,1002.41,7.71,280.68,-1.46,52.12,10.53,5.49,5.04,3.41,5.47,1240.71,1.74,2.2,254.0
2015-04-13 20:30:00,8886600.0,1002.5,7.7,280.66,-1.5,52.0,10.52,5.47,5.05,3.4,5.46,1240.88,1.61,2.04,254.3
2015-04-13 20:40:00,8887200.0,1002.43,7.73,280.69,-1.49,51.94,10.54,5.48,5.07,3.4,5.46,1240.65,2.32,2.96,248.8
2015-04-13 20:50:00,8887800.0,1002.4,7.78,280.75,-1.59,51.36,10.58,5.43,5.15,3.38,5.42,1240.41,1.74,2.64,256.1
2015-04-13 21:00:00,8888400.0,1002.45,8.08,281.04,-1.63,50.2,10.8,5.42,5.38,3.37,5.41,1239.15,1.22,1.66,247.2
2015-04-13 21:10:00,8889000.0,1002.51,8.15,281.11,-1.58,50.14,10.85,5.44,5.41,3.38,5.43,1238.91,1.24,1.76,244.9
2015-04-13 21:20:00,8889600.0,1002.61,7.62,280.57,-1.19,53.48,10.46,5.6,4.87,3.48,5.58,1241.3,0.57,1.4,41.9
2015-04-13 21:30:00,8890200.0,1002.52,7.16,280.12,-1.43,54.25,10.14,5.5,4.64,3.42,5.49,1243.27,1.04,1.88,239.9
2015-04-13 21:40:00,8890800.0,1002.54,7.68,280.64,-1.49,52.13,10.51,5.48,5.03,3.41,5.46,1241.0,1.02,2.0,248.6
2015-04-13 21:50:00,8891400.0,1002.6,6.54,279.49,-0.8,59.29,9.72,5.76,3.96,3.58,5.75,1246.0,0.57,1.0,90.9
2015-04-13 22:00:00,8892000.0,1002.57,5.57,278.52,-1.1,62.06,9.08,5.64,3.45,3.5,5.62,1250.38,0.61,1.14,233.1
2015-04-13 22:10:00,8892600.0,1002.48,6.4,279.36,-1.68,56.13,9.62,5.4,4.22,3.36,5.39,1246.67,2.12,2.68,243.2
2015-04-13 22:20:00,8893200.0,1002.5,7.18,280.14,-1.6,53.5,10.15,5.43,4.72,3.38,5.42,1243.2,1.14,2.32,247.6
2015-04-13 22:30:00,8893800.0,1002.57,5.3,278.25,-1.2,62.77,8.91,5.59,3.32,3.48,5.58,1251.6,1.53,2.76,188.6
2015-04-13 22:40:00,8894400.0,1002.54,4.6,277.56,-1.31,65.38,8.49,5.55,2.94,3.45,5.54,1254.73,1.28,1.88,223.9
2015-04-13 22:50:00,8895000.0,1002.56,4.5,277.46,-1.53,64.79,8.43,5.46,2.97,3.39,5.45,1255.26,0.83,1.24,211.8
2015-04-13 23:00:00,8895600.0,1002.71,4.35,277.29,-1.36,66.3,8.34,5.53,2.81,3.44,5.51,1256.1,1.37,2.32,181.4
2015-04-13 23:10:00,8896200.0,1002.81,4.28,277.22,-1.12,67.77,8.3,5.63,2.68,3.5,5.61,1256.47,0.88,1.8,215.1
2015-04-13 23:20:00,8896800.0,1002.83,4.11,277.04,-1.18,68.31,8.2,5.6,2.6,3.48,5.58,1257.31,0.74,1.16,189.3
2015-04-13 23:30:00,8897400.0,1002.87,3.89,276.82,-1.25,69.05,8.07,5.57,2.5,3.46,5.56,1258.35,0.82,1.52,166.9
2015-04-13 23:40:00,8898000.0,1002.96,3.76,276.68,-1.17,70.1,8.0,5.61,2.39,3.48,5.59,1259.06,0.7,1.72,184.4
2015-04-13 23:50:00,8898600.0,1003.01,3.61,276.53,-1.18,70.8,7.91,5.6,2.31,3.48,5.59,1259.8,0.5,0.84,188.8
2015-04-14 00:00:00,8899200.0,1003.12,3.34,276.25,-1.19,72.1,7.76,5.6,2.17,3.48,5.58,1261.18,1.07,1.72,174.5
2015-04-14 00:10:00,8899800.0,1003.19,3.19,276.1,-1.18,72.9,7.69,5.6,2.08,3.48,5.59,1261.91,1.34,2.08,175.0
2015-04-14 00:20:00,8900400.0,1003.15,2.97,275.89,-1.13,74.3,7.57,5.62,1.94,3.49,5.6,1262.86,0.66,1.66,223.7
2015-04-14 00:30:00,8901000.0,1003.07,2.9,275.82,-1.22,74.2,7.53,5.59,1.94,3.47,5.57,1263.09,0.48,0.84,188.5
2015-04-14 00:40:00,8901600.0,1003.12,2.72,275.64,-1.44,73.9,7.43,5.49,1.94,3.41,5.48,1264.02,1.16,1.72,180.4
2015-04-14 00:50:00,8902200.0,1003.1,2.64,275.55,-1.62,73.4,7.39,5.42,1.97,3.37,5.41,1264.43,0.98,1.52,212.5
2015-04-14 01:00:00,8902800.0,1003.01,2.56,275.48,-1.63,73.8,7.34,5.42,1.92,3.37,5.4,1264.69,0.83,1.44,188.6
2015-04-14 01:10:00,8903400.0,1002.96,2.37,275.29,-1.53,75.3,7.25,5.46,1.79,3.39,5.44,1265.48,1.19,1.8,192.0
2015-04-14 01:20:00,8904000.0,1002.88,2.25,275.18,-1.44,76.5,7.19,5.5,1.69,3.42,5.48,1265.9,1.05,1.52,206.7
2015-04-14 01:30:00,8904600.0,1002.85,2.09,275.02,-1.38,77.7,7.1,5.52,1.58,3.43,5.5,1266.6,0.92,1.48,184.4
2015-04-14 01:40:00,8905200.0,1002.8,2.04,274.98,-1.34,78.2,7.08,5.54,1.54,3.44,5.52,1266.73,0.63,1.16,160.4
2015-04-14 01:50:00,8905800.0,1002.76,1.92,274.86,-1.37,78.7,7.02,5.52,1.49,3.43,5.51,1267.25,0.78,1.24,165.7
2015-04-14 02:00:00,8906400.0,1002.76,1.92,274.87,-1.28,79.2,7.02,5.56,1.46,3.46,5.54,1267.22,0.49,1.28,21.51
2015-04-14 02:10:00,8907000.0,1002.74,1.91,274.85,-1.3,79.2,7.01,5.55,1.46,3.45,5.54,1267.27,0.35,0.8,163.9
2015-04-14 02:20:00,8907600.0,1002.72,1.67,274.62,-1.37,80.1,6.9,5.52,1.37,3.43,5.51,1268.34,0.6,1.08,186.4
2015-04-14 02:30:00,8908200.0,1002.76,1.65,274.59,-1.4,80.1,6.88,5.51,1.37,3.43,5.5,1268.51,0.31,0.7,214.1
2015-04-14 02:40:00,8908800.0,1002.7,1.57,274.52,-1.53,79.8,6.84,5.46,1.38,3.39,5.45,1268.83,0.52,0.8,171.2
2015-04-14 02:50:00,8909400.0,1002.64,1.34,274.29,-1.58,80.8,6.73,5.44,1.29,3.38,5.42,1269.82,0.73,1.16,198.8
2015-04-14 03:00:00,8910000.0,1002.64,1.23,274.19,-1.62,81.2,6.68,5.42,1.26,3.37,5.41,1270.32,0.79,1.12,196.8
2015-04-14 03:10:00,8910600.0,1002.64,1.02,273.97,-1.61,82.5,6.58,5.43,1.15,3.37,5.41,1271.31,0.84,1.12,200.8
2015-04-14 03:20:00,8911200.0,1002.58,0.89,273.84,-1.61,83.3,6.51,5.43,1.09,3.37,5.41,1271.85,1.13,1.48,193.2
2015-04-14 03:30:00,8911800.0,1002.54,0.67,273.64,-1.61,84.6,6.41,5.43,0.99,3.37,5.41,1272.79,0.99,1.44,182.3
2015-04-14 03:40:00,8912400.0,1002.51,0.55,273.51,-1.6,85.4,6.36,5.43,0.93,3.38,5.42,1273.31,0.95,1.48,174.8
2015-04-14 03:50:00,8913000.0,1002.48,0.55,273.52,-1.57,85.6,6.36,5.44,0.92,3.38,5.43,1273.27,0.57,1.16,176.2
2015-04-14 04:00:00,8913600.0,1002.4,0.45,273.42,-1.72,85.3,6.31,5.38,0.93,3.35,5.37,1273.68,0.44,0.76,222.2
2015-04-14 04:10:00,8914200.0,1002.39,0.37,273.34,-1.72,85.8,6.27,5.38,0.89,3.35,5.37,1274.03,0.35,0.6,190.4
2015-04-14 04:20:00,8914800.0,1002.38,0.29,273.27,-1.81,85.7,6.24,5.35,0.89,3.32,5.33,1274.39,0.46,0.76,142.1
2015-04-14 04:30:00,8915400.0,1002.36,0.22,273.2,-1.82,86.1,6.21,5.34,0.86,3.32,5.33,1274.71,0.49,1.08,175.0
2015-04-14 04:40:00,8916000.0,1002.32,0.24,273.22,-1.85,85.8,6.22,5.33,0.88,3.32,5.32,1274.57,0.38,1.0,163.7
2015-04-14 04:50:00,8916600.0,1002.34,0.0,272.98,-1.97,86.5,6.11,5.28,0.82,3.29,5.27,1275.73,1.02,1.76,167.6
2015-04-14 05:00:00,8917200.0,1002.36,-0.17,272.81,-2.0,87.4,6.03,5.27,0.76,3.28,5.26,1276.57,0.52,0.92,200.0
2015-04-14 05:10:00,8917800.0,1002.41,-0.27,272.7,-2.01,88.0,5.99,5.27,0.72,3.28,5.26,1277.11,0.75,1.08,210.8
2015-04-14 05:20:00,8918400.0,1002.45,-0.22,272.75,-1.92,88.2,6.01,5.3,0.71,3.3,5.29,1276.87,0.58,1.04,199.1
2015-04-14 05:30:00,8919000.0,1002.42,-0.16,272.82,-1.95,87.6,6.04,5.29,0.75,3.29,5.28,1276.56,0.55,1.32,186.9
2015-04-14 05:40:00,8919600.0,1002.4,-0.2,272.78,-2.02,87.4,6.02,5.26,0.76,3.27,5.25,1276.74,0.63,1.36,185.2
2015-04-14 05:50:00,8920200.0,1002.4,-0.25,272.72,-2.06,87.5,6.0,5.25,0.75,3.26,5.23,1277.01,1.06,1.84,190.9
2015-04-14 06:00:00,8920800.0,1002.39,-0.23,272.74,-2.0,87.8,6.01,5.27,0.73,3.28,5.26,1276.88,0.91,1.8,177.4
2015-04-14 06:10:00,8921400.0,1002.35,-0.09,272.89,-1.87,87.7,6.07,5.32,0.75,3.31,5.31,1276.15,0.93,2.0,156.8
2015-04-14 06:20:00,8922000.0,1002.3,0.04,273.02,-1.9,86.7,6.13,5.31,0.81,3.3,5.3,1275.48,1.02,1.6,167.6
2015-04-14 06:30:00,8922600.0,1002.27,0.1,273.08,-1.88,86.5,6.15,5.32,0.83,3.31,5.31,1275.17,0.89,1.88,171.8
2015-04-14 06:40:00,8923200.0,1002.34,0.38,273.36,-1.67,86.0,6.28,5.4,0.88,3.36,5.39,1273.9,0.64,1.34,182.9
2015-04-14 06:50:00,8923800.0,1002.38,0.81,273.78,-1.64,83.6,6.48,5.41,1.06,3.37,5.4,1271.97,0.79,1.52,151.7
2015-04-14 07:00:00,8924400.0,1002.29,1.08,274.06,-1.58,82.3,6.61,5.44,1.17,3.38,5.42,1270.58,1.0,1.8,181.8
2015-04-14 07:10:00,8925000.0,1002.18,1.25,274.24,-1.44,82.2,6.69,5.5,1.19,3.42,5.48,1269.63,1.09,1.96,181.8
2015-04-14 07:20:00,8925600.0,1002.14,1.81,274.8,-1.24,80.1,6.96,5.58,1.39,3.47,5.57,1266.94,1.3,2.02,171.4
2015-04-14 07:30:00,8926200.0,1002.05,2.48,275.48,-1.12,77.0,7.31,5.62,1.68,3.5,5.61,1263.73,1.63,2.6,155.7
2015-04-14 07:40:00,8926800.0,1002.02,3.08,276.08,-0.84,75.3,7.63,5.74,1.88,3.57,5.73,1260.88,1.33,2.32,169.3
2015-04-14 07:50:00,8927400.0,1001.91,3.25,276.26,-0.68,75.3,7.72,5.81,1.91,3.62,5.8,1259.93,1.29,2.2,182.2
2015-04-14 08:00:00,8928000.0,1001.89,3.43,276.44,-0.55,75.1,7.81,5.87,1.95,3.65,5.86,1259.08,1.54,2.52,178.8
2015-04-14 08:10:00,8928600.0,1001.9,3.58,276.59,-0.33,75.5,7.9,5.96,1.93,3.71,5.95,1258.36,1.58,2.2,191.0
2015-04-14 08:20:00,8929200.0,1001.88,4.04,277.06,-0.02,74.7,8.16,6.1,2.07,3.79,6.09,1256.16,1.52,2.26,178.3
2015-04-14 08:30:00,8929800.0,1001.84,4.94,277.95,0.37,72.2,8.69,6.28,2.42,3.91,6.26,1251.98,1.43,2.2,186.5
2015-04-14 08:40:00,8930400.0,1001.78,5.99,279.0,0.72,68.85,9.35,6.44,2.91,4.01,6.43,1247.15,1.59,2.46,167.3
2015-04-14 08:50:00,8931000.0,1001.72,6.87,279.89,0.91,65.67,9.94,6.53,3.41,4.06,6.51,1243.08,1.65,2.48,168.0
2015-04-14 09:00:00,8931600.0,1001.61,7.5,280.53,1.0,63.29,10.38,6.57,3.81,4.09,6.56,1240.13,1.84,3.04,152.4
2015-04-14 09:10:00,8932200.0,1001.54,7.8,280.84,0.98,61.91,10.59,6.56,4.03,4.08,6.55,1238.73,2.3,3.32,151.0
2015-04-14 09:20:00,8932800.0,1001.52,8.51,281.55,1.3,60.36,11.12,6.71,4.41,4.18,6.7,1235.51,1.23,2.26,85.1
2015-04-14 09:30:00,8933400.0,1001.45,9.8,282.84,1.27,55.2,12.13,6.7,5.43,4.17,6.69,1229.8,1.65,4.81,100.3
2015-04-14 09:40:00,8934000.0,1001.38,11.06,284.11,0.97,49.66,13.2,6.55,6.64,4.08,6.54,1224.33,4.29,6.97,215.3
2015-04-14 09:50:00,8934600.0,1001.3,11.27,284.32,0.92,48.81,13.38,6.53,6.85,4.07,6.52,1223.34,4.53,8.81,218.5
2015-04-14 10:00:00,8935200.0,1001.2,11.27,284.33,0.85,48.55,13.38,6.5,6.88,4.05,6.49,1223.23,5.02,7.85,214.9
2015-04-14 10:10:00,8935800.0,1001.12,11.57,284.64,0.93,47.89,13.65,6.54,7.11,4.07,6.53,1221.82,4.97,7.13,209.1
2015-04-14 10:20:00,8936400.0,1001.06,11.75,284.82,0.78,46.81,13.81,6.47,7.35,4.03,6.46,1221.01,5.24,8.73,207.0
2015-04-14 10:30:00,8937000.0,1000.9,11.87,284.96,0.5,45.5,13.92,6.34,7.59,3.95,6.33,1220.36,5.42,8.13,198.3
2015-04-14 10:40:00,8937600.0,1000.84,12.22,285.31,0.63,44.89,14.25,6.4,7.85,3.98,6.39,1218.77,3.62,6.57,219.6
2015-04-14 10:50:00,8938200.0,1000.68,12.46,285.56,0.54,43.89,14.48,6.35,8.12,3.96,6.35,1217.56,5.23,8.93,203.2
2015-04-14 11:00:00,8938800.0,1000.59,13.09,286.2,0.65,42.45,15.09,6.4,8.68,3.99,6.4,1214.75,2.96,5.19,214.8
2015-04-14 11:10:00,8939400.0,1000.34,13.02,286.15,0.17,41.18,15.02,6.18,8.83,3.85,6.18,1214.85,5.52,8.21,209.2
2015-04-14 11:20:00,8940000.0,1000.26,13.24,286.38,0.63,41.98,15.24,6.4,8.84,3.99,6.39,1213.72,4.42,7.71,218.2
2015-04-14 11:30:00,8940600.0,1000.15,13.22,286.37,0.6,41.94,15.22,6.38,8.83,3.98,6.38,1213.67,5.19,8.49,236.2
2015-04-14 11:40:00,8941200.0,999.9,13.05,286.22,1.1,43.95,15.05,6.61,8.43,4.12,6.61,1213.99,5.4,9.21,215.6
2015-04-14 11:50:00,8941800.0,999.93,13.13,286.3,1.96,46.54,15.13,7.04,8.09,4.39,7.04,1213.49,4.76,8.13,244.6
2015-04-14 12:00:00,8942400.0,999.96,13.1,286.26,2.38,48.05,15.1,7.25,7.84,4.52,7.25,1213.55,3.53,8.37,250.8
2015-04-14 12:10:00,8943000.0,999.86,13.61,286.78,3.12,48.97,15.61,7.64,7.96,4.77,7.64,1211.09,1.77,4.0,238.6
2015-04-14 12:20:00,8943600.0,999.68,14.04,287.23,3.36,48.45,16.05,7.78,8.27,4.85,7.78,1209.0,2.77,6.21,226.6
2015-04-14 12:30:00,8944200.0,999.57,14.36,287.56,3.43,47.7,16.39,7.82,8.57,4.88,7.82,1207.51,2.59,4.77,225.6
2015-04-14 12:40:00,8944800.0,999.45,14.07,287.28,3.44,48.65,16.08,7.82,8.26,4.88,7.83,1208.58,4.16,7.01,224.8
2015-04-14 12:50:00,8945400.0,999.33,14.0,287.22,3.51,49.11,16.01,7.86,8.15,4.91,7.87,1208.7,4.34,7.13,216.8
2015-04-14 13:00:00,8946000.0,999.23,13.81,287.03,3.56,49.88,15.81,7.89,7.93,4.92,7.89,1209.37,3.83,6.59,244.9
2015-04-14 13:10:00,8946600.0,999.06,14.37,287.61,4.09,49.94,16.4,8.19,8.21,5.11,8.2,1206.68,3.54,6.49,237.6
2015-04-14 13:20:00,8947200.0,998.87,14.21,287.46,3.88,49.73,16.23,8.07,8.16,5.04,8.08,1207.17,4.49,8.17,241.9
2015-04-14 13:30:00,8947800.0,998.66,14.47,287.74,4.12,49.73,16.5,8.21,8.3,5.13,8.22,1205.76,4.4,7.75,228.5
2015-04-14 13:40:00,8948400.0,998.54,14.45,287.73,4.19,50.04,16.48,8.25,8.23,5.15,8.26,1205.68,3.3,6.33,238.7
2015-04-14 13:50:00,8949000.0,998.36,14.77,288.06,4.4,49.74,16.83,8.37,8.46,5.23,8.38,1204.07,2.97,5.2,232.9
2015-04-14 14:00:00,8949600.0,998.2,15.14,288.45,4.58,49.17,17.23,8.47,8.76,5.3,8.49,1202.28,3.78,7.33,225.4
2015-04-14 14:10:00,8950200.0,998.17,15.55,288.86,4.75,48.48,17.69,8.58,9.12,5.36,8.59,1200.5,2.42,5.57,241.6
2015-04-14 14:20:00,8950800.0,998.07,15.41,288.73,4.35,47.56,17.53,8.34,9.2,5.21,8.36,1201.06,3.11,6.25,261.9
2015-04-14 14:30:00,8951400.0,997.83,15.29,288.63,4.38,48.02,17.4,8.36,9.04,5.22,8.37,1201.26,3.38,4.68,245.6
2015-04-14 14:40:00,8952000.0,997.61,15.74,289.1,4.69,47.68,17.91,8.54,9.37,5.34,8.56,1199.04,3.46,6.29,220.4
2015-04-14 14:50:00,8952600.0,997.49,16.31,289.68,4.84,46.48,18.57,8.63,9.94,5.4,8.65,1196.49,3.23,5.6,268.7
2015-04-14 15:00:00,8953200.0,997.36,16.54,289.92,4.79,45.64,18.85,8.6,10.25,5.38,8.63,1195.4,2.86,6.13,255.3
2015-04-14 15:10:00,8953800.0,997.19,16.38,289.77,4.74,45.95,18.66,8.57,10.08,5.36,8.6,1195.87,3.77,7.37,215.8
2015-04-14 15:20:00,8954400.0,996.95,15.92,289.33,4.76,47.39,18.12,8.59,9.53,5.37,8.61,1197.48,2.75,6.16,222.9
2015-04-14 15:30:00,8955000.0,996.8,16.33,289.76,4.84,46.41,18.6,8.63,9.97,5.4,8.66,1195.58,1.8,4.8,234.2
2015-04-14 15:40:00,8955600.0,996.62,16.57,290.01,5.06,46.42,18.88,8.77,10.12,5.49,8.8,1194.32,2.66,4.4,215.1
2015-04-14 15:50:00,8956200.0,996.56,16.81,290.26,5.04,45.64,19.17,8.75,10.42,5.48,8.78,1193.26,3.71,6.24,238.2
2015-04-14 16:00:00,8956800.0,996.38,16.75,290.21,5.09,45.98,19.1,8.78,10.32,5.5,8.81,1193.28,4.35,7.44,232.8
2015-04-14 16:10:00,8957400.0,996.31,16.82,290.29,5.17,46.04,19.19,8.83,10.35,5.53,8.87,1192.89,3.89,6.49,240.6
2015-04-14 16:20:00,8958000.0,996.24,16.8,290.27,5.28,46.45,19.16,8.9,10.26,5.58,8.93,1192.85,3.18,6.85,242.1
2015-04-14 16:30:00,8958600.0,996.23,16.84,290.31,5.26,46.28,19.21,8.89,10.32,5.57,8.92,1192.67,3.18,6.0,252.6
2015-04-14 16:40:00,8959200.0,996.1,16.64,290.12,5.26,46.87,18.97,8.89,10.08,5.57,8.93,1193.34,3.64,6.79,239.4
2015-04-14 16:50:00,8959800.0,995.97,16.68,290.18,5.38,47.12,19.02,8.96,10.06,5.62,9.0,1192.99,2.95,6.4,239.5
2015-04-14 17:00:00,8960400.0,995.84,16.83,290.34,5.42,46.81,19.2,8.99,10.21,5.63,9.02,1192.21,3.22,5.68,240.6
2015-04-14 17:10:00,8961000.0,995.67,16.92,290.44,5.59,47.1,19.31,9.09,10.21,5.7,9.13,1191.58,2.12,4.24,227.4
2015-04-14 17:20:00,8961600.0,995.55,17.04,290.57,5.69,47.08,19.46,9.16,10.3,5.74,9.2,1190.91,2.21,4.12,210.4
2015-04-14 17:30:00,8962200.0,995.47,17.06,290.6,5.72,47.11,19.48,9.18,10.3,5.75,9.22,1190.73,2.91,4.76,209.9
2015-04-14 17:40:00,8962800.0,995.49,17.0,290.54,5.77,47.46,19.41,9.21,10.2,5.78,9.25,1190.99,1.39,3.08,228.4
2015-04-14 17:50:00,8963400.0,995.39,16.97,290.51,5.8,47.64,19.37,9.23,10.14,5.79,9.27,1190.98,1.04,2.36,205.3
2015-04-14 18:00:00,8964000.0,995.28,16.91,290.46,5.86,48.02,19.3,9.27,10.03,5.81,9.31,1191.07,0.95,1.7,213.6
2015-04-14 18:10:00,8964600.0,995.16,16.8,290.36,5.99,48.8,19.16,9.35,9.81,5.87,9.4,1191.35,1.3,2.22,204.6
2015-04-14 18:20:00,8965200.0,995.08,16.66,290.23,5.98,49.22,18.99,9.35,9.64,5.86,9.39,1191.83,2.06,2.96,203.4
2015-04-14 18:30:00,8965800.0,994.96,16.5,290.08,6.05,49.96,18.8,9.39,9.41,5.89,9.44,1192.32,2.32,3.08,206.1
2015-04-14 18:40:00,8966400.0,994.87,16.31,289.9,6.08,50.67,18.57,9.41,9.16,5.91,9.46,1192.99,1.94,2.8,211.1
2015-04-14 18:50:00,8967000.0,994.83,16.28,289.87,6.01,50.52,18.54,9.37,9.17,5.88,9.41,1193.08,2.07,2.4,206.7
2015-04-14 19:00:00,8967600.0,994.8,16.18,289.77,6.15,51.34,18.42,9.46,8.96,5.93,9.51,1193.42,2.38,3.4,201.1
2015-04-14 19:10:00,8968200.0,994.77,15.87,289.46,6.34,53.06,18.06,9.58,8.48,6.01,9.63,1194.6,2.68,3.6,207.6
2015-04-14 19:20:00,8968800.0,994.72,15.86,289.46,6.39,53.28,18.05,9.62,8.43,6.03,9.67,1194.57,2.86,3.92,212.7
2015-04-14 19:30:00,8969400.0,994.69,15.83,289.43,6.45,53.59,18.01,9.65,8.36,6.06,9.7,1194.64,2.48,2.96,215.9
2015-04-14 19:40:00,8970000.0,994.71,15.77,289.37,6.46,53.83,17.94,9.66,8.28,6.06,9.71,1194.91,2.44,3.14,211.9
2015-04-14 19:50:00,8970600.0,994.72,15.71,289.31,6.5,54.21,17.88,9.69,8.19,6.08,9.74,1195.16,2.89,3.48,212.7
2015-04-14 20:00:00,8971200.0,994.68,15.6,289.2,6.52,54.67,17.75,9.7,8.05,6.09,9.76,1195.56,2.95,3.64,212.6
2015-04-14 20:10:00,8971800.0,994.63,15.53,289.14,6.53,54.95,17.67,9.71,7.96,6.09,9.76,1195.78,2.88,3.4,210.9
2015-04-14 20:20:00,8972400.0,994.63,15.44,289.04,6.55,55.35,17.57,9.72,7.84,6.1,9.78,1196.16,2.73,3.92,214.8
2015-04-14 20:30:00,8973000.0,994.64,15.24,288.84,6.55,56.04,17.34,9.72,7.62,6.1,9.77,1197.0,2.35,3.2,217.0
2015-04-14 20:40:00,8973600.0,994.64,15.04,288.64,6.54,56.73,17.12,9.71,7.41,6.1,9.77,1197.83,2.65,3.2,220.7
2015-04-14 20:50:00,8974200.0,994.65,14.88,288.48,6.58,57.5,16.95,9.74,7.2,6.12,9.8,1198.49,3.21,4.42,217.5
2015-04-14 21:00:00,8974800.0,994.62,14.66,288.26,6.67,58.67,16.71,9.8,6.91,6.15,9.86,1199.35,2.77,4.2,227.8
2015-04-14 21:10:00,8975400.0,994.54,14.78,288.39,6.69,58.31,16.84,9.82,7.02,6.16,9.87,1198.74,2.79,4.32,230.4
2015-04-14 21:20:00,8976000.0,994.51,14.76,288.37,6.7,58.42,16.82,9.82,6.99,6.17,9.88,1198.79,2.55,4.16,228.5
2015-04-14 21:30:00,8976600.0,994.48,14.73,288.35,6.71,58.57,16.78,9.83,6.95,6.17,9.88,1198.87,2.13,3.28,232.4
2015-04-14 21:40:00,8977200.0,994.41,14.57,288.19,6.7,59.15,16.61,9.83,6.79,6.17,9.88,1199.45,2.16,3.84,223.7
2015-04-14 21:50:00,8977800.0,994.4,14.41,288.03,6.7,59.74,16.44,9.82,6.62,6.17,9.88,1200.11,2.54,3.58,223.5
2015-04-14 22:00:00,8978400.0,994.34,14.34,287.97,6.71,60.05,16.37,9.83,6.54,6.17,9.88,1200.33,2.59,4.48,224.7
2015-04-14 22:10:00,8979000.0,994.28,14.36,287.99,6.72,60.01,16.39,9.83,6.55,6.17,9.89,1200.17,2.41,4.04,223.1
2015-04-14 22:20:00,8979600.0,994.28,14.33,287.96,6.68,59.99,16.35,9.81,6.54,6.16,9.87,1200.3,2.4,4.4,219.4
2015-04-14 22:30:00,8980200.0,994.29,14.33,287.96,6.65,59.86,16.35,9.79,6.56,6.15,9.85,1200.33,1.96,3.08,231.0
2015-04-14 22:40:00,8980800.0,994.26,14.17,287.8,6.63,60.38,16.19,9.77,6.41,6.14,9.83,1200.96,1.03,1.98,245.5
2015-04-14 22:50:00,8981400.0,994.25,14.17,287.8,6.59,60.24,16.19,9.75,6.44,6.12,9.81,1200.97,1.37,2.36,232.3
2015-04-14 23:00:00,8982000.0,994.26,14.37,288.0,6.55,59.3,16.4,9.72,6.67,6.11,9.78,1200.15,1.17,2.68,242.2
2015-04-14 23:10:00,8982600.0,994.25,14.33,287.96,6.52,59.33,16.35,9.7,6.65,6.09,9.76,1200.32,0.99,1.84,228.0
2015-04-14 23:20:00,8983200.0,994.17,14.18,287.82,6.48,59.74,16.2,9.68,6.52,6.08,9.73,1200.87,0.69,1.16,212.0
2015-04-14 23:30:00,8983800.0,994.16,14.01,287.65,6.43,60.17,16.02,9.64,6.38,6.05,9.7,1201.57,0.63,1.14,205.8
2015-04-14 23:40:00,8984400.0,994.15,13.64,287.28,6.4,61.53,15.64,9.62,6.02,6.04,9.68,1203.12,0.74,1.04,164.7
2015-04-14 23:50:00,8985000.0,994.12,13.17,286.81,6.34,63.19,15.17,9.58,5.58,6.02,9.64,1205.07,1.03,1.9,145.2
2015-04-15 00:00:00,8985600.0,994.04,12.68,286.33,6.27,64.93,14.69,9.54,5.15,5.99,9.59,1207.07,0.93,2.08,133.0
2015-04-15 00:10:00,8986200.0,993.95,12.34,286.0,6.18,65.99,14.36,9.48,4.88,5.95,9.54,1208.43,1.14,1.72,141.5
2015-04-15 00:20:00,8986800.0,993.88,12.28,285.94,6.16,66.15,14.31,9.46,4.84,5.94,9.52,1208.6,0.76,1.32,138.2
2015-04-15 00:30:00,8987400.0,993.79,12.18,285.85,6.05,66.09,14.21,9.39,4.82,5.9,9.45,1208.94,0.66,1.2,150.2
2015-04-15 00:40:00,8988000.0,993.75,12.68,286.35,6.04,63.88,14.69,9.38,5.3,5.89,9.44,1206.79,0.91,2.24,182.1
2015-04-15 00:50:00,8988600.0,993.69,13.13,286.81,6.05,62.09,15.13,9.39,5.73,5.9,9.45,1204.81,1.06,2.44,218.7
2015-04-15 01:00:00,8989200.0,993.67,13.23,286.91,6.11,61.92,15.23,9.43,5.8,5.92,9.49,1204.35,0.94,2.04,195.8
2015-04-15 01:10:00,8989800.0,993.66,13.21,286.89,6.05,61.78,15.21,9.39,5.81,5.9,9.45,1204.44,0.73,1.7,221.0
2015-04-15 01:20:00,8990400.0,993.58,13.36,287.05,6.05,61.17,15.36,9.39,5.96,5.9,9.45,1203.7,0.64,1.28,211.8
2015-04-15 01:30:00,8991000.0,993.57,13.41,287.1,6.03,60.88,15.41,9.38,6.03,5.89,9.44,1203.5,0.93,2.04,231.3
2015-04-15 01:40:00,8991600.0,993.61,13.49,287.18,6.04,60.61,15.49,9.39,6.1,5.9,9.45,1203.2,1.29,1.92,237.7
2015-04-15 01:50:00,8992200.0,993.55,13.5,287.19,6.05,60.61,15.5,9.39,6.1,5.9,9.45,1203.09,1.51,2.2,242.7
2015-04-15 02:00:00,8992800.0,993.54,13.73,287.42,6.16,60.14,15.73,9.46,6.27,5.94,9.52,1202.08,2.24,3.12,246.0
2015-04-15 02:10:00,8993400.0,993.53,14.05,287.74,6.28,59.41,16.06,9.54,6.52,6.0,9.6,1200.69,2.13,2.84,242.7
2015-04-15 02:20:00,8994000.0,993.53,14.28,287.97,6.36,58.85,16.3,9.59,6.71,6.03,9.66,1199.71,1.63,2.56,249.3
2015-04-15 02:30:00,8994600.0,993.53,14.39,288.08,6.4,58.6,16.42,9.62,6.8,6.05,9.68,1199.23,0.72,1.76,248.2
2015-04-15 02:40:00,8995200.0,993.49,14.08,287.78,6.37,59.68,16.09,9.6,6.49,6.03,9.67,1200.49,0.53,1.1,215.3
2015-04-15 02:50:00,8995800.0,993.41,13.34,287.04,6.34,62.5,15.34,9.58,5.75,6.02,9.65,1203.5,0.55,1.04,196.1
2015-04-15 03:00:00,8996400.0,993.4,12.43,286.13,6.2,65.66,14.45,9.49,4.96,5.96,9.55,1207.37,0.57,0.92,173.0
2015-04-15 03:10:00,8997000.0,993.4,11.65,285.35,6.14,68.85,13.72,9.45,4.27,5.94,9.51,1210.69,0.59,1.16,232.9
2015-04-15 03:20:00,8997600.0,993.29,12.34,286.05,6.27,66.37,14.36,9.53,4.83,5.99,9.6,1207.6,1.21,1.6,244.2
2015-04-15 03:30:00,8998200.0,993.28,12.7,286.41,6.29,64.92,14.71,9.55,5.16,6.0,9.61,1206.05,1.51,1.92,252.1
2015-04-15 03:40:00,8998800.0,993.29,13.01,286.72,6.27,63.54,15.01,9.54,5.47,5.99,9.6,1204.76,1.95,2.4,247.7
2015-04-15 03:50:00,8999400.0,993.28,13.04,286.75,6.32,63.63,15.04,9.57,5.47,6.01,9.63,1204.61,1.61,2.3,252.2
2015-04-15 04:00:00,9000000.0,993.21,12.26,285.98,6.2,66.43,14.29,9.49,4.8,5.97,9.56,1207.85,0.8,1.48,205.2
2015-04-15 04:10:00,9000600.0,993.21,10.59,284.3,5.89,72.6,12.79,9.28,3.5,5.84,9.35,1215.06,0.82,1.86,144.7
2015-04-15 04:20:00,9001200.0,993.25,10.02,283.73,5.82,75.1,12.31,9.25,3.07,5.81,9.31,1217.58,0.82,2.2,143.7
2015-04-15 04:30:00,9001800.0,993.21,9.97,283.68,5.87,75.6,12.27,9.28,2.99,5.83,9.34,1217.72,0.79,1.8,168.8
2015-04-15 04:40:00,9002400.0,993.15,10.02,283.74,5.9,75.5,12.31,9.29,3.02,5.84,9.36,1217.42,0.92,1.84,180.1
2015-04-15 04:50:00,9003000.0,993.07,10.12,283.84,5.94,75.2,12.39,9.32,3.07,5.86,9.38,1216.88,1.01,2.0,148.3
2015-04-15 05:00:00,9003600.0,993.05,10.08,283.81,5.92,75.3,12.36,9.31,3.05,5.85,9.37,1217.04,0.66,1.52,142.6
2015-04-15 05:10:00,9004200.0,992.99,9.93,283.66,5.93,76.1,12.24,9.31,2.92,5.85,9.38,1217.61,0.42,0.68,114.9
2015-04-15 05:20:00,9004800.0,992.93,9.61,283.34,5.92,77.7,11.98,9.31,2.67,5.85,9.37,1218.91,0.4,0.92,97.7
2015-04-15 05:30:00,9005400.0,992.93,9.49,283.22,5.95,78.5,11.88,9.33,2.55,5.86,9.39,1219.42,0.44,1.0,139.9
2015-04-15 05:40:00,9006000.0,992.93,9.3,283.03,5.96,79.6,11.73,9.34,2.39,5.87,9.4,1220.24,1.21,2.36,150.3
2015-04-15 05:50:00,9006600.0,992.99,9.45,283.18,6.07,79.4,11.85,9.41,2.44,5.91,9.47,1219.63,0.49,1.24,141.6
2015-04-15 06:00:00,9007200.0,992.97,9.78,283.51,6.12,77.9,12.11,9.44,2.68,5.93,9.5,1218.17,0.58,1.38,164.2
2015-04-15 06:10:00,9007800.0,992.93,9.93,283.67,6.13,77.2,12.24,9.45,2.79,5.94,9.51,1217.47,1.18,2.0,151.7
2015-04-15 06:20:00,9008400.0,992.92,9.97,283.71,6.16,77.1,12.27,9.46,2.81,5.95,9.53,1217.28,1.14,2.08,167.8
2015-04-15 06:30:00,9009000.0,992.93,9.84,283.57,6.23,78.2,12.16,9.51,2.65,5.98,9.58,1217.83,1.21,2.3,169.6
2015-04-15 06:40:00,9009600.0,992.93,10.17,283.91,6.35,77.1,12.43,9.59,2.85,6.03,9.66,1216.37,0.94,2.16,159.8
2015-04-15 06:50:00,9010200.0,992.93,10.53,284.27,6.39,75.5,12.74,9.62,3.12,6.05,9.69,1214.82,0.84,1.98,175.7
2015-04-15 07:00:00,9010800.0,992.93,11.04,284.78,6.54,73.7,13.18,9.71,3.47,6.11,9.78,1212.59,0.82,1.48,158.4
2015-04-15 07:10:00,9011400.0,992.92,11.88,285.62,6.64,70.2,13.93,9.78,4.15,6.15,9.85,1208.97,1.47,2.36,149.8
2015-04-15 07:20:00,9012000.0,992.87,12.72,286.47,6.83,67.32,14.73,9.91,4.81,6.23,9.98,1205.3,1.56,2.92,153.7
2015-04-15 07:30:00,9012600.0,992.86,13.49,287.24,7.12,65.3,15.49,10.11,5.37,6.36,10.19,1201.96,1.24,2.24,154.1
2015-04-15 07:40:00,9013200.0,992.82,14.53,288.28,7.38,62.12,16.57,10.29,6.28,6.47,10.37,1197.48,0.73,1.2,152.3
2015-04-15 07:50:00,9013800.0,992.8,15.43,289.19,7.6,59.53,17.56,10.45,7.11,6.57,10.53,1193.65,0.85,1.52,141.6
2015-04-15 08:00:00,9014400.0,992.66,16.07,289.84,7.74,57.67,18.29,10.55,7.74,6.64,10.63,1190.8,1.59,2.88,163.7
2015-04-15 08:10:00,9015000.0,992.56,16.5,290.28,7.85,56.52,18.8,10.63,8.17,6.69,10.71,1188.87,2.3,4.91,167.6
2015-04-15 08:20:00,9015600.0,992.56,17.03,290.81,7.97,55.13,19.44,10.72,8.72,6.74,10.8,1186.66,2.0,4.75,191.3
2015-04-15 08:30:00,9016200.0,992.6,17.42,291.2,7.83,53.27,19.93,10.62,9.31,6.68,10.7,1185.16,2.18,3.92,196.7
2015-04-15 08:40:00,9016800.0,992.59,17.68,291.46,7.93,52.74,20.26,10.68,9.57,6.72,10.76,1184.06,2.59,5.57,208.6
2015-04-15 08:50:00,9017400.0,992.57,18.05,291.83,7.88,51.37,20.74,10.65,10.08,6.7,10.73,1182.55,1.96,3.84,208.9
2015-04-15 09:00:00,9018000.0,992.49,18.35,292.14,7.79,50.1,21.13,10.59,10.54,6.66,10.67,1181.26,1.82,3.28,185.3
2015-04-15 09:10:00,9018600.0,992.37,18.72,292.52,7.49,47.95,21.63,10.37,11.26,6.53,10.45,1179.72,2.98,6.12,221.1
2015-04-15 09:20:00,9019200.0,992.3,18.5,292.31,7.33,48.08,21.33,10.26,11.08,6.45,10.34,1180.58,2.71,4.6,214.0
2015-04-15 09:30:00,9019800.0,992.31,18.8,292.61,7.13,46.54,21.74,10.12,11.62,6.37,10.19,1179.44,2.83,4.52,240.2
2015-04-15 09:40:00,9020400.0,992.28,18.88,292.69,6.92,45.64,21.84,9.97,11.87,6.27,10.05,1179.15,3.13,5.24,241.4
2015-04-15 09:50:00,9021000.0,992.21,18.92,292.73,6.8,45.15,21.9,9.89,12.01,6.22,9.96,1178.94,3.37,6.32,222.0
2015-04-15 10:00:00,9021600.0,992.15,19.1,292.92,6.84,44.79,22.15,9.92,12.23,6.24,10.0,1178.13,3.43,6.0,219.7
2015-04-15 10:10:00,9022200.0,992.05,19.19,293.02,6.34,43.02,22.27,9.58,12.69,6.03,9.66,1177.8,5.08,7.77,227.4
2015-04-15 10:20:00,9022800.0,991.97,19.43,293.27,6.3,42.28,22.61,9.56,13.05,6.02,9.64,1176.75,4.39,7.69,240.8
2015-04-15 10:30:00,9023400.0,991.94,19.31,293.15,5.97,41.61,22.44,9.34,13.1,5.88,9.41,1177.29,5.31,8.97,253.0
2015-04-15 10:40:00,9024000.0,991.8,19.55,293.4,6.12,41.44,22.78,9.44,13.34,5.94,9.52,1176.12,4.82,8.15,239.7
2015-04-15 10:50:00,9024600.0,991.65,19.67,293.53,6.16,41.25,22.95,9.47,13.48,5.96,9.54,1175.44,5.33,8.71,238.8
2015-04-15 11:00:00,9025200.0,991.51,19.95,293.83,6.37,41.13,23.35,9.6,13.74,6.05,9.69,1174.09,3.56,6.4,243.3
2015-04-15 11:10:00,9025800.0,991.32,20.03,293.92,6.37,40.91,23.46,9.6,13.86,6.04,9.68,1173.55,4.3,6.97,222.4
2015-04-15 11:20:00,9026400.0,991.19,20.17,294.07,6.18,40.04,23.67,9.48,14.19,5.97,9.56,1172.89,3.96,8.17,227.2
2015-04-15 11:30:00,9027000.0,991.13,20.73,294.64,5.76,37.58,24.5,9.21,15.29,5.8,9.29,1170.7,2.87,6.16,260.1
2015-04-15 11:40:00,9027600.0,991.0,20.73,294.65,5.86,37.83,24.5,9.27,15.23,5.84,9.35,1170.52,4.08,7.12,222.7
2015-04-15 11:50:00,9028200.0,990.99,21.06,294.98,5.44,35.99,25.0,9.0,16.0,5.67,9.08,1169.32,2.78,5.34,244.7
2015-04-15 12:00:00,9028800.0,990.86,21.11,295.04,5.55,36.17,25.08,9.07,16.01,5.71,9.15,1168.93,4.69,9.13,218.9
2015-04-15 12:10:00,9029400.0,990.73,20.88,294.82,5.18,35.74,24.73,8.84,15.89,5.57,8.92,1169.8,5.02,8.97,219.4
2015-04-15 12:20:00,9030000.0,990.62,21.49,295.45,4.86,33.68,25.67,8.65,17.02,5.45,8.73,1167.33,4.36,7.55,234.1
2015-04-15 12:30:00,9030600.0,990.44,21.91,295.88,4.92,32.96,26.34,8.68,17.66,5.47,8.76,1165.44,3.17,7.65,246.8
2015-04-15 12:40:00,9031200.0,990.43,21.92,295.89,4.32,31.58,26.35,8.32,18.03,5.24,8.4,1165.55,4.48,8.89,249.1
2015-04-15 12:50:00,9031800.0,990.26,22.18,296.17,4.27,30.98,26.77,8.29,18.48,5.23,8.38,1164.34,2.91,6.77,239.5
2015-04-15 13:00:00,9032400.0,990.16,22.21,296.21,3.83,29.97,26.82,8.04,18.78,5.07,8.12,1164.21,5.42,9.65,244.0
2015-04-15 13:10:00,9033000.0,990.06,22.15,296.15,3.7,29.82,26.72,7.97,18.76,5.02,8.05,1164.36,4.57,7.97,251.6
2015-04-15 13:20:00,9033600.0,989.94,22.42,296.44,3.66,29.25,27.17,7.95,19.22,5.01,8.03,1163.17,3.81,8.77,258.2
2015-04-15 13:30:00,9034200.0,989.73,22.53,296.56,3.97,29.69,27.35,8.12,19.23,5.12,8.2,1162.41,4.38,7.2,270.9
2015-04-15 13:40:00,9034800.0,989.53,22.49,296.54,4.28,30.42,27.28,8.3,18.98,5.23,8.39,1162.25,4.4,8.65,246.8
2015-04-15 13:50:00,9035400.0,989.41,22.77,296.83,4.41,30.19,27.75,8.38,19.37,5.28,8.47,1160.98,3.36,6.52,276.1
2015-04-15 14:00:00,9036000.0,989.21,22.96,297.04,4.84,30.76,28.07,8.63,19.44,5.45,8.73,1159.88,3.03,5.76,235.5
2015-04-15 14:10:00,9036600.0,989.04,22.99,297.08,4.95,30.93,28.12,8.7,19.42,5.49,8.79,1159.54,3.4,8.25,244.8
2015-04-15 14:20:00,9037200.0,988.86,23.37,297.48,4.97,30.27,28.78,8.71,20.06,5.5,8.81,1157.83,3.47,6.32,233.0
2015-04-15 14:30:00,9037800.0,988.62,23.18,297.31,4.54,29.71,28.45,8.45,20.0,5.33,8.55,1158.41,4.03,7.24,237.6
2015-04-15 14:40:00,9038400.0,988.34,23.2,297.36,4.94,30.53,28.48,8.7,19.79,5.49,8.8,1157.89,4.07,6.68,231.6
2015-04-15 14:50:00,9039000.0,988.17,23.32,297.49,4.74,29.87,28.69,8.57,20.12,5.41,8.67,1157.28,4.65,8.13,224.0
2015-04-15 15:00:00,9039600.0,988.0,23.08,297.26,4.02,28.82,28.28,8.15,20.13,5.15,8.25,1158.21,6.27,9.19,214.3
2015-04-15 15:10:00,9040200.0,987.92,23.2,297.39,4.08,28.73,28.48,8.18,20.3,5.17,8.28,1157.63,5.64,8.19,233.0
2015-04-15 15:20:00,9040800.0,987.79,23.31,297.51,3.68,27.74,28.67,7.95,20.72,5.02,8.05,1157.15,4.94,7.53,237.6
2015-04-15 15:30:00,9041400.0,987.69,23.31,297.52,3.21,26.83,28.67,7.69,20.98,4.86,7.79,1157.15,6.19,8.45,240.2
2015-04-15 15:40:00,9042000.0,987.55,23.28,297.5,2.8,26.12,28.62,7.48,21.14,4.72,7.57,1157.2,5.34,8.33,238.6
2015-04-15 15:50:00,9042600.0,987.38,23.68,297.92,3.46,26.71,29.32,7.83,21.49,4.95,7.93,1155.28,3.05,9.33,244.0
2015-04-15 16:00:00,9043200.0,987.26,23.71,297.96,3.7,27.12,29.37,7.97,21.41,5.03,8.07,1154.96,3.76,6.85,241.6
2015-04-15 16:10:00,9043800.0,987.11,23.5,297.76,3.79,27.65,29.0,8.02,20.98,5.07,8.12,1155.58,5.02,8.33,231.2
2015-04-15 16:20:00,9044400.0,987.0,23.48,297.75,3.26,26.65,28.97,7.72,21.25,4.88,7.82,1155.66,4.48,8.01,224.8
2015-04-15 16:30:00,9045000.0,987.0,23.49,297.76,3.3,26.72,28.98,7.74,21.24,4.9,7.85,1155.61,2.83,7.32,243.3
2015-04-15 16:40:00,9045600.0,986.88,23.5,297.78,3.5,27.09,29.0,7.86,21.14,4.97,7.96,1155.38,3.7,7.69,269.3
2015-04-15 16:50:00,9046200.0,986.76,23.42,297.71,3.68,27.56,28.86,7.95,20.91,5.03,8.06,1155.51,2.94,5.92,261.7
2015-04-15 17:00:00,9046800.0,986.68,23.38,297.68,4.04,28.34,28.79,8.16,20.63,5.16,8.27,1155.48,3.42,6.48,237.2
2015-04-15 17:10:00,9047400.0,986.68,23.28,297.58,4.15,28.73,28.62,8.22,20.4,5.2,8.33,1155.84,2.81,6.08,240.5
2015-04-15 17:20:00,9048000.0,986.67,23.18,297.48,4.11,28.82,28.45,8.2,20.25,5.18,8.31,1156.23,2.33,4.44,238.8
2015-04-15 17:30:00,9048600.0,986.56,23.17,297.48,3.9,28.42,28.43,8.08,20.35,5.11,8.19,1156.19,3.14,6.0,256.2
2015-04-15 17:40:00,9049200.0,986.45,23.23,297.55,4.03,28.58,28.53,8.15,20.38,5.16,8.27,1155.8,3.12,7.0,242.1
2015-04-15 17:50:00,9049800.0,986.32,23.09,297.42,4.1,28.97,28.29,8.2,20.1,5.19,8.31,1156.17,3.23,5.56,240.5
2015-04-15 18:00:00,9050400.0,986.3,22.89,297.22,4.2,29.52,27.95,8.25,19.7,5.22,8.37,1156.9,1.94,3.34,245.8
2015-04-15 18:10:00,9051000.0,986.28,22.51,296.84,4.14,30.09,27.32,8.22,19.1,5.2,8.33,1158.38,1.73,3.08,242.2
2015-04-15 18:20:00,9051600.0,986.25,21.91,296.24,4.13,31.18,26.34,8.21,18.12,5.2,8.33,1160.71,1.7,2.8,244.3
2015-04-15 18:30:00,9052200.0,986.25,21.55,295.88,4.19,32.01,25.76,8.25,17.52,5.22,8.36,1162.11,1.5,2.04,250.5
2015-04-15 18:40:00,9052800.0,986.29,21.3,295.62,4.13,32.36,25.37,8.21,17.16,5.19,8.32,1163.16,1.65,3.44,252.5
2015-04-15 18:50:00,9053400.0,986.29,21.17,295.49,4.11,32.57,25.17,8.2,16.97,5.19,8.31,1163.68,1.25,2.16,254.3
2015-04-15 19:00:00,9054000.0,986.28,20.99,295.31,4.14,33.02,24.89,8.22,16.67,5.2,8.33,1164.37,1.4,2.4,240.9
2015-04-15 19:10:00,9054600.0,986.29,20.69,295.01,4.18,33.73,24.44,8.24,16.2,5.22,8.36,1165.56,1.38,2.12,249.0
2015-04-15 19:20:00,9055200.0,986.3,20.28,294.6,4.23,34.71,23.83,8.27,15.56,5.23,8.39,1167.19,1.33,1.76,248.1
2015-04-15 19:30:00,9055800.0,986.29,19.8,294.12,4.25,35.81,23.13,8.28,14.85,5.24,8.4,1169.08,1.35,2.08,246.4
2015-04-15 19:40:00,9056400.0,986.3,19.5,293.82,4.28,36.55,22.7,8.3,14.41,5.25,8.41,1170.28,1.82,2.4,251.9
2015-04-15 19:50:00,9057000.0,986.29,19.2,293.52,4.29,37.28,22.28,8.31,13.98,5.26,8.42,1171.47,1.68,2.4,253.7
2015-04-15 20:00:00,9057600.0,986.28,19.04,293.36,4.34,37.77,22.06,8.33,13.73,5.27,8.45,1172.09,1.94,2.6,247.5
2015-04-15 20:10:00,9058200.0,986.23,18.77,293.09,4.36,38.46,21.69,8.34,13.35,5.28,8.46,1173.11,2.06,3.08,250.2
2015-04-15 20:20:00,9058800.0,986.2,18.73,293.05,4.32,38.47,21.64,8.33,13.32,5.27,8.44,1173.24,2.32,3.1,250.4
2015-04-15 20:30:00,9059400.0,986.19,18.65,292.97,4.33,38.69,21.53,8.33,13.2,5.27,8.45,1173.55,2.26,3.02,249.9
2015-04-15 20:40:00,9060000.0,986.14,18.36,292.69,4.36,39.47,21.14,8.35,12.8,5.28,8.46,1174.65,2.27,3.08,244.9
2015-04-15 20:50:00,9060600.0,986.07,18.09,292.42,4.39,40.22,20.79,8.36,12.43,5.29,8.48,1175.65,2.42,3.6,248.0
2015-04-15 21:00:00,9061200.0,986.01,18.11,292.45,4.41,40.23,20.82,8.37,12.44,5.3,8.49,1175.49,2.65,4.08,249.8
2015-04-15 21:10:00,9061800.0,985.94,17.9,292.24,4.53,41.13,20.54,8.45,12.09,5.35,8.57,1176.22,1.71,2.92,234.6
2015-04-15 21:20:00,9062400.0,986.14,17.97,292.29,4.44,40.67,20.63,8.39,12.24,5.31,8.51,1176.2,1.58,3.74,288.2
2015-04-15 21:30:00,9063000.0,986.25,18.83,293.15,4.66,39.15,21.78,8.53,13.25,5.39,8.64,1172.81,2.18,4.52,275.8
2015-04-15 21:40:00,9063600.0,986.29,19.21,293.53,4.93,38.96,22.3,8.69,13.61,5.5,8.81,1171.26,1.18,2.36,301.3
2015-04-15 21:50:00,9064200.0,986.27,18.99,293.31,5.08,39.91,21.99,8.78,13.22,5.55,8.9,1172.07,1.47,2.2,262.9
2015-04-15 22:00:00,9064800.0,986.27,18.72,293.04,5.21,40.97,21.63,8.86,12.77,5.61,8.98,1173.12,2.04,2.88,255.6
2015-04-15 22:10:00,9065400.0,986.21,18.56,292.88,5.3,41.63,21.41,8.91,12.5,5.64,9.04,1173.67,1.73,2.72,267.7
2015-04-15 22:20:00,9066000.0,986.25,18.35,292.67,5.33,42.27,21.13,8.93,12.2,5.65,9.06,1174.55,2.08,2.66,253.1
2015-04-15 22:30:00,9066600.0,986.32,18.32,292.63,5.33,42.36,21.09,8.93,12.16,5.65,9.06,1174.76,1.99,2.64,252.3
2015-04-15 22:40:00,9067200.0,986.34,18.33,292.64,5.34,42.34,21.11,8.94,12.17,5.65,9.06,1174.74,1.85,2.32,249.8
2015-04-15 22:50:00,9067800.0,986.34,18.36,292.67,5.29,42.14,21.14,8.91,12.23,5.64,9.03,1174.63,1.73,2.32,252.8
2015-04-15 23:00:00,9068400.0,986.25,18.44,292.76,5.31,41.96,21.25,8.92,12.33,5.64,9.04,1174.2,1.5,2.08,253.0
2015-04-15 23:10:00,9069000.0,986.23,18.33,292.65,5.31,42.27,21.11,8.92,12.18,5.65,9.05,1174.62,1.31,1.84,257.8
2015-04-15 23:20:00,9069600.0,986.3,18.11,292.42,5.35,42.97,20.82,8.94,11.87,5.66,9.07,1175.58,1.65,2.36,248.7
2015-04-15 23:30:00,9070200.0,986.33,17.89,292.2,5.43,43.82,20.53,9.0,11.53,5.69,9.12,1176.48,1.03,2.04,243.8
2015-04-15 23:40:00,9070800.0,986.28,16.41,290.72,5.57,48.59,18.69,9.08,9.61,5.75,9.21,1182.39,0.72,1.56,58.29
2015-04-15 23:50:00,9071400.0,986.35,15.26,289.56,5.37,51.58,17.37,8.96,8.41,5.67,9.08,1187.25,0.91,1.64,66.24
2015-04-16 00:00:00,9072000.0,986.37,15.01,289.3,5.43,52.63,17.09,8.99,8.1,5.69,9.12,1188.28,0.64,1.8,167.5
2015-04-16 00:10:00,9072600.0,986.41,14.57,288.86,5.42,54.11,16.61,8.99,7.62,5.69,9.11,1190.15,0.82,1.56,159.8
2015-04-16 00:20:00,9073200.0,986.41,14.41,288.7,5.39,54.57,16.44,8.97,7.47,5.68,9.09,1190.82,0.6,1.24,147.2
2015-04-16 00:30:00,9073800.0,986.32,13.97,288.26,5.29,55.75,15.98,8.91,7.07,5.64,9.03,1192.57,0.76,1.08,143.5
2015-04-16 00:40:00,9074400.0,986.26,13.66,287.96,5.47,57.61,15.66,9.02,6.64,5.71,9.15,1193.73,0.47,0.8,172.9
2015-04-16 00:50:00,9075000.0,986.28,13.29,287.58,5.55,59.34,15.29,9.07,6.21,5.74,9.2,1195.28,0.81,1.44,165.3
2015-04-16 01:00:00,9075600.0,986.25,12.94,287.24,5.31,59.7,14.94,8.92,6.02,5.64,9.04,1196.77,0.95,1.56,162.9
2015-04-16 01:10:00,9076200.0,986.19,12.76,287.06,5.24,60.11,14.76,8.87,5.89,5.62,9.0,1197.47,0.56,1.12,156.0
2015-04-16 01:20:00,9076800.0,986.17,12.65,286.95,5.18,60.29,14.66,8.84,5.82,5.59,8.96,1197.93,0.56,1.24,152.5
2015-04-16 01:30:00,9077400.0,986.17,12.48,286.78,5.21,61.11,14.5,8.86,5.64,5.61,8.98,1198.63,0.52,1.36,131.9
2015-04-16 01:40:00,9078000.0,986.1,12.44,286.75,5.31,61.69,14.46,8.92,5.54,5.64,9.04,1198.68,0.78,1.32,171.6
2015-04-16 01:50:00,9078600.0,986.05,12.14,286.45,5.3,62.89,14.17,8.91,5.26,5.64,9.04,1199.88,0.91,1.44,186.3
2015-04-16 02:00:00,9079200.0,986.05,11.65,285.96,5.27,64.8,13.72,8.89,4.83,5.63,9.02,1201.96,1.1,1.68,187.0
2015-04-16 02:10:00,9079800.0,986.02,11.31,285.62,5.14,65.68,13.42,8.81,4.6,5.58,8.94,1203.4,0.71,1.22,181.7
2015-04-16 02:20:00,9080400.0,986.03,11.12,285.43,5.12,66.44,13.25,8.8,4.45,5.57,8.93,1204.22,0.74,1.14,181.2
2015-04-16 02:30:00,9081000.0,986.03,11.11,285.42,5.0,65.93,13.24,8.73,4.51,5.52,8.85,1204.29,0.58,1.24,172.2
2015-04-16 02:40:00,9081600.0,986.08,11.13,285.43,4.87,65.26,13.26,8.65,4.61,5.48,8.77,1204.31,1.14,1.8,122.5
2015-04-16 02:50:00,9082200.0,986.17,10.85,285.14,4.85,66.38,13.01,8.64,4.37,5.47,8.76,1205.61,1.33,2.6,28.4
2015-04-16 03:00:00,9082800.0,986.16,10.85,285.14,4.88,66.52,13.01,8.66,4.36,5.48,8.78,1205.59,1.2,2.56,234.6
2015-04-16 03:10:00,9083400.0,986.07,10.8,285.1,4.89,66.79,12.97,8.66,4.31,5.48,8.78,1205.69,1.93,2.32,237.9
2015-04-16 03:20:00,9084000.0,985.93,11.2,285.51,4.91,65.11,13.32,8.67,4.65,5.49,8.8,1203.82,1.21,1.64,219.1
2015-04-16 03:30:00,9084600.0,985.88,11.41,285.73,4.84,63.93,13.51,8.63,4.87,5.47,8.76,1202.88,1.17,2.24,215.1
2015-04-16 03:40:00,9085200.0,985.96,11.11,285.42,4.9,65.49,13.24,8.67,4.57,5.49,8.79,1204.23,0.42,1.04,225.1
2015-04-16 03:50:00,9085800.0,986.05,10.45,284.75,4.87,68.27,12.67,8.65,4.02,5.47,8.77,1207.16,0.57,1.12,45.2
2015-04-16 04:00:00,9086400.0,986.16,10.16,284.45,4.8,69.28,12.43,8.61,3.82,5.45,8.73,1208.55,0.72,1.52,219.3
2015-04-16 04:10:00,9087000.0,986.14,10.04,284.33,4.72,69.44,12.33,8.56,3.77,5.42,8.68,1209.06,1.3,2.08,200.6
2015-04-16 04:20:00,9087600.0,986.2,9.97,284.26,4.7,69.69,12.27,8.55,3.72,5.41,8.67,1209.43,0.83,1.68,349.9
2015-04-16 04:30:00,9088200.0,986.36,9.93,284.2,4.95,71.1,12.24,8.7,3.54,5.5,8.82,1209.73,1.27,2.04,26.0
2015-04-16 04:40:00,9088800.0,986.42,9.75,284.02,4.96,72.0,12.09,8.7,3.38,5.51,8.82,1210.57,0.6,1.12,219.9
2015-04-16 04:50:00,9089400.0,986.42,9.67,283.94,4.94,72.3,12.02,8.69,3.33,5.5,8.81,1210.92,0.81,1.48,241.6
2015-04-16 05:00:00,9090000.0,986.44,9.91,284.18,5.07,71.8,12.22,8.77,3.45,5.55,8.89,1209.88,0.97,1.64,273.7
2015-04-16 05:10:00,9090600.0,986.51,9.62,283.88,4.95,72.6,11.98,8.7,3.28,5.5,8.82,1211.24,1.26,2.08,32.84
2015-04-16 05:20:00,9091200.0,986.52,8.68,282.94,4.64,75.7,11.25,8.51,2.73,5.39,8.63,1215.38,0.79,1.24,245.6
2015-04-16 05:30:00,9091800.0,986.88,8.84,283.07,4.85,76.0,11.37,8.64,2.73,5.46,8.76,1215.08,0.6,1.18,17.07
2015-04-16 05:40:00,9092400.0,986.94,8.64,282.86,4.74,76.4,11.22,8.57,2.65,5.42,8.68,1216.05,0.7,1.36,222.3
2015-04-16 05:50:00,9093000.0,986.91,8.84,283.06,5.04,77.0,11.37,8.75,2.61,5.54,8.87,1215.06,1.23,1.8,234.9
2015-04-16 06:00:00,9093600.0,987.01,9.28,283.5,5.32,76.2,11.71,8.92,2.79,5.64,9.04,1213.21,0.35,1.16,296.5
2015-04-16 06:10:00,9094200.0,987.18,9.08,283.28,4.97,75.4,11.56,8.71,2.84,5.51,8.83,1214.38,0.62,1.32,125.4
2015-04-16 06:20:00,9094800.0,987.36,8.95,283.14,5.04,76.4,11.45,8.75,2.7,5.53,8.86,1215.15,1.13,1.76,304.0
2015-04-16 06:30:00,9095400.0,987.47,8.76,282.94,4.93,76.8,11.31,8.68,2.62,5.49,8.79,1216.13,0.46,0.92,212.7
2015-04-16 06:40:00,9096000.0,987.55,9.1,283.27,5.07,75.8,11.57,8.77,2.8,5.54,8.88,1214.73,0.64,1.1,213.2
2015-04-16 06:50:00,9096600.0,987.88,9.24,283.39,5.24,76.0,11.68,8.88,2.8,5.61,8.99,1214.48,1.49,2.44,21.93
2015-04-16 07:00:00,9097200.0,987.83,9.39,283.54,5.35,75.8,11.8,8.94,2.86,5.65,9.05,1213.74,0.71,1.4,189.1
2015-04-16 07:10:00,9097800.0,987.83,9.65,283.8,5.52,75.4,12.01,9.05,2.95,5.72,9.17,1212.58,0.49,1.08,234.3
2015-04-16 07:20:00,9098400.0,987.81,10.77,284.93,5.7,70.8,12.94,9.16,3.78,5.79,9.28,1207.72,0.7,1.12,165.8
2015-04-16 07:30:00,9099000.0,987.81,11.28,285.44,5.8,68.91,13.39,9.23,4.16,5.83,9.34,1205.52,0.38,1.06,44.81
2015-04-16 07:40:00,9099600.0,987.88,12.13,286.29,5.93,65.76,14.16,9.31,4.85,5.89,9.43,1201.98,0.43,0.88,110.9
2015-04-16 07:50:00,9100200.0,987.84,11.72,285.88,5.86,67.21,13.79,9.27,4.52,5.86,9.38,1203.68,1.26,2.4,72.5
2015-04-16 08:00:00,9100800.0,987.75,11.42,285.59,5.77,68.16,13.52,9.21,4.3,5.82,9.33,1204.86,1.16,2.12,132.0
2015-04-16 08:10:00,9101400.0,987.73,11.5,285.67,5.63,67.15,13.59,9.12,4.46,5.77,9.24,1204.54,1.29,1.92,168.3
2015-04-16 08:20:00,9102000.0,987.76,11.44,285.6,5.5,66.79,13.53,9.04,4.49,5.71,9.15,1204.87,1.41,2.2,150.1
2015-04-16 08:30:00,9102600.0,987.82,12.01,286.17,5.69,65.19,14.05,9.16,4.89,5.79,9.27,1202.48,0.63,1.84,122.4
2015-04-16 08:40:00,9103200.0,987.96,12.73,286.88,5.78,62.55,14.74,9.22,5.52,5.82,9.33,1199.6,0.82,2.08,55.18
2015-04-16 08:50:00,9103800.0,987.98,12.99,287.14,5.67,61.03,14.99,9.15,5.84,5.78,9.26,1198.56,0.92,1.84,89.2
2015-04-16 09:00:00,9104400.0,988.01,13.45,287.6,5.77,59.64,15.45,9.21,6.23,5.82,9.32,1196.65,1.32,2.24,103.6
2015-04-16 09:10:00,9105000.0,987.99,13.53,287.68,5.92,59.94,15.53,9.31,6.22,5.88,9.42,1196.24,1.04,2.24,104.1
2015-04-16 09:20:00,9105600.0,987.97,13.59,287.74,5.98,59.95,15.59,9.34,6.24,5.9,9.46,1195.95,1.54,2.6,83.1
2015-04-16 09:30:00,9106200.0,987.99,13.67,287.82,6.07,60.02,15.67,9.4,6.26,5.94,9.52,1195.62,1.12,2.52,96.0
2015-04-16 09:40:00,9106800.0,987.96,13.92,288.08,6.22,59.65,15.93,9.5,6.43,6.0,9.62,1194.49,1.47,2.64,68.16
2015-04-16 09:50:00,9107400.0,987.82,14.17,288.34,6.27,58.9,16.19,9.53,6.65,6.03,9.65,1193.27,1.56,2.56,37.14
2015-04-16 10:00:00,9108000.0,987.9,14.25,288.41,6.3,58.71,16.27,9.55,6.72,6.04,9.67,1193.03,2.34,4.04,42.47
2015-04-16 10:10:00,9108600.0,987.9,14.69,288.85,6.38,57.38,16.74,9.61,7.13,6.07,9.72,1191.18,2.19,3.44,100.8
2015-04-16 10:20:00,9109200.0,987.87,14.41,288.58,6.38,58.45,16.44,9.61,6.83,6.07,9.73,1192.3,2.89,4.36,52.67
2015-04-16 10:30:00,9109800.0,987.79,14.17,288.34,6.47,59.72,16.19,9.67,6.52,6.11,9.79,1193.17,3.29,4.8,42.94
2015-04-16 10:40:00,9110400.0,987.75,14.26,288.44,6.58,59.84,16.28,9.74,6.54,6.16,9.86,1192.72,2.97,4.4,76.7
2015-04-16 10:50:00,9111000.0,987.64,14.42,288.6,6.6,59.28,16.45,9.75,6.7,6.16,9.87,1191.91,3.03,4.92,89.9
2015-04-16 11:00:00,9111600.0,987.64,14.76,288.95,6.98,59.56,16.82,10.02,6.8,6.33,10.14,1190.39,3.42,5.52,34.45
2015-04-16 11:10:00,9112200.0,987.61,14.73,288.92,7.03,59.85,16.78,10.04,6.74,6.35,10.17,1190.46,3.38,5.6,34.01
2015-04-16 11:20:00,9112800.0,987.55,14.74,288.93,7.09,60.08,16.79,10.09,6.7,6.38,10.22,1190.33,3.89,6.08,35.14
2015-04-16 11:30:00,9113400.0,987.53,14.84,289.04,7.18,60.06,16.9,10.15,6.75,6.42,10.28,1189.86,3.64,5.84,47.27
2015-04-16 11:40:00,9114000.0,987.56,15.04,289.23,7.22,59.46,17.12,10.18,6.94,6.44,10.31,1189.06,2.92,6.08,36.64
2015-04-16 11:50:00,9114600.0,987.59,15.56,289.75,7.3,57.8,17.7,10.23,7.47,6.47,10.36,1186.93,2.23,4.24,11.48
2015-04-16 12:00:00,9115200.0,987.52,16.36,290.56,7.56,55.92,18.63,10.42,8.21,6.59,10.55,1183.48,1.84,4.0,352.5
2015-04-16 12:10:00,9115800.0,987.47,16.48,290.69,7.51,55.29,18.78,10.38,8.39,6.57,10.51,1182.95,1.85,4.28,310.2
2015-04-16 12:20:00,9116400.0,987.48,16.16,290.36,7.26,55.47,18.4,10.2,8.19,6.45,10.33,1184.35,2.83,4.98,360.0
2015-04-16 12:30:00,9117000.0,987.4,15.97,290.18,7.35,56.51,18.18,10.27,7.9,6.5,10.4,1185.0,3.86,6.16,29.32
2015-04-16 12:40:00,9117600.0,987.37,15.51,289.72,7.48,58.71,17.65,10.36,7.29,6.55,10.49,1186.81,4.76,6.36,23.3
2015-04-16 12:50:00,9118200.0,987.3,15.14,289.36,7.49,60.18,17.23,10.37,6.86,6.56,10.5,1188.24,4.63,7.31,26.53
2015-04-16 13:00:00,9118800.0,987.3,15.12,289.34,7.59,60.67,17.21,10.44,6.77,6.6,10.58,1188.29,3.83,6.56,19.23
2015-04-16 13:10:00,9119400.0,987.27,15.27,289.49,7.84,61.12,17.38,10.62,6.76,6.72,10.76,1187.56,3.19,5.52,12.85
2015-04-16 13:20:00,9120000.0,987.19,15.26,289.49,7.71,60.61,17.37,10.53,6.84,6.66,10.66,1187.55,4.04,6.2,26.68
2015-04-16 13:30:00,9120600.0,987.1,15.14,289.37,7.64,60.81,17.23,10.48,6.75,6.63,10.62,1187.95,4.06,7.24,30.35
2015-04-16 13:40:00,9121200.0,986.98,15.17,289.41,7.64,60.68,17.27,10.48,6.79,6.63,10.62,1187.68,4.03,5.6,26.94
2015-04-16 13:50:00,9121800.0,986.93,15.27,289.52,7.78,60.87,17.38,10.58,6.8,6.69,10.72,1187.17,3.99,5.88,25.99
2015-04-16 14:00:00,9122400.0,986.85,15.65,289.91,7.9,59.91,17.81,10.67,7.14,6.75,10.81,1185.47,3.64,5.91,23.85
2015-04-16 14:10:00,9123000.0,986.71,15.66,289.93,7.7,59.05,17.82,10.52,7.3,6.66,10.66,1185.32,4.22,6.41,27.43
2015-04-16 14:20:00,9123600.0,986.6,15.88,290.16,7.81,58.64,18.07,10.6,7.47,6.71,10.74,1184.25,4.25,6.49,22.74
2015-04-16 14:30:00,9124200.0,986.57,15.48,289.76,7.98,60.89,17.61,10.72,6.89,6.79,10.87,1185.8,5.11,7.05,34.36
2015-04-16 14:40:00,9124800.0,986.53,15.23,289.51,7.91,61.59,17.33,10.68,6.66,6.76,10.82,1186.8,5.46,8.09,36.12
2015-04-16 14:50:00,9125400.0,986.46,14.91,289.2,7.78,62.29,16.98,10.58,6.4,6.7,10.72,1188.08,5.69,7.73,45.74
2015-04-16 15:00:00,9126000.0,986.44,15.15,289.44,7.88,61.78,17.24,10.65,6.59,6.75,10.8,1187.03,4.42,7.21,36.44
2015-04-16 15:10:00,9126600.0,986.43,15.26,289.55,7.99,61.81,17.37,10.73,6.63,6.8,10.88,1186.53,3.91,5.65,26.31
2015-04-16 15:20:00,9127200.0,986.36,15.48,289.78,8.09,61.35,17.61,10.81,6.81,6.84,10.96,1185.51,3.76,6.89,28.77
2015-04-16 15:30:00,9127800.0,986.35,15.33,289.63,7.94,61.32,17.44,10.7,6.75,6.77,10.85,1186.16,3.78,6.09,15.91
2015-04-16 15:40:00,9128400.0,986.41,15.21,289.5,7.97,61.92,17.31,10.72,6.59,6.79,10.87,1186.72,3.92,5.97,30.36
2015-04-16 15:50:00,9129000.0,986.36,15.16,289.45,7.96,62.08,17.26,10.71,6.54,6.78,10.86,1186.87,4.47,6.41,29.76
2015-04-16 16:00:00,9129600.0,986.44,14.77,289.06,7.85,63.15,16.83,10.63,6.2,6.73,10.77,1188.61,4.15,6.01,24.42
2015-04-16 16:10:00,9130200.0,986.46,14.6,288.88,7.85,63.86,16.64,10.63,6.01,6.73,10.77,1189.34,3.52,6.01,23.3
2015-04-16 16:20:00,9130800.0,986.42,14.44,288.73,7.76,64.15,16.47,10.57,5.91,6.69,10.71,1189.98,3.81,5.57,20.57
2015-04-16 16:30:00,9131400.0,986.38,14.28,288.57,7.68,64.43,16.3,10.5,5.8,6.65,10.65,1190.62,3.95,5.79,25.13
2015-04-16 16:40:00,9132000.0,986.38,14.04,288.33,7.59,65.06,16.05,10.44,5.61,6.61,10.59,1191.65,4.41,5.97,23.76
2015-04-16 16:50:00,9132600.0,986.38,13.97,288.26,7.61,65.45,15.98,10.46,5.52,6.62,10.6,1191.93,3.82,6.75,25.28
2015-04-16 17:00:00,9133200.0,986.45,13.88,288.16,7.5,65.34,15.88,10.38,5.51,6.57,10.52,1192.42,3.74,5.69,25.14
2015-04-16 17:10:00,9133800.0,986.48,13.76,288.04,7.33,65.06,15.76,10.25,5.51,6.49,10.39,1193.02,2.94,5.03,25.39
2015-04-16 17:20:00,9134400.0,986.51,13.64,287.92,7.06,64.38,15.64,10.07,5.57,6.37,10.21,1193.64,2.88,5.17,23.36
2015-04-16 17:30:00,9135000.0,986.5,13.57,287.85,6.87,63.82,15.57,9.93,5.63,6.29,10.07,1193.98,4.12,5.65,33.17
2015-04-16 17:40:00,9135600.0,986.43,13.65,287.93,6.71,62.83,15.65,9.83,5.82,6.22,9.97,1193.61,4.44,8.33,26.62
2015-04-16 17:50:00,9136200.0,986.54,13.5,287.77,6.42,62.18,15.5,9.64,5.86,6.1,9.77,1194.46,4.02,5.97,23.86
2015-04-16 18:00:00,9136800.0,986.55,13.31,287.58,5.38,58.58,15.31,8.97,6.34,5.67,9.09,1195.57,3.43,5.21,22.36
2015-04-16 18:10:00,9137400.0,986.55,13.11,287.38,3.87,53.37,15.11,8.06,7.04,5.1,8.17,1196.82,1.8,4.36,1.34
2015-04-16 18:20:00,9138000.0,986.62,13.2,287.47,3.76,52.64,15.2,8.0,7.2,5.06,8.11,1196.56,0.8,2.22,341.2
2015-04-16 18:30:00,9138600.0,986.61,13.04,287.31,3.15,50.94,15.04,7.66,7.38,4.84,7.76,1197.37,1.46,4.24,21.2
2015-04-16 18:40:00,9139200.0,986.57,12.96,287.23,2.89,50.28,14.96,7.52,7.44,4.76,7.62,1197.72,1.69,3.88,37.57
2015-04-16 18:50:00,9139800.0,986.69,12.69,286.95,4.68,58.06,14.7,8.53,6.16,5.4,8.65,1198.53,3.9,6.01,25.55
2015-04-16 19:00:00,9140400.0,986.77,12.13,286.38,5.63,64.41,14.16,9.12,5.04,5.77,9.25,1200.71,5.17,7.05,29.7
2015-04-16 19:10:00,9141000.0,986.82,11.69,285.93,5.04,63.63,13.76,8.75,5.0,5.54,8.87,1202.8,4.81,6.73,24.13
2015-04-16 19:20:00,9141600.0,986.96,11.46,285.69,4.63,62.78,13.55,8.51,5.04,5.38,8.62,1204.05,4.52,6.01,33.79
2015-04-16 19:30:00,9142200.0,987.03,11.3,285.52,4.22,61.63,13.41,8.26,5.14,5.22,8.37,1204.93,4.7,6.09,36.42
2015-04-16 19:40:00,9142800.0,987.09,11.13,285.35,3.85,60.73,13.26,8.05,5.21,5.09,8.16,1205.82,4.3,6.17,34.32
2015-04-16 19:50:00,9143400.0,987.23,10.83,285.04,2.92,58.01,13.0,7.54,5.46,4.76,7.64,1207.51,5.16,6.49,36.31
2015-04-16 20:00:00,9144000.0,987.43,10.69,284.88,2.24,55.77,12.87,7.18,5.69,4.54,7.27,1208.51,3.92,6.29,31.61
2015-04-16 20:10:00,9144600.0,987.42,10.55,284.74,2.07,55.62,12.75,7.09,5.66,4.48,7.18,1209.14,4.71,6.41,33.43
2015-04-16 20:20:00,9145200.0,987.51,10.35,284.53,1.8,55.3,12.59,6.96,5.63,4.4,7.05,1210.16,3.69,4.97,30.69
2015-04-16 20:30:00,9145800.0,987.56,10.26,284.44,1.7,55.23,12.51,6.91,5.6,4.36,7.0,1210.63,3.23,4.32,35.82
2015-04-16 20:40:00,9146400.0,987.64,10.19,284.36,1.63,55.19,12.45,6.87,5.58,4.34,6.96,1211.05,2.87,4.32,32.17
2015-04-16 20:50:00,9147000.0,987.69,10.11,284.28,1.6,55.36,12.38,6.86,5.53,4.33,6.94,1211.46,3.09,4.32,24.33
2015-04-16 21:00:00,9147600.0,987.69,10.06,284.23,1.56,55.41,12.34,6.84,5.5,4.32,6.92,1211.68,2.6,3.96,22.03
2015-04-16 21:10:00,9148200.0,987.74,10.03,284.19,1.55,55.47,12.32,6.83,5.49,4.31,6.92,1211.87,1.7,3.0,8.86
2015-04-16 21:20:00,9148800.0,987.82,10.0,284.15,1.42,55.07,12.29,6.77,5.52,4.27,6.85,1212.13,1.88,3.08,5.2
2015-04-16 21:30:00,9149400.0,987.91,10.0,284.15,1.3,54.59,12.29,6.71,5.58,4.24,6.79,1212.27,2.13,3.4,17.27
2015-04-16 21:40:00,9150000.0,987.95,9.94,284.08,0.79,52.83,12.24,6.47,5.78,4.08,6.55,1212.69,1.78,3.16,14.95
2015-04-16 21:50:00,9150600.0,987.94,9.77,283.91,0.31,51.61,12.11,6.25,5.86,3.94,6.32,1213.5,2.38,3.44,16.14
2015-04-16 22:00:00,9151200.0,987.85,9.56,283.71,-0.01,51.13,11.94,6.1,5.83,3.85,6.18,1214.36,2.81,4.77,14.96
2015-04-16 22:10:00,9151800.0,987.7,9.41,283.57,-0.19,50.97,11.82,6.02,5.79,3.8,6.1,1214.86,2.29,3.6,15.54
2015-04-16 22:20:00,9152400.0,987.64,9.36,283.53,-0.16,51.25,11.78,6.04,5.74,3.81,6.11,1214.99,2.19,3.84,17.13
2015-04-16 22:30:00,9153000.0,987.65,9.35,283.52,-0.11,51.48,11.77,6.06,5.71,3.82,6.13,1215.04,1.66,2.98,352.4
2015-04-16 22:40:00,9153600.0,987.63,9.25,283.42,-0.05,52.05,11.69,6.08,5.6,3.84,6.16,1215.43,0.81,1.52,338.0
2015-04-16 22:50:00,9154200.0,987.63,9.14,283.31,-0.13,52.16,11.6,6.05,5.55,3.82,6.13,1215.92,0.91,1.48,354.8
2015-04-16 23:00:00,9154800.0,987.64,8.99,283.16,-0.23,52.31,11.49,6.01,5.48,3.79,6.08,1216.6,1.2,1.74,344.6
2015-04-16 23:10:00,9155400.0,987.61,8.89,283.06,-0.36,52.16,11.41,5.95,5.46,3.76,6.02,1217.02,1.53,2.04,344.3
2015-04-16 23:20:00,9156000.0,987.6,8.86,283.03,-0.41,52.08,11.38,5.93,5.46,3.74,6.0,1217.15,1.43,1.84,350.9
2015-04-16 23:30:00,9156600.0,987.67,8.83,282.99,-0.59,51.48,11.36,5.85,5.51,3.69,5.92,1217.4,1.27,1.96,338.2
2015-04-16 23:40:00,9157200.0,987.63,8.77,282.94,-0.76,51.05,11.32,5.78,5.54,3.65,5.85,1217.65,1.13,1.64,346.4
2015-04-16 23:50:00,9157800.0,987.52,8.69,282.86,-0.8,51.2,11.25,5.76,5.49,3.64,5.83,1217.86,1.18,1.76,356.0
2015-04-17 00:00:00,9158400.0,987.51,8.62,282.79,-0.7,51.82,11.2,5.8,5.4,3.66,5.88,1218.13,0.86,1.64,344.6
2015-04-17 00:10:00,9159000.0,987.42,8.49,282.67,-0.65,52.45,11.1,5.82,5.28,3.68,5.9,1218.57,0.89,1.92,355.1
2015-04-17 00:20:00,9159600.0,987.4,8.32,282.5,-0.63,53.16,10.97,5.83,5.14,3.68,5.91,1219.28,0.81,1.48,343.2
2015-04-17 00:30:00,9160200.0,987.4,8.17,282.35,-0.75,53.23,10.86,5.78,5.08,3.65,5.86,1219.95,0.72,1.56,290.3
2015-04-17 00:40:00,9160800.0,987.41,8.16,282.34,-0.71,53.4,10.86,5.8,5.06,3.66,5.87,1220.0,0.88,2.0,290.0
2015-04-17 00:50:00,9161400.0,987.39,8.16,282.34,-0.57,53.96,10.86,5.86,5.0,3.7,5.93,1219.95,0.32,0.78,350.4
2015-04-17 01:00:00,9162000.0,987.51,8.05,282.22,-0.54,54.49,10.77,5.87,4.9,3.71,5.95,1220.57,0.47,1.52,288.1
2015-04-17 01:10:00,9162600.0,987.53,8.02,282.19,-0.59,54.42,10.75,5.85,4.9,3.69,5.93,1220.73,0.85,1.88,32.54
2015-04-17 01:20:00,9163200.0,987.54,7.79,281.96,-0.56,55.37,10.59,5.86,4.72,3.7,5.94,1221.74,0.46,0.96,234.0
2015-04-17 01:30:00,9163800.0,987.64,7.79,281.95,-0.5,55.61,10.59,5.89,4.7,3.72,5.96,1221.85,0.74,1.76,190.1
2015-04-17 01:40:00,9164400.0,987.49,7.71,281.88,-0.33,56.64,10.53,5.96,4.56,3.76,6.04,1221.98,1.3,2.4,53.79
2015-04-17 01:50:00,9165000.0,987.52,7.55,281.72,-0.13,58.11,10.41,6.05,4.36,3.82,6.13,1222.67,0.74,1.76,39.04
2015-04-17 02:00:00,9165600.0,987.57,7.39,281.56,-0.27,58.15,10.3,5.99,4.31,3.78,6.06,1223.46,0.78,1.96,340.6
2015-04-17 02:10:00,9166200.0,987.52,7.28,281.45,-0.26,58.62,10.22,5.99,4.23,3.78,6.07,1223.88,0.83,1.64,353.7
2015-04-17 02:20:00,9166800.0,987.4,7.11,281.29,-0.21,59.54,10.1,6.02,4.09,3.8,6.09,1224.46,1.07,1.84,2.51
2015-04-17 02:30:00,9167400.0,987.29,6.98,281.17,-0.15,60.31,10.02,6.04,3.98,3.81,6.12,1224.87,1.44,3.12,2.68
2015-04-17 02:40:00,9168000.0,987.31,6.8,280.99,-0.15,61.05,9.89,6.04,3.85,3.81,6.12,1225.68,0.96,2.04,7.63
2015-04-17 02:50:00,9168600.0,987.16,6.59,280.79,-0.17,61.89,9.75,6.03,3.72,3.81,6.11,1226.42,1.72,2.48,17.48
2015-04-17 03:00:00,9169200.0,987.07,6.46,280.66,-0.1,62.78,9.66,6.06,3.6,3.83,6.14,1226.88,2.01,3.48,11.34
2015-04-17 03:10:00,9169800.0,987.11,6.24,280.44,0.02,64.3,9.51,6.12,3.4,3.86,6.2,1227.87,1.68,2.4,3.97
2015-04-17 03:20:00,9170400.0,987.21,6.04,280.22,0.0,65.1,9.38,6.11,3.27,3.86,6.19,1228.89,1.58,2.68,2.3
2015-04-17 03:30:00,9171000.0,987.3,5.95,280.13,-0.15,64.77,9.33,6.04,3.29,3.81,6.12,1229.4,0.95,2.28,356.7
2015-04-17 03:40:00,9171600.0,987.3,5.93,280.12,-0.37,63.83,9.32,5.95,3.37,3.75,6.02,1229.53,0.78,1.96,344.0
2015-04-17 03:50:00,9172200.0,987.31,5.82,280.0,-0.46,63.91,9.24,5.91,3.34,3.73,5.98,1230.05,0.48,0.96,303.7
2015-04-17 04:00:00,9172800.0,987.23,5.75,279.93,-0.32,64.91,9.19,5.97,3.23,3.77,6.05,1230.26,0.55,1.28,12.84
2015-04-17 04:10:00,9173400.0,987.19,5.69,279.88,-0.2,65.68,9.16,6.02,3.14,3.8,6.1,1230.41,1.35,2.52,18.13
2015-04-17 04:20:00,9174000.0,987.13,5.6,279.79,-0.14,66.44,9.1,6.05,3.05,3.82,6.13,1230.74,2.43,3.73,12.83
2015-04-17 04:30:00,9174600.0,987.21,5.51,279.7,-0.07,67.19,9.05,6.08,2.97,3.84,6.16,1231.22,2.82,3.85,20.79
2015-04-17 04:40:00,9175200.0,987.35,5.47,279.64,-0.09,67.28,9.02,6.07,2.95,3.83,6.15,1231.59,1.96,3.2,8.35
2015-04-17 04:50:00,9175800.0,987.31,5.39,279.57,-0.11,67.53,8.97,6.06,2.91,3.82,6.13,1231.89,2.16,3.69,13.9
2015-04-17 05:00:00,9176400.0,987.39,5.35,279.52,-0.02,68.2,8.94,6.1,2.84,3.85,6.18,1232.16,3.16,5.73,16.17
2015-04-17 05:10:00,9177000.0,987.38,5.21,279.38,0.12,69.55,8.86,6.16,2.7,3.89,6.24,1232.72,1.94,3.73,16.69
2015-04-17 05:20:00,9177600.0,987.4,5.08,279.25,0.22,70.7,8.78,6.21,2.57,3.92,6.28,1233.31,2.61,4.33,22.09
2015-04-17 05:30:00,9178200.0,987.46,4.96,279.13,0.28,71.6,8.7,6.23,2.47,3.94,6.31,1233.9,3.05,4.57,17.42
2015-04-17 05:40:00,9178800.0,987.44,4.87,279.04,0.34,72.4,8.65,6.26,2.39,3.95,6.34,1234.26,3.29,4.73,16.52
2015-04-17 05:50:00,9179400.0,987.51,4.87,279.03,0.38,72.6,8.65,6.28,2.37,3.96,6.36,1234.34,2.56,3.73,10.02
2015-04-17 06:00:00,9180000.0,987.65,4.87,279.02,0.42,72.8,8.65,6.3,2.35,3.98,6.38,1234.51,2.14,3.89,14.18
2015-04-17 06:10:00,9180600.0,987.66,4.88,279.03,0.41,72.7,8.66,6.29,2.36,3.97,6.37,1234.47,2.02,3.16,11.12
2015-04-17 06:20:00,9181200.0,987.72,5.2,279.35,0.53,71.7,8.85,6.35,2.51,4.01,6.43,1233.1,2.41,3.57,18.87
2015-04-17 06:30:00,9181800.0,987.82,5.24,279.37,0.48,71.3,8.87,6.33,2.55,3.99,6.4,1233.08,2.6,4.17,18.13
2015-04-17 06:40:00,9182400.0,987.89,5.42,279.56,0.55,70.7,8.99,6.36,2.63,4.01,6.43,1232.32,1.82,3.41,25.15
2015-04-17 06:50:00,9183000.0,987.95,5.68,279.8,0.59,69.7,9.15,6.38,2.77,4.03,6.46,1231.27,2.1,3.49,29.86
2015-04-17 07:00:00,9183600.0,987.96,5.87,280.0,0.74,69.51,9.28,6.45,2.83,4.07,6.53,1230.39,1.91,3.49,32.73
2015-04-17 07:10:00,9184200.0,988.08,5.87,279.99,0.83,69.94,9.28,6.49,2.79,4.09,6.57,1230.52,2.67,3.81,53.26
2015-04-17 07:20:00,9184800.0,988.16,5.62,279.73,0.77,70.9,9.11,6.46,2.65,4.08,6.54,1231.76,2.53,3.57,49.38
2015-04-17 07:30:00,9185400.0,988.34,5.91,280.01,0.9,70.1,9.3,6.52,2.78,4.11,6.6,1230.66,2.45,3.12,41.65
2015-04-17 07:40:00,9186000.0,988.37,6.34,280.44,1.15,69.3,9.58,6.64,2.94,4.19,6.72,1228.74,2.59,4.45,44.13
2015-04-17 07:50:00,9186600.0,988.47,6.88,280.97,1.4,67.99,9.95,6.76,3.18,4.27,6.84,1226.44,3.64,5.31,40.44
2015-04-17 08:00:00,9187200.0,988.5,6.9,280.98,1.32,67.53,9.96,6.72,3.23,4.24,6.8,1226.43,4.43,6.53,42.42
2015-04-17 08:10:00,9187800.0,988.49,6.45,280.54,1.37,69.83,9.66,6.74,2.91,4.25,6.82,1228.35,4.01,5.65,34.44
2015-04-17 08:20:00,9188400.0,988.49,6.37,280.46,1.56,71.2,9.6,6.84,2.77,4.31,6.92,1228.66,3.37,4.89,50.26
2015-04-17 08:30:00,9189000.0,988.53,6.73,280.82,1.74,70.4,9.84,6.93,2.91,4.37,7.01,1227.09,2.87,4.97,57.07
2015-04-17 08:40:00,9189600.0,988.49,7.22,281.31,1.86,68.63,10.18,6.99,3.19,4.41,7.07,1224.88,3.12,4.73,67.2
2015-04-17 08:50:00,9190200.0,988.41,7.07,281.17,1.79,69.01,10.08,6.95,3.12,4.39,7.03,1225.45,3.46,5.57,53.42
2015-04-17 09:00:00,9190800.0,988.51,7.19,281.28,1.93,69.15,10.16,7.03,3.13,4.43,7.11,1225.01,3.12,5.21,68.17
2015-04-17 09:10:00,9191400.0,988.41,7.46,281.56,1.91,67.74,10.35,7.01,3.34,4.42,7.09,1223.72,3.25,5.57,42.62
2015-04-17 09:20:00,9192000.0,988.39,7.45,281.55,1.89,67.69,10.34,7.0,3.34,4.42,7.08,1223.74,2.39,4.0,31.06
2015-04-17 09:30:00,9192600.0,988.47,7.29,281.38,1.8,68.0,10.23,6.96,3.27,4.39,7.04,1224.56,2.85,3.92,31.45
2015-04-17 09:40:00,9193200.0,988.55,7.37,281.46,1.76,67.47,10.29,6.94,3.35,4.38,7.02,1224.32,2.55,3.92,36.26
2015-04-17 09:50:00,9193800.0,988.51,7.49,281.58,1.58,66.06,10.37,6.85,3.52,4.32,6.93,1223.79,2.29,4.24,18.63
2015-04-17 10:00:00,9194400.0,988.59,7.75,281.83,1.92,66.49,10.56,7.02,3.54,4.43,7.1,1222.67,3.39,4.89,39.23
2015-04-17 10:10:00,9195000.0,988.5,7.68,281.77,1.69,65.71,10.51,6.9,3.6,4.36,6.98,1222.92,3.68,5.77,29.43
2015-04-17 10:20:00,9195600.0,988.5,7.5,281.59,1.61,66.12,10.38,6.86,3.52,4.33,6.94,1223.73,3.8,5.87,20.2
2015-04-17 10:30:00,9196200.0,988.52,7.67,281.76,1.47,64.71,10.5,6.79,3.71,4.29,6.87,1223.04,2.86,4.69,20.03
2015-04-17 10:40:00,9196800.0,988.54,8.01,282.1,1.5,63.38,10.75,6.81,3.94,4.3,6.89,1221.58,4.03,6.25,30.8
2015-04-17 10:50:00,9197400.0,988.61,7.96,282.04,1.26,62.5,10.71,6.69,4.02,4.22,6.77,1221.94,2.92,5.27,11.65
2015-04-17 11:00:00,9198000.0,988.6,8.39,282.47,1.51,61.81,11.03,6.82,4.21,4.3,6.89,1220.0,3.36,5.49,30.72
2015-04-17 11:10:00,9198600.0,988.62,8.11,282.19,1.23,61.74,10.82,6.68,4.14,4.21,6.76,1221.31,3.14,4.99,17.91
2015-04-17 11:20:00,9199200.0,988.63,8.35,282.43,1.34,61.19,11.0,6.73,4.27,4.24,6.81,1220.25,3.82,6.21,26.92
2015-04-17 11:30:00,9199800.0,988.72,8.33,282.4,1.08,60.16,10.98,6.61,4.38,4.17,6.68,1220.51,3.51,6.13,23.31
2015-04-17 11:40:00,9200400.0,988.74,8.27,282.34,0.98,59.96,10.94,6.56,4.38,4.14,6.63,1220.82,4.62,6.61,34.25
2015-04-17 11:50:00,9201000.0,988.74,8.46,282.53,1.03,59.4,11.08,6.58,4.5,4.15,6.66,1219.98,3.89,6.69,30.79
2015-04-17 12:00:00,9201600.0,988.74,8.6,282.67,0.48,56.55,11.19,6.33,4.86,3.99,6.4,1219.5,3.85,5.45,14.68
2015-04-17 12:10:00,9202200.0,988.73,8.6,282.67,0.77,57.74,11.19,6.46,4.73,4.07,6.53,1219.42,3.93,6.81,28.07
2015-04-17 12:20:00,9202800.0,988.7,8.46,282.54,0.68,57.92,11.08,6.42,4.66,4.05,6.49,1220.01,4.29,6.89,21.76
2015-04-17 12:30:00,9203400.0,988.76,8.39,282.46,0.39,56.97,11.03,6.28,4.75,3.96,6.35,1220.45,4.51,6.33,25.79
2015-04-17 12:40:00,9204000.0,988.76,8.48,282.55,0.43,56.82,11.09,6.3,4.79,3.98,6.38,1220.05,4.62,6.93,35.38
2015-04-17 12:50:00,9204600.0,988.78,8.65,282.72,0.51,56.48,11.22,6.34,4.88,4.0,6.41,1219.32,3.92,6.61,20.37
2015-04-17 13:00:00,9205200.0,988.87,8.71,282.77,0.42,55.88,11.27,6.3,4.97,3.97,6.37,1219.19,2.51,5.29,19.07
2015-04-17 13:10:00,9205800.0,988.78,8.88,282.95,0.22,54.45,11.4,6.21,5.19,3.91,6.28,1218.39,3.07,5.21,15.49
2015-04-17 13:20:00,9206400.0,988.77,8.96,283.03,0.13,53.8,11.46,6.17,5.3,3.89,6.24,1218.05,4.31,7.17,25.61
2015-04-17 13:30:00,9207000.0,988.74,8.79,282.86,-0.32,52.65,11.33,5.97,5.37,3.76,6.03,1218.84,4.43,6.53,24.8
2015-04-17 13:40:00,9207600.0,988.75,8.88,282.95,-0.32,52.35,11.4,5.97,5.43,3.76,6.04,1218.46,4.51,7.53,24.77
2015-04-17 13:50:00,9208200.0,988.69,8.94,283.02,-0.43,51.71,11.45,5.92,5.53,3.73,5.99,1218.15,4.36,7.89,21.92
2015-04-17 14:00:00,9208800.0,988.7,9.01,283.09,-0.7,50.45,11.5,5.8,5.7,3.66,5.87,1217.92,3.05,4.69,11.84
2015-04-17 14:10:00,9209400.0,988.65,9.34,283.42,-0.47,50.17,11.76,5.9,5.86,3.72,5.97,1216.39,3.52,6.89,20.58
2015-04-17 14:20:00,9210000.0,988.72,9.2,283.28,-0.2,51.67,11.65,6.02,5.63,3.8,6.09,1217.02,5.32,9.95,26.29
2015-04-17 14:30:00,9210600.0,988.77,9.02,283.09,-0.27,52.02,11.51,5.99,5.52,3.77,6.05,1217.88,4.07,5.81,24.64
2015-04-17 14:40:00,9211200.0,988.77,9.02,283.09,-0.06,52.85,11.51,6.08,5.43,3.84,6.15,1217.83,3.73,6.45,25.58
2015-04-17 14:50:00,9211800.0,988.88,8.96,283.02,0.04,53.43,11.46,6.12,5.34,3.86,6.19,1218.21,4.93,7.45,28.87
2015-04-17 15:00:00,9212400.0,988.94,8.75,282.81,0.19,54.8,11.3,6.19,5.11,3.9,6.26,1219.16,4.93,7.49,29.71
2015-04-17 15:10:00,9213000.0,988.91,8.65,282.71,0.3,55.62,11.22,6.24,4.98,3.94,6.31,1219.53,5.52,6.73,35.02
2015-04-17 15:20:00,9213600.0,988.97,8.72,282.78,0.32,55.43,11.28,6.25,5.03,3.94,6.32,1219.3,4.16,6.65,28.72
2015-04-17 15:30:00,9214200.0,989.05,8.73,282.78,0.32,55.41,11.28,6.25,5.03,3.94,6.32,1219.35,3.87,6.61,23.7
2015-04-17 15:40:00,9214800.0,989.1,8.72,282.77,0.41,55.79,11.28,6.29,4.99,3.97,6.36,1219.44,4.37,6.17,27.32
2015-04-17 15:50:00,9215400.0,989.06,8.81,282.86,-0.06,53.61,11.35,6.08,5.26,3.83,6.15,1219.1,4.17,6.65,24.72
2015-04-17 16:00:00,9216000.0,989.1,8.82,282.87,-0.47,51.99,11.35,5.9,5.45,3.72,5.97,1219.19,3.87,6.61,21.9
2015-04-17 16:10:00,9216600.0,989.21,8.73,282.77,-0.18,53.43,11.28,6.03,5.26,3.8,6.1,1219.65,3.28,5.81,18.96
2015-04-17 16:20:00,9217200.0,989.25,8.75,282.78,0.11,54.48,11.3,6.16,5.14,3.88,6.22,1219.56,2.42,4.57,15.98
2015-04-17 16:30:00,9217800.0,989.22,8.81,282.85,0.12,54.31,11.35,6.16,5.18,3.88,6.23,1219.26,3.23,5.17,16.39
2015-04-17 16:40:00,9218400.0,989.22,8.9,282.94,-0.22,52.64,11.42,6.01,5.41,3.79,6.07,1218.94,3.02,5.29,25.49
2015-04-17 16:50:00,9219000.0,989.25,9.07,283.1,-0.55,50.8,11.55,5.87,5.68,3.7,5.93,1218.31,3.07,5.09,19.44
2015-04-17 17:00:00,9219600.0,989.35,9.07,283.1,-0.78,49.95,11.55,5.77,5.78,3.63,5.83,1218.48,3.66,5.77,20.25
2015-04-17 17:10:00,9220200.0,989.41,8.88,282.9,-0.92,50.08,11.4,5.71,5.69,3.6,5.77,1219.4,4.51,7.13,21.65
2015-04-17 17:20:00,9220800.0,989.46,8.82,282.84,-1.09,49.66,11.35,5.64,5.72,3.55,5.7,1219.76,3.47,5.17,16.87
2015-04-17 17:30:00,9221400.0,989.43,9.18,283.2,-0.95,48.97,11.63,5.7,5.94,3.59,5.76,1218.14,2.2,4.99,20.6
2015-04-17 17:40:00,9222000.0,989.55,9.03,283.04,-0.86,49.81,11.52,5.74,5.78,3.61,5.8,1218.91,1.22,3.6,13.87
2015-04-17 17:50:00,9222600.0,989.69,8.98,282.98,-0.93,49.72,11.48,5.71,5.77,3.59,5.77,1219.32,1.3,3.24,46.63
2015-04-17 18:00:00,9223200.0,989.78,8.94,282.93,-1.05,49.42,11.45,5.66,5.79,3.56,5.72,1219.62,1.24,3.12,16.17
2015-04-17 18:10:00,9223800.0,989.88,8.87,282.85,-1.0,49.81,11.39,5.67,5.72,3.57,5.73,1220.04,1.87,3.56,15.78
2015-04-17 18:20:00,9224400.0,989.87,8.75,282.73,-0.95,50.41,11.3,5.7,5.6,3.59,5.75,1220.54,2.14,4.65,21.72
2015-04-17 18:30:00,9225000.0,989.95,8.71,282.69,-0.82,51.04,11.27,5.75,5.52,3.62,5.81,1220.78,2.28,4.24,22.53
2015-04-17 18:40:00,9225600.0,990.06,8.64,282.61,-0.55,52.31,11.22,5.87,5.35,3.69,5.93,1221.17,2.08,4.08,9.02
2015-04-17 18:50:00,9226200.0,990.19,8.55,282.51,-0.38,53.28,11.15,5.94,5.21,3.74,6.0,1221.69,2.03,5.01,19.07
2015-04-17 19:00:00,9226800.0,990.37,8.48,282.42,-0.42,53.38,11.09,5.92,5.17,3.73,5.98,1222.22,1.28,4.12,20.72
2015-04-17 19:10:00,9227400.0,990.47,8.44,282.37,-0.48,53.28,11.06,5.9,5.17,3.71,5.95,1222.53,1.0,2.82,3.5
2015-04-17 19:20:00,9228000.0,990.57,8.36,282.28,-0.38,54.0,11.0,5.94,5.06,3.74,6.0,1222.98,0.86,1.96,346.3
2015-04-17 19:30:00,9228600.0,990.71,8.22,282.13,-0.34,54.67,10.9,5.96,4.94,3.75,6.02,1223.75,0.93,2.78,257.1
2015-04-17 19:40:00,9229200.0,990.79,8.12,282.03,-0.22,55.51,10.83,6.01,4.82,3.78,6.07,1224.26,0.8,1.88,246.8
2015-04-17 19:50:00,9229800.0,990.86,7.99,281.89,-0.21,56.07,10.73,6.02,4.71,3.79,6.07,1224.91,1.06,1.96,263.2
2015-04-17 20:00:00,9230400.0,991.0,7.88,281.77,-0.22,56.45,10.65,6.01,4.64,3.78,6.07,1225.57,1.31,2.08,259.9
2015-04-17 20:10:00,9231000.0,991.11,7.68,281.56,-0.25,57.09,10.51,6.0,4.51,3.77,6.05,1226.58,1.62,2.44,251.8
2015-04-17 20:20:00,9231600.0,991.21,7.47,281.34,-0.41,57.24,10.36,5.93,4.43,3.73,5.98,1227.66,1.73,2.56,249.1
2015-04-17 20:30:00,9232200.0,991.27,7.31,281.17,-0.62,56.97,10.24,5.84,4.41,3.67,5.89,1228.48,1.64,2.48,252.3
2015-04-17 20:40:00,9232800.0,991.5,7.12,280.97,-0.7,57.41,10.11,5.8,4.31,3.65,5.85,1229.61,1.54,2.42,244.5
2015-04-17 20:50:00,9233400.0,991.6,7.02,280.86,-0.88,57.04,10.04,5.73,4.31,3.6,5.78,1230.21,1.87,3.2,245.3
2015-04-17 21:00:00,9234000.0,991.73,6.93,280.76,-1.06,56.61,9.98,5.65,4.33,3.55,5.7,1230.79,1.79,3.04,247.9
2015-04-17 21:10:00,9234600.0,991.84,6.9,280.72,-1.19,56.21,9.96,5.6,4.36,3.52,5.65,1231.08,1.73,2.52,251.3
2015-04-17 21:20:00,9235200.0,991.89,6.9,280.71,-1.24,56.01,9.96,5.58,4.38,3.5,5.62,1231.19,1.69,2.72,248.2
2015-04-17 21:30:00,9235800.0,991.94,6.76,280.57,-1.33,56.17,9.86,5.54,4.32,3.48,5.59,1231.86,1.75,2.68,246.5
2015-04-17 21:40:00,9236400.0,991.95,6.57,280.38,-1.4,56.61,9.74,5.51,4.22,3.46,5.56,1232.72,2.13,2.96,244.9
2015-04-17 21:50:00,9237000.0,991.98,6.38,280.18,-1.5,56.93,9.61,5.47,4.14,3.44,5.51,1233.62,2.08,2.86,243.3
2015-04-17 22:00:00,9237600.0,992.07,6.14,279.94,-1.54,57.71,9.45,5.45,4.0,3.43,5.5,1234.8,1.55,2.52,241.0
2015-04-17 22:10:00,9238200.0,992.14,6.01,279.8,-1.61,57.94,9.36,5.42,3.94,3.41,5.47,1235.49,1.49,2.28,237.6
2015-04-17 22:20:00,9238800.0,992.25,5.81,279.59,-1.54,59.08,9.23,5.46,3.78,3.43,5.5,1236.49,1.39,2.0,241.0
2015-04-17 22:30:00,9239400.0,992.37,5.53,279.3,-1.4,60.83,9.06,5.51,3.55,3.46,5.55,1237.85,0.98,2.16,229.3
2015-04-17 22:40:00,9240000.0,992.5,5.33,279.09,-1.32,62.07,8.93,5.54,3.39,3.48,5.59,1238.89,0.57,1.28,169.9
2015-04-17 22:50:00,9240600.0,992.61,5.21,278.97,-1.14,63.42,8.86,5.62,3.24,3.53,5.66,1239.51,0.65,1.88,150.4
2015-04-17 23:00:00,9241200.0,992.92,5.43,279.16,-0.96,63.26,9.0,5.69,3.31,3.57,5.73,1238.88,1.31,2.48,94.6
2015-04-17 23:10:00,9241800.0,993.06,5.41,279.13,-0.83,63.97,8.98,5.75,3.24,3.61,5.79,1239.13,1.15,2.2,131.1
2015-04-17 23:20:00,9242400.0,993.14,5.47,279.17,-0.9,63.42,9.02,5.72,3.3,3.59,5.76,1239.01,1.05,2.16,195.2
2015-04-17 23:30:00,9243000.0,993.22,5.63,279.33,-0.9,62.67,9.12,5.72,3.41,3.59,5.76,1238.37,0.9,1.72,249.9
2015-04-17 23:40:00,9243600.0,993.3,5.64,279.34,-0.88,62.75,9.13,5.73,3.4,3.59,5.77,1238.42,0.85,1.56,195.9
2015-04-17 23:50:00,9244200.0,993.45,5.68,279.36,-0.87,62.62,9.15,5.73,3.42,3.6,5.77,1238.45,1.13,2.16,164.5
2015-04-18 00:00:00,9244800.0,993.51,5.86,279.54,-1.25,60.13,9.27,5.57,3.69,3.5,5.61,1237.8,1.38,3.2,13.76
2015-04-18 00:10:00,9245400.0,993.61,5.79,279.46,-1.48,59.4,9.22,5.48,3.75,3.44,5.51,1238.25,1.24,2.44,15.82
2015-04-18 00:20:00,9246000.0,993.77,5.57,279.23,-1.45,60.47,9.08,5.49,3.59,3.44,5.53,1239.43,1.01,1.88,207.6
2015-04-18 00:30:00,9246600.0,993.89,5.36,279.01,-1.56,60.86,8.95,5.45,3.5,3.42,5.48,1240.55,1.13,2.48,198.9
2015-04-18 00:40:00,9247200.0,993.97,5.1,278.74,-1.61,61.71,8.79,5.43,3.37,3.4,5.46,1241.8,0.92,1.6,203.3
2015-04-18 00:50:00,9247800.0,994.1,4.78,278.41,-1.65,62.92,8.6,5.41,3.19,3.39,5.44,1243.39,0.91,1.74,203.2
2015-04-18 01:00:00,9248400.0,994.19,4.61,278.23,-1.63,63.79,8.49,5.42,3.08,3.4,5.45,1244.28,0.95,1.68,168.5
2015-04-18 01:10:00,9249000.0,994.25,4.52,278.13,-1.62,64.26,8.44,5.42,3.02,3.4,5.45,1244.77,1.24,2.16,174.6
2015-04-18 01:20:00,9249600.0,994.24,4.38,278.0,-1.68,64.58,8.36,5.4,2.96,3.38,5.43,1245.37,1.15,2.32,184.7
2015-04-18 01:30:00,9250200.0,994.22,4.18,277.8,-1.74,65.24,8.24,5.38,2.86,3.37,5.41,1246.28,1.11,1.88,206.0
2015-04-18 01:40:00,9250800.0,994.3,4.03,277.64,-1.73,65.99,8.15,5.38,2.77,3.37,5.41,1247.05,0.97,1.56,173.4
2015-04-18 01:50:00,9251400.0,994.43,3.95,277.56,-1.65,66.74,8.11,5.41,2.7,3.39,5.44,1247.54,1.17,2.44,116.6
2015-04-18 02:00:00,9252000.0,994.53,3.98,277.58,-1.49,67.39,8.13,5.48,2.65,3.43,5.51,1247.5,0.59,1.68,97.4
2015-04-18 02:10:00,9252600.0,994.65,3.97,277.56,-1.51,67.32,8.12,5.47,2.65,3.43,5.5,1247.68,0.32,0.64,111.8
2015-04-18 02:20:00,9253200.0,994.75,3.89,277.46,-1.51,67.73,8.07,5.47,2.6,3.43,5.5,1248.21,0.4,1.24,170.3
2015-04-18 02:30:00,9253800.0,994.86,3.77,277.33,-1.53,68.22,8.0,5.46,2.54,3.42,5.49,1248.89,0.41,0.92,219.6
2015-04-18 02:40:00,9254400.0,994.94,3.62,277.18,-1.51,69.02,7.92,5.47,2.45,3.42,5.49,1249.66,0.37,0.76,294.0
2015-04-18 02:50:00,9255000.0,994.99,3.55,277.11,-1.49,69.45,7.88,5.47,2.41,3.43,5.5,1250.03,0.58,1.32,104.6
2015-04-18 03:00:00,9255600.0,995.07,3.31,276.86,-1.5,70.6,7.75,5.47,2.28,3.43,5.5,1251.22,0.27,0.6,278.5
2015-04-18 03:10:00,9256200.0,995.14,3.22,276.76,-1.51,71.0,7.7,5.47,2.23,3.42,5.49,1251.74,0.54,0.82,276.0
2015-04-18 03:20:00,9256800.0,995.22,3.27,276.8,-1.45,71.1,7.72,5.49,2.23,3.44,5.52,1251.6,0.5,0.88,300.2
2015-04-18 03:30:00,9257400.0,995.3,3.38,276.91,-1.32,71.2,7.79,5.54,2.24,3.47,5.57,1251.16,1.09,2.28,353.6
2015-04-18 03:40:00,9258000.0,995.32,3.38,276.92,-1.18,71.9,7.79,5.6,2.19,3.51,5.63,1251.13,1.11,2.48,267.9
2015-04-18 03:50:00,9258600.0,995.34,3.24,276.77,-1.13,72.9,7.71,5.62,2.09,3.52,5.65,1251.8,1.07,1.86,216.3
2015-04-18 04:00:00,9259200.0,995.37,3.13,276.65,-1.04,74.0,7.65,5.66,1.99,3.54,5.69,1252.33,0.91,1.56,210.3
2015-04-18 04:10:00,9259800.0,995.41,3.13,276.65,-0.93,74.6,7.65,5.71,1.94,3.57,5.73,1252.35,1.2,1.84,177.6
2015-04-18 04:20:00,9260400.0,995.51,3.12,276.64,-0.86,75.0,7.65,5.73,1.91,3.59,5.76,1252.5,0.9,2.0,187.7
2015-04-18 04:30:00,9261000.0,995.6,3.11,276.62,-0.81,75.3,7.64,5.75,1.89,3.6,5.78,1252.64,0.6,1.34,179.0
2015-04-18 04:40:00,9261600.0,995.78,3.13,276.62,-0.67,76.0,7.65,5.81,1.84,3.64,5.84,1252.77,0.55,1.34,68.14
2015-04-18 04:50:00,9262200.0,995.87,3.19,276.67,-0.55,76.4,7.68,5.87,1.81,3.67,5.89,1252.59,0.62,1.64,355.2
2015-04-18 05:00:00,9262800.0,995.91,3.17,276.65,-0.42,77.2,7.67,5.92,1.75,3.71,5.95,1252.71,1.16,2.88,57.01
2015-04-18 05:10:00,9263400.0,996.07,3.1,276.57,-0.28,78.4,7.63,5.98,1.65,3.75,6.01,1253.19,1.41,3.61,3.07
2015-04-18 05:20:00,9264000.0,996.26,3.09,276.55,-0.18,79.0,7.63,6.03,1.6,3.77,6.05,1253.45,1.24,2.92,19.87
2015-04-18 05:30:00,9264600.0,996.42,3.13,276.58,-0.11,79.2,7.65,6.06,1.59,3.79,6.08,1253.43,1.61,3.85,7.1
2015-04-18 05:40:00,9265200.0,996.53,3.13,276.57,-0.02,79.7,7.65,6.1,1.55,3.82,6.12,1253.55,2.26,4.05,15.83
2015-04-18 05:50:00,9265800.0,996.65,3.14,276.56,-0.03,79.6,7.65,6.09,1.56,3.81,6.11,1253.7,2.67,5.13,18.34
2015-04-18 06:00:00,9266400.0,996.72,3.15,276.57,-0.01,79.7,7.66,6.1,1.55,3.82,6.13,1253.74,2.22,4.33,4.96
2015-04-18 06:10:00,9267000.0,996.78,3.16,276.57,0.11,80.3,7.67,6.16,1.51,3.85,6.18,1253.75,1.67,3.85,19.31
2015-04-18 06:20:00,9267600.0,996.87,3.2,276.61,0.26,80.9,7.69,6.22,1.47,3.89,6.24,1253.6,1.03,2.28,7.06
2015-04-18 06:30:00,9268200.0,997.0,3.21,276.6,0.31,81.2,7.69,6.25,1.45,3.91,6.27,1253.74,1.71,3.34,20.79
2015-04-18 06:40:00,9268800.0,997.1,3.2,276.59,0.37,81.6,7.69,6.27,1.41,3.92,6.29,1253.88,2.11,3.97,18.44
2015-04-18 06:50:00,9269400.0,997.22,3.2,276.58,0.45,82.1,7.69,6.31,1.38,3.95,6.33,1254.02,2.51,4.01,22.25
2015-04-18 07:00:00,9270000.0,997.33,3.21,276.58,0.48,82.2,7.7,6.33,1.37,3.96,6.34,1254.1,2.11,4.07,26.63
2015-04-18 07:10:00,9270600.0,997.42,3.41,276.78,0.59,81.7,7.81,6.38,1.43,3.99,6.39,1253.28,1.03,2.88,16.01
2015-04-18 07:20:00,9271200.0,997.48,3.65,277.01,0.69,80.9,7.94,6.42,1.52,4.01,6.44,1252.27,0.83,2.8,344.8
2015-04-18 07:30:00,9271800.0,997.59,3.88,277.23,0.85,80.5,8.07,6.5,1.57,4.06,6.51,1251.31,1.39,2.96,13.58
2015-04-18 07:40:00,9272400.0,997.68,3.93,277.27,0.91,80.6,8.09,6.52,1.57,4.08,6.54,1251.22,1.57,2.8,25.07
2015-04-18 07:50:00,9273000.0,997.76,4.34,277.68,1.07,79.2,8.33,6.6,1.73,4.12,6.61,1249.42,2.43,3.41,41.58
2015-04-18 08:00:00,9273600.0,997.8,4.88,278.22,1.15,76.7,8.66,6.64,2.02,4.15,6.66,1247.0,2.64,3.73,29.39
2015-04-18 08:10:00,9274200.0,997.88,5.13,278.46,1.12,75.2,8.81,6.63,2.19,4.14,6.64,1245.98,3.01,4.89,39.85
2015-04-18 08:20:00,9274800.0,998.02,5.3,278.62,0.78,72.5,8.92,6.46,2.45,4.04,6.48,1245.48,3.35,5.03,31.01
2015-04-18 08:30:00,9275400.0,998.1,5.09,278.4,0.61,72.7,8.78,6.39,2.4,3.99,6.4,1246.56,4.02,6.41,28.63
2015-04-18 08:40:00,9276000.0,998.29,4.84,278.13,0.63,74.1,8.63,6.39,2.24,3.99,6.41,1247.94,2.91,5.01,13.33
2015-04-18 08:50:00,9276600.0,998.37,4.64,277.93,0.57,74.8,8.51,6.37,2.14,3.98,6.38,1248.95,3.42,4.77,22.77
2015-04-18 09:00:00,9277200.0,998.4,4.54,277.83,0.55,75.2,8.45,6.36,2.1,3.97,6.37,1249.42,2.89,4.83,16.17
2015-04-18 09:10:00,9277800.0,998.45,5.08,278.37,0.7,73.2,8.78,6.43,2.35,4.01,6.44,1247.01,2.73,5.73,31.36
2015-04-18 09:20:00,9278400.0,998.54,5.78,279.05,0.19,67.2,9.21,6.19,3.02,3.87,6.2,1244.15,3.62,5.69,24.93
2015-04-18 09:30:00,9279000.0,998.57,5.92,279.2,-0.23,64.53,9.31,6.01,3.3,3.75,6.01,1243.62,2.93,4.71,39.85
2015-04-18 09:40:00,9279600.0,998.68,6.42,279.69,-0.07,63.09,9.64,6.08,3.56,3.79,6.09,1241.5,2.46,4.55,40.77
2015-04-18 09:50:00,9280200.0,998.7,6.64,279.9,-0.18,61.64,9.78,6.03,3.75,3.76,6.04,1240.6,2.33,4.4,357.8
2015-04-18 10:00:00,9280800.0,998.72,6.97,280.23,-0.83,57.46,10.0,5.75,4.26,3.59,5.76,1239.29,2.39,6.05,62.97
2015-04-18 10:10:00,9281400.0,998.74,6.98,280.24,-1.74,53.68,10.01,5.37,4.64,3.35,5.38,1239.45,4.36,6.71,52.28
2015-04-18 10:20:00,9282000.0,998.8,6.92,280.17,-2.32,51.63,9.97,5.15,4.82,3.21,5.15,1239.9,5.72,7.41,43.02
2015-04-18 10:30:00,9282600.0,998.91,6.92,280.16,-2.04,52.71,9.97,5.26,4.72,3.28,5.26,1239.98,4.54,7.81,52.79
2015-04-18 10:40:00,9283200.0,998.94,7.22,280.46,-1.9,52.18,10.18,5.31,4.87,3.31,5.32,1238.65,3.62,5.93,64.31
2015-04-18 10:50:00,9283800.0,998.94,7.38,280.63,-2.14,50.7,10.29,5.22,5.07,3.26,5.22,1237.98,5.05,6.97,40.94
2015-04-18 11:00:00,9284400.0,998.94,7.34,280.59,-1.75,52.34,10.26,5.37,4.89,3.35,5.38,1238.09,3.57,6.57,41.09
2015-04-18 11:10:00,9285000.0,998.89,7.64,280.89,-1.58,51.9,10.48,5.44,5.04,3.39,5.44,1236.67,3.02,7.05,85.0
2015-04-18 11:20:00,9285600.0,998.82,7.94,281.19,-1.78,50.11,10.69,5.36,5.34,3.34,5.37,1235.31,3.23,5.61,69.33
2015-04-18 11:30:00,9286200.0,998.82,7.81,281.07,-1.66,51.01,10.6,5.41,5.19,3.37,5.41,1235.85,3.06,4.61,68.87
2015-04-18 11:40:00,9286800.0,998.77,8.0,281.26,-1.28,51.79,10.74,5.56,5.18,3.47,5.57,1234.88,3.15,4.85,26.8
2015-04-18 11:50:00,9287400.0,998.8,7.69,280.95,-1.54,51.88,10.51,5.45,5.06,3.4,5.46,1236.34,3.24,5.45,29.8
2015-04-18 12:00:00,9288000.0,998.72,8.06,281.32,-1.59,50.41,10.78,5.44,5.35,3.39,5.44,1234.62,2.71,5.87,36.82
2015-04-18 12:10:00,9288600.0,998.79,8.29,281.55,-1.52,49.88,10.95,5.46,5.49,3.41,5.47,1233.68,2.24,5.49,18.84
2015-04-18 12:20:00,9289200.0,998.81,8.26,281.52,-1.83,48.85,10.93,5.34,5.59,3.33,5.35,1233.89,3.14,5.13,17.17
2015-04-18 12:30:00,9289800.0,998.82,8.65,281.91,-2.37,45.7,11.22,5.13,6.09,3.2,5.14,1232.3,2.72,4.61,18.52
2015-04-18 12:40:00,9290400.0,998.81,8.24,281.5,-2.35,47.07,10.92,5.14,5.78,3.21,5.14,1234.08,3.27,5.57,13.92
2015-04-18 12:50:00,9291000.0,998.76,8.16,281.42,-2.48,46.86,10.86,5.09,5.77,3.17,5.09,1234.39,3.89,6.73,27.58
2015-04-18 13:00:00,9291600.0,998.75,8.29,281.55,-2.44,46.57,10.95,5.1,5.85,3.18,5.11,1233.8,3.97,7.13,42.82
2015-04-18 13:10:00,9292200.0,998.81,8.08,281.34,-2.57,46.81,10.8,5.05,5.74,3.15,5.06,1234.82,4.21,6.57,28.04
2015-04-18 13:20:00,9292800.0,998.68,8.92,282.19,-2.59,44.13,11.43,5.04,6.39,3.15,5.05,1230.98,3.01,8.45,39.67
2015-04-18 13:30:00,9293400.0,998.69,8.83,282.1,-1.91,46.71,11.36,5.31,6.05,3.31,5.31,1231.26,4.05,6.03,41.59
2015-04-18 13:40:00,9294000.0,998.53,8.97,282.25,-2.15,45.47,11.47,5.22,6.25,3.26,5.22,1230.5,2.64,5.69,41.89
2015-04-18 13:50:00,9294600.0,998.45,9.08,282.37,-2.25,44.78,11.56,5.17,6.38,3.23,5.18,1229.94,3.59,6.09,43.61
2015-04-18 14:00:00,9295200.0,998.45,8.68,281.96,-2.37,45.62,11.25,5.13,6.12,3.2,5.14,1231.71,3.38,6.45,26.63
2015-04-18 14:10:00,9295800.0,998.42,8.73,282.02,-2.15,46.21,11.28,5.21,6.07,3.26,5.22,1231.42,2.12,4.73,24.54
2015-04-18 14:20:00,9296400.0,998.31,9.1,282.4,-2.52,43.82,11.57,5.07,6.5,3.17,5.08,1229.74,2.15,4.73,6.44
2015-04-18 14:30:00,9297000.0,998.29,8.77,282.07,-2.33,45.46,11.32,5.14,6.17,3.21,5.15,1231.11,3.72,5.77,19.67
2015-04-18 14:40:00,9297600.0,998.2,8.81,282.12,-2.34,45.32,11.35,5.14,6.2,3.21,5.15,1230.83,3.58,5.59,34.04
2015-04-18 14:50:00,9298200.0,998.1,9.21,282.52,-2.71,42.9,11.66,5.0,6.66,3.12,5.01,1229.03,3.64,5.69,17.97
2015-04-18 15:00:00,9298800.0,998.02,9.31,282.63,-2.77,42.42,11.74,4.98,6.76,3.11,4.99,1228.51,2.32,4.36,18.44
2015-04-18 15:10:00,9299400.0,997.89,9.54,282.87,-2.64,42.18,11.92,5.03,6.89,3.14,5.04,1227.32,1.88,3.76,37.93
2015-04-18 15:20:00,9300000.0,997.84,9.37,282.7,-2.42,43.36,11.78,5.11,6.67,3.19,5.12,1227.96,4.3,6.65,30.78
2015-04-18 15:30:00,9300600.0,997.83,9.5,282.84,-2.35,43.21,11.89,5.14,6.75,3.21,5.15,1227.37,3.02,6.61,14.51
2015-04-18 15:40:00,9301200.0,997.73,9.45,282.79,-2.45,43.05,11.85,5.1,6.75,3.19,5.11,1227.49,3.04,5.53,23.67
2015-04-18 15:50:00,9301800.0,997.78,9.29,282.63,-2.44,43.55,11.72,5.1,6.62,3.19,5.12,1228.23,1.41,3.12,356.5
2015-04-18 16:00:00,9302400.0,997.72,9.33,282.67,-2.0,44.85,11.75,5.27,6.48,3.29,5.28,1227.91,3.09,5.09,24.69
2015-04-18 16:10:00,9303000.0,997.71,9.11,282.46,-2.2,44.87,11.58,5.2,6.38,3.25,5.21,1228.88,2.52,3.92,25.74
2015-04-18 16:20:00,9303600.0,997.64,9.12,282.47,-2.25,44.68,11.59,5.18,6.41,3.23,5.19,1228.77,3.38,5.45,27.78
2015-04-18 16:30:00,9304200.0,997.59,9.0,282.35,-2.15,45.37,11.49,5.21,6.28,3.26,5.23,1229.21,3.46,5.47,28.53
2015-04-18 16:40:00,9304800.0,997.59,9.08,282.44,-2.17,45.06,11.56,5.21,6.35,3.25,5.22,1228.86,2.62,3.84,31.42
2015-04-18 16:50:00,9305400.0,997.43,9.59,282.96,-1.99,44.1,11.96,5.27,6.69,3.3,5.29,1226.42,2.15,4.28,41.76
2015-04-18 17:00:00,9306000.0,997.35,9.98,283.36,-2.07,42.72,12.28,5.24,7.03,3.28,5.26,1224.65,3.15,5.05,40.39
2015-04-18 17:10:00,9306600.0,997.35,9.8,283.18,-1.95,43.61,12.13,5.29,6.84,3.31,5.3,1225.4,2.76,3.9,39.18
2015-04-18 17:20:00,9307200.0,997.25,9.68,283.06,-2.11,43.47,12.03,5.23,6.8,3.27,5.24,1225.83,2.88,4.28,34.81
2015-04-18 17:30:00,9307800.0,997.22,9.62,283.01,-2.18,43.41,11.98,5.2,6.78,3.25,5.22,1226.07,3.01,4.24,23.34
2015-04-18 17:40:00,9308400.0,997.19,9.77,283.16,-2.15,43.08,12.11,5.22,6.89,3.26,5.23,1225.38,2.25,3.36,19.71
2015-04-18 17:50:00,9309000.0,997.09,9.38,282.78,-2.29,43.77,11.79,5.16,6.63,3.23,5.18,1226.97,1.53,2.32,15.8
2015-04-18 18:00:00,9309600.0,997.04,9.2,282.6,-2.31,44.24,11.65,5.15,6.5,3.22,5.17,1227.69,1.43,2.22,12.06
2015-04-18 18:10:00,9310200.0,997.11,9.36,282.75,-2.17,44.2,11.78,5.2,6.57,3.25,5.22,1227.05,1.14,2.0,18.2
2015-04-18 18:20:00,9310800.0,997.12,9.05,282.44,-2.16,45.18,11.53,5.21,6.32,3.26,5.23,1228.42,0.64,1.52,351.6
2015-04-18 18:30:00,9311400.0,997.12,8.85,282.24,-2.08,46.07,11.38,5.24,6.14,3.28,5.26,1229.27,0.38,0.84,344.7
2015-04-18 18:40:00,9312000.0,997.17,8.73,282.12,-2.19,46.08,11.28,5.2,6.08,3.25,5.21,1229.88,0.93,1.44,314.6
2015-04-18 18:50:00,9312600.0,997.17,8.66,282.05,-2.23,46.14,11.23,5.18,6.05,3.24,5.2,1230.19,1.23,1.68,327.3
2015-04-18 19:00:00,9313200.0,997.04,8.67,282.07,-2.27,45.97,11.24,5.17,6.07,3.23,5.18,1229.99,1.47,1.88,329.6
2015-04-18 19:10:00,9313800.0,997.05,8.69,282.09,-2.35,45.63,11.25,5.14,6.12,3.21,5.15,1229.93,1.19,1.48,339.3
2015-04-18 19:20:00,9314400.0,996.98,8.64,282.04,-2.39,45.65,11.22,5.12,6.1,3.2,5.14,1230.07,0.85,1.12,326.5
2015-04-18 19:30:00,9315000.0,996.97,8.57,281.97,-2.42,45.77,11.16,5.11,6.05,3.19,5.12,1230.37,0.71,0.88,309.8
2015-04-18 19:40:00,9315600.0,996.95,7.92,281.33,-2.4,47.91,10.68,5.12,5.56,3.2,5.13,1233.19,0.88,1.6,264.7
2015-04-18 19:50:00,9316200.0,996.98,7.6,281.0,-2.43,48.88,10.45,5.11,5.34,3.19,5.12,1234.64,0.26,0.52,346.3
2015-04-18 20:00:00,9316800.0,997.07,7.36,280.76,-2.35,49.98,10.28,5.14,5.14,3.21,5.15,1235.79,0.21,0.52,324.2
2015-04-18 20:10:00,9317400.0,997.09,6.91,280.31,-2.36,51.49,9.97,5.13,4.84,3.21,5.15,1237.79,0.49,1.04,248.4
2015-04-18 20:20:00,9318000.0,997.11,6.44,279.83,-2.3,53.44,9.65,5.16,4.49,3.22,5.17,1239.88,2.49,3.42,237.2
2015-04-18 20:30:00,9318600.0,997.16,6.49,279.88,-2.42,52.79,9.68,5.11,4.57,3.19,5.13,1239.76,1.99,2.68,238.4
2015-04-18 20:40:00,9319200.0,997.22,6.33,279.71,-2.44,53.31,9.57,5.1,4.47,3.19,5.12,1240.56,2.16,3.48,242.2
2015-04-18 20:50:00,9319800.0,997.22,5.91,279.29,-2.37,55.15,9.3,5.13,4.17,3.2,5.14,1242.42,2.53,3.24,241.8
2015-04-18 21:00:00,9320400.0,997.23,5.75,279.13,-2.41,55.62,9.2,5.11,4.08,3.2,5.13,1243.15,2.47,2.92,243.4
2015-04-18 21:10:00,9321000.0,997.23,5.56,278.94,-2.4,56.36,9.08,5.12,3.96,3.2,5.13,1243.97,1.96,2.68,241.5
2015-04-18 21:20:00,9321600.0,997.28,5.28,278.66,-2.39,57.52,8.9,5.12,3.78,3.2,5.14,1245.27,1.87,2.76,237.4
2015-04-18 21:30:00,9322200.0,997.35,5.21,278.58,-2.4,57.8,8.86,5.12,3.74,3.2,5.13,1245.7,1.55,2.42,225.5
2015-04-18 21:40:00,9322800.0,997.36,4.85,278.22,-2.35,59.48,8.64,5.14,3.5,3.21,5.15,1247.31,2.1,2.6,230.4
2015-04-18 21:50:00,9323400.0,997.32,4.69,278.07,-2.14,61.08,8.54,5.22,3.33,3.26,5.23,1247.92,1.54,2.08,236.8
2015-04-18 22:00:00,9324000.0,997.34,4.58,277.95,-2.36,60.57,8.48,5.13,3.34,3.21,5.15,1248.49,1.54,1.92,229.9
2015-04-18 22:10:00,9324600.0,997.35,4.46,277.83,-2.44,60.69,8.41,5.1,3.3,3.19,5.11,1249.06,1.49,2.08,224.3
2015-04-18 22:20:00,9325200.0,997.34,4.23,277.6,-2.36,62.1,8.27,5.13,3.13,3.21,5.15,1250.09,1.64,2.52,227.7
2015-04-18 22:30:00,9325800.0,997.34,3.93,277.3,-2.04,64.93,8.09,5.26,2.84,3.28,5.27,1251.39,0.93,1.44,207.6
2015-04-18 22:40:00,9326400.0,997.35,3.69,277.06,-1.94,66.5,7.96,5.3,2.67,3.31,5.31,1252.44,0.81,1.32,168.9
2015-04-18 22:50:00,9327000.0,997.35,3.44,276.81,-2.16,66.63,7.82,5.21,2.61,3.26,5.23,1253.62,0.9,1.4,202.2
2015-04-18 23:00:00,9327600.0,997.4,3.32,276.68,-2.17,67.16,7.75,5.21,2.55,3.25,5.22,1254.25,0.63,1.2,190.6
2015-04-18 23:10:00,9328200.0,997.46,3.14,276.5,-2.31,67.28,7.66,5.15,2.51,3.22,5.16,1255.14,0.54,1.32,143.7
2015-04-18 23:20:00,9328800.0,997.4,2.65,276.02,-2.45,68.96,7.4,5.1,2.3,3.19,5.11,1257.31,0.47,0.8,172.3
2015-04-18 23:30:00,9329400.0,997.34,2.17,275.54,-2.5,71.1,7.14,5.08,2.06,3.17,5.09,1259.46,1.0,1.44,203.4
2015-04-18 23:40:00,9330000.0,997.23,2.09,275.47,-2.37,72.2,7.11,5.13,1.98,3.21,5.14,1259.64,1.04,1.24,202.2
2015-04-18 23:50:00,9330600.0,997.18,1.95,275.34,-2.39,72.8,7.03,5.12,1.91,3.2,5.14,1260.22,0.74,1.08,186.3
2015-04-19 00:00:00,9331200.0,997.12,1.83,275.22,-2.22,74.4,6.97,5.19,1.78,3.24,5.2,1260.69,0.87,1.72,170.4
2015-04-19 00:10:00,9331800.0,997.0,1.68,275.08,-2.09,75.9,6.9,5.24,1.66,3.27,5.25,1261.19,1.07,1.8,184.8
2015-04-19 00:20:00,9332400.0,996.97,1.48,274.87,-2.15,76.7,6.8,5.21,1.58,3.26,5.23,1262.11,1.08,2.0,167.7
2015-04-19 00:30:00,9333000.0,996.92,1.29,274.69,-2.28,77.0,6.71,5.17,1.54,3.23,5.18,1262.91,0.74,1.5,163.9
2015-04-19 00:40:00,9333600.0,996.87,1.08,274.49,-2.41,77.4,6.61,5.11,1.49,3.2,5.13,1263.84,0.94,1.68,188.1
2015-04-19 00:50:00,9334200.0,996.87,0.99,274.39,-2.25,78.9,6.56,5.18,1.38,3.24,5.19,1264.24,0.98,1.52,186.4
2015-04-19 01:00:00,9334800.0,996.83,0.84,274.25,-2.18,80.1,6.49,5.2,1.29,3.25,5.22,1264.84,0.99,1.8,148.5
2015-04-19 01:10:00,9335400.0,996.76,0.76,274.17,-2.18,80.6,6.45,5.2,1.25,3.25,5.22,1265.14,0.56,1.06,180.2
2015-04-19 01:20:00,9336000.0,996.74,0.67,274.09,-2.25,80.7,6.41,5.18,1.24,3.24,5.19,1265.52,0.77,1.32,186.8
2015-04-19 01:30:00,9336600.0,996.61,0.67,274.1,-2.27,80.6,6.41,5.17,1.24,3.23,5.19,1265.38,0.77,1.32,211.0
2015-04-19 01:40:00,9337200.0,996.55,0.66,274.09,-2.36,80.1,6.41,5.13,1.27,3.21,5.15,1265.38,0.82,1.64,186.3
2015-04-19 01:50:00,9337800.0,996.5,0.46,273.89,-2.56,80.1,6.31,5.06,1.26,3.16,5.08,1266.27,1.01,1.64,185.3
2015-04-19 02:00:00,9338400.0,996.46,0.33,273.76,-2.49,81.3,6.25,5.08,1.17,3.18,5.1,1266.82,0.89,1.4,183.9
2015-04-19 02:10:00,9339000.0,996.33,0.2,273.65,-2.51,81.9,6.2,5.08,1.12,3.18,5.1,1267.23,0.74,1.0,216.7
2015-04-19 02:20:00,9339600.0,996.27,0.02,273.47,-2.82,81.1,6.12,4.96,1.16,3.1,4.98,1268.06,1.21,1.72,200.3
2015-04-19 02:30:00,9340200.0,996.25,-0.09,273.36,-2.77,82.1,6.07,4.98,1.09,3.12,5.0,1268.55,1.0,1.28,202.5
2015-04-19 02:40:00,9340800.0,996.22,-0.05,273.41,-2.6,82.8,6.09,5.04,1.05,3.15,5.06,1268.26,0.66,1.24,186.7
2015-04-19 02:50:00,9341400.0,996.16,0.11,273.57,-2.52,82.4,6.16,5.07,1.08,3.17,5.09,1267.46,0.41,1.04,110.1
2015-04-19 03:00:00,9342000.0,996.13,-0.28,273.18,-2.95,82.1,5.98,4.91,1.07,3.07,4.93,1269.31,1.11,1.88,183.1
2015-04-19 03:10:00,9342600.0,996.12,-0.54,272.92,-2.9,84.0,5.87,4.93,0.94,3.09,4.95,1270.48,1.05,1.32,204.0
2015-04-19 03:20:00,9343200.0,996.02,-0.65,272.82,-2.85,85.0,5.82,4.95,0.87,3.1,4.97,1270.88,0.96,1.24,210.7
2015-04-19 03:30:00,9343800.0,996.0,-0.65,272.82,-2.79,85.4,5.82,4.97,0.85,3.11,4.99,1270.84,0.84,1.36,220.2
2015-04-19 03:40:00,9344400.0,995.94,-0.61,272.86,-2.87,84.6,5.84,4.94,0.9,3.09,4.96,1270.59,0.64,1.24,194.5
2015-04-19 03:50:00,9345000.0,995.87,-0.6,272.89,-2.92,84.2,5.85,4.92,0.92,3.08,4.94,1270.43,0.73,1.88,193.9
2015-04-19 04:00:00,9345600.0,995.79,-0.62,272.87,-2.93,84.3,5.84,4.92,0.92,3.08,4.94,1270.45,0.75,1.64,193.8
2015-04-19 04:10:00,9346200.0,995.75,-0.58,272.92,-2.88,84.3,5.86,4.94,0.92,3.09,4.96,1270.19,0.37,1.12,232.7
2015-04-19 04:20:00,9346800.0,995.68,-0.82,272.68,-3.23,83.6,5.75,4.81,0.94,3.01,4.83,1271.29,0.82,1.48,174.9
2015-04-19 04:30:00,9347400.0,995.63,-1.18,272.33,-3.27,85.6,5.6,4.8,0.81,3.0,4.82,1272.89,0.9,1.44,188.1
2015-04-19 04:40:00,9348000.0,995.59,-1.27,272.23,-3.21,86.6,5.56,4.82,0.75,3.02,4.84,1273.29,0.79,1.28,183.0
2015-04-19 04:50:00,9348600.0,995.63,-1.28,272.22,-3.14,87.1,5.56,4.84,0.72,3.03,4.87,1273.35,0.77,1.44,195.5
2015-04-19 05:00:00,9349200.0,995.64,-1.4,272.1,-3.18,87.6,5.51,4.83,0.68,3.02,4.85,1273.95,1.06,1.76,188.5
2015-04-19 05:10:00,9349800.0,995.73,-1.47,272.03,-3.15,88.2,5.49,4.84,0.65,3.03,4.86,1274.35,0.72,1.56,198.0
2015-04-19 05:20:00,9350400.0,995.77,-1.48,272.01,-3.18,88.1,5.48,4.83,0.65,3.02,4.85,1274.48,0.8,1.24,214.2
2015-04-19 05:30:00,9351000.0,995.83,-1.39,272.09,-3.07,88.3,5.51,4.87,0.65,3.05,4.89,1274.13,0.59,1.2,195.9
2015-04-19 05:40:00,9351600.0,995.89,-1.17,272.32,-2.96,87.5,5.61,4.91,0.7,3.07,4.93,1273.12,0.84,1.96,150.8
2015-04-19 05:50:00,9352200.0,995.9,-0.95,272.53,-2.95,86.2,5.7,4.91,0.79,3.07,4.93,1272.12,0.93,2.48,141.3
2015-04-19 06:00:00,9352800.0,995.89,-0.63,272.85,-2.89,84.6,5.83,4.93,0.9,3.09,4.95,1270.62,0.85,1.76,171.2
2015-04-19 06:10:00,9353400.0,995.88,-0.27,273.22,-2.74,83.3,5.99,4.99,1.0,3.12,5.01,1268.86,0.68,1.44,157.5
2015-04-19 06:20:00,9354000.0,995.91,0.3,273.78,-2.64,80.5,6.24,5.03,1.22,3.14,5.05,1266.27,0.57,1.5,166.5
2015-04-19 06:30:00,9354600.0,995.98,0.61,274.08,-2.57,79.2,6.38,5.06,1.33,3.16,5.08,1264.94,0.56,0.92,187.5
2015-04-19 06:40:00,9355200.0,996.01,0.97,274.44,-2.56,77.2,6.55,5.06,1.49,3.16,5.08,1263.3,0.86,1.4,144.9
2015-04-19 06:50:00,9355800.0,996.02,0.86,274.33,-2.6,77.6,6.5,5.04,1.46,3.16,5.06,1263.84,0.91,1.28,180.0
2015-04-19 07:00:00,9356400.0,996.1,0.8,274.26,-2.43,78.9,6.47,5.11,1.37,3.19,5.13,1264.18,0.72,1.08,193.8
2015-04-19 07:10:00,9357000.0,996.13,1.45,274.92,-2.19,76.6,6.79,5.2,1.59,3.25,5.22,1261.15,0.86,1.16,155.7
2015-04-19 07:20:00,9357600.0,996.15,1.97,275.44,-2.19,73.8,7.04,5.2,1.85,3.25,5.22,1258.79,0.91,1.76,157.1
2015-04-19 07:30:00,9358200.0,996.13,2.2,275.67,-2.1,73.1,7.16,5.23,1.93,3.27,5.25,1257.71,1.05,1.72,174.4
2015-04-19 07:40:00,9358800.0,996.13,2.42,275.89,-2.0,72.5,7.27,5.27,2.0,3.3,5.29,1256.69,0.94,1.68,174.6
2015-04-19 07:50:00,9359400.0,996.18,3.31,276.77,-1.66,69.75,7.75,5.41,2.34,3.38,5.43,1252.65,1.04,1.7,155.7
2015-04-19 08:00:00,9360000.0,996.25,4.08,277.53,-1.43,67.25,8.18,5.5,2.68,3.44,5.52,1249.23,0.96,1.68,139.3
2015-04-19 08:10:00,9360600.0,996.31,4.49,277.94,-1.23,66.28,8.42,5.58,2.84,3.49,5.6,1247.42,0.88,1.68,119.1
2015-04-19 08:20:00,9361200.0,996.34,4.98,278.43,-1.19,64.22,8.72,5.6,3.12,3.5,5.62,1245.24,0.88,1.44,101.8
2015-04-19 08:30:00,9361800.0,996.34,5.53,278.99,-1.05,62.41,9.06,5.65,3.41,3.54,5.67,1242.73,0.93,1.68,125.7
2015-04-19 08:40:00,9362400.0,996.28,6.06,279.52,-1.07,60.12,9.4,5.65,3.75,3.53,5.67,1240.32,1.04,1.88,139.6
2015-04-19 08:50:00,9363000.0,996.16,6.81,280.28,-0.78,58.26,9.9,5.77,4.13,3.61,5.79,1236.77,0.77,1.92,137.1
2015-04-19 09:00:00,9363600.0,996.09,7.23,280.7,-0.56,57.54,10.19,5.86,4.33,3.67,5.88,1234.81,0.89,1.84,204.0
2015-04-19 09:10:00,9364200.0,996.01,7.77,281.25,-0.58,55.39,10.57,5.86,4.72,3.66,5.88,1232.33,0.93,1.72,187.1
2015-04-19 09:20:00,9364800.0,996.0,8.36,281.84,-0.43,53.79,11.0,5.92,5.09,3.71,5.94,1229.71,0.83,1.96,147.8
2015-04-19 09:30:00,9365400.0,996.0,8.95,282.43,-0.04,53.16,11.45,6.09,5.37,3.81,6.11,1227.05,0.85,2.08,89.6
2015-04-19 09:40:00,9366000.0,995.97,8.96,282.45,-0.17,52.63,11.46,6.03,5.43,3.78,6.06,1227.01,2.2,3.18,58.75
2015-04-19 09:50:00,9366600.0,995.97,8.88,282.37,0.01,53.63,11.4,6.11,5.29,3.83,6.14,1227.32,2.15,3.88,60.58
2015-04-19 10:00:00,9367200.0,995.92,9.36,282.85,0.15,52.43,11.78,6.17,5.6,3.87,6.2,1225.13,1.94,3.48,67.65
2015-04-19 10:10:00,9367800.0,995.87,9.96,283.46,-0.03,49.71,12.26,6.09,6.17,3.82,6.12,1222.52,1.51,2.68,63.23
2015-04-19 10:20:00,9368400.0,995.87,10.29,283.79,-0.51,46.95,12.54,5.89,6.65,3.68,5.91,1221.19,2.2,4.57,70.9
2015-04-19 10:30:00,9369000.0,995.87,10.36,283.86,-0.44,46.98,12.59,5.92,6.68,3.7,5.94,1220.88,2.06,3.94,11.36
2015-04-19 10:40:00,9369600.0,995.8,10.71,284.21,-0.6,45.35,12.89,5.85,7.05,3.66,5.87,1219.32,2.62,4.61,19.26
2015-04-19 10:50:00,9370200.0,995.81,10.87,284.37,-0.8,44.22,13.03,5.76,7.27,3.61,5.79,1218.68,1.98,3.42,1.69
2015-04-19 11:00:00,9370800.0,995.75,11.28,284.79,-0.2,44.95,13.39,6.02,7.37,3.77,6.04,1216.73,2.21,4.89,25.16
2015-04-19 11:10:00,9371400.0,995.62,11.2,284.72,-0.33,44.77,13.32,5.96,7.36,3.73,5.99,1216.95,2.94,4.64,32.7
2015-04-19 11:20:00,9372000.0,995.57,11.33,284.85,-0.06,45.28,13.43,6.08,7.35,3.81,6.11,1216.27,2.98,5.13,30.86
2015-04-19 11:30:00,9372600.0,995.56,11.55,285.07,0.1,45.12,13.63,6.15,7.48,3.85,6.18,1215.28,3.2,6.41,43.72
2015-04-19 11:40:00,9373200.0,995.49,11.53,285.06,0.06,45.05,13.61,6.13,7.48,3.84,6.16,1215.29,3.5,5.65,24.05
2015-04-19 11:50:00,9373800.0,995.38,11.69,285.23,0.1,44.73,13.76,6.15,7.6,3.85,6.18,1214.47,2.91,6.89,5.19
2015-04-19 12:00:00,9374400.0,995.4,11.64,285.18,-0.5,42.93,13.71,5.89,7.83,3.69,5.91,1214.82,3.79,6.29,70.4
2015-04-19 12:10:00,9375000.0,995.28,11.87,285.42,-0.54,42.16,13.92,5.87,8.05,3.68,5.9,1213.71,1.67,4.54,65.58
2015-04-19 12:20:00,9375600.0,995.23,12.25,285.8,-0.5,41.24,14.28,5.89,8.39,3.69,5.92,1212.03,2.65,6.05,43.53
2015-04-19 12:30:00,9376200.0,995.24,12.07,285.62,-0.66,41.26,14.11,5.82,8.29,3.65,5.85,1212.84,2.75,5.21,60.75
2015-04-19 12:40:00,9376800.0,995.16,12.12,285.68,-0.42,41.85,14.16,5.92,8.23,3.71,5.95,1212.48,3.2,5.17,17.19
2015-04-19 12:50:00,9377400.0,995.19,12.19,285.74,-0.42,41.65,14.22,5.92,8.3,3.71,5.95,1212.21,2.83,5.57,2.54
2015-04-19 13:00:00,9378000.0,995.21,12.32,285.87,-0.11,42.25,14.34,6.06,8.28,3.8,6.09,1211.62,3.47,5.49,22.49
2015-04-19 13:10:00,9378600.0,995.08,12.39,285.95,-0.44,41.06,14.41,5.92,8.49,3.71,5.95,1211.23,2.88,4.65,122.3
2015-04-19 13:20:00,9379200.0,995.03,12.83,286.4,-0.33,40.19,14.83,5.96,8.87,3.73,5.99,1209.29,1.37,4.04,82.2
2015-04-19 13:30:00,9379800.0,995.04,13.04,286.61,-0.14,40.21,15.04,6.05,8.99,3.79,6.08,1208.37,3.44,5.49,35.54
2015-04-19 13:40:00,9380400.0,994.93,12.84,286.42,0.2,41.77,14.84,6.2,8.64,3.88,6.23,1209.02,3.8,7.37,29.99
2015-04-19 13:50:00,9381000.0,994.9,12.91,286.49,0.17,41.47,14.91,6.18,8.73,3.87,6.21,1208.68,4.47,7.41,30.6
2015-04-19 14:00:00,9381600.0,994.85,12.74,286.32,0.0,41.41,14.74,6.11,8.64,3.83,6.14,1209.39,3.89,6.25,26.5
2015-04-19 14:10:00,9382200.0,994.86,12.84,286.42,-0.11,40.83,14.84,6.06,8.78,3.8,6.09,1208.99,3.47,5.23,37.98
2015-04-19 14:20:00,9382800.0,994.89,12.98,286.56,-0.01,40.74,14.98,6.1,8.88,3.82,6.13,1208.41,2.93,5.01,26.9
2015-04-19 14:30:00,9383400.0,994.87,13.18,286.76,0.19,40.8,15.18,6.19,8.98,3.88,6.22,1207.5,4.81,6.77,30.19
2015-04-19 14:40:00,9384000.0,994.86,13.17,286.75,0.29,41.12,15.17,6.24,8.93,3.91,6.27,1207.52,4.46,7.31,28.38
2015-04-19 14:50:00,9384600.0,994.85,13.08,286.66,0.2,41.12,15.08,6.2,8.88,3.89,6.23,1207.9,4.61,6.85,25.86
2015-04-19 15:00:00,9385200.0,994.83,13.06,286.64,0.27,41.37,15.06,6.23,8.83,3.9,6.26,1207.95,4.76,7.45,20.95
2015-04-19 15:10:00,9385800.0,994.83,13.05,286.63,0.32,41.54,15.05,6.25,8.8,3.92,6.28,1207.98,4.29,6.93,20.73
2015-04-19 15:20:00,9386400.0,994.75,13.17,286.76,0.18,40.82,15.17,6.19,8.98,3.88,6.22,1207.41,4.43,6.97,25.81
2015-04-19 15:30:00,9387000.0,994.65,13.17,286.77,-0.08,40.03,15.17,6.07,9.09,3.81,6.1,1207.34,3.52,6.09,39.35
2015-04-19 15:40:00,9387600.0,994.63,13.17,286.77,-0.04,40.15,15.17,6.09,9.08,3.82,6.12,1207.31,4.23,7.53,26.28
2015-04-19 15:50:00,9388200.0,994.64,13.19,286.79,-0.07,40.01,15.19,6.08,9.11,3.81,6.11,1207.24,5.18,7.65,23.94
2015-04-19 16:00:00,9388800.0,994.71,13.18,286.77,-0.03,40.15,15.18,6.09,9.08,3.82,6.13,1207.36,3.55,5.45,30.88
2015-04-19 16:10:00,9389400.0,994.81,13.33,286.92,0.54,41.44,15.33,6.35,8.97,3.98,6.38,1206.73,4.34,6.73,33.96
2015-04-19 16:20:00,9390000.0,994.87,13.22,286.8,0.46,41.51,15.22,6.32,8.9,3.96,6.35,1207.28,5.05,7.61,40.51
2015-04-19 16:30:00,9390600.0,994.89,13.2,286.78,0.22,40.84,15.2,6.21,8.99,3.89,6.24,1207.44,5.69,7.85,30.64
2015-04-19 16:40:00,9391200.0,994.89,12.99,286.57,0.1,41.04,14.99,6.15,8.84,3.85,6.18,1208.36,4.18,6.65,36.8
2015-04-19 16:50:00,9391800.0,994.96,13.13,286.7,-0.25,39.64,15.13,6.0,9.13,3.76,6.03,1207.92,3.36,5.97,64.9
2015-04-19 17:00:00,9392400.0,995.0,13.03,286.6,-0.71,38.58,15.03,5.8,9.23,3.63,5.83,1208.48,2.68,4.89,76.5
2015-04-19 17:10:00,9393000.0,995.17,13.17,286.73,-0.67,38.34,15.17,5.81,9.35,3.64,5.84,1208.08,3.52,5.97,72.9
2015-04-19 17:20:00,9393600.0,995.21,13.15,286.7,-0.22,39.68,15.15,6.01,9.14,3.76,6.04,1208.13,3.87,5.61,58.07
2015-04-19 17:30:00,9394200.0,995.04,13.24,286.81,-0.04,39.98,15.24,6.09,9.14,3.82,6.12,1207.51,3.99,6.11,39.64
2015-04-19 17:40:00,9394800.0,994.94,13.22,286.8,0.31,41.06,15.22,6.25,8.97,3.91,6.28,1207.4,3.16,4.77,23.25
2015-04-19 17:50:00,9395400.0,994.89,13.39,286.97,0.53,41.26,15.39,6.35,9.04,3.98,6.38,1206.58,2.08,4.2,52.0
2015-04-19 18:00:00,9396000.0,994.89,13.39,286.97,0.64,41.59,15.39,6.4,8.99,4.01,6.43,1206.55,2.33,3.72,39.18
2015-04-19 18:10:00,9396600.0,994.89,13.09,286.67,0.42,41.73,15.09,6.3,8.79,3.95,6.33,1207.87,2.02,3.24,53.86
2015-04-19 18:20:00,9397200.0,994.89,12.67,286.25,0.1,41.93,14.68,6.15,8.52,3.86,6.19,1209.71,2.09,4.16,72.4
2015-04-19 18:30:00,9397800.0,994.93,12.44,286.02,0.39,43.45,14.46,6.28,8.18,3.94,6.31,1210.67,1.83,3.32,41.92
2015-04-19 18:40:00,9398400.0,995.07,12.28,285.84,0.35,43.81,14.31,6.27,8.04,3.93,6.3,1211.53,2.19,3.28,59.17
2015-04-19 18:50:00,9399000.0,995.2,12.15,285.7,0.36,44.21,14.18,6.27,7.91,3.93,6.3,1212.23,1.78,2.72,39.84
2015-04-19 19:00:00,9399600.0,995.33,11.97,285.51,0.32,44.6,14.02,6.25,7.76,3.92,6.28,1213.17,2.72,3.8,29.06
2015-04-19 19:10:00,9400200.0,995.42,11.83,285.36,0.08,44.25,13.89,6.15,7.74,3.85,6.17,1213.93,2.57,4.0,29.78
2015-04-19 19:20:00,9400800.0,995.57,11.73,285.25,0.02,44.35,13.8,6.12,7.68,3.83,6.15,1214.55,2.67,3.84,35.06
2015-04-19 19:30:00,9401400.0,995.62,11.57,285.09,0.09,45.03,13.65,6.15,7.5,3.85,6.17,1215.28,2.16,3.16,22.16
2015-04-19 19:40:00,9402000.0,995.74,11.37,284.88,0.05,45.5,13.47,6.13,7.34,3.84,6.16,1216.29,1.63,2.32,12.06
2015-04-19 19:50:00,9402600.0,995.9,11.29,284.78,0.02,45.64,13.4,6.12,7.28,3.83,6.14,1216.83,1.6,2.12,17.66
2015-04-19 20:00:00,9403200.0,996.07,11.21,284.69,0.02,45.89,13.33,6.12,7.21,3.83,6.14,1217.37,1.69,2.2,17.37
2015-04-19 20:10:00,9403800.0,996.12,11.0,284.48,0.02,46.55,13.14,6.12,7.03,3.83,6.14,1218.33,1.43,1.88,7.86
2015-04-19 20:20:00,9404400.0,996.17,10.91,284.38,0.09,47.06,13.06,6.15,6.92,3.85,6.17,1218.77,1.73,2.12,358.9
2015-04-19 20:30:00,9405000.0,996.22,10.85,284.32,0.12,47.36,13.01,6.16,6.85,3.86,6.19,1219.08,1.42,1.84,351.1
2015-04-19 20:40:00,9405600.0,996.23,10.67,284.14,0.19,48.16,12.86,6.19,6.67,3.88,6.22,1219.85,0.9,1.58,347.6
2015-04-19 20:50:00,9406200.0,996.24,10.14,283.61,0.17,49.84,12.41,6.19,6.22,3.87,6.21,1222.16,0.48,0.88,22.9
2015-04-19 21:00:00,9406800.0,996.26,9.56,283.02,0.26,52.14,11.94,6.22,5.71,3.89,6.25,1224.67,0.72,1.32,62.53
2015-04-19 21:10:00,9407400.0,996.29,9.22,282.68,0.26,53.37,11.67,6.23,5.44,3.9,6.25,1226.17,0.68,1.46,39.3
2015-04-19 21:20:00,9408000.0,996.34,8.65,282.11,0.33,55.76,11.22,6.26,4.97,3.92,6.28,1228.7,0.91,1.76,51.41
2015-04-19 21:30:00,9408600.0,996.32,8.29,281.75,0.4,57.4,10.95,6.29,4.67,3.93,6.31,1230.24,0.34,0.56,68.72
2015-04-19 21:40:00,9409200.0,996.35,8.14,281.59,0.43,58.14,10.84,6.3,4.54,3.94,6.33,1230.92,0.23,0.48,347.2
2015-04-19 21:50:00,9409800.0,996.36,7.96,281.41,0.36,58.54,10.71,6.27,4.44,3.92,6.29,1231.74,0.4,0.84,52.52
2015-04-19 22:00:00,9410400.0,996.37,7.6,281.05,0.34,59.92,10.45,6.26,4.19,3.92,6.28,1233.34,0.32,0.56,224.8
2015-04-19 22:10:00,9411000.0,996.52,7.33,280.77,0.25,60.65,10.26,6.22,4.04,3.89,6.24,1234.73,0.46,1.24,22.88
2015-04-19 22:20:00,9411600.0,996.66,6.87,280.3,0.17,62.21,9.94,6.18,3.76,3.87,6.2,1236.94,0.93,1.2,42.32
2015-04-19 22:30:00,9412200.0,996.81,6.57,279.98,0.15,63.47,9.73,6.18,3.55,3.86,6.2,1238.49,0.62,1.2,11.69
2015-04-19 22:40:00,9412800.0,996.86,6.55,279.96,0.25,64.01,9.72,6.22,3.5,3.89,6.24,1238.6,0.34,1.68,199.7
2015-04-19 22:50:00,9413400.0,996.86,6.54,279.95,0.08,63.23,9.71,6.14,3.57,3.84,6.16,1238.68,0.94,2.1,234.6
2015-04-19 23:00:00,9414000.0,996.92,6.49,279.9,0.24,64.18,9.68,6.21,3.47,3.89,6.23,1238.93,0.52,0.8,61.27
2015-04-19 23:10:00,9414600.0,996.95,6.08,279.49,0.15,65.59,9.41,6.17,3.24,3.86,6.19,1240.8,1.37,2.84,271.9
2015-04-19 23:20:00,9415200.0,997.0,5.95,279.35,0.15,66.22,9.32,6.17,3.15,3.86,6.19,1241.47,1.37,2.2,194.7
2015-04-19 23:30:00,9415800.0,997.04,5.61,279.0,0.11,67.63,9.11,6.16,2.95,3.85,6.18,1243.05,1.13,1.96,224.8
2015-04-19 23:40:00,9416400.0,997.06,5.59,278.98,0.17,68.02,9.09,6.19,2.91,3.87,6.2,1243.13,0.86,1.48,193.7
2015-04-19 23:50:00,9417000.0,996.97,5.44,278.84,0.13,68.48,9.0,6.17,2.84,3.86,6.18,1243.69,1.3,2.24,226.5
2015-04-20 00:00:00,9417600.0,997.02,5.36,278.76,0.11,68.77,8.95,6.16,2.8,3.85,6.17,1244.11,1.44,2.0,209.9
2015-04-20 00:10:00,9418200.0,997.14,5.13,278.52,0.08,69.74,8.81,6.14,2.67,3.84,6.16,1245.29,0.53,1.12,180.7
2015-04-20 00:20:00,9418800.0,997.26,4.78,278.15,0.06,71.4,8.59,6.14,2.46,3.84,6.15,1247.04,0.21,0.52,209.4
2015-04-20 00:30:00,9419400.0,997.36,4.64,278.01,0.03,71.9,8.51,6.12,2.39,3.83,6.14,1247.79,0.49,0.8,206.5
2015-04-20 00:40:00,9420000.0,997.44,4.37,277.73,-0.02,73.0,8.35,6.1,2.26,3.81,6.11,1249.11,0.43,0.96,214.9
2015-04-20 00:50:00,9420600.0,997.54,4.27,277.62,-0.05,73.4,8.29,6.09,2.21,3.8,6.1,1249.71,0.77,1.36,216.5
2015-04-20 01:00:00,9421200.0,997.64,4.06,277.41,-0.14,74.0,8.17,6.05,2.12,3.78,6.06,1250.79,0.96,1.24,196.5
2015-04-20 01:10:00,9421800.0,997.72,3.85,277.19,-0.14,75.1,8.05,6.04,2.0,3.78,6.06,1251.85,0.66,1.08,187.6
2015-04-20 01:20:00,9422400.0,997.74,3.75,277.08,-0.18,75.4,7.99,6.03,1.97,3.77,6.04,1252.34,0.9,1.06,218.9
2015-04-20 01:30:00,9423000.0,997.71,3.63,276.97,-0.17,76.1,7.92,6.03,1.89,3.77,6.04,1252.84,1.04,1.22,211.0
2015-04-20 01:40:00,9423600.0,997.75,3.63,276.97,-0.19,76.0,7.93,6.03,1.9,3.76,6.04,1252.87,0.7,1.12,188.1
2015-04-20 01:50:00,9424200.0,997.72,3.35,276.69,-0.29,77.0,7.77,5.98,1.79,3.74,6.0,1254.15,1.06,1.48,220.0
2015-04-20 02:00:00,9424800.0,997.6,3.27,276.62,-0.23,77.7,7.73,6.0,1.72,3.75,6.02,1254.33,0.85,1.2,209.2
2015-04-20 02:10:00,9425400.0,997.59,3.25,276.61,-0.25,77.7,7.72,6.0,1.72,3.75,6.01,1254.39,0.53,1.04,187.1
2015-04-20 02:20:00,9426000.0,997.64,2.99,276.33,-0.39,78.4,7.57,5.94,1.64,3.71,5.95,1255.7,0.5,0.64,159.2
2015-04-20 02:30:00,9426600.0,997.61,2.74,276.09,-0.42,79.6,7.44,5.92,1.52,3.7,5.94,1256.78,0.45,0.7,169.1
2015-04-20 02:40:00,9427200.0,997.59,2.61,275.96,-0.43,80.3,7.37,5.92,1.45,3.7,5.93,1257.37,0.58,1.06,169.6
2015-04-20 02:50:00,9427800.0,997.6,2.44,275.79,-0.46,81.1,7.28,5.91,1.38,3.69,5.92,1258.17,0.67,0.92,190.0
2015-04-20 03:00:00,9428400.0,997.5,2.39,275.75,-0.43,81.5,7.26,5.92,1.34,3.7,5.93,1258.23,0.35,0.76,188.4
2015-04-20 03:10:00,9429000.0,997.47,2.36,275.72,-0.52,81.2,7.24,5.88,1.36,3.67,5.89,1258.39,0.5,0.8,168.6
2015-04-20 03:20:00,9429600.0,997.48,2.11,275.47,-0.58,82.3,7.12,5.86,1.26,3.66,5.87,1259.52,0.53,0.72,197.6
2015-04-20 03:30:00,9430200.0,997.48,2.03,275.39,-0.56,82.9,7.07,5.86,1.21,3.66,5.88,1259.9,0.3,0.68,230.6
2015-04-20 03:40:00,9430800.0,997.48,2.07,275.43,-0.57,82.6,7.09,5.86,1.23,3.66,5.87,1259.73,0.28,0.54,159.1
2015-04-20 03:50:00,9431400.0,997.38,1.92,275.28,-0.67,82.9,7.02,5.82,1.2,3.64,5.83,1260.31,0.31,0.56,167.3
2015-04-20 04:00:00,9432000.0,997.4,1.89,275.26,-0.77,82.4,7.0,5.77,1.23,3.61,5.79,1260.46,0.48,1.04,116.3
2015-04-20 04:10:00,9432600.0,997.39,1.76,275.13,-0.8,83.0,6.94,5.76,1.18,3.6,5.77,1261.07,0.31,0.72,106.2
2015-04-20 04:20:00,9433200.0,997.35,1.55,274.91,-0.93,83.5,6.83,5.7,1.13,3.57,5.72,1262.03,0.36,0.6,156.6
2015-04-20 04:30:00,9433800.0,997.41,1.55,274.91,-0.8,84.3,6.83,5.76,1.07,3.6,5.77,1262.08,0.3,0.68,93.5
2015-04-20 04:40:00,9434400.0,997.58,1.6,274.95,-0.77,84.2,6.86,5.77,1.08,3.61,5.79,1262.06,0.46,0.84,110.5
2015-04-20 04:50:00,9435000.0,997.67,1.59,274.94,-0.79,84.1,6.85,5.77,1.09,3.6,5.78,1262.19,0.36,0.76,80.7
2015-04-20 05:00:00,9435600.0,997.62,1.49,274.83,-0.89,84.1,6.8,5.72,1.08,3.57,5.73,1262.63,0.25,0.44,212.6
2015-04-20 05:10:00,9436200.0,997.63,1.4,274.74,-0.82,85.1,6.76,5.75,1.01,3.59,5.76,1263.05,0.25,0.56,164.5
2015-04-20 05:20:00,9436800.0,997.67,1.36,274.7,-0.87,85.0,6.74,5.73,1.01,3.58,5.74,1263.28,0.27,0.64,167.8
2015-04-20 05:30:00,9437400.0,997.66,1.18,274.52,-0.97,85.5,6.65,5.69,0.96,3.55,5.7,1264.11,0.74,1.16,193.9
2015-04-20 05:40:00,9438000.0,997.68,0.94,274.28,-0.95,87.1,6.54,5.7,0.84,3.56,5.71,1265.23,1.2,1.84,213.2
2015-04-20 05:50:00,9438600.0,997.67,1.26,274.6,-0.78,86.2,6.69,5.77,0.92,3.6,5.78,1263.72,0.96,1.36,198.4
2015-04-20 06:00:00,9439200.0,997.75,1.92,275.26,-0.6,83.3,7.02,5.85,1.17,3.65,5.86,1260.74,0.75,1.16,165.4
2015-04-20 06:10:00,9439800.0,997.88,2.6,275.93,-0.54,79.7,7.37,5.87,1.5,3.67,5.88,1257.8,0.38,0.8,120.6
2015-04-20 06:20:00,9440400.0,998.09,2.83,276.14,-0.59,78.1,7.49,5.85,1.64,3.65,5.86,1257.01,0.54,1.28,80.5
2015-04-20 06:30:00,9441000.0,998.19,3.35,276.65,-0.46,76.0,7.77,5.9,1.86,3.69,5.92,1254.78,0.68,1.2,148.9
2015-04-20 06:40:00,9441600.0,998.22,3.57,276.87,-0.44,74.9,7.89,5.91,1.98,3.69,5.92,1253.78,0.88,1.48,181.4
2015-04-20 06:50:00,9442200.0,998.29,3.4,276.7,-0.43,75.9,7.8,5.92,1.88,3.7,5.93,1254.65,1.03,1.44,158.6
2015-04-20 07:00:00,9442800.0,998.46,3.7,276.98,-0.32,74.9,7.97,5.97,2.0,3.73,5.98,1253.48,1.07,1.6,154.2
2015-04-20 07:10:00,9443400.0,998.45,3.77,277.05,-0.27,74.8,8.01,5.99,2.02,3.74,6.0,1253.14,0.95,1.48,185.4
2015-04-20 07:20:00,9444000.0,998.45,4.39,277.67,0.05,73.3,8.36,6.13,2.23,3.83,6.14,1250.29,0.89,1.4,158.9
2015-04-20 07:30:00,9444600.0,998.5,5.05,278.33,0.17,70.6,8.76,6.19,2.58,3.86,6.2,1247.32,1.1,1.76,158.9
2015-04-20 07:40:00,9445200.0,998.57,5.39,278.67,0.38,69.98,8.97,6.28,2.69,3.92,6.29,1245.86,0.78,1.52,170.0
2015-04-20 07:50:00,9445800.0,998.58,6.35,279.62,0.58,66.48,9.59,6.37,3.21,3.98,6.38,1241.56,0.98,1.64,152.9
2015-04-20 08:00:00,9446400.0,998.58,6.95,280.23,0.81,64.83,10.0,6.48,3.52,4.05,6.49,1238.82,0.88,1.6,176.2
2015-04-20 08:10:00,9447000.0,998.53,7.78,281.06,1.14,62.72,10.58,6.63,3.94,4.14,6.64,1235.05,0.75,1.44,157.1
2015-04-20 08:20:00,9447600.0,998.55,8.77,282.05,1.37,59.61,11.32,6.75,4.57,4.21,6.75,1230.69,0.66,1.48,124.8
2015-04-20 08:30:00,9448200.0,998.67,9.28,282.55,1.67,58.85,11.71,6.89,4.82,4.3,6.9,1228.54,0.76,1.56,105.1
2015-04-20 08:40:00,9448800.0,998.7,9.5,282.77,1.8,58.52,11.89,6.96,4.93,4.34,6.97,1227.6,1.46,2.52,87.3
2015-04-20 08:50:00,9449400.0,998.7,9.4,282.66,2.07,60.07,11.81,7.09,4.71,4.43,7.1,1227.97,2.17,3.3,64.41
2015-04-20 09:00:00,9450000.0,998.7,9.89,283.16,2.11,58.28,12.2,7.11,5.09,4.44,7.12,1225.83,2.53,4.16,41.19
2015-04-20 09:10:00,9450600.0,998.7,10.23,283.5,2.16,57.19,12.48,7.14,5.34,4.46,7.15,1224.35,2.82,4.53,44.29
2015-04-20 09:20:00,9451200.0,998.7,10.58,283.85,2.32,56.52,12.78,7.22,5.56,4.51,7.23,1222.8,3.83,5.69,21.13
2015-04-20 09:30:00,9451800.0,998.73,10.83,284.09,2.31,55.52,13.0,7.22,5.78,4.51,7.22,1221.76,4.27,5.81,28.86
2015-04-20 09:40:00,9452400.0,998.83,10.94,284.2,1.85,53.33,13.09,6.98,6.11,4.36,6.99,1221.52,5.24,7.21,28.74
2015-04-20 09:50:00,9453000.0,998.98,11.07,284.31,1.4,51.19,13.2,6.76,6.45,4.22,6.77,1221.25,4.21,7.17,19.32
2015-04-20 10:00:00,9453600.0,999.06,11.31,284.55,0.89,48.58,13.42,6.52,6.9,4.07,6.52,1220.42,3.95,6.69,21.7
2015-04-20 10:10:00,9454200.0,999.09,11.5,284.73,0.9,48.0,13.59,6.52,7.07,4.07,6.53,1219.65,3.94,6.01,21.49
2015-04-20 10:20:00,9454800.0,999.05,11.52,284.76,0.73,47.35,13.61,6.44,7.16,4.02,6.45,1219.55,4.6,6.91,25.8
2015-04-20 10:30:00,9455400.0,999.09,11.55,284.78,1.05,48.35,13.63,6.59,7.04,4.11,6.6,1219.4,3.37,6.45,19.6
2015-04-20 10:40:00,9456000.0,999.08,12.02,285.25,1.29,47.68,14.06,6.7,7.36,4.18,6.71,1217.33,2.98,5.25,19.06
2015-04-20 10:50:00,9456600.0,999.11,12.11,285.34,1.18,47.05,14.15,6.66,7.49,4.15,6.66,1217.0,3.33,6.09,11.79
2015-04-20 11:00:00,9457200.0,999.07,12.32,285.56,0.91,45.5,14.34,6.53,7.82,4.07,6.53,1216.12,4.53,6.45,23.83
2015-04-20 11:10:00,9457800.0,999.06,12.34,285.58,1.05,45.88,14.36,6.59,7.77,4.11,6.6,1215.99,3.88,5.81,24.26
2015-04-20 11:20:00,9458400.0,999.04,12.63,285.87,1.43,46.27,14.64,6.77,7.87,4.23,6.78,1214.65,3.34,5.31,25.29
2015-04-20 11:30:00,9459000.0,998.96,13.17,286.42,1.74,45.69,15.17,6.93,8.24,4.33,6.94,1212.18,2.36,5.97,15.82
2015-04-20 11:40:00,9459600.0,998.88,13.18,286.43,1.5,44.87,15.18,6.81,8.37,4.25,6.82,1212.1,4.62,7.53,34.89
2015-04-20 11:50:00,9460200.0,998.94,13.26,286.51,1.65,45.11,15.26,6.88,8.37,4.3,6.89,1211.81,3.31,6.63,6.69
2015-04-20 12:00:00,9460800.0,998.91,13.26,286.51,1.77,45.51,15.26,6.94,8.31,4.33,6.95,1211.74,3.98,6.09,16.2
2015-04-20 12:10:00,9461400.0,998.88,13.54,286.79,2.09,45.72,15.54,7.1,8.43,4.44,7.11,1210.45,3.33,5.91,19.78
2015-04-20 12:20:00,9462000.0,998.78,13.55,286.81,2.47,46.94,15.55,7.3,8.25,4.56,7.31,1210.19,4.13,7.45,40.83
2015-04-20 12:30:00,9462600.0,998.78,13.99,287.25,2.53,45.83,16.0,7.33,8.67,4.58,7.34,1208.32,2.95,5.09,14.95
2015-04-20 12:40:00,9463200.0,998.71,14.07,287.34,2.58,45.76,16.08,7.36,8.72,4.6,7.37,1207.89,2.99,6.01,26.11
2015-04-20 12:50:00,9463800.0,998.64,14.56,287.83,2.82,45.08,16.6,7.48,9.12,4.67,7.49,1205.69,2.14,5.81,11.2
2015-04-20 13:00:00,9464400.0,998.57,14.89,288.17,2.57,43.36,16.96,7.35,9.6,4.59,7.36,1204.28,2.42,5.85,351.6
2015-04-20 13:10:00,9465000.0,998.53,15.15,288.43,2.73,43.12,17.24,7.44,9.81,4.64,7.45,1203.11,2.63,7.05,44.24
2015-04-20 13:20:00,9465600.0,998.41,15.12,288.41,2.68,43.05,17.21,7.41,9.8,4.63,7.42,1203.1,2.29,5.21,353.0
2015-04-20 13:30:00,9466200.0,998.34,15.23,288.53,2.72,42.88,17.33,7.43,9.9,4.64,7.44,1202.55,2.16,5.05,2.63
2015-04-20 13:40:00,9466800.0,998.23,15.67,288.98,2.65,41.48,17.83,7.4,10.43,4.62,7.41,1200.6,3.27,6.37,14.28
2015-04-20 13:50:00,9467400.0,998.21,15.73,289.04,2.28,40.23,17.9,7.2,10.7,4.5,7.21,1200.42,3.3,7.73,13.17
2015-04-20 14:00:00,9468000.0,998.07,15.75,289.07,1.82,38.87,17.92,6.97,10.96,4.35,6.98,1200.27,4.7,7.65,28.46
2015-04-20 14:10:00,9468600.0,998.08,15.98,289.3,2.03,38.88,18.19,7.07,11.12,4.42,7.08,1199.28,3.71,6.99,14.86
2015-04-20 14:20:00,9469200.0,998.0,15.99,289.32,2.2,39.35,18.2,7.16,11.04,4.48,7.18,1199.1,4.56,6.65,25.44
2015-04-20 14:30:00,9469800.0,997.79,15.98,289.32,2.18,39.31,18.19,7.15,11.04,4.47,7.17,1198.9,5.44,8.13,29.63
2015-04-20 14:40:00,9470400.0,997.72,16.06,289.41,2.2,39.17,18.28,7.16,11.12,4.48,7.18,1198.47,5.86,8.51,25.11
2015-04-20 14:50:00,9471000.0,997.69,16.24,289.59,2.36,39.17,18.49,7.24,11.25,4.53,7.26,1197.65,3.58,6.52,17.85
2015-04-20 15:00:00,9471600.0,997.64,16.44,289.8,2.57,39.26,18.73,7.35,11.38,4.6,7.37,1196.72,3.64,8.25,15.63
2015-04-20 15:10:00,9472200.0,997.61,16.5,289.86,2.67,39.38,18.8,7.4,11.4,4.63,7.42,1196.42,3.93,6.08,23.63
2015-04-20 15:20:00,9472800.0,997.64,16.59,289.95,2.98,40.05,18.91,7.57,11.34,4.73,7.59,1196.0,4.0,7.36,19.48
2015-04-20 15:30:00,9473400.0,997.57,16.52,289.88,2.83,39.8,18.82,7.49,11.33,4.68,7.51,1196.25,4.34,7.09,24.52
2015-04-20 15:40:00,9474000.0,997.46,16.5,289.87,2.76,39.65,18.8,7.45,11.35,4.66,7.47,1196.21,4.85,7.77,23.48
2015-04-20 15:50:00,9474600.0,997.35,16.54,289.92,2.85,39.8,18.85,7.5,11.35,4.69,7.52,1195.89,4.46,8.33,22.5
2015-04-20 16:00:00,9475200.0,997.35,16.41,289.79,2.65,39.55,18.69,7.39,11.3,4.62,7.41,1196.48,5.74,8.69,24.5
2015-04-20 16:10:00,9475800.0,997.32,16.54,289.92,3.0,40.22,18.85,7.58,11.27,4.74,7.6,1195.82,4.7,7.08,27.65
2015-04-20 16:20:00,9476400.0,997.35,16.72,290.1,3.03,39.85,19.07,7.6,11.47,4.75,7.62,1195.11,4.1,6.73,26.25
2015-04-20 16:30:00,9477000.0,997.4,16.73,290.11,2.95,39.59,19.08,7.55,11.52,4.72,7.57,1195.14,4.95,7.53,26.06
2015-04-20 16:40:00,9477600.0,997.44,16.6,289.97,2.77,39.41,18.92,7.46,11.46,4.66,7.48,1195.77,4.43,7.17,20.46
2015-04-20 16:50:00,9478200.0,997.45,16.64,290.01,3.1,40.25,18.97,7.63,11.33,4.77,7.65,1195.54,3.46,5.76,21.17
2015-04-20 17:00:00,9478800.0,997.43,16.77,290.14,3.4,40.79,19.13,7.8,11.32,4.88,7.82,1194.9,2.77,6.17,20.6
2015-04-20 17:10:00,9479400.0,997.39,16.72,290.1,3.42,40.96,19.07,7.81,11.26,4.88,7.83,1195.05,3.55,6.69,18.5
2015-04-20 17:20:00,9480000.0,997.41,16.71,290.09,3.57,41.43,19.05,7.89,11.16,4.94,7.91,1195.08,2.65,5.76,13.76
2015-04-20 17:30:00,9480600.0,997.37,16.93,290.31,3.67,41.15,19.32,7.95,11.37,4.97,7.97,1194.1,2.79,5.0,19.32
2015-04-20 17:40:00,9481200.0,997.33,17.07,290.45,3.67,40.78,19.49,7.95,11.54,4.97,7.97,1193.48,2.49,4.76,18.2
2015-04-20 17:50:00,9481800.0,997.44,17.05,290.42,3.56,40.51,19.47,7.89,11.58,4.93,7.91,1193.72,2.21,5.84,19.18
2015-04-20 18:00:00,9482400.0,997.45,17.06,290.43,3.63,40.68,19.48,7.92,11.56,4.96,7.95,1193.68,1.86,3.76,26.53
2015-04-20 18:10:00,9483000.0,997.45,16.98,290.35,3.59,40.77,19.38,7.9,11.48,4.94,7.92,1194.02,1.56,3.64,22.08
2015-04-20 18:20:00,9483600.0,997.4,16.69,290.07,3.44,41.1,19.03,7.82,11.21,4.89,7.84,1195.19,0.75,1.88,209.5
2015-04-20 18:30:00,9484200.0,997.47,16.43,289.8,3.47,41.88,18.72,7.84,10.88,4.9,7.86,1196.34,1.13,3.1,61.11
2015-04-20 18:40:00,9484800.0,997.57,16.21,289.57,3.24,41.78,18.46,7.71,10.75,4.82,7.73,1197.43,2.12,3.96,20.51
2015-04-20 18:50:00,9485400.0,997.65,15.99,289.34,2.92,41.41,18.2,7.54,10.66,4.71,7.55,1198.51,2.3,3.54,15.14
2015-04-20 19:00:00,9486000.0,997.76,15.76,289.11,2.68,41.33,17.93,7.41,10.52,4.63,7.43,1199.66,1.65,3.3,15.98
2015-04-20 19:10:00,9486600.0,997.91,15.5,288.83,2.64,41.89,17.64,7.39,10.25,4.62,7.4,1200.92,1.32,2.76,11.74
2015-04-20 19:20:00,9487200.0,998.05,15.26,288.58,2.65,42.58,17.37,7.39,9.97,4.62,7.41,1202.09,1.9,3.76,17.55
2015-04-20 19:30:00,9487800.0,998.17,14.96,288.27,2.71,43.6,17.03,7.43,9.61,4.64,7.44,1203.47,1.52,3.6,17.88
2015-04-20 19:40:00,9488400.0,998.28,14.68,287.98,2.7,44.37,16.73,7.42,9.31,4.64,7.44,1204.78,1.05,3.48,347.5
2015-04-20 19:50:00,9489000.0,998.34,14.41,287.71,2.61,44.84,16.44,7.37,9.07,4.61,7.38,1206.01,1.23,3.28,6.3
2015-04-20 20:00:00,9489600.0,998.45,14.32,287.61,2.44,44.56,16.34,7.28,9.06,4.55,7.29,1206.56,0.92,2.68,2.64
2015-04-20 20:10:00,9490200.0,998.66,14.05,287.32,2.3,44.89,16.06,7.21,8.85,4.5,7.22,1207.99,0.86,2.0,172.5
2015-04-20 20:20:00,9490800.0,998.77,13.82,287.08,2.15,45.1,15.82,7.14,8.69,4.46,7.14,1209.11,0.92,2.5,35.35
2015-04-20 20:30:00,9491400.0,998.93,13.72,286.97,2.1,45.22,15.72,7.11,8.61,4.44,7.12,1209.74,0.81,2.76,232.3
2015-04-20 20:40:00,9492000.0,999.0,13.56,286.8,2.13,45.81,15.56,7.13,8.43,4.45,7.13,1210.5,1.08,2.4,197.6
2015-04-20 20:50:00,9492600.0,999.07,13.43,286.67,2.24,46.56,15.43,7.18,8.24,4.48,7.19,1211.11,1.17,3.9,17.0
2015-04-20 21:00:00,9493200.0,999.07,13.1,286.34,2.26,47.63,15.1,7.19,7.91,4.49,7.2,1212.5,0.83,1.76,180.1
2015-04-20 21:10:00,9493800.0,999.12,12.91,286.14,2.27,48.27,14.91,7.2,7.71,4.49,7.2,1213.36,0.9,1.8,192.5
2015-04-20 21:20:00,9494400.0,999.23,12.67,285.89,2.4,49.49,14.68,7.26,7.41,4.53,7.27,1214.48,0.97,2.4,215.0
2015-04-20 21:30:00,9495000.0,999.31,12.71,285.93,2.57,49.97,14.72,7.35,7.36,4.59,7.36,1214.37,1.44,2.8,11.47
2015-04-20 21:40:00,9495600.0,999.32,12.6,285.82,2.59,50.39,14.61,7.36,7.25,4.6,7.37,1214.84,0.74,1.92,162.2
2015-04-20 21:50:00,9496200.0,999.41,12.38,285.59,2.64,51.31,14.4,7.39,7.01,4.61,7.39,1215.88,0.72,1.48,138.7
2015-04-20 22:00:00,9496800.0,999.43,12.21,285.42,2.7,52.1,14.24,7.42,6.82,4.63,7.42,1216.62,0.74,1.36,160.0
2015-04-20 22:10:00,9497400.0,999.49,12.18,285.38,2.61,51.89,14.21,7.37,6.84,4.6,7.38,1216.84,0.94,1.84,153.3
2015-04-20 22:20:00,9498000.0,999.55,12.02,285.22,2.62,52.46,14.06,7.38,6.69,4.6,7.38,1217.59,0.91,2.12,59.58
2015-04-20 22:30:00,9498600.0,999.55,11.91,285.11,2.47,52.28,13.96,7.3,6.66,4.55,7.3,1218.1,1.73,3.24,34.1
2015-04-20 22:40:00,9499200.0,999.55,11.95,285.15,2.47,52.15,14.0,7.3,6.7,4.56,7.3,1217.92,1.47,2.8,11.02
2015-04-20 22:50:00,9499800.0,999.63,11.98,285.17,2.46,52.01,14.03,7.29,6.73,4.55,7.3,1217.9,1.77,3.16,4.83
2015-04-20 23:00:00,9500400.0,999.78,11.87,285.05,2.45,52.34,13.92,7.29,6.64,4.55,7.29,1218.55,0.97,1.96,334.0
2015-04-20 23:10:00,9501000.0,999.92,11.67,284.84,2.45,53.06,13.74,7.29,6.45,4.55,7.29,1219.58,0.82,2.48,297.2
2015-04-20 23:20:00,9501600.0,999.96,11.48,284.64,2.52,53.99,13.57,7.33,6.24,4.57,7.33,1220.43,1.02,3.24,339.9
2015-04-20 23:30:00,9502200.0,999.92,11.38,284.55,2.61,54.7,13.48,7.37,6.11,4.6,7.37,1220.79,1.03,2.4,326.8
2015-04-20 23:40:00,9502800.0,999.93,11.23,284.4,2.55,55.01,13.35,7.34,6.0,4.58,7.34,1221.45,0.79,1.88,323.9
2015-04-20 23:50:00,9503400.0,999.88,11.13,284.3,2.48,55.12,13.26,7.31,5.95,4.56,7.31,1221.84,1.01,1.84,343.7
2015-04-21 00:00:00,9504000.0,999.85,10.91,284.08,2.38,55.52,13.06,7.25,5.81,4.52,7.25,1222.77,1.31,2.12,339.5
2015-04-21 00:10:00,9504600.0,999.93,10.71,283.88,2.27,55.8,12.89,7.19,5.7,4.49,7.19,1223.76,1.17,1.96,339.3
2015-04-21 00:20:00,9505200.0,1000.03,10.6,283.76,2.19,55.9,12.8,7.15,5.64,4.46,7.15,1224.37,1.33,2.32,336.2
2015-04-21 00:30:00,9505800.0,1000.11,10.44,283.59,2.12,56.22,12.66,7.12,5.54,4.44,7.12,1225.18,1.21,2.12,329.2
2015-04-21 00:40:00,9506400.0,1000.22,10.2,283.34,2.06,56.89,12.46,7.09,5.37,4.42,7.09,1226.37,1.1,2.0,323.1
2015-04-21 00:50:00,9507000.0,1000.3,9.97,283.11,1.99,57.47,12.27,7.05,5.22,4.4,7.05,1227.48,1.28,2.2,314.4
2015-04-21 01:00:00,9507600.0,1000.32,9.87,283.0,1.91,57.56,12.19,7.01,5.17,4.37,7.01,1227.95,1.02,2.36,306.4
2015-04-21 01:10:00,9508200.0,1000.28,9.67,282.81,1.91,58.33,12.02,7.01,5.01,4.37,7.01,1228.78,0.61,1.08,283.6
2015-04-21 01:20:00,9508800.0,1000.26,8.77,281.91,2.01,62.42,11.32,7.06,4.25,4.4,7.06,1232.65,0.63,1.38,205.6
2015-04-21 01:30:00,9509400.0,1000.29,9.09,282.23,1.82,60.25,11.56,6.97,4.6,4.34,6.96,1231.33,0.63,0.96,334.4
2015-04-21 01:40:00,9510000.0,1000.3,9.14,282.28,1.89,60.34,11.6,7.0,4.6,4.36,7.0,1231.11,0.62,1.0,58.25
2015-04-21 01:50:00,9510600.0,1000.41,8.28,281.41,1.87,63.89,10.95,6.99,3.95,4.36,6.99,1235.01,0.48,0.88,78.6
2015-04-21 02:00:00,9511200.0,1000.37,7.48,280.61,1.91,67.69,10.36,7.01,3.35,4.37,7.01,1238.47,0.44,0.8,198.2
2015-04-21 02:10:00,9511800.0,1000.41,7.28,280.41,1.88,68.44,10.22,7.0,3.23,4.36,6.99,1239.42,0.41,0.88,121.2
2015-04-21 02:20:00,9512400.0,1000.47,7.12,280.24,1.81,68.87,10.11,6.96,3.15,4.34,6.96,1240.22,0.5,1.08,27.26
2015-04-21 02:30:00,9513000.0,1000.63,6.62,279.72,1.73,70.9,9.77,6.92,2.84,4.31,6.92,1242.67,0.47,0.92,57.1
2015-04-21 02:40:00,9513600.0,1000.65,6.34,279.45,1.74,72.3,9.58,6.93,2.65,4.32,6.92,1243.93,0.15,0.36,353.7
2015-04-21 02:50:00,9514200.0,1000.68,6.14,279.25,1.7,73.1,9.45,6.91,2.54,4.31,6.9,1244.84,0.31,0.56,184.9
2015-04-21 03:00:00,9514800.0,1000.76,6.08,279.18,1.62,73.0,9.41,6.87,2.54,4.28,6.86,1245.25,0.61,0.8,52.31
2015-04-21 03:10:00,9515400.0,1000.78,5.77,278.87,1.44,73.6,9.21,6.78,2.43,4.22,6.77,1246.69,0.7,1.16,40.4
2015-04-21 03:20:00,9516000.0,1000.83,5.48,278.58,1.4,74.9,9.03,6.76,2.27,4.21,6.76,1248.05,0.84,1.24,57.24
2015-04-21 03:30:00,9516600.0,1000.91,5.31,278.39,1.42,75.9,8.92,6.77,2.15,4.22,6.76,1248.93,0.35,0.66,275.9
2015-04-21 03:40:00,9517200.0,1000.94,5.04,278.12,1.17,76.0,8.75,6.65,2.1,4.14,6.64,1250.24,0.19,0.48,292.1
2015-04-21 03:50:00,9517800.0,1000.96,4.92,278.0,1.04,75.9,8.68,6.59,2.09,4.1,6.58,1250.82,0.65,1.44,224.0
2015-04-21 04:00:00,9518400.0,1000.94,4.56,277.65,0.77,76.3,8.47,6.46,2.01,4.02,6.45,1252.46,1.16,1.72,216.5
2015-04-21 04:10:00,9519000.0,1000.87,4.26,277.35,0.78,78.0,8.29,6.46,1.82,4.03,6.46,1253.74,1.55,2.0,210.8
2015-04-21 04:20:00,9519600.0,1000.93,4.43,277.51,0.83,77.4,8.38,6.49,1.89,4.04,6.48,1253.06,1.59,2.24,229.6
2015-04-21 04:30:00,9520200.0,1000.95,4.39,277.47,0.71,76.9,8.36,6.43,1.93,4.01,6.42,1253.28,0.96,1.84,232.4
2015-04-21 04:40:00,9520800.0,1000.98,4.5,277.58,0.74,76.5,8.43,6.45,1.98,4.02,6.44,1252.8,2.06,2.72,223.7
2015-04-21 04:50:00,9521400.0,1000.99,3.85,276.93,0.44,78.3,8.05,6.3,1.75,3.93,6.3,1255.81,1.09,1.96,212.6
2015-04-21 05:00:00,9522000.0,1001.14,3.53,276.6,0.49,80.4,7.87,6.33,1.54,3.94,6.32,1257.46,0.8,1.56,190.1
2015-04-21 05:10:00,9522600.0,1001.16,3.46,276.53,0.49,80.8,7.83,6.33,1.5,3.94,6.32,1257.78,0.33,0.72,201.7
2015-04-21 05:20:00,9523200.0,1001.26,3.58,276.64,0.67,81.2,7.9,6.41,1.48,3.99,6.4,1257.35,1.05,1.8,195.9
2015-04-21 05:30:00,9523800.0,1001.28,3.61,276.67,0.6,80.6,7.92,6.38,1.54,3.97,6.37,1257.23,1.15,1.54,199.4
2015-04-21 05:40:00,9524400.0,1001.28,3.42,276.47,0.53,81.3,7.81,6.35,1.46,3.95,6.34,1258.14,1.34,1.88,207.3
2015-04-21 05:50:00,9525000.0,1001.29,3.76,276.81,0.71,80.4,8.0,6.43,1.57,4.0,6.42,1256.56,0.46,0.84,190.9
2015-04-21 06:00:00,9525600.0,1001.33,4.53,277.59,1.01,77.8,8.45,6.57,1.88,4.09,6.56,1253.02,0.29,0.64,198.4
2015-04-21 06:10:00,9526200.0,1001.46,5.31,278.35,1.2,74.7,8.92,6.66,2.26,4.15,6.65,1249.67,0.32,0.56,151.9
2015-04-21 06:20:00,9526800.0,1001.5,5.8,278.84,1.31,72.8,9.23,6.72,2.51,4.18,6.71,1247.49,0.29,0.64,147.2
2015-04-21 06:30:00,9527400.0,1001.34,5.65,278.7,1.26,73.3,9.13,6.69,2.44,4.17,6.68,1247.98,0.73,1.24,204.8
2015-04-21 06:40:00,9528000.0,1001.25,5.46,278.52,1.32,74.6,9.01,6.72,2.29,4.19,6.72,1248.7,1.08,1.52,172.7
2015-04-21 06:50:00,9528600.0,1001.49,5.65,278.69,1.32,73.6,9.13,6.72,2.41,4.19,6.71,1248.14,1.19,1.76,157.8
2015-04-21 07:00:00,9529200.0,1001.53,5.66,278.7,1.46,74.3,9.14,6.79,2.35,4.23,6.78,1248.12,0.9,1.64,176.1
2015-04-21 07:10:00,9529800.0,1001.52,6.04,279.08,1.59,73.0,9.39,6.85,2.53,4.27,6.84,1246.37,0.91,1.48,160.7
2015-04-21 07:20:00,9530400.0,1001.58,6.57,279.61,1.57,70.3,9.74,6.84,2.89,4.26,6.83,1244.08,1.25,1.84,150.1
2015-04-21 07:30:00,9531000.0,1001.46,6.85,279.9,1.69,69.54,9.93,6.9,3.02,4.3,6.89,1242.66,1.01,1.72,172.6
2015-04-21 07:40:00,9531600.0,1001.46,7.42,280.46,1.72,67.04,10.32,6.92,3.4,4.31,6.91,1240.14,1.29,2.2,161.1
2015-04-21 07:50:00,9532200.0,1001.51,7.75,280.79,1.95,66.64,10.56,7.03,3.52,4.38,7.02,1238.68,1.4,2.48,159.6
2015-04-21 08:00:00,9532800.0,1001.41,8.39,281.44,2.19,64.9,11.03,7.16,3.87,4.46,7.15,1235.7,1.28,1.92,171.9
2015-04-21 08:10:00,9533400.0,1001.33,9.31,282.36,2.41,61.94,11.74,7.27,4.47,4.53,7.26,1231.51,1.4,2.2,152.7
2015-04-21 08:20:00,9534000.0,1001.34,10.13,283.18,2.88,60.62,12.4,7.52,4.88,4.68,7.51,1227.85,1.24,2.02,158.5
2015-04-21 08:30:00,9534600.0,1001.32,11.04,284.09,3.15,58.15,13.18,7.66,5.52,4.77,7.65,1223.83,1.25,2.36,161.0
2015-04-21 08:40:00,9535200.0,1001.39,11.63,284.68,3.36,56.76,13.7,7.78,5.93,4.85,7.77,1221.33,1.36,2.16,143.1
2015-04-21 08:50:00,9535800.0,1001.4,12.01,285.06,3.49,55.86,14.05,7.85,6.2,4.89,7.84,1219.67,1.7,2.56,134.0
2015-04-21 09:00:00,9536400.0,1001.39,12.35,285.4,3.72,55.5,14.37,7.98,6.4,4.97,7.97,1218.15,1.21,2.16,88.0
2015-04-21 09:10:00,9537000.0,1001.33,13.36,286.41,3.67,51.78,15.36,7.95,7.4,4.95,7.94,1213.8,1.29,2.74,190.2
2015-04-21 09:20:00,9537600.0,1001.18,14.15,287.21,3.21,47.61,16.17,7.7,8.47,4.8,7.69,1210.39,1.87,4.0,254.1
2015-04-21 09:30:00,9538200.0,1001.21,14.53,287.59,2.09,42.87,16.57,7.1,9.47,4.42,7.09,1209.1,1.47,4.32,289.5
2015-04-21 09:40:00,9538800.0,1001.13,14.82,287.89,1.83,41.29,16.88,6.97,9.91,4.34,6.96,1207.84,2.11,4.04,259.7
2015-04-21 09:50:00,9539400.0,1001.1,14.95,288.02,2.1,41.76,17.02,7.11,9.91,4.43,7.1,1207.2,3.19,4.94,226.9
2015-04-21 10:00:00,9540000.0,1001.18,15.16,288.22,1.61,39.77,17.26,6.86,10.39,4.27,6.85,1206.54,1.95,3.92,286.6
2015-04-21 10:10:00,9540600.0,1001.19,15.58,288.64,1.77,39.16,17.73,6.94,10.79,4.32,6.93,1204.76,1.74,4.3,351.6
2015-04-21 10:20:00,9541200.0,1001.17,15.57,288.63,1.78,39.23,17.72,6.95,10.77,4.33,6.94,1204.77,2.02,4.46,307.0
2015-04-21 10:30:00,9541800.0,1001.18,15.92,288.98,2.09,39.2,18.12,7.1,11.02,4.42,7.09,1203.26,1.61,3.92,288.9
2015-04-21 10:40:00,9542400.0,1001.11,16.2,289.27,2.43,39.47,18.44,7.28,11.16,4.54,7.27,1201.93,2.3,4.56,282.0
2015-04-21 10:50:00,9543000.0,1001.06,16.39,289.46,2.18,38.3,18.67,7.15,11.52,4.45,7.14,1201.13,3.04,5.44,279.1
2015-04-21 11:00:00,9543600.0,1000.93,16.49,289.57,2.39,38.63,18.79,7.26,11.53,4.52,7.25,1200.51,2.1,4.14,310.8
2015-04-21 11:10:00,9544200.0,1000.87,16.65,289.74,2.31,38.02,18.98,7.22,11.76,4.5,7.21,1199.79,2.09,4.18,334.0
2015-04-21 11:20:00,9544800.0,1000.84,17.09,290.18,1.94,36.01,19.52,7.03,12.49,4.38,7.02,1198.02,2.55,5.24,290.7
2015-04-21 11:30:00,9545400.0,1000.79,17.28,290.37,2.02,35.79,19.75,7.07,12.68,4.41,7.06,1197.17,2.69,5.08,289.8
2015-04-21 11:40:00,9546000.0,1000.79,17.59,290.68,1.78,34.49,20.14,6.95,13.2,4.33,6.94,1195.94,2.62,5.16,306.3
2015-04-21 11:50:00,9546600.0,1000.69,17.84,290.94,1.82,34.05,20.46,6.97,13.5,4.34,6.96,1194.79,3.09,6.32,262.2
2015-04-21 12:00:00,9547200.0,1000.56,18.22,291.33,1.82,33.24,20.96,6.97,13.99,4.34,6.96,1193.08,1.93,4.44,273.0
2015-04-21 12:10:00,9547800.0,1000.43,18.51,291.63,1.03,30.83,21.34,6.58,14.76,4.1,6.58,1191.9,2.32,4.7,359.9
2015-04-21 12:20:00,9548400.0,1000.3,18.51,291.65,1.08,30.96,21.34,6.61,14.74,4.12,6.61,1191.74,2.64,6.2,340.9
2015-04-21 12:30:00,9549000.0,1000.14,18.74,291.89,0.94,30.21,21.65,6.54,15.11,4.08,6.54,1190.64,2.13,9.09,15.49
2015-04-21 12:40:00,9549600.0,1000.1,19.01,292.16,1.5,30.91,22.02,6.81,15.22,4.24,6.81,1189.37,2.58,5.64,291.7
2015-04-21 12:50:00,9550200.0,1000.01,19.16,292.32,1.99,31.73,22.23,7.05,15.18,4.4,7.05,1188.54,3.01,5.88,308.5
2015-04-21 13:00:00,9550800.0,999.89,19.33,292.5,2.34,32.2,22.47,7.23,15.23,4.51,7.23,1187.62,2.4,4.56,272.5
2015-04-21 13:10:00,9551400.0,999.65,19.62,292.81,1.25,29.23,22.87,6.69,16.19,4.17,6.69,1186.42,2.72,5.88,286.6
2015-04-21 13:20:00,9552000.0,999.57,20.13,293.33,0.35,26.54,23.61,6.27,17.34,3.91,6.27,1184.44,2.75,5.36,258.6
2015-04-21 13:30:00,9552600.0,999.52,20.2,293.4,0.32,26.36,23.71,6.25,17.46,3.9,6.25,1184.11,2.57,5.72,278.7
2015-04-21 13:40:00,9553200.0,999.45,20.24,293.45,0.84,27.32,23.77,6.49,17.28,4.05,6.5,1183.76,2.92,5.8,278.3
2015-04-21 13:50:00,9553800.0,999.37,20.29,293.5,0.73,27.01,23.84,6.44,17.4,4.02,6.44,1183.48,3.48,6.04,300.1
2015-04-21 14:00:00,9554400.0,999.28,20.51,293.73,1.18,27.53,24.17,6.65,17.52,4.15,6.66,1182.39,2.42,5.12,320.7
2015-04-21 14:10:00,9555000.0,999.28,20.39,293.61,1.11,27.6,23.99,6.62,17.37,4.13,6.63,1182.89,3.08,6.32,284.4
2015-04-21 14:20:00,9555600.0,999.18,20.39,293.62,1.07,27.51,23.99,6.6,17.39,4.12,6.61,1182.78,2.63,5.96,296.8
2015-04-21 14:30:00,9556200.0,999.07,20.52,293.76,1.04,27.24,24.18,6.59,17.6,4.11,6.59,1182.14,3.11,5.84,274.9
2015-04-21 14:40:00,9556800.0,998.96,20.51,293.76,1.12,27.41,24.17,6.62,17.54,4.14,6.63,1182.03,3.5,6.1,287.6
2015-04-21 14:50:00,9557400.0,998.82,20.53,293.79,1.21,27.55,24.2,6.67,17.53,4.16,6.67,1181.77,2.67,5.48,274.0
2015-04-21 15:00:00,9558000.0,998.84,20.61,293.87,1.18,27.36,24.32,6.65,17.67,4.15,6.66,1181.47,2.96,7.24,294.4
2015-04-21 15:10:00,9558600.0,998.78,20.45,293.71,1.14,27.55,24.08,6.63,17.45,4.14,6.64,1182.05,3.11,5.8,273.8
2015-04-21 15:20:00,9559200.0,998.69,20.47,293.74,0.92,27.08,24.11,6.53,17.58,4.08,6.54,1181.92,2.88,5.76,280.2
2015-04-21 15:30:00,9559800.0,998.66,20.66,293.93,0.5,25.96,24.39,6.33,18.06,3.95,6.34,1181.2,2.41,7.44,269.8
2015-04-21 15:40:00,9560400.0,998.66,20.7,293.97,0.3,25.52,24.45,6.24,18.21,3.9,6.25,1181.08,2.93,7.77,283.1
2015-04-21 15:50:00,9561000.0,998.6,20.54,293.82,0.42,26.01,24.21,6.3,17.92,3.93,6.31,1181.62,2.85,6.46,279.9
2015-04-21 16:00:00,9561600.0,998.56,20.5,293.78,0.48,26.19,24.15,6.33,17.83,3.95,6.34,1181.73,3.18,6.32,274.2
2015-04-21 16:10:00,9562200.0,998.55,20.57,293.85,0.63,26.35,24.26,6.39,17.87,3.99,6.4,1181.41,2.25,6.04,279.5
2015-04-21 16:20:00,9562800.0,998.53,20.52,293.8,0.69,26.56,24.18,6.42,17.76,4.01,6.43,1181.56,2.39,6.08,272.8
2015-04-21 16:30:00,9563400.0,998.48,20.37,293.66,0.51,26.45,23.96,6.34,17.62,3.96,6.35,1182.15,3.3,5.6,282.9
2015-04-21 16:40:00,9564000.0,998.35,20.15,293.45,0.38,26.57,23.64,6.28,17.36,3.92,6.29,1182.91,3.07,6.68,282.5
2015-04-21 16:50:00,9564600.0,998.32,19.97,293.27,0.2,26.51,23.38,6.2,17.18,3.87,6.21,1183.63,2.41,5.56,279.8
2015-04-21 17:00:00,9565200.0,998.23,19.98,293.29,0.09,26.28,23.39,6.15,17.24,3.84,6.16,1183.51,2.48,6.52,284.2
2015-04-21 17:10:00,9565800.0,998.21,19.83,293.14,-0.44,25.53,23.17,5.92,17.26,3.69,5.93,1184.2,2.38,5.32,302.1
2015-04-21 17:20:00,9566400.0,998.22,19.9,293.21,-0.48,25.34,23.28,5.9,17.38,3.68,5.91,1183.93,2.07,4.46,280.4
2015-04-21 17:30:00,9567000.0,998.28,20.1,293.4,-0.52,24.95,23.57,5.88,17.69,3.67,5.89,1183.21,2.64,6.04,285.1
2015-04-21 17:40:00,9567600.0,998.27,19.97,293.28,-0.59,25.02,23.38,5.85,17.53,3.65,5.86,1183.73,2.66,6.08,282.8
2015-04-21 17:50:00,9568200.0,998.24,19.78,293.09,-0.51,25.47,23.1,5.88,17.22,3.67,5.89,1184.44,2.32,5.4,275.0
2015-04-21 18:00:00,9568800.0,998.24,19.61,292.92,-0.54,25.68,22.86,5.87,16.99,3.67,5.88,1185.14,2.08,4.44,280.7
2015-04-21 18:10:00,9569400.0,998.22,19.31,292.62,-0.67,25.91,22.44,5.81,16.62,3.63,5.82,1186.36,2.0,4.04,276.7
2015-04-21 18:20:00,9570000.0,998.24,18.59,291.9,-0.86,26.74,21.45,5.74,15.72,3.58,5.75,1189.35,1.93,4.24,267.6
2015-04-21 18:30:00,9570600.0,998.33,18.17,291.47,-0.89,27.39,20.89,5.72,15.17,3.57,5.73,1191.18,2.27,4.04,271.4
2015-04-21 18:40:00,9571200.0,998.41,17.88,291.17,-0.86,27.95,20.52,5.73,14.78,3.58,5.74,1192.45,1.73,3.46,269.6
2015-04-21 18:50:00,9571800.0,998.48,17.58,290.87,-0.77,28.68,20.13,5.77,14.36,3.6,5.78,1193.75,1.55,3.04,268.5
2015-04-21 19:00:00,9572400.0,998.56,17.32,290.6,-0.73,29.23,19.8,5.79,14.02,3.61,5.8,1194.91,1.7,4.36,267.2
2015-04-21 19:10:00,9573000.0,998.57,16.98,290.26,-0.64,30.07,19.38,5.83,13.55,3.64,5.84,1196.3,0.98,1.88,257.9
2015-04-21 19:20:00,9573600.0,998.74,16.75,290.01,-0.55,30.72,19.1,5.87,13.23,3.66,5.88,1197.44,0.42,1.0,93.3
2015-04-21 19:30:00,9574200.0,998.88,16.42,289.67,-0.28,32.0,18.7,5.99,12.72,3.74,5.99,1198.91,0.68,2.04,303.1
2015-04-21 19:40:00,9574800.0,998.95,16.11,289.36,-0.12,33.01,18.34,6.05,12.28,3.78,6.06,1200.26,1.05,1.8,285.3
2015-04-21 19:50:00,9575400.0,998.95,15.82,289.07,-0.08,33.72,18.0,6.07,11.93,3.79,6.08,1201.45,1.79,4.04,266.5
2015-04-21 20:00:00,9576000.0,999.02,15.45,288.69,0.25,35.37,17.58,6.22,11.36,3.88,6.22,1203.01,1.81,2.88,254.8
2015-04-21 20:10:00,9576600.0,999.15,15.26,288.49,0.43,36.28,17.37,6.3,11.07,3.93,6.31,1203.92,1.91,3.04,261.6
2015-04-21 20:20:00,9577200.0,999.25,15.04,288.26,0.61,37.28,17.12,6.38,10.74,3.98,6.39,1204.92,1.26,3.04,233.9
2015-04-21 20:30:00,9577800.0,999.31,14.8,288.02,0.76,38.28,16.86,6.45,10.41,4.03,6.46,1205.97,1.92,3.04,243.4
2015-04-21 20:40:00,9578400.0,999.43,14.54,287.75,0.85,39.19,16.58,6.5,10.08,4.05,6.5,1207.18,1.69,2.56,243.6
2015-04-21 20:50:00,9579000.0,999.52,14.17,287.37,0.91,40.31,16.19,6.52,9.66,4.07,6.53,1208.84,1.19,2.08,247.8
2015-04-21 21:00:00,9579600.0,999.55,13.93,287.13,0.92,40.98,15.94,6.53,9.41,4.07,6.53,1209.88,1.3,1.92,238.2
2015-04-21 21:10:00,9580200.0,999.61,13.77,286.96,0.97,41.56,15.77,6.55,9.22,4.09,6.56,1210.62,1.51,2.28,248.4
2015-04-21 21:20:00,9580800.0,999.68,13.57,286.76,1.07,42.41,15.57,6.6,8.97,4.12,6.6,1211.52,1.71,2.64,251.1
2015-04-21 21:30:00,9581400.0,999.67,13.34,286.53,1.12,43.21,15.34,6.63,8.71,4.13,6.63,1212.48,1.62,2.52,250.8
2015-04-21 21:40:00,9582000.0,999.66,13.17,286.36,1.15,43.79,15.17,6.64,8.52,4.14,6.64,1213.17,1.33,2.0,235.2
2015-04-21 21:50:00,9582600.0,999.67,12.7,285.89,1.18,45.26,14.71,6.66,8.05,4.15,6.66,1215.18,1.29,1.88,227.1
2015-04-21 22:00:00,9583200.0,999.68,12.6,285.79,1.2,45.62,14.61,6.66,7.94,4.16,6.67,1215.61,1.72,2.44,242.7
2015-04-21 22:10:00,9583800.0,999.65,12.62,285.81,1.26,45.76,14.63,6.69,7.93,4.18,6.7,1215.47,1.88,3.08,252.4
2015-04-21 22:20:00,9584400.0,999.68,12.31,285.5,1.3,46.84,14.33,6.71,7.62,4.19,6.72,1216.82,1.01,1.64,244.8
2015-04-21 22:30:00,9585000.0,999.66,11.99,285.18,1.33,47.91,14.03,6.72,7.31,4.19,6.73,1218.16,1.03,2.04,245.6
2015-04-21 22:40:00,9585600.0,999.63,11.73,284.92,1.37,48.91,13.8,6.75,7.05,4.21,6.75,1219.22,0.31,0.72,197.2
2015-04-21 22:50:00,9586200.0,999.74,11.63,284.81,1.43,49.45,13.7,6.78,6.93,4.23,6.78,1219.77,0.48,1.0,237.2
2015-04-21 23:00:00,9586800.0,999.88,11.68,284.85,1.48,49.44,13.75,6.8,6.95,4.24,6.8,1219.72,0.44,0.88,354.3
2015-04-21 23:10:00,9587400.0,999.94,11.55,284.71,1.58,50.25,13.63,6.85,6.78,4.27,6.85,1220.32,0.91,1.8,34.22
2015-04-21 23:20:00,9588000.0,999.97,11.17,284.33,1.64,51.76,13.29,6.88,6.41,4.29,6.88,1221.97,0.64,1.22,234.5
2015-04-21 23:30:00,9588600.0,999.97,10.77,283.93,1.76,53.6,12.94,6.94,6.01,4.33,6.94,1223.67,0.74,1.32,225.8
2015-04-21 23:40:00,9589200.0,999.93,10.61,283.78,1.84,54.49,12.81,6.98,5.83,4.35,6.98,1224.3,0.35,1.04,29.82
2015-04-21 23:50:00,9589800.0,999.96,10.4,283.56,1.85,55.3,12.63,6.98,5.64,4.36,6.98,1225.23,0.35,0.64,296.8
2015-04-22 00:00:00,9590400.0,1000.1,10.31,283.46,1.96,56.06,12.55,7.04,5.52,4.39,7.04,1225.77,0.61,1.28,239.9
2015-04-22 00:10:00,9591000.0,1000.11,10.37,283.52,2.04,56.16,12.6,7.08,5.52,4.41,7.08,1225.51,1.23,1.56,247.6
2015-04-22 00:20:00,9591600.0,1000.03,9.99,283.15,1.98,57.37,12.29,7.05,5.24,4.4,7.05,1227.06,1.94,3.08,251.5
2015-04-22 00:30:00,9592200.0,999.9,9.87,283.04,2.04,58.1,12.19,7.08,5.11,4.42,7.08,1227.4,2.0,2.84,255.8
2015-04-22 00:40:00,9592800.0,999.8,9.96,283.14,2.1,58.0,12.26,7.11,5.15,4.44,7.11,1226.88,3.08,3.64,252.3
2015-04-22 00:50:00,9593400.0,999.72,9.75,282.93,1.71,57.18,12.09,6.91,5.18,4.31,6.91,1227.78,3.35,4.12,252.3
2015-04-22 01:00:00,9594000.0,999.61,9.48,282.67,1.47,57.24,11.87,6.8,5.08,4.24,6.8,1228.88,3.59,4.61,250.3
2015-04-22 01:10:00,9594600.0,999.47,9.34,282.54,1.49,57.86,11.76,6.8,4.96,4.25,6.81,1229.3,2.82,4.32,248.8
2015-04-22 01:20:00,9595200.0,999.32,9.09,282.3,1.44,58.63,11.56,6.78,4.78,4.23,6.78,1230.23,2.87,4.16,243.2
2015-04-22 01:30:00,9595800.0,999.36,8.99,282.2,1.39,58.84,11.49,6.76,4.73,4.22,6.76,1230.71,1.58,3.12,251.6
2015-04-22 01:40:00,9596400.0,999.35,8.86,282.07,1.43,59.51,11.38,6.77,4.61,4.23,6.78,1231.27,1.71,3.2,247.8
2015-04-22 01:50:00,9597000.0,999.17,8.7,281.93,1.48,60.37,11.26,6.8,4.46,4.24,6.8,1231.73,2.5,4.28,246.4
2015-04-22 02:00:00,9597600.0,999.07,8.57,281.81,1.49,60.96,11.16,6.8,4.36,4.25,6.81,1232.17,1.82,3.56,242.3
2015-04-22 02:10:00,9598200.0,999.28,8.28,281.5,1.44,61.94,10.95,6.78,4.17,4.23,6.78,1233.72,1.01,2.28,203.2
2015-04-22 02:20:00,9598800.0,999.41,7.92,281.13,1.42,63.4,10.68,6.77,3.91,4.22,6.78,1235.46,0.67,1.52,178.3
2015-04-22 02:30:00,9599400.0,999.44,7.64,280.84,1.36,64.33,10.48,6.74,3.74,4.21,6.74,1236.75,1.62,3.2,244.8
2015-04-22 02:40:00,9600000.0,999.41,7.49,280.7,1.4,65.17,10.37,6.76,3.61,4.22,6.76,1237.36,1.73,2.8,245.0
2015-04-22 02:50:00,9600600.0,999.44,7.02,280.23,1.34,67.05,10.04,6.73,3.31,4.2,6.74,1239.48,1.03,1.92,60.7
2015-04-22 03:00:00,9601200.0,999.45,6.36,279.56,1.23,69.63,9.59,6.68,2.91,4.17,6.68,1242.46,0.65,1.54,170.6
2015-04-22 03:10:00,9601800.0,999.39,6.21,279.41,1.2,70.2,9.49,6.66,2.83,4.16,6.67,1243.07,0.33,0.84,105.1
2015-04-22 03:20:00,9602400.0,999.34,5.74,278.95,1.02,71.6,9.19,6.58,2.61,4.11,6.58,1245.13,2.06,2.76,32.27
2015-04-22 03:30:00,9603000.0,999.34,5.6,278.81,1.07,72.5,9.1,6.6,2.5,4.12,6.6,1245.74,1.22,2.12,0.87
2015-04-22 03:40:00,9603600.0,999.34,5.66,278.87,1.14,72.6,9.14,6.63,2.5,4.14,6.64,1245.47,0.58,1.32,332.9
2015-04-22 03:50:00,9604200.0,999.17,5.54,278.76,1.08,72.9,9.06,6.61,2.46,4.12,6.61,1245.8,0.27,0.52,180.1
2015-04-22 04:00:00,9604800.0,999.2,5.37,278.59,1.16,74.2,8.95,6.64,2.31,4.15,6.65,1246.59,0.82,1.6,243.0
2015-04-22 04:10:00,9605400.0,999.33,5.41,278.62,1.2,74.2,8.98,6.66,2.32,4.16,6.67,1246.55,0.78,1.44,332.2
2015-04-22 04:20:00,9606000.0,999.36,5.45,278.66,1.22,74.1,9.01,6.67,2.33,4.16,6.68,1246.41,1.77,2.48,308.1
2015-04-22 04:30:00,9606600.0,999.5,5.13,278.33,1.3,76.2,8.81,6.71,2.1,4.19,6.71,1248.01,1.87,2.76,334.1
2015-04-22 04:40:00,9607200.0,999.67,4.7,277.89,1.26,78.3,8.55,6.69,1.86,4.18,6.7,1250.13,1.62,2.32,324.6
2015-04-22 04:50:00,9607800.0,999.62,4.52,277.71,1.31,79.6,8.44,6.72,1.72,4.19,6.72,1250.89,2.05,2.64,308.3
2015-04-22 05:00:00,9608400.0,999.55,4.39,277.58,1.39,80.8,8.36,6.76,1.61,4.22,6.76,1251.38,1.19,2.08,350.6
2015-04-22 05:10:00,9609000.0,999.55,4.2,277.4,1.35,81.6,8.25,6.74,1.52,4.2,6.74,1252.21,0.68,1.36,15.18
2015-04-22 05:20:00,9609600.0,999.48,4.02,277.22,1.32,82.5,8.15,6.72,1.43,4.19,6.72,1252.98,0.76,1.32,249.5
2015-04-22 05:30:00,9610200.0,999.6,3.97,277.16,1.39,83.2,8.12,6.75,1.36,4.21,6.76,1253.33,0.7,1.16,309.8
2015-04-22 05:40:00,9610800.0,999.71,4.11,277.29,1.03,80.3,8.2,6.58,1.62,4.11,6.59,1252.91,0.89,1.44,329.0
2015-04-22 05:50:00,9611400.0,999.73,4.34,277.52,1.28,80.4,8.34,6.7,1.63,4.18,6.7,1251.82,1.11,1.56,307.2
2015-04-22 06:00:00,9612000.0,999.79,4.27,277.45,1.65,83.0,8.29,6.88,1.41,4.29,6.89,1252.13,0.65,1.28,334.4
2015-04-22 06:10:00,9612600.0,999.84,4.25,277.42,1.8,84.0,8.28,6.96,1.32,4.34,6.96,1252.27,0.82,1.48,276.1
2015-04-22 06:20:00,9613200.0,999.93,4.26,277.42,1.86,84.3,8.29,6.99,1.3,4.36,6.99,1252.32,1.19,2.32,295.4
2015-04-22 06:30:00,9613800.0,999.93,4.21,277.38,1.84,84.5,8.26,6.98,1.28,4.35,6.98,1252.54,1.05,2.16,269.1
2015-04-22 06:40:00,9614400.0,999.94,4.24,277.4,1.88,84.6,8.27,7.0,1.27,4.37,7.0,1252.43,1.21,2.52,264.8
2015-04-22 06:50:00,9615000.0,1000.0,4.27,277.43,1.86,84.3,8.29,6.99,1.3,4.36,6.99,1252.37,1.11,1.9,271.7
2015-04-22 07:00:00,9615600.0,1000.06,4.32,277.48,1.8,83.6,8.32,6.96,1.36,4.34,6.96,1252.21,1.1,1.76,260.5
2015-04-22 07:10:00,9616200.0,999.96,4.36,277.53,1.79,83.3,8.35,6.95,1.39,4.34,6.95,1251.9,1.21,2.2,244.7
2015-04-22 07:20:00,9616800.0,999.72,4.34,277.52,1.8,83.5,8.33,6.96,1.37,4.34,6.96,1251.72,1.59,2.36,221.3
2015-04-22 07:30:00,9617400.0,999.66,4.34,277.53,1.87,83.9,8.33,6.99,1.34,4.36,6.99,1251.61,1.78,2.4,224.5
2015-04-22 07:40:00,9618000.0,999.68,4.49,277.68,1.88,83.1,8.42,7.0,1.42,4.37,7.0,1250.96,0.96,1.48,233.2
2015-04-22 07:50:00,9618600.0,999.75,4.68,277.85,1.88,82.0,8.53,7.0,1.54,4.36,7.0,1250.21,1.0,1.52,230.5
2015-04-22 08:00:00,9619200.0,999.59,4.72,277.91,1.96,82.2,8.56,7.04,1.52,4.39,7.04,1249.78,1.79,2.62,230.3
2015-04-22 08:10:00,9619800.0,999.39,4.8,278.01,1.97,81.8,8.61,7.04,1.57,4.39,7.05,1249.16,1.87,2.74,224.1
2015-04-22 08:20:00,9620400.0,999.63,4.93,278.12,1.87,80.5,8.68,6.99,1.69,4.36,6.99,1248.93,1.35,2.04,231.4
2015-04-22 08:30:00,9621000.0,999.72,5.16,278.35,1.94,79.6,8.83,7.03,1.8,4.38,7.03,1247.96,0.96,1.74,216.9
2015-04-22 08:40:00,9621600.0,999.65,5.2,278.39,1.78,78.5,8.85,6.95,1.9,4.33,6.95,1247.76,1.63,2.16,209.8
2015-04-22 08:50:00,9622200.0,999.58,5.25,278.44,1.8,78.3,8.88,6.96,1.93,4.34,6.96,1247.44,1.71,2.76,219.1
2015-04-22 09:00:00,9622800.0,999.67,5.45,278.63,1.72,76.8,9.01,6.92,2.09,4.31,6.92,1246.69,1.46,2.16,212.9
2015-04-22 09:10:00,9623400.0,999.7,5.66,278.85,1.83,76.3,9.14,6.97,2.17,4.35,6.98,1245.73,0.97,1.76,227.3
2015-04-22 09:20:00,9624000.0,999.63,5.88,279.07,1.93,75.7,9.28,7.02,2.25,4.38,7.03,1244.66,0.99,1.84,258.5
2015-04-22 09:30:00,9624600.0,999.59,5.94,279.14,1.89,75.1,9.32,7.0,2.32,4.37,7.0,1244.32,0.81,1.8,306.6
2015-04-22 09:40:00,9625200.0,999.5,5.9,279.1,1.73,74.5,9.3,6.92,2.37,4.32,6.93,1244.43,1.11,2.36,281.5
2015-04-22 09:50:00,9625800.0,999.51,6.1,279.3,1.74,73.5,9.42,6.93,2.5,4.32,6.93,1243.55,0.86,2.12,338.4
2015-04-22 10:00:00,9626400.0,999.57,6.05,279.25,1.46,72.3,9.39,6.79,2.6,4.24,6.79,1243.92,1.31,2.24,17.93
2015-04-22 10:10:00,9627000.0,999.57,5.99,279.19,1.63,73.5,9.35,6.88,2.48,4.29,6.88,1244.13,1.28,2.08,21.18
2015-04-22 10:20:00,9627600.0,999.47,6.13,279.33,1.62,72.7,9.44,6.87,2.58,4.28,6.87,1243.4,1.05,1.92,279.6
2015-04-22 10:30:00,9628200.0,999.34,6.33,279.54,1.61,71.7,9.57,6.86,2.71,4.28,6.87,1242.36,0.78,1.44,284.8
2015-04-22 10:40:00,9628800.0,999.07,6.69,279.92,1.55,69.63,9.82,6.83,2.98,4.27,6.84,1240.45,1.41,2.68,189.3
2015-04-22 10:50:00,9629400.0,998.82,7.19,280.44,1.51,67.06,10.16,6.81,3.35,4.25,6.82,1237.93,2.07,3.24,185.6
2015-04-22 11:00:00,9630000.0,998.76,7.24,280.5,1.53,66.93,10.19,6.82,3.37,4.26,6.83,1237.62,1.61,2.54,226.6
2015-04-22 11:10:00,9630600.0,998.54,7.11,280.39,1.42,67.02,10.1,6.77,3.33,4.23,6.78,1237.95,2.38,4.4,220.1
2015-04-22 11:20:00,9631200.0,998.48,7.71,280.99,1.45,64.45,10.53,6.79,3.74,4.24,6.8,1235.23,1.06,2.64,271.6
2015-04-22 11:30:00,9631800.0,998.41,7.94,281.23,1.34,62.94,10.69,6.73,3.96,4.2,6.74,1234.15,2.13,3.84,284.0
2015-04-22 11:40:00,9632400.0,998.44,7.98,281.27,1.41,63.09,10.72,6.77,3.96,4.23,6.78,1234.0,1.35,3.44,307.6
2015-04-22 11:50:00,9633000.0,998.4,8.07,281.36,1.47,62.97,10.79,6.79,4.0,4.24,6.81,1233.54,1.46,3.46,290.8
2015-04-22 12:00:00,9633600.0,998.32,7.8,281.1,1.3,63.36,10.59,6.71,3.88,4.19,6.72,1234.66,1.85,4.36,298.5
2015-04-22 12:10:00,9634200.0,998.1,7.9,281.21,1.35,63.17,10.67,6.74,3.93,4.21,6.75,1233.94,0.89,2.74,308.7
2015-04-22 12:20:00,9634800.0,998.09,7.87,281.18,1.36,63.35,10.64,6.74,3.9,4.21,6.76,1234.05,1.41,2.92,344.8
2015-04-22 12:30:00,9635400.0,998.04,7.83,281.15,1.33,63.37,10.61,6.73,3.89,4.2,6.74,1234.18,1.05,2.92,283.4
2015-04-22 12:40:00,9636000.0,997.92,7.94,281.27,1.37,63.1,10.69,6.75,3.95,4.22,6.76,1233.53,1.24,2.6,309.0
2015-04-22 12:50:00,9636600.0,997.83,8.25,281.58,1.48,62.25,10.92,6.8,4.12,4.25,6.81,1232.05,0.98,1.84,280.4
2015-04-22 13:00:00,9637200.0,997.84,8.15,281.48,1.42,62.4,10.85,6.77,4.08,4.23,6.78,1232.51,1.29,2.62,292.2
2015-04-22 13:10:00,9637800.0,997.84,8.21,281.54,1.33,61.75,10.89,6.73,4.17,4.2,6.74,1232.26,0.88,2.52,339.3
2015-04-22 13:20:00,9638400.0,997.84,8.31,281.64,1.13,60.47,10.97,6.63,4.34,4.14,6.65,1231.87,1.02,2.36,272.5
2015-04-22 13:30:00,9639000.0,997.83,8.39,281.73,1.27,60.72,11.03,6.7,4.33,4.18,6.71,1231.48,0.98,2.44,4.71
2015-04-22 13:40:00,9639600.0,997.83,8.3,281.63,1.2,60.79,10.96,6.66,4.3,4.16,6.68,1231.89,0.89,1.84,348.7
2015-04-22 13:50:00,9640200.0,997.84,8.26,281.59,1.37,61.72,10.93,6.75,4.18,4.22,6.76,1232.03,0.78,2.24,7.05
2015-04-22 14:00:00,9640800.0,997.84,8.11,281.44,1.82,64.42,10.82,6.97,3.85,4.36,6.98,1232.58,0.79,1.56,262.6
2015-04-22 14:10:00,9641400.0,997.89,7.71,281.04,2.05,67.29,10.53,7.08,3.44,4.43,7.1,1234.36,1.13,2.72,341.5
2015-04-22 14:20:00,9642000.0,997.96,7.35,280.67,2.28,70.1,10.27,7.2,3.07,4.5,7.21,1235.97,1.21,2.04,12.85
2015-04-22 14:30:00,9642600.0,997.94,7.19,280.52,2.58,72.4,10.16,7.36,2.8,4.6,7.37,1236.58,1.34,2.0,319.9
2015-04-22 14:40:00,9643200.0,997.84,7.24,280.57,3.27,75.8,10.19,7.73,2.47,4.83,7.74,1236.06,1.53,2.76,256.7
2015-04-22 14:50:00,9643800.0,997.84,7.41,280.74,3.77,77.6,10.31,8.0,2.31,5.0,8.02,1235.18,1.32,2.48,261.1
2015-04-22 15:00:00,9644400.0,997.84,7.72,281.05,3.83,76.3,10.53,8.04,2.5,5.03,8.06,1233.8,1.8,3.24,258.1
2015-04-22 15:10:00,9645000.0,997.83,7.46,280.79,3.67,76.8,10.35,7.95,2.4,4.97,7.97,1234.98,1.57,2.56,268.8
2015-04-22 15:20:00,9645600.0,997.84,7.22,280.55,3.23,75.7,10.18,7.71,2.47,4.82,7.72,1236.15,1.6,3.52,23.12
2015-04-22 15:30:00,9646200.0,997.82,6.97,280.31,2.81,74.7,10.01,7.48,2.53,4.67,7.49,1237.33,2.41,3.72,29.77
2015-04-22 15:40:00,9646800.0,997.73,7.09,280.43,2.99,75.1,10.09,7.58,2.51,4.74,7.59,1236.65,1.33,2.98,11.82
2015-04-22 15:50:00,9647400.0,997.62,8.01,281.36,3.23,71.7,10.75,7.7,3.04,4.82,7.72,1232.41,1.24,2.96,288.3
2015-04-22 16:00:00,9648000.0,997.56,8.3,281.66,2.92,68.8,10.96,7.54,3.42,4.72,7.56,1231.14,1.28,2.88,274.5
2015-04-22 16:10:00,9648600.0,997.47,8.84,282.2,3.08,67.07,11.37,7.63,3.74,4.77,7.64,1228.64,1.12,2.16,30.26
2015-04-22 16:20:00,9649200.0,997.32,8.93,282.31,2.73,65.0,11.44,7.44,4.0,4.65,7.46,1228.15,1.14,2.04,116.5
2015-04-22 16:30:00,9649800.0,997.21,8.82,282.21,2.96,66.6,11.35,7.56,3.79,4.73,7.58,1228.43,1.6,2.72,148.0
2015-04-22 16:40:00,9650400.0,997.25,8.28,281.66,2.83,68.45,10.95,7.49,3.45,4.69,7.51,1230.87,1.89,3.0,88.8
2015-04-22 16:50:00,9651000.0,997.19,8.28,281.67,3.0,69.24,10.95,7.58,3.37,4.74,7.6,1230.75,1.7,2.8,126.8
2015-04-22 17:00:00,9651600.0,997.13,8.48,281.87,2.76,67.16,11.09,7.45,3.64,4.66,7.47,1229.87,1.21,2.2,157.8
2015-04-22 17:10:00,9652200.0,997.07,8.64,282.04,3.09,68.0,11.22,7.63,3.59,4.77,7.65,1229.01,1.34,2.74,72.1
2015-04-22 17:20:00,9652800.0,996.98,8.68,282.08,2.84,66.63,11.25,7.49,3.75,4.69,7.52,1228.79,1.09,2.0,98.8
2015-04-22 17:30:00,9653400.0,996.92,8.63,282.04,2.1,63.41,11.21,7.11,4.1,4.45,7.13,1229.11,2.22,3.68,40.49
2015-04-22 17:40:00,9654000.0,996.77,8.5,281.92,2.08,63.9,11.11,7.1,4.01,4.44,7.12,1229.5,2.02,3.4,27.69
2015-04-22 17:50:00,9654600.0,996.68,8.68,282.11,2.45,64.81,11.25,7.29,3.96,4.56,7.31,1228.51,1.61,2.64,7.95
2015-04-22 18:00:00,9655200.0,996.56,8.65,282.09,2.55,65.42,11.22,7.34,3.88,4.6,7.37,1228.47,1.85,2.8,13.15
2015-04-22 18:10:00,9655800.0,996.49,8.45,281.89,2.84,67.67,11.07,7.49,3.58,4.69,7.52,1229.18,1.11,2.56,30.97
2015-04-22 18:20:00,9656400.0,996.49,8.38,281.82,2.94,68.51,11.02,7.55,3.47,4.73,7.58,1229.46,1.41,3.2,27.76
2015-04-22 18:30:00,9657000.0,996.54,8.28,281.72,2.97,69.1,10.95,7.56,3.38,4.73,7.59,1229.96,0.9,2.76,322.8
2015-04-22 18:40:00,9657600.0,996.46,8.33,281.78,3.07,69.36,10.98,7.62,3.36,4.77,7.64,1229.61,0.96,1.8,247.3
2015-04-22 18:50:00,9658200.0,996.4,8.38,281.83,2.99,68.73,11.02,7.57,3.45,4.74,7.6,1229.34,0.71,1.4,219.3
2015-04-22 19:00:00,9658800.0,996.43,8.34,281.79,2.73,67.68,10.99,7.44,3.55,4.66,7.46,1229.62,0.74,1.68,206.4
2015-04-22 19:10:00,9659400.0,996.46,8.43,281.88,2.74,67.3,11.06,7.44,3.62,4.66,7.47,1229.26,0.38,1.0,197.0
2015-04-22 19:20:00,9660000.0,996.6,8.22,281.65,2.73,68.23,10.9,7.44,3.46,4.65,7.46,1230.35,0.88,2.12,28.61
2015-04-22 19:30:00,9660600.0,996.62,8.03,281.46,2.88,69.87,10.76,7.52,3.24,4.71,7.54,1231.18,1.03,1.76,344.0
2015-04-22 19:40:00,9661200.0,996.69,7.98,281.41,2.96,70.5,10.72,7.56,3.16,4.73,7.59,1231.46,0.54,1.08,360.0
2015-04-22 19:50:00,9661800.0,996.68,7.89,281.32,2.94,70.8,10.66,7.55,3.11,4.72,7.57,1231.84,0.84,1.98,10.43
2015-04-22 20:00:00,9662400.0,996.74,7.76,281.18,3.05,72.0,10.56,7.61,2.96,4.76,7.63,1232.47,1.75,2.42,44.62
2015-04-22 20:10:00,9663000.0,996.66,7.52,280.95,3.6,76.1,10.39,7.91,2.48,4.95,7.93,1233.28,1.19,1.68,78.0
2015-04-22 20:20:00,9663600.0,996.74,7.34,280.76,3.73,77.8,10.26,7.99,2.28,5.0,8.01,1234.12,1.08,2.28,106.3
2015-04-22 20:30:00,9664200.0,996.59,7.17,280.6,3.77,78.9,10.15,8.0,2.14,5.01,8.03,1234.69,0.69,1.8,120.0
2015-04-22 20:40:00,9664800.0,996.62,6.95,280.39,3.74,79.9,10.0,7.99,2.01,5.0,8.01,1235.68,0.68,1.4,100.5
2015-04-22 20:50:00,9665400.0,996.49,6.78,280.22,3.67,80.5,9.88,7.95,1.93,4.98,7.98,1236.32,1.08,1.64,345.2
2015-04-22 21:00:00,9666000.0,996.48,6.73,280.17,3.35,79.0,9.84,7.77,2.07,4.87,7.8,1236.61,1.19,1.72,332.4
2015-04-22 21:10:00,9666600.0,996.38,6.5,279.95,2.97,78.1,9.69,7.57,2.12,4.74,7.59,1237.6,0.57,1.28,322.2
2015-04-22 21:20:00,9667200.0,996.31,6.33,279.79,3.06,79.5,9.58,7.61,1.96,4.77,7.64,1238.21,1.23,1.72,333.2
2015-04-22 21:30:00,9667800.0,996.21,6.47,279.93,3.06,78.8,9.66,7.62,2.05,4.77,7.64,1237.51,1.17,1.64,332.6
2015-04-22 21:40:00,9668400.0,996.21,5.96,279.42,2.77,79.9,9.33,7.46,1.88,4.67,7.49,1239.81,0.38,0.68,57.82
2015-04-22 21:50:00,9669000.0,996.26,5.53,278.99,2.9,83.1,9.06,7.53,1.53,4.71,7.55,1241.78,0.62,0.92,26.82
2015-04-22 22:00:00,9669600.0,996.37,5.34,278.79,2.87,84.0,8.94,7.51,1.43,4.7,7.54,1242.75,0.63,0.96,90.9
2015-04-22 22:10:00,9670200.0,996.4,5.06,278.51,2.71,84.7,8.77,7.43,1.34,4.65,7.45,1244.07,0.51,0.92,240.6
2015-04-22 22:20:00,9670800.0,996.35,5.1,278.56,2.85,85.3,8.79,7.5,1.29,4.7,7.53,1243.79,0.54,0.86,292.6
2015-04-22 22:30:00,9671400.0,996.33,5.01,278.46,2.67,84.8,8.73,7.41,1.33,4.64,7.43,1244.24,0.92,1.38,48.18
2015-04-22 22:40:00,9672000.0,996.4,4.58,278.03,2.4,85.7,8.48,7.26,1.21,4.55,7.29,1246.32,0.41,0.74,286.2
2015-04-22 22:50:00,9672600.0,996.28,4.41,277.87,2.33,86.3,8.38,7.23,1.15,4.53,7.26,1246.93,0.56,0.8,58.18
2015-04-22 23:00:00,9673200.0,996.28,4.12,277.58,2.24,87.5,8.21,7.18,1.03,4.5,7.21,1248.26,0.51,0.88,56.42
2015-04-22 23:10:00,9673800.0,996.27,3.98,277.43,2.11,87.6,8.12,7.12,1.01,4.45,7.14,1248.94,0.37,1.92,249.4
2015-04-22 23:20:00,9674400.0,996.3,3.84,277.3,2.16,88.7,8.05,7.14,0.91,4.47,7.16,1249.55,1.56,2.66,245.2
2015-04-22 23:30:00,9675000.0,996.45,3.82,277.26,2.1,88.5,8.03,7.11,0.92,4.45,7.14,1249.86,1.72,2.24,230.1
2015-04-22 23:40:00,9675600.0,996.35,3.61,277.06,1.93,88.7,7.92,7.02,0.89,4.4,7.05,1250.71,2.1,2.68,238.1
2015-04-22 23:50:00,9676200.0,996.23,3.47,276.93,1.9,89.4,7.84,7.01,0.83,4.39,7.03,1251.22,1.49,1.96,238.3
2015-04-23 00:00:00,9676800.0,996.23,3.34,276.8,1.82,89.7,7.77,6.97,0.8,4.36,6.99,1251.83,1.1,1.56,232.4
2015-04-23 00:10:00,9677400.0,996.18,3.17,276.64,1.78,90.5,7.68,6.95,0.73,4.35,6.97,1252.53,1.49,2.16,237.9
2015-04-23 00:20:00,9678000.0,996.25,3.06,276.52,1.71,90.8,7.61,6.91,0.7,4.33,6.94,1253.13,1.75,2.12,236.1
2015-04-23 00:30:00,9678600.0,996.13,3.0,276.47,1.71,91.2,7.58,6.91,0.67,4.33,6.94,1253.27,1.41,1.92,244.8
2015-04-23 00:40:00,9679200.0,996.1,3.0,276.46,1.75,91.5,7.58,6.93,0.64,4.34,6.96,1253.24,1.36,1.76,239.3
2015-04-23 00:50:00,9679800.0,996.12,2.79,276.26,1.49,91.1,7.47,6.8,0.66,4.26,6.83,1254.26,1.21,1.72,223.0
2015-04-23 01:00:00,9680400.0,996.13,2.47,275.93,1.24,91.6,7.3,6.69,0.61,4.18,6.71,1255.8,1.51,2.2,211.2
2015-04-23 01:10:00,9681000.0,996.09,2.16,275.62,1.03,92.2,7.14,6.58,0.56,4.12,6.61,1257.22,0.8,1.08,190.4
2015-04-23 01:20:00,9681600.0,995.93,1.9,275.38,0.82,92.5,7.01,6.48,0.53,4.06,6.51,1258.24,0.55,1.12,201.5
2015-04-23 01:30:00,9682200.0,995.76,1.78,275.28,0.7,92.5,6.95,6.43,0.52,4.02,6.45,1258.59,0.37,0.68,98.0
2015-04-23 01:40:00,9682800.0,995.7,1.46,274.96,0.32,92.1,6.79,6.25,0.54,3.91,6.28,1260.08,0.46,0.96,137.3
2015-04-23 01:50:00,9683400.0,995.71,1.02,274.52,0.01,92.9,6.58,6.11,0.47,3.83,6.14,1262.16,0.37,0.84,112.9
2015-04-23 02:00:00,9684000.0,995.53,0.92,274.43,0.06,94.0,6.53,6.14,0.39,3.84,6.16,1262.4,0.4,0.64,157.2
2015-04-23 02:10:00,9684600.0,995.51,0.69,274.21,-0.11,94.3,6.42,6.06,0.37,3.79,6.08,1263.45,0.71,1.4,190.1
2015-04-23 02:20:00,9685200.0,995.43,0.57,274.09,-0.17,94.8,6.36,6.03,0.33,3.78,6.06,1263.94,0.97,1.64,186.8
2015-04-23 02:30:00,9685800.0,995.3,0.6,274.12,-0.07,95.3,6.38,6.08,0.3,3.81,6.11,1263.62,1.22,1.6,201.6
2015-04-23 02:40:00,9686400.0,995.27,0.57,274.11,0.0,95.9,6.37,6.11,0.26,3.83,6.14,1263.66,1.18,1.64,206.6
2015-04-23 02:50:00,9687000.0,995.16,0.61,274.15,0.09,96.3,6.38,6.15,0.24,3.85,6.18,1263.35,1.35,1.76,217.5
2015-04-23 03:00:00,9687600.0,995.0,0.69,274.24,0.21,96.6,6.42,6.2,0.22,3.89,6.23,1262.77,1.01,1.4,219.8
2015-04-23 03:10:00,9688200.0,994.86,0.7,274.26,0.25,96.8,6.42,6.22,0.21,3.9,6.25,1262.53,1.33,1.76,224.4
2015-04-23 03:20:00,9688800.0,994.72,0.75,274.32,0.34,97.1,6.45,6.26,0.19,3.92,6.29,1262.1,1.07,1.6,224.2
2015-04-23 03:30:00,9689400.0,994.65,0.73,274.31,0.33,97.1,6.44,6.26,0.19,3.92,6.29,1262.07,1.02,1.4,224.6
2015-04-23 03:40:00,9690000.0,994.65,0.75,274.33,0.38,97.3,6.45,6.28,0.17,3.93,6.31,1261.97,0.8,1.32,215.6
2015-04-23 03:50:00,9690600.0,994.59,0.72,274.31,0.36,97.4,6.44,6.27,0.17,3.93,6.3,1262.05,1.19,1.64,224.4
2015-04-23 04:00:00,9691200.0,994.47,0.64,274.24,0.28,97.4,6.4,6.23,0.17,3.91,6.27,1262.27,1.28,1.68,237.9
2015-04-23 04:10:00,9691800.0,994.53,0.63,274.22,0.29,97.6,6.39,6.24,0.15,3.91,6.27,1262.42,1.32,1.92,220.3
2015-04-23 04:20:00,9692400.0,994.54,0.58,274.17,0.26,97.7,6.37,6.22,0.15,3.9,6.26,1262.66,1.86,2.32,224.2
2015-04-23 04:30:00,9693000.0,994.53,0.69,274.28,0.4,97.9,6.42,6.29,0.13,3.94,6.32,1262.11,1.66,2.28,222.3
2015-04-23 04:40:00,9693600.0,994.41,0.85,274.45,0.57,98.0,6.5,6.37,0.13,3.99,6.4,1261.17,1.22,1.8,215.9
2015-04-23 04:50:00,9694200.0,994.26,0.95,274.56,0.69,98.1,6.55,6.42,0.12,4.03,6.46,1260.49,0.94,1.48,223.8
2015-04-23 05:00:00,9694800.0,994.22,0.92,274.53,0.62,97.9,6.53,6.39,0.14,4.01,6.43,1260.61,1.25,1.72,229.7
2015-04-23 05:10:00,9695400.0,994.22,0.81,274.42,0.52,97.9,6.48,6.34,0.14,3.98,6.38,1261.13,1.31,1.68,233.4
2015-04-23 05:20:00,9696000.0,994.15,0.71,274.33,0.42,97.9,6.43,6.3,0.14,3.95,6.33,1261.53,1.43,1.92,228.9
2015-04-23 05:30:00,9696600.0,994.11,0.6,274.22,0.32,98.0,6.38,6.25,0.13,3.92,6.29,1262.0,1.35,1.92,230.1
2015-04-23 05:40:00,9697200.0,994.17,0.67,274.28,0.4,98.1,6.41,6.29,0.12,3.94,6.33,1261.76,1.48,2.4,218.4
2015-04-23 05:50:00,9697800.0,994.29,0.72,274.33,0.47,98.2,6.44,6.32,0.12,3.96,6.36,1261.64,1.08,1.96,212.0
2015-04-23 06:00:00,9698400.0,994.34,0.67,274.27,0.4,98.1,6.41,6.29,0.12,3.94,6.32,1261.97,1.43,2.32,216.2
2015-04-23 06:10:00,9699000.0,994.41,0.66,274.26,0.41,98.2,6.41,6.29,0.12,3.95,6.33,1262.06,1.46,2.44,206.6
2015-04-23 06:20:00,9699600.0,994.47,0.83,274.42,0.61,98.4,6.49,6.38,0.1,4.0,6.42,1261.35,1.17,2.36,178.7
2015-04-23 06:30:00,9700200.0,994.41,0.82,274.42,0.57,98.2,6.48,6.37,0.12,3.99,6.4,1261.29,1.55,2.32,202.1
2015-04-23 06:40:00,9700800.0,994.41,0.86,274.46,0.62,98.3,6.5,6.39,0.11,4.01,6.43,1261.14,1.17,2.24,196.0
2015-04-23 06:50:00,9701400.0,994.29,1.03,274.64,0.81,98.4,6.58,6.48,0.11,4.06,6.51,1260.14,1.84,2.88,165.8
2015-04-23 07:00:00,9702000.0,994.27,0.9,274.51,0.63,98.1,6.52,6.4,0.12,4.01,6.43,1260.77,1.53,2.56,152.9
2015-04-23 07:10:00,9702600.0,994.28,1.1,274.71,0.88,98.4,6.62,6.51,0.11,4.08,6.55,1259.8,0.99,2.0,135.8
2015-04-23 07:20:00,9703200.0,994.3,1.15,274.75,0.89,98.2,6.64,6.52,0.12,4.09,6.56,1259.61,1.26,2.24,163.1
2015-04-23 07:30:00,9703800.0,994.28,1.28,274.89,1.04,98.3,6.7,6.59,0.11,4.13,6.63,1258.93,1.27,2.32,155.2
2015-04-23 07:40:00,9704400.0,994.24,1.31,274.92,1.04,98.1,6.71,6.59,0.13,4.13,6.62,1258.76,1.34,2.32,181.5
2015-04-23 07:50:00,9705000.0,994.26,1.46,275.08,1.24,98.4,6.79,6.68,0.11,4.19,6.72,1258.01,1.27,2.24,167.5
2015-04-23 08:00:00,9705600.0,994.17,1.72,275.34,1.5,98.4,6.92,6.81,0.11,4.27,6.85,1256.65,1.64,3.2,165.6
2015-04-23 08:10:00,9706200.0,994.13,1.77,275.39,1.52,98.2,6.94,6.82,0.12,4.28,6.86,1256.39,1.59,3.0,184.5
2015-04-23 08:20:00,9706800.0,994.15,2.0,275.62,1.77,98.4,7.06,6.94,0.11,4.36,6.99,1255.31,1.19,2.36,196.6
2015-04-23 08:30:00,9707400.0,994.19,2.34,275.96,2.11,98.4,7.23,7.11,0.12,4.46,7.16,1253.74,1.25,2.0,166.0
2015-04-23 08:40:00,9708000.0,994.16,2.59,276.21,2.33,98.2,7.36,7.23,0.13,4.54,7.27,1252.5,2.08,3.36,156.0
2015-04-23 08:50:00,9708600.0,994.18,2.64,276.26,2.34,97.9,7.39,7.23,0.16,4.54,7.28,1252.3,2.12,3.0,149.9
2015-04-23 09:00:00,9709200.0,994.18,2.87,276.49,2.56,97.8,7.51,7.35,0.17,4.61,7.39,1251.19,1.89,2.68,147.6
2015-04-23 09:10:00,9709800.0,994.08,3.49,277.12,3.18,97.8,7.85,7.68,0.17,4.82,7.72,1248.09,1.23,2.26,150.8
2015-04-23 09:20:00,9710400.0,993.87,4.05,277.7,3.65,97.2,8.17,7.94,0.23,4.98,7.99,1245.18,1.87,2.88,154.8
2015-04-23 09:30:00,9711000.0,993.73,4.54,278.2,4.09,96.9,8.45,8.19,0.26,5.14,8.24,1242.72,1.98,3.72,156.9
2015-04-23 09:40:00,9711600.0,993.57,5.34,279.01,4.91,97.1,8.94,8.68,0.26,5.45,8.73,1238.72,1.39,2.36,154.8
2015-04-23 09:50:00,9712200.0,993.54,6.37,280.04,6.01,97.6,9.6,9.37,0.23,5.89,9.43,1233.8,1.33,2.36,167.2
2015-04-23 10:00:00,9712800.0,993.49,7.39,281.07,7.11,98.1,10.3,10.1,0.2,6.35,10.17,1228.88,0.79,1.8,132.3
2015-04-23 10:10:00,9713400.0,993.45,7.84,281.53,7.27,96.2,10.62,10.22,0.4,6.42,10.29,1226.8,1.06,2.18,97.0
2015-04-23 10:20:00,9714000.0,993.34,9.01,282.71,7.89,92.7,11.5,10.66,0.84,6.7,10.73,1221.38,0.91,2.68,154.0
2015-04-23 10:30:00,9714600.0,993.2,9.16,282.87,5.67,78.7,11.62,9.14,2.47,5.75,9.21,1221.26,1.22,2.36,120.9
2015-04-23 10:40:00,9715200.0,993.11,9.84,283.56,2.95,62.09,12.16,7.55,4.61,4.74,7.6,1218.96,1.99,3.4,185.1
2015-04-23 10:50:00,9715800.0,992.97,10.68,284.41,2.51,56.9,12.87,7.32,5.55,4.6,7.37,1215.29,1.25,2.92,162.2
2015-04-23 11:00:00,9716400.0,992.91,11.38,285.12,2.78,55.37,13.48,7.46,6.02,4.69,7.52,1212.16,1.99,3.2,168.7
2015-04-23 11:10:00,9717000.0,992.81,11.5,285.25,2.9,55.38,13.59,7.52,6.06,4.73,7.58,1211.5,1.42,3.24,172.4
2015-04-23 11:20:00,9717600.0,992.59,11.86,285.63,3.28,55.58,13.91,7.73,6.18,4.86,7.79,1209.6,1.12,2.88,116.2
2015-04-23 11:30:00,9718200.0,992.43,12.1,285.88,3.52,55.63,14.14,7.86,6.27,4.94,7.92,1208.33,2.23,4.0,133.2
2015-04-23 11:40:00,9718800.0,992.2,12.01,285.81,3.67,56.57,14.05,7.95,6.1,5.0,8.01,1208.39,0.99,1.96,19.9
2015-04-23 11:50:00,9719400.0,991.96,12.49,286.31,4.2,56.88,14.5,8.25,6.25,5.19,8.32,1205.93,1.74,3.72,84.2
2015-04-23 12:00:00,9720000.0,991.75,12.97,286.81,4.19,55.09,14.97,8.25,6.72,5.19,8.31,1203.65,2.12,3.08,161.0
2015-04-23 12:10:00,9720600.0,991.66,13.19,287.04,4.55,55.68,15.19,8.46,6.73,5.32,8.53,1202.52,1.18,2.24,279.8
2015-04-23 12:20:00,9721200.0,991.5,13.98,287.84,4.67,53.34,15.99,8.53,7.46,5.37,8.6,1198.98,1.62,4.2,133.8
2015-04-23 12:30:00,9721800.0,991.43,13.88,287.75,4.57,53.32,15.88,8.47,7.41,5.33,8.54,1199.34,1.86,4.6,138.0
2015-04-23 12:40:00,9722400.0,991.38,13.92,287.79,4.6,53.31,15.93,8.49,7.44,5.34,8.56,1199.11,1.96,3.6,109.7
2015-04-23 12:50:00,9723000.0,991.32,14.21,288.09,4.69,52.62,16.23,8.54,7.69,5.38,8.61,1197.8,1.98,4.16,151.5
2015-04-23 13:00:00,9723600.0,991.2,14.64,288.53,4.82,51.65,16.69,8.62,8.07,5.43,8.69,1195.83,1.87,3.32,162.3
2015-04-23 13:10:00,9724200.0,991.1,14.87,288.77,4.75,50.64,16.94,8.58,8.36,5.4,8.65,1194.77,1.65,4.1,206.5
2015-04-23 13:20:00,9724800.0,991.03,14.99,288.89,4.82,50.52,17.07,8.62,8.44,5.43,8.7,1194.17,1.47,3.36,140.5
2015-04-23 13:30:00,9725400.0,990.89,14.84,288.75,4.77,50.8,16.9,8.59,8.32,5.41,8.67,1194.64,1.7,3.36,104.8
2015-04-23 13:40:00,9726000.0,990.73,15.05,288.98,4.75,50.08,17.13,8.58,8.55,5.4,8.66,1193.58,2.78,4.92,139.8
2015-04-23 13:50:00,9726600.0,990.62,15.32,289.26,4.73,49.14,17.43,8.57,8.87,5.4,8.65,1192.34,1.26,3.04,195.7
2015-04-23 14:00:00,9727200.0,990.42,15.43,289.39,4.59,48.3,17.56,8.48,9.08,5.34,8.56,1191.68,2.4,4.52,102.4
2015-04-23 14:10:00,9727800.0,990.34,15.29,289.25,4.46,48.32,17.4,8.41,8.99,5.3,8.49,1192.19,2.61,4.7,167.2
2015-04-23 14:20:00,9728400.0,990.23,15.82,289.79,4.36,46.37,18.0,8.35,9.65,5.26,8.43,1189.9,1.19,3.36,239.2
2015-04-23 14:30:00,9729000.0,990.03,16.04,290.03,4.15,45.04,18.26,8.22,10.03,5.18,8.31,1188.81,2.66,4.0,133.6
2015-04-23 14:40:00,9729600.0,989.93,16.26,290.26,4.16,44.46,18.51,8.23,10.28,5.19,8.32,1187.78,1.72,3.4,143.2
2015-04-23 14:50:00,9730200.0,989.81,16.67,290.68,4.0,42.81,19.0,8.14,10.87,5.13,8.22,1186.0,1.97,3.32,182.3
2015-04-23 15:00:00,9730800.0,989.7,16.66,290.68,3.38,41.01,18.99,7.79,11.2,4.91,7.87,1186.07,1.67,3.48,193.5
2015-04-23 15:10:00,9731400.0,989.69,16.72,290.74,2.94,39.6,19.07,7.55,11.52,4.76,7.63,1185.92,1.69,3.18,207.7
2015-04-23 15:20:00,9732000.0,989.56,16.85,290.88,2.98,39.39,19.22,7.57,11.65,4.77,7.65,1185.22,1.62,2.82,188.4
2015-04-23 15:30:00,9732600.0,989.44,16.93,290.97,3.18,39.73,19.32,7.68,11.64,4.84,7.76,1184.71,1.89,4.8,230.1
2015-04-23 15:40:00,9733200.0,989.42,16.69,290.73,3.25,40.55,19.03,7.72,11.31,4.87,7.8,1185.64,3.0,4.56,232.5
2015-04-23 15:50:00,9733800.0,989.35,16.61,290.66,3.06,40.22,18.93,7.61,11.32,4.8,7.7,1185.93,2.01,4.4,218.9
2015-04-23 16:00:00,9734400.0,989.33,16.49,290.54,3.38,41.46,18.79,7.79,11.0,4.91,7.87,1186.32,2.54,3.76,200.2
2015-04-23 16:10:00,9735000.0,989.23,17.05,291.11,3.52,40.4,19.47,7.87,11.6,4.96,7.95,1183.88,1.33,2.8,171.8
2015-04-23 16:20:00,9735600.0,989.15,17.18,291.25,3.64,40.41,19.63,7.93,11.7,5.0,8.02,1183.22,0.91,1.96,276.4
2015-04-23 16:30:00,9736200.0,989.12,17.0,291.07,3.5,40.47,19.41,7.85,11.55,4.95,7.94,1183.95,1.13,2.94,357.6
2015-04-23 16:40:00,9736800.0,989.11,16.92,290.99,2.57,38.07,19.31,7.35,11.96,4.64,7.43,1184.5,2.29,3.64,219.7
2015-04-23 16:50:00,9737400.0,989.11,16.68,290.75,2.41,38.21,19.02,7.27,11.75,4.58,7.35,1185.52,2.26,3.44,237.6
2015-04-23 17:00:00,9738000.0,989.03,16.74,290.82,1.58,35.88,19.09,6.85,12.24,4.32,6.93,1185.36,2.54,3.92,224.5
2015-04-23 17:10:00,9738600.0,988.99,16.75,290.83,0.61,33.42,19.1,6.38,12.72,4.02,6.45,1185.49,1.16,3.38,224.1
2015-04-23 17:20:00,9739200.0,988.87,17.42,291.51,1.15,33.32,19.93,6.64,13.29,4.19,6.72,1182.49,0.62,1.84,309.5
2015-04-23 17:30:00,9739800.0,988.87,17.45,291.54,1.46,34.01,19.97,6.79,13.18,4.28,6.87,1182.3,1.51,2.76,205.4
2015-04-23 17:40:00,9740400.0,988.81,17.37,291.47,1.75,34.9,19.87,6.93,12.93,4.37,7.01,1182.49,1.42,2.44,219.2
2015-04-23 17:50:00,9741000.0,988.76,17.54,291.64,1.66,34.31,20.08,6.89,13.19,4.35,6.97,1181.76,0.53,1.04,213.7
2015-04-23 18:00:00,9741600.0,988.74,17.74,291.84,1.73,34.04,20.34,6.92,13.41,4.37,7.0,1180.91,0.6,1.36,191.3
2015-04-23 18:10:00,9742200.0,988.75,17.48,291.58,1.74,34.63,20.01,6.93,13.08,4.37,7.01,1181.98,0.79,1.44,122.3
2015-04-23 18:20:00,9742800.0,988.78,16.45,290.55,4.26,44.23,18.74,8.29,10.45,5.23,8.38,1185.6,2.63,4.36,28.25
2015-04-23 18:30:00,9743400.0,988.83,15.45,289.54,4.73,48.71,17.58,8.56,9.02,5.4,8.66,1189.64,2.01,3.84,21.57
2015-04-23 18:40:00,9744000.0,988.87,15.07,289.15,4.9,50.54,17.16,8.67,8.49,5.47,8.77,1191.21,1.56,2.76,22.93
2015-04-23 18:50:00,9744600.0,988.97,14.83,288.91,5.0,51.68,16.89,8.73,8.16,5.51,8.83,1192.29,1.49,2.92,10.68
2015-04-23 19:00:00,9745200.0,988.98,14.73,288.8,4.98,51.95,16.78,8.72,8.06,5.5,8.82,1192.72,1.34,2.48,3.0
2015-04-23 19:10:00,9745800.0,989.0,14.5,288.57,4.99,52.76,16.54,8.72,7.81,5.51,8.82,1193.7,1.18,1.84,345.8
2015-04-23 19:20:00,9746400.0,989.0,14.32,288.39,4.96,53.24,16.34,8.7,7.64,5.49,8.8,1194.46,1.23,1.64,353.8
2015-04-23 19:30:00,9747000.0,989.08,14.32,288.38,4.85,52.86,16.34,8.64,7.7,5.45,8.74,1194.58,1.41,2.0,357.6
2015-04-23 19:40:00,9747600.0,989.16,14.36,288.42,4.88,52.82,16.39,8.66,7.73,5.46,8.75,1194.51,1.66,2.0,351.7
2015-04-23 19:50:00,9748200.0,989.28,14.16,288.21,4.83,53.31,16.18,8.62,7.55,5.44,8.72,1195.5,1.7,2.0,334.4
2015-04-23 20:00:00,9748800.0,989.32,14.09,288.13,4.65,52.89,16.1,8.52,7.59,5.37,8.61,1195.89,1.33,1.68,338.4
2015-04-23 20:10:00,9749400.0,989.34,13.86,287.9,4.54,53.29,15.86,8.45,7.41,5.33,8.54,1196.9,0.74,1.68,10.51
2015-04-23 20:20:00,9750000.0,989.35,13.1,287.14,4.76,56.87,15.1,8.59,6.51,5.42,8.68,1200.03,0.21,0.56,50.41
2015-04-23 20:30:00,9750600.0,989.31,12.61,286.65,4.52,57.72,14.62,8.44,6.18,5.32,8.53,1202.1,0.17,0.52,334.9
2015-04-23 20:40:00,9751200.0,989.29,12.48,286.52,4.29,57.29,14.5,8.3,6.19,5.24,8.39,1202.69,0.52,0.68,323.5
2015-04-23 20:50:00,9751800.0,989.25,12.07,286.11,4.71,60.64,14.11,8.56,5.55,5.4,8.65,1204.25,0.44,0.7,36.68
2015-04-23 21:00:00,9752400.0,989.33,11.63,285.67,4.53,61.64,13.7,8.45,5.26,5.33,8.54,1206.26,0.71,2.24,264.7
2015-04-23 21:10:00,9753000.0,989.32,11.37,285.41,4.49,62.52,13.47,8.42,5.05,5.31,8.51,1207.36,1.62,2.28,217.8
2015-04-23 21:20:00,9753600.0,989.27,11.15,285.19,4.52,63.6,13.28,8.44,4.83,5.33,8.53,1208.23,1.53,2.24,217.0
2015-04-23 21:30:00,9754200.0,989.31,10.95,284.98,4.59,64.74,13.1,8.48,4.62,5.35,8.57,1209.11,0.97,1.56,232.1
2015-04-23 21:40:00,9754800.0,989.3,10.81,284.85,4.57,65.27,12.98,8.47,4.51,5.34,8.56,1209.7,0.56,1.44,120.9
2015-04-23 21:50:00,9755400.0,989.29,10.32,284.35,4.38,66.54,12.56,8.36,4.2,5.27,8.45,1211.83,1.42,1.76,175.7
2015-04-23 22:00:00,9756000.0,989.34,10.07,284.1,4.31,67.33,12.35,8.32,4.04,5.25,8.41,1212.98,0.88,1.52,199.6
2015-04-23 22:10:00,9756600.0,989.37,9.79,283.82,4.29,68.53,12.12,8.31,3.81,5.24,8.4,1214.22,0.51,0.88,158.4
2015-04-23 22:20:00,9757200.0,989.37,9.65,283.68,4.27,69.07,12.01,8.29,3.71,5.23,8.38,1214.83,0.68,1.08,168.8
2015-04-23 22:30:00,9757800.0,989.37,9.4,283.43,4.18,69.77,11.81,8.24,3.57,5.2,8.33,1215.93,1.02,1.72,194.6
2015-04-23 22:40:00,9758400.0,989.37,9.11,283.13,4.17,71.1,11.58,8.23,3.35,5.19,8.32,1217.18,0.58,1.12,209.6
2015-04-23 22:50:00,9759000.0,989.35,8.73,282.75,4.02,72.2,11.28,8.15,3.14,5.14,8.24,1218.84,1.34,2.52,219.0
2015-04-23 23:00:00,9759600.0,989.35,8.56,282.58,3.99,72.9,11.16,8.13,3.02,5.13,8.22,1219.58,2.03,2.6,216.3
2015-04-23 23:10:00,9760200.0,989.35,8.74,282.76,3.99,72.0,11.29,8.13,3.16,5.13,8.22,1218.8,1.43,1.96,230.1
2015-04-23 23:20:00,9760800.0,989.27,8.64,282.67,4.01,72.6,11.22,8.14,3.07,5.14,8.23,1219.13,0.73,1.32,186.0
2015-04-23 23:30:00,9761400.0,989.33,8.31,282.33,3.92,73.8,10.97,8.09,2.87,5.1,8.18,1220.66,0.64,1.02,96.9
2015-04-23 23:40:00,9762000.0,989.36,7.91,281.93,3.77,75.0,10.67,8.0,2.67,5.05,8.09,1222.47,0.5,0.92,119.3
2015-04-23 23:50:00,9762600.0,989.36,7.64,281.66,3.73,76.2,10.48,7.98,2.49,5.03,8.07,1223.66,0.43,1.0,167.5
2015-04-24 00:00:00,9763200.0,989.37,7.42,281.44,3.68,77.1,10.32,7.96,2.36,5.02,8.04,1224.64,0.64,1.04,209.8
2015-04-24 00:10:00,9763800.0,989.36,7.19,281.21,3.62,78.0,10.16,7.92,2.24,5.0,8.01,1225.65,0.75,1.32,196.7
2015-04-24 00:20:00,9764400.0,989.36,7.07,281.09,3.65,78.8,10.08,7.94,2.14,5.01,8.03,1226.17,0.71,1.2,176.6
2015-04-24 00:30:00,9765000.0,989.36,7.1,281.12,3.63,78.5,10.1,7.93,2.17,5.0,8.01,1226.04,0.39,0.92,26.13
2015-04-24 00:40:00,9765600.0,989.26,6.87,280.9,3.51,79.1,9.94,7.86,2.08,4.96,7.95,1226.95,0.4,0.84,166.4
2015-04-24 00:50:00,9766200.0,989.27,6.39,280.41,3.34,80.8,9.61,7.77,1.85,4.9,7.85,1229.13,1.08,1.64,229.9
2015-04-24 01:00:00,9766800.0,989.19,6.34,280.37,3.42,81.5,9.58,7.81,1.77,4.92,7.89,1229.22,0.4,0.92,238.8
2015-04-24 01:10:00,9767400.0,989.16,6.51,280.54,3.46,80.8,9.69,7.83,1.86,4.94,7.92,1228.45,0.3,0.7,138.3
2015-04-24 01:20:00,9768000.0,989.09,6.31,280.35,3.25,80.7,9.56,7.72,1.85,4.87,7.8,1229.26,0.5,0.92,179.3
2015-04-24 01:30:00,9768600.0,989.0,6.17,280.22,3.37,82.2,9.47,7.78,1.69,4.91,7.87,1229.74,0.27,0.68,295.0
2015-04-24 01:40:00,9769200.0,988.99,6.26,280.3,3.25,81.0,9.53,7.72,1.81,4.87,7.8,1229.39,0.71,1.32,204.0
2015-04-24 01:50:00,9769800.0,988.89,6.15,280.21,2.9,79.6,9.46,7.53,1.93,4.75,7.61,1229.8,0.91,1.36,188.1
2015-04-24 02:00:00,9770400.0,988.89,5.19,279.24,2.29,81.5,8.84,7.21,1.64,4.55,7.29,1234.21,0.97,1.4,183.5
2015-04-24 02:10:00,9771000.0,988.87,5.04,279.09,2.44,83.2,8.75,7.28,1.47,4.59,7.37,1234.8,0.5,0.76,188.3
2015-04-24 02:20:00,9771600.0,988.86,4.8,278.85,2.37,84.2,8.61,7.25,1.36,4.57,7.33,1235.89,0.73,1.36,174.6
2015-04-24 02:30:00,9772200.0,988.77,4.53,278.59,2.42,86.1,8.45,7.27,1.17,4.59,7.35,1236.96,0.65,1.2,157.1
2015-04-24 02:40:00,9772800.0,988.75,4.37,278.42,2.27,86.2,8.35,7.2,1.15,4.54,7.28,1237.7,1.01,1.4,150.5
2015-04-24 02:50:00,9773400.0,988.77,4.14,278.19,2.14,86.8,8.21,7.13,1.08,4.5,7.21,1238.79,0.94,1.48,162.4
2015-04-24 03:00:00,9774000.0,988.77,4.06,278.11,2.18,87.5,8.17,7.15,1.02,4.51,7.23,1239.14,0.8,1.76,150.4
2015-04-24 03:10:00,9774600.0,988.77,3.85,277.91,2.1,88.3,8.05,7.11,0.94,4.48,7.19,1240.07,1.03,2.04,191.0
2015-04-24 03:20:00,9775200.0,988.76,3.86,277.92,2.14,88.5,8.06,7.13,0.93,4.5,7.21,1240.0,0.58,1.06,202.0
2015-04-24 03:30:00,9775800.0,988.79,3.72,277.78,1.96,88.2,7.98,7.04,0.94,4.44,7.12,1240.7,0.99,1.6,181.6
2015-04-24 03:40:00,9776400.0,988.81,4.15,278.2,2.15,86.8,8.22,7.14,1.09,4.5,7.22,1238.78,1.21,1.96,218.9
2015-04-24 03:50:00,9777000.0,988.84,4.72,278.77,2.14,83.3,8.56,7.13,1.43,4.5,7.21,1236.29,1.16,1.84,203.0
2015-04-24 04:00:00,9777600.0,988.86,4.66,278.71,2.05,83.1,8.52,7.08,1.44,4.47,7.16,1236.58,1.09,2.08,188.9
2015-04-24 04:10:00,9778200.0,988.86,4.55,278.6,2.01,83.5,8.46,7.06,1.4,4.46,7.14,1237.07,0.36,1.56,122.1
2015-04-24 04:20:00,9778800.0,988.85,4.44,278.49,1.83,83.1,8.39,6.98,1.42,4.4,7.05,1237.6,0.3,0.6,178.8
2015-04-24 04:30:00,9779400.0,988.85,3.79,277.84,1.4,84.3,8.02,6.76,1.26,4.26,6.84,1240.59,0.91,1.54,174.1
2015-04-24 04:40:00,9780000.0,988.8,3.49,277.54,1.5,86.8,7.85,6.81,1.04,4.3,6.89,1241.89,0.87,1.28,224.1
2015-04-24 04:50:00,9780600.0,988.83,3.51,277.56,1.58,87.1,7.86,6.85,1.01,4.32,6.92,1241.79,0.65,1.16,188.3
2015-04-24 05:00:00,9781200.0,988.87,3.26,277.31,1.57,88.6,7.72,6.84,0.88,4.31,6.92,1242.98,1.03,1.68,191.7
2015-04-24 05:10:00,9781800.0,988.96,2.99,277.03,1.35,88.9,7.58,6.74,0.84,4.25,6.81,1244.35,1.38,2.24,157.8
2015-04-24 05:20:00,9782400.0,988.99,2.62,276.66,1.19,90.2,7.38,6.66,0.72,4.2,6.73,1246.08,2.02,2.52,155.2
2015-04-24 05:30:00,9783000.0,989.0,2.58,276.61,1.28,91.1,7.36,6.7,0.65,4.23,6.78,1246.27,1.1,2.16,180.0
2015-04-24 05:40:00,9783600.0,989.0,2.77,276.8,1.4,90.7,7.46,6.76,0.69,4.26,6.84,1245.4,0.77,1.24,132.1
2015-04-24 05:50:00,9784200.0,989.06,3.15,277.18,1.58,89.4,7.66,6.85,0.81,4.32,6.93,1243.71,0.36,0.8,207.3
2015-04-24 06:00:00,9784800.0,989.08,3.63,277.66,1.61,86.6,7.93,6.87,1.06,4.33,6.94,1241.56,0.64,1.12,177.7
2015-04-24 06:10:00,9785400.0,989.12,3.85,277.87,1.55,84.9,8.05,6.83,1.22,4.31,6.91,1240.67,0.59,1.12,205.9
2015-04-24 06:20:00,9786000.0,989.16,4.21,278.24,1.68,83.5,8.26,6.9,1.36,4.35,6.97,1239.04,0.88,1.2,200.5
2015-04-24 06:30:00,9786600.0,989.22,4.71,278.73,1.89,81.9,8.55,7.0,1.55,4.42,7.08,1236.86,0.65,1.24,175.2
2015-04-24 06:40:00,9787200.0,989.23,5.32,279.35,1.99,79.0,8.93,7.05,1.88,4.45,7.13,1234.11,0.8,1.52,151.0
2015-04-24 06:50:00,9787800.0,989.18,5.49,279.52,1.99,78.1,9.03,7.05,1.98,4.45,7.13,1233.32,0.83,1.48,150.0
2015-04-24 07:00:00,9788400.0,989.23,5.91,279.93,2.09,76.4,9.3,7.1,2.19,4.48,7.18,1231.5,1.09,2.2,141.0
2015-04-24 07:10:00,9789000.0,989.24,5.67,279.7,2.13,77.9,9.15,7.13,2.02,4.49,7.2,1232.54,1.7,2.36,156.0
2015-04-24 07:20:00,9789600.0,989.23,5.75,279.77,2.37,78.8,9.2,7.25,1.95,4.57,7.32,1232.15,1.58,2.12,149.8
2015-04-24 07:30:00,9790200.0,989.17,6.29,280.32,2.66,77.5,9.55,7.4,2.15,4.67,7.48,1229.6,1.43,2.08,158.4
2015-04-24 07:40:00,9790800.0,989.15,6.9,280.93,2.86,75.4,9.96,7.51,2.45,4.73,7.59,1226.87,1.86,2.92,149.7
2015-04-24 07:50:00,9791400.0,989.13,7.37,281.41,3.13,74.4,10.29,7.65,2.63,4.83,7.74,1224.7,2.47,3.16,158.2
2015-04-24 08:00:00,9792000.0,989.1,7.94,281.98,3.34,72.6,10.69,7.76,2.93,4.9,7.85,1222.13,2.13,3.28,159.8
2015-04-24 08:10:00,9792600.0,989.03,8.87,282.92,3.62,69.55,11.39,7.92,3.47,5.0,8.01,1217.94,1.83,2.66,159.3
2015-04-24 08:20:00,9793200.0,989.0,9.59,283.65,3.86,67.37,11.96,8.06,3.9,5.08,8.15,1214.74,1.61,2.44,175.8
2015-04-24 08:30:00,9793800.0,988.96,10.35,284.41,3.83,63.89,12.59,8.04,4.54,5.07,8.13,1211.44,1.95,2.88,152.1
2015-04-24 08:40:00,9794400.0,988.89,11.15,285.22,3.95,61.1,13.28,8.11,5.16,5.12,8.2,1207.91,2.35,3.24,147.2
2015-04-24 08:50:00,9795000.0,988.86,12.1,286.18,4.14,58.14,14.14,8.22,5.92,5.19,8.31,1203.81,1.68,3.22,163.4
2015-04-24 09:00:00,9795600.0,988.78,12.55,286.63,4.04,56.02,14.56,8.16,6.4,5.15,8.25,1201.84,2.24,3.28,136.7
2015-04-24 09:10:00,9796200.0,988.74,13.15,287.24,4.09,54.07,15.15,8.19,6.96,5.17,8.28,1199.26,1.99,3.24,134.1
2015-04-24 09:20:00,9796800.0,988.64,13.72,287.82,4.2,52.49,15.72,8.25,7.47,5.21,8.35,1196.73,2.25,3.2,133.8
2015-04-24 09:30:00,9797400.0,988.6,14.67,288.78,4.5,50.42,16.72,8.43,8.29,5.32,8.53,1192.65,2.18,3.58,143.3
2015-04-24 09:40:00,9798000.0,988.58,15.23,289.34,4.49,48.59,17.33,8.42,8.91,5.32,8.52,1190.31,2.04,2.96,133.3
2015-04-24 09:50:00,9798600.0,988.55,15.73,289.84,4.19,46.09,17.9,8.25,9.65,5.21,8.34,1188.29,3.04,4.2,143.1
2015-04-24 10:00:00,9799200.0,988.46,15.56,289.68,4.24,46.76,17.7,8.28,9.43,5.23,8.38,1188.87,2.43,4.4,96.8
2015-04-24 10:10:00,9799800.0,988.37,15.86,289.99,4.06,45.29,18.05,8.17,9.87,5.16,8.27,1187.57,1.69,2.84,27.21
2015-04-24 10:20:00,9800400.0,988.27,16.87,291.01,3.75,41.54,19.25,8.0,11.25,5.05,8.09,1183.4,1.26,3.0,110.8
2015-04-24 10:30:00,9801000.0,988.15,17.35,291.5,3.75,40.3,19.84,8.0,11.85,5.05,8.09,1181.3,2.06,4.16,192.8
2015-04-24 10:40:00,9801600.0,988.01,17.51,291.67,3.49,39.15,20.04,7.85,12.2,4.95,7.94,1180.55,2.55,5.44,217.0
2015-04-24 10:50:00,9802200.0,987.88,17.39,291.57,3.76,40.21,19.89,8.0,11.89,5.05,8.1,1180.81,3.1,4.64,199.0
2015-04-24 11:00:00,9802800.0,987.78,17.4,291.58,3.46,39.35,19.9,7.83,12.07,4.95,7.93,1180.73,3.93,6.16,207.6
2015-04-24 11:10:00,9803400.0,987.7,17.45,291.64,3.55,39.49,19.97,7.89,12.08,4.98,7.98,1180.4,4.01,6.16,221.3
2015-04-24 11:20:00,9804000.0,987.56,17.38,291.58,3.29,38.92,19.88,7.74,12.14,4.89,7.83,1180.59,4.67,8.47,221.1
2015-04-24 11:30:00,9804600.0,987.39,17.62,291.84,3.35,38.51,20.18,7.77,12.41,4.91,7.87,1179.39,4.45,7.22,198.9
2015-04-24 11:40:00,9805200.0,987.32,17.78,292.0,3.18,37.67,20.39,7.68,12.71,4.85,7.78,1178.7,3.19,6.36,200.4
2015-04-24 11:50:00,9805800.0,987.22,18.02,292.25,3.45,37.81,20.7,7.83,12.87,4.95,7.93,1177.55,4.85,6.64,201.8
2015-04-24 12:00:00,9806400.0,987.09,17.77,292.01,3.13,37.54,20.37,7.65,12.73,4.83,7.75,1178.48,4.2,6.6,200.2
2015-04-24 12:10:00,9807000.0,987.01,18.1,292.35,3.52,37.81,20.8,7.87,12.94,4.97,7.97,1176.95,4.4,7.73,215.6
2015-04-24 12:20:00,9807600.0,986.9,18.33,292.59,3.76,37.9,21.11,8.0,13.11,5.06,8.1,1175.83,3.28,6.6,205.6
2015-04-24 12:30:00,9808200.0,986.76,18.67,292.94,3.79,37.2,21.56,8.02,13.54,5.07,8.13,1174.29,4.59,8.45,185.5
2015-04-24 12:40:00,9808800.0,986.69,18.29,292.57,3.79,38.09,21.05,8.02,13.03,5.07,8.13,1175.73,4.46,6.28,238.5
2015-04-24 12:50:00,9809400.0,986.62,18.37,292.66,3.99,38.42,21.16,8.13,13.03,5.14,8.24,1175.28,4.03,7.12,221.1
2015-04-24 13:00:00,9810000.0,986.52,18.36,292.65,4.05,38.61,21.14,8.16,12.98,5.16,8.28,1175.18,3.66,5.64,211.5
2015-04-24 13:10:00,9810600.0,986.41,18.38,292.68,3.95,38.3,21.17,8.11,13.06,5.13,8.22,1175.0,3.73,6.56,204.6
2015-04-24 13:20:00,9811200.0,986.35,18.95,293.26,4.17,37.53,21.94,8.23,13.71,5.21,8.35,1172.58,3.71,7.69,196.2
2015-04-24 13:30:00,9811800.0,986.27,18.8,293.12,4.02,37.49,21.74,8.15,13.59,5.16,8.26,1173.12,5.17,8.65,216.9
2015-04-24 13:40:00,9812400.0,986.15,19.06,293.39,4.27,37.54,22.09,8.29,13.8,5.25,8.41,1171.87,2.99,5.92,201.7
2015-04-24 13:50:00,9813000.0,986.08,19.36,293.7,4.05,36.29,22.51,8.17,14.34,5.17,8.28,1170.64,3.58,6.04,237.9
2015-04-24 14:00:00,9813600.0,985.98,18.95,293.29,3.66,36.21,21.94,7.94,14.0,5.03,8.06,1172.27,4.24,8.17,194.1
2015-04-24 14:10:00,9814200.0,985.92,19.26,293.61,3.8,35.87,22.37,8.02,14.34,5.08,8.14,1170.92,4.0,6.89,225.8
2015-04-24 14:20:00,9814800.0,985.88,19.06,293.41,3.56,35.71,22.09,7.89,14.2,4.99,8.0,1171.73,3.72,6.89,222.6
2015-04-24 14:30:00,9815400.0,985.72,19.15,293.51,3.85,36.25,22.22,8.05,14.16,5.1,8.17,1171.1,3.49,5.2,221.4
2015-04-24 14:40:00,9816000.0,985.61,19.55,293.93,3.95,35.61,22.78,8.11,14.67,5.13,8.23,1169.35,3.76,7.2,208.8
2015-04-24 14:50:00,9816600.0,985.57,19.45,293.83,3.73,35.27,22.63,7.98,14.65,5.05,8.1,1169.76,4.1,6.48,228.6
2015-04-24 15:00:00,9817200.0,985.46,19.56,293.95,3.73,35.02,22.79,7.98,14.81,5.05,8.1,1169.19,3.79,7.85,238.4
2015-04-24 15:10:00,9817800.0,985.42,19.47,293.86,3.57,34.84,22.66,7.9,14.77,5.0,8.01,1169.54,4.29,8.73,233.7
2015-04-24 15:20:00,9818400.0,985.34,19.66,294.06,3.19,33.51,22.93,7.68,15.25,4.87,7.8,1168.78,3.87,7.65,254.6
2015-04-24 15:30:00,9819000.0,985.28,19.72,294.12,3.42,33.94,23.02,7.81,15.21,4.95,7.93,1168.41,3.94,7.89,229.1
2015-04-24 15:40:00,9819600.0,985.25,19.48,293.89,3.37,34.32,22.68,7.78,14.89,4.93,7.9,1169.35,4.29,8.05,238.6
2015-04-24 15:50:00,9820200.0,985.12,19.36,293.78,3.54,34.99,22.51,7.88,14.63,4.99,7.99,1169.63,5.14,7.95,219.5
2015-04-24 16:00:00,9820800.0,985.0,19.47,293.9,3.48,34.62,22.66,7.85,14.82,4.97,7.97,1169.06,3.2,5.6,225.8
2015-04-24 16:10:00,9821400.0,985.04,19.68,294.11,3.57,34.39,22.96,7.9,15.06,5.0,8.02,1168.25,3.7,6.36,239.4
2015-04-24 16:20:00,9822000.0,984.99,19.48,293.91,3.44,34.5,22.68,7.82,14.85,4.96,7.94,1169.02,5.27,7.16,205.9
2015-04-24 16:30:00,9822600.0,985.01,19.26,293.69,3.55,35.24,22.37,7.88,14.49,4.99,8.0,1169.89,3.54,6.28,216.2
2015-04-24 16:40:00,9823200.0,984.95,19.23,293.66,3.48,35.13,22.33,7.84,14.48,4.97,7.96,1169.96,4.79,7.0,213.3
2015-04-24 16:50:00,9823800.0,984.97,19.02,293.45,3.41,35.41,22.04,7.8,14.23,4.94,7.92,1170.84,5.34,7.36,219.7
2015-04-24 17:00:00,9824400.0,984.97,19.05,293.48,3.65,35.96,22.08,7.94,14.14,5.03,8.06,1170.66,4.71,7.24,232.5
2015-04-24 17:10:00,9825000.0,984.93,19.09,293.52,3.64,35.83,22.13,7.93,14.2,5.02,8.05,1170.46,5.24,7.69,214.1
2015-04-24 17:20:00,9825600.0,984.94,19.09,293.52,3.67,35.93,22.13,7.95,14.18,5.04,8.07,1170.46,4.53,6.32,217.8
2015-04-24 17:30:00,9826200.0,984.94,19.18,293.61,3.86,36.19,22.26,8.05,14.2,5.1,8.18,1170.05,4.05,5.68,221.1
2015-04-24 17:40:00,9826800.0,984.89,19.19,293.63,3.96,36.44,22.27,8.12,14.16,5.14,8.24,1169.93,3.65,4.52,214.8
2015-04-24 17:50:00,9827400.0,984.83,19.16,293.6,4.07,36.78,22.23,8.18,14.05,5.18,8.3,1169.95,4.03,5.5,220.4
2015-04-24 18:00:00,9828000.0,984.84,19.05,293.49,4.25,37.5,22.08,8.28,13.8,5.25,8.41,1170.35,2.83,5.04,222.0
2015-04-24 18:10:00,9828600.0,984.8,18.97,293.41,4.22,37.61,21.97,8.26,13.71,5.23,8.39,1170.63,3.19,5.24,224.8
2015-04-24 18:20:00,9829200.0,984.73,18.54,292.99,4.21,38.61,21.38,8.26,13.13,5.23,8.38,1172.28,3.29,5.32,215.5
2015-04-24 18:30:00,9829800.0,984.72,18.19,292.64,4.24,39.57,20.92,8.28,12.64,5.25,8.41,1173.67,2.69,3.96,219.0
2015-04-24 18:40:00,9830400.0,984.8,17.92,292.36,4.1,39.85,20.57,8.2,12.37,5.19,8.32,1174.89,2.04,3.04,231.3
2015-04-24 18:50:00,9831000.0,984.79,17.55,291.99,3.91,40.23,20.09,8.08,12.01,5.12,8.21,1176.42,1.17,2.12,221.7
2015-04-24 19:00:00,9831600.0,984.81,16.99,291.42,3.88,41.59,19.39,8.07,11.33,5.11,8.19,1178.72,1.87,2.72,220.2
2015-04-24 19:10:00,9832200.0,984.83,16.64,291.07,3.75,42.15,18.97,8.0,10.97,5.07,8.12,1180.2,2.66,2.92,224.0
2015-04-24 19:20:00,9832800.0,984.93,16.41,290.83,3.66,42.51,18.69,7.95,10.75,5.03,8.07,1181.28,2.53,3.08,231.7
2015-04-24 19:30:00,9833400.0,984.94,16.01,290.43,3.76,43.91,18.22,8.0,10.22,5.07,8.12,1182.91,2.94,3.36,222.5
2015-04-24 19:40:00,9834000.0,984.94,15.57,289.99,3.7,44.97,17.72,7.97,9.75,5.05,8.09,1184.72,2.99,3.28,232.1
2015-04-24 19:50:00,9834600.0,984.96,15.06,289.47,3.53,45.9,17.14,7.87,9.28,4.98,7.99,1186.89,3.28,3.64,234.4
2015-04-24 20:00:00,9835200.0,984.99,15.42,289.83,3.1,43.5,17.55,7.63,9.91,4.83,7.75,1185.55,3.28,3.8,238.6
2015-04-24 20:10:00,9835800.0,985.06,15.54,289.95,3.06,43.06,17.68,7.61,10.07,4.82,7.73,1185.15,3.16,3.4,237.4
2015-04-24 20:20:00,9836400.0,985.15,15.19,289.59,2.95,43.7,17.29,7.56,9.73,4.78,7.67,1186.73,3.27,3.6,235.5
2015-04-24 20:30:00,9837000.0,985.2,14.83,289.22,2.64,43.74,16.89,7.39,9.5,4.68,7.5,1188.35,3.45,3.96,231.0
2015-04-24 20:40:00,9837600.0,985.29,14.83,289.21,2.15,42.24,16.89,7.14,9.76,4.52,7.24,1188.57,3.47,3.92,231.3
2015-04-24 20:50:00,9838200.0,985.34,14.78,289.16,1.89,41.6,16.84,7.0,9.83,4.43,7.11,1188.9,3.05,3.42,230.5
2015-04-24 21:00:00,9838800.0,985.4,14.41,288.78,1.82,42.39,16.44,6.97,9.47,4.41,7.07,1190.52,2.42,3.6,233.1
2015-04-24 21:10:00,9839400.0,985.38,13.66,288.03,1.86,44.63,15.66,6.99,8.67,4.42,7.09,1193.6,1.05,2.24,225.6
2015-04-24 21:20:00,9840000.0,985.31,13.37,287.75,1.62,44.7,15.37,6.87,8.5,4.35,6.97,1194.77,0.71,1.36,197.9
2015-04-24 21:30:00,9840600.0,985.3,13.24,287.62,1.59,44.97,15.24,6.85,8.38,4.34,6.95,1195.31,0.82,2.08,177.8
2015-04-24 21:40:00,9841200.0,985.26,13.14,287.52,1.75,45.81,15.14,6.93,8.2,4.39,7.04,1195.64,1.32,2.04,193.8
2015-04-24 21:50:00,9841800.0,985.27,12.83,287.21,1.78,46.86,14.83,6.95,7.88,4.4,7.05,1196.94,0.75,1.16,168.0
2015-04-24 22:00:00,9842400.0,985.27,12.59,286.97,1.7,47.32,14.6,6.91,7.69,4.37,7.01,1197.97,0.71,1.32,162.1
2015-04-24 22:10:00,9843000.0,985.3,12.27,286.64,2.08,49.66,14.3,7.1,7.2,4.49,7.21,1199.26,0.66,1.04,191.7
2015-04-24 22:20:00,9843600.0,985.3,11.69,286.06,3.0,55.08,13.76,7.58,6.18,4.8,7.69,1201.48,0.9,2.0,175.2
2015-04-24 22:30:00,9844200.0,985.3,11.28,285.65,2.82,55.88,13.39,7.48,5.91,4.74,7.59,1203.26,1.33,3.2,163.0
2015-04-24 22:40:00,9844800.0,985.28,11.21,285.58,2.9,56.47,13.33,7.53,5.8,4.77,7.64,1203.51,1.79,3.56,151.3
2015-04-24 22:50:00,9845400.0,985.2,11.23,285.61,2.75,55.79,13.35,7.45,5.9,4.71,7.56,1203.36,1.46,2.68,158.1
2015-04-24 23:00:00,9846000.0,985.2,11.17,285.55,2.79,56.18,13.29,7.47,5.82,4.73,7.58,1203.61,1.44,2.44,163.9
2015-04-24 23:10:00,9846600.0,985.18,10.85,285.23,2.79,57.39,13.01,7.47,5.54,4.73,7.58,1204.94,1.44,2.8,193.1
2015-04-24 23:20:00,9847200.0,985.15,10.58,284.96,2.71,58.11,12.78,7.43,5.35,4.7,7.54,1206.07,1.24,2.52,171.3
2015-04-24 23:30:00,9847800.0,985.15,10.34,284.72,2.76,59.25,12.58,7.45,5.13,4.72,7.56,1207.08,1.15,2.4,168.1
2015-04-24 23:40:00,9848400.0,985.17,10.21,284.58,2.59,59.05,12.47,7.36,5.11,4.66,7.47,1207.7,0.27,0.72,139.0
2015-04-24 23:50:00,9849000.0,985.18,10.17,284.54,2.41,58.45,12.43,7.27,5.17,4.6,7.38,1207.92,1.01,1.78,211.0
2015-04-25 00:00:00,9849600.0,985.19,10.31,284.68,2.23,57.15,12.55,7.17,5.38,4.54,7.28,1207.38,1.17,1.96,201.6
2015-04-25 00:10:00,9850200.0,985.17,10.11,284.48,2.39,58.59,12.38,7.26,5.13,4.59,7.37,1208.17,1.8,2.84,191.7
2015-04-25 00:20:00,9850800.0,985.14,9.57,283.94,2.53,61.4,11.94,7.33,4.61,4.64,7.44,1210.41,1.61,2.96,196.6
2015-04-25 00:30:00,9851400.0,985.04,9.25,283.63,2.54,62.75,11.69,7.33,4.35,4.64,7.45,1211.65,1.49,3.0,199.7
2015-04-25 00:40:00,9852000.0,984.96,9.09,283.48,2.49,63.23,11.56,7.31,4.25,4.63,7.42,1212.25,1.72,3.46,193.7
2015-04-25 00:50:00,9852600.0,984.95,8.87,283.26,2.54,64.42,11.39,7.34,4.05,4.65,7.45,1213.17,1.58,2.8,177.9
2015-04-25 01:00:00,9853200.0,984.93,8.55,282.94,2.55,65.84,11.15,7.34,3.81,4.65,7.45,1214.53,0.94,1.56,179.0
2015-04-25 01:10:00,9853800.0,984.77,8.5,282.9,2.26,64.71,11.11,7.19,3.92,4.55,7.3,1214.61,0.84,1.64,189.9
2015-04-25 01:20:00,9854400.0,984.63,8.58,282.99,2.2,64.08,11.17,7.16,4.01,4.53,7.27,1214.11,0.94,2.22,204.8
2015-04-25 01:30:00,9855000.0,984.57,8.77,283.19,2.13,62.98,11.32,7.13,4.19,4.51,7.24,1213.23,1.26,2.24,201.5
2015-04-25 01:40:00,9855600.0,984.52,8.47,282.89,2.05,63.91,11.09,7.09,4.0,4.49,7.2,1214.48,1.48,2.04,187.3
2015-04-25 01:50:00,9856200.0,984.47,8.14,282.56,2.16,65.86,10.84,7.14,3.7,4.52,7.25,1215.82,2.03,3.16,196.8
2015-04-25 02:00:00,9856800.0,984.54,7.99,282.41,1.99,65.73,10.73,7.05,3.68,4.47,7.16,1216.6,2.23,3.32,191.2
2015-04-25 02:10:00,9857400.0,984.54,7.99,282.41,2.01,65.82,10.73,7.06,3.67,4.47,7.17,1216.59,2.21,3.88,188.0
2015-04-25 02:20:00,9858000.0,984.48,8.0,282.42,2.0,65.75,10.74,7.06,3.68,4.47,7.17,1216.48,2.25,3.48,185.6
2015-04-25 02:30:00,9858600.0,984.45,7.84,282.26,1.91,66.04,10.62,7.01,3.61,4.44,7.13,1217.15,1.61,2.96,175.1
2015-04-25 02:40:00,9859200.0,984.34,7.74,282.17,1.86,66.23,10.55,6.99,3.56,4.43,7.1,1217.46,1.27,2.36,177.6
2015-04-25 02:50:00,9859800.0,984.27,7.62,282.06,1.86,66.8,10.46,6.99,3.47,4.43,7.1,1217.9,2.02,4.16,182.7
2015-04-25 03:00:00,9860400.0,984.21,7.43,281.87,1.81,67.41,10.33,6.96,3.37,4.41,7.07,1218.66,2.25,3.6,186.4
2015-04-25 03:10:00,9861000.0,984.23,7.27,281.71,1.74,67.8,10.22,6.93,3.29,4.39,7.04,1219.4,1.32,2.48,191.3
2015-04-25 03:20:00,9861600.0,984.3,7.03,281.46,1.66,68.54,10.05,6.89,3.16,4.36,7.0,1220.54,1.69,3.08,191.9
2015-04-25 03:30:00,9862200.0,984.27,6.94,281.37,1.74,69.35,9.99,6.93,3.06,4.39,7.04,1220.88,2.41,3.6,178.1
2015-04-25 03:40:00,9862800.0,984.23,6.8,281.24,1.62,69.45,9.89,6.87,3.02,4.35,6.98,1221.46,1.78,3.36,181.7
2015-04-25 03:50:00,9863400.0,984.21,6.7,281.14,1.7,70.3,9.82,6.91,2.92,4.38,7.02,1221.85,2.66,3.96,177.1
2015-04-25 04:00:00,9864000.0,984.15,6.56,281.0,1.62,70.6,9.73,6.87,2.86,4.35,6.98,1222.42,2.16,3.96,179.7
2015-04-25 04:10:00,9864600.0,984.07,6.51,280.96,1.57,70.6,9.69,6.84,2.85,4.34,6.96,1222.55,1.31,2.74,182.6
2015-04-25 04:20:00,9865200.0,984.01,6.37,280.82,1.51,71.0,9.6,6.82,2.78,4.32,6.93,1223.11,1.48,2.76,176.1
2015-04-25 04:30:00,9865800.0,983.97,6.03,280.49,1.35,71.8,9.38,6.73,2.64,4.27,6.84,1224.57,1.1,1.76,162.4
2015-04-25 04:40:00,9866400.0,983.96,5.73,280.19,1.4,73.6,9.19,6.76,2.43,4.29,6.87,1225.85,1.2,2.04,174.9
2015-04-25 04:50:00,9867000.0,983.95,5.86,280.31,1.5,73.5,9.27,6.81,2.46,4.32,6.92,1225.27,2.3,3.6,181.3
2015-04-25 05:00:00,9867600.0,983.96,5.7,280.15,1.45,74.0,9.17,6.78,2.38,4.3,6.89,1225.98,1.53,2.82,170.5
2015-04-25 05:10:00,9868200.0,983.94,5.36,279.82,1.38,75.4,8.95,6.75,2.2,4.28,6.86,1227.46,0.77,1.56,189.0
2015-04-25 05:20:00,9868800.0,983.95,5.34,279.79,1.25,74.8,8.94,6.69,2.25,4.24,6.8,1227.6,0.6,1.32,185.8
2015-04-25 05:30:00,9869400.0,984.01,5.17,279.61,1.23,75.6,8.83,6.68,2.15,4.23,6.79,1228.45,0.77,1.44,213.5
2015-04-25 05:40:00,9870000.0,984.08,5.34,279.78,1.39,75.6,8.94,6.76,2.18,4.28,6.86,1227.76,1.32,2.58,193.6
2015-04-25 05:50:00,9870600.0,984.09,5.59,280.03,1.51,74.9,9.1,6.81,2.28,4.32,6.92,1226.61,1.67,3.4,177.6
2015-04-25 06:00:00,9871200.0,984.02,5.51,279.96,1.56,75.6,9.05,6.84,2.21,4.33,6.95,1226.87,0.83,1.56,186.5
2015-04-25 06:10:00,9871800.0,983.99,5.41,279.86,1.58,76.2,8.98,6.85,2.14,4.34,6.96,1227.26,0.97,1.72,202.0
2015-04-25 06:20:00,9872400.0,983.99,5.67,280.12,1.6,75.0,9.15,6.86,2.29,4.35,6.97,1226.13,1.07,2.2,194.4
2015-04-25 06:30:00,9873000.0,983.97,6.3,280.76,1.68,72.2,9.56,6.9,2.66,4.37,7.01,1223.31,0.72,1.8,198.7
2015-04-25 06:40:00,9873600.0,983.98,6.25,280.7,1.71,72.6,9.52,6.91,2.61,4.38,7.02,1223.56,1.05,1.76,195.0
2015-04-25 06:50:00,9874200.0,983.97,6.28,280.74,2.03,74.1,9.54,7.07,2.47,4.48,7.19,1223.31,0.57,1.4,187.9
2015-04-25 07:00:00,9874800.0,983.95,7.06,281.52,2.12,70.7,10.07,7.12,2.95,4.51,7.23,1219.87,0.65,1.56,162.2
2015-04-25 07:10:00,9875400.0,983.88,7.63,282.1,2.35,69.1,10.47,7.23,3.24,4.59,7.35,1217.25,0.5,0.96,194.9
2015-04-25 07:20:00,9876000.0,983.87,8.11,282.58,2.37,66.97,10.82,7.25,3.57,4.59,7.36,1215.16,0.79,1.96,181.8
2015-04-25 07:30:00,9876600.0,983.96,8.33,282.79,2.4,66.16,10.98,7.27,3.72,4.61,7.38,1214.31,1.36,2.88,129.3
2015-04-25 07:40:00,9877200.0,983.98,8.64,283.1,2.51,65.27,11.22,7.32,3.9,4.64,7.44,1212.97,1.27,2.2,145.0
2015-04-25 07:50:00,9877800.0,983.97,8.85,283.32,2.7,65.23,11.38,7.42,3.96,4.7,7.54,1212.01,1.28,2.52,169.6
2015-04-25 08:00:00,9878400.0,983.95,9.36,283.83,2.89,63.86,11.78,7.52,4.26,4.77,7.64,1209.75,1.3,3.42,177.6
2015-04-25 08:10:00,9879000.0,983.89,9.85,284.33,2.99,62.23,12.17,7.57,4.6,4.8,7.7,1207.56,1.71,3.2,150.6
2015-04-25 08:20:00,9879600.0,983.84,10.23,284.71,3.31,62.05,12.48,7.75,4.74,4.91,7.87,1205.8,1.86,3.4,144.5
2015-04-25 08:30:00,9880200.0,983.84,10.89,285.38,3.74,61.21,13.05,7.99,5.06,5.06,8.12,1202.88,1.06,3.0,158.1
2015-04-25 08:40:00,9880800.0,983.82,11.49,285.98,3.75,58.87,13.58,7.99,5.58,5.07,8.12,1200.32,1.74,2.68,146.9
2015-04-25 08:50:00,9881400.0,983.73,12.61,287.11,3.82,54.97,14.62,8.04,6.58,5.1,8.17,1195.49,1.74,2.98,141.9
2015-04-25 09:00:00,9882000.0,983.67,13.72,288.23,4.06,51.98,15.72,8.17,7.55,5.18,8.31,1190.73,1.86,3.08,162.0
2015-04-25 09:10:00,9882600.0,983.57,14.51,289.04,4.16,49.72,16.55,8.23,8.32,5.22,8.36,1187.31,2.16,3.32,157.5
2015-04-25 09:20:00,9883200.0,983.47,15.39,289.93,4.43,47.9,17.51,8.39,9.12,5.32,8.53,1183.5,1.99,3.48,159.7
2015-04-25 09:30:00,9883800.0,983.39,16.49,291.04,4.65,45.35,18.79,8.52,10.27,5.41,8.66,1178.84,2.41,3.36,158.6
2015-04-25 09:40:00,9884400.0,983.38,17.2,291.76,4.61,43.23,19.65,8.5,11.16,5.39,8.64,1175.96,2.78,4.77,162.2
2015-04-25 09:50:00,9885000.0,983.28,17.31,291.87,4.51,42.62,19.79,8.44,11.36,5.35,8.58,1175.42,2.96,4.64,155.7
2015-04-25 10:00:00,9885600.0,983.21,17.53,292.1,4.65,42.43,20.07,8.52,11.55,5.4,8.66,1174.41,2.87,4.56,146.6
2015-04-25 10:10:00,9886200.0,983.08,17.93,292.51,4.67,41.44,20.58,8.53,12.05,5.41,8.68,1172.64,2.7,4.68,139.1
2015-04-25 10:20:00,9886800.0,982.96,18.39,292.99,4.56,39.94,21.18,8.46,12.72,5.37,8.61,1170.68,3.6,5.0,148.4
2015-04-25 10:30:00,9887400.0,982.79,18.64,293.25,4.7,39.72,21.52,8.55,12.97,5.43,8.7,1169.43,3.05,5.28,139.2
2015-04-25 10:40:00,9888000.0,982.67,19.24,293.87,4.67,38.19,22.34,8.53,13.81,5.42,8.68,1166.89,3.2,5.8,165.1
2015-04-25 10:50:00,9888600.0,982.58,19.51,294.14,4.24,36.42,22.72,8.27,14.44,5.25,8.42,1165.83,4.33,7.69,169.6
2015-04-25 11:00:00,9889200.0,982.48,19.53,294.17,4.26,36.43,22.75,8.29,14.46,5.26,8.43,1165.62,4.24,6.77,168.8
2015-04-25 11:10:00,9889800.0,982.43,19.69,294.34,4.56,36.83,22.97,8.46,14.51,5.37,8.61,1164.85,4.1,7.77,188.5
2015-04-25 11:20:00,9890400.0,982.38,19.54,294.19,3.36,34.18,22.76,7.78,14.98,4.94,7.92,1165.69,5.23,8.73,214.9
2015-04-25 11:30:00,9891000.0,982.37,19.45,294.1,3.28,34.17,22.63,7.73,14.9,4.91,7.87,1166.06,5.04,8.37,221.7
2015-04-25 11:40:00,9891600.0,982.36,19.31,293.96,3.34,34.62,22.44,7.77,14.67,4.93,7.91,1166.59,5.56,7.44,218.3
2015-04-25 11:50:00,9892200.0,982.36,19.18,293.83,3.59,35.52,22.26,7.91,14.35,5.02,8.05,1167.05,4.56,7.12,214.3
2015-04-25 12:00:00,9892800.0,982.38,18.88,293.53,3.73,36.55,21.84,7.98,13.86,5.07,8.13,1168.23,5.37,8.05,223.7
2015-04-25 12:10:00,9893400.0,982.2,18.84,293.5,3.8,36.83,21.79,8.03,13.76,5.1,8.17,1168.16,2.63,5.2,216.2
2015-04-25 12:20:00,9894000.0,982.21,19.15,293.81,3.41,35.14,22.22,7.81,14.41,4.96,7.95,1167.03,4.65,6.52,213.4
2015-04-25 12:30:00,9894600.0,982.11,19.06,293.73,3.75,36.18,22.09,7.99,14.1,5.08,8.14,1167.19,4.35,6.87,229.0
2015-04-25 12:40:00,9895200.0,982.02,19.1,293.78,4.26,37.42,22.15,8.29,13.86,5.27,8.44,1166.79,3.0,5.8,222.0
2015-04-25 12:50:00,9895800.0,981.98,19.35,294.04,4.19,36.66,22.49,8.25,14.25,5.24,8.4,1165.76,3.23,5.68,205.0
2015-04-25 13:00:00,9896400.0,981.89,19.4,294.09,3.82,35.61,22.56,8.04,14.53,5.11,8.18,1165.55,3.76,5.04,207.5
2015-04-25 13:10:00,9897000.0,981.85,19.34,294.04,3.63,35.27,22.48,7.93,14.55,5.04,8.08,1165.79,6.13,10.53,213.0
2015-04-25 13:20:00,9897600.0,981.81,19.09,293.79,3.13,34.56,22.13,7.65,14.48,4.86,7.79,1166.87,7.2,10.05,210.7
2015-04-25 13:30:00,9898200.0,981.84,18.99,293.69,3.09,34.68,21.99,7.63,14.37,4.85,7.77,1167.31,4.92,7.79,204.3
2015-04-25 13:40:00,9898800.0,981.86,18.84,293.53,3.17,35.22,21.79,7.67,14.12,4.88,7.82,1167.91,5.36,8.09,218.7
2015-04-25 13:50:00,9899400.0,981.85,18.5,293.19,3.1,35.79,21.33,7.63,13.7,4.85,7.78,1169.28,5.74,7.97,215.3
2015-04-25 14:00:00,9900000.0,981.87,18.3,292.99,3.62,37.61,21.07,7.92,13.14,5.03,8.07,1169.98,5.78,7.89,212.1
2015-04-25 14:10:00,9900600.0,981.86,17.96,292.65,4.12,39.81,20.62,8.21,12.41,5.22,8.36,1171.2,5.22,8.01,216.6
2015-04-25 14:20:00,9901200.0,981.87,17.77,292.46,4.44,41.18,20.37,8.39,11.98,5.33,8.55,1171.9,4.03,6.08,215.7
2015-04-25 14:30:00,9901800.0,981.89,17.63,292.31,4.63,42.12,20.2,8.51,11.69,5.41,8.66,1172.43,3.97,6.2,220.4
2015-04-25 14:40:00,9902400.0,981.83,17.62,292.31,4.77,42.56,20.18,8.59,11.59,5.46,8.75,1172.36,4.39,7.17,209.4
2015-04-25 14:50:00,9903000.0,981.73,17.77,292.47,5.04,42.96,20.37,8.75,11.62,5.56,8.92,1171.56,4.44,6.95,212.9
2015-04-25 15:00:00,9903600.0,981.65,17.82,292.53,5.27,43.51,20.44,8.89,11.55,5.65,9.06,1171.2,4.7,6.73,218.5
2015-04-25 15:10:00,9904200.0,981.65,17.97,292.68,5.54,43.92,20.63,9.06,11.57,5.76,9.23,1170.52,3.02,4.36,244.9
2015-04-25 15:20:00,9904800.0,981.56,18.14,292.85,5.67,43.87,20.85,9.15,11.71,5.82,9.32,1169.69,4.71,7.27,214.5
2015-04-25 15:30:00,9905400.0,981.52,18.11,292.83,5.86,44.53,20.82,9.27,11.55,5.89,9.44,1169.71,4.39,6.65,215.6
2015-04-25 15:40:00,9906000.0,981.51,17.95,292.67,6.07,45.65,20.61,9.41,11.2,5.98,9.58,1170.28,3.61,5.92,218.5
2015-04-25 15:50:00,9906600.0,981.43,18.01,292.74,6.31,46.23,20.69,9.56,11.12,6.08,9.74,1169.87,3.01,4.84,210.4
2015-04-25 16:00:00,9907200.0,981.39,18.02,292.75,6.32,46.23,20.7,9.57,11.13,6.09,9.75,1169.78,3.83,5.24,208.5
2015-04-25 16:10:00,9907800.0,981.35,18.05,292.78,6.5,46.73,20.74,9.69,11.05,6.17,9.87,1169.56,3.0,5.32,221.6
2015-04-25 16:20:00,9908400.0,981.27,18.04,292.78,6.56,46.93,20.72,9.73,11.0,6.19,9.91,1169.49,3.61,5.54,205.3
2015-04-25 16:30:00,9909000.0,981.26,17.93,292.67,6.78,47.99,20.58,9.88,10.7,6.28,10.07,1169.85,4.24,6.0,217.1
2015-04-25 16:40:00,9909600.0,981.27,17.96,292.7,6.83,48.08,20.62,9.91,10.71,6.31,10.1,1169.72,3.98,6.64,211.0
2015-04-25 16:50:00,9910200.0,981.26,17.94,292.68,6.8,48.04,20.59,9.89,10.7,6.3,10.08,1169.8,5.08,7.29,217.7
2015-04-25 17:00:00,9910800.0,981.19,17.83,292.57,6.75,48.2,20.45,9.86,10.59,6.27,10.05,1170.18,5.87,8.13,207.3
2015-04-25 17:10:00,9911400.0,981.18,17.8,292.55,6.79,48.43,20.41,9.89,10.53,6.29,10.08,1170.27,5.04,6.53,211.4
2015-04-25 17:20:00,9912000.0,981.15,17.72,292.47,6.83,48.78,20.31,9.91,10.4,6.3,10.1,1170.55,6.35,8.89,213.3
2015-04-25 17:30:00,9912600.0,981.19,17.63,292.37,6.96,49.51,20.2,10.0,10.2,6.36,10.19,1170.92,5.56,7.53,208.6
2015-04-25 17:40:00,9913200.0,981.2,17.49,292.23,7.01,50.14,20.02,10.04,9.98,6.39,10.23,1171.48,6.01,8.45,210.8
2015-04-25 17:50:00,9913800.0,981.18,17.37,292.11,7.14,50.96,19.87,10.12,9.74,6.44,10.32,1171.9,6.07,9.13,204.3
2015-04-25 18:00:00,9914400.0,981.18,17.29,292.03,7.33,51.88,19.77,10.25,9.51,6.53,10.45,1172.16,6.34,8.41,206.9
2015-04-25 18:10:00,9915000.0,981.17,17.22,291.96,7.46,52.58,19.68,10.35,9.33,6.59,10.55,1172.39,5.04,7.25,203.5
2015-04-25 18:20:00,9915600.0,981.22,17.17,291.91,7.62,53.34,19.62,10.46,9.15,6.66,10.66,1172.6,5.7,7.25,211.6
2015-04-25 18:30:00,9916200.0,981.23,17.05,291.79,7.8,54.42,19.47,10.59,8.87,6.74,10.8,1173.04,5.14,8.21,213.8
2015-04-25 18:40:00,9916800.0,981.34,16.9,291.63,7.95,55.48,19.28,10.7,8.59,6.81,10.9,1173.73,3.63,6.01,214.6
2015-04-25 18:50:00,9917400.0,981.45,16.8,291.52,8.06,56.27,19.16,10.78,8.38,6.86,10.99,1174.23,2.94,4.84,209.2
2015-04-25 19:00:00,9918000.0,981.47,16.64,291.35,8.31,57.81,18.97,10.97,8.0,6.98,11.17,1174.81,5.67,8.05,204.7
2015-04-25 19:10:00,9918600.0,981.62,16.41,291.11,8.44,59.2,18.69,11.07,7.63,7.04,11.27,1175.88,5.36,7.93,206.8
2015-04-25 19:20:00,9919200.0,981.75,16.24,290.93,8.49,60.03,18.49,11.1,7.39,7.06,11.31,1176.71,4.21,5.73,204.2
2015-04-25 19:30:00,9919800.0,981.88,16.08,290.76,8.53,60.82,18.3,11.13,7.17,7.08,11.34,1177.51,4.69,6.27,209.6
2015-04-25 19:40:00,9920400.0,981.98,15.91,290.58,8.52,61.46,18.11,11.13,6.98,7.08,11.33,1178.32,4.61,7.65,213.7
2015-04-25 19:50:00,9921000.0,982.12,15.72,290.37,8.53,62.26,17.89,11.14,6.75,7.08,11.34,1179.26,4.15,6.49,210.2
2015-04-25 20:00:00,9921600.0,982.21,15.57,290.22,8.65,63.36,17.72,11.22,6.49,7.14,11.43,1179.94,4.07,5.53,206.9
2015-04-25 20:10:00,9922200.0,982.28,15.42,290.06,8.75,64.39,17.55,11.3,6.25,7.19,11.5,1180.61,3.53,5.89,210.3
2015-04-25 20:20:00,9922800.0,982.44,15.26,289.89,8.83,65.42,17.37,11.36,6.01,7.22,11.56,1181.43,2.58,3.46,213.8
2015-04-25 20:30:00,9923400.0,982.49,15.09,289.71,9.02,67.0,17.18,11.51,5.67,7.32,11.71,1182.12,3.69,5.21,205.9
2015-04-25 20:40:00,9924000.0,982.52,14.86,289.48,9.12,68.45,16.92,11.59,5.34,7.37,11.79,1183.06,4.41,6.45,205.6
2015-04-25 20:50:00,9924600.0,982.53,14.65,289.26,9.21,69.81,16.7,11.66,5.04,7.41,11.86,1183.9,4.18,6.73,206.3
2015-04-25 21:00:00,9925200.0,982.54,14.5,289.11,9.27,70.8,16.54,11.71,4.83,7.44,11.92,1184.51,3.98,5.59,201.1
2015-04-25 21:10:00,9925800.0,982.51,14.35,288.96,9.32,71.7,16.38,11.74,4.63,7.47,11.95,1185.08,3.88,5.49,203.2
2015-04-25 21:20:00,9926400.0,982.49,14.23,288.85,9.33,72.3,16.25,11.75,4.5,7.47,11.96,1185.54,4.5,5.93,209.0
2015-04-25 21:30:00,9927000.0,982.48,14.17,288.79,9.33,72.6,16.19,11.75,4.44,7.47,11.96,1185.78,3.73,5.53,205.0
2015-04-25 21:40:00,9927600.0,982.42,14.14,288.76,9.26,72.4,16.15,11.7,4.46,7.44,11.91,1185.85,3.32,5.45,199.2
2015-04-25 21:50:00,9928200.0,982.48,14.1,288.72,9.3,72.8,16.11,11.73,4.38,7.46,11.94,1186.08,2.56,3.52,200.8
2015-04-25 22:00:00,9928800.0,982.48,14.02,288.64,9.31,73.2,16.03,11.73,4.3,7.46,11.94,1186.41,1.82,2.48,204.8
2015-04-25 22:10:00,9929400.0,982.45,13.95,288.57,9.28,73.4,15.96,11.71,4.24,7.45,11.92,1186.67,1.87,3.12,202.4
2015-04-25 22:20:00,9930000.0,982.5,13.93,288.54,9.28,73.5,15.94,11.71,4.22,7.45,11.92,1186.81,1.53,2.78,197.8
2015-04-25 22:30:00,9930600.0,982.56,13.9,288.51,9.29,73.7,15.9,11.72,4.18,7.45,11.93,1187.0,1.04,1.6,194.0
2015-04-25 22:40:00,9931200.0,982.54,13.87,288.48,9.26,73.7,15.87,11.7,4.17,7.44,11.91,1187.11,1.22,1.84,207.4
2015-04-25 22:50:00,9931800.0,982.5,13.8,288.41,9.32,74.3,15.8,11.74,4.06,7.47,11.95,1187.34,1.21,2.24,213.6
2015-04-25 23:00:00,9932400.0,982.57,13.75,288.36,9.31,74.5,15.75,11.73,4.02,7.46,11.94,1187.63,1.85,3.08,204.1
2015-04-25 23:10:00,9933000.0,982.61,13.72,288.32,9.34,74.8,15.72,11.76,3.96,7.48,11.97,1187.79,1.26,2.38,201.2
2015-04-25 23:20:00,9933600.0,982.6,13.67,288.27,9.33,75.0,15.67,11.75,3.92,7.47,11.96,1187.99,1.96,3.12,218.4
2015-04-25 23:30:00,9934200.0,982.6,13.64,288.24,9.32,75.1,15.64,11.74,3.89,7.47,11.95,1188.12,1.95,3.12,229.4
2015-04-25 23:40:00,9934800.0,982.61,13.62,288.22,9.34,75.3,15.62,11.76,3.86,7.48,11.97,1188.21,1.11,1.96,211.8
2015-04-25 23:50:00,9935400.0,982.62,13.57,288.17,9.35,75.6,15.57,11.77,3.8,7.48,11.98,1188.42,1.36,2.32,220.8
2015-04-26 00:00:00,9936000.0,982.61,13.46,288.06,9.44,76.6,15.46,11.84,3.62,7.53,12.05,1188.83,2.04,3.76,226.4
2015-04-26 00:10:00,9936600.0,982.6,13.31,287.91,9.47,77.5,15.31,11.86,3.44,7.54,12.07,1189.43,1.89,2.4,227.8
2015-04-26 00:20:00,9937200.0,982.52,13.16,287.77,9.47,78.3,15.16,11.87,3.29,7.55,12.08,1189.96,1.75,2.92,220.1
2015-04-26 00:30:00,9937800.0,982.55,12.95,287.55,9.42,79.1,14.95,11.82,3.12,7.52,12.03,1190.89,1.61,2.44,213.1
2015-04-26 00:40:00,9938400.0,982.55,12.65,287.25,9.32,80.1,14.66,11.74,2.92,7.47,11.95,1192.17,2.33,3.08,216.1
2015-04-26 00:50:00,9939000.0,982.6,12.46,287.06,9.28,80.9,14.48,11.71,2.76,7.45,11.92,1193.04,2.64,3.3,230.7
2015-04-26 01:00:00,9939600.0,982.5,12.32,286.93,9.23,81.4,14.34,11.68,2.67,7.42,11.88,1193.52,2.38,2.88,230.9
2015-04-26 01:10:00,9940200.0,982.54,12.09,286.69,9.08,81.8,14.13,11.56,2.57,7.35,11.76,1194.59,2.17,2.96,234.9
2015-04-26 01:20:00,9940800.0,982.6,11.77,286.36,8.95,82.8,13.83,11.45,2.38,7.28,11.66,1196.05,1.95,2.48,224.2
2015-04-26 01:30:00,9941400.0,982.61,11.63,286.22,8.85,83.0,13.7,11.37,2.33,7.23,11.58,1196.69,2.24,2.92,226.6
2015-04-26 01:40:00,9942000.0,982.64,11.54,286.13,8.83,83.4,13.62,11.36,2.26,7.22,11.56,1197.11,1.5,2.2,228.3
2015-04-26 01:50:00,9942600.0,982.67,11.72,286.31,8.88,82.7,13.79,11.4,2.39,7.25,11.6,1196.37,2.43,3.08,237.5
2015-04-26 02:00:00,9943200.0,982.65,11.69,286.28,8.87,82.8,13.76,11.39,2.37,7.24,11.59,1196.48,2.71,3.48,244.7
2015-04-26 02:10:00,9943800.0,982.65,11.67,286.26,8.89,83.0,13.74,11.4,2.34,7.25,11.61,1196.55,2.94,3.6,245.0
2015-04-26 02:20:00,9944400.0,982.65,11.77,286.36,8.95,82.8,13.83,11.45,2.38,7.28,11.66,1196.11,2.55,3.28,244.0
2015-04-26 02:30:00,9945000.0,982.62,11.83,286.42,8.88,82.1,13.89,11.4,2.49,7.25,11.6,1195.85,2.21,2.84,240.0
2015-04-26 02:40:00,9945600.0,982.59,11.73,286.32,8.91,82.8,13.8,11.42,2.37,7.26,11.63,1196.22,2.01,2.76,239.4
2015-04-26 02:50:00,9946200.0,982.48,11.67,286.27,8.82,82.6,13.74,11.35,2.39,7.22,11.55,1196.37,2.41,3.48,233.2
2015-04-26 03:00:00,9946800.0,982.48,11.45,286.05,8.76,83.5,13.54,11.31,2.23,7.19,11.51,1197.32,2.85,3.32,238.8
2015-04-26 03:10:00,9947400.0,982.49,11.35,285.95,8.73,83.9,13.45,11.29,2.17,7.18,11.49,1197.76,1.94,2.52,229.1
2015-04-26 03:20:00,9948000.0,982.49,11.25,285.85,8.7,84.3,13.36,11.27,2.1,7.16,11.47,1198.19,2.54,2.96,220.8
2015-04-26 03:30:00,9948600.0,982.48,11.34,285.94,8.74,84.0,13.44,11.29,2.15,7.18,11.49,1197.79,2.81,3.76,235.3
2015-04-26 03:40:00,9949200.0,982.48,11.17,285.77,8.64,84.4,13.29,11.22,2.07,7.13,11.42,1198.54,1.45,2.86,239.0
2015-04-26 03:50:00,9949800.0,982.49,11.03,285.63,8.59,84.9,13.17,11.18,1.99,7.11,11.38,1199.16,2.03,3.0,233.9
2015-04-26 04:00:00,9950400.0,982.42,11.04,285.65,8.62,85.0,13.18,11.2,1.98,7.12,11.4,1199.02,1.92,2.8,231.4
2015-04-26 04:10:00,9951000.0,982.36,10.96,285.57,8.58,85.2,13.11,11.17,1.94,7.1,11.37,1199.3,1.31,1.88,247.8
2015-04-26 04:20:00,9951600.0,982.3,10.76,285.37,8.45,85.6,12.93,11.07,1.86,7.04,11.27,1200.11,0.88,1.76,235.2
2015-04-26 04:30:00,9952200.0,982.26,10.64,285.26,8.49,86.5,12.83,11.1,1.73,7.06,11.3,1200.56,0.3,0.66,183.2
2015-04-26 04:40:00,9952800.0,982.24,10.49,285.11,8.44,87.1,12.7,11.07,1.64,7.04,11.27,1201.19,0.55,0.96,189.6
2015-04-26 04:50:00,9953400.0,982.25,10.24,284.86,8.33,87.9,12.49,10.98,1.51,6.98,11.18,1202.3,0.78,1.28,215.2
2015-04-26 05:00:00,9954000.0,982.31,10.11,284.72,8.33,88.7,12.38,10.99,1.4,6.99,11.18,1202.92,0.76,1.2,188.9
2015-04-26 05:10:00,9954600.0,982.28,10.03,284.64,8.3,89.0,12.32,10.96,1.36,6.97,11.16,1203.23,0.87,1.92,203.2
2015-04-26 05:20:00,9955200.0,982.38,10.0,284.6,8.34,89.4,12.29,10.99,1.3,6.99,11.19,1203.47,0.7,1.36,215.9
2015-04-26 05:30:00,9955800.0,982.44,10.05,284.65,8.42,89.6,12.34,11.05,1.28,7.03,11.25,1203.3,0.6,1.2,228.2
2015-04-26 05:40:00,9956400.0,982.48,9.98,284.57,8.14,88.3,12.28,10.84,1.44,6.89,11.03,1203.75,0.7,1.32,131.2
2015-04-26 05:50:00,9957000.0,982.47,9.75,284.34,8.09,89.4,12.09,10.81,1.28,6.87,11.0,1204.73,0.61,1.24,188.3
2015-04-26 06:00:00,9957600.0,982.51,9.85,284.44,8.26,89.8,12.17,10.93,1.24,6.95,11.12,1204.3,0.75,1.52,195.1
2015-04-26 06:10:00,9958200.0,982.61,10.08,284.66,8.39,89.2,12.36,11.03,1.33,7.01,11.22,1203.4,0.25,0.76,148.8
2015-04-26 06:20:00,9958800.0,982.63,10.34,284.92,8.33,87.3,12.58,10.98,1.6,6.98,11.17,1202.34,0.49,1.12,151.3
2015-04-26 06:30:00,9959400.0,982.66,10.54,285.12,8.3,86.0,12.75,10.96,1.78,6.97,11.16,1201.54,0.66,1.16,204.9
2015-04-26 06:40:00,9960000.0,982.69,10.39,284.97,8.36,87.2,12.62,11.0,1.62,6.99,11.2,1202.19,0.94,1.6,199.6
2015-04-26 06:50:00,9960600.0,982.66,10.48,285.06,8.45,87.2,12.7,11.07,1.63,7.04,11.27,1201.74,0.79,1.68,180.5
2015-04-26 07:00:00,9961200.0,982.63,10.78,285.37,8.5,85.8,12.95,11.11,1.84,7.06,11.31,1200.42,1.04,2.16,168.7
2015-04-26 07:10:00,9961800.0,982.61,10.77,285.36,8.49,85.8,12.94,11.11,1.84,7.06,11.3,1200.44,1.35,2.44,147.8
2015-04-26 07:20:00,9962400.0,982.59,10.95,285.54,8.62,85.5,13.1,11.2,1.9,7.12,11.4,1199.61,1.02,2.4,133.6
2015-04-26 07:30:00,9963000.0,982.54,11.1,285.7,8.68,85.0,13.23,11.25,1.98,7.15,11.45,1198.89,1.01,2.24,131.4
2015-04-26 07:40:00,9963600.0,982.44,11.25,285.85,8.79,84.8,13.36,11.33,2.03,7.21,11.53,1198.1,1.03,2.08,113.7
2015-04-26 07:50:00,9964200.0,982.44,11.64,286.25,8.96,83.6,13.71,11.46,2.25,7.29,11.67,1196.4,0.44,1.16,146.5
2015-04-26 08:00:00,9964800.0,982.47,12.19,286.8,9.09,81.3,14.22,11.56,2.66,7.35,11.77,1194.08,1.26,2.08,142.9
2015-04-26 08:10:00,9965400.0,982.36,12.62,287.24,9.34,80.4,14.63,11.76,2.87,7.48,11.97,1192.06,1.41,2.36,155.4
2015-04-26 08:20:00,9966000.0,982.4,13.16,287.78,9.55,78.7,15.16,11.93,3.23,7.59,12.14,1189.78,1.34,2.16,187.4
2015-04-26 08:30:00,9966600.0,982.29,13.45,288.08,9.55,77.2,15.45,11.92,3.52,7.59,12.14,1188.45,1.86,3.4,162.3
2015-04-26 08:40:00,9967200.0,982.28,13.43,288.06,9.6,77.6,15.43,11.97,3.46,7.61,12.19,1188.5,2.26,3.48,174.9
2015-04-26 08:50:00,9967800.0,982.24,13.39,288.02,9.62,77.9,15.39,11.99,3.4,7.62,12.2,1188.61,3.11,4.12,170.8
2015-04-26 09:00:00,9968400.0,982.23,13.66,288.29,9.54,76.1,15.66,11.92,3.74,7.58,12.13,1187.51,2.95,4.53,189.8
2015-04-26 09:10:00,9969000.0,982.18,14.15,288.79,9.29,72.5,16.17,11.72,4.45,7.46,11.93,1185.51,3.86,5.53,196.4
2015-04-26 09:20:00,9969600.0,982.12,14.4,289.05,9.22,71.0,16.43,11.66,4.76,7.42,11.88,1184.43,4.02,5.73,217.8
2015-04-26 09:30:00,9970200.0,982.07,14.61,289.26,9.32,70.5,16.65,11.74,4.91,7.47,11.96,1183.47,3.38,5.49,196.1
2015-04-26 09:40:00,9970800.0,981.92,14.88,289.55,9.28,69.12,16.95,11.71,5.23,7.45,11.93,1182.2,3.21,5.61,180.5
2015-04-26 09:50:00,9971400.0,981.96,15.36,290.03,9.5,68.0,17.48,11.89,5.59,7.56,12.1,1180.2,2.94,4.08,192.1
2015-04-26 10:00:00,9972000.0,981.95,15.5,290.17,9.3,66.49,17.64,11.73,5.91,7.46,11.94,1179.69,3.32,5.69,219.2
2015-04-26 10:10:00,9972600.0,981.87,15.88,290.56,9.26,64.73,18.07,11.7,6.37,7.44,11.91,1178.05,3.07,7.25,211.6
2015-04-26 10:20:00,9973200.0,981.88,16.12,290.8,9.44,64.52,18.35,11.84,6.51,7.53,12.06,1177.02,4.12,5.93,215.7
2015-04-26 10:30:00,9973800.0,981.87,16.23,290.91,9.44,64.07,18.48,11.84,6.64,7.53,12.06,1176.56,4.77,7.93,199.7
2015-04-26 10:40:00,9974400.0,981.77,16.45,291.14,9.42,63.07,18.74,11.82,6.92,7.52,12.04,1175.56,4.51,6.53,198.4
2015-04-26 10:50:00,9975000.0,981.64,16.53,291.23,9.36,62.52,18.84,11.78,7.06,7.5,12.0,1175.1,3.27,5.33,215.3
2015-04-26 11:00:00,9975600.0,981.5,17.17,291.88,9.23,59.49,19.62,11.67,7.95,7.43,11.89,1172.39,5.74,8.89,204.6
2015-04-26 11:10:00,9976200.0,981.44,17.07,291.79,8.66,57.6,19.49,11.23,8.27,7.15,11.44,1172.92,6.08,9.21,218.1
2015-04-26 11:20:00,9976800.0,981.38,17.07,291.79,8.76,58.02,19.49,11.31,8.18,7.2,11.52,1172.81,6.08,8.49,218.4
2015-04-26 11:30:00,9977400.0,981.3,17.05,291.78,8.64,57.6,19.47,11.21,8.25,7.14,11.43,1172.84,5.61,7.53,215.8
2015-04-26 11:40:00,9978000.0,981.24,17.7,292.44,8.76,55.74,20.29,11.31,8.98,7.2,11.52,1170.1,4.63,7.17,218.9
2015-04-26 11:50:00,9978600.0,981.17,17.77,292.52,8.38,54.07,20.37,11.02,9.36,7.01,11.23,1169.87,5.01,8.73,229.0
2015-04-26 12:00:00,9979200.0,981.04,17.92,292.68,8.47,53.91,20.57,11.09,9.48,7.06,11.3,1169.08,5.15,9.13,214.6
2015-04-26 12:10:00,9979800.0,981.01,17.82,292.58,8.51,54.38,20.44,11.11,9.32,7.08,11.33,1169.43,4.01,7.05,230.7
2015-04-26 12:20:00,9980400.0,980.94,17.62,292.38,8.52,55.11,20.18,11.12,9.06,7.08,11.34,1170.15,3.57,6.0,223.0
2015-04-26 12:30:00,9981000.0,980.87,17.63,292.4,8.58,55.31,20.2,11.17,9.03,7.11,11.39,1170.0,3.11,5.16,239.2
2015-04-26 12:40:00,9981600.0,980.72,18.2,292.99,8.21,52.05,20.93,10.9,10.04,6.94,11.11,1167.66,4.11,7.31,216.3
2015-04-26 12:50:00,9982200.0,980.62,18.45,293.25,8.29,51.49,21.26,10.95,10.32,6.97,11.17,1166.51,4.72,6.73,205.4
2015-04-26 13:00:00,9982800.0,980.54,18.27,293.07,8.17,51.66,21.03,10.86,10.16,6.92,11.08,1167.18,4.98,7.69,211.1
2015-04-26 13:10:00,9983400.0,980.52,18.3,293.1,8.1,51.33,21.07,10.81,10.25,6.89,11.03,1167.06,3.48,6.85,220.9
2015-04-26 13:20:00,9984000.0,980.32,19.1,293.93,8.37,49.72,22.15,11.01,11.14,7.02,11.23,1163.53,3.78,7.81,217.8
2015-04-26 13:30:00,9984600.0,980.29,19.03,293.86,8.44,50.19,22.05,11.07,10.98,7.05,11.29,1163.75,4.54,6.93,214.6
2015-04-26 13:40:00,9985200.0,980.26,18.64,293.47,8.56,51.85,21.52,11.16,10.36,7.11,11.38,1165.23,3.14,6.24,232.3
2015-04-26 13:50:00,9985800.0,980.23,18.58,293.41,8.92,53.31,21.44,11.43,10.01,7.28,11.66,1165.31,4.59,7.28,213.9
2015-04-26 14:00:00,9986400.0,980.06,18.29,293.13,8.75,53.69,21.05,11.3,9.75,7.2,11.53,1166.33,4.67,8.29,215.3
2015-04-26 14:10:00,9987000.0,979.97,18.21,293.06,8.61,53.45,20.95,11.2,9.75,7.14,11.42,1166.59,4.16,6.72,212.7
2015-04-26 14:20:00,9987600.0,979.79,18.1,292.97,8.58,53.7,20.8,11.17,9.63,7.12,11.4,1166.82,4.69,7.81,209.8
2015-04-26 14:30:00,9988200.0,979.72,18.58,293.45,8.91,53.27,21.44,11.42,10.02,7.28,11.66,1164.71,3.64,6.04,209.0
2015-04-26 14:40:00,9988800.0,979.66,19.19,294.07,7.96,48.1,22.27,10.71,11.56,6.83,10.93,1162.52,4.06,6.56,207.4
2015-04-26 14:50:00,9989400.0,979.5,19.14,294.04,7.99,48.33,22.2,10.73,11.47,6.84,10.95,1162.53,4.02,7.57,215.5
2015-04-26 15:00:00,9990000.0,979.38,19.3,294.21,8.46,49.42,22.42,11.08,11.34,7.07,11.32,1161.59,3.89,7.36,220.7
2015-04-26 15:10:00,9990600.0,979.3,19.49,294.41,8.49,48.94,22.69,11.1,11.59,7.08,11.34,1160.73,3.76,7.48,240.2
2015-04-26 15:20:00,9991200.0,979.23,19.65,294.57,8.72,49.21,22.92,11.28,11.64,7.19,11.52,1159.93,3.55,6.52,220.0
2015-04-26 15:30:00,9991800.0,979.2,19.63,294.56,8.87,49.78,22.89,11.39,11.49,7.27,11.64,1159.92,2.6,4.8,202.6
2015-04-26 15:40:00,9992400.0,979.15,19.76,294.69,8.63,48.59,23.07,11.21,11.86,7.15,11.45,1159.43,3.72,6.56,217.9
2015-04-26 15:50:00,9993000.0,978.99,19.81,294.75,8.45,47.85,23.15,11.08,12.07,7.07,11.31,1159.1,3.6,6.97,210.4
2015-04-26 16:00:00,9993600.0,978.93,19.64,294.59,8.38,48.1,22.9,11.02,11.89,7.03,11.25,1159.73,3.17,5.24,219.2
2015-04-26 16:10:00,9994200.0,978.9,19.38,294.33,8.55,49.46,22.54,11.15,11.39,7.11,11.39,1160.67,3.42,4.84,221.3
2015-04-26 16:20:00,9994800.0,978.85,19.59,294.55,8.66,49.18,22.83,11.23,11.6,7.17,11.47,1159.74,2.94,4.4,215.7
2015-04-26 16:30:00,9995400.0,978.8,19.76,294.72,8.73,48.89,23.07,11.28,11.79,7.2,11.53,1158.98,2.26,3.8,239.7
2015-04-26 16:40:00,9996000.0,978.82,19.54,294.5,8.66,49.34,22.76,11.23,11.53,7.17,11.47,1159.9,1.43,2.64,250.4
2015-04-26 16:50:00,9996600.0,978.87,19.2,294.15,8.86,51.08,22.28,11.38,10.9,7.27,11.63,1161.24,2.11,4.56,289.2
2015-04-26 17:00:00,9997200.0,978.84,18.46,293.41,8.94,53.78,21.28,11.44,9.83,7.3,11.69,1164.13,1.25,3.24,306.5
2015-04-26 17:10:00,9997800.0,978.93,18.17,293.11,8.69,53.88,20.89,11.26,9.64,7.18,11.5,1165.48,1.92,4.44,273.3
2015-04-26 17:20:00,9998400.0,979.27,17.55,292.46,9.37,58.63,20.09,11.78,8.31,7.52,12.03,1168.13,2.95,5.68,271.8
2015-04-26 17:30:00,9999000.0,979.75,15.23,290.08,10.8,74.8,17.33,12.97,4.37,8.27,13.23,1177.57,3.31,7.24,262.6
2015-04-26 17:40:00,9999600.0,979.64,13.67,288.52,10.95,83.6,15.67,13.1,2.57,8.36,13.37,1183.78,2.98,4.4,260.4
2015-04-26 17:50:00,10000200.0,979.66,13.29,288.14,10.98,85.9,15.29,13.13,2.16,8.38,13.4,1185.36,2.96,4.24,268.6
2015-04-26 18:00:00,10000800.0,979.17,13.17,288.06,10.28,82.6,15.17,12.53,2.64,8.0,12.79,1185.54,4.11,6.44,295.2
2015-04-26 18:10:00,10001400.0,979.1,13.6,288.5,9.88,78.2,15.6,12.2,3.4,7.79,12.46,1183.82,2.75,5.12,292.3
2015-04-26 18:20:00,10002000.0,979.11,13.77,288.67,10.78,82.1,15.77,12.95,2.82,8.27,13.22,1182.79,1.17,2.2,117.6
2015-04-26 18:30:00,10002600.0,979.18,13.64,288.53,10.97,83.9,15.64,13.12,2.52,8.38,13.4,1183.33,1.43,2.44,176.4
2015-04-26 18:40:00,10003200.0,979.09,13.51,288.41,10.81,83.7,15.51,12.98,2.53,8.29,13.26,1183.82,1.65,2.2,230.1
2015-04-26 18:50:00,10003800.0,979.14,13.37,288.26,10.85,84.7,15.37,13.01,2.35,8.31,13.29,1184.45,1.11,1.58,211.6
2015-04-26 19:00:00,10004400.0,979.14,13.24,288.13,10.94,85.9,15.24,13.09,2.15,8.36,13.37,1184.95,1.12,1.6,231.4
2015-04-26 19:10:00,10005000.0,979.15,13.2,288.09,10.79,85.3,15.2,12.96,2.23,8.28,13.24,1185.19,1.19,1.76,244.5
2015-04-26 19:20:00,10005600.0,979.08,13.1,288.0,10.85,86.2,15.1,13.01,2.08,8.31,13.29,1185.49,0.29,0.56,217.8
2015-04-26 19:30:00,10006200.0,979.1,12.8,287.69,10.83,87.8,14.8,13.0,1.81,8.3,13.27,1186.77,0.51,1.48,226.8
2015-04-26 19:40:00,10006800.0,979.05,12.77,287.67,10.77,87.6,14.77,12.94,1.83,8.26,13.22,1186.86,0.86,1.34,241.6
2015-04-26 19:50:00,10007400.0,979.05,12.84,287.74,10.46,85.4,14.84,12.67,2.17,8.09,12.95,1186.69,0.71,1.2,222.4
2015-04-26 20:00:00,10008000.0,979.11,12.78,287.67,10.36,85.2,14.78,12.6,2.19,8.04,12.86,1187.05,0.36,0.84,219.3
2015-04-26 20:10:00,10008600.0,979.18,12.54,287.42,10.37,86.6,14.55,12.6,1.95,8.04,12.87,1188.13,0.58,0.92,220.6
2015-04-26 20:20:00,10009200.0,979.24,12.51,287.39,10.41,87.0,14.52,12.64,1.89,8.07,12.9,1188.31,0.69,1.08,230.1
2015-04-26 20:30:00,10009800.0,979.16,12.53,287.42,10.41,86.9,14.54,12.64,1.91,8.07,12.91,1188.13,0.29,0.6,205.3
2015-04-26 20:40:00,10010400.0,979.13,12.19,287.08,10.38,88.7,14.22,12.61,1.61,8.05,12.88,1189.52,0.36,0.72,47.27
2015-04-26 20:50:00,10011000.0,979.12,12.01,286.9,10.61,91.1,14.05,12.8,1.25,8.17,13.08,1190.17,0.65,1.04,19.18
2015-04-26 21:00:00,10011600.0,979.17,11.92,286.8,10.6,91.6,13.97,12.8,1.17,8.17,13.07,1190.61,0.66,0.92,90.7
2015-04-26 21:10:00,10012200.0,979.06,11.57,286.46,10.33,92.1,13.65,12.57,1.08,8.03,12.84,1192.04,0.31,0.82,64.75
2015-04-26 21:20:00,10012800.0,979.02,11.5,286.39,10.39,92.9,13.59,12.62,0.96,8.06,12.89,1192.26,0.36,0.72,234.9
2015-04-26 21:30:00,10013400.0,979.01,11.43,286.32,10.4,93.4,13.52,12.63,0.89,8.06,12.9,1192.54,0.63,0.92,230.4
2015-04-26 21:40:00,10014000.0,979.02,11.5,286.39,10.36,92.7,13.59,12.6,0.99,8.04,12.87,1192.28,1.06,1.4,236.1
2015-04-26 21:50:00,10014600.0,979.07,11.66,286.55,10.23,90.9,13.73,12.48,1.25,7.97,12.75,1191.72,0.6,0.92,216.5
2015-04-26 22:00:00,10015200.0,979.15,11.53,286.41,10.11,91.0,13.61,12.39,1.23,7.91,12.65,1192.4,1.08,1.78,206.9
2015-04-26 22:10:00,10015800.0,979.09,11.43,286.32,9.93,90.5,13.52,12.24,1.28,7.81,12.5,1192.82,1.82,2.64,228.1
2015-04-26 22:20:00,10016400.0,979.04,11.19,286.08,9.84,91.4,13.31,12.17,1.14,7.77,12.43,1193.8,1.84,2.52,220.2
2015-04-26 22:30:00,10017000.0,978.92,11.11,286.01,9.81,91.7,13.24,12.14,1.1,7.75,12.4,1194.0,1.47,1.94,217.0
2015-04-26 22:40:00,10017600.0,978.79,10.99,285.9,9.86,92.7,13.13,12.18,0.96,7.77,12.44,1194.33,1.02,1.68,219.3
2015-04-26 22:50:00,10018200.0,978.66,10.91,285.83,9.83,93.0,13.06,12.15,0.91,7.76,12.42,1194.52,0.66,1.32,199.9
2015-04-26 23:00:00,10018800.0,978.59,10.87,285.79,9.77,92.9,13.03,12.1,0.93,7.73,12.37,1194.62,0.61,0.96,28.87
2015-04-26 23:10:00,10019400.0,978.54,10.78,285.71,9.71,93.1,12.95,12.06,0.89,7.7,12.32,1194.96,0.99,1.34,43.41
2015-04-26 23:20:00,10020000.0,978.46,10.54,285.47,9.44,92.9,12.75,11.84,0.9,7.56,12.1,1195.97,0.49,0.84,153.4
2015-04-26 23:30:00,10020600.0,978.35,10.32,285.26,9.37,93.8,12.56,11.78,0.78,7.52,12.04,1196.79,0.29,0.56,200.3
2015-04-26 23:40:00,10021200.0,978.28,10.26,285.21,9.37,94.2,12.51,11.78,0.73,7.53,12.05,1196.96,0.47,0.6,36.06
2015-04-26 23:50:00,10021800.0,978.24,10.04,284.99,9.15,94.2,12.33,11.61,0.71,7.42,11.87,1197.92,0.27,0.48,347.9
2015-04-27 00:00:00,10022400.0,978.1,9.85,284.81,9.0,94.4,12.17,11.49,0.68,7.34,11.75,1198.61,1.0,2.04,201.9
2015-04-27 00:10:00,10023000.0,977.93,9.62,284.59,8.81,94.7,11.98,11.35,0.64,7.25,11.6,1199.44,1.15,1.6,211.6
2015-04-27 00:20:00,10023600.0,977.8,9.65,284.63,8.87,94.9,12.01,11.4,0.61,7.28,11.65,1199.13,1.02,1.44,216.8
2015-04-27 00:30:00,10024200.0,977.71,9.69,284.68,8.91,94.9,12.04,11.43,0.61,7.3,11.69,1198.84,1.22,1.58,227.7
2015-04-27 00:40:00,10024800.0,977.7,9.78,284.77,8.97,94.7,12.11,11.47,0.64,7.33,11.73,1198.42,1.65,2.12,218.2
2015-04-27 00:50:00,10025400.0,977.65,9.24,284.23,8.34,94.1,11.68,10.99,0.69,7.02,11.24,1200.88,1.34,2.12,211.7
2015-04-27 01:00:00,10026000.0,977.6,8.91,283.9,8.14,94.9,11.42,10.84,0.58,6.93,11.09,1202.29,1.12,1.76,183.9
2015-04-27 01:10:00,10026600.0,977.49,8.61,283.61,7.87,95.1,11.19,10.64,0.55,6.8,10.89,1203.52,0.81,1.32,160.8
2015-04-27 01:20:00,10027200.0,977.34,8.34,283.35,7.63,95.3,10.99,10.47,0.52,6.69,10.72,1204.57,1.08,1.68,150.6
2015-04-27 01:30:00,10027800.0,977.07,8.33,283.36,7.72,95.9,10.98,10.53,0.45,6.73,10.78,1204.25,0.41,0.98,18.27
2015-04-27 01:40:00,10028400.0,976.92,8.63,283.68,8.08,96.3,11.21,10.79,0.41,6.9,11.05,1202.66,0.46,0.96,356.8
2015-04-27 01:50:00,10029000.0,976.8,8.64,283.7,7.96,95.5,11.22,10.71,0.5,6.85,10.97,1202.51,0.36,0.72,90.9
2015-04-27 02:00:00,10029600.0,976.66,8.63,283.7,7.89,95.1,11.21,10.66,0.55,6.82,10.91,1202.41,0.3,0.74,125.1
2015-04-27 02:10:00,10030200.0,976.42,8.66,283.75,7.83,94.5,11.23,10.61,0.62,6.79,10.87,1202.0,0.53,1.24,116.8
2015-04-27 02:20:00,10030800.0,976.29,8.46,283.56,7.63,94.5,11.08,10.47,0.61,6.7,10.72,1202.76,0.53,1.04,129.6
2015-04-27 02:30:00,10031400.0,976.19,8.48,283.59,7.73,95.0,11.09,10.54,0.55,6.74,10.8,1202.52,0.35,0.64,195.8
2015-04-27 02:40:00,10032000.0,976.1,8.7,283.82,8.01,95.4,11.26,10.74,0.52,6.87,11.01,1201.38,0.65,1.4,198.8
2015-04-27 02:50:00,10032600.0,976.0,8.75,283.88,8.04,95.3,11.3,10.77,0.53,6.89,11.03,1201.03,0.79,1.24,200.7
2015-04-27 03:00:00,10033200.0,975.88,9.09,284.23,8.47,95.9,11.56,11.09,0.47,7.1,11.36,1199.28,1.35,1.88,206.5
2015-04-27 03:10:00,10033800.0,975.82,9.52,284.67,8.78,95.1,11.9,11.32,0.58,7.25,11.6,1197.28,1.13,1.72,211.0
2015-04-27 03:20:00,10034400.0,975.73,9.23,284.38,8.35,94.2,11.67,11.0,0.68,7.04,11.27,1198.55,0.85,1.36,190.9
2015-04-27 03:30:00,10035000.0,975.71,9.18,284.33,8.45,95.2,11.63,11.08,0.56,7.09,11.35,1198.7,0.51,0.92,131.4
2015-04-27 03:40:00,10035600.0,975.62,9.1,284.26,8.37,95.2,11.57,11.02,0.56,7.05,11.29,1198.95,0.5,0.92,192.0
2015-04-27 03:50:00,10036200.0,975.6,9.04,284.2,8.27,94.9,11.52,10.94,0.59,7.0,11.21,1199.22,0.51,0.96,154.6
2015-04-27 04:00:00,10036800.0,975.54,8.92,284.08,8.12,94.7,11.43,10.83,0.61,6.93,11.1,1199.71,0.62,1.16,71.2
2015-04-27 04:10:00,10037400.0,975.46,9.17,284.34,8.41,95.0,11.63,11.04,0.58,7.07,11.32,1198.45,1.88,2.86,27.81
2015-04-27 04:20:00,10038000.0,975.4,9.62,284.8,8.67,93.8,11.98,11.24,0.74,7.2,11.52,1196.37,1.58,2.76,40.33
2015-04-27 04:30:00,10038600.0,975.46,9.72,284.9,8.45,91.8,12.06,11.08,0.99,7.09,11.35,1196.1,0.69,1.46,160.9
2015-04-27 04:40:00,10039200.0,975.48,9.96,285.14,8.63,91.4,12.26,11.21,1.05,7.18,11.49,1195.05,0.43,1.2,215.0
2015-04-27 04:50:00,10039800.0,975.4,10.06,285.24,8.52,90.1,12.34,11.12,1.22,7.12,11.4,1194.57,0.83,1.52,137.1
2015-04-27 05:00:00,10040400.0,975.25,9.69,284.88,8.54,92.5,12.04,11.14,0.9,7.13,11.42,1195.94,0.82,1.44,239.4
2015-04-27 05:10:00,10041000.0,975.12,10.13,285.34,9.08,93.2,12.4,11.56,0.84,7.41,11.85,1193.73,0.77,1.6,243.3
2015-04-27 05:20:00,10041600.0,975.17,10.16,285.36,8.95,92.2,12.43,11.46,0.97,7.34,11.75,1193.71,1.13,1.68,218.8
2015-04-27 05:30:00,10042200.0,975.29,10.43,285.63,8.9,90.2,12.65,11.41,1.24,7.31,11.7,1192.74,0.85,1.44,186.0
2015-04-27 05:40:00,10042800.0,975.48,9.8,284.98,8.63,92.4,12.13,11.21,0.92,7.18,11.49,1195.73,0.86,2.12,159.2
2015-04-27 05:50:00,10043400.0,975.49,9.55,284.72,8.57,93.6,11.93,11.16,0.76,7.15,11.44,1196.82,0.82,2.12,96.1
2015-04-27 06:00:00,10044000.0,975.51,9.46,284.63,8.44,93.3,11.86,11.06,0.79,7.08,11.34,1197.27,0.66,1.28,187.2
2015-04-27 06:10:00,10044600.0,975.56,9.29,284.46,8.22,93.0,11.72,10.9,0.82,6.98,11.17,1198.13,0.59,1.2,94.1
2015-04-27 06:20:00,10045200.0,975.6,9.33,284.49,8.34,93.5,11.75,10.99,0.76,7.04,11.26,1197.97,0.42,0.92,100.8
2015-04-27 06:30:00,10045800.0,975.6,9.46,284.62,8.44,93.3,11.86,11.06,0.79,7.08,11.34,1197.38,0.95,2.0,134.3
2015-04-27 06:40:00,10046400.0,975.54,9.54,284.71,8.53,93.4,11.92,11.13,0.79,7.13,11.41,1196.93,0.62,1.2,71.0
2015-04-27 06:50:00,10047000.0,975.5,9.68,284.85,8.75,93.9,12.03,11.3,0.73,7.24,11.58,1196.22,0.52,0.96,150.0
2015-04-27 07:00:00,10047600.0,975.48,10.02,285.2,9.13,94.2,12.31,11.6,0.71,7.43,11.89,1194.62,0.65,1.48,174.3
2015-04-27 07:10:00,10048200.0,975.47,10.24,285.42,9.16,93.0,12.49,11.62,0.87,7.44,11.91,1193.67,0.82,1.84,186.6
2015-04-27 07:20:00,10048800.0,975.47,10.28,285.46,9.14,92.6,12.53,11.6,0.93,7.43,11.89,1193.51,0.88,1.52,231.4
2015-04-27 07:30:00,10049400.0,975.42,10.57,285.76,9.44,92.7,12.77,11.84,0.93,7.58,12.14,1192.11,0.75,1.68,188.8
2015-04-27 07:40:00,10050000.0,975.37,10.97,286.16,9.66,91.6,13.12,12.02,1.1,7.7,12.32,1190.29,0.93,1.92,152.1
2015-04-27 07:50:00,10050600.0,975.44,11.22,286.41,9.73,90.5,13.34,12.07,1.27,7.73,12.37,1189.31,0.79,1.56,116.5
2015-04-27 08:00:00,10051200.0,975.38,11.5,286.7,9.82,89.4,13.59,12.15,1.44,7.78,12.45,1188.03,0.98,2.88,99.5
2015-04-27 08:10:00,10051800.0,975.26,11.34,286.55,9.81,90.3,13.44,12.14,1.3,7.78,12.45,1188.55,1.46,2.56,154.8
2015-04-27 08:20:00,10052400.0,975.33,11.41,286.61,10.13,91.8,13.51,12.4,1.11,7.95,12.71,1188.23,1.24,2.36,199.1
2015-04-27 08:30:00,10053000.0,975.29,11.78,286.99,10.44,91.5,13.84,12.66,1.18,8.12,12.99,1186.51,1.35,2.36,164.1
2015-04-27 08:40:00,10053600.0,975.24,12.34,287.55,10.58,89.0,14.36,12.78,1.58,8.19,13.11,1184.07,1.35,2.8,143.8
2015-04-27 08:50:00,10054200.0,975.2,12.96,288.18,10.87,87.1,14.96,13.03,1.93,8.35,13.36,1181.34,0.68,1.84,194.9
2015-04-27 09:00:00,10054800.0,975.12,13.59,288.82,11.17,85.3,15.59,13.3,2.29,8.53,13.64,1178.53,0.42,1.44,351.8
2015-04-27 09:10:00,10055400.0,975.1,13.72,288.96,11.05,83.9,15.72,13.19,2.53,8.46,13.53,1178.02,1.18,2.08,44.82
2015-04-27 09:20:00,10056000.0,975.15,14.14,289.38,11.5,84.1,16.15,13.59,2.57,8.71,13.93,1176.17,0.39,1.7,62.89
2015-04-27 09:30:00,10056600.0,975.31,14.63,289.86,11.72,82.7,16.68,13.79,2.88,8.84,14.14,1174.27,0.47,1.12,239.4
2015-04-27 09:40:00,10057200.0,975.38,15.11,290.33,11.99,81.6,17.2,14.03,3.16,9.0,14.39,1172.29,0.31,0.72,56.42
2015-04-27 09:50:00,10057800.0,975.47,15.45,290.67,12.28,81.4,17.58,14.31,3.27,9.18,14.67,1170.89,0.59,1.2,67.34
2015-04-27 10:00:00,10058400.0,975.53,15.23,290.44,12.38,83.1,17.33,14.4,2.93,9.24,14.77,1171.81,1.06,1.52,26.87
2015-04-27 10:10:00,10059000.0,975.59,15.93,291.14,12.64,80.8,18.13,14.65,3.48,9.39,15.01,1168.94,0.47,1.04,83.0
2015-04-27 10:20:00,10059600.0,975.61,17.34,292.56,12.97,75.5,19.83,14.97,4.86,9.6,15.35,1163.14,0.57,1.32,166.1
2015-04-27 10:30:00,10060200.0,975.68,17.84,293.06,12.13,69.2,20.46,14.16,6.3,9.08,14.51,1161.59,1.82,4.2,270.6
2015-04-27 10:40:00,10060800.0,975.71,17.87,293.08,11.97,68.38,20.5,14.02,6.48,8.99,14.37,1161.57,1.01,2.72,237.1
2015-04-27 10:50:00,10061400.0,975.74,17.82,293.03,11.44,66.22,20.44,13.53,6.9,8.67,13.87,1162.03,2.56,4.16,280.3
2015-04-27 11:00:00,10062000.0,975.72,17.67,292.88,11.68,67.92,20.25,13.75,6.5,8.81,14.09,1162.5,1.54,3.32,273.0
2015-04-27 11:10:00,10062600.0,975.72,17.43,292.64,11.6,68.6,19.94,13.68,6.26,8.77,14.02,1163.5,1.02,2.36,287.6
2015-04-27 11:20:00,10063200.0,975.64,17.38,292.6,11.49,68.28,19.88,13.57,6.31,8.7,13.91,1163.65,1.45,3.44,4.06
2015-04-27 11:30:00,10063800.0,975.63,17.03,292.24,11.32,69.04,19.44,13.42,6.02,8.6,13.76,1165.11,1.64,3.92,343.6
2015-04-27 11:40:00,10064400.0,975.63,17.23,292.45,11.42,68.65,19.69,13.52,6.17,8.66,13.86,1164.26,1.88,3.68,12.7
2015-04-27 11:50:00,10065000.0,975.72,17.21,292.42,11.74,70.2,19.67,13.81,5.86,8.85,14.15,1164.32,2.39,5.4,40.17
2015-04-27 12:00:00,10065600.0,975.76,16.67,291.87,11.69,72.4,19.0,13.76,5.25,8.82,14.1,1166.56,3.65,6.97,23.14
2015-04-27 12:10:00,10066200.0,975.76,16.21,291.41,11.94,75.8,18.46,13.99,4.47,8.97,14.34,1168.31,5.23,7.24,24.8
2015-04-27 12:20:00,10066800.0,975.81,16.06,291.25,11.78,75.7,18.28,13.84,4.44,8.87,14.18,1169.04,3.95,6.68,20.93
2015-04-27 12:30:00,10067400.0,975.77,16.05,291.25,11.67,75.2,18.27,13.74,4.53,8.8,14.08,1169.08,4.78,7.08,28.84
2015-04-27 12:40:00,10068000.0,975.85,16.05,291.24,11.71,75.4,18.27,13.77,4.49,8.83,14.12,1169.16,3.94,5.96,22.14
2015-04-27 12:50:00,10068600.0,975.88,15.98,291.17,11.54,74.9,18.19,13.62,4.56,8.73,13.96,1169.55,5.14,7.57,25.49
2015-04-27 13:00:00,10069200.0,975.98,15.67,290.85,11.91,78.3,17.83,13.96,3.87,8.95,14.3,1170.77,5.23,7.04,24.57
2015-04-27 13:10:00,10069800.0,976.1,15.25,290.41,11.94,80.6,17.36,13.99,3.37,8.96,14.33,1172.61,4.64,6.69,19.98
2015-04-27 13:20:00,10070400.0,976.15,14.86,290.02,11.64,81.0,16.92,13.71,3.22,8.78,14.04,1174.39,6.47,9.31,37.72
2015-04-27 13:30:00,10071000.0,976.34,13.86,288.99,10.99,82.8,15.86,13.14,2.73,8.41,13.45,1178.97,7.43,9.45,31.79
2015-04-27 13:40:00,10071600.0,976.61,13.22,288.33,10.44,83.2,15.22,12.66,2.56,8.1,12.96,1182.15,6.14,8.89,25.68
2015-04-27 13:50:00,10072200.0,976.96,12.38,287.45,9.79,84.2,14.4,12.12,2.28,7.76,12.41,1186.3,5.99,9.21,20.57
2015-04-27 14:00:00,10072800.0,977.03,11.67,286.73,9.38,85.8,13.74,11.79,1.95,7.54,12.07,1189.5,6.92,10.41,23.2
2015-04-27 14:10:00,10073400.0,977.18,11.43,286.48,9.23,86.3,13.52,11.67,1.85,7.46,11.94,1190.74,5.71,7.61,22.04
2015-04-27 14:20:00,10074000.0,977.24,11.43,286.47,9.09,85.5,13.52,11.56,1.96,7.39,11.83,1190.87,6.21,9.01,22.73
2015-04-27 14:30:00,10074600.0,977.33,11.29,286.32,8.88,85.1,13.4,11.4,2.0,7.29,11.67,1191.64,5.98,7.69,26.32
2015-04-27 14:40:00,10075200.0,977.29,11.07,286.1,8.63,84.9,13.2,11.21,1.99,7.17,11.47,1192.6,6.26,9.05,25.72
2015-04-27 14:50:00,10075800.0,977.27,10.89,285.92,8.51,85.2,13.05,11.12,1.93,7.11,11.37,1193.38,7.43,10.73,26.27
2015-04-27 15:00:00,10076400.0,977.3,10.54,285.57,8.39,86.5,12.75,11.03,1.72,7.05,11.28,1194.93,7.03,10.33,29.11
2015-04-27 15:10:00,10077000.0,977.35,10.31,285.33,8.35,87.6,12.55,11.0,1.56,7.03,11.25,1195.97,6.15,8.89,23.78
2015-04-27 15:20:00,10077600.0,977.35,10.26,285.28,8.38,88.1,12.51,11.02,1.49,7.04,11.28,1196.17,5.05,7.69,25.54
2015-04-27 15:30:00,10078200.0,977.35,10.1,285.12,8.31,88.6,12.38,10.97,1.41,7.01,11.22,1196.87,5.41,7.77,20.75
2015-04-27 15:40:00,10078800.0,977.39,10.04,285.06,8.33,89.1,12.33,10.98,1.34,7.02,11.24,1197.17,4.45,6.65,20.1
2015-04-27 15:50:00,10079400.0,977.48,10.02,285.03,8.31,89.1,12.31,10.97,1.34,7.01,11.22,1197.37,4.91,7.81,25.28
2015-04-27 16:00:00,10080000.0,977.61,10.02,285.02,8.26,88.8,12.31,10.93,1.38,6.98,11.18,1197.55,4.06,5.77,21.08
2015-04-27 16:10:00,10080600.0,977.8,10.06,285.04,8.19,88.1,12.34,10.87,1.47,6.95,11.12,1197.64,3.4,5.49,20.14
2015-04-27 16:20:00,10081200.0,977.89,10.01,284.99,8.19,88.4,12.3,10.88,1.43,6.95,11.12,1197.96,4.09,6.37,23.6
2015-04-27 16:30:00,10081800.0,978.03,10.01,284.97,8.07,87.7,12.3,10.79,1.51,6.89,11.03,1198.17,4.68,6.65,28.54
2015-04-27 16:40:00,10082400.0,978.18,10.01,284.96,8.0,87.3,12.3,10.74,1.56,6.86,10.98,1198.38,4.53,6.49,24.19
2015-04-27 16:50:00,10083000.0,978.18,10.0,284.95,7.89,86.7,12.29,10.66,1.64,6.81,10.9,1198.46,4.83,7.87,24.03
2015-04-27 17:00:00,10083600.0,978.17,9.98,284.93,7.85,86.6,12.28,10.63,1.65,6.79,10.87,1198.54,4.59,6.45,26.4
2015-04-27 17:10:00,10084200.0,978.18,9.82,284.77,7.82,87.3,12.15,10.6,1.54,6.77,10.84,1199.25,4.38,6.59,26.81
2015-04-27 17:20:00,10084800.0,978.25,9.67,284.61,7.77,87.9,12.02,10.57,1.45,6.75,10.8,1199.99,4.33,6.53,25.27
2015-04-27 17:30:00,10085400.0,978.28,9.56,284.5,7.68,88.0,11.94,10.5,1.43,6.71,10.74,1200.52,4.51,6.73,25.72
2015-04-27 17:40:00,10086000.0,978.28,9.32,284.26,7.67,89.4,11.74,10.5,1.24,6.7,10.73,1201.54,3.7,5.81,19.44
2015-04-27 17:50:00,10086600.0,978.23,9.03,283.97,7.61,90.8,11.52,10.46,1.06,6.68,10.69,1202.73,3.52,6.01,17.03
2015-04-27 18:00:00,10087200.0,978.27,8.76,283.7,7.49,91.7,11.31,10.37,0.94,6.62,10.6,1203.98,4.3,6.21,22.91
2015-04-27 18:10:00,10087800.0,978.4,8.44,283.36,7.28,92.4,11.06,10.22,0.84,6.53,10.45,1205.57,3.27,6.13,18.57
2015-04-27 18:20:00,10088400.0,978.45,8.28,283.2,7.17,92.7,10.95,10.15,0.8,6.48,10.37,1206.36,3.23,5.27,22.46
2015-04-27 18:30:00,10089000.0,978.48,8.2,283.12,7.04,92.4,10.89,10.06,0.83,6.42,10.28,1206.78,4.76,7.21,24.79
2015-04-27 18:40:00,10089600.0,978.5,8.17,283.08,6.95,92.0,10.86,9.99,0.87,6.38,10.21,1206.96,4.36,7.61,22.95
2015-04-27 18:50:00,10090200.0,978.7,8.05,282.95,6.91,92.5,10.77,9.97,0.81,6.36,10.18,1207.74,5.21,7.53,22.92
2015-04-27 19:00:00,10090800.0,978.91,7.86,282.74,6.79,92.9,10.64,9.88,0.76,6.3,10.09,1208.85,4.81,7.17,20.83
2015-04-27 19:10:00,10091400.0,978.94,7.77,282.65,6.76,93.3,10.57,9.86,0.71,6.29,10.07,1209.29,4.32,6.81,24.37
2015-04-27 19:20:00,10092000.0,978.97,7.69,282.56,6.62,92.9,10.51,9.77,0.75,6.23,9.98,1209.71,4.31,6.29,20.62
2015-04-27 19:30:00,10092600.0,978.97,7.66,282.53,6.51,92.4,10.49,9.69,0.8,6.18,9.9,1209.88,4.31,7.09,20.3
2015-04-27 19:40:00,10093200.0,979.1,7.63,282.49,6.42,92.0,10.47,9.63,0.84,6.14,9.84,1210.2,3.5,5.69,14.11
2015-04-27 19:50:00,10093800.0,979.37,7.55,282.39,6.39,92.3,10.41,9.61,0.8,6.13,9.81,1210.89,3.3,5.37,20.31
2015-04-27 20:00:00,10094400.0,979.56,7.53,282.35,6.43,92.7,10.4,9.64,0.76,6.14,9.84,1211.2,3.53,6.57,16.59
2015-04-27 20:10:00,10095000.0,979.62,7.54,282.36,6.42,92.6,10.41,9.64,0.77,6.14,9.84,1211.23,4.36,7.45,20.46
2015-04-27 20:20:00,10095600.0,979.77,7.58,282.39,6.43,92.4,10.43,9.64,0.79,6.14,9.84,1211.24,2.91,5.89,26.0
2015-04-27 20:30:00,10096200.0,979.84,7.42,282.22,6.27,92.4,10.32,9.54,0.78,6.08,9.73,1212.07,3.42,6.25,14.82
2015-04-27 20:40:00,10096800.0,979.96,7.29,282.08,6.22,92.9,10.23,9.5,0.73,6.05,9.7,1212.79,4.03,6.41,24.31
2015-04-27 20:50:00,10097400.0,980.04,7.24,282.02,6.0,91.8,10.19,9.36,0.84,5.96,9.55,1213.18,2.43,4.39,19.87
2015-04-27 21:00:00,10098000.0,980.0,7.08,281.86,5.73,91.1,10.08,9.19,0.9,5.85,9.37,1213.9,3.51,6.89,17.01
2015-04-27 21:10:00,10098600.0,979.88,7.0,281.79,5.56,90.5,10.03,9.07,0.95,5.78,9.26,1214.15,3.68,6.97,11.77
2015-04-27 21:20:00,10099200.0,979.89,7.0,281.79,5.45,89.8,10.03,9.0,1.02,5.74,9.19,1214.2,4.51,7.01,16.96
2015-04-27 21:30:00,10099800.0,979.9,7.02,281.81,5.39,89.3,10.04,8.97,1.07,5.71,9.15,1214.14,4.56,6.53,22.15
2015-04-27 21:40:00,10100400.0,979.99,6.94,281.73,5.33,89.4,9.99,8.93,1.06,5.69,9.11,1214.6,5.35,8.89,22.71
2015-04-27 21:50:00,10101000.0,980.13,6.87,281.64,5.24,89.3,9.94,8.87,1.06,5.65,9.05,1215.12,5.11,8.57,23.9
2015-04-27 22:00:00,10101600.0,980.32,6.82,281.58,5.24,89.6,9.9,8.87,1.03,5.65,9.05,1215.57,4.01,7.33,21.96
2015-04-27 22:10:00,10102200.0,980.53,6.78,281.52,5.23,89.8,9.88,8.87,1.01,5.65,9.05,1216.01,4.27,8.03,17.9
2015-04-27 22:20:00,10102800.0,980.61,6.63,281.36,5.09,89.9,9.77,8.78,0.99,5.59,8.96,1216.82,4.27,5.81,22.21
2015-04-27 22:30:00,10103400.0,980.62,6.44,281.16,5.14,91.4,9.64,8.82,0.83,5.61,8.99,1217.65,3.84,6.33,22.81
2015-04-27 22:40:00,10104000.0,980.49,6.29,281.03,5.2,92.7,9.55,8.85,0.7,5.64,9.03,1218.09,3.81,5.81,21.43
2015-04-27 22:50:00,10104600.0,980.33,6.18,280.93,5.2,93.4,9.47,8.85,0.63,5.63,9.03,1218.39,4.58,7.17,21.62
2015-04-27 23:00:00,10105200.0,980.36,6.08,280.83,5.14,93.7,9.41,8.82,0.59,5.61,8.99,1218.88,4.73,6.53,22.56
2015-04-27 23:10:00,10105800.0,980.42,6.01,280.75,5.1,93.9,9.36,8.79,0.57,5.6,8.97,1219.28,3.82,6.21,19.85
2015-04-27 23:20:00,10106400.0,980.4,5.88,280.63,4.98,93.9,9.28,8.72,0.57,5.55,8.89,1219.82,4.0,7.25,20.51
2015-04-27 23:30:00,10107000.0,980.52,5.73,280.46,4.79,93.7,9.18,8.6,0.58,5.48,8.77,1220.72,3.72,6.07,17.43
2015-04-27 23:40:00,10107600.0,980.62,5.6,280.32,4.66,93.7,9.1,8.53,0.57,5.43,8.69,1221.45,3.39,6.41,16.91
2015-04-27 23:50:00,10108200.0,980.71,5.53,280.25,4.63,93.9,9.06,8.51,0.55,5.41,8.67,1221.86,3.42,5.33,22.24
2015-04-28 00:00:00,10108800.0,980.79,5.47,280.18,4.58,94.0,9.02,8.48,0.54,5.39,8.64,1222.25,3.36,5.45,16.83
2015-04-28 00:10:00,10109400.0,980.76,5.4,280.12,4.53,94.1,8.98,8.45,0.53,5.38,8.61,1222.5,3.72,6.05,16.94
2015-04-28 00:20:00,10110000.0,980.71,5.36,280.07,4.53,94.4,8.95,8.45,0.5,5.37,8.61,1222.66,3.26,5.33,21.94
2015-04-28 00:30:00,10110600.0,980.6,5.32,280.04,4.52,94.6,8.92,8.44,0.48,5.37,8.61,1222.68,2.65,4.69,15.51
2015-04-28 00:40:00,10111200.0,980.51,5.27,280.0,4.49,94.7,8.89,8.42,0.47,5.36,8.59,1222.8,3.43,4.75,16.51
2015-04-28 00:50:00,10111800.0,980.66,5.27,279.98,4.5,94.8,8.89,8.43,0.46,5.36,8.6,1223.0,3.17,5.17,13.34
2015-04-28 01:00:00,10112400.0,980.87,5.27,279.97,4.51,94.8,8.89,8.43,0.46,5.36,8.6,1223.24,2.74,4.85,11.4
2015-04-28 01:10:00,10113000.0,980.92,5.27,279.97,4.52,94.9,8.9,8.44,0.45,5.37,8.61,1223.29,2.5,4.63,14.08
2015-04-28 01:20:00,10113600.0,980.89,5.12,279.82,4.31,94.5,8.8,8.32,0.48,5.29,8.48,1223.99,3.59,6.09,22.06
2015-04-28 01:30:00,10114200.0,980.84,4.63,279.33,3.78,94.2,8.5,8.01,0.49,5.1,8.17,1226.23,3.43,6.93,18.77
2015-04-28 01:40:00,10114800.0,980.88,4.36,279.06,3.49,94.0,8.35,7.85,0.5,4.99,8.0,1227.53,3.38,5.13,22.57
2015-04-28 01:50:00,10115400.0,980.9,4.17,278.87,3.31,94.1,8.24,7.75,0.49,4.93,7.9,1228.44,3.75,5.97,19.9
2015-04-28 02:00:00,10116000.0,981.06,4.13,278.81,3.32,94.4,8.21,7.75,0.46,4.93,7.9,1228.81,2.47,6.09,12.23
2015-04-28 02:10:00,10116600.0,981.13,4.2,278.87,3.43,94.7,8.25,7.81,0.44,4.97,7.96,1228.59,1.32,3.08,1.33
2015-04-28 02:20:00,10117200.0,981.25,4.3,278.96,3.52,94.7,8.31,7.87,0.44,5.0,8.02,1228.28,1.16,3.45,86.6
2015-04-28 02:30:00,10117800.0,981.31,4.34,279.0,3.49,94.2,8.33,7.85,0.48,4.99,8.0,1228.18,1.46,3.2,78.6
2015-04-28 02:40:00,10118400.0,981.41,4.3,278.95,3.33,93.4,8.31,7.76,0.55,4.93,7.91,1228.51,1.05,3.2,28.48
2015-04-28 02:50:00,10119000.0,981.46,4.31,278.96,3.29,93.0,8.32,7.74,0.58,4.92,7.88,1228.52,1.08,3.67,146.8
2015-04-28 03:00:00,10119600.0,981.49,4.25,278.9,3.15,92.5,8.28,7.66,0.62,4.87,7.8,1228.89,1.42,3.12,357.7
2015-04-28 03:10:00,10120200.0,981.56,4.2,278.84,3.07,92.3,8.25,7.62,0.64,4.84,7.76,1229.21,2.14,3.69,12.52
2015-04-28 03:20:00,10120800.0,981.6,4.14,278.77,3.08,92.8,8.22,7.62,0.59,4.85,7.77,1229.54,2.22,5.01,17.87
2015-04-28 03:30:00,10121400.0,981.61,4.07,278.71,3.15,93.7,8.18,7.66,0.52,4.87,7.81,1229.82,2.68,4.25,22.63
2015-04-28 03:40:00,10122000.0,981.69,4.07,278.7,3.21,94.1,8.18,7.69,0.48,4.89,7.84,1229.92,2.49,4.37,19.92
2015-04-28 03:50:00,10122600.0,981.79,4.09,278.71,3.23,94.1,8.19,7.7,0.48,4.9,7.85,1229.95,2.21,3.61,22.23
2015-04-28 04:00:00,10123200.0,981.89,4.07,278.68,3.18,93.9,8.18,7.68,0.5,4.88,7.82,1230.18,1.77,3.57,15.28
2015-04-28 04:10:00,10123800.0,981.99,4.02,278.62,3.08,93.6,8.15,7.63,0.52,4.84,7.77,1230.56,2.41,4.25,13.72
2015-04-28 04:20:00,10124400.0,982.06,4.0,278.6,3.02,93.3,8.14,7.59,0.55,4.82,7.73,1230.73,2.0,3.57,19.69
2015-04-28 04:30:00,10125000.0,982.12,4.0,278.59,3.05,93.5,8.14,7.61,0.53,4.83,7.75,1230.8,1.93,3.49,15.33
2015-04-28 04:40:00,10125600.0,982.17,4.04,278.63,3.14,93.8,8.16,7.65,0.51,4.86,7.79,1230.67,1.52,2.62,20.07
2015-04-28 04:50:00,10126200.0,982.26,4.08,278.66,3.17,93.8,8.18,7.67,0.51,4.87,7.81,1230.62,1.19,3.26,2.5
2015-04-28 05:00:00,10126800.0,982.37,4.01,278.58,3.03,93.3,8.14,7.6,0.55,4.82,7.73,1231.08,2.37,4.69,18.34
2015-04-28 05:10:00,10127400.0,982.46,3.95,278.51,2.94,93.1,8.11,7.55,0.56,4.79,7.68,1231.5,2.02,4.53,7.07
2015-04-28 05:20:00,10128000.0,982.5,3.93,278.49,2.92,93.1,8.1,7.54,0.56,4.79,7.67,1231.63,1.3,3.0,352.8
2015-04-28 05:30:00,10128600.0,982.64,3.84,278.39,2.74,92.5,8.05,7.44,0.6,4.72,7.57,1232.25,2.0,4.35,359.3
2015-04-28 05:40:00,10129200.0,982.81,3.67,278.2,2.4,91.4,7.95,7.26,0.68,4.61,7.39,1233.32,3.79,5.65,18.87
2015-04-28 05:50:00,10129800.0,983.01,3.55,278.07,2.25,91.2,7.88,7.19,0.69,4.56,7.31,1234.14,3.09,5.25,16.89
2015-04-28 06:00:00,10130400.0,983.18,3.44,277.95,2.15,91.2,7.82,7.13,0.69,4.53,7.26,1234.85,2.58,5.93,17.51
2015-04-28 06:10:00,10131000.0,983.32,3.26,277.75,1.95,91.1,7.72,7.03,0.69,4.46,7.15,1235.89,2.51,6.13,8.74
2015-04-28 06:20:00,10131600.0,983.5,3.23,277.71,2.02,91.7,7.71,7.07,0.64,4.48,7.19,1236.23,1.81,3.16,18.52
2015-04-28 06:30:00,10132200.0,983.61,3.2,277.67,2.0,91.8,7.69,7.06,0.63,4.48,7.18,1236.51,1.97,2.88,18.89
2015-04-28 06:40:00,10132800.0,983.74,3.2,277.66,2.03,92.0,7.69,7.07,0.62,4.49,7.19,1236.67,1.89,3.32,15.64
2015-04-28 06:50:00,10133400.0,983.85,3.21,277.66,2.07,92.2,7.69,7.09,0.6,4.5,7.21,1236.76,1.3,2.32,7.19
2015-04-28 07:00:00,10134000.0,983.99,3.31,277.75,2.25,92.7,7.75,7.18,0.57,4.55,7.3,1236.44,0.68,1.6,22.89
2015-04-28 07:10:00,10134600.0,984.02,3.45,277.89,2.46,93.2,7.83,7.3,0.53,4.62,7.41,1235.78,0.75,2.08,37.86
2015-04-28 07:20:00,10135200.0,983.97,3.5,277.94,2.47,93.0,7.85,7.3,0.55,4.63,7.42,1235.53,0.96,2.24,13.46
2015-04-28 07:30:00,10135800.0,984.07,3.65,278.08,2.7,93.5,7.94,7.42,0.52,4.7,7.54,1234.91,0.77,1.84,30.15
2015-04-28 07:40:00,10136400.0,984.14,3.72,278.15,2.82,93.8,7.98,7.48,0.49,4.74,7.6,1234.66,0.87,2.28,50.44
2015-04-28 07:50:00,10137000.0,984.24,3.76,278.18,2.84,93.7,8.0,7.49,0.5,4.75,7.61,1234.61,2.03,3.41,42.9
2015-04-28 08:00:00,10137600.0,984.33,3.95,278.37,3.08,94.0,8.11,7.62,0.49,4.83,7.74,1233.79,1.41,3.41,20.4
2015-04-28 08:10:00,10138200.0,984.45,4.08,278.48,3.13,93.5,8.18,7.65,0.53,4.85,7.77,1233.38,1.49,2.64,25.51
2015-04-28 08:20:00,10138800.0,984.58,4.21,278.6,3.2,93.1,8.26,7.69,0.57,4.87,7.81,1232.93,1.74,3.81,24.74
2015-04-28 08:30:00,10139400.0,984.78,4.28,278.66,3.16,92.4,8.3,7.67,0.63,4.86,7.79,1232.86,1.25,3.69,349.1
2015-04-28 08:40:00,10140000.0,984.98,4.37,278.73,3.13,91.6,8.35,7.65,0.7,4.84,7.77,1232.74,0.96,2.48,294.0
2015-04-28 08:50:00,10140600.0,985.17,4.47,278.82,3.12,90.9,8.41,7.65,0.77,4.84,7.76,1232.53,1.06,2.96,327.2
2015-04-28 09:00:00,10141200.0,985.33,4.64,278.97,3.27,90.8,8.51,7.73,0.78,4.89,7.84,1231.96,0.75,2.08,265.4
2015-04-28 09:10:00,10141800.0,985.33,4.71,279.05,3.25,90.2,8.56,7.72,0.84,4.89,7.83,1231.62,1.82,3.65,27.67
2015-04-28 09:20:00,10142400.0,985.45,4.75,279.08,3.24,89.9,8.58,7.71,0.87,4.88,7.83,1231.61,1.67,3.61,31.76
2015-04-28 09:30:00,10143000.0,985.58,4.91,279.23,3.37,89.7,8.67,7.78,0.89,4.92,7.89,1231.04,1.3,2.88,23.1
2015-04-28 09:40:00,10143600.0,985.77,5.06,279.37,3.46,89.3,8.77,7.83,0.94,4.96,7.94,1230.56,1.89,3.16,24.97
2015-04-28 09:50:00,10144200.0,985.91,5.19,279.49,3.57,89.2,8.85,7.89,0.96,4.99,8.0,1230.14,1.51,3.45,30.44
2015-04-28 10:00:00,10144800.0,986.01,5.43,279.72,3.76,88.9,9.0,8.0,1.0,5.06,8.11,1229.16,1.15,2.64,16.16
2015-04-28 10:10:00,10145400.0,986.08,5.49,279.77,3.69,88.1,9.03,7.96,1.07,5.04,8.07,1229.0,1.01,1.92,26.21
2015-04-28 10:20:00,10146000.0,986.22,5.75,280.02,3.94,88.1,9.2,8.1,1.09,5.13,8.22,1227.98,1.54,2.76,6.78
2015-04-28 10:30:00,10146600.0,986.29,5.99,280.26,4.15,87.9,9.35,8.22,1.13,5.2,8.34,1226.94,0.74,1.36,26.48
2015-04-28 10:40:00,10147200.0,986.4,6.31,280.56,4.23,86.5,9.56,8.27,1.29,5.23,8.38,1225.66,0.6,1.32,357.3
2015-04-28 10:50:00,10147800.0,986.52,6.53,280.78,4.51,86.9,9.71,8.44,1.27,5.34,8.55,1224.76,0.68,1.76,306.2
2015-04-28 11:00:00,10148400.0,986.59,6.6,280.84,4.45,86.1,9.76,8.4,1.36,5.31,8.51,1224.55,0.67,1.72,302.4
2015-04-28 11:10:00,10149000.0,986.64,6.78,281.02,4.36,84.5,9.88,8.35,1.53,5.28,8.46,1223.85,1.67,3.92,341.7
2015-04-28 11:20:00,10149600.0,986.68,7.15,281.39,4.59,83.7,10.13,8.48,1.65,5.36,8.59,1222.23,1.1,2.04,14.47
2015-04-28 11:30:00,10150200.0,986.77,7.39,281.62,4.28,80.6,10.3,8.3,2.0,5.25,8.41,1221.38,1.22,3.08,353.1
2015-04-28 11:40:00,10150800.0,986.82,7.74,281.97,4.47,79.7,10.55,8.41,2.14,5.32,8.52,1219.87,1.3,2.96,276.6
2015-04-28 11:50:00,10151400.0,986.93,8.18,282.4,4.29,76.4,10.87,8.31,2.57,5.25,8.42,1218.15,1.28,3.16,3.56
2015-04-28 12:00:00,10152000.0,986.97,8.34,282.56,4.11,74.6,10.99,8.2,2.79,5.18,8.31,1217.56,1.43,3.24,276.2
2015-04-28 12:10:00,10152600.0,987.0,8.35,282.57,3.75,72.7,11.0,8.0,3.0,5.05,8.1,1217.64,1.94,3.36,280.0
2015-04-28 12:20:00,10153200.0,987.08,8.9,283.11,3.82,70.4,11.42,8.04,3.38,5.08,8.14,1215.35,1.34,3.64,295.2
2015-04-28 12:30:00,10153800.0,987.17,9.12,283.32,3.42,67.4,11.59,7.81,3.78,4.94,7.91,1214.62,2.02,5.41,7.85
2015-04-28 12:40:00,10154400.0,987.25,9.26,283.46,2.77,63.74,11.7,7.46,4.24,4.71,7.55,1214.28,2.04,4.26,292.9
2015-04-28 12:50:00,10155000.0,987.18,9.58,283.79,2.41,60.82,11.95,7.27,4.68,4.59,7.36,1212.91,2.06,5.33,286.3
2015-04-28 13:00:00,10155600.0,987.2,9.52,283.72,2.47,61.34,11.9,7.3,4.6,4.61,7.4,1213.17,1.96,3.24,316.7
2015-04-28 13:10:00,10156200.0,987.17,9.81,284.02,3.02,62.56,12.14,7.59,4.54,4.8,7.69,1211.76,1.36,2.8,236.0
2015-04-28 13:20:00,10156800.0,987.24,10.11,284.31,3.03,61.35,12.38,7.6,4.79,4.8,7.7,1210.56,2.46,5.17,2.54
2015-04-28 13:30:00,10157400.0,987.32,10.58,284.78,2.53,57.36,12.78,7.33,5.45,4.63,7.43,1208.78,2.01,4.81,297.8
2015-04-28 13:40:00,10158000.0,987.38,11.02,285.21,2.74,56.55,13.16,7.44,5.72,4.7,7.54,1206.93,1.59,3.68,259.5
2015-04-28 13:50:00,10158600.0,987.54,10.73,284.91,2.68,57.41,12.91,7.41,5.5,4.68,7.5,1208.37,2.21,5.21,8.79
2015-04-28 14:00:00,10159200.0,987.64,10.59,284.76,2.4,56.81,12.79,7.27,5.52,4.59,7.36,1209.16,1.61,3.82,27.14
2015-04-28 14:10:00,10159800.0,987.76,11.54,285.7,0.98,48.15,13.62,6.56,7.06,4.14,6.64,1205.6,1.97,4.53,234.9
2015-04-28 14:20:00,10160400.0,987.91,11.41,285.56,-0.8,42.66,13.51,5.76,7.74,3.64,5.83,1206.7,2.78,6.83,277.3
2015-04-28 14:30:00,10161000.0,987.95,10.99,285.14,-1.09,42.94,13.13,5.64,7.49,3.56,5.71,1208.59,2.45,5.01,263.3
2015-04-28 14:40:00,10161600.0,988.08,10.85,284.99,-1.49,42.06,13.01,5.47,7.54,3.45,5.54,1209.42,2.72,4.32,264.0
2015-04-28 14:50:00,10162200.0,988.14,10.77,284.9,-1.97,40.83,12.94,5.28,7.66,3.33,5.35,1209.92,2.54,5.31,271.7
2015-04-28 15:00:00,10162800.0,988.12,11.29,285.42,-2.29,38.52,13.4,5.16,8.24,3.26,5.22,1207.74,1.71,3.88,214.9
2015-04-28 15:10:00,10163400.0,988.11,12.17,286.31,-2.41,36.0,14.2,5.11,9.09,3.22,5.17,1204.03,1.91,5.01,278.0
2015-04-28 15:20:00,10164000.0,988.11,12.11,286.25,-2.31,36.42,14.15,5.15,8.99,3.25,5.21,1204.26,2.34,4.32,329.7
2015-04-28 15:30:00,10164600.0,988.19,12.23,286.36,-2.74,35.0,14.26,4.99,9.27,3.15,5.05,1203.93,2.04,4.2,275.4
2015-04-28 15:40:00,10165200.0,988.27,12.3,286.43,-3.21,33.64,14.32,4.82,9.51,3.04,4.88,1203.81,2.43,5.93,305.1
2015-04-28 15:50:00,10165800.0,988.33,11.95,286.07,-3.42,33.88,14.0,4.74,9.26,2.99,4.8,1205.4,2.59,5.69,284.6
2015-04-28 16:00:00,10166400.0,988.47,11.98,286.09,-3.98,32.41,14.03,4.55,9.48,2.87,4.6,1205.53,2.95,5.33,298.4
2015-04-28 16:10:00,10167000.0,988.52,12.05,286.15,-3.5,33.45,14.09,4.71,9.38,2.97,4.77,1205.22,2.47,4.93,310.9
2015-04-28 16:20:00,10167600.0,988.61,12.02,286.12,-3.49,33.54,14.06,4.72,9.35,2.97,4.77,1205.46,2.83,5.77,295.0
2015-04-28 16:30:00,10168200.0,988.71,12.21,286.3,-3.18,33.91,14.24,4.83,9.41,3.04,4.88,1204.72,1.59,3.92,261.6
2015-04-28 16:40:00,10168800.0,988.85,12.22,286.3,-3.88,32.15,14.25,4.58,9.67,2.89,4.63,1204.97,3.35,7.01,270.7
2015-04-28 16:50:00,10169400.0,988.99,11.94,286.0,-4.41,31.45,13.99,4.4,9.59,2.77,4.45,1206.4,3.39,8.65,280.8
2015-04-28 17:00:00,10170000.0,989.11,11.93,285.98,-4.66,30.89,13.98,4.32,9.66,2.72,4.37,1206.63,3.16,5.61,296.7
2015-04-28 17:10:00,10170600.0,989.17,12.09,286.14,-4.35,31.3,14.13,4.42,9.71,2.79,4.47,1205.98,2.22,5.29,283.1
2015-04-28 17:20:00,10171200.0,989.24,12.54,286.59,-3.86,31.52,14.55,4.59,9.97,2.89,4.64,1204.09,1.3,3.08,256.1
2015-04-28 17:30:00,10171800.0,989.29,12.54,286.58,-3.77,31.73,14.55,4.62,9.93,2.91,4.67,1204.14,2.07,4.69,286.3
2015-04-28 17:40:00,10172400.0,989.39,12.05,286.08,-4.01,32.19,14.09,4.54,9.55,2.86,4.58,1206.37,1.58,3.58,276.8
2015-04-28 17:50:00,10173000.0,989.5,11.66,285.68,-3.78,33.62,13.73,4.62,9.12,2.91,4.67,1208.11,1.35,3.68,286.3
2015-04-28 18:00:00,10173600.0,989.58,11.29,285.3,-3.65,34.77,13.4,4.66,8.74,2.93,4.71,1209.76,0.82,3.08,286.3
2015-04-28 18:10:00,10174200.0,989.67,11.09,285.1,-3.14,36.62,13.22,4.84,8.38,3.05,4.89,1210.64,0.75,1.56,271.2
2015-04-28 18:20:00,10174800.0,989.75,10.84,284.84,-2.89,37.94,13.0,4.93,8.07,3.11,4.98,1211.76,0.58,1.24,293.5
2015-04-28 18:30:00,10175400.0,989.85,10.54,284.53,-2.91,38.64,12.75,4.93,7.82,3.1,4.98,1213.17,0.69,1.58,251.3
2015-04-28 18:40:00,10176000.0,989.93,10.32,284.3,-2.89,39.29,12.56,4.93,7.63,3.11,4.99,1214.21,0.82,1.08,251.7
2015-04-28 18:50:00,10176600.0,990.11,10.2,284.17,-2.94,39.44,12.46,4.91,7.55,3.09,4.96,1214.95,1.31,1.76,246.9
2015-04-28 19:00:00,10177200.0,990.27,10.13,284.08,-2.93,39.67,12.4,4.92,7.48,3.1,4.97,1215.44,1.3,1.76,259.8
2015-04-28 19:10:00,10177800.0,990.5,10.15,284.08,-3.08,39.18,12.42,4.87,7.55,3.06,4.91,1215.67,1.46,2.28,260.6
2015-04-28 19:20:00,10178400.0,991.03,9.97,283.86,-1.27,45.35,12.27,5.56,6.71,3.5,5.61,1216.77,2.67,5.69,279.7
2015-04-28 19:30:00,10179000.0,991.5,9.15,283.0,1.15,57.2,11.61,6.64,4.97,4.18,6.7,1220.38,2.63,5.69,295.7
2015-04-28 19:40:00,10179600.0,991.71,8.67,282.5,1.54,60.74,11.24,6.83,4.41,4.29,6.88,1222.63,1.72,3.84,277.0
2015-04-28 19:50:00,10180200.0,991.84,8.46,282.28,1.69,62.29,11.08,6.9,4.18,4.34,6.96,1223.67,1.41,4.73,311.3
2015-04-28 20:00:00,10180800.0,992.06,8.32,282.12,1.65,62.7,10.97,6.88,4.09,4.33,6.94,1224.56,1.71,3.64,290.3
2015-04-28 20:10:00,10181400.0,992.22,8.13,281.92,1.46,62.67,10.83,6.79,4.04,4.27,6.84,1225.63,1.78,3.68,318.4
2015-04-28 20:20:00,10182000.0,992.31,8.02,281.8,1.23,62.12,10.75,6.68,4.07,4.2,6.73,1226.27,1.18,2.92,312.6
2015-04-28 20:30:00,10182600.0,992.45,7.89,281.66,1.08,62.0,10.66,6.61,4.05,4.15,6.66,1227.04,0.71,2.68,289.5
2015-04-28 20:40:00,10183200.0,992.61,7.74,281.5,0.84,61.55,10.55,6.49,4.06,4.08,6.54,1227.95,1.23,3.4,273.4
2015-04-28 20:50:00,10183800.0,992.69,7.59,281.34,0.65,61.32,10.44,6.4,4.04,4.02,6.45,1228.75,1.25,2.36,276.3
2015-04-28 21:00:00,10184400.0,992.73,7.43,281.18,0.52,61.42,10.33,6.34,3.98,3.98,6.39,1229.53,1.87,3.6,266.6
2015-04-28 21:10:00,10185000.0,992.84,7.27,281.01,0.32,61.22,10.22,6.25,3.96,3.93,6.3,1230.41,1.54,3.32,264.2
2015-04-28 21:20:00,10185600.0,992.92,7.06,280.79,0.08,61.01,10.07,6.14,3.93,3.86,6.19,1231.48,1.96,2.72,263.7
2015-04-28 21:30:00,10186200.0,993.02,6.83,280.55,-0.05,61.39,9.91,6.09,3.83,3.82,6.13,1232.64,1.75,3.2,260.7
2015-04-28 21:40:00,10186800.0,993.13,6.62,280.34,-0.18,61.69,9.77,6.03,3.74,3.78,6.07,1233.71,1.83,2.76,265.0
2015-04-28 21:50:00,10187400.0,993.27,6.5,280.21,-0.28,61.75,9.69,5.98,3.71,3.76,6.02,1234.43,1.53,2.44,268.9
2015-04-28 22:00:00,10188000.0,993.3,6.41,280.11,-0.35,61.85,9.63,5.95,3.67,3.74,5.99,1234.91,1.36,2.0,257.8
2015-04-28 22:10:00,10188600.0,993.37,6.18,279.87,-0.36,62.78,9.48,5.95,3.53,3.73,5.99,1236.01,1.28,2.0,244.2
2015-04-28 22:20:00,10189200.0,993.49,5.91,279.59,-0.27,64.4,9.3,5.99,3.31,3.76,6.03,1237.36,1.93,2.26,248.4
2015-04-28 22:30:00,10189800.0,993.65,5.83,279.5,-0.24,64.88,9.25,6.0,3.25,3.76,6.04,1237.89,1.72,2.1,239.0
2015-04-28 22:40:00,10190400.0,993.76,5.61,279.27,-0.21,66.07,9.11,6.02,3.09,3.77,6.05,1239.01,2.19,2.68,242.9
2015-04-28 22:50:00,10191000.0,993.81,5.39,279.05,-0.18,67.22,8.97,6.03,2.94,3.78,6.07,1240.02,2.25,2.56,243.0
2015-04-28 23:00:00,10191600.0,993.83,5.21,278.87,-0.13,68.27,8.86,6.05,2.81,3.79,6.09,1240.83,2.14,2.48,241.4
2015-04-28 23:10:00,10192200.0,993.86,5.14,278.79,-0.11,68.7,8.82,6.06,2.76,3.8,6.09,1241.18,2.3,2.72,241.4
2015-04-28 23:20:00,10192800.0,993.93,5.15,278.8,-0.15,68.48,8.82,6.04,2.78,3.79,6.08,1241.23,2.75,3.32,243.8
2015-04-28 23:30:00,10193400.0,994.01,5.19,278.83,-0.21,67.98,8.85,6.01,2.83,3.77,6.05,1241.16,2.81,3.12,242.9
2015-04-28 23:40:00,10194000.0,994.12,5.18,278.8,-0.27,67.78,8.84,5.99,2.85,3.76,6.02,1241.4,2.59,2.96,245.3
2015-04-28 23:50:00,10194600.0,994.25,4.95,278.56,-0.27,68.89,8.7,5.99,2.71,3.76,6.02,1242.59,1.62,2.56,248.3
2015-04-29 00:00:00,10195200.0,994.28,4.33,277.95,-0.23,72.1,8.33,6.01,2.32,3.77,6.04,1245.35,0.65,1.52,212.9
2015-04-29 00:10:00,10195800.0,994.27,3.87,277.49,-0.24,74.4,8.06,6.0,2.06,3.76,6.03,1247.41,1.29,1.92,236.0
2015-04-29 00:20:00,10196400.0,994.29,3.93,277.55,-0.28,73.9,8.1,5.98,2.11,3.75,6.02,1247.18,1.29,2.08,240.2
2015-04-29 00:30:00,10197000.0,994.37,3.61,277.21,-0.37,75.1,7.91,5.94,1.97,3.73,5.98,1248.77,1.08,1.72,207.8
2015-04-29 00:40:00,10197600.0,994.38,3.04,276.65,-0.32,78.5,7.6,5.97,1.63,3.74,6.0,1251.32,1.45,1.92,200.2
2015-04-29 00:50:00,10198200.0,994.36,2.75,276.36,-0.3,80.2,7.45,5.97,1.47,3.75,6.01,1252.59,1.49,1.88,206.9
2015-04-29 01:00:00,10198800.0,994.29,2.67,276.28,-0.24,81.1,7.4,6.0,1.4,3.76,6.04,1252.89,1.26,1.8,205.9
2015-04-29 01:10:00,10199400.0,994.32,2.58,276.19,-0.26,81.5,7.36,5.99,1.36,3.76,6.03,1253.35,1.85,2.58,215.4
2015-04-29 01:20:00,10200000.0,994.39,2.48,276.09,-0.3,81.8,7.31,5.98,1.33,3.75,6.01,1253.87,1.47,2.48,215.1
2015-04-29 01:30:00,10200600.0,994.4,2.12,275.72,-0.41,83.3,7.12,5.93,1.19,3.72,5.96,1255.57,1.29,1.92,203.4
2015-04-29 01:40:00,10201200.0,994.43,2.18,275.78,-0.23,84.0,7.15,6.01,1.14,3.76,6.04,1255.29,1.7,2.52,218.0
2015-04-29 01:50:00,10201800.0,994.43,2.18,275.78,-0.15,84.5,7.15,6.04,1.11,3.79,6.08,1255.25,1.38,1.96,220.6
2015-04-29 02:00:00,10202400.0,994.46,2.05,275.64,-0.12,85.5,7.08,6.05,1.03,3.8,6.09,1255.91,1.12,1.6,220.7
2015-04-29 02:10:00,10203000.0,994.45,1.94,275.54,-0.15,86.0,7.03,6.04,0.98,3.79,6.08,1256.4,1.22,1.68,204.1
2015-04-29 02:20:00,10203600.0,994.49,1.79,275.39,-0.23,86.4,6.95,6.01,0.95,3.77,6.04,1257.13,1.1,1.6,206.0
2015-04-29 02:30:00,10204200.0,994.57,1.61,275.2,-0.29,87.1,6.86,5.98,0.89,3.75,6.01,1258.07,0.93,1.72,189.1
2015-04-29 02:40:00,10204800.0,994.65,1.44,275.03,-0.38,87.6,6.78,5.94,0.84,3.72,5.97,1258.96,0.78,1.52,150.8
2015-04-29 02:50:00,10205400.0,994.76,1.24,274.81,-0.49,88.2,6.68,5.89,0.79,3.69,5.92,1260.07,0.45,0.84,137.3
2015-04-29 03:00:00,10206000.0,994.75,1.03,274.6,-0.65,88.5,6.58,5.82,0.76,3.65,5.85,1261.07,0.34,0.64,206.1
2015-04-29 03:10:00,10206600.0,994.67,0.65,274.23,-0.99,88.7,6.4,5.68,0.72,3.56,5.71,1262.77,0.83,1.28,178.4
2015-04-29 03:20:00,10207200.0,994.77,0.36,273.93,-1.1,89.9,6.27,5.64,0.63,3.53,5.67,1264.25,0.99,1.76,201.9
2015-04-29 03:30:00,10207800.0,994.79,0.53,274.1,-0.8,90.7,6.35,5.76,0.59,3.61,5.79,1263.41,0.52,0.92,202.0
2015-04-29 03:40:00,10208400.0,994.87,0.57,274.13,-0.88,90.0,6.37,5.73,0.64,3.59,5.76,1263.37,0.78,1.44,204.7
2015-04-29 03:50:00,10209000.0,994.91,0.56,274.12,-1.04,89.0,6.36,5.66,0.7,3.55,5.69,1263.5,0.9,1.32,218.0
2015-04-29 04:00:00,10209600.0,994.96,0.54,274.09,-1.1,88.7,6.35,5.63,0.72,3.53,5.66,1263.69,0.92,1.36,200.9
2015-04-29 04:10:00,10210200.0,995.02,0.36,273.91,-1.14,89.6,6.27,5.62,0.65,3.52,5.65,1264.56,1.05,1.92,170.9
2015-04-29 04:20:00,10210800.0,995.02,0.15,273.7,-1.17,90.8,6.17,5.61,0.57,3.51,5.63,1265.55,1.04,1.72,192.9
2015-04-29 04:30:00,10211400.0,995.02,-0.02,273.53,-1.2,91.7,6.1,5.59,0.51,3.5,5.62,1266.34,1.31,1.92,194.5
2015-04-29 04:40:00,10212000.0,995.02,-0.13,273.43,-1.2,92.4,6.05,5.59,0.46,3.5,5.62,1266.83,1.19,1.76,204.8
2015-04-29 04:50:00,10212600.0,995.01,-0.06,273.49,-1.03,93.1,6.08,5.66,0.42,3.55,5.69,1266.47,0.63,1.2,215.9
2015-04-29 05:00:00,10213200.0,994.96,0.05,273.61,-0.98,92.7,6.13,5.68,0.45,3.56,5.71,1265.89,0.75,1.32,207.8
2015-04-29 05:10:00,10213800.0,995.01,0.18,273.73,-0.99,91.8,6.19,5.68,0.51,3.56,5.71,1265.35,0.77,1.62,200.1
2015-04-29 05:20:00,10214400.0,995.06,0.39,273.93,-0.89,91.1,6.28,5.72,0.56,3.58,5.75,1264.46,0.39,1.28,227.4
2015-04-29 05:30:00,10215000.0,995.13,0.57,274.11,-1.17,88.1,6.37,5.61,0.76,3.51,5.64,1263.76,0.6,1.4,187.2
2015-04-29 05:40:00,10215600.0,995.19,0.27,273.8,-1.48,88.0,6.23,5.48,0.75,3.43,5.51,1265.29,0.9,1.5,205.0
2015-04-29 05:50:00,10216200.0,995.23,0.46,274.0,-1.25,88.2,6.32,5.57,0.75,3.49,5.6,1264.39,0.88,1.14,206.2
2015-04-29 06:00:00,10216800.0,995.27,0.91,274.44,-0.92,87.5,6.53,5.71,0.82,3.58,5.74,1262.3,0.91,1.6,191.9
2015-04-29 06:10:00,10217400.0,995.31,1.06,274.58,-0.96,86.3,6.59,5.69,0.9,3.56,5.72,1261.7,1.01,1.48,185.1
2015-04-29 06:20:00,10218000.0,995.35,1.15,274.68,-0.81,86.7,6.64,5.76,0.88,3.61,5.79,1261.27,1.17,1.68,176.2
2015-04-29 06:30:00,10218600.0,995.36,1.66,275.19,-0.64,84.6,6.89,5.83,1.06,3.65,5.86,1258.91,0.97,1.52,159.3
2015-04-29 06:40:00,10219200.0,995.34,1.86,275.39,-0.64,83.4,6.99,5.83,1.16,3.65,5.86,1257.97,1.0,1.56,184.1
2015-04-29 06:50:00,10219800.0,995.31,2.37,275.9,-0.48,81.4,7.25,5.9,1.35,3.69,5.93,1255.59,1.17,1.68,161.6
2015-04-29 07:00:00,10220400.0,995.37,2.71,276.24,-0.38,80.0,7.43,5.94,1.49,3.72,5.97,1254.09,0.64,1.48,158.4
2015-04-29 07:10:00,10221000.0,995.39,2.84,276.37,-0.15,80.6,7.49,6.04,1.45,3.78,6.07,1253.47,0.72,1.92,101.0
2015-04-29 07:20:00,10221600.0,995.39,3.67,277.19,-0.04,76.6,7.95,6.09,1.86,3.81,6.12,1249.7,0.97,2.08,155.1
2015-04-29 07:30:00,10222200.0,995.41,3.86,277.38,-0.04,75.6,8.06,6.09,1.97,3.81,6.12,1248.87,1.34,2.08,154.0
2015-04-29 07:40:00,10222800.0,995.46,4.02,277.54,-0.05,74.7,8.15,6.09,2.06,3.81,6.11,1248.22,1.22,1.96,150.6
2015-04-29 07:50:00,10223400.0,995.43,4.53,278.05,0.24,73.6,8.45,6.22,2.23,3.89,6.24,1245.83,0.96,1.76,168.5
2015-04-29 08:00:00,10224000.0,995.44,5.16,278.68,0.55,72.0,8.83,6.36,2.47,3.98,6.38,1242.94,0.76,1.52,163.0
2015-04-29 08:10:00,10224600.0,995.48,5.47,278.99,0.46,70.0,9.02,6.31,2.71,3.96,6.34,1241.62,1.37,2.9,185.7
2015-04-29 08:20:00,10225200.0,995.44,5.92,279.45,0.75,69.3,9.31,6.45,2.86,4.04,6.48,1239.51,0.96,1.86,159.7
2015-04-29 08:30:00,10225800.0,995.36,6.85,280.38,0.84,65.43,9.92,6.49,3.43,4.07,6.52,1235.27,0.82,1.68,141.7
2015-04-29 08:40:00,10226400.0,995.29,7.41,280.95,0.79,62.7,10.31,6.47,3.85,4.05,6.5,1232.74,1.27,2.64,130.0
2015-04-29 08:50:00,10227000.0,995.25,7.51,281.05,-0.01,58.76,10.38,6.1,4.28,3.82,6.13,1232.41,1.62,2.36,130.8
2015-04-29 09:00:00,10227600.0,995.16,8.02,281.57,-0.01,56.77,10.75,6.1,4.65,3.82,6.13,1230.07,1.42,2.48,142.8
2015-04-29 09:10:00,10228200.0,995.14,8.32,281.87,-0.1,55.24,10.97,6.06,4.91,3.8,6.09,1228.75,1.9,3.6,135.5
2015-04-29 09:20:00,10228800.0,995.12,8.47,282.02,-0.07,54.82,11.09,6.08,5.01,3.81,6.11,1228.06,1.97,4.2,128.2
2015-04-29 09:30:00,10229400.0,995.03,8.79,282.35,-0.29,52.77,11.33,5.98,5.35,3.75,6.01,1226.61,2.36,3.96,117.2
2015-04-29 09:40:00,10230000.0,994.94,8.95,282.52,-0.51,51.36,11.45,5.88,5.57,3.69,5.91,1225.85,2.49,4.85,109.7
2015-04-29 09:50:00,10230600.0,994.89,9.28,282.85,-0.6,49.9,11.71,5.84,5.87,3.66,5.87,1224.37,2.04,3.72,112.7
2015-04-29 10:00:00,10231200.0,994.84,9.71,283.29,-0.87,47.52,12.06,5.73,6.33,3.59,5.76,1222.5,1.93,3.52,102.6
2015-04-29 10:10:00,10231800.0,994.77,9.87,283.46,-1.13,46.14,12.19,5.62,6.56,3.52,5.65,1221.77,2.09,3.56,150.2
2015-04-29 10:20:00,10232400.0,994.67,9.7,283.29,-1.35,45.92,12.05,5.53,6.52,3.47,5.56,1222.43,2.72,4.16,85.8
2015-04-29 10:30:00,10233000.0,994.54,10.18,283.78,-1.25,44.8,12.44,5.57,6.87,3.49,5.61,1220.18,1.99,4.42,131.1
2015-04-29 10:40:00,10233600.0,994.45,10.72,284.33,-1.08,43.75,12.9,5.64,7.26,3.54,5.68,1217.72,1.28,2.44,107.4
2015-04-29 10:50:00,10234200.0,994.35,11.11,284.73,-1.42,41.56,13.24,5.5,7.74,3.45,5.53,1215.99,2.49,4.1,172.2
2015-04-29 11:00:00,10234800.0,994.21,10.5,284.13,-1.79,42.11,12.71,5.35,7.36,3.36,5.38,1218.49,2.44,5.05,97.9
2015-04-29 11:10:00,10235400.0,994.07,11.17,284.81,-1.36,41.59,13.29,5.53,7.76,3.47,5.56,1215.37,1.6,4.44,167.2
2015-04-29 11:20:00,10236000.0,993.99,11.02,284.67,-1.62,41.19,13.16,5.42,7.74,3.4,5.45,1215.97,2.84,4.61,77.5
2015-04-29 11:30:00,10236600.0,993.82,10.81,284.47,-1.55,42.01,12.98,5.45,7.53,3.42,5.49,1216.65,2.79,5.85,82.2
2015-04-29 11:40:00,10237200.0,993.66,11.51,285.19,-1.67,39.74,13.6,5.4,8.19,3.39,5.44,1213.48,2.21,5.57,119.8
2015-04-29 11:50:00,10237800.0,993.56,11.32,285.01,-2.12,38.91,13.43,5.22,8.2,3.28,5.26,1214.25,2.66,5.57,80.9
2015-04-29 12:00:00,10238400.0,993.45,11.21,284.9,-1.91,39.82,13.33,5.31,8.02,3.33,5.34,1214.55,2.14,3.28,50.8
2015-04-29 12:10:00,10239000.0,993.3,11.37,285.08,-1.89,39.46,13.47,5.32,8.16,3.34,5.35,1213.67,2.16,3.8,35.12
2015-04-29 12:20:00,10239600.0,993.09,11.7,285.43,-2.61,36.58,13.77,5.04,8.73,3.16,5.07,1212.15,2.3,5.19,127.1
2015-04-29 12:30:00,10240200.0,992.91,12.05,285.79,-2.31,36.57,14.09,5.15,8.94,3.23,5.19,1210.38,2.05,4.36,31.36
2015-04-29 12:40:00,10240800.0,992.79,11.68,285.43,-2.41,37.18,13.75,5.11,8.64,3.21,5.15,1211.82,2.76,4.52,36.86
2015-04-29 12:50:00,10241400.0,992.63,11.95,285.71,-2.48,36.35,14.0,5.09,8.91,3.19,5.13,1210.49,2.37,3.76,22.86
2015-04-29 13:00:00,10242000.0,992.5,12.2,285.98,-2.78,34.95,14.23,4.97,9.26,3.12,5.01,1209.33,2.3,4.4,33.04
2015-04-29 13:10:00,10242600.0,992.35,12.48,286.27,-3.03,33.68,14.5,4.88,9.61,3.07,4.92,1208.0,2.75,5.77,79.5
2015-04-29 13:20:00,10243200.0,992.29,12.78,286.57,-3.76,31.26,14.78,4.62,10.16,2.9,4.66,1206.78,3.31,6.89,134.1
2015-04-29 13:30:00,10243800.0,992.19,13.17,286.97,-2.86,32.61,15.17,4.95,10.22,3.11,4.98,1204.86,3.13,6.93,136.1
2015-04-29 13:40:00,10244400.0,992.13,13.28,287.09,-2.95,32.16,15.28,4.91,10.36,3.09,4.95,1204.34,3.37,6.01,135.1
2015-04-29 13:50:00,10245000.0,992.02,13.01,286.83,-3.06,32.45,15.01,4.87,10.14,3.06,4.91,1205.37,2.63,4.44,104.5
2015-04-29 14:00:00,10245600.0,991.88,13.07,286.9,-2.8,32.98,15.07,4.97,10.1,3.12,5.01,1204.9,2.14,4.4,141.7
2015-04-29 14:10:00,10246200.0,991.73,13.64,287.48,-2.24,33.11,15.64,5.18,10.46,3.25,5.22,1202.22,3.28,5.57,174.2
2015-04-29 14:20:00,10246800.0,991.57,13.5,287.35,-2.31,33.25,15.5,5.15,10.34,3.24,5.2,1202.63,2.27,4.28,174.9
2015-04-29 14:30:00,10247400.0,991.29,13.98,287.86,-2.17,32.56,15.99,5.21,10.78,3.27,5.25,1200.25,1.92,5.36,172.9
2015-04-29 14:40:00,10248000.0,991.08,13.59,287.49,-2.4,32.84,15.59,5.12,10.47,3.22,5.16,1201.67,2.67,5.16,50.65
2015-04-29 14:50:00,10248600.0,990.95,14.01,287.92,-2.8,31.01,16.02,4.97,11.05,3.12,5.01,1199.83,3.54,5.48,184.0
2015-04-29 15:00:00,10249200.0,990.78,14.2,288.12,-2.67,30.92,16.22,5.01,11.2,3.15,5.06,1198.8,2.98,5.96,166.9
2015-04-29 15:10:00,10249800.0,990.63,14.11,288.04,-2.23,32.15,16.12,5.18,10.94,3.26,5.23,1198.92,2.96,4.94,173.0
2015-04-29 15:20:00,10250400.0,990.52,13.96,287.9,-2.16,32.62,15.97,5.21,10.76,3.28,5.26,1199.4,3.1,5.24,123.5
2015-04-29 15:30:00,10251000.0,990.47,13.97,287.92,-1.7,33.73,15.98,5.39,10.59,3.39,5.44,1199.22,2.91,4.96,138.1
2015-04-29 15:40:00,10251600.0,990.34,14.48,288.44,-1.17,33.94,16.51,5.61,10.91,3.53,5.66,1196.83,1.72,4.6,170.9
2015-04-29 15:50:00,10252200.0,990.25,14.66,288.63,-1.16,33.57,16.71,5.61,11.1,3.53,5.66,1195.98,2.54,4.32,157.8
2015-04-29 16:00:00,10252800.0,990.16,14.47,288.44,-1.36,33.49,16.5,5.53,10.98,3.48,5.58,1196.69,2.25,4.2,150.1
2015-04-29 16:10:00,10253400.0,990.08,14.49,288.47,-1.29,33.62,16.53,5.56,10.97,3.5,5.61,1196.5,2.37,5.24,105.7
2015-04-29 16:20:00,10254000.0,989.99,14.44,288.43,-1.2,33.96,16.47,5.59,10.88,3.52,5.65,1196.58,2.14,4.64,113.3
2015-04-29 16:30:00,10254600.0,989.89,14.3,288.3,-1.16,34.37,16.32,5.61,10.71,3.53,5.67,1197.04,3.14,4.8,120.2
2015-04-29 16:40:00,10255200.0,989.72,14.32,288.33,-1.07,34.56,16.34,5.65,10.7,3.56,5.71,1196.73,2.95,5.08,102.3
2015-04-29 16:50:00,10255800.0,989.58,14.22,288.24,-0.94,35.1,16.24,5.7,10.54,3.59,5.76,1196.95,2.96,6.36,125.2
2015-04-29 17:00:00,10256400.0,989.48,14.41,288.44,-0.65,35.44,16.44,5.83,10.61,3.67,5.89,1195.98,3.27,6.13,128.9
2015-04-29 17:10:00,10257000.0,989.39,14.38,288.42,-0.76,35.22,16.41,5.78,10.63,3.64,5.84,1196.02,3.24,5.36,109.5
2015-04-29 17:20:00,10257600.0,989.32,14.29,288.33,-0.93,34.98,16.31,5.71,10.61,3.6,5.77,1196.34,3.32,5.04,131.3
2015-04-29 17:30:00,10258200.0,989.24,14.45,288.5,-0.95,34.56,16.48,5.7,10.79,3.59,5.76,1195.59,2.53,4.4,120.5
2015-04-29 17:40:00,10258800.0,989.1,14.82,288.88,-0.48,34.94,16.88,5.9,10.98,3.72,5.96,1193.79,1.53,2.6,136.9
2015-04-29 17:50:00,10259400.0,989.07,14.78,288.85,-0.52,34.93,16.84,5.88,10.96,3.71,5.95,1193.92,1.84,4.04,80.6
2015-04-29 18:00:00,10260000.0,989.08,14.66,288.73,-0.35,35.64,16.71,5.95,10.75,3.75,6.02,1194.4,1.24,3.08,80.4
2015-04-29 18:10:00,10260600.0,989.08,14.51,288.57,-0.33,36.03,16.55,5.96,10.58,3.76,6.03,1195.02,1.06,2.2,50.43
2015-04-29 18:20:00,10261200.0,989.0,14.27,288.34,-0.33,36.6,16.29,5.96,10.33,3.76,6.03,1195.92,0.85,1.56,37.55
2015-04-29 18:30:00,10261800.0,988.99,14.23,288.3,-0.22,36.99,16.25,6.01,10.24,3.79,6.08,1196.05,0.95,1.74,218.1
2015-04-29 18:40:00,10262400.0,989.02,14.19,288.26,-0.61,36.04,16.21,5.84,10.37,3.68,5.91,1196.33,0.73,1.5,228.2
2015-04-29 18:50:00,10263000.0,989.01,14.08,288.15,-0.51,36.57,16.09,5.88,10.21,3.71,5.95,1196.76,1.31,2.48,225.4
2015-04-29 19:00:00,10263600.0,989.06,13.74,287.8,-0.16,38.35,15.74,6.04,9.7,3.8,6.1,1198.17,1.92,3.36,309.7
2015-04-29 19:10:00,10264200.0,989.15,13.19,287.24,0.3,41.12,15.19,6.24,8.94,3.94,6.31,1200.48,2.75,3.54,344.0
2015-04-29 19:20:00,10264800.0,989.13,12.85,286.91,0.38,42.27,14.85,6.28,8.57,3.96,6.35,1201.87,2.33,3.18,341.6
2015-04-29 19:30:00,10265400.0,989.14,12.6,286.65,0.63,43.78,14.61,6.4,8.21,4.03,6.47,1202.88,2.49,3.08,339.2
2015-04-29 19:40:00,10266000.0,989.29,12.24,286.28,1.06,46.24,14.27,6.6,7.67,4.16,6.67,1204.49,0.73,2.02,234.0
2015-04-29 19:50:00,10266600.0,989.36,11.9,285.93,0.77,46.29,13.95,6.46,7.49,4.07,6.53,1206.07,0.95,1.8,241.0
2015-04-29 20:00:00,10267200.0,989.38,11.94,285.97,0.9,46.63,13.99,6.52,7.47,4.11,6.59,1205.9,0.41,1.04,191.8
2015-04-29 20:10:00,10267800.0,989.41,11.72,285.75,1.05,47.8,13.79,6.59,7.2,4.15,6.66,1206.84,0.43,0.88,203.9
2015-04-29 20:20:00,10268400.0,989.48,11.51,285.53,1.09,48.63,13.6,6.61,6.98,4.17,6.68,1207.8,0.45,0.8,227.1
2015-04-29 20:30:00,10269000.0,989.4,11.36,285.39,1.22,49.56,13.46,6.67,6.79,4.2,6.74,1208.31,0.43,0.96,204.1
2015-04-29 20:40:00,10269600.0,989.28,11.22,285.26,1.24,50.12,13.34,6.68,6.65,4.21,6.76,1208.76,0.74,0.96,218.2
2015-04-29 20:50:00,10270200.0,989.23,11.04,285.08,1.25,50.73,13.18,6.69,6.49,4.21,6.76,1209.46,0.63,0.96,221.1
2015-04-29 21:00:00,10270800.0,989.2,10.83,284.87,1.29,51.62,13.0,6.71,6.29,4.23,6.78,1210.31,1.07,1.48,231.9
2015-04-29 21:10:00,10271400.0,989.12,10.72,284.77,1.32,52.09,12.9,6.72,6.18,4.24,6.79,1210.67,1.26,1.76,225.9
2015-04-29 21:20:00,10272000.0,989.12,10.62,284.67,1.35,52.57,12.81,6.74,6.08,4.25,6.81,1211.09,1.38,1.92,221.3
2015-04-29 21:30:00,10272600.0,989.11,10.48,284.53,1.39,53.21,12.7,6.76,5.94,4.26,6.83,1211.67,1.36,1.78,219.6
2015-04-29 21:40:00,10273200.0,989.12,10.28,284.33,1.42,54.04,12.53,6.77,5.76,4.27,6.84,1212.53,1.44,1.64,219.6
2015-04-29 21:50:00,10273800.0,989.13,10.11,284.16,1.5,54.98,12.38,6.81,5.58,4.29,6.88,1213.25,1.08,1.88,228.4
2015-04-29 22:00:00,10274400.0,989.13,9.87,283.92,1.52,55.94,12.19,6.82,5.37,4.3,6.89,1214.28,1.15,1.7,219.1
2015-04-29 22:10:00,10275000.0,989.1,9.53,283.58,1.48,57.1,11.91,6.8,5.11,4.29,6.88,1215.71,1.65,2.2,233.9
2015-04-29 22:20:00,10275600.0,989.1,9.44,283.49,1.66,58.19,11.84,6.89,4.95,4.34,6.97,1216.05,1.26,2.36,225.3
2015-04-29 22:30:00,10276200.0,989.05,9.23,283.28,1.78,59.53,11.67,6.95,4.72,4.38,7.03,1216.87,0.57,1.04,192.5
2015-04-29 22:40:00,10276800.0,989.0,9.05,283.1,1.79,60.29,11.53,6.95,4.58,4.38,7.03,1217.58,0.49,1.36,219.1
2015-04-29 22:50:00,10277400.0,989.06,8.73,282.78,1.69,61.17,11.28,6.9,4.38,4.35,6.98,1219.06,1.0,1.8,207.1
2015-04-29 23:00:00,10278000.0,989.08,8.55,282.6,1.72,62.07,11.15,6.92,4.23,4.36,7.0,1219.86,0.98,1.74,198.8
2015-04-29 23:10:00,10278600.0,989.11,8.41,282.45,1.69,62.53,11.04,6.9,4.14,4.35,6.98,1220.51,0.97,1.6,191.7
2015-04-29 23:20:00,10279200.0,989.12,8.36,282.4,1.4,61.43,11.0,6.76,4.24,4.26,6.83,1220.8,1.3,1.98,201.3
2015-04-29 23:30:00,10279800.0,989.12,8.33,282.37,1.29,61.09,10.98,6.71,4.27,4.23,6.78,1220.96,1.22,1.68,205.1
2015-04-29 23:40:00,10280400.0,989.12,8.21,282.25,1.38,61.99,10.89,6.75,4.14,4.26,6.83,1221.46,1.02,1.78,224.9
2015-04-29 23:50:00,10281000.0,989.1,8.28,282.32,1.37,61.62,10.95,6.74,4.2,4.25,6.82,1221.13,0.93,1.52,221.3
2015-04-30 00:00:00,10281600.0,989.13,8.21,282.25,1.42,62.15,10.89,6.77,4.12,4.27,6.84,1221.46,0.47,0.84,188.6
2015-04-30 00:10:00,10282200.0,989.1,7.89,281.93,1.34,63.17,10.66,6.73,3.93,4.24,6.81,1222.83,0.76,1.6,187.4
2015-04-30 00:20:00,10282800.0,989.05,7.71,281.76,1.37,64.09,10.53,6.75,3.78,4.25,6.82,1223.55,0.98,1.52,162.7
2015-04-30 00:30:00,10283400.0,989.0,7.54,281.59,1.31,64.53,10.41,6.71,3.69,4.23,6.79,1224.24,1.45,2.36,188.4
2015-04-30 00:40:00,10284000.0,988.91,7.33,281.39,1.46,66.2,10.26,6.79,3.47,4.28,6.87,1225.01,0.95,1.96,171.7
2015-04-30 00:50:00,10284600.0,988.87,7.12,281.18,1.47,67.18,10.11,6.79,3.32,4.28,6.87,1225.88,1.18,2.36,179.5
2015-04-30 01:00:00,10285200.0,988.8,7.05,281.11,1.42,67.3,10.06,6.77,3.29,4.27,6.85,1226.11,0.82,1.64,180.8
2015-04-30 01:10:00,10285800.0,988.76,6.99,281.06,1.38,67.37,10.02,6.75,3.27,4.26,6.83,1226.31,1.12,1.96,186.9
2015-04-30 01:20:00,10286400.0,988.72,7.05,281.12,1.35,66.96,10.06,6.74,3.32,4.25,6.81,1226.02,1.8,3.0,172.7
2015-04-30 01:30:00,10287000.0,988.63,7.13,281.21,1.34,66.53,10.12,6.73,3.39,4.25,6.81,1225.56,1.74,2.44,186.1
2015-04-30 01:40:00,10287600.0,988.57,7.23,281.31,1.33,66.02,10.19,6.73,3.46,4.24,6.8,1225.06,1.39,2.4,186.7
2015-04-30 01:50:00,10288200.0,988.56,7.29,281.37,1.36,65.88,10.23,6.74,3.49,4.25,6.82,1224.77,1.2,1.62,176.9
2015-04-30 02:00:00,10288800.0,988.54,7.12,281.21,1.35,66.64,10.11,6.74,3.37,4.25,6.82,1225.49,1.09,1.76,172.6
2015-04-30 02:10:00,10289400.0,988.51,6.82,280.9,1.33,67.94,9.9,6.73,3.17,4.24,6.81,1226.79,0.99,1.5,181.1
2015-04-30 02:20:00,10290000.0,988.51,6.66,280.75,1.35,68.73,9.8,6.73,3.06,4.25,6.81,1227.45,0.69,1.68,168.3
2015-04-30 02:30:00,10290600.0,988.52,6.51,280.59,1.38,69.65,9.69,6.75,2.94,4.26,6.83,1228.14,0.82,1.56,154.2
2015-04-30 02:40:00,10291200.0,988.49,6.27,280.35,1.42,71.0,9.53,6.77,2.76,4.27,6.85,1229.16,0.53,1.08,149.2
2015-04-30 02:50:00,10291800.0,988.39,5.89,279.98,1.4,72.8,9.29,6.76,2.53,4.27,6.84,1230.7,0.57,1.08,128.8
2015-04-30 03:00:00,10292400.0,988.28,5.69,279.79,1.56,74.7,9.16,6.84,2.32,4.32,6.92,1231.42,0.37,0.88,113.3
2015-04-30 03:10:00,10293000.0,988.19,5.55,279.66,1.5,75.1,9.07,6.81,2.26,4.3,6.89,1231.93,0.45,1.32,145.8
2015-04-30 03:20:00,10293600.0,988.06,5.64,279.76,1.6,75.1,9.13,6.86,2.27,4.33,6.94,1231.33,0.56,2.64,59.61
2015-04-30 03:30:00,10294200.0,988.02,5.88,280.0,1.6,73.9,9.28,6.86,2.42,4.33,6.94,1230.23,0.35,1.12,88.8
2015-04-30 03:40:00,10294800.0,988.0,5.91,280.03,1.68,74.2,9.3,6.9,2.4,4.35,6.98,1230.07,0.39,1.12,120.1
2015-04-30 03:50:00,10295400.0,987.88,5.6,279.74,1.65,75.6,9.1,6.88,2.22,4.35,6.97,1231.26,0.29,1.0,148.5
2015-04-30 04:00:00,10296000.0,987.78,5.33,279.48,1.68,77.2,8.93,6.9,2.04,4.35,6.98,1232.33,0.46,0.96,207.7
2015-04-30 04:10:00,10296600.0,987.74,5.42,279.56,1.61,76.4,8.99,6.87,2.12,4.33,6.95,1231.93,0.71,1.36,211.7
2015-04-30 04:20:00,10297200.0,987.67,5.63,279.79,1.59,75.1,9.12,6.85,2.27,4.33,6.94,1230.88,0.93,1.28,198.1
2015-04-30 04:30:00,10297800.0,987.65,5.6,279.75,1.66,75.7,9.1,6.89,2.21,4.35,6.98,1231.0,0.66,1.06,179.6
2015-04-30 04:40:00,10298400.0,987.63,5.16,279.32,1.53,77.3,8.83,6.82,2.0,4.31,6.91,1232.93,1.6,2.38,140.0
2015-04-30 04:50:00,10299000.0,987.65,4.73,278.88,1.52,79.6,8.57,6.82,1.75,4.31,6.9,1234.87,1.24,2.36,138.4
2015-04-30 05:00:00,10299600.0,987.67,4.39,278.54,1.57,81.8,8.36,6.84,1.52,4.32,6.93,1236.41,1.33,2.32,151.5
2015-04-30 05:10:00,10300200.0,987.76,4.23,278.36,1.62,83.1,8.27,6.87,1.4,4.34,6.96,1237.24,1.05,1.84,137.1
2015-04-30 05:20:00,10300800.0,987.79,4.28,278.42,1.75,83.5,8.3,6.93,1.37,4.38,7.02,1236.99,0.75,1.76,119.9
2015-04-30 05:30:00,10301400.0,987.85,4.45,278.59,1.9,83.4,8.4,7.01,1.39,4.42,7.09,1236.27,0.83,1.36,103.1
2015-04-30 05:40:00,10302000.0,987.91,4.52,278.65,1.81,82.5,8.44,6.96,1.48,4.4,7.05,1236.06,0.75,1.16,57.22
2015-04-30 05:50:00,10302600.0,987.95,4.63,278.75,1.83,82.0,8.5,6.97,1.53,4.4,7.06,1235.64,1.12,2.32,126.7
2015-04-30 06:00:00,10303200.0,988.05,4.91,279.03,1.92,80.9,8.68,7.02,1.66,4.43,7.1,1234.48,0.5,1.44,196.6
2015-04-30 06:10:00,10303800.0,988.09,5.37,279.49,2.0,78.8,8.96,7.06,1.9,4.46,7.14,1232.47,0.45,1.36,266.7
2015-04-30 06:20:00,10304400.0,988.05,6.0,280.12,2.03,75.6,9.36,7.07,2.28,4.46,7.16,1229.66,0.62,1.4,191.1
2015-04-30 06:30:00,10305000.0,988.05,6.29,280.41,2.09,74.4,9.55,7.1,2.44,4.48,7.19,1228.34,0.85,1.68,192.6
2015-04-30 06:40:00,10305600.0,988.12,6.32,280.44,2.17,74.7,9.57,7.15,2.42,4.51,7.23,1228.28,1.28,2.16,196.4
2015-04-30 06:50:00,10306200.0,988.17,6.43,280.54,2.39,75.3,9.64,7.26,2.38,4.58,7.35,1227.81,1.51,2.24,193.2
2015-04-30 07:00:00,10306800.0,988.18,6.78,280.89,2.62,74.7,9.88,7.38,2.5,4.66,7.47,1226.24,1.24,2.4,180.9
2015-04-30 07:10:00,10307400.0,988.15,7.19,281.31,2.77,73.4,10.16,7.46,2.7,4.71,7.55,1224.36,1.09,2.32,160.0
2015-04-30 07:20:00,10308000.0,988.14,7.54,281.66,2.89,72.3,10.41,7.52,2.88,4.75,7.61,1222.79,1.2,2.02,157.7
2015-04-30 07:30:00,10308600.0,988.12,8.04,282.16,3.24,71.6,10.77,7.71,3.06,4.87,7.8,1220.51,0.84,1.72,173.3
2015-04-30 07:40:00,10309200.0,988.11,8.4,282.52,3.32,70.3,11.03,7.76,3.28,4.9,7.85,1218.91,1.46,1.96,155.1
2015-04-30 07:50:00,10309800.0,988.15,8.69,282.81,3.51,69.83,11.25,7.86,3.4,4.96,7.95,1217.66,1.02,1.64,159.1
2015-04-30 08:00:00,10310400.0,988.11,9.31,283.44,3.66,67.67,11.74,7.94,3.79,5.01,8.04,1214.9,1.4,1.94,146.5
2015-04-30 08:10:00,10311000.0,988.09,9.45,283.58,3.8,67.73,11.85,8.02,3.82,5.07,8.12,1214.24,1.55,2.36,99.4
2015-04-30 08:20:00,10311600.0,988.13,9.96,284.09,3.89,65.84,12.26,8.07,4.19,5.1,8.17,1212.07,1.75,2.8,106.5
2015-04-30 08:30:00,10312200.0,988.01,11.1,285.24,4.19,62.35,13.23,8.25,4.98,5.21,8.35,1206.98,1.78,3.0,165.8
2015-04-30 08:40:00,10312800.0,988.01,12.01,286.16,3.88,57.43,14.05,8.07,5.98,5.1,8.17,1203.22,2.38,5.01,192.0
2015-04-30 08:50:00,10313400.0,987.99,12.17,286.32,3.13,53.88,14.2,7.65,6.55,4.83,7.75,1202.71,4.73,7.69,213.9
2015-04-30 09:00:00,10314000.0,987.92,12.06,286.21,2.92,53.45,14.1,7.54,6.56,4.76,7.63,1203.14,4.49,5.91,209.0
2015-04-30 09:10:00,10314600.0,987.89,12.22,286.38,2.96,53.04,14.25,7.56,6.69,4.77,7.65,1202.42,3.86,7.13,208.0
2015-04-30 09:20:00,10315200.0,987.9,12.23,286.39,2.91,52.83,14.26,7.53,6.73,4.76,7.63,1202.4,4.52,7.01,218.0
2015-04-30 09:30:00,10315800.0,987.89,12.29,286.45,2.94,52.74,14.31,7.55,6.77,4.77,7.64,1202.13,5.43,7.97,211.5
2015-04-30 09:40:00,10316400.0,987.9,12.52,286.68,3.17,52.79,14.53,7.67,6.86,4.84,7.77,1201.12,4.6,7.07,215.8
2015-04-30 09:50:00,10317000.0,987.84,12.8,286.96,3.08,51.49,14.8,7.62,7.18,4.81,7.72,1199.89,6.06,8.91,212.8
2015-04-30 10:00:00,10317600.0,987.75,12.76,286.93,2.83,50.72,14.76,7.49,7.28,4.73,7.58,1200.01,5.49,8.09,208.4
2015-04-30 10:10:00,10318200.0,987.7,12.88,287.05,2.79,50.2,14.88,7.47,7.41,4.72,7.56,1199.46,4.97,7.21,221.1
2015-04-30 10:20:00,10318800.0,987.6,13.35,287.53,2.92,49.12,15.35,7.54,7.81,4.76,7.63,1197.33,4.78,7.97,215.8
2015-04-30 10:30:00,10319400.0,987.51,13.41,287.6,2.47,47.38,15.41,7.3,8.11,4.61,7.39,1197.08,6.47,8.77,211.9
2015-04-30 10:40:00,10320000.0,987.44,13.37,287.57,2.36,47.14,15.37,7.24,8.12,4.58,7.34,1197.19,5.15,7.71,208.4
2015-04-30 10:50:00,10320600.0,987.39,13.45,287.65,2.52,47.43,15.45,7.33,8.12,4.63,7.42,1196.76,5.07,8.69,210.0
2015-04-30 11:00:00,10321200.0,987.4,13.55,287.75,2.58,47.34,15.55,7.36,8.19,4.65,7.45,1196.34,4.12,6.29,213.3
2015-04-30 11:10:00,10321800.0,987.37,13.56,287.76,2.49,46.98,15.56,7.31,8.25,4.62,7.4,1196.28,4.63,6.93,210.2
2015-04-30 11:20:00,10322400.0,987.3,13.92,288.13,2.28,45.22,15.93,7.2,8.72,4.55,7.29,1194.75,5.43,9.85,214.3
2015-04-30 11:30:00,10323000.0,987.2,14.0,288.22,2.27,44.96,16.01,7.2,8.81,4.55,7.29,1194.3,4.4,7.45,204.2
2015-04-30 11:40:00,10323600.0,987.17,13.8,288.02,2.27,45.55,15.8,7.2,8.6,4.55,7.29,1195.09,6.21,8.97,212.9
2015-04-30 11:50:00,10324200.0,987.15,13.71,287.93,2.53,46.66,15.71,7.33,8.38,4.63,7.43,1195.38,4.18,7.61,216.7
2015-04-30 12:00:00,10324800.0,987.04,13.93,288.16,2.38,45.51,15.94,7.25,8.68,4.58,7.35,1194.37,3.69,5.45,194.9
2015-04-30 12:10:00,10325400.0,987.02,13.94,288.17,2.37,45.44,15.95,7.25,8.7,4.58,7.34,1194.3,3.38,7.53,227.4
2015-04-30 12:20:00,10326000.0,986.93,13.85,288.09,2.22,45.23,15.85,7.17,8.68,4.53,7.27,1194.6,5.09,7.33,213.4
2015-04-30 12:30:00,10326600.0,986.86,13.9,288.15,2.85,47.15,15.9,7.5,8.41,4.74,7.6,1194.16,3.56,5.73,199.5
2015-04-30 12:40:00,10327200.0,986.78,14.38,288.64,2.36,44.15,16.41,7.24,9.16,4.58,7.34,1192.19,4.54,7.29,205.5
2015-04-30 12:50:00,10327800.0,986.68,14.34,288.6,2.54,44.83,16.37,7.34,9.03,4.64,7.44,1192.19,6.05,9.01,208.8
2015-04-30 13:00:00,10328400.0,986.4,14.65,288.94,2.57,44.02,16.7,7.35,9.35,4.65,7.45,1190.56,5.29,8.49,207.2
2015-04-30 13:10:00,10329000.0,986.26,14.57,288.87,1.93,42.29,16.61,7.02,9.59,4.44,7.12,1190.87,5.68,9.29,215.8
2015-04-30 13:20:00,10329600.0,986.11,14.89,289.2,2.13,42.01,16.96,7.12,9.83,4.51,7.22,1189.32,5.73,8.01,210.6
2015-04-30 13:30:00,10330200.0,986.01,14.81,289.13,1.38,40.02,16.87,6.75,10.12,4.27,6.85,1189.7,5.48,8.45,204.3
2015-04-30 13:40:00,10330800.0,985.9,14.78,289.11,1.93,41.71,16.84,7.02,9.81,4.44,7.12,1189.57,5.43,7.65,207.9
2015-04-30 13:50:00,10331400.0,985.78,15.07,289.41,2.37,42.24,17.16,7.25,9.91,4.59,7.35,1188.12,5.31,8.13,215.1
2015-04-30 14:00:00,10332000.0,985.57,15.38,289.74,2.6,42.1,17.5,7.37,10.13,4.66,7.48,1186.54,5.03,8.57,177.4
2015-04-30 14:10:00,10332600.0,985.29,15.54,289.93,2.5,41.38,17.68,7.32,10.36,4.63,7.43,1185.57,5.7,9.69,190.6
2015-04-30 14:20:00,10333200.0,985.14,16.01,290.41,2.04,38.85,18.22,7.08,11.14,4.48,7.19,1183.57,5.82,9.15,183.9
2015-04-30 14:30:00,10333800.0,984.98,15.96,290.37,2.81,41.17,18.16,7.48,10.69,4.74,7.59,1183.4,6.41,9.73,190.0
2015-04-30 14:40:00,10334400.0,984.9,15.43,289.85,2.78,42.52,17.56,7.47,10.09,4.73,7.58,1185.48,5.76,8.49,187.3
2015-04-30 14:50:00,10335000.0,985.03,14.84,289.25,2.29,42.63,16.9,7.21,9.7,4.56,7.32,1188.18,6.14,13.69,201.3
2015-04-30 15:00:00,10335600.0,985.55,12.75,287.1,3.91,54.79,14.75,8.08,6.67,5.12,8.2,1197.1,6.2,11.89,251.2
2015-04-30 15:10:00,10336200.0,985.68,10.77,285.1,5.51,69.87,12.94,9.04,3.9,5.73,9.18,1205.16,3.96,5.48,261.1
2015-04-30 15:20:00,10336800.0,985.66,10.74,285.08,5.81,71.5,12.92,9.24,3.68,5.85,9.37,1205.17,4.32,6.45,211.8
2015-04-30 15:30:00,10337400.0,985.49,10.93,285.28,5.34,68.33,13.08,8.94,4.14,5.66,9.07,1204.3,5.61,9.25,188.6
2015-04-30 15:40:00,10338000.0,985.63,11.43,285.77,6.01,69.23,13.52,9.36,4.16,5.93,9.5,1202.16,3.33,5.57,177.0
2015-04-30 15:50:00,10338600.0,985.53,11.72,286.07,6.2,68.84,13.79,9.49,4.3,6.01,9.63,1200.75,4.2,6.75,171.9
2015-04-30 16:00:00,10339200.0,985.39,12.01,286.37,6.26,67.78,14.05,9.53,4.53,6.03,9.67,1199.34,3.25,4.77,171.7
2015-04-30 16:10:00,10339800.0,985.16,12.48,286.86,6.84,68.42,14.5,9.92,4.58,6.29,10.07,1196.91,2.23,3.56,166.6
2015-04-30 16:20:00,10340400.0,985.01,12.17,286.57,6.11,66.42,14.2,9.43,4.77,5.98,9.58,1198.25,2.8,4.08,167.8
2015-04-30 16:30:00,10341000.0,985.05,11.92,286.31,6.28,68.29,13.97,9.54,4.43,6.05,9.68,1199.3,2.14,3.14,200.3
2015-04-30 16:40:00,10341600.0,984.95,11.89,286.29,6.57,69.83,13.94,9.74,4.21,6.17,9.88,1199.21,0.87,1.68,165.0
2015-04-30 16:50:00,10342200.0,984.87,12.19,286.6,6.8,69.54,14.22,9.89,4.33,6.27,10.04,1197.78,0.67,1.48,144.4
2015-04-30 17:00:00,10342800.0,984.64,12.95,287.38,6.97,66.92,14.95,10.0,4.95,6.34,10.16,1194.27,0.66,1.56,227.7
2015-04-30 17:10:00,10343400.0,984.47,13.31,287.76,6.89,65.03,15.31,9.95,5.35,6.31,10.11,1192.58,0.85,1.84,31.5
2015-04-30 17:20:00,10344000.0,984.44,13.1,287.55,6.71,65.12,15.1,9.83,5.27,6.23,9.99,1193.48,0.98,2.04,35.88
2015-04-30 17:30:00,10344600.0,984.36,12.97,287.42,6.71,65.68,14.97,9.83,5.14,6.24,9.99,1193.92,0.64,1.04,339.9
2015-04-30 17:40:00,10345200.0,984.32,12.72,287.18,6.7,66.72,14.73,9.82,4.9,6.23,9.98,1194.92,0.37,0.7,302.7
2015-04-30 17:50:00,10345800.0,984.33,12.56,287.01,6.74,67.58,14.57,9.85,4.72,6.25,10.0,1195.59,1.16,1.84,229.6
2015-04-30 18:00:00,10346400.0,984.36,12.47,286.92,6.72,67.88,14.49,9.83,4.65,6.24,9.99,1196.01,1.37,1.78,254.4
2015-04-30 18:10:00,10347000.0,984.49,12.77,287.21,6.24,64.41,14.77,9.52,5.26,6.03,9.67,1195.06,2.1,5.57,250.2
2015-04-30 18:20:00,10347600.0,985.01,11.53,285.92,5.58,66.76,13.61,9.09,4.53,5.76,9.23,1201.1,4.12,8.61,271.3
2015-04-30 18:30:00,10348200.0,985.31,10.04,284.4,5.51,73.4,12.33,9.05,3.28,5.73,9.18,1207.81,3.57,6.17,258.3
2015-04-30 18:40:00,10348800.0,985.46,9.25,283.6,5.77,78.8,11.69,9.21,2.48,5.83,9.35,1211.3,3.18,5.21,254.6
2015-04-30 18:50:00,10349400.0,985.3,8.8,283.16,5.99,82.5,11.34,9.35,1.98,5.93,9.49,1212.97,2.48,4.93,260.4
2015-04-30 19:00:00,10350000.0,984.48,8.58,283.0,6.06,84.1,11.17,9.39,1.78,5.96,9.54,1212.88,2.06,4.1,325.5
2015-04-30 19:10:00,10350600.0,984.85,8.57,282.96,6.39,86.1,11.16,9.61,1.55,6.09,9.76,1213.28,2.61,4.48,222.1
2015-04-30 19:20:00,10351200.0,985.02,8.58,282.96,6.41,86.2,11.17,9.63,1.54,6.1,9.78,1213.44,2.55,3.64,249.9
2015-04-30 19:30:00,10351800.0,985.14,8.7,283.07,6.31,84.9,11.26,9.56,1.7,6.06,9.71,1213.1,2.88,3.76,262.0
2015-04-30 19:40:00,10352400.0,985.1,8.9,283.27,6.0,82.0,11.42,9.36,2.05,5.93,9.5,1212.29,2.51,3.72,259.3
2015-04-30 19:50:00,10353000.0,984.85,8.76,283.15,6.08,83.2,11.31,9.41,1.9,5.96,9.55,1212.56,1.19,2.56,322.7
2015-04-30 20:00:00,10353600.0,984.93,8.66,283.05,6.24,84.7,11.23,9.51,1.72,6.03,9.66,1213.04,0.38,1.16,43.92
2015-04-30 20:10:00,10354200.0,985.07,8.58,282.95,6.36,85.9,11.17,9.6,1.58,6.08,9.74,1213.52,0.37,0.72,234.4
2015-04-30 20:20:00,10354800.0,985.07,8.44,282.81,6.31,86.4,11.06,9.56,1.5,6.06,9.7,1214.14,0.45,0.88,231.2
2015-04-30 20:30:00,10355400.0,985.05,8.41,282.79,6.23,86.1,11.04,9.51,1.53,6.03,9.65,1214.26,0.54,1.16,232.3
2015-04-30 20:40:00,10356000.0,984.94,8.35,282.73,6.37,87.3,11.0,9.6,1.4,6.09,9.75,1214.34,0.55,1.0,208.8
2015-04-30 20:50:00,10356600.0,984.85,8.24,282.63,6.43,88.3,10.92,9.64,1.28,6.11,9.79,1214.69,0.57,1.04,206.9
2015-04-30 21:00:00,10357200.0,984.8,8.16,282.56,6.36,88.4,10.86,9.6,1.26,6.08,9.74,1214.99,0.83,1.36,201.4
2015-04-30 21:10:00,10357800.0,984.67,8.06,282.47,6.43,89.4,10.78,9.64,1.14,6.11,9.79,1215.24,0.72,1.36,211.8
2015-04-30 21:20:00,10358400.0,984.66,7.93,282.34,6.44,90.3,10.69,9.65,1.04,6.12,9.8,1215.79,1.01,1.56,238.5
2015-04-30 21:30:00,10359000.0,984.63,7.83,282.24,6.41,90.7,10.61,9.63,0.99,6.1,9.78,1216.19,1.44,1.76,218.0
2015-04-30 21:40:00,10359600.0,984.5,7.88,282.3,6.46,90.7,10.65,9.66,0.99,6.13,9.81,1215.8,1.76,2.32,201.8
2015-04-30 21:50:00,10360200.0,984.44,7.9,282.32,6.53,91.0,10.67,9.71,0.96,6.16,9.86,1215.62,1.81,2.36,195.0
2015-04-30 22:00:00,10360800.0,984.41,7.96,282.39,6.57,90.9,10.71,9.73,0.97,6.17,9.89,1215.31,1.99,2.56,192.2
2015-04-30 22:10:00,10361400.0,984.33,7.99,282.42,6.54,90.5,10.73,9.71,1.02,6.16,9.87,1215.09,1.99,2.66,192.5
2015-04-30 22:20:00,10362000.0,984.23,8.02,282.46,6.47,89.9,10.75,9.67,1.09,6.13,9.82,1214.86,2.04,2.8,197.3
2015-04-30 22:30:00,10362600.0,984.17,8.06,282.51,6.33,88.8,10.78,9.57,1.21,6.07,9.73,1214.65,1.62,2.36,209.8
2015-04-30 22:40:00,10363200.0,984.1,8.12,282.57,6.09,87.0,10.83,9.42,1.41,5.97,9.57,1214.38,2.13,2.68,213.2
2015-04-30 22:50:00,10363800.0,984.1,8.02,282.47,6.19,88.2,10.75,9.48,1.27,6.02,9.64,1214.78,2.17,2.6,210.8
2015-04-30 23:00:00,10364400.0,984.12,7.86,282.31,6.21,89.3,10.64,9.5,1.14,6.03,9.65,1215.49,2.18,3.48,215.3
2015-04-30 23:10:00,10365000.0,983.98,7.74,282.2,6.32,90.7,10.55,9.57,0.98,6.07,9.72,1215.81,1.66,2.16,205.5
2015-04-30 23:20:00,10365600.0,983.86,7.59,282.06,6.33,91.7,10.44,9.58,0.87,6.08,9.73,1216.3,1.77,2.38,220.5
2015-04-30 23:30:00,10366200.0,983.82,7.61,282.08,6.3,91.4,10.46,9.56,0.9,6.06,9.71,1216.18,1.21,1.96,212.2
2015-04-30 23:40:00,10366800.0,983.75,7.6,282.08,6.28,91.3,10.45,9.54,0.91,6.05,9.7,1216.14,1.64,2.12,222.6
2015-04-30 23:50:00,10367400.0,983.7,7.64,282.12,6.32,91.3,10.48,9.57,0.91,6.07,9.72,1215.89,1.78,2.38,236.7
2015-05-01 00:00:00,10368000.0,983.6,7.67,282.16,6.24,90.6,10.5,9.51,0.99,6.04,9.67,1215.66,1.99,2.52,227.2
2015-05-01 00:10:00,10368600.0,983.52,7.66,282.16,6.24,90.7,10.49,9.52,0.98,6.04,9.68,1215.61,2.06,2.48,227.7
2015-05-01 00:20:00,10369200.0,983.47,7.67,282.17,6.2,90.4,10.5,9.49,1.01,6.02,9.65,1215.51,1.78,2.52,221.5
2015-05-01 00:30:00,10369800.0,983.36,7.72,282.23,6.25,90.4,10.53,9.52,1.01,6.05,9.68,1215.14,1.23,1.64,217.0
2015-05-01 00:40:00,10370400.0,983.35,7.71,282.22,6.19,90.1,10.53,9.49,1.04,6.02,9.65,1215.19,1.61,2.16,211.7
2015-05-01 00:50:00,10371000.0,983.24,7.62,282.14,6.23,90.9,10.46,9.51,0.95,6.04,9.67,1215.43,1.85,2.28,224.8
2015-05-01 01:00:00,10371600.0,983.22,7.54,282.06,6.25,91.5,10.41,9.52,0.88,6.05,9.68,1215.75,2.16,2.48,219.8
2015-05-01 01:10:00,10372200.0,983.22,7.46,281.98,6.31,92.4,10.35,9.56,0.79,6.07,9.73,1216.08,1.48,2.32,245.2
2015-05-01 01:20:00,10372800.0,983.25,7.47,281.99,6.23,91.8,10.36,9.51,0.85,6.04,9.67,1216.1,2.06,3.76,304.8
2015-05-01 01:30:00,10373400.0,983.16,6.99,281.51,5.34,89.2,10.02,8.94,1.08,5.67,9.09,1218.34,1.83,3.16,261.6
2015-05-01 01:40:00,10374000.0,983.03,6.62,281.15,5.02,89.5,9.77,8.74,1.03,5.55,8.89,1219.88,1.67,3.44,252.9
2015-05-01 01:50:00,10374600.0,983.08,6.33,280.86,4.66,89.0,9.58,8.52,1.05,5.41,8.67,1221.29,1.93,3.56,253.1
2015-05-01 02:00:00,10375200.0,983.13,6.16,280.68,4.55,89.4,9.46,8.46,1.0,5.37,8.6,1222.16,2.49,3.8,253.0
2015-05-01 02:10:00,10375800.0,982.99,5.98,280.52,4.54,90.4,9.35,8.45,0.9,5.36,8.6,1222.75,1.84,3.4,249.2
2015-05-01 02:20:00,10376400.0,982.84,5.89,280.43,4.51,90.8,9.29,8.43,0.85,5.35,8.58,1222.99,1.36,2.84,231.6
2015-05-01 02:30:00,10377000.0,982.78,5.82,280.37,4.48,91.1,9.24,8.42,0.82,5.35,8.57,1223.23,1.64,2.12,242.6
2015-05-01 02:40:00,10377600.0,982.76,5.83,280.38,4.47,90.9,9.25,8.41,0.84,5.34,8.56,1223.14,1.54,2.28,256.6
2015-05-01 02:50:00,10378200.0,982.71,5.9,280.46,4.47,90.5,9.3,8.41,0.88,5.34,8.56,1222.76,0.96,1.68,248.7
2015-05-01 03:00:00,10378800.0,982.73,5.93,280.48,4.47,90.3,9.31,8.41,0.9,5.34,8.56,1222.69,1.22,1.68,239.1
2015-05-01 03:10:00,10379400.0,982.71,5.93,280.49,4.47,90.3,9.32,8.41,0.9,5.34,8.56,1222.64,1.68,2.52,250.7
2015-05-01 03:20:00,10380000.0,982.67,6.01,280.57,4.56,90.4,9.36,8.46,0.9,5.37,8.61,1222.24,1.52,2.32,264.2
2015-05-01 03:30:00,10380600.0,982.62,6.07,280.64,4.62,90.4,9.41,8.5,0.9,5.4,8.65,1221.87,1.01,1.72,246.4
2015-05-01 03:40:00,10381200.0,982.46,5.96,280.54,4.67,91.4,9.33,8.53,0.8,5.42,8.68,1222.14,1.06,2.0,243.4
2015-05-01 03:50:00,10381800.0,982.48,5.91,280.49,4.73,92.1,9.3,8.57,0.73,5.44,8.72,1222.36,1.46,1.88,203.0
2015-05-01 04:00:00,10382400.0,982.51,5.87,280.44,4.83,93.0,9.28,8.63,0.65,5.48,8.78,1222.55,0.8,1.32,221.2
2015-05-01 04:10:00,10383000.0,982.48,5.88,280.45,4.87,93.2,9.28,8.65,0.63,5.49,8.8,1222.48,0.58,1.16,216.7
2015-05-01 04:20:00,10383600.0,982.49,5.86,280.43,4.77,92.7,9.27,8.59,0.68,5.46,8.74,1222.6,1.1,1.4,227.3
2015-05-01 04:30:00,10384200.0,982.53,5.85,280.42,4.7,92.3,9.26,8.55,0.71,5.43,8.7,1222.71,1.34,1.64,230.8
2015-05-01 04:40:00,10384800.0,982.53,5.68,280.25,4.59,92.7,9.15,8.48,0.67,5.39,8.64,1223.49,1.78,2.0,222.1
2015-05-01 04:50:00,10385400.0,982.47,5.59,280.17,4.68,93.8,9.1,8.53,0.56,5.42,8.69,1223.78,1.76,2.16,226.6
2015-05-01 05:00:00,10386000.0,982.39,5.59,280.17,4.66,93.7,9.1,8.52,0.57,5.41,8.67,1223.69,1.3,1.84,237.4
2015-05-01 05:10:00,10386600.0,982.38,5.57,280.15,4.66,93.9,9.08,8.53,0.55,5.42,8.68,1223.79,0.82,1.76,208.0
2015-05-01 05:20:00,10387200.0,982.43,5.5,280.08,4.59,93.8,9.04,8.48,0.56,5.39,8.63,1224.15,0.72,1.04,214.3
2015-05-01 05:30:00,10387800.0,982.38,5.46,280.04,4.51,93.6,9.01,8.43,0.58,5.36,8.59,1224.31,0.38,0.68,256.3
2015-05-01 05:40:00,10388400.0,982.38,5.62,280.2,4.44,92.1,9.12,8.4,0.72,5.33,8.55,1223.6,0.91,1.4,235.8
2015-05-01 05:50:00,10389000.0,982.38,5.55,280.13,4.1,90.4,9.07,8.2,0.87,5.21,8.34,1224.03,1.43,2.04,220.0
2015-05-01 06:00:00,10389600.0,982.38,5.4,279.98,4.1,91.3,8.98,8.2,0.78,5.21,8.34,1224.66,1.08,1.36,223.9
2015-05-01 06:10:00,10390200.0,982.49,5.56,280.13,4.18,90.8,9.07,8.24,0.83,5.23,8.39,1224.1,0.8,1.08,226.5
2015-05-01 06:20:00,10390800.0,982.51,5.98,280.55,4.34,89.2,9.34,8.33,1.01,5.29,8.48,1222.23,0.87,1.12,212.4
2015-05-01 06:30:00,10391400.0,982.6,6.04,280.61,4.36,88.9,9.39,8.34,1.04,5.3,8.49,1222.06,0.99,1.32,220.6
2015-05-01 06:40:00,10392000.0,982.63,6.26,280.82,4.66,89.5,9.53,8.53,1.0,5.41,8.68,1221.08,0.95,1.76,184.4
2015-05-01 06:50:00,10392600.0,982.63,7.2,281.77,5.07,86.3,10.17,8.77,1.39,5.57,8.93,1216.84,0.71,1.1,145.3
2015-05-01 07:00:00,10393200.0,982.63,7.84,282.41,5.18,83.2,10.62,8.84,1.78,5.61,8.99,1214.04,1.18,1.92,172.4
2015-05-01 07:10:00,10393800.0,982.69,8.24,282.81,5.27,81.5,10.92,8.9,2.02,5.65,9.05,1212.36,0.71,1.76,164.8
2015-05-01 07:20:00,10394400.0,982.73,8.66,283.23,5.32,79.5,11.23,8.93,2.3,5.67,9.09,1210.59,0.82,2.52,133.6
2015-05-01 07:30:00,10395000.0,982.76,8.32,282.88,4.74,78.1,10.97,8.57,2.4,5.44,8.72,1212.26,1.25,2.62,203.3
2015-05-01 07:40:00,10395600.0,982.75,7.72,282.28,4.18,78.2,10.53,8.24,2.3,5.23,8.38,1214.99,1.36,2.56,281.1
2015-05-01 07:50:00,10396200.0,982.79,7.27,281.83,3.85,78.8,10.22,8.05,2.17,5.11,8.19,1217.08,1.53,3.08,252.2
2015-05-01 08:00:00,10396800.0,982.73,7.25,281.81,3.88,79.1,10.2,8.07,2.13,5.12,8.21,1217.08,1.13,2.4,333.2
2015-05-01 08:10:00,10397400.0,982.63,7.96,282.53,4.23,77.2,10.71,8.27,2.44,5.25,8.41,1213.79,1.03,2.68,356.3
2015-05-01 08:20:00,10398000.0,982.56,7.94,282.52,4.11,76.7,10.69,8.2,2.49,5.21,8.35,1213.82,2.14,3.48,23.32
2015-05-01 08:30:00,10398600.0,982.58,8.03,282.61,4.35,77.5,10.76,8.34,2.42,5.3,8.49,1213.39,1.37,2.8,221.4
2015-05-01 08:40:00,10399200.0,982.58,7.96,282.54,4.08,76.4,10.71,8.18,2.53,5.2,8.33,1213.77,1.44,2.6,236.0
2015-05-01 08:50:00,10399800.0,982.52,8.46,283.04,4.09,73.9,11.08,8.19,2.89,5.2,8.33,1211.54,1.2,3.2,299.6
2015-05-01 09:00:00,10400400.0,982.37,8.94,283.54,4.16,71.9,11.45,8.23,3.22,5.23,8.38,1209.27,1.25,2.68,80.8
2015-05-01 09:10:00,10401000.0,982.38,9.28,283.88,4.31,71.0,11.71,8.32,3.4,5.28,8.47,1207.79,1.13,2.48,342.0
2015-05-01 09:20:00,10401600.0,982.39,9.19,283.79,4.04,70.1,11.64,8.16,3.48,5.18,8.31,1208.26,1.02,2.36,0.81
2015-05-01 09:30:00,10402200.0,982.47,9.82,284.41,3.65,65.37,12.15,7.94,4.21,5.04,8.08,1205.77,0.98,2.2,219.3
2015-05-01 09:40:00,10402800.0,982.49,10.14,284.73,3.35,62.63,12.41,7.77,4.64,4.94,7.91,1204.51,1.76,3.48,277.8
2015-05-01 09:50:00,10403400.0,982.4,9.65,284.25,3.19,64.0,12.01,7.69,4.32,4.88,7.82,1206.53,1.86,3.8,272.9
2015-05-01 10:00:00,10404000.0,982.3,10.41,285.02,3.42,61.82,12.64,7.81,4.82,4.96,7.95,1203.11,1.42,3.36,241.6
2015-05-01 10:10:00,10404600.0,982.19,10.53,285.15,1.74,54.38,12.74,6.93,5.81,4.4,7.05,1202.88,1.69,2.52,274.3
2015-05-01 10:20:00,10405200.0,982.12,10.63,285.26,2.38,56.58,12.82,7.26,5.57,4.61,7.39,1202.21,1.47,3.44,318.1
2015-05-01 10:30:00,10405800.0,982.08,10.64,285.27,2.23,55.92,12.83,7.18,5.66,4.56,7.31,1202.16,2.49,4.97,290.2
2015-05-01 10:40:00,10406400.0,982.12,11.07,285.7,2.2,54.24,13.2,7.16,6.04,4.55,7.29,1200.4,0.82,1.72,126.9
2015-05-01 10:50:00,10407000.0,982.09,11.41,286.04,1.62,50.87,13.51,6.87,6.64,4.36,7.0,1199.06,2.04,2.98,176.9
2015-05-01 11:00:00,10407600.0,981.98,10.92,285.56,2.29,55.11,13.07,7.2,5.87,4.58,7.34,1200.84,1.6,2.84,260.8
2015-05-01 11:10:00,10408200.0,981.98,10.69,285.33,2.01,54.88,12.87,7.07,5.81,4.49,7.2,1201.88,1.99,4.04,315.5
2015-05-01 11:20:00,10408800.0,981.96,10.37,285.01,1.66,54.65,12.6,6.89,5.72,4.37,7.01,1203.29,1.69,3.44,300.7
2015-05-01 11:30:00,10409400.0,981.83,10.64,285.29,1.43,52.78,12.83,6.77,6.06,4.3,6.9,1202.04,0.62,2.12,135.3
2015-05-01 11:40:00,10410000.0,981.8,11.16,285.82,1.58,51.56,13.28,6.85,6.43,4.35,6.98,1199.77,0.8,1.76,285.2
2015-05-01 11:50:00,10410600.0,981.72,11.87,286.54,1.93,50.43,13.92,7.02,6.9,4.46,7.15,1196.6,1.41,2.68,209.7
2015-05-01 12:00:00,10411200.0,981.66,11.91,286.58,1.97,50.46,13.96,7.04,6.92,4.48,7.18,1196.35,2.0,4.12,316.2
2015-05-01 12:10:00,10411800.0,981.65,11.66,286.33,1.43,49.34,13.73,6.78,6.96,4.3,6.9,1197.51,1.75,3.16,284.3
2015-05-01 12:20:00,10412400.0,981.49,12.13,286.82,1.22,47.1,14.16,6.67,7.49,4.24,6.8,1195.39,1.11,2.44,138.5
2015-05-01 12:30:00,10413000.0,981.42,12.38,287.08,1.38,46.88,14.4,6.75,7.65,4.29,6.88,1194.23,1.76,3.32,270.7
2015-05-01 12:40:00,10413600.0,981.27,12.19,286.9,1.19,46.81,14.22,6.66,7.56,4.23,6.78,1194.88,1.34,2.84,268.7
2015-05-01 12:50:00,10414200.0,981.16,12.41,287.13,1.25,46.36,14.43,6.69,7.74,4.25,6.82,1193.81,2.28,4.64,287.1
2015-05-01 13:00:00,10414800.0,981.07,12.67,287.4,0.91,44.46,14.68,6.53,8.15,4.15,6.65,1192.69,1.92,3.84,213.8
2015-05-01 13:10:00,10415400.0,981.05,12.39,287.12,0.37,43.55,14.41,6.28,8.13,3.99,6.4,1193.95,3.38,5.4,216.6
2015-05-01 13:20:00,10416000.0,981.04,12.21,286.94,0.35,44.0,14.24,6.27,7.97,3.98,6.39,1194.7,2.41,3.84,181.4
2015-05-01 13:30:00,10416600.0,981.0,12.59,287.32,0.48,43.32,14.6,6.32,8.28,4.02,6.45,1193.03,2.76,8.53,219.8
2015-05-01 13:40:00,10417200.0,981.03,12.74,287.47,-0.04,41.3,14.74,6.09,8.66,3.87,6.21,1192.55,2.69,5.04,217.6
2015-05-01 13:50:00,10417800.0,981.09,12.63,287.35,0.47,43.17,14.64,6.32,8.32,4.02,6.44,1192.98,2.92,5.28,215.9
2015-05-01 14:00:00,10418400.0,980.95,12.98,287.72,0.55,42.44,14.98,6.36,8.62,4.04,6.48,1191.33,2.29,4.48,214.8
2015-05-01 14:10:00,10419000.0,980.72,12.97,287.73,0.08,41.03,14.97,6.14,8.83,3.9,6.26,1191.19,2.43,4.42,187.7
2015-05-01 14:20:00,10419600.0,980.59,13.67,288.44,1.01,41.94,15.67,6.57,9.1,4.18,6.7,1187.93,1.33,3.32,264.7
2015-05-01 14:30:00,10420200.0,980.54,12.7,287.47,1.2,45.3,14.71,6.66,8.04,4.24,6.79,1191.86,1.54,3.12,356.2
2015-05-01 14:40:00,10420800.0,980.44,12.85,287.63,1.46,45.71,14.85,6.79,8.06,4.32,6.92,1191.05,1.34,2.96,311.4
2015-05-01 14:50:00,10421400.0,980.33,13.3,288.09,1.27,43.78,15.3,6.7,8.6,4.26,6.83,1189.09,1.74,3.36,201.2
2015-05-01 15:00:00,10422000.0,980.32,13.52,288.31,1.26,43.13,15.52,6.69,8.82,4.26,6.83,1188.17,1.66,2.96,322.3
2015-05-01 15:10:00,10422600.0,980.39,13.27,288.06,1.09,43.32,15.27,6.61,8.65,4.21,6.75,1189.33,1.32,2.94,306.1
2015-05-01 15:20:00,10423200.0,980.26,12.95,287.75,1.25,44.73,14.95,6.69,8.26,4.25,6.82,1190.46,1.76,4.16,320.5
2015-05-01 15:30:00,10423800.0,980.24,12.54,287.34,1.53,46.89,14.55,6.82,7.73,4.34,6.96,1192.08,1.32,3.12,317.3
2015-05-01 15:40:00,10424400.0,980.18,12.69,287.49,1.86,47.54,14.7,6.99,7.71,4.45,7.13,1191.31,1.47,2.72,293.4
2015-05-01 15:50:00,10425000.0,980.15,12.64,287.44,1.84,47.62,14.65,6.98,7.67,4.44,7.12,1191.49,1.96,3.72,13.84
2015-05-01 16:00:00,10425600.0,980.17,12.66,287.46,1.59,46.73,14.67,6.85,7.81,4.36,6.99,1191.48,1.74,3.32,297.7
2015-05-01 16:10:00,10426200.0,980.12,12.81,287.62,1.63,46.41,14.81,6.87,7.94,4.37,7.01,1190.79,2.49,4.64,16.12
2015-05-01 16:20:00,10426800.0,980.07,12.53,287.34,1.58,47.08,14.54,6.85,7.7,4.36,6.99,1191.91,2.59,4.48,6.96
2015-05-01 16:30:00,10427400.0,980.05,12.32,287.13,1.44,47.27,14.34,6.78,7.56,4.31,6.92,1192.79,2.19,3.62,9.79
2015-05-01 16:40:00,10428000.0,980.02,12.46,287.27,1.67,47.61,14.48,6.89,7.58,4.39,7.03,1192.12,2.59,4.48,25.02
2015-05-01 16:50:00,10428600.0,979.89,12.59,287.42,1.81,47.68,14.6,6.96,7.64,4.43,7.1,1191.39,2.22,4.92,21.01
2015-05-01 17:00:00,10429200.0,979.74,12.59,287.43,1.64,47.12,14.6,6.88,7.72,4.38,7.02,1191.24,2.64,4.1,20.21
2015-05-01 17:10:00,10429800.0,979.81,12.7,287.53,1.65,46.8,14.71,6.88,7.82,4.38,7.02,1190.87,2.25,4.72,24.04
2015-05-01 17:20:00,10430400.0,979.87,12.83,287.66,1.59,46.22,14.83,6.86,7.98,4.36,7.0,1190.41,3.03,4.0,27.21
2015-05-01 17:30:00,10431000.0,979.89,12.79,287.62,1.5,46.03,14.79,6.81,7.98,4.33,6.95,1190.62,1.9,3.16,355.6
2015-05-01 17:40:00,10431600.0,979.94,12.93,287.75,1.74,46.42,14.93,6.93,8.0,4.41,7.07,1190.04,1.96,3.56,18.31
2015-05-01 17:50:00,10432200.0,979.9,12.68,287.5,1.61,46.72,14.69,6.86,7.83,4.37,7.0,1191.07,2.03,4.0,13.51
2015-05-01 18:00:00,10432800.0,979.75,12.65,287.49,1.95,47.98,14.66,7.03,7.63,4.48,7.18,1190.93,2.26,4.08,27.56
2015-05-01 18:10:00,10433400.0,979.8,12.37,287.2,1.62,47.73,14.39,6.87,7.52,4.37,7.01,1192.24,2.05,3.56,15.31
2015-05-01 18:20:00,10434000.0,979.89,12.1,286.92,1.35,47.64,14.14,6.73,7.4,4.29,6.87,1193.54,2.53,4.44,25.12
2015-05-01 18:30:00,10434600.0,979.96,11.62,286.43,1.11,48.35,13.7,6.62,7.07,4.21,6.76,1195.69,2.78,4.77,23.71
2015-05-01 18:40:00,10435200.0,980.03,11.37,286.18,1.33,49.92,13.47,6.72,6.75,4.28,6.86,1196.78,0.99,2.08,10.03
2015-05-01 18:50:00,10435800.0,980.12,11.27,286.07,1.32,50.22,13.38,6.72,6.66,4.28,6.86,1197.31,0.92,2.08,10.95
2015-05-01 19:00:00,10436400.0,980.06,11.07,285.87,1.19,50.43,13.2,6.66,6.55,4.24,6.79,1198.11,0.93,1.88,338.5
2015-05-01 19:10:00,10437000.0,980.02,10.93,285.73,1.07,50.45,13.08,6.6,6.48,4.2,6.73,1198.67,0.89,2.0,344.6
2015-05-01 19:20:00,10437600.0,980.0,10.71,285.52,0.97,50.82,12.89,6.55,6.34,4.17,6.69,1199.6,0.6,1.28,312.1
2015-05-01 19:30:00,10438200.0,979.97,10.48,285.29,0.75,50.82,12.7,6.45,6.24,4.11,6.58,1200.58,0.58,1.28,257.3
2015-05-01 19:40:00,10438800.0,979.91,10.41,285.22,0.66,50.73,12.64,6.41,6.23,4.08,6.54,1200.83,0.74,1.6,346.7
2015-05-01 19:50:00,10439400.0,979.9,10.28,285.09,1.05,52.61,12.53,6.59,5.94,4.19,6.73,1201.28,0.89,1.48,353.1
2015-05-01 20:00:00,10440000.0,979.92,10.14,284.95,1.44,54.64,12.41,6.78,5.63,4.32,6.92,1201.81,1.04,2.24,358.5
2015-05-01 20:10:00,10440600.0,980.06,9.97,284.77,1.72,56.39,12.27,6.92,5.35,4.4,7.06,1202.64,1.33,2.2,343.5
2015-05-01 20:20:00,10441200.0,980.23,9.81,284.59,1.93,57.86,12.14,7.02,5.11,4.47,7.16,1203.48,1.19,2.16,357.3
2015-05-01 20:30:00,10441800.0,980.4,9.59,284.36,2.49,61.14,11.96,7.31,4.65,4.65,7.46,1204.49,1.68,4.36,25.52
2015-05-01 20:40:00,10442400.0,980.51,9.47,284.23,2.95,63.67,11.86,7.55,4.31,4.81,7.7,1205.03,2.95,4.85,18.68
2015-05-01 20:50:00,10443000.0,980.64,9.46,284.2,3.07,64.28,11.86,7.62,4.23,4.85,7.77,1205.2,2.09,3.08,29.53
2015-05-01 21:00:00,10443600.0,980.65,9.33,284.07,3.1,64.95,11.75,7.63,4.12,4.86,7.78,1205.76,1.71,3.28,18.8
2015-05-01 21:10:00,10444200.0,980.67,9.16,283.9,3.08,65.63,11.62,7.62,3.99,4.85,7.78,1206.51,2.44,3.88,18.55
2015-05-01 21:20:00,10444800.0,980.71,9.0,283.74,3.1,66.42,11.49,7.63,3.86,4.86,7.78,1207.24,2.14,3.36,16.85
2015-05-01 21:30:00,10445400.0,980.74,8.82,283.55,3.03,66.89,11.35,7.59,3.76,4.83,7.74,1208.07,2.33,3.76,7.22
2015-05-01 21:40:00,10446000.0,980.86,8.61,283.33,2.94,67.42,11.19,7.55,3.65,4.8,7.69,1209.14,2.13,3.24,3.01
2015-05-01 21:50:00,10446600.0,981.01,8.49,283.2,2.79,67.25,11.1,7.47,3.64,4.75,7.61,1209.88,1.95,3.12,3.48
2015-05-01 22:00:00,10447200.0,981.01,8.34,283.05,2.72,67.64,10.99,7.43,3.56,4.73,7.58,1210.54,2.23,3.64,1.19
2015-05-01 22:10:00,10447800.0,981.03,8.14,282.85,2.72,68.55,10.84,7.43,3.41,4.73,7.58,1211.42,1.97,3.28,355.3
2015-05-01 22:20:00,10448400.0,981.13,7.94,282.64,2.65,69.12,10.69,7.39,3.3,4.7,7.53,1212.43,1.34,2.88,343.6
2015-05-01 22:30:00,10449000.0,981.14,7.82,282.51,2.51,69.01,10.61,7.32,3.29,4.65,7.46,1212.99,1.1,2.02,7.92
2015-05-01 22:40:00,10449600.0,981.23,7.7,282.39,2.39,68.97,10.52,7.26,3.26,4.61,7.39,1213.65,1.35,2.2,351.4
2015-05-01 22:50:00,10450200.0,981.46,7.63,282.3,2.26,68.66,10.47,7.19,3.28,4.57,7.32,1214.27,1.6,2.24,339.8
2015-05-01 23:00:00,10450800.0,981.64,7.52,282.17,2.19,68.86,10.39,7.16,3.24,4.55,7.29,1214.99,1.24,2.04,352.7
2015-05-01 23:10:00,10451400.0,981.81,7.43,282.07,2.11,68.87,10.33,7.11,3.22,4.52,7.24,1215.61,1.35,2.24,324.3
2015-05-01 23:20:00,10452000.0,981.88,7.37,282.0,2.0,68.62,10.29,7.06,3.23,4.48,7.19,1215.98,1.36,2.2,338.0
2015-05-01 23:30:00,10452600.0,981.95,7.4,282.03,1.98,68.39,10.31,7.05,3.26,4.48,7.18,1215.94,0.73,1.94,348.1
2015-05-01 23:40:00,10453200.0,981.82,7.31,281.95,1.92,68.53,10.24,7.02,3.22,4.46,7.15,1216.18,1.13,2.04,6.34
2015-05-01 23:50:00,10453800.0,981.87,7.18,281.81,1.92,69.15,10.15,7.02,3.13,4.46,7.15,1216.81,1.3,1.92,328.3
2015-05-02 00:00:00,10454400.0,982.09,7.14,281.75,1.88,69.11,10.12,7.0,3.13,4.44,7.12,1217.27,1.47,2.16,311.2
2015-05-02 00:10:00,10455000.0,982.22,7.17,281.77,1.79,68.52,10.15,6.95,3.19,4.41,7.08,1217.32,1.33,1.72,317.8
2015-05-02 00:20:00,10455600.0,982.26,7.26,281.86,1.74,67.87,10.21,6.93,3.28,4.4,7.05,1216.99,1.21,1.88,339.1
2015-05-02 00:30:00,10456200.0,982.26,7.14,281.74,1.79,68.67,10.12,6.95,3.17,4.41,7.08,1217.5,0.51,0.92,36.04
2015-05-02 00:40:00,10456800.0,982.28,6.44,281.03,2.27,74.6,9.65,7.2,2.45,4.57,7.33,1220.45,0.41,0.68,44.81
2015-05-02 00:50:00,10457400.0,982.32,6.25,280.84,2.33,75.9,9.52,7.23,2.3,4.59,7.36,1221.3,0.37,0.68,75.8
2015-05-02 01:00:00,10458000.0,982.26,6.25,280.84,2.29,75.7,9.52,7.21,2.31,4.58,7.34,1221.26,0.28,0.68,52.65
2015-05-02 01:10:00,10458600.0,982.18,6.34,280.94,2.33,75.4,9.58,7.23,2.36,4.59,7.36,1220.74,0.28,0.56,94.7
2015-05-02 01:20:00,10459200.0,982.14,6.06,280.66,2.26,76.5,9.4,7.19,2.21,4.57,7.32,1221.95,0.25,0.52,11.86
2015-05-02 01:30:00,10459800.0,982.28,5.94,280.53,2.12,76.4,9.32,7.12,2.2,4.52,7.25,1222.68,0.27,0.56,54.65
2015-05-02 01:40:00,10460400.0,982.36,5.66,280.24,1.96,77.0,9.14,7.04,2.1,4.47,7.16,1224.05,0.2,0.36,14.27
2015-05-02 01:50:00,10461000.0,982.49,5.63,280.2,2.0,77.4,9.12,7.06,2.06,4.48,7.18,1224.35,0.28,0.72,81.9
2015-05-02 02:00:00,10461600.0,982.63,5.35,279.91,1.84,78.0,8.95,6.98,1.97,4.43,7.1,1225.76,0.58,1.26,324.5
2015-05-02 02:10:00,10462200.0,982.61,5.24,279.8,1.92,79.1,8.87,7.02,1.85,4.46,7.14,1226.24,0.96,1.2,51.29
2015-05-02 02:20:00,10462800.0,982.6,4.94,279.5,1.89,80.6,8.69,7.0,1.69,4.45,7.13,1227.55,0.85,1.28,80.3
2015-05-02 02:30:00,10463400.0,982.69,4.75,279.3,1.92,81.8,8.58,7.02,1.56,4.45,7.14,1228.48,0.27,0.52,252.6
2015-05-02 02:40:00,10464000.0,982.69,4.66,279.21,1.65,80.8,8.52,6.88,1.64,4.37,7.01,1228.96,0.56,1.16,214.0
2015-05-02 02:50:00,10464600.0,982.81,4.5,279.04,1.45,80.5,8.43,6.78,1.64,4.3,6.9,1229.85,1.1,2.48,233.8
2015-05-02 03:00:00,10465200.0,982.86,4.32,278.86,1.38,81.1,8.32,6.75,1.57,4.28,6.87,1230.71,1.35,2.96,259.2
2015-05-02 03:10:00,10465800.0,982.97,4.43,278.96,1.32,80.1,8.39,6.72,1.67,4.26,6.84,1230.37,2.34,3.16,246.9
2015-05-02 03:20:00,10466400.0,983.01,4.51,279.04,1.39,80.1,8.44,6.76,1.68,4.29,6.87,1230.05,0.7,1.52,236.4
2015-05-02 03:30:00,10467000.0,983.12,4.21,278.72,1.27,81.1,8.26,6.7,1.56,4.25,6.81,1231.56,0.4,0.82,212.2
2015-05-02 03:40:00,10467600.0,983.06,3.94,278.45,1.36,83.2,8.1,6.74,1.36,4.28,6.86,1232.68,0.51,1.86,47.28
2015-05-02 03:50:00,10468200.0,983.12,3.83,278.34,1.32,83.6,8.04,6.72,1.32,4.26,6.84,1233.25,1.64,2.08,241.1
2015-05-02 04:00:00,10468800.0,983.18,3.88,278.38,1.3,83.2,8.07,6.71,1.36,4.26,6.83,1233.12,1.53,1.8,247.8
2015-05-02 04:10:00,10469400.0,983.3,3.9,278.39,1.23,82.7,8.08,6.68,1.4,4.24,6.79,1233.19,1.39,1.82,245.2
2015-05-02 04:20:00,10470000.0,983.35,3.78,278.28,1.14,82.8,8.01,6.64,1.38,4.21,6.75,1233.78,0.41,0.76,22.4
2015-05-02 04:30:00,10470600.0,983.44,3.54,278.03,1.2,84.6,7.88,6.66,1.21,4.23,6.78,1234.95,0.31,0.72,104.2
2015-05-02 04:40:00,10471200.0,983.6,3.48,277.95,1.22,85.1,7.84,6.67,1.17,4.23,6.79,1235.43,0.34,1.0,55.81
2015-05-02 04:50:00,10471800.0,983.72,3.28,277.74,1.06,85.3,7.73,6.6,1.14,4.18,6.71,1236.51,0.57,1.48,247.7
2015-05-02 05:00:00,10472400.0,983.84,3.2,277.65,1.01,85.5,7.69,6.57,1.11,4.17,6.68,1237.03,0.51,1.64,234.9
2015-05-02 05:10:00,10473000.0,984.0,2.91,277.35,0.83,86.1,7.53,6.49,1.05,4.11,6.59,1238.56,1.1,1.68,214.0
2015-05-02 05:20:00,10473600.0,984.19,2.71,277.13,0.95,88.1,7.43,6.54,0.88,4.15,6.65,1239.67,1.2,1.6,211.6
2015-05-02 05:30:00,10474200.0,984.4,2.81,277.21,1.26,89.5,7.48,6.69,0.79,4.24,6.8,1239.44,1.12,1.56,217.6
2015-05-02 05:40:00,10474800.0,984.58,3.16,277.55,1.46,88.5,7.67,6.79,0.88,4.3,6.89,1238.02,0.89,1.32,200.0
2015-05-02 05:50:00,10475400.0,984.61,3.25,277.63,1.17,86.2,7.71,6.65,1.06,4.21,6.75,1237.76,1.1,1.56,216.8
2015-05-02 06:00:00,10476000.0,984.81,3.8,278.18,1.36,84.0,8.03,6.74,1.28,4.27,6.85,1235.47,0.53,0.94,157.7
2015-05-02 06:10:00,10476600.0,984.82,4.31,278.68,1.53,82.1,8.31,6.83,1.49,4.32,6.93,1233.21,0.78,1.34,173.1
2015-05-02 06:20:00,10477200.0,984.82,4.48,278.86,1.6,81.5,8.42,6.86,1.56,4.34,6.96,1232.43,0.55,1.04,196.1
2015-05-02 06:30:00,10477800.0,984.87,4.93,279.3,1.87,80.5,8.68,6.99,1.69,4.43,7.1,1230.44,0.58,1.0,199.4
2015-05-02 06:40:00,10478400.0,985.0,5.46,279.83,2.14,79.1,9.01,7.13,1.88,4.52,7.24,1228.17,0.37,0.96,32.74
2015-05-02 06:50:00,10479000.0,985.03,6.24,280.6,2.43,76.5,9.51,7.28,2.24,4.61,7.39,1224.74,0.79,1.4,154.9
2015-05-02 07:00:00,10479600.0,985.1,6.46,280.82,2.4,75.2,9.66,7.27,2.4,4.6,7.38,1223.85,1.06,1.48,162.6
2015-05-02 07:10:00,10480200.0,985.29,6.38,280.73,2.46,75.9,9.61,7.29,2.32,4.62,7.4,1224.41,0.77,1.36,106.0
2015-05-02 07:20:00,10480800.0,985.35,6.51,280.85,2.56,75.8,9.7,7.35,2.35,4.65,7.46,1223.9,0.9,1.4,143.2
2015-05-02 07:30:00,10481400.0,985.47,7.08,281.42,2.59,73.0,10.08,7.36,2.72,4.66,7.47,1221.56,0.93,1.46,156.6
2015-05-02 07:40:00,10482000.0,985.49,7.54,281.88,2.82,71.9,10.41,7.48,2.92,4.74,7.59,1219.53,0.88,1.76,124.7
2015-05-02 07:50:00,10482600.0,985.56,7.95,282.28,2.87,70.2,10.7,7.51,3.19,4.76,7.62,1217.82,0.88,1.7,143.8
2015-05-02 08:00:00,10483200.0,985.66,8.67,283.0,3.03,67.61,11.24,7.6,3.64,4.81,7.71,1214.79,0.82,1.36,149.1
2015-05-02 08:10:00,10483800.0,985.73,8.85,283.17,3.08,67.01,11.38,7.62,3.75,4.82,7.73,1214.09,0.74,1.72,101.8
2015-05-02 08:20:00,10484400.0,985.8,9.14,283.46,3.29,66.69,11.6,7.74,3.86,4.9,7.85,1212.88,1.17,1.92,110.1
2015-05-02 08:30:00,10485000.0,985.82,9.39,283.71,3.29,65.56,11.8,7.74,4.06,4.9,7.85,1211.83,1.34,2.12,93.9
2015-05-02 08:40:00,10485600.0,985.81,9.77,284.09,2.91,62.21,12.11,7.53,4.57,4.77,7.64,1210.28,1.44,2.26,71.3
2015-05-02 08:50:00,10486200.0,985.75,9.9,284.22,2.48,59.82,12.21,7.3,4.91,4.62,7.41,1209.76,1.59,3.28,68.52
2015-05-02 09:00:00,10486800.0,985.69,10.21,284.54,2.19,57.39,12.47,7.16,5.31,4.53,7.26,1208.43,2.24,3.4,101.4
2015-05-02 09:10:00,10487400.0,985.74,10.26,284.59,2.08,56.75,12.51,7.1,5.41,4.49,7.2,1208.31,1.86,3.12,32.97
2015-05-02 09:20:00,10488000.0,985.81,10.88,285.2,2.46,55.96,13.04,7.3,5.74,4.62,7.4,1205.66,0.88,1.76,50.3
2015-05-02 09:30:00,10488600.0,985.87,11.3,285.62,2.63,55.05,13.41,7.38,6.03,4.67,7.49,1203.92,1.33,2.32,191.6
2015-05-02 09:40:00,10489200.0,985.92,11.31,285.63,2.3,53.74,13.42,7.21,6.21,4.56,7.31,1204.02,2.27,3.32,89.3
2015-05-02 09:50:00,10489800.0,985.92,10.72,285.03,2.2,55.49,12.9,7.16,5.74,4.53,7.26,1206.54,2.08,3.5,56.77
2015-05-02 10:00:00,10490400.0,986.0,11.05,285.36,2.19,54.25,13.19,7.15,6.03,4.53,7.26,1205.24,1.44,3.08,129.8
2015-05-02 10:10:00,10491000.0,986.04,11.16,285.47,2.04,53.27,13.28,7.08,6.21,4.48,7.18,1204.86,2.28,3.54,95.4
2015-05-02 10:20:00,10491600.0,985.98,11.09,285.4,1.83,52.72,13.22,6.97,6.25,4.41,7.07,1205.13,1.88,2.88,129.0
2015-05-02 10:30:00,10492200.0,985.89,11.34,285.66,1.92,52.21,13.44,7.02,6.42,4.44,7.12,1203.94,1.88,3.56,24.34
2015-05-02 10:40:00,10492800.0,985.84,11.07,285.39,1.8,52.69,13.2,6.96,6.25,4.4,7.06,1205.05,1.35,2.44,33.34
2015-05-02 10:50:00,10493400.0,985.82,11.1,285.42,1.49,51.42,13.23,6.8,6.43,4.3,6.9,1204.97,1.65,2.68,319.7
2015-05-02 11:00:00,10494000.0,985.77,11.36,285.69,1.56,50.81,13.46,6.84,6.62,4.33,6.94,1203.79,1.68,3.52,317.4
2015-05-02 11:10:00,10494600.0,985.72,11.57,285.9,1.39,49.5,13.65,6.76,6.89,4.27,6.85,1202.88,0.88,2.02,6.93
2015-05-02 11:20:00,10495200.0,985.72,12.56,286.9,1.81,47.77,14.57,6.96,7.61,4.4,7.06,1198.62,1.25,3.08,20.49
2015-05-02 11:30:00,10495800.0,985.74,12.34,286.68,1.84,48.59,14.36,6.98,7.38,4.42,7.08,1199.56,1.72,4.12,309.4
2015-05-02 11:40:00,10496400.0,985.75,11.97,286.3,1.63,49.05,14.02,6.87,7.14,4.35,6.97,1201.18,0.95,2.28,291.1
2015-05-02 11:50:00,10497000.0,985.65,12.48,286.82,1.66,47.52,14.5,6.89,7.61,4.36,6.99,1198.9,1.21,2.78,281.1
2015-05-02 12:00:00,10497600.0,985.6,13.44,287.79,1.72,44.82,15.44,6.92,8.52,4.38,7.02,1194.81,1.72,4.12,222.9
2015-05-02 12:10:00,10498200.0,985.56,13.26,287.61,1.68,45.22,15.26,6.9,8.36,4.37,7.0,1195.52,1.25,3.68,329.5
2015-05-02 12:20:00,10498800.0,985.63,12.91,287.26,1.95,47.17,14.91,7.03,7.88,4.45,7.14,1197.01,1.6,3.92,305.4
2015-05-02 12:30:00,10499400.0,985.63,13.37,287.72,2.03,46.04,15.37,7.07,8.29,4.48,7.18,1195.07,1.91,4.12,288.6
2015-05-02 12:40:00,10500000.0,985.55,13.49,287.85,1.52,44.04,15.49,6.82,8.67,4.32,6.92,1194.59,1.8,4.32,25.94
2015-05-02 12:50:00,10500600.0,985.47,13.9,288.26,1.92,44.11,15.9,7.02,8.89,4.44,7.12,1192.7,2.11,6.05,168.0
2015-05-02 13:00:00,10501200.0,985.4,13.63,288.0,1.88,44.77,15.63,7.0,8.63,4.43,7.1,1193.74,2.67,3.88,355.6
2015-05-02 13:10:00,10501800.0,985.41,13.56,287.93,1.61,44.11,15.56,6.86,8.69,4.34,6.96,1194.11,2.95,4.84,277.8
2015-05-02 13:20:00,10502400.0,985.41,14.05,288.42,1.75,43.18,16.06,6.94,9.13,4.39,7.04,1192.04,1.86,3.98,316.8
2015-05-02 13:30:00,10503000.0,985.39,14.45,288.82,2.2,43.44,16.48,7.16,9.32,4.53,7.27,1190.25,2.34,4.92,300.6
2015-05-02 13:40:00,10503600.0,985.36,14.15,288.52,2.28,44.55,16.17,7.2,8.96,4.56,7.31,1191.44,1.61,3.56,321.4
2015-05-02 13:50:00,10504200.0,985.28,14.29,288.67,2.28,44.16,16.31,7.2,9.11,4.56,7.31,1190.76,2.39,5.16,21.27
2015-05-02 14:00:00,10504800.0,985.22,14.14,288.53,1.99,43.66,16.15,7.05,9.1,4.46,7.16,1191.38,2.44,5.4,337.4
2015-05-02 14:10:00,10505400.0,985.08,14.17,288.57,2.0,43.61,16.19,7.06,9.13,4.47,7.17,1191.08,2.85,5.2,17.4
2015-05-02 14:20:00,10506000.0,984.97,14.15,288.56,1.84,43.16,16.17,6.98,9.19,4.42,7.08,1191.07,1.75,3.76,95.0
2015-05-02 14:30:00,10506600.0,984.93,15.0,289.41,2.15,41.79,17.08,7.14,9.94,4.52,7.25,1187.43,1.69,4.08,321.8
2015-05-02 14:40:00,10507200.0,984.88,14.65,289.07,1.86,41.85,16.7,6.99,9.71,4.42,7.09,1188.89,3.62,6.48,28.23
2015-05-02 14:50:00,10507800.0,984.87,14.25,288.67,1.72,42.53,16.27,6.92,9.35,4.38,7.03,1190.56,3.31,5.76,28.29
2015-05-02 15:00:00,10508400.0,984.92,14.53,288.94,2.11,42.95,16.57,7.12,9.45,4.51,7.22,1189.37,2.32,4.4,21.75
2015-05-02 15:10:00,10509000.0,984.98,14.52,288.93,2.04,42.75,16.56,7.08,9.48,4.48,7.19,1189.5,1.71,3.66,329.5
2015-05-02 15:20:00,10509600.0,985.05,14.1,288.5,1.73,42.96,16.11,6.92,9.19,4.38,7.03,1191.4,2.59,4.12,17.79
2015-05-02 15:30:00,10510200.0,985.0,14.34,288.75,1.92,42.89,16.37,7.02,9.35,4.44,7.13,1190.3,1.53,2.96,15.11
2015-05-02 15:40:00,10510800.0,984.95,14.34,288.75,1.58,41.84,16.37,6.85,9.52,4.34,6.95,1190.32,2.92,5.4,32.42
2015-05-02 15:50:00,10511400.0,984.94,14.54,288.95,1.76,41.86,16.58,6.94,9.64,4.39,7.05,1189.44,2.51,4.36,24.73
2015-05-02 16:00:00,10512000.0,984.95,14.71,289.12,1.59,40.9,16.76,6.86,9.91,4.34,6.96,1188.78,1.34,2.56,303.7
2015-05-02 16:10:00,10512600.0,984.94,14.99,289.4,1.79,40.75,17.07,6.95,10.11,4.4,7.06,1187.57,1.32,3.76,350.8
2015-05-02 16:20:00,10513200.0,984.88,14.81,289.23,1.5,40.37,16.87,6.81,10.06,4.31,6.92,1188.31,2.95,5.28,27.6
2015-05-02 16:30:00,10513800.0,984.89,14.62,289.04,1.54,40.97,16.66,6.83,9.84,4.32,6.93,1189.1,1.87,4.0,21.08
2015-05-02 16:40:00,10514400.0,984.91,14.84,289.26,1.66,40.75,16.9,6.89,10.02,4.36,6.99,1188.18,1.52,3.6,292.0
2015-05-02 16:50:00,10515000.0,984.93,14.92,289.33,1.64,40.49,16.99,6.88,10.11,4.36,6.98,1187.88,1.0,2.28,42.22
2015-05-02 17:00:00,10515600.0,984.93,14.77,289.18,1.51,40.51,16.83,6.82,10.01,4.32,6.92,1188.53,2.32,4.44,20.47
2015-05-02 17:10:00,10516200.0,984.91,14.46,288.87,1.3,40.69,16.49,6.71,9.78,4.25,6.81,1189.83,3.04,4.12,25.55
2015-05-02 17:20:00,10516800.0,984.86,14.55,288.97,1.4,40.74,16.59,6.76,9.83,4.28,6.86,1189.38,2.4,3.48,36.96
2015-05-02 17:30:00,10517400.0,984.84,14.35,288.77,1.34,41.1,16.38,6.73,9.65,4.26,6.83,1190.2,2.19,3.84,25.05
2015-05-02 17:40:00,10518000.0,984.8,14.34,288.76,1.37,41.22,16.37,6.75,9.62,4.27,6.85,1190.18,1.48,2.32,356.9
2015-05-02 17:50:00,10518600.0,984.73,14.2,288.63,1.27,41.3,16.22,6.7,9.52,4.24,6.8,1190.7,1.2,2.2,2.8
2015-05-02 18:00:00,10519200.0,984.82,14.08,288.5,1.27,41.63,16.09,6.7,9.39,4.24,6.8,1191.3,1.11,1.96,22.6
2015-05-02 18:10:00,10519800.0,984.76,13.91,288.33,1.27,42.08,15.92,6.7,9.22,4.24,6.8,1191.94,0.88,1.76,8.86
2015-05-02 18:20:00,10520400.0,984.82,13.93,288.35,1.31,42.14,15.94,6.72,9.22,4.25,6.82,1191.92,1.37,2.72,11.57
2015-05-02 18:30:00,10521000.0,984.8,13.7,288.12,0.98,41.76,15.7,6.56,9.14,4.15,6.66,1192.92,2.63,4.2,25.35
2015-05-02 18:40:00,10521600.0,984.88,13.45,287.86,0.86,42.1,15.45,6.5,8.94,4.12,6.6,1194.09,1.93,3.44,19.84
2015-05-02 18:50:00,10522200.0,985.03,13.3,287.7,0.9,42.64,15.3,6.52,8.77,4.13,6.62,1194.89,1.4,2.96,17.04
2015-05-02 19:00:00,10522800.0,985.13,13.16,287.55,1.05,43.48,15.16,6.59,8.57,4.17,6.69,1195.56,1.19,2.04,26.79
2015-05-02 19:10:00,10523400.0,985.16,13.07,287.46,1.02,43.64,15.07,6.58,8.49,4.16,6.67,1195.98,1.54,2.0,27.13
2015-05-02 19:20:00,10524000.0,985.16,13.01,287.4,0.95,43.62,15.01,6.55,8.46,4.14,6.65,1196.24,1.52,2.08,2.55
2015-05-02 19:30:00,10524600.0,985.18,12.87,287.25,0.85,43.69,14.87,6.5,8.37,4.11,6.59,1196.88,1.37,2.32,15.22
2015-05-02 19:40:00,10525200.0,985.25,12.36,286.74,1.31,46.72,14.38,6.72,7.66,4.25,6.82,1199.0,0.69,1.36,167.0
2015-05-02 19:50:00,10525800.0,985.27,11.79,286.16,1.32,48.53,13.85,6.72,7.13,4.25,6.82,1201.42,0.96,1.6,227.3
2015-05-02 20:00:00,10526400.0,985.28,11.53,285.9,1.42,49.73,13.61,6.77,6.84,4.29,6.87,1202.51,1.05,2.2,229.3
2015-05-02 20:10:00,10527000.0,985.31,11.49,285.86,1.32,49.5,13.58,6.72,6.86,4.25,6.82,1202.73,0.21,0.74,314.6
2015-05-02 20:20:00,10527600.0,985.32,11.64,286.01,1.3,48.96,13.71,6.71,7.0,4.25,6.81,1202.12,0.61,0.92,39.04
2015-05-02 20:30:00,10528200.0,985.43,10.98,285.34,1.57,52.12,13.13,6.84,6.28,4.33,6.94,1204.98,0.6,1.12,274.5
2015-05-02 20:40:00,10528800.0,985.49,10.82,285.17,1.58,52.72,12.99,6.85,6.14,4.33,6.95,1205.73,0.61,1.0,45.49
2015-05-02 20:50:00,10529400.0,985.57,10.58,284.92,2.0,55.22,12.78,7.06,5.72,4.47,7.16,1206.75,0.28,0.62,16.67
2015-05-02 21:00:00,10530000.0,985.55,10.53,284.87,1.67,54.1,12.74,6.89,5.85,4.36,6.99,1207.02,0.67,1.0,29.14
2015-05-02 21:10:00,10530600.0,985.54,10.44,284.78,1.55,53.99,12.66,6.84,5.83,4.33,6.94,1207.42,0.34,0.72,34.89
2015-05-02 21:20:00,10531200.0,985.56,10.16,284.5,1.61,55.23,12.43,6.86,5.56,4.34,6.96,1208.62,0.4,0.6,212.7
2015-05-02 21:30:00,10531800.0,985.6,9.99,284.33,1.74,56.37,12.29,6.93,5.36,4.38,7.03,1209.37,0.33,0.7,141.7
2015-05-02 21:40:00,10532400.0,985.57,9.53,283.87,2.03,59.38,11.91,7.07,4.84,4.48,7.18,1211.23,0.74,1.24,34.68
2015-05-02 21:50:00,10533000.0,985.52,9.18,283.52,2.26,61.81,11.63,7.19,4.44,4.55,7.3,1212.61,0.41,0.96,24.86
2015-05-02 22:00:00,10533600.0,985.51,9.17,283.51,1.93,60.4,11.63,7.02,4.6,4.44,7.13,1212.72,0.67,1.16,215.1
2015-05-02 22:10:00,10534200.0,985.47,9.45,283.8,1.79,58.69,11.85,6.95,4.89,4.4,7.06,1211.5,0.68,1.0,191.4
2015-05-02 22:20:00,10534800.0,985.32,9.42,283.78,2.03,59.83,11.82,7.07,4.75,4.48,7.18,1211.39,0.67,1.2,169.8
2015-05-02 22:30:00,10535400.0,985.25,9.3,283.66,1.94,59.93,11.73,7.03,4.7,4.45,7.13,1211.84,0.69,1.1,230.4
2015-05-02 22:40:00,10536000.0,985.27,9.62,283.98,2.01,58.92,11.98,7.06,4.92,4.47,7.17,1210.48,1.48,2.08,230.1
2015-05-02 22:50:00,10536600.0,985.31,9.84,284.2,2.14,58.62,12.16,7.13,5.03,4.51,7.24,1209.56,1.88,2.36,210.7
2015-05-02 23:00:00,10537200.0,985.28,9.74,284.1,2.17,59.15,12.08,7.15,4.94,4.52,7.25,1209.94,1.61,2.32,214.9
2015-05-02 23:10:00,10537800.0,985.19,9.43,283.8,2.21,60.55,11.83,7.16,4.67,4.54,7.27,1211.15,0.81,1.28,216.5
2015-05-02 23:20:00,10538400.0,985.2,9.15,283.52,2.29,62.05,11.61,7.2,4.41,4.56,7.31,1212.34,0.97,1.8,210.2
2015-05-02 23:30:00,10539000.0,985.11,9.03,283.4,2.31,62.67,11.52,7.22,4.3,4.57,7.33,1212.74,0.6,1.12,224.6
2015-05-02 23:40:00,10539600.0,985.1,8.86,283.23,2.32,63.44,11.38,7.22,4.16,4.57,7.33,1213.46,0.79,1.36,208.9
2015-05-02 23:50:00,10540200.0,985.04,8.81,283.19,2.35,63.8,11.35,7.24,4.11,4.58,7.35,1213.59,0.63,1.12,240.6
2015-05-03 00:00:00,10540800.0,985.03,8.23,282.61,2.46,66.86,10.91,7.29,3.61,4.62,7.4,1216.05,0.44,1.12,45.41
2015-05-03 00:10:00,10541400.0,984.95,8.0,282.38,2.41,67.71,10.74,7.27,3.47,4.6,7.38,1216.96,0.35,0.84,242.7
2015-05-03 00:20:00,10542000.0,985.03,7.8,282.17,2.5,69.05,10.59,7.31,3.28,4.63,7.43,1217.9,0.4,0.88,187.2
2015-05-03 00:30:00,10542600.0,984.87,7.6,281.99,2.58,70.4,10.45,7.36,3.09,4.66,7.47,1218.55,0.27,0.6,16.6
2015-05-03 00:40:00,10543200.0,984.67,7.38,281.78,2.47,70.9,10.29,7.3,3.0,4.62,7.41,1219.29,0.29,1.0,254.1
2015-05-03 00:50:00,10543800.0,984.58,7.0,281.41,2.34,72.1,10.03,7.23,2.8,4.58,7.34,1220.86,0.41,0.92,167.8
2015-05-03 01:00:00,10544400.0,984.56,6.46,280.86,2.21,74.2,9.66,7.17,2.49,4.54,7.28,1223.24,0.52,1.28,189.4
2015-05-03 01:10:00,10545000.0,984.47,6.18,280.59,2.13,75.2,9.48,7.13,2.35,4.51,7.24,1224.35,1.53,2.32,215.2
2015-05-03 01:20:00,10545600.0,984.33,6.22,280.64,2.21,75.4,9.5,7.16,2.34,4.54,7.28,1223.99,1.96,2.48,220.2
2015-05-03 01:30:00,10546200.0,984.2,6.27,280.71,2.31,75.7,9.54,7.22,2.32,4.58,7.33,1223.57,1.6,2.12,222.9
2015-05-03 01:40:00,10546800.0,984.08,6.06,280.5,2.26,76.5,9.4,7.19,2.21,4.56,7.31,1224.37,0.98,1.56,192.9
2015-05-03 01:50:00,10547400.0,983.98,5.54,279.99,2.08,78.3,9.06,7.1,1.97,4.5,7.21,1226.57,0.61,0.96,172.7
2015-05-03 02:00:00,10548000.0,984.04,5.31,279.75,2.2,80.3,8.92,7.16,1.76,4.54,7.28,1227.65,1.16,1.52,220.2
2015-05-03 02:10:00,10548600.0,984.04,5.42,279.86,2.29,80.2,8.99,7.21,1.78,4.57,7.32,1227.14,1.06,1.42,169.8
2015-05-03 02:20:00,10549200.0,984.08,5.1,279.54,2.31,82.1,8.79,7.21,1.57,4.57,7.33,1228.6,0.78,1.36,146.2
2015-05-03 02:30:00,10549800.0,984.08,4.79,279.23,2.41,84.5,8.6,7.27,1.33,4.61,7.39,1229.92,0.57,1.24,161.3
2015-05-03 02:40:00,10550400.0,983.97,4.74,279.19,2.46,85.1,8.57,7.3,1.28,4.62,7.41,1229.99,0.45,0.76,34.89
2015-05-03 02:50:00,10551000.0,983.93,4.86,279.31,2.54,84.9,8.64,7.34,1.3,4.65,7.46,1229.41,0.4,0.76,77.9
2015-05-03 03:00:00,10551600.0,984.01,5.12,279.56,2.56,83.5,8.8,7.35,1.45,4.66,7.47,1228.36,0.6,2.08,169.0
2015-05-03 03:10:00,10552200.0,983.92,5.52,279.98,2.52,80.9,9.05,7.32,1.73,4.64,7.44,1226.46,1.41,2.04,216.1
2015-05-03 03:20:00,10552800.0,983.77,5.72,280.19,2.5,79.7,9.18,7.31,1.86,4.64,7.43,1225.43,1.16,1.64,200.3
2015-05-03 03:30:00,10553400.0,983.71,5.62,280.09,2.44,79.9,9.11,7.28,1.83,4.62,7.4,1225.8,1.09,1.52,211.0
2015-05-03 03:40:00,10554000.0,983.54,5.6,280.09,2.45,80.1,9.1,7.29,1.81,4.62,7.41,1225.66,1.23,1.7,211.1
2015-05-03 03:50:00,10554600.0,983.49,5.48,279.97,2.39,80.4,9.03,7.26,1.77,4.6,7.38,1226.13,0.96,1.66,213.8
2015-05-03 04:00:00,10555200.0,983.44,5.41,279.9,2.28,80.2,8.98,7.2,1.78,4.57,7.32,1226.43,1.16,1.84,219.8
2015-05-03 04:10:00,10555800.0,983.31,5.22,279.72,2.2,80.8,8.86,7.16,1.7,4.54,7.28,1227.12,1.12,1.92,210.4
2015-05-03 04:20:00,10556400.0,983.21,4.62,279.13,2.11,83.7,8.5,7.12,1.39,4.51,7.24,1229.64,1.14,2.0,202.0
2015-05-03 04:30:00,10557000.0,983.12,4.37,278.89,2.12,85.2,8.35,7.12,1.24,4.52,7.24,1230.64,0.98,1.64,209.0
2015-05-03 04:40:00,10557600.0,983.09,4.44,278.96,2.2,85.3,8.4,7.16,1.23,4.54,7.28,1230.27,0.64,1.68,147.1
2015-05-03 04:50:00,10558200.0,983.12,4.35,278.86,2.22,86.0,8.34,7.17,1.17,4.55,7.29,1230.74,0.36,0.72,172.0
2015-05-03 05:00:00,10558800.0,983.1,4.32,278.84,2.29,86.6,8.32,7.21,1.12,4.57,7.33,1230.8,0.38,0.72,135.4
2015-05-03 05:10:00,10559400.0,983.0,4.26,278.78,2.3,87.0,8.29,7.21,1.08,4.57,7.33,1230.95,0.51,1.08,169.0
2015-05-03 05:20:00,10560000.0,983.01,4.58,279.1,2.61,87.0,8.47,7.37,1.1,4.68,7.5,1229.48,0.3,0.52,121.0
2015-05-03 05:30:00,10560600.0,983.1,5.27,279.79,2.83,84.2,8.89,7.49,1.41,4.75,7.62,1226.49,0.27,0.56,175.8
2015-05-03 05:40:00,10561200.0,983.06,5.54,280.07,2.66,81.6,9.07,7.4,1.67,4.69,7.53,1225.27,0.52,0.96,181.8
2015-05-03 05:50:00,10561800.0,983.04,5.27,279.79,2.63,83.0,8.89,7.38,1.51,4.68,7.51,1226.45,0.63,1.0,178.0
2015-05-03 06:00:00,10562400.0,983.24,5.57,280.08,3.07,83.9,9.08,7.62,1.46,4.83,7.75,1225.27,0.95,1.68,230.9
2015-05-03 06:10:00,10563000.0,983.14,5.88,280.4,3.24,83.1,9.28,7.71,1.57,4.89,7.84,1223.75,0.76,1.52,202.8
2015-05-03 06:20:00,10563600.0,983.0,5.94,280.47,3.28,83.0,9.32,7.73,1.58,4.91,7.87,1223.3,0.62,1.0,213.2
2015-05-03 06:30:00,10564200.0,983.01,6.04,280.57,3.51,83.8,9.38,7.86,1.52,4.99,8.0,1222.82,0.76,1.44,219.9
2015-05-03 06:40:00,10564800.0,983.0,6.61,281.15,3.73,81.8,9.76,7.99,1.78,5.07,8.12,1220.24,0.91,1.68,216.1
2015-05-03 06:50:00,10565400.0,982.94,7.01,281.55,3.67,79.2,10.03,7.95,2.09,5.04,8.09,1218.44,0.7,1.64,200.8
2015-05-03 07:00:00,10566000.0,982.98,7.29,281.83,3.74,78.1,10.23,7.99,2.24,5.07,8.13,1217.26,0.81,1.2,212.0
2015-05-03 07:10:00,10566600.0,983.03,7.68,282.22,3.86,76.7,10.51,8.06,2.45,5.11,8.2,1215.6,0.98,1.64,224.6
2015-05-03 07:20:00,10567200.0,983.12,7.99,282.52,4.01,75.9,10.73,8.14,2.59,5.17,8.28,1214.33,1.16,1.64,213.0
2015-05-03 07:30:00,10567800.0,983.04,8.34,282.88,4.26,75.4,10.99,8.29,2.7,5.26,8.43,1212.65,0.74,1.72,213.2
2015-05-03 07:40:00,10568400.0,982.71,8.66,283.23,4.47,74.9,11.23,8.41,2.82,5.34,8.56,1210.81,0.6,1.0,196.9
2015-05-03 07:50:00,10569000.0,982.63,9.04,283.62,4.41,72.7,11.52,8.38,3.15,5.32,8.53,1209.09,1.09,2.24,215.1
2015-05-03 08:00:00,10569600.0,982.62,9.38,283.96,4.62,72.1,11.79,8.5,3.29,5.4,8.65,1207.57,1.4,1.96,206.8
2015-05-03 08:10:00,10570200.0,982.83,9.84,284.41,4.97,71.6,12.16,8.71,3.45,5.53,8.86,1205.77,1.26,2.18,197.3
2015-05-03 08:20:00,10570800.0,982.93,10.2,284.76,5.07,70.4,12.46,8.77,3.69,5.57,8.92,1204.33,1.84,2.76,184.2
2015-05-03 08:30:00,10571400.0,982.87,10.44,285.0,5.18,69.8,12.66,8.84,3.82,5.61,8.99,1203.21,1.5,2.62,185.4
2015-05-03 08:40:00,10572000.0,982.89,10.87,285.44,5.44,69.08,13.03,9.0,4.03,5.72,9.16,1201.33,1.21,1.88,192.6
2015-05-03 08:50:00,10572600.0,982.76,11.35,285.93,5.81,68.64,13.45,9.23,4.22,5.87,9.4,1199.04,1.38,2.8,194.9
2015-05-03 09:00:00,10573200.0,982.66,11.8,286.39,6.1,68.01,13.86,9.43,4.43,5.99,9.59,1196.94,2.1,3.32,175.1
2015-05-03 09:10:00,10573800.0,982.57,12.45,287.05,6.57,67.31,14.47,9.74,4.73,6.19,9.91,1193.96,1.97,3.08,173.4
2015-05-03 09:20:00,10574400.0,982.48,13.12,287.73,6.95,66.11,15.12,9.99,5.12,6.35,10.17,1190.94,1.46,2.82,181.2
2015-05-03 09:30:00,10575000.0,982.44,13.22,287.83,7.13,66.51,15.22,10.12,5.1,6.43,10.3,1190.41,1.66,2.76,183.5
2015-05-03 09:40:00,10575600.0,982.49,13.32,287.93,7.33,66.98,15.32,10.26,5.06,6.52,10.44,1190.0,2.59,3.92,180.1
2015-05-03 09:50:00,10576200.0,982.34,13.61,288.24,7.69,67.36,15.61,10.51,5.09,6.68,10.7,1188.49,2.79,4.32,175.8
2015-05-03 10:00:00,10576800.0,982.08,13.96,288.61,7.96,67.09,15.97,10.71,5.25,6.81,10.91,1186.64,3.07,4.55,166.5
2015-05-03 10:10:00,10577400.0,981.87,14.32,288.99,8.28,66.97,16.34,10.95,5.4,6.96,11.15,1184.79,3.86,6.17,160.5
2015-05-03 10:20:00,10578000.0,981.67,14.85,289.54,8.61,66.16,16.91,11.19,5.72,7.12,11.4,1182.26,4.38,6.63,162.0
2015-05-03 10:30:00,10578600.0,981.56,15.43,290.13,8.78,64.51,17.56,11.33,6.23,7.21,11.54,1179.68,4.46,6.49,166.1
2015-05-03 10:40:00,10579200.0,981.46,15.9,290.61,8.9,63.09,18.09,11.42,6.68,7.27,11.63,1177.61,4.48,6.49,163.3
2015-05-03 10:50:00,10579800.0,981.22,15.74,290.47,8.77,63.19,17.91,11.32,6.59,7.21,11.53,1178.01,4.65,8.21,167.8
2015-05-03 11:00:00,10580400.0,981.22,15.72,290.45,8.87,63.71,17.89,11.4,6.49,7.26,11.61,1178.06,3.93,6.89,162.9
2015-05-03 11:10:00,10581000.0,981.17,15.73,290.46,8.86,63.62,17.9,11.39,6.51,7.25,11.61,1177.96,4.39,7.07,166.7
2015-05-03 11:20:00,10581600.0,981.19,15.67,290.4,8.97,64.35,17.83,11.47,6.36,7.31,11.69,1178.19,2.84,5.48,171.2
2015-05-03 11:30:00,10582200.0,981.26,15.45,290.18,8.96,65.21,17.58,11.46,6.12,7.3,11.68,1179.18,4.76,7.05,166.7
2015-05-03 11:40:00,10582800.0,981.35,15.16,289.88,8.83,65.85,17.26,11.36,5.89,7.23,11.58,1180.52,5.19,8.79,171.8
2015-05-03 11:50:00,10583400.0,981.4,14.83,289.54,8.83,67.25,16.89,11.36,5.53,7.23,11.58,1181.93,5.03,8.17,191.9
2015-05-03 12:00:00,10584000.0,981.45,14.84,289.55,8.85,67.29,16.9,11.37,5.53,7.24,11.59,1181.95,4.86,7.06,184.0
2015-05-03 12:10:00,10584600.0,981.41,14.77,289.48,8.9,67.85,16.83,11.42,5.41,7.27,11.63,1182.17,3.69,5.6,179.6
2015-05-03 12:20:00,10585200.0,981.36,15.09,289.81,9.03,67.05,17.18,11.52,5.66,7.33,11.74,1180.75,4.09,5.6,170.1
2015-05-03 12:30:00,10585800.0,981.2,15.23,289.96,9.09,66.73,17.33,11.57,5.77,7.36,11.79,1179.96,4.15,6.06,171.3
2015-05-03 12:40:00,10586400.0,981.05,15.5,290.24,9.22,66.16,17.64,11.67,5.97,7.43,11.89,1178.63,3.8,6.12,164.5
2015-05-03 12:50:00,10587000.0,981.05,15.68,290.42,9.28,65.66,17.84,11.71,6.13,7.46,11.94,1177.87,4.27,6.49,167.3
2015-05-03 13:00:00,10587600.0,981.03,15.55,290.3,9.29,66.26,17.69,11.72,5.97,7.47,11.95,1178.37,4.6,7.09,169.1
2015-05-03 13:10:00,10588200.0,981.03,15.46,290.21,9.33,66.82,17.59,11.75,5.84,7.49,11.98,1178.73,4.69,6.73,174.3
2015-05-03 13:20:00,10588800.0,981.07,15.49,290.23,9.41,67.03,17.62,11.81,5.81,7.52,12.04,1178.63,4.06,7.57,176.1
2015-05-03 13:30:00,10589400.0,981.01,15.34,290.09,9.27,67.06,17.46,11.71,5.75,7.46,11.93,1179.21,5.56,7.89,182.3
2015-05-03 13:40:00,10590000.0,980.96,15.42,290.17,9.36,67.11,17.55,11.78,5.77,7.5,12.0,1178.8,4.73,7.49,187.7
2015-05-03 13:50:00,10590600.0,980.93,15.39,290.14,9.41,67.45,17.51,11.81,5.7,7.52,12.04,1178.87,5.08,7.21,184.7
2015-05-03 14:00:00,10591200.0,980.92,15.46,290.21,9.5,67.57,17.59,11.89,5.7,7.57,12.12,1178.53,4.29,6.61,183.2
2015-05-03 14:10:00,10591800.0,980.86,15.41,290.17,9.58,68.15,17.53,11.95,5.58,7.61,12.18,1178.64,4.66,6.97,187.7
2015-05-03 14:20:00,10592400.0,980.85,15.36,290.12,9.62,68.55,17.48,11.98,5.5,7.63,12.22,1178.81,4.31,7.05,185.4
2015-05-03 14:30:00,10593000.0,980.87,15.28,290.04,9.69,69.24,17.39,12.04,5.35,7.67,12.27,1179.14,5.83,9.65,177.1
2015-05-03 14:40:00,10593600.0,980.91,14.96,289.71,9.86,71.5,17.03,12.18,4.85,7.76,12.42,1180.43,5.22,8.69,182.7
2015-05-03 14:50:00,10594200.0,980.86,14.98,289.74,9.98,72.0,17.06,12.28,4.78,7.82,12.52,1180.24,4.02,6.97,175.1
2015-05-03 15:00:00,10594800.0,980.78,14.93,289.69,10.06,72.6,17.0,12.34,4.66,7.87,12.58,1180.32,4.52,7.05,180.0
2015-05-03 15:10:00,10595400.0,980.75,14.59,289.35,10.26,75.2,16.63,12.51,4.12,7.97,12.75,1181.61,4.46,7.59,174.4
2015-05-03 15:20:00,10596000.0,980.59,14.53,289.31,10.44,76.4,16.57,12.66,3.91,8.07,12.91,1181.59,3.26,5.61,167.0
2015-05-03 15:30:00,10596600.0,980.42,14.52,289.31,10.52,76.9,16.56,12.73,3.82,8.12,12.99,1181.39,3.97,6.35,162.0
2015-05-03 15:40:00,10597200.0,980.27,14.64,289.44,10.7,77.2,16.69,12.88,3.8,8.21,13.14,1180.65,4.37,7.13,162.1
2015-05-03 15:50:00,10597800.0,980.12,14.63,289.45,10.77,77.6,16.68,12.94,3.74,8.25,13.2,1180.48,4.78,7.21,163.0
2015-05-03 16:00:00,10598400.0,980.02,14.48,289.31,10.93,79.2,16.51,13.08,3.44,8.34,13.35,1180.91,3.75,5.53,176.4
2015-05-03 16:10:00,10599000.0,979.9,14.33,289.16,10.99,80.3,16.35,13.13,3.22,8.38,13.4,1181.36,4.06,6.31,167.6
2015-05-03 16:20:00,10599600.0,979.91,14.33,289.16,11.06,80.7,16.35,13.2,3.16,8.42,13.47,1181.34,3.57,5.29,168.7
2015-05-03 16:30:00,10600200.0,979.82,14.38,289.22,11.28,81.6,16.41,13.39,3.02,8.54,13.66,1180.94,2.85,5.09,170.4
2015-05-03 16:40:00,10600800.0,979.74,14.39,289.24,11.4,82.2,16.42,13.5,2.92,8.61,13.78,1180.75,2.96,4.75,164.6
2015-05-03 16:50:00,10601400.0,979.61,14.45,289.31,11.46,82.2,16.48,13.55,2.93,8.65,13.83,1180.32,2.62,5.05,163.0
2015-05-03 17:00:00,10602000.0,979.48,14.57,289.44,11.59,82.3,16.61,13.67,2.94,8.73,13.96,1179.62,1.88,3.2,165.2
2015-05-03 17:10:00,10602600.0,979.35,14.63,289.51,11.67,82.4,16.68,13.74,2.93,8.77,14.03,1179.18,2.22,3.6,167.7
2015-05-03 17:20:00,10603200.0,979.29,14.67,289.56,11.69,82.3,16.72,13.76,2.96,8.79,14.05,1178.94,2.13,3.64,172.1
2015-05-03 17:30:00,10603800.0,979.27,14.67,289.56,11.65,82.1,16.72,13.73,2.99,8.76,14.02,1178.93,1.71,3.0,177.4
2015-05-03 17:40:00,10604400.0,979.17,14.67,289.57,11.69,82.3,16.72,13.76,2.96,8.79,14.05,1178.79,2.22,3.52,173.1
2015-05-03 17:50:00,10605000.0,979.16,14.73,289.63,11.71,82.1,16.78,13.78,3.0,8.8,14.07,1178.53,2.63,4.32,176.1
2015-05-03 18:00:00,10605600.0,979.06,14.82,289.73,11.71,81.6,16.88,13.78,3.11,8.8,14.07,1178.04,2.63,4.0,176.9
2015-05-03 18:10:00,10606200.0,979.04,14.89,289.8,11.68,81.1,16.96,13.75,3.21,8.78,14.05,1177.74,2.67,3.96,174.7
2015-05-03 18:20:00,10606800.0,978.98,14.88,289.8,11.8,81.8,16.95,13.86,3.08,8.85,14.16,1177.66,2.72,4.12,180.7
2015-05-03 18:30:00,10607400.0,979.0,14.66,289.57,11.94,83.7,16.71,13.98,2.72,8.93,14.28,1178.53,2.49,3.6,183.9
2015-05-03 18:40:00,10608000.0,978.98,14.39,289.3,11.99,85.5,16.42,14.04,2.38,8.97,14.34,1179.58,2.49,3.92,195.8
2015-05-03 18:50:00,10608600.0,978.93,14.14,289.06,12.13,87.7,16.15,14.17,1.99,9.05,14.47,1180.49,2.34,3.48,188.8
2015-05-03 19:00:00,10609200.0,978.96,13.98,288.89,12.22,89.1,15.99,14.25,1.74,9.1,14.55,1181.15,2.06,3.44,191.1
2015-05-03 19:10:00,10609800.0,979.0,13.81,288.72,12.3,90.6,15.81,14.33,1.49,9.15,14.63,1181.86,2.19,3.36,188.8
2015-05-03 19:20:00,10610400.0,979.04,13.71,288.61,12.4,91.8,15.71,14.42,1.29,9.21,14.73,1182.28,2.3,3.3,181.4
2015-05-03 19:30:00,10611000.0,979.04,13.62,288.52,12.46,92.7,15.62,14.48,1.14,9.25,14.79,1182.62,2.25,3.76,173.9
2015-05-03 19:40:00,10611600.0,979.04,13.53,288.43,12.47,93.3,15.53,14.49,1.04,9.26,14.8,1182.99,2.12,3.3,171.2
2015-05-03 19:50:00,10612200.0,979.0,13.46,288.37,12.52,94.0,15.46,14.53,0.93,9.28,14.84,1183.21,1.5,2.62,169.3
2015-05-03 20:00:00,10612800.0,978.93,13.39,288.3,12.53,94.5,15.39,14.54,0.85,9.29,14.85,1183.41,1.57,2.68,179.6
2015-05-03 20:10:00,10613400.0,978.82,13.34,288.26,12.54,94.9,15.34,14.55,0.78,9.3,14.87,1183.47,1.84,2.92,178.1
2015-05-03 20:20:00,10614000.0,978.84,13.27,288.19,12.52,95.2,15.27,14.53,0.73,9.29,14.85,1183.8,1.77,3.08,189.0
2015-05-03 20:30:00,10614600.0,978.98,13.23,288.14,12.53,95.5,15.23,14.54,0.69,9.29,14.85,1184.13,2.18,3.32,196.0
2015-05-03 20:40:00,10615200.0,979.11,13.17,288.06,12.5,95.7,15.17,14.51,0.65,9.27,14.82,1184.55,2.53,3.3,182.2
2015-05-03 20:50:00,10615800.0,979.12,13.02,287.91,12.37,95.8,15.02,14.39,0.63,9.19,14.69,1185.24,2.2,3.04,197.6
2015-05-03 21:00:00,10616400.0,979.26,12.98,287.86,12.39,96.2,14.98,14.41,0.57,9.2,14.71,1185.57,1.43,2.0,202.7
2015-05-03 21:10:00,10617000.0,979.26,13.01,287.89,12.42,96.2,15.01,14.44,0.57,9.22,14.74,1185.43,2.31,2.84,191.3
2015-05-03 21:20:00,10617600.0,979.36,12.84,287.71,12.27,96.3,14.84,14.29,0.55,9.13,14.59,1186.32,2.1,3.04,206.2
2015-05-03 21:30:00,10618200.0,979.35,12.93,287.8,12.4,96.6,14.93,14.42,0.51,9.21,14.73,1185.88,2.03,2.64,192.0
2015-05-03 21:40:00,10618800.0,979.38,12.93,287.8,12.39,96.5,14.93,14.41,0.52,9.2,14.71,1185.92,2.24,2.8,203.1
2015-05-03 21:50:00,10619400.0,979.42,12.91,287.78,12.35,96.4,14.91,14.37,0.54,9.18,14.68,1186.07,1.54,2.68,198.0
2015-05-03 22:00:00,10620000.0,979.3,12.89,287.77,12.35,96.5,14.89,14.37,0.52,9.18,14.67,1186.01,1.64,2.6,184.9
2015-05-03 22:10:00,10620600.0,979.34,12.87,287.74,12.33,96.5,14.87,14.35,0.52,9.17,14.65,1186.15,1.73,2.54,194.4
2015-05-03 22:20:00,10621200.0,979.4,12.83,287.7,12.3,96.6,14.83,14.33,0.5,9.15,14.63,1186.4,2.38,3.28,199.0
2015-05-03 22:30:00,10621800.0,979.36,12.76,287.63,12.23,96.6,14.76,14.26,0.5,9.11,14.56,1186.67,2.38,3.42,198.4
2015-05-03 22:40:00,10622400.0,979.51,12.75,287.61,12.26,96.8,14.75,14.28,0.47,9.12,14.58,1186.88,1.99,3.12,204.8
2015-05-03 22:50:00,10623000.0,979.42,12.93,287.8,12.47,97.0,14.93,14.48,0.45,9.25,14.79,1185.93,2.02,2.62,213.7
2015-05-03 23:00:00,10623600.0,979.42,12.95,287.82,12.44,96.7,14.95,14.46,0.49,9.23,14.76,1185.86,1.56,2.48,196.6
2015-05-03 23:10:00,10624200.0,979.43,12.94,287.81,12.41,96.6,14.94,14.43,0.51,9.22,14.73,1185.93,0.97,1.64,190.0
2015-05-03 23:20:00,10624800.0,979.48,12.95,287.81,12.42,96.6,14.95,14.44,0.51,9.22,14.74,1185.94,0.94,1.48,171.2
2015-05-03 23:30:00,10625400.0,979.42,12.92,287.79,12.38,96.5,14.92,14.4,0.52,9.19,14.7,1186.01,1.51,2.14,140.5
2015-05-03 23:40:00,10626000.0,979.48,12.93,287.79,12.42,96.7,14.93,14.44,0.49,9.22,14.74,1186.03,1.84,3.12,173.9
2015-05-03 23:50:00,10626600.0,979.38,12.91,287.78,12.4,96.7,14.91,14.42,0.49,9.21,14.72,1186.0,0.86,1.84,164.7
2015-05-04 00:00:00,10627200.0,979.42,13.07,287.94,12.61,97.0,15.07,14.61,0.45,9.33,14.92,1185.29,1.55,3.08,189.4
2015-05-04 00:10:00,10627800.0,979.49,13.07,287.93,12.54,96.6,15.07,14.55,0.51,9.29,14.86,1185.41,1.65,3.48,167.8
2015-05-04 00:20:00,10628400.0,979.53,12.99,287.85,12.43,96.4,14.99,14.45,0.54,9.23,14.75,1185.83,1.05,2.24,147.8
2015-05-04 00:30:00,10629000.0,979.55,12.92,287.78,12.36,96.4,14.92,14.38,0.54,9.18,14.68,1186.18,1.13,2.04,174.9
2015-05-04 00:40:00,10629600.0,979.59,12.82,287.67,12.28,96.5,14.82,14.3,0.52,9.13,14.6,1186.68,1.67,2.48,193.0
2015-05-04 00:50:00,10630200.0,979.74,12.8,287.64,12.31,96.8,14.8,14.33,0.47,9.15,14.63,1186.93,1.25,2.08,182.1
2015-05-04 01:00:00,10630800.0,979.71,12.81,287.65,12.31,96.8,14.81,14.34,0.47,9.15,14.64,1186.85,1.66,2.6,177.1
2015-05-04 01:10:00,10631400.0,979.65,12.86,287.71,12.4,97.0,14.86,14.42,0.45,9.2,14.71,1186.54,1.93,2.72,201.0
2015-05-04 01:20:00,10632000.0,979.69,13.6,288.45,13.24,97.7,15.6,15.24,0.36,9.73,15.55,1183.14,2.34,3.0,213.2
2015-05-04 01:30:00,10632600.0,979.77,14.03,288.87,13.16,94.5,16.04,15.16,0.88,9.68,15.47,1181.51,2.06,2.68,213.3
2015-05-04 01:40:00,10633200.0,979.8,13.36,288.2,12.3,93.3,15.36,14.33,1.03,9.15,14.62,1184.69,2.06,2.56,214.3
2015-05-04 01:50:00,10633800.0,980.0,13.34,288.16,12.64,95.5,15.34,14.65,0.69,9.35,14.94,1184.87,2.42,3.32,214.4
2015-05-04 02:00:00,10634400.0,980.08,13.58,288.39,12.84,95.3,15.58,14.85,0.73,9.48,15.15,1183.88,3.46,4.16,228.1
2015-05-04 02:10:00,10635000.0,980.15,13.63,288.44,12.83,94.9,15.63,14.83,0.8,9.47,15.13,1183.77,3.0,3.72,225.3
2015-05-04 02:20:00,10635600.0,980.19,13.7,288.51,12.79,94.2,15.7,14.79,0.91,9.44,15.09,1183.55,2.33,2.84,226.2
2015-05-04 02:30:00,10636200.0,980.26,13.59,288.39,12.56,93.5,15.59,14.57,1.01,9.3,14.87,1184.18,2.55,3.08,232.4
2015-05-04 02:40:00,10636800.0,980.28,13.35,288.15,12.34,93.6,15.35,14.36,0.98,9.16,14.65,1185.3,2.58,3.36,236.6
2015-05-04 02:50:00,10637400.0,980.47,13.4,288.18,12.46,94.0,15.4,14.47,0.92,9.23,14.76,1185.27,2.08,3.24,255.8
2015-05-04 03:00:00,10638000.0,980.53,13.64,288.42,12.4,92.2,15.64,14.42,1.22,9.2,14.7,1184.38,1.23,1.92,247.1
2015-05-04 03:10:00,10638600.0,980.62,13.59,288.36,12.17,91.1,15.59,14.2,1.39,9.06,14.48,1184.79,1.57,2.64,252.5
2015-05-04 03:20:00,10639200.0,980.75,13.52,288.28,11.95,90.2,15.52,14.0,1.52,8.92,14.27,1185.33,1.88,2.68,254.3
2015-05-04 03:30:00,10639800.0,980.69,13.29,288.05,11.74,90.3,15.29,13.8,1.48,8.8,14.07,1186.3,1.05,2.08,254.4
2015-05-04 03:40:00,10640400.0,980.9,13.18,287.92,11.63,90.3,15.18,13.7,1.47,8.74,13.97,1187.06,0.91,2.04,220.7
2015-05-04 03:50:00,10641000.0,981.02,13.08,287.81,11.58,90.6,15.08,13.66,1.42,8.71,13.92,1187.64,0.78,1.64,145.9
2015-05-04 04:00:00,10641600.0,981.01,12.81,287.54,11.5,91.7,14.81,13.58,1.23,8.66,13.85,1188.78,1.22,2.2,219.7
2015-05-04 04:10:00,10642200.0,981.06,12.73,287.46,11.43,91.8,14.74,13.53,1.21,8.62,13.79,1189.2,1.18,2.2,354.2
2015-05-04 04:20:00,10642800.0,981.21,12.76,287.48,11.43,91.6,14.76,13.52,1.24,8.62,13.78,1189.26,1.14,1.84,111.6
2015-05-04 04:30:00,10643400.0,981.31,12.6,287.31,11.39,92.3,14.61,13.48,1.12,8.59,13.74,1190.07,0.5,1.32,203.1
2015-05-04 04:40:00,10644000.0,981.36,12.56,287.26,11.43,92.8,14.57,13.52,1.05,8.62,13.78,1190.28,0.35,0.76,97.1
2015-05-04 04:50:00,10644600.0,981.43,12.68,287.38,11.38,91.8,14.69,13.48,1.2,8.59,13.74,1189.88,0.66,1.04,87.2
2015-05-04 05:00:00,10645200.0,981.52,12.65,287.34,11.5,92.7,14.66,13.59,1.07,8.66,13.84,1190.07,0.57,1.32,104.3
2015-05-04 05:10:00,10645800.0,981.65,12.51,287.19,11.39,92.9,14.52,13.49,1.03,8.59,13.74,1190.85,0.65,1.4,143.2
2015-05-04 05:20:00,10646400.0,981.79,12.28,286.94,11.31,93.8,14.31,13.42,0.89,8.55,13.67,1192.02,0.74,1.52,175.9
2015-05-04 05:30:00,10647000.0,981.94,12.07,286.72,11.23,94.6,14.11,13.35,0.76,8.5,13.59,1193.11,0.9,1.72,172.4
2015-05-04 05:40:00,10647600.0,982.09,12.23,286.87,11.45,95.0,14.26,13.55,0.71,8.62,13.79,1192.53,0.59,1.2,305.7
2015-05-04 05:50:00,10648200.0,982.17,13.03,287.67,11.8,92.2,15.03,13.86,1.17,8.82,14.11,1189.16,0.46,0.84,170.1
2015-05-04 06:00:00,10648800.0,982.32,13.36,287.99,11.69,89.6,15.36,13.76,1.6,8.76,14.01,1188.01,0.53,0.8,158.6
2015-05-04 06:10:00,10649400.0,982.42,13.74,288.36,11.72,87.6,15.74,13.79,1.95,8.78,14.04,1186.55,0.34,1.0,125.0
2015-05-04 06:20:00,10650000.0,982.44,13.68,288.3,11.61,87.3,15.68,13.69,1.99,8.71,13.93,1186.87,0.8,1.64,146.1
2015-05-04 06:30:00,10650600.0,982.64,13.45,288.05,11.56,88.3,15.45,13.64,1.81,8.68,13.88,1188.08,0.78,1.9,147.7
2015-05-04 06:40:00,10651200.0,982.83,13.31,287.89,11.52,88.9,15.31,13.61,1.7,8.66,13.84,1188.91,1.25,1.88,142.9
2015-05-04 06:50:00,10651800.0,983.13,12.85,287.41,11.25,90.0,14.85,13.37,1.49,8.5,13.6,1191.3,1.92,2.84,151.9
2015-05-04 07:00:00,10652400.0,983.3,12.37,286.91,11.21,92.6,14.39,13.33,1.06,8.47,13.55,1193.53,1.61,2.84,146.9
2015-05-04 07:10:00,10653000.0,983.27,12.38,286.92,11.4,93.7,14.4,13.49,0.91,8.58,13.72,1193.37,1.06,2.2,174.8
2015-05-04 07:20:00,10653600.0,983.31,12.73,287.27,11.68,93.3,14.74,13.75,0.99,8.74,13.98,1191.84,1.2,2.6,158.8
2015-05-04 07:30:00,10654200.0,983.35,13.17,287.71,11.87,91.8,15.17,13.92,1.24,8.85,14.16,1189.98,1.28,2.8,154.7
2015-05-04 07:40:00,10654800.0,983.45,13.46,287.99,11.92,90.4,15.46,13.97,1.48,8.88,14.21,1188.87,1.02,1.76,192.0
2015-05-04 07:50:00,10655400.0,983.48,13.47,288.0,12.07,91.2,15.47,14.1,1.36,8.97,14.34,1188.81,1.21,2.24,181.7
2015-05-04 08:00:00,10656000.0,983.51,13.69,288.22,12.22,90.8,15.69,14.25,1.44,9.06,14.48,1187.87,1.2,2.32,150.5
2015-05-04 08:10:00,10656600.0,983.56,13.91,288.43,12.37,90.4,15.92,14.39,1.53,9.15,14.63,1186.95,1.02,2.36,135.7
2015-05-04 08:20:00,10657200.0,983.63,14.35,288.87,12.58,89.1,16.38,14.59,1.79,9.28,14.83,1185.13,0.75,1.2,110.8
2015-05-04 08:30:00,10657800.0,983.74,14.47,288.98,12.7,89.1,16.5,14.7,1.8,9.35,14.95,1184.71,0.58,1.0,67.15
2015-05-04 08:40:00,10658400.0,983.78,15.45,289.96,13.12,86.0,17.58,15.12,2.46,9.61,15.37,1180.55,0.68,1.64,124.4
2015-05-04 08:50:00,10659000.0,983.75,16.15,290.67,12.97,81.4,18.39,14.97,3.42,9.52,15.21,1177.73,1.76,3.38,183.4
2015-05-04 09:00:00,10659600.0,983.65,16.59,291.12,12.59,77.2,18.91,14.6,4.31,9.28,14.84,1175.99,3.0,4.68,200.7
2015-05-04 09:10:00,10660200.0,983.49,17.05,291.6,12.3,73.6,19.47,14.33,5.14,9.11,14.57,1174.05,3.49,4.88,208.8
2015-05-04 09:20:00,10660800.0,983.41,17.54,292.09,12.82,73.8,20.08,14.82,5.26,9.43,15.07,1171.76,2.24,4.44,165.5
2015-05-04 09:30:00,10661400.0,983.4,17.85,292.41,12.89,72.7,20.48,14.89,5.59,9.47,15.14,1170.46,1.73,3.32,158.0
2015-05-04 09:40:00,10662000.0,983.51,17.83,292.38,12.76,72.2,20.45,14.77,5.69,9.39,15.01,1170.73,2.51,3.88,170.4
2015-05-04 09:50:00,10662600.0,983.61,18.39,292.93,12.56,68.8,21.18,14.57,6.61,9.27,14.82,1168.69,3.15,5.56,192.4
2015-05-04 10:00:00,10663200.0,983.68,18.71,293.25,11.82,64.22,21.61,13.88,7.73,8.82,14.11,1167.8,4.48,6.73,215.2
2015-05-04 10:10:00,10663800.0,983.84,18.46,292.98,11.76,64.97,21.28,13.82,7.45,8.79,14.05,1169.02,4.88,6.36,215.6
2015-05-04 10:20:00,10664400.0,983.81,18.65,293.18,11.91,64.83,21.53,13.96,7.57,8.87,14.19,1168.16,3.82,6.32,204.2
2015-05-04 10:30:00,10665000.0,983.83,18.89,293.41,11.53,62.3,21.86,13.62,8.24,8.65,13.84,1167.38,5.04,7.65,214.2
2015-05-04 10:40:00,10665600.0,983.78,18.6,293.13,11.04,61.41,21.47,13.18,8.28,8.38,13.4,1168.68,4.72,7.12,219.6
2015-05-04 10:50:00,10666200.0,983.78,18.58,293.11,11.26,62.37,21.44,13.37,8.07,8.5,13.59,1168.67,3.27,5.8,234.2
2015-05-04 11:00:00,10666800.0,983.82,18.71,293.23,11.03,60.92,21.61,13.17,8.45,8.37,13.38,1168.29,4.14,6.48,236.7
2015-05-04 11:10:00,10667400.0,983.67,19.1,293.64,10.89,58.91,22.15,13.05,9.1,8.29,13.26,1166.61,4.46,7.51,213.8
2015-05-04 11:20:00,10668000.0,983.49,19.4,293.96,10.35,55.78,22.56,12.59,9.98,8.0,12.8,1165.41,5.11,7.61,219.0
2015-05-04 11:30:00,10668600.0,983.29,19.66,294.23,9.74,52.69,22.93,12.08,10.85,7.68,12.29,1164.36,6.33,9.73,224.1
2015-05-04 11:40:00,10669200.0,983.33,19.81,294.38,9.85,52.6,23.15,12.17,10.97,7.74,12.38,1163.77,5.8,9.99,210.6
2015-05-04 11:50:00,10669800.0,983.33,19.94,294.51,9.16,49.79,23.33,11.62,11.72,7.38,11.81,1163.51,6.83,8.85,207.5
2015-05-04 12:00:00,10670400.0,983.44,20.26,294.82,9.41,49.64,23.8,11.81,11.99,7.51,12.01,1162.28,6.36,8.97,206.6
2015-05-04 12:10:00,10671000.0,983.55,20.17,294.72,9.16,49.1,23.67,11.62,12.05,7.38,11.82,1162.85,7.87,10.97,205.7
2015-05-04 12:20:00,10671600.0,983.62,20.11,294.66,9.01,48.76,23.58,11.5,12.08,7.3,11.69,1163.23,6.76,11.09,207.3
2015-05-04 12:30:00,10672200.0,983.73,20.29,294.83,9.4,49.51,23.84,11.81,12.04,7.5,12.0,1162.51,5.86,9.77,212.5
2015-05-04 12:40:00,10672800.0,983.81,20.4,294.93,8.38,45.9,24.01,11.02,12.99,7.0,11.2,1162.52,7.58,11.21,208.6
2015-05-04 12:50:00,10673400.0,983.78,20.52,295.06,8.72,46.62,24.18,11.27,12.91,7.16,11.46,1161.89,6.4,10.09,215.1
2015-05-04 13:00:00,10674000.0,983.73,20.45,294.99,8.74,46.9,24.08,11.29,12.79,7.17,11.48,1162.1,7.2,9.85,212.0
2015-05-04 13:10:00,10674600.0,983.66,20.5,295.05,8.74,46.75,24.15,11.29,12.86,7.17,11.48,1161.82,7.27,10.17,214.0
2015-05-04 13:20:00,10675200.0,983.59,20.77,295.32,8.54,45.37,24.56,11.14,13.42,7.08,11.33,1160.74,5.63,8.81,215.0
2015-05-04 13:30:00,10675800.0,983.47,21.1,295.67,8.64,44.74,25.06,11.21,13.85,7.12,11.4,1159.27,5.99,10.05,216.3
2015-05-04 13:40:00,10676400.0,983.51,21.14,295.7,8.63,44.61,25.12,11.21,13.92,7.12,11.4,1159.16,4.9,7.85,214.3
2015-05-04 13:50:00,10677000.0,983.49,21.31,295.88,8.93,45.04,25.39,11.43,13.95,7.26,11.63,1158.36,5.38,7.81,207.0
2015-05-04 14:00:00,10677600.0,983.52,21.39,295.95,8.83,44.52,25.51,11.36,14.15,7.21,11.55,1158.12,5.0,7.83,220.4
2015-05-04 14:10:00,10678200.0,983.4,21.5,296.07,8.53,43.35,25.69,11.13,14.55,7.07,11.32,1157.64,6.01,8.25,215.1
2015-05-04 14:20:00,10678800.0,983.3,21.7,296.28,8.54,42.85,26.0,11.14,14.86,7.08,11.33,1156.74,4.29,8.29,199.6
2015-05-04 14:30:00,10679400.0,983.33,21.41,295.99,8.99,44.96,25.54,11.48,14.06,7.3,11.68,1157.76,4.2,6.93,211.7
2015-05-04 14:40:00,10680000.0,983.31,21.68,296.26,8.9,43.95,25.97,11.41,14.56,7.25,11.61,1156.71,3.75,5.68,219.2
2015-05-04 14:50:00,10680600.0,983.3,21.81,296.39,9.07,44.11,26.18,11.55,14.63,7.34,11.74,1156.13,5.33,8.25,222.6
2015-05-04 15:00:00,10681200.0,983.3,21.91,296.49,9.11,43.95,26.34,11.57,14.76,7.35,11.77,1155.72,4.56,6.87,209.1
2015-05-04 15:10:00,10681800.0,983.23,21.98,296.57,8.78,42.81,26.45,11.32,15.13,7.19,11.52,1155.48,4.75,7.57,213.3
2015-05-04 15:20:00,10682400.0,983.19,21.73,296.32,8.64,43.07,26.05,11.22,14.83,7.13,11.41,1156.46,4.52,7.81,218.9
2015-05-04 15:30:00,10683000.0,983.18,22.32,296.92,8.8,41.98,27.0,11.34,15.67,7.2,11.53,1154.08,2.42,4.76,230.0
2015-05-04 15:40:00,10683600.0,983.19,22.24,296.84,8.75,42.06,26.87,11.3,15.57,7.18,11.5,1154.42,4.14,6.77,219.6
2015-05-04 15:50:00,10684200.0,983.14,21.87,296.47,8.39,41.96,26.27,11.02,15.25,7.0,11.21,1155.93,3.69,7.12,220.5
2015-05-04 16:00:00,10684800.0,983.18,21.8,296.39,8.57,42.66,26.16,11.16,15.0,7.09,11.35,1156.2,3.28,6.2,227.5
2015-05-04 16:10:00,10685400.0,983.13,21.98,296.58,8.69,42.56,26.45,11.26,15.19,7.15,11.45,1155.39,3.5,6.64,229.8
2015-05-04 16:20:00,10686000.0,983.09,21.7,296.3,8.63,43.11,26.0,11.21,14.79,7.12,11.4,1156.46,3.36,4.72,232.2
2015-05-04 16:30:00,10686600.0,983.1,21.63,296.23,8.56,43.1,25.89,11.16,14.73,7.09,11.35,1156.77,3.79,5.04,218.0
2015-05-04 16:40:00,10687200.0,983.1,21.61,296.21,8.3,42.39,25.86,10.96,14.9,6.96,11.15,1156.93,4.27,6.28,207.9
2015-05-04 16:50:00,10687800.0,983.1,21.6,296.2,8.4,42.69,25.84,11.03,14.81,7.01,11.22,1156.94,4.04,6.28,221.6
2015-05-04 17:00:00,10688400.0,983.06,21.74,296.34,8.48,42.56,26.06,11.09,14.97,7.05,11.28,1156.32,2.65,4.88,217.8
2015-05-04 17:10:00,10689000.0,982.9,21.69,296.31,8.72,43.39,25.99,11.28,14.71,7.17,11.47,1156.24,2.77,4.44,230.1
2015-05-04 17:20:00,10689600.0,982.85,21.86,296.48,8.71,42.93,26.26,11.27,14.98,7.16,11.47,1155.52,2.75,3.92,196.2
2015-05-04 17:30:00,10690200.0,982.88,22.11,296.73,8.83,42.61,26.66,11.36,15.3,7.22,11.56,1154.54,3.37,4.88,193.7
2015-05-04 17:40:00,10690800.0,982.89,22.0,296.62,8.96,43.27,26.48,11.46,15.02,7.28,11.66,1154.94,2.88,4.0,206.1
2015-05-04 17:50:00,10691400.0,982.91,22.06,296.68,9.25,43.97,26.58,11.69,14.89,7.43,11.89,1154.62,2.55,3.44,193.8
2015-05-04 18:00:00,10692000.0,982.88,22.14,296.76,9.19,43.59,26.71,11.64,15.07,7.4,11.84,1154.3,2.58,3.76,200.1
2015-05-04 18:10:00,10692600.0,982.96,21.93,296.54,9.2,44.19,26.37,11.65,14.72,7.41,11.85,1155.21,2.77,3.84,209.9
2015-05-04 18:20:00,10693200.0,982.98,21.59,296.2,9.19,45.06,25.83,11.64,14.19,7.4,11.84,1156.57,2.38,3.74,210.0
2015-05-04 18:30:00,10693800.0,983.0,21.16,295.77,9.06,45.86,25.16,11.54,13.62,7.33,11.74,1158.33,2.54,3.56,216.8
2015-05-04 18:40:00,10694400.0,983.05,20.91,295.51,9.12,46.77,24.77,11.59,13.19,7.36,11.79,1159.35,2.23,2.88,227.5
2015-05-04 18:50:00,10695000.0,982.99,20.54,295.14,9.21,48.15,24.21,11.66,12.56,7.41,11.86,1160.71,1.92,2.56,231.1
2015-05-04 19:00:00,10695600.0,982.9,20.38,294.99,9.25,48.74,23.98,11.69,12.29,7.43,11.89,1161.22,1.85,2.24,231.0
2015-05-04 19:10:00,10696200.0,982.85,20.22,294.84,9.16,48.92,23.74,11.61,12.13,7.38,11.82,1161.83,1.96,2.36,227.7
2015-05-04 19:20:00,10696800.0,982.77,19.99,294.61,9.18,49.7,23.41,11.63,11.77,7.4,11.84,1162.63,1.87,2.18,236.1
2015-05-04 19:30:00,10697400.0,982.7,19.89,294.52,9.16,49.96,23.26,11.62,11.64,7.39,11.83,1162.95,1.94,2.24,236.3
2015-05-04 19:40:00,10698000.0,982.6,19.74,294.37,9.08,50.14,23.05,11.56,11.49,7.35,11.76,1163.46,1.37,2.08,238.0
2015-05-04 19:50:00,10698600.0,982.58,19.35,293.98,9.17,51.7,22.49,11.63,10.86,7.39,11.84,1164.95,0.62,1.4,224.3
2015-05-04 20:00:00,10699200.0,982.49,19.15,293.79,9.36,52.99,22.22,11.77,10.44,7.49,11.98,1165.58,0.62,1.0,194.8
2015-05-04 20:10:00,10699800.0,982.41,18.7,293.35,9.14,53.71,21.6,11.6,10.0,7.38,11.81,1167.36,0.68,1.56,225.0
2015-05-04 20:20:00,10700400.0,982.39,18.54,293.19,9.24,54.64,21.38,11.68,9.7,7.43,11.89,1167.94,0.62,1.32,201.6
2015-05-04 20:30:00,10701000.0,982.36,18.03,292.68,9.3,56.63,20.71,11.73,8.98,7.46,11.94,1169.93,1.51,1.96,230.5
2015-05-04 20:40:00,10701600.0,982.36,18.01,292.66,9.32,56.78,20.69,11.74,8.94,7.47,11.96,1170.0,0.9,1.24,232.2
2015-05-04 20:50:00,10702200.0,982.37,17.92,292.56,9.38,57.34,20.57,11.79,8.77,7.5,12.01,1170.35,0.27,0.52,30.63
2015-05-04 21:00:00,10702800.0,982.32,17.58,292.23,9.54,59.19,20.13,11.92,8.22,7.58,12.13,1171.6,0.52,0.88,63.22
2015-05-04 21:10:00,10703400.0,982.15,16.96,291.62,9.73,62.37,19.36,12.07,7.28,7.68,12.29,1173.83,0.77,1.08,47.56
2015-05-04 21:20:00,10704000.0,982.18,16.51,291.16,9.87,64.77,18.81,12.18,6.63,7.75,12.41,1175.64,0.86,1.16,34.64
2015-05-04 21:30:00,10704600.0,982.22,16.31,290.96,9.79,65.26,18.57,12.12,6.45,7.71,12.34,1176.53,0.45,1.0,312.6
2015-05-04 21:40:00,10705200.0,982.25,16.07,290.72,9.81,66.38,18.29,12.14,6.15,7.72,12.36,1177.53,0.38,0.72,255.2
2015-05-04 21:50:00,10705800.0,982.22,16.01,290.66,9.81,66.6,18.22,12.14,6.09,7.72,12.36,1177.74,0.38,0.68,148.5
2015-05-04 22:00:00,10706400.0,982.02,15.65,290.31,9.62,67.32,17.81,11.99,5.82,7.63,12.21,1179.04,0.45,0.72,209.7
2015-05-04 22:10:00,10707000.0,981.86,15.38,290.05,9.61,68.43,17.5,11.98,5.53,7.62,12.2,1179.95,0.96,1.44,226.3
2015-05-04 22:20:00,10707600.0,981.66,15.26,289.95,9.62,69.0,17.37,11.98,5.38,7.63,12.21,1180.2,0.21,0.56,31.82
2015-05-04 22:30:00,10708200.0,981.79,15.09,289.77,9.62,69.76,17.18,11.98,5.19,7.63,12.21,1181.05,0.7,1.16,183.3
2015-05-04 22:40:00,10708800.0,981.61,14.97,289.66,9.72,70.8,17.05,12.07,4.98,7.68,12.29,1181.29,0.27,0.6,246.0
2015-05-04 22:50:00,10709400.0,981.5,14.8,289.5,9.67,71.3,16.86,12.02,4.84,7.65,12.25,1181.88,0.65,1.36,193.6
2015-05-04 23:00:00,10710000.0,981.37,14.8,289.51,9.69,71.4,16.86,12.04,4.82,7.67,12.27,1181.71,0.85,1.48,205.8
2015-05-04 23:10:00,10710600.0,981.28,14.69,289.41,9.81,72.5,16.74,12.14,4.6,7.73,12.37,1182.01,0.74,1.4,210.8
2015-05-04 23:20:00,10711200.0,981.08,14.96,289.7,9.92,71.8,17.03,12.23,4.8,7.79,12.47,1180.62,0.54,1.68,191.6
2015-05-04 23:30:00,10711800.0,981.1,15.05,289.79,9.99,71.7,17.13,12.28,4.85,7.83,12.52,1180.25,0.4,0.72,223.2
2015-05-04 23:40:00,10712400.0,981.02,14.97,289.71,10.06,72.4,17.05,12.34,4.7,7.86,12.58,1180.45,0.32,0.62,131.8
2015-05-04 23:50:00,10713000.0,980.97,14.53,289.28,10.08,74.6,16.57,12.36,4.21,7.87,12.6,1182.19,0.51,1.22,204.2
2015-05-05 00:00:00,10713600.0,980.86,14.22,288.97,9.96,75.5,16.24,12.26,3.98,7.81,12.5,1183.37,0.84,1.8,218.9
2015-05-05 00:10:00,10714200.0,980.72,14.35,289.12,10.01,75.1,16.38,12.3,4.08,7.84,12.54,1182.65,0.72,1.44,220.0
2015-05-05 00:20:00,10714800.0,980.56,14.64,289.42,10.11,74.2,16.69,12.38,4.31,7.89,12.63,1181.23,0.64,1.6,182.8
2015-05-05 00:30:00,10715400.0,980.48,14.63,289.42,10.12,74.3,16.68,12.39,4.29,7.9,12.64,1181.17,1.24,2.36,204.2
2015-05-05 00:40:00,10716000.0,980.34,14.71,289.51,10.19,74.3,16.76,12.45,4.31,7.94,12.7,1180.64,1.06,1.72,187.4
2015-05-05 00:50:00,10716600.0,980.35,14.76,289.56,10.3,74.6,16.82,12.54,4.27,8.0,12.8,1180.41,1.35,2.52,207.1
2015-05-05 01:00:00,10717200.0,980.28,14.84,289.65,10.44,74.9,16.9,12.66,4.24,8.07,12.92,1179.94,1.33,2.0,209.8
2015-05-05 01:10:00,10717800.0,980.24,14.93,289.74,10.59,75.2,17.0,12.79,4.22,8.15,13.04,1179.47,1.8,2.9,221.8
2015-05-05 01:20:00,10718400.0,980.15,15.1,289.92,10.83,75.6,17.19,12.99,4.19,8.29,13.26,1178.57,0.92,1.54,208.7
2015-05-05 01:30:00,10719000.0,980.05,15.2,290.03,10.95,75.7,17.3,13.1,4.2,8.35,13.36,1177.99,1.28,2.2,228.2
2015-05-05 01:40:00,10719600.0,980.07,15.28,290.11,11.2,76.6,17.39,13.32,4.07,8.5,13.59,1177.59,1.65,2.88,227.1
2015-05-05 01:50:00,10720200.0,979.98,15.33,290.16,11.46,77.7,17.44,13.55,3.89,8.65,13.83,1177.17,0.79,1.68,207.5
2015-05-05 02:00:00,10720800.0,979.75,14.98,289.83,11.7,80.7,17.06,13.76,3.29,8.79,14.05,1178.22,0.8,1.76,158.6
2015-05-05 02:10:00,10721400.0,979.52,14.68,289.55,11.52,81.3,16.73,13.6,3.13,8.68,13.89,1179.25,1.13,1.76,205.0
2015-05-05 02:20:00,10722000.0,979.35,14.67,289.55,11.62,81.9,16.72,13.69,3.03,8.74,13.98,1179.04,1.55,2.08,216.4
2015-05-05 02:30:00,10722600.0,979.19,14.63,289.53,11.92,83.8,16.68,13.97,2.7,8.92,14.27,1178.88,1.16,1.94,221.8
2015-05-05 02:40:00,10723200.0,979.14,14.68,289.58,12.33,85.8,16.73,14.35,2.38,9.17,14.66,1178.44,1.69,2.84,228.5
2015-05-05 02:50:00,10723800.0,978.87,14.76,289.68,12.6,86.9,16.82,14.61,2.2,9.34,14.93,1177.67,1.53,2.84,206.3
2015-05-05 03:00:00,10724400.0,978.77,14.58,289.51,12.69,88.4,16.62,14.69,1.93,9.39,15.01,1178.25,1.99,3.04,213.2
2015-05-05 03:10:00,10725000.0,978.53,14.6,289.55,12.9,89.5,16.64,14.9,1.75,9.52,15.22,1177.78,2.64,3.76,210.9
2015-05-05 03:20:00,10725600.0,978.27,14.55,289.52,12.98,90.3,16.59,14.98,1.61,9.58,15.31,1177.64,2.6,3.44,208.3
2015-05-05 03:30:00,10726200.0,978.03,14.64,289.63,13.14,90.7,16.69,15.13,1.55,9.68,15.47,1176.91,2.74,4.0,201.9
2015-05-05 03:40:00,10726800.0,977.92,14.79,289.79,13.27,90.6,16.85,15.26,1.58,9.77,15.61,1176.1,2.77,4.12,201.2
2015-05-05 03:50:00,10727400.0,977.99,14.94,289.94,13.33,90.1,17.01,15.33,1.68,9.81,15.67,1175.54,3.48,4.48,208.3
2015-05-05 04:00:00,10728000.0,978.02,15.07,290.07,13.32,89.3,17.16,15.32,1.84,9.8,15.66,1175.05,2.9,3.72,205.7
2015-05-05 04:10:00,10728600.0,977.96,14.99,289.99,13.31,89.7,17.07,15.31,1.76,9.8,15.65,1175.31,2.95,3.76,207.0
2015-05-05 04:20:00,10729200.0,977.88,14.93,289.94,13.32,90.1,17.0,15.32,1.68,9.8,15.66,1175.46,2.41,3.28,202.4
2015-05-05 04:30:00,10729800.0,977.82,14.93,289.94,13.32,90.1,17.0,15.32,1.68,9.8,15.67,1175.38,2.51,3.98,200.3
2015-05-05 04:40:00,10730400.0,977.76,15.04,290.06,13.33,89.5,17.12,15.32,1.8,9.81,15.67,1174.86,2.97,4.24,201.3
2015-05-05 04:50:00,10731000.0,977.6,15.1,290.13,13.32,89.1,17.19,15.32,1.87,9.8,15.67,1174.43,2.61,4.48,190.9
2015-05-05 05:00:00,10731600.0,977.55,15.2,290.24,13.3,88.4,17.3,15.29,2.01,9.79,15.64,1173.97,2.68,4.36,193.1
2015-05-05 05:10:00,10732200.0,977.41,15.29,290.34,13.26,87.7,17.4,15.26,2.14,9.77,15.61,1173.45,2.16,3.54,208.7
2015-05-05 05:20:00,10732800.0,977.31,15.39,290.45,13.19,86.7,17.51,15.18,2.33,9.72,15.54,1172.96,2.71,4.04,206.7
2015-05-05 05:30:00,10733400.0,977.22,15.46,290.53,13.2,86.4,17.59,15.2,2.39,9.73,15.55,1172.56,2.73,3.92,199.8
2015-05-05 05:40:00,10734000.0,977.1,15.46,290.54,13.15,86.1,17.59,15.15,2.45,9.7,15.5,1172.44,2.09,3.76,187.4
2015-05-05 05:50:00,10734600.0,976.99,15.34,290.43,13.14,86.7,17.46,15.13,2.32,9.69,15.49,1172.8,2.24,3.96,194.2
2015-05-05 06:00:00,10735200.0,977.0,15.46,290.55,13.17,86.2,17.59,15.16,2.43,9.71,15.52,1172.31,1.77,3.0,200.6
2015-05-05 06:10:00,10735800.0,976.92,15.74,290.84,13.19,84.8,17.91,15.19,2.72,9.73,15.55,1171.06,1.26,2.12,198.8
2015-05-05 06:20:00,10736400.0,976.81,15.66,290.76,13.15,85.0,17.82,15.15,2.67,9.7,15.5,1171.27,1.62,3.0,179.3
2015-05-05 06:30:00,10737000.0,976.78,15.45,290.56,13.02,85.4,17.58,15.01,2.57,9.62,15.37,1172.15,2.01,3.64,206.9
2015-05-05 06:40:00,10737600.0,976.77,15.72,290.83,12.97,83.7,17.89,14.97,2.92,9.59,15.33,1171.06,1.9,3.64,186.3
2015-05-05 06:50:00,10738200.0,976.82,16.05,291.16,12.98,82.0,18.27,14.98,3.29,9.59,15.34,1169.78,1.6,2.68,166.8
2015-05-05 07:00:00,10738800.0,976.82,16.6,291.71,12.97,79.1,18.92,14.97,3.95,9.59,15.32,1167.57,1.28,2.4,173.7
2015-05-05 07:10:00,10739400.0,976.74,17.19,292.31,13.07,76.7,19.64,15.07,4.58,9.65,15.42,1165.05,2.25,4.85,187.8
2015-05-05 07:20:00,10740000.0,976.67,17.63,292.76,13.19,75.2,20.2,15.19,5.01,9.73,15.55,1163.15,3.11,5.33,178.3
2015-05-05 07:30:00,10740600.0,976.71,17.96,293.09,13.2,73.7,20.62,15.2,5.42,9.74,15.56,1161.88,4.14,6.05,177.3
2015-05-05 07:40:00,10741200.0,976.76,18.06,293.19,13.32,73.8,20.75,15.31,5.44,9.81,15.68,1161.49,4.02,5.97,175.7
2015-05-05 07:50:00,10741800.0,976.95,18.14,293.25,13.42,73.9,20.85,15.41,5.44,9.87,15.78,1161.35,3.21,4.68,178.0
2015-05-05 08:00:00,10742400.0,977.06,18.34,293.44,13.55,73.6,21.12,15.54,5.58,9.95,15.91,1160.62,2.83,3.96,174.8
2015-05-05 08:10:00,10743000.0,977.08,19.04,294.14,13.75,71.4,22.06,15.75,6.31,10.09,16.12,1157.77,2.86,4.2,161.7
2015-05-05 08:20:00,10743600.0,976.94,19.85,294.97,14.05,69.23,23.2,16.06,7.14,10.29,16.44,1154.27,2.74,4.12,155.8
2015-05-05 08:30:00,10744200.0,976.87,20.54,295.67,14.26,67.24,24.21,16.28,7.93,10.43,16.67,1151.37,1.56,3.32,166.4
2015-05-05 08:40:00,10744800.0,976.88,21.57,296.71,14.26,63.11,25.8,16.28,9.52,10.43,16.66,1147.36,2.49,5.16,164.4
2015-05-05 08:50:00,10745400.0,976.77,21.7,296.85,13.97,61.43,26.0,15.97,10.03,10.23,16.35,1146.86,3.0,6.28,185.9
2015-05-05 09:00:00,10746000.0,976.65,21.4,296.56,13.63,61.23,25.53,15.63,9.9,10.02,16.0,1148.04,4.09,6.48,176.0
2015-05-05 09:10:00,10746600.0,976.6,21.14,296.3,13.77,62.77,25.12,15.77,9.35,10.11,16.15,1148.94,2.84,4.68,175.6
2015-05-05 09:20:00,10747200.0,976.63,21.09,296.25,14.06,64.15,25.05,16.07,8.98,10.3,16.45,1149.03,2.52,4.08,172.0
2015-05-05 09:30:00,10747800.0,976.46,21.01,296.18,14.26,65.33,24.93,16.28,8.64,10.44,16.68,1149.05,2.41,4.2,150.9
2015-05-05 09:40:00,10748400.0,976.35,21.03,296.21,14.35,65.63,24.96,16.38,8.58,10.5,16.78,1148.8,2.02,3.16,138.0
2015-05-05 09:50:00,10749000.0,976.48,21.21,296.38,14.3,64.7,25.23,16.33,8.91,10.47,16.72,1148.27,2.09,4.04,173.9
2015-05-05 10:00:00,10749600.0,976.72,21.37,296.52,14.06,63.06,25.48,16.07,9.41,10.3,16.45,1148.05,1.86,2.88,205.0
2015-05-05 10:10:00,10750200.0,976.98,21.65,296.78,13.92,61.45,25.92,15.93,9.99,10.2,16.3,1147.33,2.56,3.56,204.8
2015-05-05 10:20:00,10750800.0,977.09,21.88,297.0,14.07,61.17,26.29,16.08,10.21,10.3,16.46,1146.49,2.35,3.56,194.4
2015-05-05 10:30:00,10751400.0,977.3,22.16,297.27,14.09,60.22,26.74,16.1,10.64,10.31,16.48,1145.64,2.85,4.4,192.8
2015-05-05 10:40:00,10752000.0,977.47,22.42,297.51,14.11,59.36,27.17,16.13,11.04,10.33,16.5,1144.83,3.29,5.12,195.8
2015-05-05 10:50:00,10752600.0,977.56,22.59,297.68,14.08,58.62,27.45,16.09,11.36,10.3,16.46,1144.29,3.36,4.52,201.7
2015-05-05 11:00:00,10753200.0,977.5,22.78,297.87,13.92,57.35,27.77,15.92,11.84,10.2,16.29,1143.56,4.37,7.83,197.8
2015-05-05 11:10:00,10753800.0,977.54,23.02,298.11,13.97,56.72,28.17,15.98,12.19,10.23,16.35,1142.66,4.44,7.53,203.8
2015-05-05 11:20:00,10754400.0,977.4,23.34,298.44,13.93,55.48,28.72,15.94,12.79,10.2,16.3,1141.28,4.04,6.08,200.4
2015-05-05 11:30:00,10755000.0,977.36,23.75,298.86,13.83,53.77,29.44,15.83,13.61,10.14,16.2,1139.7,3.77,5.16,205.7
2015-05-05 11:40:00,10755600.0,977.28,23.97,299.09,13.49,51.91,29.83,15.49,14.35,9.92,15.85,1138.92,4.67,6.4,203.0
2015-05-05 11:50:00,10756200.0,977.15,24.11,299.24,13.69,52.14,30.08,15.69,14.4,10.05,16.05,1138.14,3.13,4.84,195.4
2015-05-05 12:00:00,10756800.0,977.11,24.15,299.29,13.68,52.0,30.16,15.68,14.48,10.04,16.05,1137.94,3.64,5.96,177.1
2015-05-05 12:10:00,10757400.0,976.95,24.01,299.16,13.68,52.43,29.9,15.68,14.23,10.04,16.05,1138.29,3.93,5.92,189.9
2015-05-05 12:20:00,10758000.0,976.87,23.98,299.14,13.51,51.96,29.85,15.51,14.34,9.94,15.88,1138.39,4.64,6.2,185.5
2015-05-05 12:30:00,10758600.0,976.95,23.88,299.03,13.51,52.26,29.67,15.51,14.17,9.93,15.87,1138.87,3.91,6.1,192.7
2015-05-05 12:40:00,10759200.0,976.92,23.85,299.0,13.56,52.52,29.62,15.56,14.06,9.96,15.92,1138.92,3.55,6.12,187.0
2015-05-05 12:50:00,10759800.0,976.92,23.84,298.99,13.63,52.78,29.6,15.62,13.98,10.01,15.99,1138.93,3.65,5.8,186.4
2015-05-05 13:00:00,10760400.0,977.03,23.95,299.09,13.79,53.0,29.8,15.79,14.0,10.12,16.16,1138.56,2.74,4.6,187.1
2015-05-05 13:10:00,10761000.0,977.14,24.21,299.34,14.04,53.02,30.27,16.05,14.22,10.28,16.42,1137.58,2.37,3.92,191.0
2015-05-05 13:20:00,10761600.0,977.32,24.37,299.49,13.95,52.22,30.56,15.96,14.6,10.22,16.33,1137.22,3.29,5.04,198.9
2015-05-05 13:30:00,10762200.0,977.42,24.68,299.79,13.84,50.89,31.13,15.84,15.29,10.14,16.21,1136.21,4.32,8.77,206.8
2015-05-05 13:40:00,10762800.0,977.61,24.62,299.71,13.02,48.43,31.02,15.02,16.0,9.61,15.37,1137.02,5.73,8.77,217.2
2015-05-05 13:50:00,10763400.0,977.82,24.35,299.42,12.36,47.13,30.52,14.38,16.14,9.2,14.71,1138.58,7.52,11.27,220.5
2015-05-05 14:00:00,10764000.0,978.0,24.19,299.25,12.26,47.25,30.23,14.28,15.95,9.13,14.6,1139.45,7.89,11.49,216.7
2015-05-05 14:10:00,10764600.0,978.06,23.91,298.96,12.21,47.91,29.73,14.24,15.48,9.11,14.56,1140.61,9.15,13.17,208.3
2015-05-05 14:20:00,10765200.0,978.15,23.63,298.67,12.2,48.69,29.23,14.23,15.0,9.1,14.55,1141.8,6.89,9.93,211.8
2015-05-05 14:30:00,10765800.0,978.07,23.41,298.46,12.26,49.52,28.84,14.28,14.56,9.13,14.6,1142.53,6.35,8.73,210.4
2015-05-05 14:40:00,10766400.0,978.18,23.25,298.29,12.41,50.51,28.57,14.43,14.14,9.23,14.75,1143.21,6.99,9.45,213.1
2015-05-05 14:50:00,10767000.0,978.3,23.16,298.19,12.5,51.08,28.41,14.51,13.9,9.28,14.84,1143.66,7.04,11.81,201.9
2015-05-05 15:00:00,10767600.0,978.27,23.0,298.03,12.59,51.89,28.14,14.6,13.54,9.34,14.93,1144.2,5.83,8.13,207.1
2015-05-05 15:10:00,10768200.0,978.35,22.91,297.93,12.74,52.68,27.99,14.74,13.24,9.43,15.07,1144.58,5.16,8.39,203.0
2015-05-05 15:20:00,10768800.0,978.43,22.78,297.79,13.01,54.06,27.77,15.01,12.76,9.6,15.34,1145.06,5.27,7.63,178.8
2015-05-05 15:30:00,10769400.0,978.39,22.22,297.23,13.52,57.83,26.84,15.52,11.32,9.93,15.86,1146.96,5.9,8.77,173.7
2015-05-05 15:40:00,10770000.0,978.63,21.97,296.96,13.77,59.65,26.43,15.77,10.67,10.08,16.11,1148.1,3.85,5.56,176.7
2015-05-05 15:50:00,10770600.0,978.67,21.87,296.85,13.79,60.09,26.27,15.79,10.49,10.1,16.13,1148.53,4.32,6.24,183.9
2015-05-05 16:00:00,10771200.0,978.51,21.74,296.74,13.81,60.65,26.06,15.81,10.26,10.11,16.16,1148.84,5.0,8.61,173.8
2015-05-05 16:10:00,10771800.0,978.27,21.59,296.61,14.06,62.21,25.83,16.07,9.76,10.28,16.42,1149.02,5.38,7.28,175.7
2015-05-05 16:20:00,10772400.0,978.26,21.59,296.61,14.11,62.43,25.83,16.12,9.7,10.32,16.48,1148.99,5.09,7.44,177.3
2015-05-05 16:30:00,10773000.0,978.44,21.98,296.99,13.98,60.43,26.45,15.98,10.47,10.22,16.34,1147.74,5.62,8.39,184.3
2015-05-05 16:40:00,10773600.0,978.41,22.25,297.26,13.65,58.19,26.89,15.65,11.24,10.01,15.99,1146.81,5.33,8.61,181.5
2015-05-05 16:50:00,10774200.0,978.59,21.97,296.96,13.21,57.51,26.43,15.2,11.23,9.72,15.53,1148.31,5.74,8.55,196.8
2015-05-05 17:00:00,10774800.0,978.55,21.77,296.76,13.13,57.94,26.11,15.13,10.98,9.67,15.46,1149.07,5.59,9.73,191.4
2015-05-05 17:10:00,10775400.0,978.5,22.01,297.01,13.34,57.88,26.5,15.34,11.16,9.81,15.67,1147.99,4.98,8.15,188.0
2015-05-05 17:20:00,10776000.0,978.55,22.31,297.31,13.4,57.04,26.99,15.39,11.59,9.84,15.73,1146.85,5.01,7.42,198.3
2015-05-05 17:30:00,10776600.0,978.5,22.47,297.47,13.26,55.99,27.25,15.26,11.99,9.76,15.59,1146.23,5.23,9.17,192.9
2015-05-05 17:40:00,10777200.0,978.48,22.34,297.34,13.02,55.56,27.04,15.02,12.01,9.6,15.35,1146.82,5.19,7.4,187.9
2015-05-05 17:50:00,10777800.0,978.69,22.27,297.26,12.92,55.43,26.92,14.92,12.0,9.54,15.25,1147.38,5.25,7.61,190.8
2015-05-05 18:00:00,10778400.0,978.73,22.31,297.29,12.86,55.07,26.99,14.86,12.12,9.5,15.18,1147.3,4.75,7.57,192.2
2015-05-05 18:10:00,10779000.0,978.82,22.2,297.17,12.79,55.19,26.81,14.79,12.01,9.46,15.11,1147.87,3.89,6.32,185.3
2015-05-05 18:20:00,10779600.0,978.9,22.22,297.19,12.82,55.21,26.84,14.82,12.02,9.47,15.14,1147.87,3.39,5.64,185.4
2015-05-05 18:30:00,10780200.0,979.05,21.97,296.92,12.74,55.77,26.43,14.74,11.69,9.42,15.06,1149.06,3.24,4.84,187.0
2015-05-05 18:40:00,10780800.0,979.23,21.76,296.7,12.65,56.17,26.1,14.66,11.44,9.36,14.97,1150.12,3.56,5.28,194.0
2015-05-05 18:50:00,10781400.0,979.37,21.77,296.69,12.53,55.69,26.11,14.54,11.57,9.29,14.85,1150.3,4.47,6.97,190.4
2015-05-05 19:00:00,10782000.0,979.48,21.69,296.6,12.52,55.92,25.99,14.53,11.45,9.28,14.84,1150.75,4.71,7.36,202.5
2015-05-05 19:10:00,10782600.0,979.57,21.63,296.54,12.48,55.98,25.89,14.49,11.4,9.25,14.8,1151.11,5.1,7.2,204.5
2015-05-05 19:20:00,10783200.0,979.68,21.51,296.41,12.48,56.41,25.7,14.5,11.2,9.26,14.8,1151.7,4.39,7.04,197.1
2015-05-05 19:30:00,10783800.0,979.91,21.25,296.12,12.61,57.78,25.29,14.62,10.68,9.33,14.92,1152.94,2.43,4.44,188.5
2015-05-05 19:40:00,10784400.0,980.07,20.96,295.82,12.67,59.07,24.85,14.68,10.17,9.37,14.98,1154.24,2.32,3.36,181.6
2015-05-05 19:50:00,10785000.0,980.27,20.66,295.5,12.7,60.28,24.39,14.7,9.69,9.38,15.0,1155.64,1.85,3.16,177.2
2015-05-05 20:00:00,10785600.0,980.51,20.48,295.3,12.67,60.84,24.13,14.68,9.45,9.36,14.97,1156.65,2.32,3.64,176.2
2015-05-05 20:10:00,10786200.0,980.85,20.19,294.98,12.67,61.95,23.7,14.68,9.02,9.36,14.97,1158.19,1.96,3.4,190.1
2015-05-05 20:20:00,10786800.0,981.1,19.93,294.69,12.6,62.66,23.32,14.61,8.71,9.32,14.89,1159.55,2.11,2.8,192.2
2015-05-05 20:30:00,10787400.0,981.39,19.92,294.66,12.59,62.63,23.3,14.6,8.71,9.3,14.87,1159.94,1.56,2.72,208.6
2015-05-05 20:40:00,10788000.0,982.24,19.79,294.46,12.37,62.23,23.12,14.39,8.73,9.16,14.65,1161.56,2.78,6.69,290.4
2015-05-05 20:50:00,10788600.0,982.56,18.01,292.64,11.92,67.55,20.69,13.97,6.71,8.89,14.22,1169.23,2.32,5.04,280.2
2015-05-05 21:00:00,10789200.0,982.73,17.04,291.65,11.69,70.7,19.46,13.76,5.7,8.75,14.0,1173.44,2.43,5.16,277.2
2015-05-05 21:10:00,10789800.0,982.67,16.57,291.18,11.53,72.1,18.88,13.62,5.27,8.66,13.86,1175.34,1.74,4.44,271.4
2015-05-05 21:20:00,10790400.0,982.76,16.25,290.85,11.39,72.9,18.5,13.49,5.01,8.58,13.73,1176.8,1.14,2.8,250.7
2015-05-05 21:30:00,10791000.0,983.37,15.95,290.5,11.31,73.9,18.15,13.41,4.74,8.53,13.64,1178.79,1.21,3.36,234.5
2015-05-05 21:40:00,10791600.0,983.75,15.74,290.26,11.31,74.9,17.91,13.41,4.5,8.53,13.64,1180.11,1.33,2.84,281.3
2015-05-05 21:50:00,10792200.0,983.89,15.67,290.17,11.32,75.3,17.83,13.43,4.4,8.53,13.65,1180.56,1.09,2.6,264.4
2015-05-05 22:00:00,10792800.0,984.14,15.66,290.14,11.37,75.6,17.82,13.47,4.35,8.56,13.69,1180.88,0.77,1.88,279.5
2015-05-05 22:10:00,10793400.0,984.31,15.71,290.18,11.3,75.0,17.88,13.41,4.47,8.52,13.62,1180.91,0.56,1.68,7.72
2015-05-05 22:20:00,10794000.0,984.36,15.76,290.23,11.16,74.1,17.93,13.29,4.64,8.44,13.5,1180.82,0.72,1.58,205.5
2015-05-05 22:30:00,10794600.0,984.46,15.84,290.3,11.06,73.2,18.02,13.19,4.83,8.38,13.4,1180.66,0.68,1.84,127.4
2015-05-05 22:40:00,10795200.0,984.55,15.85,290.3,10.9,72.4,18.04,13.06,4.98,8.29,13.26,1180.78,0.6,1.44,85.2
2015-05-05 22:50:00,10795800.0,984.74,15.82,290.25,10.21,69.25,18.0,12.47,5.54,7.91,12.66,1181.41,0.72,1.6,238.5
2015-05-05 23:00:00,10796400.0,984.85,15.76,290.18,9.73,67.32,17.93,12.07,5.86,7.66,12.26,1181.96,0.92,1.88,61.48
2015-05-05 23:10:00,10797000.0,985.02,15.73,290.14,9.5,66.4,17.9,11.88,6.01,7.54,12.07,1182.38,0.74,2.04,119.0
2015-05-05 23:20:00,10797600.0,985.17,15.67,290.07,9.33,65.91,17.83,11.75,6.08,7.45,11.93,1182.86,0.56,1.24,332.7
2015-05-05 23:30:00,10798200.0,985.27,15.56,289.95,9.27,66.09,17.7,11.7,6.0,7.42,11.88,1183.46,0.27,0.68,0.28
2015-05-05 23:40:00,10798800.0,985.31,15.48,289.86,9.14,65.86,17.61,11.6,6.01,7.36,11.77,1183.88,0.99,2.12,314.9
2015-05-05 23:50:00,10799400.0,985.34,15.3,289.68,8.92,65.65,17.41,11.43,5.98,7.25,11.6,1184.73,1.29,2.12,308.6
2015-05-06 00:00:00,10800000.0,985.48,15.1,289.47,8.85,66.18,17.19,11.38,5.81,7.21,11.54,1185.75,0.39,1.32,4.24
2015-05-06 00:10:00,10800600.0,985.65,14.9,289.25,8.75,66.58,16.97,11.3,5.67,7.16,11.46,1186.81,0.67,2.0,281.2
2015-05-06 00:20:00,10801200.0,985.68,14.72,289.07,8.67,67.03,16.77,11.24,5.53,7.13,11.41,1187.62,0.71,1.4,292.1
2015-05-06 00:30:00,10801800.0,985.67,14.45,288.8,8.63,68.0,16.48,11.21,5.27,7.1,11.37,1188.74,0.77,1.54,278.0
2015-05-06 00:40:00,10802400.0,985.58,14.24,288.6,8.59,68.75,16.26,11.18,5.08,7.09,11.34,1189.51,0.67,1.04,315.1
2015-05-06 00:50:00,10803000.0,985.73,14.1,288.44,8.59,69.38,16.11,11.18,4.93,7.08,11.34,1190.27,0.34,0.84,328.5
2015-05-06 01:00:00,10803600.0,985.7,14.06,288.41,8.64,69.81,16.07,11.22,4.85,7.11,11.38,1190.38,0.56,1.08,302.5
2015-05-06 01:10:00,10804200.0,985.73,13.96,288.3,8.69,70.5,15.97,11.26,4.71,7.13,11.42,1190.82,0.9,1.64,250.0
2015-05-06 01:20:00,10804800.0,985.81,14.13,288.47,8.61,69.33,16.14,11.19,4.95,7.09,11.35,1190.24,1.4,1.76,251.4
2015-05-06 01:30:00,10805400.0,985.93,14.06,288.39,8.68,70.0,16.07,11.25,4.82,7.13,11.41,1190.65,0.65,1.3,297.2
2015-05-06 01:40:00,10806000.0,986.01,13.4,287.72,8.95,74.4,15.4,11.45,3.94,7.26,11.62,1193.39,0.67,1.32,29.76
2015-05-06 01:50:00,10806600.0,986.1,13.13,287.44,8.77,74.8,15.13,11.31,3.81,7.17,11.47,1194.69,1.85,3.04,238.6
2015-05-06 02:00:00,10807200.0,986.17,13.25,287.55,8.73,74.0,15.25,11.28,3.96,7.15,11.44,1194.29,2.73,3.48,244.8
2015-05-06 02:10:00,10807800.0,986.17,13.53,287.83,8.67,72.4,15.53,11.24,4.29,7.12,11.4,1193.14,2.04,2.62,243.2
2015-05-06 02:20:00,10808400.0,986.17,13.38,287.68,8.81,73.8,15.38,11.35,4.03,7.19,11.51,1193.72,0.79,2.48,49.55
2015-05-06 02:30:00,10809000.0,986.21,13.28,287.58,8.77,74.1,15.28,11.32,3.96,7.17,11.48,1194.2,0.51,1.28,269.7
2015-05-06 02:40:00,10809600.0,986.24,13.01,287.31,8.91,76.1,15.01,11.42,3.59,7.23,11.58,1195.31,1.06,1.48,18.7
2015-05-06 02:50:00,10810200.0,986.16,13.02,287.32,8.97,76.4,15.02,11.47,3.54,7.27,11.63,1195.15,0.49,1.2,221.8
2015-05-06 03:00:00,10810800.0,986.07,12.89,287.2,9.17,78.1,14.89,11.63,3.26,7.37,11.79,1195.51,0.25,0.64,95.5
2015-05-06 03:10:00,10811400.0,986.09,12.78,287.09,9.22,78.9,14.78,11.66,3.12,7.39,11.83,1195.98,0.35,0.76,141.6
2015-05-06 03:20:00,10812000.0,986.06,12.58,286.89,9.21,79.9,14.59,11.66,2.93,7.39,11.82,1196.78,0.44,0.92,327.4
2015-05-06 03:30:00,10812600.0,986.05,12.45,286.76,9.1,80.0,14.47,11.57,2.89,7.33,11.74,1197.36,0.46,0.98,239.3
2015-05-06 03:40:00,10813200.0,986.05,12.46,286.77,9.09,79.9,14.48,11.57,2.91,7.33,11.73,1197.32,0.48,0.92,18.87
2015-05-06 03:50:00,10813800.0,985.98,12.41,286.73,9.19,80.7,14.43,11.64,2.78,7.38,11.81,1197.41,0.8,1.48,175.8
2015-05-06 04:00:00,10814400.0,985.99,12.15,286.46,8.98,80.9,14.18,11.47,2.71,7.27,11.64,1198.59,0.85,1.96,218.7
2015-05-06 04:10:00,10815000.0,986.04,12.15,286.46,8.98,80.9,14.18,11.47,2.71,7.27,11.64,1198.65,1.04,2.2,230.1
2015-05-06 04:20:00,10815600.0,986.05,12.12,286.43,9.07,81.6,14.16,11.55,2.6,7.32,11.71,1198.75,0.99,1.64,224.2
2015-05-06 04:30:00,10816200.0,986.03,12.09,286.4,9.03,81.5,14.13,11.51,2.61,7.3,11.68,1198.87,0.49,1.04,160.0
2015-05-06 04:40:00,10816800.0,986.07,11.99,286.3,8.97,81.7,14.03,11.47,2.57,7.26,11.63,1199.36,1.43,2.52,211.1
2015-05-06 04:50:00,10817400.0,986.05,11.86,286.17,8.96,82.4,13.91,11.47,2.45,7.26,11.63,1199.88,1.81,2.8,221.5
2015-05-06 05:00:00,10818000.0,986.05,11.77,286.08,8.98,83.0,13.83,11.48,2.35,7.27,11.64,1200.26,1.41,2.0,221.3
2015-05-06 05:10:00,10818600.0,986.08,11.81,286.11,8.95,82.6,13.87,11.46,2.41,7.26,11.62,1200.14,1.56,2.52,220.1
2015-05-06 05:20:00,10819200.0,986.19,11.64,285.94,8.7,82.1,13.71,11.26,2.45,7.13,11.42,1201.08,1.87,3.16,224.3
2015-05-06 05:30:00,10819800.0,986.21,11.1,285.39,8.66,84.9,13.23,11.23,2.0,7.12,11.39,1203.4,1.26,1.92,200.8
2015-05-06 05:40:00,10820400.0,986.18,11.03,285.32,9.01,87.3,13.17,11.5,1.67,7.28,11.66,1203.53,0.98,1.6,217.8
2015-05-06 05:50:00,10821000.0,986.08,11.0,285.3,9.03,87.6,13.14,11.51,1.63,7.29,11.68,1203.53,0.83,1.82,201.0
2015-05-06 06:00:00,10821600.0,986.01,11.03,285.34,9.04,87.5,13.17,11.52,1.65,7.3,11.69,1203.31,0.79,1.24,233.5
2015-05-06 06:10:00,10822200.0,985.95,11.12,285.43,9.09,87.3,13.25,11.57,1.68,7.33,11.73,1202.84,1.35,1.76,230.1
2015-05-06 06:20:00,10822800.0,986.02,11.24,285.55,9.13,86.8,13.35,11.59,1.76,7.35,11.76,1202.4,1.42,2.2,227.3
2015-05-06 06:30:00,10823400.0,986.06,11.4,285.7,9.16,86.1,13.5,11.62,1.88,7.36,11.79,1201.76,0.99,1.68,209.1
2015-05-06 06:40:00,10824000.0,986.17,11.45,285.75,9.06,85.2,13.54,11.54,2.0,7.31,11.7,1201.73,0.96,2.04,199.0
2015-05-06 06:50:00,10824600.0,986.25,11.41,285.7,9.05,85.4,13.51,11.53,1.97,7.31,11.7,1201.99,1.44,1.84,198.8
2015-05-06 07:00:00,10825200.0,986.35,11.49,285.77,9.22,85.9,13.58,11.66,1.91,7.39,11.82,1201.72,0.94,1.7,191.1
2015-05-06 07:10:00,10825800.0,986.39,11.66,285.94,9.26,85.2,13.73,11.7,2.03,7.41,11.86,1201.03,0.72,1.4,155.5
2015-05-06 07:20:00,10826400.0,986.43,11.79,286.07,9.3,84.7,13.85,11.73,2.12,7.43,11.89,1200.52,0.86,1.66,161.1
2015-05-06 07:30:00,10827000.0,986.44,12.38,286.66,9.54,82.8,14.4,11.92,2.48,7.55,12.09,1197.96,1.38,1.94,166.4
2015-05-06 07:40:00,10827600.0,986.54,12.82,287.09,9.68,81.2,14.82,12.04,2.79,7.62,12.2,1196.19,0.77,1.96,151.5
2015-05-06 07:50:00,10828200.0,986.54,13.74,288.01,9.79,77.0,15.74,12.12,3.62,7.68,12.29,1192.32,0.99,2.04,114.6
2015-05-06 08:00:00,10828800.0,986.51,13.9,288.18,9.94,77.0,15.9,12.25,3.66,7.76,12.41,1191.56,1.46,2.24,144.2
2015-05-06 08:10:00,10829400.0,986.59,14.37,288.64,10.12,75.6,16.4,12.4,4.0,7.85,12.56,1189.64,1.52,2.36,145.8
2015-05-06 08:20:00,10830000.0,986.69,14.78,289.05,10.12,73.6,16.84,12.39,4.45,7.85,12.56,1188.07,2.01,2.72,143.0
2015-05-06 08:30:00,10830600.0,986.71,15.45,289.72,10.21,70.9,17.58,12.46,5.12,7.89,12.63,1185.3,1.9,3.0,156.5
2015-05-06 08:40:00,10831200.0,986.66,16.46,290.73,9.05,61.51,18.75,11.53,7.22,7.3,11.69,1181.53,2.13,4.08,185.5
2015-05-06 08:50:00,10831800.0,986.69,17.04,291.31,7.67,53.97,19.46,10.5,8.96,6.65,10.64,1179.67,1.91,3.6,238.9
2015-05-06 09:00:00,10832400.0,986.71,16.67,290.94,6.89,52.38,19.0,9.95,9.05,6.3,10.09,1181.45,2.33,3.64,250.8
2015-05-06 09:10:00,10833000.0,986.66,16.52,290.79,7.01,53.32,18.82,10.04,8.79,6.35,10.17,1181.96,2.26,3.84,248.1
2015-05-06 09:20:00,10833600.0,986.68,16.83,291.1,7.2,52.95,19.2,10.17,9.03,6.43,10.3,1180.67,1.35,3.4,233.7
2015-05-06 09:30:00,10834200.0,986.58,17.02,291.3,7.03,51.71,19.43,10.05,9.38,6.36,10.18,1179.83,3.24,5.96,216.3
2015-05-06 09:40:00,10834800.0,986.44,16.8,291.09,6.86,51.83,19.16,9.93,9.23,6.29,10.07,1180.61,4.92,6.77,222.3
2015-05-06 09:50:00,10835400.0,986.42,16.69,290.99,7.04,52.85,19.03,10.06,8.97,6.37,10.2,1180.97,4.55,6.6,214.7
2015-05-06 10:00:00,10836000.0,986.42,16.81,291.11,7.05,52.49,19.17,10.06,9.11,6.37,10.2,1180.48,4.37,7.04,212.3
2015-05-06 10:10:00,10836600.0,986.5,16.87,291.16,7.23,52.94,19.25,10.19,9.06,6.45,10.33,1180.28,4.21,6.44,207.7
2015-05-06 10:20:00,10837200.0,986.64,16.69,290.97,7.15,53.24,19.03,10.13,8.9,6.41,10.27,1181.21,5.4,7.95,212.0
2015-05-06 10:30:00,10837800.0,986.56,16.9,291.18,7.1,52.37,19.28,10.1,9.19,6.39,10.24,1180.27,6.6,8.97,221.3
2015-05-06 10:40:00,10838400.0,986.47,16.96,291.25,6.84,51.23,19.36,9.92,9.44,6.28,10.05,1180.0,6.4,9.33,206.6
2015-05-06 10:50:00,10839000.0,986.57,17.03,291.31,6.06,48.34,19.44,9.4,10.04,5.95,9.53,1180.07,7.09,11.49,212.9
2015-05-06 11:00:00,10839600.0,986.53,16.93,291.22,5.31,46.18,19.32,8.92,10.4,5.64,9.04,1180.64,7.12,10.05,213.0
2015-05-06 11:10:00,10840200.0,986.54,16.92,291.21,5.67,47.36,19.31,9.14,10.16,5.79,9.27,1180.6,5.75,9.21,213.2
2015-05-06 11:20:00,10840800.0,986.52,16.8,291.09,5.3,46.52,19.16,8.91,10.25,5.64,9.04,1181.17,5.52,8.37,215.9
2015-05-06 11:30:00,10841400.0,986.48,16.96,291.25,5.43,46.46,19.36,8.99,10.36,5.69,9.12,1180.43,6.39,9.39,213.8
2015-05-06 11:40:00,10842000.0,986.42,17.24,291.54,5.97,47.39,19.7,9.34,10.37,5.91,9.47,1179.06,5.44,10.29,210.5
2015-05-06 11:50:00,10842600.0,986.37,17.38,291.68,5.67,46.0,19.88,9.14,10.73,5.79,9.27,1178.52,5.72,9.17,211.7
2015-05-06 12:00:00,10843200.0,986.4,17.46,291.76,4.54,42.3,19.98,8.45,11.53,5.35,8.57,1178.55,5.9,10.39,216.6
2015-05-06 12:10:00,10843800.0,986.29,17.7,292.01,3.57,38.9,20.29,7.89,12.39,4.99,8.0,1177.7,6.76,10.37,215.9
2015-05-06 12:20:00,10844400.0,986.16,17.57,291.89,2.87,37.32,20.12,7.51,12.61,4.75,7.61,1178.24,7.54,10.13,206.3
2015-05-06 12:30:00,10845000.0,986.16,17.8,292.12,3.38,38.16,20.41,7.79,12.62,4.93,7.9,1177.18,6.72,11.01,205.4
2015-05-06 12:40:00,10845600.0,986.15,17.85,292.17,3.91,39.49,20.48,8.09,12.39,5.12,8.2,1176.84,6.49,9.49,205.1
2015-05-06 12:50:00,10846200.0,986.17,18.47,292.79,4.47,39.5,21.29,8.41,12.88,5.32,8.53,1174.21,3.2,6.85,227.5
2015-05-06 13:00:00,10846800.0,986.07,18.65,292.98,4.38,38.81,21.53,8.36,13.18,5.29,8.47,1173.39,5.3,9.33,211.4
2015-05-06 13:10:00,10847400.0,986.07,18.41,292.74,4.34,39.29,21.21,8.33,12.88,5.27,8.45,1174.37,4.28,7.81,208.3
2015-05-06 13:20:00,10848000.0,986.09,18.98,293.31,4.3,37.82,21.98,8.31,13.67,5.26,8.43,1172.11,4.7,7.91,209.9
2015-05-06 13:30:00,10848600.0,986.15,19.11,293.44,3.95,36.58,22.16,8.11,14.05,5.13,8.22,1171.75,3.93,7.25,235.7
2015-05-06 13:40:00,10849200.0,986.09,19.08,293.41,3.75,36.15,22.12,8.0,14.12,5.06,8.11,1171.85,5.53,10.37,219.0
2015-05-06 13:50:00,10849800.0,986.07,19.18,293.52,3.62,35.59,22.26,7.92,14.34,5.01,8.03,1171.46,4.77,8.77,221.4
2015-05-06 14:00:00,10850400.0,986.02,19.49,293.83,3.99,35.84,22.69,8.13,14.56,5.15,8.25,1170.07,3.46,6.3,226.9
2015-05-06 14:10:00,10851000.0,985.91,19.6,293.95,3.82,35.17,22.85,8.04,14.81,5.08,8.15,1169.54,5.48,9.89,233.5
2015-05-06 14:20:00,10851600.0,985.86,19.28,293.63,3.85,35.95,22.4,8.05,14.34,5.1,8.17,1170.75,6.02,11.21,217.1
2015-05-06 14:30:00,10852200.0,985.81,19.12,293.48,4.04,36.79,22.17,8.16,14.02,5.16,8.28,1171.28,6.17,9.13,221.6
2015-05-06 14:40:00,10852800.0,985.76,19.16,293.52,4.13,36.94,22.23,8.21,14.02,5.2,8.33,1171.04,5.89,9.61,220.3
2015-05-06 14:50:00,10853400.0,985.71,19.22,293.59,3.77,35.87,22.31,8.0,14.31,5.07,8.12,1170.83,6.42,9.77,210.7
2015-05-06 15:00:00,10854000.0,985.72,19.43,293.8,3.61,35.01,22.61,7.91,14.69,5.01,8.03,1170.05,5.4,9.13,225.4
2015-05-06 15:10:00,10854600.0,985.65,19.38,293.75,2.95,33.52,22.54,7.55,14.98,4.78,7.66,1170.33,7.11,10.49,215.6
2015-05-06 15:20:00,10855200.0,985.61,19.39,293.77,2.75,33.03,22.55,7.45,15.1,4.71,7.56,1170.29,6.36,9.97,211.4
2015-05-06 15:30:00,10855800.0,985.59,19.54,293.92,2.61,32.4,22.76,7.37,15.39,4.67,7.48,1169.69,6.27,10.45,209.3
2015-05-06 15:40:00,10856400.0,985.55,19.45,293.83,2.22,31.67,22.63,7.17,15.47,4.54,7.27,1170.1,7.07,9.77,213.6
2015-05-06 15:50:00,10857000.0,985.6,19.45,293.83,2.06,31.32,22.63,7.09,15.55,4.49,7.19,1170.19,6.29,9.49,217.1
2015-05-06 16:00:00,10857600.0,985.63,19.66,294.03,2.38,31.62,22.93,7.25,15.68,4.59,7.36,1169.32,4.92,7.99,219.6
2015-05-06 16:10:00,10858200.0,985.68,19.72,294.09,2.69,32.22,23.02,7.42,15.6,4.69,7.52,1169.06,5.59,8.71,215.5
2015-05-06 16:20:00,10858800.0,985.64,19.63,294.0,2.67,32.36,22.89,7.41,15.48,4.69,7.51,1169.38,6.09,9.57,225.6
2015-05-06 16:30:00,10859400.0,985.62,19.57,293.95,2.79,32.75,22.8,7.47,15.34,4.73,7.58,1169.57,5.71,8.45,215.6
2015-05-06 16:40:00,10860000.0,985.6,19.39,293.77,2.81,33.17,22.55,7.48,15.07,4.73,7.59,1170.26,6.17,8.55,216.6
2015-05-06 16:50:00,10860600.0,985.57,19.38,293.76,2.79,33.15,22.54,7.47,15.07,4.73,7.58,1170.27,6.37,9.45,211.6
2015-05-06 17:00:00,10861200.0,985.55,19.29,293.67,2.97,33.76,22.41,7.57,14.84,4.79,7.68,1170.56,6.76,10.49,209.6
2015-05-06 17:10:00,10861800.0,985.61,19.32,293.7,3.17,34.17,22.45,7.67,14.78,4.86,7.78,1170.46,5.81,8.13,205.3
2015-05-06 17:20:00,10862400.0,985.59,19.59,293.97,3.48,34.35,22.83,7.84,14.99,4.96,7.96,1169.28,5.9,10.81,210.3
2015-05-06 17:30:00,10863000.0,985.66,19.28,293.65,3.45,34.94,22.4,7.83,14.57,4.95,7.94,1170.62,6.15,9.37,214.6
2015-05-06 17:40:00,10863600.0,985.62,18.98,293.35,3.28,35.18,21.98,7.73,14.25,4.89,7.85,1171.81,7.03,10.33,217.9
2015-05-06 17:50:00,10864200.0,985.66,18.96,293.33,3.47,35.69,21.95,7.84,14.12,4.96,7.95,1171.89,4.44,7.61,216.3
2015-05-06 18:00:00,10864800.0,985.78,18.81,293.17,3.63,36.44,21.75,7.93,13.82,5.02,8.04,1172.6,4.24,6.93,217.7
2015-05-06 18:10:00,10865400.0,985.97,18.18,292.52,3.58,37.79,20.91,7.9,13.01,5.0,8.01,1175.37,4.54,8.49,223.3
2015-05-06 18:20:00,10866000.0,986.03,18.05,292.38,3.7,38.42,20.74,7.97,12.77,5.04,8.08,1175.94,3.56,6.4,223.4
2015-05-06 18:30:00,10866600.0,986.05,17.94,292.27,3.87,39.15,20.59,8.06,12.53,5.1,8.18,1176.36,3.28,4.96,217.8
2015-05-06 18:40:00,10867200.0,986.16,17.65,291.97,4.08,40.47,20.22,8.18,12.04,5.18,8.3,1177.61,2.52,5.28,225.7
2015-05-06 18:50:00,10867800.0,986.31,17.48,291.79,4.24,41.38,20.01,8.28,11.73,5.24,8.39,1178.44,2.91,5.72,219.8
2015-05-06 19:00:00,10868400.0,986.41,17.28,291.58,4.38,42.32,19.75,8.36,11.39,5.29,8.48,1179.33,3.54,5.84,225.2
2015-05-06 19:10:00,10869000.0,986.51,16.9,291.19,4.53,43.79,19.28,8.44,10.84,5.34,8.56,1180.96,3.91,5.72,225.3
2015-05-06 19:20:00,10869600.0,986.67,16.59,290.86,4.62,44.96,18.91,8.5,10.41,5.38,8.62,1182.39,3.98,5.88,223.4
2015-05-06 19:30:00,10870200.0,986.82,16.41,290.67,4.74,45.84,18.69,8.57,10.12,5.42,8.68,1183.27,3.76,5.24,228.7
2015-05-06 19:40:00,10870800.0,986.88,16.4,290.66,4.64,45.56,18.68,8.51,10.17,5.38,8.62,1183.41,4.33,7.51,221.0
2015-05-06 19:50:00,10871400.0,987.12,16.25,290.49,4.73,46.3,18.5,8.57,9.94,5.42,8.68,1184.29,5.64,8.85,208.4
2015-05-06 20:00:00,10872000.0,987.33,15.8,290.02,5.24,49.36,17.98,8.87,9.1,5.61,8.99,1186.25,5.8,8.81,210.6
2015-05-06 20:10:00,10872600.0,987.57,15.27,289.46,5.56,52.24,17.38,9.08,8.3,5.74,9.19,1188.62,4.58,6.29,214.4
2015-05-06 20:20:00,10873200.0,987.79,14.87,289.04,5.68,54.05,16.94,9.15,7.78,5.78,9.27,1190.51,3.01,4.46,215.2
2015-05-06 20:30:00,10873800.0,987.93,14.49,288.65,5.77,55.72,16.53,9.21,7.32,5.82,9.32,1192.22,2.85,3.8,226.1
2015-05-06 20:40:00,10874400.0,987.94,14.15,288.31,5.84,57.26,16.17,9.26,6.91,5.85,9.37,1193.63,2.29,3.92,214.5
2015-05-06 20:50:00,10875000.0,988.02,13.63,287.78,5.81,59.08,15.63,9.23,6.39,5.83,9.34,1195.9,2.16,3.0,212.4
2015-05-06 21:00:00,10875600.0,988.04,13.21,287.36,5.78,60.61,15.21,9.22,5.99,5.82,9.33,1197.68,2.45,3.64,212.9
2015-05-06 21:10:00,10876200.0,988.18,13.23,287.37,5.76,60.46,15.23,9.21,6.02,5.81,9.32,1197.77,2.75,5.01,233.4
2015-05-06 21:20:00,10876800.0,988.44,13.74,287.86,5.74,58.4,15.74,9.19,6.55,5.8,9.3,1195.97,2.75,4.81,266.4
2015-05-06 21:30:00,10877400.0,988.61,13.62,287.72,4.95,55.69,15.62,8.7,6.92,5.49,8.8,1196.9,2.23,3.92,271.2
2015-05-06 21:40:00,10878000.0,988.74,13.16,287.25,4.6,56.02,15.16,8.49,6.67,5.36,8.59,1199.08,2.02,5.33,272.1
2015-05-06 21:50:00,10878600.0,988.8,12.74,286.82,4.59,57.53,14.74,8.48,6.26,5.35,8.58,1200.92,1.45,2.84,265.5
2015-05-06 22:00:00,10879200.0,988.8,12.41,286.49,4.59,58.78,14.43,8.48,5.95,5.35,8.58,1202.3,1.61,2.84,269.6
2015-05-06 22:10:00,10879800.0,988.9,12.27,286.34,4.59,59.32,14.3,8.48,5.82,5.35,8.58,1203.02,1.73,3.0,275.0
2015-05-06 22:20:00,10880400.0,988.93,12.09,286.16,4.59,60.02,14.13,8.48,5.65,5.35,8.57,1203.81,2.21,2.84,253.0
2015-05-06 22:30:00,10881000.0,989.01,11.91,285.97,4.59,60.75,13.96,8.48,5.48,5.35,8.58,1204.67,2.01,2.76,251.1
2015-05-06 22:40:00,10881600.0,989.14,11.64,285.69,4.58,61.79,13.71,8.47,5.24,5.35,8.57,1205.97,2.17,2.84,252.2
2015-05-06 22:50:00,10882200.0,989.16,11.62,285.67,4.5,61.53,13.7,8.43,5.27,5.32,8.52,1206.11,2.02,2.56,255.8
2015-05-06 23:00:00,10882800.0,989.24,11.39,285.43,4.49,62.43,13.49,8.42,5.07,5.31,8.51,1207.18,1.51,2.3,238.4
2015-05-06 23:10:00,10883400.0,989.24,11.2,285.24,4.46,63.11,13.32,8.41,4.91,5.3,8.5,1207.99,1.76,2.36,248.0
2015-05-06 23:20:00,10884000.0,989.26,11.38,285.42,4.35,61.87,13.48,8.34,5.14,5.26,8.43,1207.29,0.35,0.96,240.0
2015-05-06 23:30:00,10884600.0,989.36,11.18,285.21,4.27,62.33,13.3,8.29,5.01,5.23,8.38,1208.28,0.92,1.5,216.3
2015-05-06 23:40:00,10885200.0,989.41,10.98,285.01,3.95,61.79,13.13,8.11,5.02,5.11,8.2,1209.28,1.45,1.92,240.5
2015-05-06 23:50:00,10885800.0,989.46,10.95,284.97,3.82,61.32,13.1,8.03,5.07,5.07,8.12,1209.5,0.99,1.4,219.4
2015-05-07 00:00:00,10886400.0,989.54,10.68,284.69,3.8,62.37,12.87,8.02,4.84,5.06,8.11,1210.75,1.08,2.04,221.5
2015-05-07 00:10:00,10887000.0,989.51,10.48,284.5,3.61,62.34,12.7,7.91,4.78,4.99,8.0,1211.62,2.34,3.2,238.2
2015-05-07 00:20:00,10887600.0,989.49,10.44,284.46,3.52,62.11,12.66,7.86,4.8,4.96,7.95,1211.79,2.93,3.48,236.3
2015-05-07 00:30:00,10888200.0,989.49,10.16,284.18,3.61,63.71,12.43,7.92,4.51,4.99,8.0,1212.96,1.74,3.16,217.0
2015-05-07 00:40:00,10888800.0,989.5,9.61,283.62,3.82,67.11,11.98,8.04,3.94,5.07,8.12,1215.28,1.56,2.36,208.6
2015-05-07 00:50:00,10889400.0,989.55,9.3,283.31,4.11,69.91,11.73,8.2,3.53,5.17,8.29,1216.6,0.98,1.96,242.8
2015-05-07 01:00:00,10890000.0,989.55,9.3,283.31,3.47,66.83,11.73,7.84,3.89,4.94,7.92,1216.77,1.89,2.8,257.2
2015-05-07 01:10:00,10890600.0,989.55,9.31,283.32,3.46,66.76,11.74,7.84,3.9,4.94,7.92,1216.73,1.28,2.98,213.3
2015-05-07 01:20:00,10891200.0,989.61,9.0,283.0,3.47,68.18,11.49,7.84,3.66,4.94,7.92,1218.14,0.42,0.84,170.4
2015-05-07 01:30:00,10891800.0,989.6,8.86,282.86,3.77,70.3,11.38,8.0,3.38,5.05,8.09,1218.65,0.63,1.52,213.3
2015-05-07 01:40:00,10892400.0,989.58,8.89,282.9,3.81,70.4,11.41,8.03,3.38,5.06,8.12,1218.48,0.89,1.68,225.5
2015-05-07 01:50:00,10893000.0,989.49,9.04,283.05,3.72,69.21,11.52,7.98,3.55,5.03,8.06,1217.75,2.62,3.72,229.6
2015-05-07 02:00:00,10893600.0,989.5,8.67,282.68,3.64,70.6,11.24,7.93,3.3,5.0,8.02,1219.38,2.91,3.92,208.9
2015-05-07 02:10:00,10894200.0,989.51,7.83,281.84,3.73,75.2,10.61,7.98,2.63,5.03,8.07,1223.02,0.7,2.32,131.9
2015-05-07 02:20:00,10894800.0,989.49,7.63,281.64,4.16,78.6,10.47,8.23,2.24,5.19,8.32,1223.75,0.97,1.88,44.21
2015-05-07 02:30:00,10895400.0,989.59,7.33,281.33,4.56,82.5,10.26,8.46,1.8,5.34,8.55,1225.07,0.88,1.44,61.85
2015-05-07 02:40:00,10896000.0,989.62,7.24,281.24,4.71,83.9,10.19,8.55,1.64,5.39,8.64,1225.46,1.2,2.32,102.5
2015-05-07 02:50:00,10896600.0,989.63,7.19,281.19,4.73,84.3,10.16,8.56,1.6,5.4,8.65,1225.68,1.27,2.8,146.8
2015-05-07 03:00:00,10897200.0,989.62,7.06,281.06,4.57,84.1,10.07,8.47,1.6,5.34,8.56,1226.28,1.51,2.36,140.4
2015-05-07 03:10:00,10897800.0,989.62,6.94,280.93,4.53,84.6,9.98,8.45,1.54,5.33,8.53,1226.84,0.71,1.92,118.8
2015-05-07 03:20:00,10898400.0,989.71,7.06,281.05,4.33,82.7,10.07,8.33,1.74,5.25,8.41,1226.46,0.64,2.04,279.5
2015-05-07 03:30:00,10899000.0,989.78,7.32,281.31,3.9,78.8,10.25,8.08,2.17,5.09,8.16,1225.53,1.74,3.36,214.3
2015-05-07 03:40:00,10899600.0,989.69,7.74,281.73,3.88,76.5,10.55,8.07,2.48,5.09,8.15,1223.59,1.63,3.6,206.1
2015-05-07 03:50:00,10900200.0,989.7,7.8,281.79,3.89,76.2,10.59,8.07,2.52,5.09,8.16,1223.34,2.01,3.2,206.2
2015-05-07 04:00:00,10900800.0,989.71,8.02,282.01,3.93,75.3,10.75,8.1,2.66,5.1,8.18,1222.38,1.34,3.4,198.9
2015-05-07 04:10:00,10901400.0,989.67,7.9,281.9,4.09,76.8,10.67,8.19,2.47,5.16,8.28,1222.81,0.53,1.12,118.1
2015-05-07 04:20:00,10902000.0,989.73,7.37,281.36,4.25,80.5,10.29,8.28,2.01,5.22,8.37,1225.15,0.77,1.88,136.4
2015-05-07 04:30:00,10902600.0,989.73,7.29,281.28,4.19,80.6,10.23,8.24,1.98,5.2,8.33,1225.52,1.01,2.12,187.2
2015-05-07 04:40:00,10903200.0,989.73,7.6,281.59,4.15,78.7,10.45,8.22,2.23,5.18,8.31,1224.18,1.19,2.36,167.7
2015-05-07 04:50:00,10903800.0,989.74,7.42,281.41,4.17,79.8,10.32,8.24,2.08,5.19,8.32,1224.97,0.79,1.6,204.9
2015-05-07 05:00:00,10904400.0,989.86,7.78,281.76,4.11,77.5,10.58,8.2,2.38,5.17,8.28,1223.57,2.63,3.84,215.5
2015-05-07 05:10:00,10905000.0,989.91,8.26,282.24,4.14,75.2,10.93,8.22,2.71,5.18,8.3,1221.53,2.85,3.72,215.5
2015-05-07 05:20:00,10905600.0,989.98,8.64,282.61,4.34,74.3,11.22,8.33,2.88,5.25,8.42,1219.92,1.97,3.28,222.1
2015-05-07 05:30:00,10906200.0,990.02,9.31,283.28,4.52,71.9,11.74,8.44,3.3,5.32,8.52,1217.02,1.77,2.86,229.6
2015-05-07 05:40:00,10906800.0,990.13,9.56,283.52,4.58,71.0,11.94,8.47,3.46,5.34,8.56,1216.07,2.08,2.92,218.4
2015-05-07 05:50:00,10907400.0,990.23,9.77,283.73,4.68,70.5,12.11,8.53,3.57,5.38,8.62,1215.26,0.91,1.66,160.2
2015-05-07 06:00:00,10908000.0,990.3,10.27,284.22,4.82,68.84,12.52,8.62,3.9,5.43,8.7,1213.16,0.88,1.36,141.4
2015-05-07 06:10:00,10908600.0,990.44,10.31,284.25,4.85,68.82,12.55,8.64,3.91,5.44,8.72,1213.15,1.04,2.24,124.2
2015-05-07 06:20:00,10909200.0,990.59,9.91,283.84,4.81,70.5,12.22,8.61,3.6,5.43,8.7,1215.06,0.75,1.92,150.5
2015-05-07 06:30:00,10909800.0,990.67,9.96,283.88,4.94,70.9,12.26,8.69,3.57,5.48,8.77,1214.91,0.87,1.88,76.1
2015-05-07 06:40:00,10910400.0,990.8,10.46,284.37,5.19,69.76,12.68,8.84,3.83,5.57,8.93,1212.86,0.65,1.92,73.1
2015-05-07 06:50:00,10911000.0,990.84,11.16,285.07,5.43,67.71,13.28,8.99,4.29,5.67,9.08,1209.85,0.98,2.72,102.3
2015-05-07 07:00:00,10911600.0,990.93,10.93,284.83,5.4,68.6,13.08,8.97,4.11,5.65,9.06,1210.95,1.04,2.48,160.9
2015-05-07 07:10:00,10912200.0,990.87,11.07,284.98,5.43,68.11,13.2,8.99,4.21,5.67,9.08,1210.27,0.67,1.92,159.7
2015-05-07 07:20:00,10912800.0,990.84,11.51,285.42,5.45,66.27,13.6,9.01,4.59,5.68,9.09,1208.36,1.64,2.96,192.5
2015-05-07 07:30:00,10913400.0,990.83,12.02,285.93,5.63,64.88,14.06,9.12,4.94,5.75,9.21,1206.13,3.03,5.89,211.2
2015-05-07 07:40:00,10914000.0,990.8,12.55,286.47,5.64,62.7,14.56,9.13,5.43,5.75,9.22,1203.85,4.54,6.53,211.1
2015-05-07 07:50:00,10914600.0,990.83,12.66,286.57,5.56,61.9,14.67,9.08,5.59,5.72,9.16,1203.45,5.29,7.85,207.3
2015-05-07 08:00:00,10915200.0,990.92,12.57,286.48,5.4,61.56,14.58,8.98,5.6,5.65,9.06,1203.99,5.4,8.61,216.5
2015-05-07 08:10:00,10915800.0,990.96,12.4,286.3,5.46,62.53,14.42,9.02,5.4,5.68,9.1,1204.73,3.58,7.21,223.8
2015-05-07 08:20:00,10916400.0,990.9,12.67,286.58,5.36,60.99,14.68,8.95,5.73,5.64,9.03,1203.55,5.25,8.41,207.3
2015-05-07 08:30:00,10917000.0,991.02,13.48,287.38,5.49,58.38,15.48,9.03,6.44,5.69,9.12,1200.26,4.63,8.65,216.6
2015-05-07 08:40:00,10917600.0,990.99,13.76,287.66,5.28,56.49,15.76,8.9,6.86,5.61,8.98,1199.11,5.44,9.45,215.8
2015-05-07 08:50:00,10918200.0,990.98,13.87,287.77,5.19,55.74,15.87,8.85,7.03,5.57,8.93,1198.67,4.62,8.45,211.1
2015-05-07 09:00:00,10918800.0,991.08,13.87,287.77,5.02,55.08,15.87,8.74,7.13,5.51,8.82,1198.84,4.05,6.17,224.0
2015-05-07 09:10:00,10919400.0,991.06,13.96,287.86,5.01,54.72,15.97,8.74,7.23,5.5,8.82,1198.44,3.68,5.25,224.8
2015-05-07 09:20:00,10920000.0,991.08,14.26,288.16,4.94,53.4,16.28,8.69,7.59,5.47,8.77,1197.23,4.12,9.01,241.0
2015-05-07 09:30:00,10920600.0,991.11,13.99,287.88,4.63,53.16,16.0,8.5,7.49,5.35,8.58,1198.48,5.11,8.57,239.6
2015-05-07 09:40:00,10921200.0,991.28,13.27,287.15,4.64,55.75,15.27,8.51,6.75,5.36,8.59,1201.7,4.85,9.33,220.1
2015-05-07 09:50:00,10921800.0,991.23,12.92,286.8,5.16,59.15,14.92,8.83,6.09,5.56,8.9,1202.96,4.47,6.51,213.6
2015-05-07 10:00:00,10922400.0,991.04,13.82,287.72,5.55,57.32,15.82,9.07,6.75,5.71,9.15,1198.85,4.91,7.29,197.9
2015-05-07 10:10:00,10923000.0,991.1,13.61,287.5,4.78,55.06,15.61,8.59,7.01,5.41,8.67,1200.02,5.59,8.77,211.0
2015-05-07 10:20:00,10923600.0,991.18,13.21,287.1,5.07,57.67,15.21,8.77,6.44,5.52,8.85,1201.71,3.67,7.93,226.2
2015-05-07 10:30:00,10924200.0,991.09,14.09,287.99,5.28,55.28,16.1,8.9,7.2,5.61,8.98,1197.86,3.32,5.81,205.0
2015-05-07 10:40:00,10924800.0,991.07,14.66,288.56,4.37,49.99,16.71,8.35,8.36,5.26,8.43,1195.71,5.21,10.85,214.7
2015-05-07 10:50:00,10925400.0,991.23,14.4,288.29,3.66,48.35,16.43,7.94,8.49,5.0,8.01,1197.17,3.79,7.49,228.5
2015-05-07 11:00:00,10926000.0,991.21,14.94,288.83,3.04,44.7,17.01,7.6,9.41,4.79,7.67,1195.06,5.1,8.09,242.4
2015-05-07 11:10:00,10926600.0,991.12,15.08,288.98,3.46,45.62,17.17,7.83,9.34,4.93,7.9,1194.27,5.66,9.37,234.5
2015-05-07 11:20:00,10927200.0,990.98,15.41,289.32,3.59,45.08,17.53,7.9,9.63,4.98,7.98,1192.7,5.21,8.55,216.4
2015-05-07 11:30:00,10927800.0,990.9,15.55,289.47,3.55,44.56,17.69,7.88,9.81,4.96,7.96,1192.03,6.41,9.45,210.6
2015-05-07 11:40:00,10928400.0,990.91,15.55,289.47,3.46,44.26,17.69,7.83,9.86,4.93,7.9,1192.07,5.31,10.03,221.0
2015-05-07 11:50:00,10929000.0,991.08,15.26,289.16,3.54,45.37,17.37,7.88,9.49,4.96,7.95,1193.45,3.71,6.21,254.7
2015-05-07 12:00:00,10929600.0,991.15,15.23,289.12,3.48,45.26,17.33,7.84,9.49,4.94,7.91,1193.68,4.79,7.49,237.6
2015-05-07 12:10:00,10930200.0,990.98,15.46,289.37,3.46,44.54,17.59,7.84,9.76,4.93,7.91,1192.53,3.38,6.69,206.2
2015-05-07 12:20:00,10930800.0,991.05,16.15,290.05,2.5,39.8,18.39,7.32,11.07,4.61,7.38,1190.0,3.06,7.25,255.1
2015-05-07 12:30:00,10931400.0,991.13,16.12,290.02,1.99,38.45,18.35,7.06,11.29,4.44,7.12,1190.34,3.68,7.01,256.8
2015-05-07 12:40:00,10932000.0,991.07,16.12,290.02,1.97,38.37,18.35,7.04,11.31,4.43,7.1,1190.27,4.02,7.89,240.3
2015-05-07 12:50:00,10932600.0,991.04,16.11,290.02,1.8,37.93,18.34,6.96,11.38,4.38,7.02,1190.32,4.81,7.97,245.9
2015-05-07 13:00:00,10933200.0,991.02,16.64,290.55,1.78,36.62,18.97,6.95,12.02,4.37,7.01,1188.12,3.74,7.85,260.7
2015-05-07 13:10:00,10933800.0,991.03,16.91,290.82,2.14,36.94,19.3,7.13,12.17,4.49,7.19,1186.95,2.9,7.29,284.2
2015-05-07 13:20:00,10934400.0,991.1,16.47,290.37,1.98,37.56,18.76,7.05,11.72,4.44,7.11,1188.87,3.25,6.41,247.6
2015-05-07 13:30:00,10935000.0,991.06,16.16,290.06,1.88,38.03,18.4,7.0,11.4,4.4,7.06,1190.12,2.78,5.18,246.0
2015-05-07 13:40:00,10935600.0,990.94,16.42,290.33,1.96,37.62,18.7,7.04,11.67,4.43,7.1,1188.89,3.14,6.53,227.1
2015-05-07 13:50:00,10936200.0,991.0,16.17,290.08,2.14,38.73,18.41,7.13,11.28,4.49,7.19,1189.94,2.44,4.8,258.3
2015-05-07 14:00:00,10936800.0,991.0,16.73,290.64,1.91,36.77,19.08,7.01,12.06,4.41,7.08,1187.7,3.02,5.68,278.8
2015-05-07 14:10:00,10937400.0,990.96,16.23,290.14,1.25,36.19,18.48,6.69,11.79,4.21,6.75,1189.85,4.22,6.77,259.1
2015-05-07 14:20:00,10938000.0,990.87,16.29,290.21,1.47,36.62,18.55,6.79,11.76,4.28,6.86,1189.45,3.38,6.77,272.8
2015-05-07 14:30:00,10938600.0,990.84,17.04,290.96,1.97,36.2,19.46,7.04,12.41,4.43,7.11,1186.22,3.13,6.16,277.9
2015-05-07 14:40:00,10939200.0,990.92,16.55,290.47,2.22,38.01,18.86,7.17,11.69,4.51,7.23,1188.27,2.79,6.32,305.8
2015-05-07 14:50:00,10939800.0,990.93,16.41,290.33,2.12,38.08,18.69,7.12,11.57,4.48,7.18,1188.88,2.72,6.56,249.8
2015-05-07 15:00:00,10940400.0,990.97,16.38,290.29,2.07,38.02,18.66,7.09,11.56,4.46,7.16,1189.06,2.82,5.86,270.5
2015-05-07 15:10:00,10941000.0,990.96,16.48,290.39,2.29,38.38,18.78,7.21,11.57,4.54,7.27,1188.59,1.43,4.6,262.0
2015-05-07 15:20:00,10941600.0,990.99,17.04,290.95,2.07,36.47,19.46,7.1,12.36,4.47,7.16,1186.38,2.43,5.6,270.8
2015-05-07 15:30:00,10942200.0,990.97,16.83,290.74,1.7,35.99,19.2,6.91,12.29,4.35,6.97,1187.3,2.05,4.12,270.9
2015-05-07 15:40:00,10942800.0,990.96,16.69,290.6,1.81,36.6,19.03,6.96,12.06,4.38,7.03,1187.84,2.21,3.46,269.9
2015-05-07 15:50:00,10943400.0,990.93,16.5,290.42,1.8,37.02,18.8,6.96,11.84,4.38,7.02,1188.58,2.1,3.8,252.8
2015-05-07 16:00:00,10944000.0,990.94,16.74,290.66,2.26,37.67,19.09,7.19,11.9,4.53,7.26,1187.5,1.7,3.64,272.6
2015-05-07 16:10:00,10944600.0,990.94,16.59,290.51,2.26,38.04,18.91,7.19,11.72,4.53,7.26,1188.12,1.28,2.48,237.5
2015-05-07 16:20:00,10945200.0,990.95,16.81,290.72,2.25,37.48,19.17,7.19,11.99,4.52,7.25,1187.23,1.82,3.56,269.2
2015-05-07 16:30:00,10945800.0,990.93,16.85,290.77,2.31,37.53,19.22,7.21,12.01,4.54,7.28,1187.03,1.43,3.52,295.1
2015-05-07 16:40:00,10946400.0,991.03,16.65,290.56,1.99,37.15,18.98,7.05,11.93,4.44,7.12,1188.05,1.91,3.16,259.3
2015-05-07 16:50:00,10947000.0,991.08,16.46,290.36,2.07,37.83,18.75,7.09,11.66,4.46,7.16,1188.87,1.48,2.94,283.0
2015-05-07 17:00:00,10947600.0,991.1,16.38,290.28,2.16,38.27,18.66,7.14,11.52,4.49,7.2,1189.2,2.0,4.24,304.8
2015-05-07 17:10:00,10948200.0,991.23,16.23,290.12,2.1,38.46,18.48,7.11,11.37,4.47,7.17,1189.98,2.04,4.12,265.6
2015-05-07 17:20:00,10948800.0,991.27,17.12,291.01,2.56,37.56,19.56,7.34,12.21,4.62,7.41,1186.28,0.89,2.0,286.8
2015-05-07 17:30:00,10949400.0,991.27,16.67,290.56,2.59,38.73,19.0,7.36,11.64,4.63,7.43,1188.11,1.14,2.8,308.6
2015-05-07 17:40:00,10950000.0,991.28,16.66,290.55,2.76,39.23,18.99,7.45,11.54,4.69,7.52,1188.12,0.89,1.92,295.0
2015-05-07 17:50:00,10950600.0,991.32,17.0,290.88,2.59,37.93,19.41,7.36,12.05,4.63,7.43,1186.82,1.39,2.8,315.1
2015-05-07 18:00:00,10951200.0,991.35,16.63,290.51,2.39,38.3,18.96,7.26,11.7,4.57,7.32,1188.42,1.76,3.4,331.3
2015-05-07 18:10:00,10951800.0,991.42,16.69,290.57,2.49,38.41,19.03,7.31,11.72,4.6,7.37,1188.23,1.43,3.68,291.6
2015-05-07 18:20:00,10952400.0,991.43,16.38,290.25,2.5,39.21,18.66,7.32,11.34,4.6,7.38,1189.51,1.29,3.6,328.1
2015-05-07 18:30:00,10953000.0,991.46,16.27,290.14,2.48,39.44,18.53,7.31,11.22,4.6,7.37,1190.01,1.39,3.06,279.3
2015-05-07 18:40:00,10953600.0,991.45,15.62,289.49,2.47,41.07,17.77,7.3,10.47,4.59,7.36,1192.68,1.17,2.8,279.0
2015-05-07 18:50:00,10954200.0,991.57,15.28,289.14,2.54,42.19,17.39,7.34,10.05,4.61,7.4,1194.21,0.57,1.68,279.2
2015-05-07 19:00:00,10954800.0,991.67,15.07,288.92,2.59,42.92,17.16,7.36,9.79,4.63,7.42,1195.19,1.02,2.36,282.7
2015-05-07 19:10:00,10955400.0,991.79,14.79,288.63,2.56,43.59,16.85,7.34,9.5,4.62,7.41,1196.5,0.86,1.56,273.6
2015-05-07 19:20:00,10956000.0,991.89,14.54,288.37,2.52,44.18,16.58,7.32,9.25,4.61,7.38,1197.67,0.86,1.9,274.6
2015-05-07 19:30:00,10956600.0,991.99,14.3,288.12,2.47,44.71,16.32,7.3,9.03,4.59,7.36,1198.81,1.07,2.04,266.5
2015-05-07 19:40:00,10957200.0,992.1,14.06,287.87,2.42,45.27,16.07,7.28,8.8,4.57,7.33,1199.95,1.34,2.52,250.7
2015-05-07 19:50:00,10957800.0,992.32,13.86,287.65,2.39,45.75,15.86,7.26,8.61,4.56,7.31,1201.06,1.19,2.04,249.4
2015-05-07 20:00:00,10958400.0,992.4,13.7,287.49,2.33,46.05,15.7,7.23,8.47,4.54,7.28,1201.84,1.3,1.84,257.5
2015-05-07 20:10:00,10959000.0,992.51,13.59,287.37,2.29,46.24,15.59,7.21,8.38,4.53,7.26,1202.45,1.35,2.12,243.9
2015-05-07 20:20:00,10959600.0,992.66,13.54,287.3,2.22,46.16,15.54,7.17,8.36,4.51,7.22,1202.86,1.1,1.72,249.7
2015-05-07 20:30:00,10960200.0,992.69,13.43,287.19,2.23,46.53,15.43,7.18,8.25,4.51,7.23,1203.35,0.88,1.6,241.2
2015-05-07 20:40:00,10960800.0,992.78,12.84,286.59,3.04,51.23,14.84,7.6,7.24,4.78,7.66,1205.75,0.55,1.04,118.7
2015-05-07 20:50:00,10961400.0,992.8,12.06,285.81,3.33,55.06,14.1,7.76,6.34,4.88,7.82,1209.0,0.31,0.78,54.46
2015-05-07 21:00:00,10962000.0,992.82,11.74,285.49,3.1,55.31,13.8,7.64,6.17,4.8,7.69,1210.44,0.46,0.96,244.6
2015-05-07 21:10:00,10962600.0,992.92,11.96,285.7,2.57,52.49,14.01,7.35,6.65,4.62,7.4,1209.76,0.99,1.54,244.5
2015-05-07 21:20:00,10963200.0,992.94,12.12,285.86,2.65,52.23,14.16,7.39,6.76,4.64,7.45,1209.08,0.36,0.92,10.1
2015-05-07 21:30:00,10963800.0,992.99,11.66,285.39,3.02,55.3,13.73,7.59,6.14,4.77,7.65,1211.01,0.28,0.72,44.51
2015-05-07 21:40:00,10964400.0,993.04,11.03,284.76,3.44,59.37,13.17,7.82,5.35,4.91,7.87,1213.64,0.33,0.72,99.2
2015-05-07 21:50:00,10965000.0,992.99,10.66,284.39,3.43,60.82,12.85,7.81,5.03,4.91,7.87,1215.17,0.8,1.06,39.34
2015-05-07 22:00:00,10965600.0,992.95,10.17,283.9,3.45,62.96,12.43,7.83,4.61,4.92,7.88,1217.22,0.87,1.16,46.48
2015-05-07 22:10:00,10966200.0,993.03,9.97,283.7,3.33,63.25,12.27,7.76,4.51,4.88,7.81,1218.2,0.39,0.64,290.3
2015-05-07 22:20:00,10966800.0,993.05,10.02,283.75,3.17,62.31,12.31,7.67,4.64,4.82,7.72,1218.06,0.5,1.16,195.2
2015-05-07 22:30:00,10967400.0,993.05,9.81,283.54,3.39,64.23,12.14,7.8,4.34,4.9,7.85,1218.9,0.7,1.28,61.8
2015-05-07 22:40:00,10968000.0,993.04,9.46,283.19,3.31,65.38,11.86,7.75,4.1,4.87,7.81,1220.42,0.68,1.32,73.8
2015-05-07 22:50:00,10968600.0,993.13,9.16,282.88,3.46,67.43,11.62,7.83,3.78,4.92,7.89,1221.79,0.19,0.42,105.2
2015-05-07 23:00:00,10969200.0,993.15,8.83,282.54,3.42,68.74,11.36,7.81,3.55,4.91,7.86,1223.26,0.46,0.84,232.4
2015-05-07 23:10:00,10969800.0,993.07,8.81,282.53,3.19,67.74,11.35,7.69,3.66,4.83,7.74,1223.3,0.89,1.2,238.4
2015-05-07 23:20:00,10970400.0,993.07,8.91,282.63,3.05,66.59,11.42,7.61,3.82,4.78,7.66,1222.91,0.44,0.8,237.5
2015-05-07 23:30:00,10971000.0,993.1,8.97,282.69,3.07,66.42,11.47,7.62,3.85,4.79,7.67,1222.68,0.35,0.64,47.2
2015-05-07 23:40:00,10971600.0,993.09,8.56,282.28,3.36,69.74,11.16,7.78,3.38,4.89,7.83,1224.36,0.65,1.06,57.41
2015-05-07 23:50:00,10972200.0,992.97,8.27,282.0,3.26,70.6,10.94,7.72,3.22,4.85,7.78,1225.51,0.31,1.0,356.5
2015-05-08 00:00:00,10972800.0,992.84,8.11,281.85,3.23,71.2,10.82,7.7,3.12,4.84,7.76,1226.05,0.22,0.4,196.3
2015-05-08 00:10:00,10973400.0,992.8,8.14,281.88,3.06,70.2,10.84,7.61,3.23,4.78,7.67,1225.92,0.47,0.96,222.1
2015-05-08 00:20:00,10974000.0,992.77,8.12,281.86,2.98,69.94,10.83,7.57,3.25,4.76,7.63,1225.98,0.35,0.72,38.86
2015-05-08 00:30:00,10974600.0,992.77,7.88,281.62,3.1,71.7,10.65,7.64,3.01,4.8,7.69,1227.0,0.4,1.16,196.9
2015-05-08 00:40:00,10975200.0,992.82,7.55,281.29,3.06,73.1,10.41,7.61,2.8,4.78,7.67,1228.52,1.05,2.16,228.1
2015-05-08 00:50:00,10975800.0,992.81,7.5,281.24,3.09,73.5,10.38,7.63,2.75,4.79,7.68,1228.72,1.67,2.2,214.2
2015-05-08 01:00:00,10976400.0,992.79,7.4,281.14,3.12,74.2,10.31,7.65,2.66,4.81,7.7,1229.12,1.54,2.24,218.1
2015-05-08 01:10:00,10977000.0,992.8,7.35,281.09,3.21,74.9,10.27,7.69,2.58,4.83,7.75,1229.33,1.18,1.5,198.6
2015-05-08 01:20:00,10977600.0,992.75,7.24,280.98,3.23,75.6,10.19,7.71,2.49,4.84,7.76,1229.74,1.26,1.68,216.2
2015-05-08 01:30:00,10978200.0,992.68,7.03,280.78,3.21,76.6,10.05,7.7,2.35,4.84,7.75,1230.58,1.15,1.68,212.3
2015-05-08 01:40:00,10978800.0,992.62,6.83,280.59,3.3,78.1,9.91,7.74,2.17,4.87,7.8,1231.35,1.01,1.52,212.5
2015-05-08 01:50:00,10979400.0,992.56,6.76,280.51,3.35,78.8,9.86,7.77,2.09,4.88,7.83,1231.6,1.14,1.36,215.2
2015-05-08 02:00:00,10980000.0,992.55,6.57,280.33,3.33,79.7,9.73,7.76,1.98,4.88,7.82,1232.42,1.19,1.44,210.7
2015-05-08 02:10:00,10980600.0,992.52,6.42,280.18,3.3,80.4,9.64,7.75,1.89,4.87,7.81,1233.04,0.94,1.44,200.8
2015-05-08 02:20:00,10981200.0,992.52,6.37,280.13,3.33,80.8,9.6,7.76,1.84,4.88,7.82,1233.25,0.62,1.0,187.0
2015-05-08 02:30:00,10981800.0,992.55,6.16,279.91,3.38,82.3,9.46,7.79,1.67,4.89,7.84,1234.23,0.89,1.48,207.8
2015-05-08 02:40:00,10982400.0,992.58,5.96,279.71,3.39,83.5,9.33,7.79,1.54,4.9,7.85,1235.14,0.45,0.84,209.7
2015-05-08 02:50:00,10983000.0,992.46,5.99,279.75,3.33,83.0,9.35,7.76,1.59,4.88,7.82,1234.88,0.62,1.0,173.9
2015-05-08 03:00:00,10983600.0,992.43,5.93,279.7,3.21,82.6,9.32,7.69,1.62,4.84,7.75,1235.11,0.51,1.0,158.3
2015-05-08 03:10:00,10984200.0,992.42,5.63,279.4,3.22,84.4,9.12,7.7,1.42,4.84,7.76,1236.44,0.95,1.24,194.6
2015-05-08 03:20:00,10984800.0,992.33,5.49,279.26,3.23,85.3,9.03,7.7,1.33,4.84,7.76,1236.96,0.51,0.84,179.4
2015-05-08 03:30:00,10985400.0,992.31,5.36,279.14,2.94,84.3,8.95,7.55,1.41,4.74,7.61,1237.56,0.46,0.8,150.7
2015-05-08 03:40:00,10986000.0,992.2,5.2,278.99,2.85,84.7,8.85,7.5,1.35,4.71,7.56,1238.16,0.62,1.24,160.0
2015-05-08 03:50:00,10986600.0,992.07,5.17,278.96,2.86,85.0,8.83,7.51,1.32,4.72,7.57,1238.16,0.62,1.0,152.1
2015-05-08 04:00:00,10987200.0,992.07,5.13,278.92,2.81,84.9,8.81,7.48,1.33,4.7,7.54,1238.33,0.69,1.08,156.8
2015-05-08 04:10:00,10987800.0,992.0,5.19,278.99,2.83,84.7,8.84,7.49,1.35,4.71,7.55,1237.97,0.5,1.04,175.3
2015-05-08 04:20:00,10988400.0,992.04,5.11,278.9,2.73,84.6,8.79,7.44,1.35,4.68,7.5,1238.42,0.85,1.68,136.8
2015-05-08 04:30:00,10989000.0,992.05,4.83,278.62,2.68,85.9,8.62,7.41,1.22,4.66,7.47,1239.68,0.96,1.68,150.1
2015-05-08 04:40:00,10989600.0,992.03,4.86,278.66,2.76,86.2,8.65,7.45,1.19,4.69,7.51,1239.48,0.82,1.34,134.5
2015-05-08 04:50:00,10990200.0,991.94,4.99,278.8,2.84,85.9,8.72,7.49,1.23,4.71,7.56,1238.76,0.68,1.24,127.4
2015-05-08 05:00:00,10990800.0,991.94,4.96,278.77,2.84,86.1,8.71,7.5,1.21,4.71,7.56,1238.9,0.66,1.2,170.7
2015-05-08 05:10:00,10991400.0,991.94,4.98,278.79,2.91,86.4,8.72,7.53,1.19,4.74,7.59,1238.79,0.45,0.92,188.5
2015-05-08 05:20:00,10992000.0,991.95,4.93,278.73,2.81,86.1,8.69,7.48,1.21,4.7,7.54,1239.07,0.96,1.5,149.0
2015-05-08 05:30:00,10992600.0,991.96,4.8,278.61,2.8,86.8,8.61,7.47,1.14,4.7,7.53,1239.64,1.21,1.6,141.3
2015-05-08 05:40:00,10993200.0,991.94,4.89,278.69,2.87,86.7,8.66,7.51,1.15,4.72,7.57,1239.23,1.08,1.72,137.7
2015-05-08 05:50:00,10993800.0,991.95,5.39,279.19,3.13,85.3,8.97,7.65,1.32,4.81,7.71,1236.96,0.73,1.52,130.8
2015-05-08 06:00:00,10994400.0,991.95,5.94,279.75,3.25,82.8,9.32,7.72,1.6,4.85,7.78,1234.47,0.5,1.28,120.4
2015-05-08 06:10:00,10995000.0,991.94,6.07,279.88,3.33,82.5,9.41,7.76,1.65,4.88,7.82,1233.85,0.6,1.36,158.2
2015-05-08 06:20:00,10995600.0,991.87,6.07,279.88,3.28,82.2,9.4,7.73,1.67,4.86,7.79,1233.78,0.78,1.28,178.5
2015-05-08 06:30:00,10996200.0,991.82,6.12,279.93,3.46,83.0,9.43,7.83,1.6,4.92,7.89,1233.48,0.93,1.72,165.1
2015-05-08 06:40:00,10996800.0,991.81,6.12,279.94,3.36,82.4,9.44,7.78,1.66,4.89,7.84,1233.46,1.5,1.96,152.6
2015-05-08 06:50:00,10997400.0,991.77,6.17,279.99,3.42,82.5,9.47,7.81,1.66,4.91,7.88,1233.18,0.91,1.8,136.8
2015-05-08 07:00:00,10998000.0,991.72,6.64,280.47,3.69,81.4,9.78,7.96,1.82,5.01,8.03,1230.97,0.48,1.04,185.1
2015-05-08 07:10:00,10998600.0,991.7,6.75,280.58,3.69,80.8,9.86,7.96,1.89,5.01,8.03,1230.48,0.88,1.6,202.9
2015-05-08 07:20:00,10999200.0,991.69,6.96,280.79,3.74,79.9,10.0,7.99,2.01,5.03,8.06,1229.52,1.22,2.2,175.2
2015-05-08 07:30:00,10999800.0,991.61,7.3,281.14,3.98,79.4,10.24,8.13,2.11,5.11,8.2,1227.87,0.89,1.86,200.0
2015-05-08 07:40:00,11000400.0,991.58,7.82,281.66,4.18,77.7,10.61,8.24,2.37,5.19,8.31,1225.5,0.54,1.24,171.4
2015-05-08 07:50:00,11001000.0,991.57,8.42,282.26,4.22,74.8,11.05,8.27,2.78,5.2,8.34,1222.87,0.81,1.88,180.1
2015-05-08 08:00:00,11001600.0,991.58,8.89,282.73,4.46,73.7,11.41,8.41,3.0,5.29,8.48,1220.78,1.02,2.0,184.6
2015-05-08 08:10:00,11002200.0,991.49,9.66,283.51,4.47,70.0,12.02,8.41,3.6,5.29,8.48,1217.34,1.27,2.44,161.6
2015-05-08 08:20:00,11002800.0,991.37,10.33,284.19,4.73,68.17,12.57,8.57,4.0,5.39,8.64,1214.24,1.14,2.48,166.4
2015-05-08 08:30:00,11003400.0,991.25,10.64,284.51,4.84,67.25,12.83,8.63,4.2,5.43,8.71,1212.74,1.08,1.8,189.2
2015-05-08 08:40:00,11004000.0,991.12,11.59,285.48,5.2,64.77,13.67,8.85,4.82,5.57,8.93,1208.43,1.22,2.4,162.9
2015-05-08 08:50:00,11004600.0,990.96,12.53,286.43,5.28,61.21,14.54,8.9,5.64,5.61,8.98,1204.24,1.41,2.5,176.6
2015-05-08 09:00:00,11005200.0,990.84,13.16,287.07,5.47,59.53,15.16,9.02,6.13,5.68,9.11,1201.39,1.22,2.5,137.3
2015-05-08 09:10:00,11005800.0,990.69,13.87,287.8,5.49,56.92,15.87,9.04,6.84,5.69,9.12,1198.23,1.9,3.36,144.7
2015-05-08 09:20:00,11006400.0,990.57,13.92,287.86,5.63,57.27,15.93,9.12,6.81,5.75,9.21,1197.83,1.81,3.2,145.4
2015-05-08 09:30:00,11007000.0,990.41,14.49,288.44,5.83,55.96,16.53,9.25,7.28,5.83,9.34,1195.21,1.49,3.02,126.3
2015-05-08 09:40:00,11007600.0,990.32,15.25,289.21,5.88,53.48,17.36,9.28,8.07,5.85,9.37,1191.94,1.84,2.9,141.2
2015-05-08 09:50:00,11008200.0,990.17,15.57,289.55,5.86,52.33,17.72,9.27,8.45,5.84,9.36,1190.44,1.8,2.92,122.9
2015-05-08 10:00:00,11008800.0,990.11,16.53,290.51,5.91,49.39,18.84,9.3,9.53,5.87,9.4,1186.41,1.95,3.48,155.1
2015-05-08 10:10:00,11009400.0,990.0,17.1,291.1,4.84,44.19,19.53,8.63,10.9,5.44,8.72,1184.25,2.19,3.64,159.5
2015-05-08 10:20:00,11010000.0,989.95,17.27,291.27,4.28,42.04,19.74,8.3,11.44,5.23,8.38,1183.65,2.58,4.42,131.0
2015-05-08 10:30:00,11010600.0,989.9,17.0,291.0,3.93,41.73,19.41,8.1,11.31,5.1,8.18,1184.78,3.2,5.72,115.0
2015-05-08 10:40:00,11011200.0,989.95,17.54,291.54,3.99,40.48,20.08,8.13,11.95,5.12,8.21,1182.63,2.58,4.94,150.0
2015-05-08 10:50:00,11011800.0,989.92,17.61,291.61,2.99,37.57,20.17,7.58,12.59,4.78,7.66,1182.55,3.58,5.44,162.1
2015-05-08 11:00:00,11012400.0,989.86,17.51,291.52,2.49,36.46,20.04,7.31,12.74,4.6,7.38,1183.01,2.56,4.76,170.6
2015-05-08 11:10:00,11013000.0,989.85,17.83,291.84,2.93,36.87,20.45,7.54,12.91,4.75,7.62,1181.59,2.02,4.08,164.2
2015-05-08 11:20:00,11013600.0,989.76,18.19,292.21,3.48,37.48,20.92,7.84,13.08,4.94,7.92,1179.89,1.53,3.52,142.1
2015-05-08 11:30:00,11014200.0,989.72,18.14,292.16,3.35,37.26,20.85,7.77,13.08,4.9,7.85,1180.08,2.0,3.84,179.6
2015-05-08 11:40:00,11014800.0,989.55,17.89,291.93,3.5,38.26,20.53,7.85,12.67,4.95,7.94,1180.85,2.34,3.9,75.5
2015-05-08 11:50:00,11015400.0,989.45,17.6,291.64,3.49,38.94,20.16,7.85,12.31,4.95,7.93,1181.91,1.32,2.92,17.77
2015-05-08 12:00:00,11016000.0,989.34,18.38,292.44,3.79,37.86,21.17,8.02,13.16,5.05,8.1,1178.54,1.36,3.76,121.7
2015-05-08 12:10:00,11016600.0,989.24,18.14,292.2,3.73,38.29,20.85,7.99,12.87,5.04,8.07,1179.41,1.68,3.64,76.4
2015-05-08 12:20:00,11017200.0,989.14,18.41,292.48,4.09,38.61,21.21,8.19,13.02,5.17,8.28,1178.1,1.42,2.56,27.24
2015-05-08 12:30:00,11017800.0,988.92,18.67,292.76,4.23,38.37,21.56,8.27,13.29,5.22,8.37,1176.75,2.47,5.4,105.7
2015-05-08 12:40:00,11018400.0,988.86,18.83,292.93,4.55,38.84,21.78,8.46,13.32,5.34,8.55,1175.95,2.42,5.54,151.1
2015-05-08 12:50:00,11019000.0,988.72,18.62,292.73,4.51,39.25,21.49,8.44,13.06,5.32,8.53,1176.64,2.81,5.28,72.5
2015-05-08 13:00:00,11019600.0,988.6,19.18,293.3,4.88,38.88,22.26,8.65,13.6,5.46,8.75,1174.15,1.65,3.32,150.9
2015-05-08 13:10:00,11020200.0,988.49,19.8,293.93,5.11,38.02,23.13,8.79,14.34,5.55,8.9,1171.47,1.8,4.56,120.6
2015-05-08 13:20:00,11020800.0,988.47,19.4,293.53,4.67,37.8,22.56,8.53,14.03,5.38,8.63,1173.16,3.6,5.84,137.2
2015-05-08 13:30:00,11021400.0,988.34,19.45,293.59,4.74,37.88,22.63,8.57,14.06,5.41,8.67,1172.79,3.0,5.52,165.1
2015-05-08 13:40:00,11022000.0,988.23,19.62,293.77,4.79,37.6,22.87,8.6,14.27,5.43,8.7,1171.96,2.92,4.88,183.3
2015-05-08 13:50:00,11022600.0,988.13,19.72,293.88,4.87,37.57,23.02,8.65,14.37,5.46,8.75,1171.42,2.48,4.24,113.3
2015-05-08 14:00:00,11023200.0,988.1,19.74,293.9,4.95,37.74,23.05,8.7,14.35,5.49,8.8,1171.29,2.85,7.38,151.4
2015-05-08 14:10:00,11023800.0,988.05,20.17,294.34,5.06,37.04,23.67,8.77,14.9,5.54,8.87,1169.48,2.35,4.68,139.8
2015-05-08 14:20:00,11024400.0,988.05,20.41,294.58,5.04,36.44,24.02,8.75,15.27,5.53,8.86,1168.53,1.96,3.56,149.1
2015-05-08 14:30:00,11025000.0,987.95,20.58,294.76,5.23,36.54,24.27,8.87,15.4,5.6,8.98,1167.68,2.29,4.52,126.7
2015-05-08 14:40:00,11025600.0,987.88,20.25,294.44,5.27,37.41,23.78,8.9,14.89,5.62,9.01,1168.9,1.82,3.6,116.4
2015-05-08 14:50:00,11026200.0,987.81,20.04,294.23,5.3,37.96,23.48,8.91,14.57,5.63,9.02,1169.65,2.9,4.48,96.5
2015-05-08 15:00:00,11026800.0,987.71,20.45,294.65,5.53,37.61,24.08,9.06,15.02,5.72,9.17,1167.83,2.3,4.32,103.0
2015-05-08 15:10:00,11027400.0,987.64,20.43,294.64,5.59,37.82,24.05,9.1,14.95,5.75,9.21,1167.81,2.21,4.64,69.36
2015-05-08 15:20:00,11028000.0,987.49,19.96,294.18,5.22,37.95,23.36,8.87,14.5,5.6,8.98,1169.61,2.2,3.8,92.9
2015-05-08 15:30:00,11028600.0,987.39,19.91,294.14,5.34,38.39,23.29,8.94,14.35,5.65,9.06,1169.65,1.84,3.4,267.8
2015-05-08 15:40:00,11029200.0,987.36,20.33,294.56,5.55,37.95,23.9,9.07,14.83,5.73,9.19,1167.89,2.59,3.62,87.7
2015-05-08 15:50:00,11029800.0,987.27,20.05,294.29,5.39,38.19,23.49,8.97,14.52,5.67,9.09,1168.94,1.95,4.7,110.2
2015-05-08 16:00:00,11030400.0,987.25,20.49,294.73,5.67,37.88,24.14,9.14,15.0,5.78,9.26,1167.09,1.46,2.8,91.0
2015-05-08 16:10:00,11031000.0,987.21,20.38,294.62,6.29,39.83,23.98,9.55,14.43,6.04,9.67,1167.29,2.36,4.64,13.75
2015-05-08 16:20:00,11031600.0,987.23,19.84,294.08,6.15,40.77,23.19,9.45,13.73,5.98,9.58,1169.51,2.98,6.48,16.7
2015-05-08 16:30:00,11032200.0,987.19,19.46,293.7,6.26,42.06,22.65,9.53,13.12,6.02,9.65,1170.95,3.59,6.0,24.47
2015-05-08 16:40:00,11032800.0,987.09,19.3,293.55,6.37,42.82,22.42,9.6,12.82,6.07,9.73,1171.44,4.97,7.4,21.64
2015-05-08 16:50:00,11033400.0,987.03,19.41,293.66,6.51,42.95,22.58,9.7,12.88,6.13,9.82,1170.88,5.56,7.81,27.21
2015-05-08 17:00:00,11034000.0,987.02,19.24,293.49,6.43,43.17,22.34,9.64,12.7,6.1,9.77,1171.58,5.15,6.77,26.62
2015-05-08 17:10:00,11034600.0,986.99,19.41,293.67,6.56,43.1,22.58,9.73,12.85,6.16,9.86,1170.82,4.8,6.85,28.36
2015-05-08 17:20:00,11035200.0,986.9,19.56,293.83,6.71,43.13,22.79,9.83,12.96,6.22,9.96,1170.07,4.62,6.44,34.79
2015-05-08 17:30:00,11035800.0,986.89,19.39,293.66,6.71,43.59,22.55,9.83,12.72,6.22,9.96,1170.74,4.27,7.08,40.65
2015-05-08 17:40:00,11036400.0,986.99,19.17,293.43,6.72,44.21,22.24,9.83,12.41,6.22,9.96,1171.74,4.85,6.32,36.47
2015-05-08 17:50:00,11037000.0,987.02,19.11,293.36,6.76,44.5,22.16,9.86,12.3,6.24,9.99,1172.0,3.86,5.76,31.0
2015-05-08 18:00:00,11037600.0,987.04,18.96,293.21,6.78,44.99,21.95,9.88,12.08,6.25,10.01,1172.62,4.71,6.97,28.64
2015-05-08 18:10:00,11038200.0,987.14,18.49,292.73,6.66,45.95,21.32,9.8,11.52,6.2,9.92,1174.66,4.82,6.44,33.71
2015-05-08 18:20:00,11038800.0,987.17,18.37,292.61,6.68,46.35,21.16,9.81,11.35,6.2,9.93,1175.18,3.62,5.12,34.77
2015-05-08 18:30:00,11039400.0,987.16,18.2,292.44,6.64,46.73,20.93,9.78,11.15,6.19,9.91,1175.86,4.6,6.08,34.12
2015-05-08 18:40:00,11040000.0,987.16,18.07,292.31,6.68,47.23,20.76,9.81,10.96,6.2,9.93,1176.38,4.28,5.44,33.07
2015-05-08 18:50:00,11040600.0,987.22,17.98,292.21,6.7,47.58,20.65,9.82,10.82,6.21,9.95,1176.8,3.62,5.36,31.4
2015-05-08 19:00:00,11041200.0,987.35,17.94,292.16,6.69,47.66,20.59,9.82,10.78,6.21,9.94,1177.13,4.02,5.12,35.5
2015-05-08 19:10:00,11041800.0,987.39,17.82,292.04,6.83,48.49,20.44,9.91,10.53,6.27,10.04,1177.62,3.52,4.8,39.96
2015-05-08 19:20:00,11042400.0,987.42,17.59,291.8,7.03,49.88,20.14,10.05,10.1,6.35,10.18,1178.52,3.0,4.16,38.16
2015-05-08 19:30:00,11043000.0,987.43,17.37,291.58,7.05,50.65,19.87,10.06,9.8,6.36,10.19,1179.42,2.51,4.28,35.93
2015-05-08 19:40:00,11043600.0,987.46,17.12,291.33,7.01,51.33,19.56,10.04,9.52,6.35,10.17,1180.48,2.22,3.36,16.21
2015-05-08 19:50:00,11044200.0,987.51,16.94,291.14,6.91,51.53,19.33,9.96,9.37,6.3,10.09,1181.31,2.52,3.64,14.84
2015-05-08 20:00:00,11044800.0,987.59,16.76,290.96,6.95,52.28,19.11,9.99,9.12,6.32,10.12,1182.12,1.62,2.4,29.41
2015-05-08 20:10:00,11045400.0,987.76,16.63,290.81,6.9,52.52,18.96,9.96,9.0,6.29,10.08,1182.88,1.44,2.9,30.4
2015-05-08 20:20:00,11046000.0,987.86,16.5,290.67,6.87,52.87,18.8,9.94,8.86,6.28,10.06,1183.53,0.94,1.66,21.09
2015-05-08 20:30:00,11046600.0,987.87,16.51,290.68,6.76,52.44,18.81,9.87,8.95,6.23,9.99,1183.54,1.51,2.28,0.36
2015-05-08 20:40:00,11047200.0,987.9,16.55,290.72,6.56,51.59,18.86,9.73,9.13,6.15,9.85,1183.47,1.73,2.56,5.47
2015-05-08 20:50:00,11047800.0,987.98,16.57,290.73,6.36,50.82,18.88,9.6,9.29,6.06,9.71,1183.55,1.79,2.52,21.49
2015-05-08 21:00:00,11048400.0,988.02,16.54,290.7,6.19,50.32,18.85,9.48,9.36,5.99,9.6,1183.77,2.01,3.24,21.32
2015-05-08 21:10:00,11049000.0,988.0,16.54,290.7,6.2,50.33,18.85,9.49,9.36,5.99,9.6,1183.75,1.28,2.32,16.95
2015-05-08 21:20:00,11049600.0,988.01,16.49,290.65,6.17,50.41,18.79,9.47,9.32,5.98,9.59,1183.97,1.55,2.64,22.47
2015-05-08 21:30:00,11050200.0,988.02,16.33,290.49,6.24,51.16,18.6,9.51,9.08,6.01,9.63,1184.62,1.53,2.0,18.91
2015-05-08 21:40:00,11050800.0,988.08,16.27,290.42,6.18,51.16,18.53,9.48,9.05,5.99,9.59,1184.95,1.35,1.96,12.37
2015-05-08 21:50:00,11051400.0,988.07,16.25,290.41,6.11,50.95,18.5,9.43,9.08,5.96,9.54,1185.04,1.24,2.12,356.7
2015-05-08 22:00:00,11052000.0,988.11,16.27,290.42,6.02,50.6,18.53,9.37,9.15,5.92,9.49,1185.03,1.03,1.56,7.32
2015-05-08 22:10:00,11052600.0,988.11,16.29,290.44,5.95,50.29,18.55,9.33,9.22,5.89,9.44,1184.97,1.22,2.0,16.61
2015-05-08 22:20:00,11053200.0,988.15,16.33,290.48,5.91,50.01,18.6,9.3,9.3,5.88,9.41,1184.87,1.17,1.76,8.64
2015-05-08 22:30:00,11053800.0,988.25,16.18,290.32,6.22,51.58,18.42,9.5,8.92,6.0,9.61,1185.51,0.63,1.08,268.3
2015-05-08 22:40:00,11054400.0,988.26,15.79,289.93,6.39,53.52,17.97,9.62,8.35,6.07,9.73,1187.07,0.36,0.88,289.7
2015-05-08 22:50:00,11055000.0,988.21,15.46,289.6,6.77,56.12,17.59,9.87,7.72,6.24,9.99,1188.25,0.74,1.6,352.0
2015-05-08 23:00:00,11055600.0,988.22,15.04,289.18,7.24,59.52,17.12,10.19,6.93,6.44,10.31,1189.85,0.72,1.4,187.6
2015-05-08 23:10:00,11056200.0,988.24,14.87,289.01,6.84,58.55,16.94,9.92,7.02,6.26,10.03,1190.7,0.85,1.84,242.6
2015-05-08 23:20:00,11056800.0,988.25,14.74,288.87,6.77,58.78,16.79,9.87,6.92,6.24,9.99,1191.27,1.27,1.76,222.5
2015-05-08 23:30:00,11057400.0,988.19,14.57,288.71,6.97,60.26,16.61,10.01,6.6,6.32,10.13,1191.84,0.43,0.8,217.1
2015-05-08 23:40:00,11058000.0,988.14,14.45,288.59,6.88,60.32,16.48,9.94,6.54,6.28,10.06,1192.31,0.96,1.52,225.2
2015-05-08 23:50:00,11058600.0,988.13,14.35,288.49,6.84,60.57,16.38,9.92,6.46,6.27,10.04,1192.72,1.44,2.04,233.6
2015-05-09 00:00:00,11059200.0,988.13,14.32,288.46,6.94,61.08,16.34,9.98,6.36,6.31,10.1,1192.82,1.61,2.08,239.8
2015-05-09 00:10:00,11059800.0,988.11,14.32,288.47,6.88,60.85,16.34,9.95,6.4,6.28,10.07,1192.81,1.19,1.76,222.8
2015-05-09 00:20:00,11060400.0,988.14,13.89,288.03,7.17,63.83,15.89,10.15,5.75,6.41,10.27,1194.54,1.52,1.8,221.7
2015-05-09 00:30:00,11061000.0,988.19,13.66,287.8,7.44,65.98,15.66,10.33,5.33,6.53,10.45,1195.47,1.75,2.14,219.8
2015-05-09 00:40:00,11061600.0,988.27,13.61,287.74,7.23,65.29,15.61,10.19,5.42,6.44,10.31,1195.84,1.77,2.76,236.3
2015-05-09 00:50:00,11062200.0,988.3,13.68,287.81,7.36,65.54,15.68,10.28,5.4,6.49,10.4,1195.55,1.1,1.68,203.0
2015-05-09 01:00:00,11062800.0,988.31,13.36,287.49,8.26,71.2,15.36,10.93,4.42,6.91,11.06,1196.6,1.44,2.28,156.4
2015-05-09 01:10:00,11063400.0,988.38,13.11,287.23,8.71,74.6,15.11,11.27,3.84,7.12,11.4,1197.57,1.58,2.0,179.6
2015-05-09 01:20:00,11064000.0,988.45,12.9,287.01,8.99,77.1,14.9,11.49,3.41,7.26,11.62,1198.43,1.5,2.28,180.4
2015-05-09 01:30:00,11064600.0,988.6,12.66,286.76,9.25,79.7,14.67,11.69,2.98,7.39,11.82,1199.53,1.51,2.56,178.9
2015-05-09 01:40:00,11065200.0,988.66,12.33,286.42,9.35,82.0,14.35,11.77,2.58,7.44,11.9,1200.95,1.47,1.88,203.5
2015-05-09 01:50:00,11065800.0,988.79,12.16,286.24,9.31,82.7,14.19,11.74,2.46,7.42,11.87,1201.84,0.83,2.0,225.9
2015-05-09 02:00:00,11066400.0,988.84,12.24,286.32,9.43,82.9,14.27,11.83,2.44,7.47,11.96,1201.52,0.72,1.48,141.7
2015-05-09 02:10:00,11067000.0,988.75,12.15,286.23,9.57,84.2,14.18,11.94,2.24,7.55,12.08,1201.74,0.95,1.76,167.9
2015-05-09 02:20:00,11067600.0,988.73,12.0,286.09,9.46,84.4,14.04,11.85,2.19,7.49,11.99,1202.39,1.48,2.46,210.6
2015-05-09 02:30:00,11068200.0,988.75,12.09,286.17,9.23,82.6,14.13,11.67,2.46,7.37,11.8,1202.12,1.35,1.82,206.9
2015-05-09 02:40:00,11068800.0,988.76,12.12,286.2,9.29,82.8,14.16,11.72,2.43,7.41,11.85,1201.98,1.15,1.92,200.5
2015-05-09 02:50:00,11069400.0,988.75,11.95,286.03,9.62,85.6,14.0,11.98,2.02,7.57,12.12,1202.57,0.94,1.24,177.9
2015-05-09 03:00:00,11070000.0,988.77,11.61,285.69,9.86,89.0,13.69,12.18,1.51,7.7,12.32,1203.93,1.7,3.0,166.7
2015-05-09 03:10:00,11070600.0,988.86,11.5,285.57,9.8,89.3,13.59,12.13,1.45,7.67,12.27,1204.53,1.69,2.48,189.5
2015-05-09 03:20:00,11071200.0,988.87,11.35,285.42,9.76,89.9,13.45,12.09,1.36,7.64,12.23,1205.2,1.42,2.52,204.7
2015-05-09 03:30:00,11071800.0,988.92,11.17,285.24,9.71,90.7,13.29,12.06,1.24,7.62,12.19,1206.04,1.21,2.08,208.2
2015-05-09 03:40:00,11072400.0,989.01,11.03,285.09,9.65,91.2,13.17,12.01,1.16,7.59,12.14,1206.76,0.84,1.72,220.7
2015-05-09 03:50:00,11073000.0,989.03,11.0,285.06,9.56,90.8,13.14,11.93,1.21,7.54,12.07,1206.95,0.77,1.6,230.5
2015-05-09 04:00:00,11073600.0,989.07,10.93,284.98,9.42,90.4,13.08,11.83,1.26,7.47,11.96,1207.35,1.28,2.0,214.6
2015-05-09 04:10:00,11074200.0,989.1,10.87,284.92,9.4,90.6,13.03,11.81,1.22,7.46,11.94,1207.65,1.88,2.48,210.9
2015-05-09 04:20:00,11074800.0,989.11,10.92,284.97,9.23,89.3,13.07,11.67,1.4,7.37,11.8,1207.51,1.53,2.24,212.9
2015-05-09 04:30:00,11075400.0,989.18,10.99,285.04,9.17,88.5,13.13,11.62,1.51,7.34,11.75,1207.32,1.44,2.52,190.3
2015-05-09 04:40:00,11076000.0,989.22,10.94,284.98,9.05,88.1,13.09,11.53,1.56,7.28,11.66,1207.63,1.53,2.48,197.8
2015-05-09 04:50:00,11076600.0,989.24,10.87,284.91,8.85,87.3,13.03,11.38,1.65,7.18,11.5,1208.02,1.28,1.88,204.4
2015-05-09 05:00:00,11077200.0,989.25,10.8,284.84,8.76,87.2,12.97,11.31,1.66,7.14,11.43,1208.36,1.21,2.1,195.3
2015-05-09 05:10:00,11077800.0,989.32,10.77,284.8,8.85,87.9,12.94,11.38,1.57,7.18,11.5,1208.54,1.3,2.16,195.8
2015-05-09 05:20:00,11078400.0,989.36,10.7,284.73,8.92,88.7,12.88,11.43,1.46,7.22,11.55,1208.87,1.79,2.46,214.3
2015-05-09 05:30:00,11079000.0,989.4,10.8,284.83,8.95,88.3,12.97,11.45,1.52,7.23,11.57,1208.48,1.33,2.16,217.6
2015-05-09 05:40:00,11079600.0,989.52,10.91,284.93,8.92,87.5,13.06,11.43,1.63,7.22,11.55,1208.17,1.44,2.08,205.5
2015-05-09 05:50:00,11080200.0,989.64,10.73,284.74,8.83,88.0,12.91,11.36,1.55,7.17,11.48,1209.11,1.54,2.4,211.0
2015-05-09 06:00:00,11080800.0,989.72,10.48,284.48,8.75,89.0,12.7,11.3,1.4,7.13,11.42,1210.31,1.62,2.56,210.9
2015-05-09 06:10:00,11081400.0,989.74,10.95,284.95,9.04,88.0,13.1,11.53,1.57,7.28,11.65,1208.22,1.33,2.32,204.2
2015-05-09 06:20:00,11082000.0,989.74,11.64,285.64,9.21,85.0,13.71,11.66,2.06,7.36,11.78,1205.24,1.38,2.48,203.6
2015-05-09 06:30:00,11082600.0,989.8,12.32,286.32,9.45,82.6,14.34,11.85,2.5,7.48,11.97,1202.35,0.98,2.02,178.2
2015-05-09 06:40:00,11083200.0,989.8,12.88,286.88,9.56,80.2,14.88,11.93,2.95,7.53,12.06,1199.96,0.84,1.6,170.1
2015-05-09 06:50:00,11083800.0,989.81,13.19,287.19,9.6,78.8,15.19,11.97,3.22,7.55,12.09,1198.65,1.21,2.12,156.3
2015-05-09 07:00:00,11084400.0,989.86,13.72,287.72,9.75,76.9,15.72,12.09,3.63,7.63,12.21,1196.44,0.89,1.96,141.5
2015-05-09 07:10:00,11085000.0,989.87,14.28,288.28,9.82,74.5,16.3,12.15,4.16,7.67,12.27,1194.1,1.33,2.24,121.7
2015-05-09 07:20:00,11085600.0,989.94,15.07,289.06,9.78,70.6,17.16,12.11,5.04,7.65,12.23,1190.93,1.53,2.76,137.9
2015-05-09 07:30:00,11086200.0,989.98,15.47,289.46,9.79,68.88,17.6,12.12,5.48,7.65,12.25,1189.32,1.37,2.2,136.1
2015-05-09 07:40:00,11086800.0,990.05,15.66,289.65,9.58,67.07,17.82,11.95,5.87,7.54,12.07,1188.7,1.17,2.32,135.2
2015-05-09 07:50:00,11087400.0,990.1,15.91,289.89,9.39,65.18,18.11,11.8,6.3,7.45,11.92,1187.8,0.76,2.0,70.4
2015-05-09 08:00:00,11088000.0,990.09,16.53,290.52,8.94,60.77,18.84,11.45,7.39,7.22,11.56,1185.41,0.93,2.44,116.2
2015-05-09 08:10:00,11088600.0,990.07,17.39,291.38,8.53,55.96,19.89,11.13,8.76,7.02,11.24,1182.02,1.34,2.6,125.5
2015-05-09 08:20:00,11089200.0,990.09,17.6,291.59,7.89,52.86,20.16,10.66,9.5,6.72,10.76,1181.4,3.04,5.29,214.1
2015-05-09 08:30:00,11089800.0,990.09,17.43,291.42,7.55,52.21,19.94,10.41,9.53,6.57,10.52,1182.21,4.01,7.13,240.3
2015-05-09 08:40:00,11090400.0,990.03,17.77,291.76,7.95,52.52,20.37,10.7,9.67,6.75,10.81,1180.62,2.71,5.69,231.9
2015-05-09 08:50:00,11091000.0,990.0,18.49,292.49,8.29,51.36,21.32,10.95,10.37,6.91,11.06,1177.56,1.96,4.2,224.9
2015-05-09 09:00:00,11091600.0,989.88,18.71,292.72,8.47,51.3,21.61,11.09,10.53,7.0,11.2,1176.47,3.07,6.36,205.6
2015-05-09 09:10:00,11092200.0,990.0,18.4,292.4,8.16,51.22,21.2,10.86,10.34,6.85,10.97,1177.96,5.16,7.49,212.6
2015-05-09 09:20:00,11092800.0,990.06,17.87,291.86,8.07,52.62,20.5,10.79,9.71,6.81,10.9,1180.21,3.21,6.47,215.3
2015-05-09 09:30:00,11093400.0,990.04,17.6,291.59,8.0,53.26,20.16,10.74,9.42,6.77,10.84,1181.31,3.62,5.84,228.3
2015-05-09 09:40:00,11094000.0,990.08,17.69,291.68,8.25,53.88,20.27,10.92,9.35,6.89,11.03,1180.91,2.2,4.44,216.1
2015-05-09 09:50:00,11094600.0,990.05,17.91,291.9,8.29,53.27,20.56,10.95,9.61,6.91,11.06,1179.96,3.73,5.68,213.5
2015-05-09 10:00:00,11095200.0,990.02,17.95,291.95,8.32,53.27,20.61,10.98,9.63,6.93,11.09,1179.75,4.13,6.04,216.4
2015-05-09 10:10:00,11095800.0,990.04,18.01,292.0,8.32,53.06,20.69,10.98,9.71,6.92,11.09,1179.54,3.89,6.08,215.0
2015-05-09 10:20:00,11096400.0,990.11,18.11,292.1,8.49,53.32,20.82,11.1,9.72,7.0,11.21,1179.16,3.54,5.92,210.2
2015-05-09 10:30:00,11097000.0,990.17,18.36,292.34,8.6,52.91,21.14,11.19,9.96,7.06,11.3,1178.18,4.43,6.44,223.2
2015-05-09 10:40:00,11097600.0,990.26,18.43,292.41,8.8,53.37,21.24,11.33,9.9,7.15,11.45,1177.94,3.29,5.4,252.2
2015-05-09 10:50:00,11098200.0,990.22,18.22,292.2,8.82,54.16,20.96,11.35,9.61,7.16,11.46,1178.73,3.16,5.72,219.0
2015-05-09 11:00:00,11098800.0,990.21,18.08,292.06,8.89,54.92,20.78,11.41,9.37,7.2,11.52,1179.26,3.98,7.57,214.5
2015-05-09 11:10:00,11099400.0,990.23,17.79,291.77,8.8,55.57,20.4,11.34,9.06,7.15,11.45,1180.49,4.86,6.89,211.0
2015-05-09 11:20:00,11100000.0,990.35,17.52,291.49,8.91,56.97,20.06,11.43,8.63,7.21,11.54,1181.69,3.32,6.12,242.2
2015-05-09 11:30:00,11100600.0,990.39,17.41,291.37,9.05,57.91,19.92,11.53,8.38,7.28,11.65,1182.14,3.04,5.2,250.6
2015-05-09 11:40:00,11101200.0,990.35,17.43,291.4,9.17,58.28,19.94,11.62,8.32,7.33,11.74,1181.97,2.81,5.2,225.3
2015-05-09 11:50:00,11101800.0,990.25,17.51,291.49,9.38,58.83,20.04,11.79,8.25,7.44,11.91,1181.45,3.3,5.34,202.4
2015-05-09 12:00:00,11102400.0,990.15,17.77,291.75,9.51,58.39,20.37,11.9,8.48,7.51,12.02,1180.22,3.67,5.72,200.0
2015-05-09 12:10:00,11103000.0,990.07,18.11,292.1,9.68,57.79,20.82,12.03,8.79,7.59,12.15,1178.69,5.09,7.33,199.7
2015-05-09 12:20:00,11103600.0,989.99,18.48,292.48,9.8,56.92,21.3,12.13,9.18,7.65,12.25,1177.06,4.59,7.2,215.0
2015-05-09 12:30:00,11104200.0,990.04,19.07,293.07,9.8,54.87,22.1,12.13,9.98,7.66,12.25,1174.74,3.89,7.41,223.6
2015-05-09 12:40:00,11104800.0,990.1,18.74,292.73,9.72,55.7,21.65,12.06,9.59,7.61,12.18,1176.17,3.74,5.72,248.9
2015-05-09 12:50:00,11105400.0,990.06,18.9,292.9,9.84,55.62,21.87,12.16,9.71,7.68,12.29,1175.43,3.18,5.44,230.0
2015-05-09 13:00:00,11106000.0,990.04,19.1,293.1,9.77,54.66,22.15,12.11,10.04,7.64,12.23,1174.63,4.33,8.41,222.8
2015-05-09 13:10:00,11106600.0,990.08,19.23,293.22,9.94,54.84,22.33,12.24,10.08,7.73,12.37,1174.09,3.02,5.36,232.5
2015-05-09 13:20:00,11107200.0,990.2,19.31,293.3,10.05,54.98,22.44,12.34,10.1,7.79,12.46,1173.87,3.36,6.28,239.7
2015-05-09 13:30:00,11107800.0,990.12,18.98,292.97,9.85,55.36,21.98,12.17,9.81,7.68,12.29,1175.18,4.11,6.08,212.9
2015-05-09 13:40:00,11108400.0,990.17,19.0,292.99,9.98,55.77,22.01,12.27,9.73,7.75,12.4,1175.11,3.36,7.89,212.9
2015-05-09 13:50:00,11109000.0,990.12,19.12,293.11,9.91,55.1,22.17,12.22,9.96,7.71,12.34,1174.59,3.89,6.48,220.5
2015-05-09 14:00:00,11109600.0,990.21,19.01,292.99,10.06,56.06,22.02,12.35,9.68,7.79,12.47,1175.08,2.57,5.52,254.1
2015-05-09 14:10:00,11110200.0,990.19,18.78,292.76,9.99,56.59,21.71,12.28,9.42,7.75,12.41,1176.01,2.64,6.16,257.1
2015-05-09 14:20:00,11110800.0,990.03,18.81,292.81,9.84,55.91,21.75,12.16,9.59,7.68,12.28,1175.76,3.32,4.76,243.8
2015-05-09 14:30:00,11111400.0,989.87,19.5,293.51,9.87,53.66,22.7,12.18,10.52,7.69,12.31,1172.78,3.03,6.56,221.7
2015-05-09 14:40:00,11112000.0,989.72,19.92,293.95,9.59,51.32,23.3,11.96,11.34,7.55,12.08,1171.03,4.47,7.36,212.6
2015-05-09 14:50:00,11112600.0,989.72,19.84,293.87,9.41,50.96,23.19,11.82,11.37,7.46,11.94,1171.41,3.92,6.6,217.2
2015-05-09 15:00:00,11113200.0,989.72,19.77,293.8,9.47,51.38,23.09,11.86,11.23,7.49,11.99,1171.67,2.95,4.84,247.3
2015-05-09 15:10:00,11113800.0,989.73,20.06,294.09,9.77,51.51,23.51,12.11,11.4,7.65,12.23,1170.41,2.2,4.08,223.0
2015-05-09 15:20:00,11114400.0,989.74,20.05,294.08,9.25,49.77,23.49,11.69,11.8,7.38,11.81,1170.65,4.64,8.21,229.9
2015-05-09 15:30:00,11115000.0,989.83,19.79,293.81,9.18,50.34,23.12,11.64,11.48,7.35,11.76,1171.82,5.37,8.93,223.3
2015-05-09 15:40:00,11115600.0,990.06,19.3,293.3,9.43,52.76,22.42,11.83,10.59,7.47,11.95,1173.97,5.66,9.73,215.5
2015-05-09 15:50:00,11116200.0,990.08,18.56,292.55,9.06,53.89,21.41,11.54,9.87,7.28,11.65,1177.11,6.44,10.17,210.9
2015-05-09 16:00:00,11116800.0,990.12,18.51,292.5,9.02,53.92,21.34,11.51,9.84,7.26,11.62,1177.37,4.61,6.85,213.6
2015-05-09 16:10:00,11117400.0,990.29,18.56,292.54,9.21,54.44,21.41,11.66,9.76,7.35,11.77,1177.3,2.04,6.85,287.3
2015-05-09 16:20:00,11118000.0,990.26,18.5,292.48,9.7,56.48,21.33,12.05,9.28,7.6,12.17,1177.33,0.51,1.68,4.09
2015-05-09 16:30:00,11118600.0,990.16,18.59,292.58,9.98,57.23,21.45,12.28,9.17,7.75,12.4,1176.75,0.75,2.16,328.6
2015-05-09 16:40:00,11119200.0,990.09,18.52,292.51,10.09,57.9,21.36,12.37,8.99,7.81,12.49,1176.91,1.0,2.04,2.2
2015-05-09 16:50:00,11119800.0,990.03,18.22,292.22,10.1,59.05,20.96,12.38,8.58,7.81,12.5,1178.04,1.26,2.28,6.83
2015-05-09 17:00:00,11120400.0,990.13,18.07,292.06,10.24,60.19,20.76,12.5,8.27,7.89,12.62,1178.71,0.84,1.72,325.0
2015-05-09 17:10:00,11121000.0,990.05,18.28,292.27,10.4,60.04,21.04,12.63,8.41,7.97,12.76,1177.71,0.7,1.2,16.86
2015-05-09 17:20:00,11121600.0,989.97,18.03,292.03,10.38,60.9,20.71,12.61,8.1,7.96,12.74,1178.63,0.83,1.32,50.83
2015-05-09 17:30:00,11122200.0,989.89,17.97,291.98,10.35,60.98,20.63,12.58,8.05,7.94,12.71,1178.79,1.03,2.04,141.7
2015-05-09 17:40:00,11122800.0,989.82,18.17,292.18,10.49,60.79,20.89,12.7,8.19,8.02,12.83,1177.84,0.87,1.6,178.6
2015-05-09 17:50:00,11123400.0,989.77,18.2,292.22,10.76,61.78,20.93,12.93,8.0,8.17,13.07,1177.56,0.62,1.44,279.2
2015-05-09 18:00:00,11124000.0,989.67,18.25,292.28,11.02,62.68,21.0,13.16,7.84,8.31,13.3,1177.13,0.25,0.88,52.22
2015-05-09 18:10:00,11124600.0,989.7,18.08,292.1,11.1,63.69,20.78,13.23,7.54,8.36,13.37,1177.82,0.22,0.48,310.5
2015-05-09 18:20:00,11125200.0,990.15,17.5,291.48,10.64,64.07,20.03,12.83,7.2,8.1,12.96,1180.9,4.22,14.01,231.7
2015-05-09 18:30:00,11125800.0,990.48,13.77,287.72,9.86,77.2,15.77,12.18,3.6,7.68,12.29,1196.95,3.72,7.2,243.0
2015-05-09 18:40:00,11126400.0,990.57,13.23,287.17,10.07,81.1,15.23,12.35,2.88,7.79,12.47,1199.24,3.37,4.4,257.4
2015-05-09 18:50:00,11127000.0,990.45,13.34,287.29,10.28,81.7,15.34,12.53,2.81,7.91,12.65,1198.55,3.25,4.46,252.0
2015-05-09 19:00:00,11127600.0,990.49,13.26,287.2,10.53,83.5,15.26,12.74,2.52,8.04,12.86,1198.83,2.59,3.92,242.5
2015-05-09 19:10:00,11128200.0,990.6,12.97,286.9,10.69,86.0,14.97,12.87,2.1,8.12,13.0,1200.12,2.29,2.84,239.0
2015-05-09 19:20:00,11128800.0,990.63,12.75,286.68,10.44,85.8,14.75,12.66,2.1,7.99,12.78,1201.18,2.34,3.6,246.7
2015-05-09 19:30:00,11129400.0,990.61,12.83,286.76,10.22,84.1,14.83,12.47,2.36,7.87,12.59,1200.9,2.56,3.56,253.2
2015-05-09 19:40:00,11130000.0,990.75,13.08,287.0,10.23,82.8,15.08,12.48,2.59,7.87,12.6,1200.02,2.99,4.04,256.9
2015-05-09 19:50:00,11130600.0,990.89,13.61,287.52,10.25,80.1,15.61,12.5,3.11,7.89,12.62,1197.97,3.07,3.84,257.9
2015-05-09 20:00:00,11131200.0,991.15,13.78,287.67,10.32,79.6,15.78,12.56,3.22,7.92,12.67,1197.54,2.52,3.42,261.0
2015-05-09 20:10:00,11131800.0,991.52,13.73,287.59,10.35,80.0,15.73,12.58,3.15,7.93,12.69,1198.19,2.22,3.56,255.3
2015-05-09 20:20:00,11132400.0,991.89,13.73,287.56,10.14,78.9,15.73,12.41,3.32,7.82,12.51,1198.72,2.89,5.17,243.2
2015-05-09 20:30:00,11133000.0,992.1,13.62,287.43,9.81,77.7,15.62,12.14,3.48,7.64,12.23,1199.56,3.4,6.49,252.6
2015-05-09 20:40:00,11133600.0,992.58,13.25,287.02,9.45,77.7,15.25,11.85,3.4,7.46,11.93,1201.83,5.0,8.53,257.4
2015-05-09 20:50:00,11134200.0,992.98,12.81,286.55,9.38,79.6,14.81,11.79,3.02,7.42,11.87,1204.19,3.37,5.99,251.2
2015-05-09 21:00:00,11134800.0,993.23,12.5,286.22,9.44,81.6,14.51,11.84,2.67,7.45,11.92,1205.78,3.18,5.85,253.9
2015-05-09 21:10:00,11135400.0,993.25,12.31,286.02,9.49,82.9,14.33,11.88,2.45,7.48,11.96,1206.58,2.23,4.2,251.5
2015-05-09 21:20:00,11136000.0,993.23,12.15,285.87,9.55,84.1,14.18,11.93,2.26,7.5,12.01,1207.21,2.49,4.2,253.7
2015-05-09 21:30:00,11136600.0,993.18,12.08,285.8,9.55,84.5,14.12,11.93,2.19,7.51,12.01,1207.45,1.94,2.84,253.0
2015-05-09 21:40:00,11137200.0,993.11,12.12,285.85,9.5,84.0,14.16,11.89,2.26,7.48,11.97,1207.21,1.78,2.96,252.9
2015-05-09 21:50:00,11137800.0,993.26,12.02,285.73,9.44,84.2,14.06,11.84,2.22,7.45,11.92,1207.85,1.94,2.92,258.8
2015-05-09 22:00:00,11138400.0,993.31,11.87,285.58,9.42,84.9,13.92,11.82,2.1,7.44,11.9,1208.56,2.54,3.58,248.8
2015-05-09 22:10:00,11139000.0,993.37,11.74,285.44,9.41,85.6,13.8,11.82,1.99,7.43,11.9,1209.18,2.11,3.14,241.7
2015-05-09 22:20:00,11139600.0,993.4,11.7,285.4,9.3,85.2,13.77,11.73,2.04,7.38,11.81,1209.43,1.94,3.08,237.7
2015-05-09 22:30:00,11140200.0,993.59,11.61,285.29,9.23,85.3,13.69,11.67,2.01,7.34,11.75,1210.07,2.2,3.4,236.1
2015-05-09 22:40:00,11140800.0,993.64,11.62,285.3,9.07,84.3,13.7,11.55,2.15,7.26,11.62,1210.14,1.85,3.3,234.4
2015-05-09 22:50:00,11141400.0,993.74,11.67,285.34,9.05,83.9,13.74,11.53,2.21,7.25,11.6,1210.06,1.7,2.64,248.9
2015-05-09 23:00:00,11142000.0,993.73,11.72,285.39,8.94,83.0,13.79,11.44,2.34,7.19,11.51,1209.87,2.06,3.4,232.2
2015-05-09 23:10:00,11142600.0,993.93,11.69,285.35,8.87,82.8,13.76,11.39,2.37,7.16,11.46,1210.27,1.59,3.2,236.3
2015-05-09 23:20:00,11143200.0,993.92,11.87,285.53,8.69,80.8,13.92,11.25,2.67,7.07,11.32,1209.55,1.96,2.76,237.9
2015-05-09 23:30:00,11143800.0,993.91,11.93,285.59,8.56,79.8,13.98,11.16,2.82,7.01,11.22,1209.33,2.2,3.92,235.7
2015-05-09 23:40:00,11144400.0,993.99,11.88,285.53,8.46,79.5,13.93,11.08,2.86,6.96,11.14,1209.68,1.79,3.12,234.3
2015-05-09 23:50:00,11145000.0,993.94,11.71,285.37,8.4,80.1,13.78,11.04,2.74,6.94,11.1,1210.36,1.8,3.92,224.8
2015-05-10 00:00:00,11145600.0,993.99,11.57,285.22,8.3,80.3,13.65,10.96,2.69,6.89,11.03,1211.05,2.78,4.32,232.6
2015-05-10 00:10:00,11146200.0,994.05,11.29,284.94,8.23,81.4,13.4,10.91,2.49,6.85,10.97,1212.35,2.07,3.56,233.1
2015-05-10 00:20:00,11146800.0,994.06,11.1,284.74,8.17,82.1,13.23,10.86,2.37,6.83,10.93,1213.19,1.96,3.36,238.4
2015-05-10 00:30:00,11147400.0,994.17,11.01,284.65,8.12,82.3,13.15,10.82,2.33,6.8,10.89,1213.73,1.74,2.8,239.1
2015-05-10 00:40:00,11148000.0,994.28,11.0,284.63,8.0,81.7,13.14,10.74,2.41,6.75,10.8,1213.94,1.05,2.04,251.0
2015-05-10 00:50:00,11148600.0,994.28,11.01,284.64,7.88,81.0,13.15,10.65,2.5,6.69,10.71,1213.94,0.99,2.14,245.4
2015-05-10 01:00:00,11149200.0,994.29,10.91,284.54,7.82,81.2,13.06,10.61,2.46,6.66,10.67,1214.4,1.83,3.4,235.0
2015-05-10 01:10:00,11149800.0,994.34,10.89,284.51,7.75,80.9,13.05,10.56,2.49,6.63,10.62,1214.57,2.29,4.85,231.9
2015-05-10 01:20:00,11150400.0,994.43,10.97,284.58,7.68,80.1,13.12,10.51,2.61,6.6,10.57,1214.36,1.81,3.2,240.3
2015-05-10 01:30:00,11151000.0,994.59,11.05,284.65,7.67,79.6,13.19,10.5,2.69,6.59,10.55,1214.22,1.19,3.64,258.9
2015-05-10 01:40:00,11151600.0,994.83,11.15,284.73,7.69,79.2,13.28,10.51,2.76,6.6,10.57,1214.08,1.77,3.76,252.1
2015-05-10 01:50:00,11152200.0,994.99,11.47,285.04,7.72,77.7,13.56,10.54,3.02,6.61,10.59,1212.9,2.67,4.69,253.6
2015-05-10 02:00:00,11152800.0,995.06,11.54,285.1,7.85,78.0,13.62,10.63,3.0,6.67,10.68,1212.65,1.96,3.2,250.2
2015-05-10 02:10:00,11153400.0,995.14,11.43,284.99,7.94,79.1,13.52,10.7,2.83,6.71,10.75,1213.18,1.19,2.4,259.7
2015-05-10 02:20:00,11154000.0,995.17,11.26,284.81,7.94,80.0,13.37,10.7,2.67,6.71,10.75,1213.94,0.98,1.68,235.5
2015-05-10 02:30:00,11154600.0,995.24,11.2,284.75,7.9,80.1,13.32,10.67,2.65,6.69,10.72,1214.29,0.91,1.8,214.6
2015-05-10 02:40:00,11155200.0,995.22,11.2,284.75,7.85,79.8,13.32,10.63,2.69,6.67,10.68,1214.28,0.8,2.24,227.5
2015-05-10 02:50:00,11155800.0,995.16,11.15,284.7,7.87,80.2,13.28,10.65,2.63,6.68,10.7,1214.42,0.94,1.64,210.4
2015-05-10 03:00:00,11156400.0,995.15,11.2,284.76,7.87,79.9,13.32,10.64,2.68,6.68,10.69,1214.2,0.69,1.92,210.0
2015-05-10 03:10:00,11157000.0,995.13,11.16,284.72,7.88,80.2,13.28,10.65,2.63,6.69,10.71,1214.33,0.58,1.16,191.3
2015-05-10 03:20:00,11157600.0,995.12,11.04,284.6,7.86,80.7,13.18,10.63,2.54,6.67,10.69,1214.85,0.72,1.52,230.4
2015-05-10 03:30:00,11158200.0,995.12,10.97,284.53,7.84,81.0,13.12,10.62,2.49,6.67,10.68,1215.15,0.37,0.88,179.7
2015-05-10 03:40:00,11158800.0,995.21,10.84,284.39,7.81,81.5,13.0,10.6,2.41,6.65,10.65,1215.83,1.4,1.92,204.9
2015-05-10 03:50:00,11159400.0,995.3,10.71,284.25,7.75,81.9,12.89,10.56,2.33,6.62,10.61,1216.52,1.99,2.8,218.8
2015-05-10 04:00:00,11160000.0,995.38,10.56,284.1,7.78,82.9,12.76,10.58,2.18,6.64,10.63,1217.25,2.3,3.12,217.4
2015-05-10 04:10:00,11160600.0,995.45,10.5,284.03,7.78,83.2,12.71,10.58,2.14,6.64,10.63,1217.59,1.91,3.0,226.6
2015-05-10 04:20:00,11161200.0,995.51,10.45,283.97,7.82,83.7,12.67,10.6,2.07,6.65,10.65,1217.87,1.49,2.48,223.6
2015-05-10 04:30:00,11161800.0,995.57,10.35,283.87,7.81,84.2,12.59,10.6,1.99,6.65,10.64,1218.38,1.4,2.24,223.2
2015-05-10 04:40:00,11162400.0,995.63,10.26,283.78,7.75,84.4,12.51,10.56,1.95,6.62,10.6,1218.86,1.47,2.8,225.3
2015-05-10 04:50:00,11163000.0,995.67,10.31,283.82,7.75,84.1,12.55,10.56,2.0,6.62,10.6,1218.69,1.12,2.12,214.0
2015-05-10 05:00:00,11163600.0,995.76,10.5,284.0,7.71,82.8,12.71,10.53,2.19,6.6,10.57,1218.0,1.76,2.8,222.3
2015-05-10 05:10:00,11164200.0,995.87,10.73,284.23,7.7,81.5,12.91,10.52,2.39,6.6,10.56,1217.14,2.12,2.96,229.8
2015-05-10 05:20:00,11164800.0,995.98,10.94,284.43,7.74,80.6,13.09,10.55,2.54,6.62,10.59,1216.37,2.16,3.6,242.0
2015-05-10 05:30:00,11165400.0,996.06,11.37,284.85,7.72,78.2,13.47,10.53,2.94,6.6,10.58,1214.64,2.15,3.48,232.4
2015-05-10 05:40:00,11166000.0,996.23,11.51,284.98,7.69,77.3,13.6,10.51,3.09,6.59,10.55,1214.26,2.19,3.88,237.8
2015-05-10 05:50:00,11166600.0,996.31,11.53,284.99,7.7,77.3,13.61,10.52,3.09,6.6,10.56,1214.27,2.12,4.32,241.0
2015-05-10 06:00:00,11167200.0,996.36,11.54,285.0,7.7,77.2,13.62,10.52,3.11,6.59,10.56,1214.29,2.0,4.24,233.1
2015-05-10 06:10:00,11167800.0,996.32,11.63,285.09,7.69,76.7,13.7,10.51,3.19,6.59,10.55,1213.86,1.88,4.1,248.1
2015-05-10 06:20:00,11168400.0,996.33,11.69,285.15,7.67,76.3,13.76,10.5,3.26,6.58,10.54,1213.62,2.4,3.56,241.9
2015-05-10 06:30:00,11169000.0,996.39,11.75,285.2,7.67,76.0,13.81,10.5,3.32,6.58,10.54,1213.44,1.85,4.81,248.1
2015-05-10 06:40:00,11169600.0,996.51,11.84,285.29,7.48,74.6,13.9,10.37,3.53,6.5,10.4,1213.26,2.39,4.16,255.8
2015-05-10 06:50:00,11170200.0,996.59,11.88,285.32,7.5,74.5,13.93,10.38,3.55,6.5,10.42,1213.19,2.67,5.25,249.8
2015-05-10 07:00:00,11170800.0,996.65,11.95,285.38,7.55,74.4,14.0,10.41,3.58,6.53,10.45,1212.94,2.56,4.81,252.3
2015-05-10 07:10:00,11171400.0,996.75,12.05,285.48,7.53,73.8,14.09,10.4,3.69,6.51,10.43,1212.64,2.9,5.73,255.3
2015-05-10 07:20:00,11172000.0,996.85,12.13,285.55,7.25,72.0,14.16,10.2,3.97,6.39,10.23,1212.53,2.94,5.57,261.6
2015-05-10 07:30:00,11172600.0,996.97,12.28,285.69,7.19,71.0,14.31,10.16,4.15,6.36,10.19,1212.05,2.91,5.41,256.2
2015-05-10 07:40:00,11173200.0,996.98,12.36,285.77,7.12,70.3,14.38,10.11,4.27,6.33,10.14,1211.75,3.13,6.41,256.5
2015-05-10 07:50:00,11173800.0,997.06,12.53,285.93,7.39,70.8,14.54,10.3,4.25,6.45,10.33,1211.03,2.43,5.05,240.6
2015-05-10 08:00:00,11174400.0,997.22,12.83,286.22,7.21,68.58,14.83,10.17,4.66,6.37,10.2,1210.01,3.1,8.01,263.4
2015-05-10 08:10:00,11175000.0,997.34,13.08,286.46,7.29,67.84,15.08,10.23,4.85,6.4,10.26,1209.07,2.65,5.89,242.3
2015-05-10 08:20:00,11175600.0,997.39,13.17,286.54,7.19,66.97,15.17,10.16,5.01,6.36,10.18,1208.79,3.44,6.83,263.3
2015-05-10 08:30:00,11176200.0,997.47,13.21,286.58,6.99,65.89,15.21,10.02,5.19,6.27,10.04,1208.78,3.35,7.81,263.8
2015-05-10 08:40:00,11176800.0,997.5,13.37,286.73,7.11,65.75,15.37,10.1,5.26,6.32,10.13,1208.11,2.23,4.77,262.9
2015-05-10 08:50:00,11177400.0,997.66,13.84,287.19,7.19,64.14,15.84,10.16,5.68,6.36,10.19,1206.3,2.75,5.29,265.3
2015-05-10 09:00:00,11178000.0,997.72,13.96,287.31,6.94,62.54,15.97,9.99,5.98,6.25,10.01,1205.94,4.26,8.87,249.7
2015-05-10 09:10:00,11178600.0,997.85,14.14,287.48,6.76,61.06,16.15,9.86,6.29,6.17,9.89,1205.41,3.44,7.01,257.9
2015-05-10 09:20:00,11179200.0,997.88,14.18,287.51,6.82,61.15,16.2,9.9,6.29,6.2,9.93,1205.26,3.04,5.85,256.7
2015-05-10 09:30:00,11179800.0,997.93,14.18,287.51,7.21,62.79,16.2,10.17,6.03,6.36,10.19,1205.2,3.12,6.77,277.5
2015-05-10 09:40:00,11180400.0,998.08,14.4,287.72,7.54,63.33,16.43,10.4,6.02,6.51,10.42,1204.34,2.07,5.53,266.6
2015-05-10 09:50:00,11181000.0,998.08,14.92,288.24,7.09,59.4,16.99,10.09,6.9,6.31,10.11,1202.32,2.45,5.65,254.2
2015-05-10 10:00:00,11181600.0,998.13,15.19,288.5,6.87,57.49,17.29,9.94,7.35,6.22,9.96,1201.32,3.26,5.45,258.8
2015-05-10 10:10:00,11182200.0,998.17,14.77,288.08,6.93,59.31,16.83,9.98,6.85,6.24,10.0,1203.1,2.63,5.33,284.8
2015-05-10 10:20:00,11182800.0,998.16,15.05,288.36,6.53,56.65,17.13,9.71,7.43,6.07,9.72,1202.05,2.66,5.2,269.1
2015-05-10 10:30:00,11183400.0,998.17,15.42,288.73,6.13,53.81,17.55,9.44,8.1,5.9,9.46,1200.63,3.27,7.49,259.0
2015-05-10 10:40:00,11184000.0,998.28,15.59,288.89,5.99,52.71,17.74,9.35,8.39,5.85,9.37,1200.1,2.76,4.88,275.5
2015-05-10 10:50:00,11184600.0,998.34,15.61,288.91,6.03,52.81,17.76,9.38,8.38,5.86,9.4,1200.08,2.86,5.32,270.5
2015-05-10 11:00:00,11185200.0,998.36,15.76,289.06,5.56,50.63,17.93,9.08,8.85,5.68,9.09,1199.62,3.0,6.77,266.7
2015-05-10 11:10:00,11185800.0,998.29,16.21,289.51,5.8,50.02,18.46,9.23,9.22,5.77,9.25,1197.6,3.15,7.81,251.1
2015-05-10 11:20:00,11186400.0,998.32,16.0,289.3,5.44,49.43,18.21,9.0,9.21,5.63,9.02,1198.61,2.65,5.88,267.8
2015-05-10 11:30:00,11187000.0,998.37,15.87,289.16,5.4,49.7,18.06,8.98,9.08,5.61,8.99,1199.23,3.11,5.72,274.0
2015-05-10 11:40:00,11187600.0,998.43,16.25,289.54,5.23,47.94,18.5,8.87,9.63,5.54,8.88,1197.77,3.1,6.32,246.7
2015-05-10 11:50:00,11188200.0,998.56,16.29,289.57,5.37,48.29,18.55,8.96,9.59,5.6,8.97,1197.72,2.07,4.98,285.9
2015-05-10 12:00:00,11188800.0,998.6,16.31,289.59,5.21,47.68,18.57,8.86,9.72,5.53,8.87,1197.73,3.27,6.06,279.2
2015-05-10 12:10:00,11189400.0,998.51,16.34,289.62,5.29,47.87,18.61,8.91,9.7,5.57,8.92,1197.47,3.3,6.48,251.0
2015-05-10 12:20:00,11190000.0,998.51,16.35,289.63,5.15,47.37,18.62,8.82,9.8,5.51,8.83,1197.47,3.35,5.76,264.9
2015-05-10 12:30:00,11190600.0,998.57,16.36,289.64,5.16,47.37,18.63,8.83,9.81,5.52,8.84,1197.5,3.07,5.56,265.0
2015-05-10 12:40:00,11191200.0,998.62,16.71,289.98,5.13,46.23,19.05,8.81,10.24,5.5,8.82,1196.12,2.51,5.12,273.0
2015-05-10 12:50:00,11191800.0,998.73,16.87,290.14,5.19,45.96,19.25,8.85,10.4,5.53,8.86,1195.58,3.39,6.32,282.3
2015-05-10 13:00:00,11192400.0,998.68,16.83,290.1,4.79,44.81,19.2,8.6,10.6,5.38,8.61,1195.8,2.63,4.82,275.6
2015-05-10 13:10:00,11193000.0,998.82,16.92,290.18,4.45,43.51,19.31,8.4,10.91,5.25,8.41,1195.69,3.43,6.79,276.8
2015-05-10 13:20:00,11193600.0,998.85,17.09,290.35,3.1,39.13,19.52,7.64,11.88,4.77,7.65,1195.37,2.63,5.2,298.0
2015-05-10 13:30:00,11194200.0,998.95,17.0,290.25,2.56,37.86,19.41,7.35,12.06,4.59,7.36,1195.98,2.98,7.55,298.3
2015-05-10 13:40:00,11194800.0,998.98,17.3,290.55,2.82,37.85,19.78,7.49,12.29,4.67,7.49,1194.72,2.51,6.04,270.1
2015-05-10 13:50:00,11195400.0,998.98,17.35,290.6,2.16,35.98,19.84,7.14,12.7,4.46,7.15,1194.67,3.21,7.25,299.2
2015-05-10 14:00:00,11196000.0,999.07,17.46,290.7,2.3,36.1,19.98,7.21,12.77,4.5,7.22,1194.29,3.52,7.65,273.4
2015-05-10 14:10:00,11196600.0,998.98,17.45,290.7,2.21,35.89,19.97,7.17,12.8,4.47,7.17,1194.25,3.33,7.69,295.4
2015-05-10 14:20:00,11197200.0,998.91,17.7,290.95,2.23,35.37,20.29,7.17,13.11,4.48,7.18,1193.13,2.26,4.78,262.2
2015-05-10 14:30:00,11197800.0,998.87,17.84,291.09,1.95,34.36,20.46,7.03,13.43,4.39,7.04,1192.58,2.4,6.16,269.3
2015-05-10 14:40:00,11198400.0,998.87,17.73,290.98,1.79,34.22,20.32,6.95,13.37,4.34,6.96,1193.07,3.15,6.26,279.3
2015-05-10 14:50:00,11199000.0,998.96,17.63,290.88,1.67,34.14,20.2,6.89,13.3,4.3,6.9,1193.61,3.55,7.77,288.2
2015-05-10 15:00:00,11199600.0,998.91,17.58,290.83,2.42,36.12,20.13,7.27,12.86,4.54,7.28,1193.59,3.24,6.04,257.5
2015-05-10 15:10:00,11200200.0,998.93,17.76,291.01,2.73,36.51,20.36,7.43,12.93,4.64,7.44,1192.79,2.54,4.96,288.7
2015-05-10 15:20:00,11200800.0,998.93,18.03,291.28,3.01,36.64,20.71,7.59,13.12,4.74,7.6,1191.63,2.48,5.56,293.4
2015-05-10 15:30:00,11201400.0,999.05,18.0,291.24,2.8,36.16,20.67,7.47,13.2,4.67,7.48,1191.94,2.29,4.84,305.3
2015-05-10 15:40:00,11202000.0,999.12,17.9,291.13,2.72,36.18,20.54,7.43,13.11,4.64,7.44,1192.45,2.2,5.76,329.1
2015-05-10 15:50:00,11202600.0,999.07,17.64,290.88,3.1,37.77,20.21,7.63,12.58,4.77,7.64,1193.37,1.99,5.84,31.36
2015-05-10 16:00:00,11203200.0,999.1,17.85,291.09,3.33,37.89,20.48,7.76,12.72,4.84,7.77,1192.48,2.27,4.2,282.4
2015-05-10 16:10:00,11203800.0,999.17,17.69,290.92,3.51,38.76,20.27,7.86,12.41,4.91,7.86,1193.18,2.12,4.36,347.6
2015-05-10 16:20:00,11204400.0,999.24,17.66,290.88,3.39,38.52,20.23,7.79,12.44,4.87,7.8,1193.42,2.4,5.74,323.6
2015-05-10 16:30:00,11205000.0,999.29,17.32,290.54,3.23,38.9,19.8,7.7,12.1,4.81,7.71,1194.91,1.98,4.66,304.5
2015-05-10 16:40:00,11205600.0,999.31,17.54,290.76,3.14,38.14,20.08,7.66,12.42,4.78,7.66,1194.05,1.29,3.6,1.12
2015-05-10 16:50:00,11206200.0,999.35,17.54,290.75,2.97,37.67,20.08,7.56,12.52,4.72,7.57,1194.14,1.76,4.2,350.9
2015-05-10 17:00:00,11206800.0,999.32,17.82,291.04,2.92,36.88,20.44,7.54,12.9,4.71,7.54,1192.97,1.39,3.36,221.0
2015-05-10 17:10:00,11207400.0,999.29,17.99,291.21,2.7,35.92,20.66,7.42,13.24,4.63,7.43,1192.3,1.19,3.76,327.4
2015-05-10 17:20:00,11208000.0,999.3,18.21,291.43,3.1,36.44,20.95,7.63,13.31,4.76,7.64,1191.31,0.82,2.34,230.0
2015-05-10 17:30:00,11208600.0,999.32,18.27,291.49,3.33,36.9,21.03,7.76,13.27,4.84,7.76,1191.03,1.19,3.36,206.5
2015-05-10 17:40:00,11209200.0,999.4,17.94,291.15,2.86,36.45,20.59,7.51,13.09,4.69,7.51,1192.59,1.12,3.28,31.02
2015-05-10 17:50:00,11209800.0,999.38,17.85,291.06,2.98,36.96,20.48,7.57,12.91,4.72,7.57,1192.91,1.5,2.88,1.45
2015-05-10 18:00:00,11210400.0,999.38,17.51,290.72,3.13,38.16,20.04,7.65,12.39,4.77,7.65,1194.26,1.58,3.8,2.86
2015-05-10 18:10:00,11211000.0,999.51,17.5,290.7,3.33,38.74,20.03,7.76,12.27,4.84,7.76,1194.41,0.92,2.8,339.6
2015-05-10 18:20:00,11211600.0,999.5,17.47,290.67,3.54,39.39,19.99,7.88,12.12,4.92,7.88,1194.48,0.88,2.06,304.9
2015-05-10 18:30:00,11212200.0,999.54,17.17,290.37,3.57,40.24,19.62,7.89,11.72,4.93,7.9,1195.74,0.89,2.44,283.8
2015-05-10 18:40:00,11212800.0,999.43,16.33,289.54,3.42,42.0,18.6,7.81,10.79,4.88,7.82,1199.12,0.72,1.54,255.5
2015-05-10 18:50:00,11213400.0,999.53,15.86,289.06,3.44,43.34,18.05,7.82,10.23,4.88,7.83,1201.19,0.76,1.56,227.8
2015-05-10 19:00:00,11214000.0,999.64,15.59,288.78,3.42,44.02,17.74,7.81,9.93,4.87,7.81,1202.45,0.62,2.2,260.2
2015-05-10 19:10:00,11214600.0,999.68,15.46,288.65,3.22,43.76,17.59,7.7,9.89,4.8,7.7,1203.09,0.82,1.76,302.0
2015-05-10 19:20:00,11215200.0,999.75,15.17,288.35,3.43,45.27,17.27,7.82,9.45,4.88,7.82,1204.33,1.22,3.04,345.1
2015-05-10 19:30:00,11215800.0,999.94,14.64,287.81,4.53,50.61,16.69,8.44,8.24,5.27,8.45,1206.48,2.72,4.96,20.38
2015-05-10 19:40:00,11216400.0,1000.06,14.35,287.51,4.75,52.38,16.38,8.58,7.8,5.35,8.58,1207.79,2.26,3.56,26.59
2015-05-10 19:50:00,11217000.0,1000.14,14.19,287.34,4.74,52.9,16.21,8.57,7.63,5.35,8.57,1208.56,1.94,3.4,25.55
2015-05-10 20:00:00,11217600.0,1000.3,13.83,286.97,4.74,54.13,15.83,8.57,7.26,5.35,8.57,1210.28,1.27,1.88,25.49
2015-05-10 20:10:00,11218200.0,1000.46,13.64,286.76,4.68,54.57,15.64,8.53,7.1,5.32,8.53,1211.28,1.24,1.84,354.7
2015-05-10 20:20:00,11218800.0,1000.51,13.43,286.55,4.55,54.82,15.43,8.46,6.97,5.27,8.45,1212.27,1.31,1.92,7.85
2015-05-10 20:30:00,11219400.0,1000.56,13.28,286.39,4.43,54.92,15.28,8.39,6.89,5.23,8.38,1212.99,1.78,2.64,358.1
2015-05-10 20:40:00,11220000.0,1000.66,13.18,286.29,4.3,54.77,15.18,8.31,6.86,5.18,8.31,1213.58,1.91,2.56,0.18
2015-05-10 20:50:00,11220600.0,1000.75,13.05,286.15,4.23,54.96,15.05,8.27,6.78,5.16,8.26,1214.26,1.33,1.84,2.87
2015-05-10 21:00:00,11221200.0,1000.83,12.64,285.73,4.3,56.72,14.65,8.31,6.34,5.18,8.3,1216.08,0.72,1.44,290.1
2015-05-10 21:10:00,11221800.0,1000.89,12.26,285.35,4.13,57.49,14.29,8.21,6.07,5.12,8.21,1217.82,0.42,0.88,357.3
2015-05-10 21:20:00,11222400.0,1001.03,12.42,285.5,4.18,57.09,14.44,8.24,6.2,5.14,8.23,1217.29,0.94,1.48,33.82
2015-05-10 21:30:00,11223000.0,1001.14,12.36,285.43,4.28,57.69,14.38,8.3,6.08,5.17,8.29,1217.66,0.94,1.64,31.47
2015-05-10 21:40:00,11223600.0,1001.15,11.72,284.79,4.26,60.1,13.79,8.29,5.5,5.16,8.28,1220.41,0.43,0.68,179.7
2015-05-10 21:50:00,11224200.0,1001.2,11.44,284.5,4.2,60.98,13.53,8.25,5.28,5.14,8.24,1221.69,0.27,0.8,338.4
2015-05-10 22:00:00,11224800.0,1001.39,11.22,284.27,4.37,62.64,13.34,8.35,4.98,5.21,8.34,1222.81,0.39,0.76,24.75
2015-05-10 22:10:00,11225400.0,1001.52,11.0,284.04,4.41,63.73,13.14,8.38,4.77,5.22,8.36,1223.91,0.48,1.0,14.22
2015-05-10 22:20:00,11226000.0,1001.61,10.85,283.88,4.59,65.17,13.01,8.48,4.53,5.28,8.47,1224.62,0.56,1.16,102.6
2015-05-10 22:30:00,11226600.0,1001.64,10.25,283.28,4.6,67.91,12.5,8.49,4.01,5.29,8.48,1227.25,0.27,0.72,237.6
2015-05-10 22:40:00,11227200.0,1001.65,10.01,283.04,4.4,68.03,12.3,8.37,3.93,5.21,8.36,1228.36,0.72,2.04,212.6
2015-05-10 22:50:00,11227800.0,1001.65,9.93,282.96,4.1,66.97,12.24,8.19,4.04,5.1,8.18,1228.78,1.73,2.32,217.4
2015-05-10 23:00:00,11228400.0,1001.55,9.98,283.01,4.23,67.34,12.28,8.27,4.01,5.15,8.25,1228.41,1.38,1.8,224.2
2015-05-10 23:10:00,11229000.0,1001.54,10.03,283.07,4.22,67.11,12.32,8.27,4.05,5.15,8.25,1228.18,0.56,1.5,218.9
2015-05-10 23:20:00,11229600.0,1001.53,9.87,282.91,4.4,68.68,12.19,8.37,3.82,5.21,8.36,1228.81,0.59,1.08,91.0
2015-05-10 23:30:00,11230200.0,1001.51,9.28,282.32,4.35,71.2,11.71,8.34,3.37,5.2,8.33,1231.38,0.35,1.24,192.8
2015-05-10 23:40:00,11230800.0,1001.5,8.73,281.77,3.86,71.4,11.28,8.06,3.23,5.02,8.05,1233.89,1.51,2.08,210.9
2015-05-10 23:50:00,11231400.0,1001.41,8.51,281.56,4.16,74.0,11.12,8.23,2.89,5.13,8.22,1234.67,0.69,1.32,212.0
2015-05-11 00:00:00,11232000.0,1001.51,8.46,281.5,4.3,75.0,11.08,8.31,2.77,5.18,8.3,1234.97,1.07,1.44,226.2
2015-05-11 00:10:00,11232600.0,1001.49,8.44,281.48,4.2,74.6,11.06,8.25,2.81,5.14,8.24,1235.06,0.69,1.16,174.6
2015-05-11 00:20:00,11233200.0,1001.46,8.36,281.4,4.24,75.2,11.0,8.28,2.73,5.16,8.26,1235.36,0.28,0.52,27.4
2015-05-11 00:30:00,11233800.0,1001.45,7.94,280.98,4.08,76.5,10.69,8.18,2.51,5.1,8.17,1237.24,0.48,0.9,214.1
2015-05-11 00:40:00,11234400.0,1001.36,7.7,280.75,3.96,77.1,10.52,8.11,2.41,5.05,8.1,1238.22,0.43,0.72,212.1
2015-05-11 00:50:00,11235000.0,1001.33,7.87,280.92,3.95,76.2,10.64,8.11,2.53,5.05,8.1,1237.43,0.36,0.74,164.2
2015-05-11 01:00:00,11235600.0,1001.4,7.53,280.58,3.83,77.3,10.4,8.04,2.36,5.01,8.03,1239.06,0.85,1.66,210.5
2015-05-11 01:10:00,11236200.0,1001.41,7.42,280.47,3.74,77.4,10.32,7.99,2.33,4.98,7.98,1239.58,0.87,1.52,202.1
2015-05-11 01:20:00,11236800.0,1001.39,7.27,280.32,3.76,78.3,10.22,8.0,2.22,4.98,7.99,1240.2,0.83,1.24,195.7
2015-05-11 01:30:00,11237400.0,1001.35,7.24,280.29,3.89,79.2,10.19,8.07,2.12,5.03,8.06,1240.25,0.74,1.22,204.7
2015-05-11 01:40:00,11238000.0,1001.27,7.16,280.22,3.72,78.7,10.14,7.98,2.16,4.97,7.97,1240.56,1.17,1.72,214.9
2015-05-11 01:50:00,11238600.0,1001.28,7.12,280.18,3.67,78.6,10.11,7.95,2.16,4.95,7.94,1240.75,1.26,1.72,192.2
2015-05-11 02:00:00,11239200.0,1001.27,6.54,279.6,3.55,81.1,9.72,7.88,1.84,4.91,7.87,1243.34,0.75,1.52,183.9
2015-05-11 02:10:00,11239800.0,1001.21,6.36,279.42,3.66,82.8,9.59,7.94,1.65,4.95,7.93,1244.06,1.36,2.08,207.9
2015-05-11 02:20:00,11240400.0,1001.16,6.36,279.43,3.73,83.2,9.59,7.98,1.61,4.97,7.97,1243.98,0.72,1.08,199.9
2015-05-11 02:30:00,11241000.0,1001.12,6.29,279.36,3.74,83.7,9.54,7.99,1.56,4.98,7.98,1244.24,0.59,0.88,190.9
2015-05-11 02:40:00,11241600.0,1001.1,6.12,279.2,3.68,84.3,9.44,7.96,1.48,4.96,7.95,1244.95,0.87,1.22,145.6
2015-05-11 02:50:00,11242200.0,1001.03,5.95,279.02,3.63,85.0,9.32,7.92,1.4,4.94,7.92,1245.68,0.5,1.16,82.1
2015-05-11 03:00:00,11242800.0,1000.92,5.8,278.89,3.59,85.6,9.23,7.9,1.33,4.93,7.89,1246.19,0.56,1.0,129.0
2015-05-11 03:10:00,11243400.0,1000.91,5.73,278.81,3.62,86.3,9.18,7.92,1.26,4.94,7.92,1246.51,0.27,0.56,239.4
2015-05-11 03:20:00,11244000.0,1000.86,5.73,278.82,3.63,86.3,9.19,7.93,1.26,4.94,7.92,1246.42,0.31,0.54,139.5
2015-05-11 03:30:00,11244600.0,1000.8,5.69,278.78,3.45,85.5,9.16,7.83,1.33,4.88,7.82,1246.6,0.17,0.4,7.35
2015-05-11 03:40:00,11245200.0,1000.7,5.34,278.45,3.31,86.7,8.94,7.75,1.19,4.83,7.75,1248.03,1.27,2.44,208.4
2015-05-11 03:50:00,11245800.0,1000.66,5.28,278.39,3.41,87.7,8.9,7.81,1.09,4.87,7.8,1248.26,0.99,1.76,197.1
2015-05-11 04:00:00,11246400.0,1000.66,5.19,278.3,3.37,88.0,8.84,7.78,1.06,4.85,7.78,1248.67,0.9,1.68,151.9
2015-05-11 04:10:00,11247000.0,1000.62,5.08,278.19,3.36,88.6,8.77,7.77,1.0,4.85,7.77,1249.13,1.01,1.56,172.2
2015-05-11 04:20:00,11247600.0,1000.58,5.01,278.12,3.32,88.8,8.73,7.75,0.98,4.83,7.75,1249.41,0.78,1.28,161.0
2015-05-11 04:30:00,11248200.0,1000.55,4.89,278.01,3.24,89.0,8.66,7.71,0.95,4.81,7.71,1249.89,0.9,1.6,152.1
2015-05-11 04:40:00,11248800.0,1000.54,4.77,277.88,3.13,89.1,8.59,7.65,0.94,4.77,7.65,1250.48,0.69,1.2,140.8
2015-05-11 04:50:00,11249400.0,1000.53,4.6,277.72,3.08,89.8,8.49,7.62,0.87,4.75,7.62,1251.22,1.23,2.2,133.5
2015-05-11 05:00:00,11250000.0,1000.62,4.5,277.61,3.08,90.5,8.43,7.63,0.8,4.75,7.62,1251.81,0.82,1.56,134.2
2015-05-11 05:10:00,11250600.0,1000.71,4.65,277.75,3.25,90.6,8.52,7.72,0.8,4.81,7.71,1251.18,0.35,0.84,102.7
2015-05-11 05:20:00,11251200.0,1000.72,5.06,278.17,3.39,88.9,8.77,7.79,0.97,4.86,7.79,1249.3,0.15,0.28,21.52
2015-05-11 05:30:00,11251800.0,1000.72,5.58,278.68,3.45,86.1,9.09,7.83,1.26,4.88,7.82,1246.97,0.5,1.24,183.4
2015-05-11 05:40:00,11252400.0,1000.72,5.52,278.62,3.29,85.5,9.05,7.74,1.31,4.82,7.73,1247.3,1.06,1.48,194.0
2015-05-11 05:50:00,11253000.0,1000.73,5.97,279.07,3.6,84.7,9.34,7.91,1.43,4.93,7.9,1245.2,0.69,1.32,194.5
2015-05-11 06:00:00,11253600.0,1000.68,6.61,279.71,3.69,81.6,9.76,7.96,1.8,4.96,7.96,1242.28,0.99,1.44,152.8
2015-05-11 06:10:00,11254200.0,1000.72,6.98,280.08,3.86,80.5,10.01,8.06,1.95,5.02,8.05,1240.64,0.58,1.08,156.8
2015-05-11 06:20:00,11254800.0,1000.69,7.41,280.51,3.95,78.6,10.31,8.11,2.21,5.05,8.1,1238.67,1.0,1.64,156.0
2015-05-11 06:30:00,11255400.0,1000.69,7.41,280.51,3.91,78.4,10.31,8.09,2.23,5.04,8.08,1238.68,1.1,1.44,149.2
2015-05-11 06:40:00,11256000.0,1000.68,7.29,280.4,3.9,79.0,10.23,8.08,2.15,5.04,8.08,1239.2,1.39,1.88,150.6
2015-05-11 06:50:00,11256600.0,1000.71,7.35,280.45,4.01,79.3,10.27,8.15,2.13,5.08,8.14,1238.94,1.63,3.14,152.2
2015-05-11 07:00:00,11257200.0,1000.8,7.59,280.69,4.19,79.0,10.44,8.25,2.19,5.14,8.24,1237.94,1.31,2.32,193.7
2015-05-11 07:10:00,11257800.0,1000.81,8.33,281.42,4.58,77.2,10.98,8.48,2.5,5.29,8.47,1234.59,0.9,1.88,178.9
2015-05-11 07:20:00,11258400.0,1000.89,9.36,282.45,4.7,72.6,11.78,8.55,3.23,5.33,8.54,1230.16,0.95,1.72,139.9
2015-05-11 07:30:00,11259000.0,1000.87,10.09,283.18,4.96,70.4,12.37,8.71,3.66,5.43,8.7,1226.89,1.27,2.22,146.8
2015-05-11 07:40:00,11259600.0,1000.79,10.47,283.57,5.02,68.88,12.69,8.74,3.95,5.45,8.73,1225.14,1.76,3.14,165.4
2015-05-11 07:50:00,11260200.0,1000.72,10.83,283.93,5.04,67.38,13.0,8.76,4.24,5.46,8.75,1223.49,1.96,4.16,166.9
2015-05-11 08:00:00,11260800.0,1000.7,11.15,284.25,5.24,66.86,13.28,8.88,4.4,5.54,8.87,1222.02,1.93,3.2,163.8
2015-05-11 08:10:00,11261400.0,1000.65,11.51,284.62,5.5,66.5,13.6,9.04,4.55,5.64,9.04,1220.35,1.77,2.56,171.2
2015-05-11 08:20:00,11262000.0,1000.54,12.19,285.31,5.66,64.29,14.22,9.14,5.08,5.7,9.14,1217.26,1.78,2.52,145.5
2015-05-11 08:30:00,11262600.0,1000.4,13.07,286.2,5.91,61.71,15.07,9.3,5.77,5.8,9.29,1213.27,2.02,3.56,155.5
2015-05-11 08:40:00,11263200.0,1000.24,13.64,286.78,6.09,60.22,15.64,9.42,6.22,5.88,9.42,1210.61,1.59,3.48,130.3
2015-05-11 08:50:00,11263800.0,1000.26,14.23,287.37,6.33,58.93,16.25,9.58,6.67,5.98,9.57,1208.07,0.89,2.56,134.6
2015-05-11 09:00:00,11264400.0,1000.13,14.72,287.87,6.27,56.85,16.77,9.54,7.24,5.95,9.53,1205.88,2.3,4.36,144.9
2015-05-11 09:10:00,11265000.0,1000.07,14.97,288.12,6.17,55.57,17.05,9.47,7.57,5.91,9.47,1204.8,2.31,3.84,166.9
2015-05-11 09:20:00,11265600.0,1000.02,15.51,288.67,5.86,52.51,17.65,9.27,8.38,5.78,9.27,1202.57,2.29,4.54,173.8
2015-05-11 09:30:00,11266200.0,999.91,15.96,289.13,6.19,52.19,18.16,9.48,8.68,5.92,9.48,1200.48,2.11,3.46,165.2
2015-05-11 09:40:00,11266800.0,999.77,16.37,289.55,6.33,51.35,18.65,9.57,9.07,5.98,9.58,1198.57,2.15,3.56,166.1
2015-05-11 09:50:00,11267400.0,999.58,16.53,289.72,6.4,51.09,18.84,9.62,9.21,6.01,9.63,1197.65,2.47,3.72,156.1
2015-05-11 10:00:00,11268000.0,999.43,16.87,290.08,6.51,50.38,19.25,9.7,9.55,6.06,9.7,1196.04,3.06,4.4,173.5
2015-05-11 10:10:00,11268600.0,999.25,17.09,290.31,6.53,49.74,19.52,9.71,9.81,6.07,9.72,1194.91,3.03,4.48,163.7
2015-05-11 10:20:00,11269200.0,999.17,17.69,290.92,6.79,48.75,20.27,9.88,10.39,6.18,9.89,1192.27,2.28,4.16,174.8
2015-05-11 10:30:00,11269800.0,999.04,18.16,291.4,6.63,46.82,20.88,9.78,11.1,6.11,9.79,1190.24,3.28,5.24,164.3
2015-05-11 10:40:00,11270400.0,998.89,18.68,291.93,6.31,44.31,21.57,9.56,12.01,5.97,9.57,1188.03,3.88,6.89,162.2
2015-05-11 10:50:00,11271000.0,998.9,19.12,292.37,5.45,40.62,22.17,9.01,13.17,5.63,9.02,1186.51,4.71,7.89,179.4
2015-05-11 11:00:00,11271600.0,998.82,19.1,292.36,5.44,40.64,22.15,9.0,13.15,5.62,9.01,1186.5,4.41,6.56,180.4
2015-05-11 11:10:00,11272200.0,998.8,19.49,292.75,5.81,40.69,22.69,9.23,13.46,5.77,9.24,1184.78,3.55,6.48,187.9
2015-05-11 11:20:00,11272800.0,998.7,19.45,292.72,5.32,39.45,22.63,8.93,13.71,5.58,8.94,1184.96,3.95,6.97,183.0
2015-05-11 11:30:00,11273400.0,998.62,19.94,293.22,5.39,38.43,23.33,8.97,14.37,5.6,8.98,1182.86,3.52,6.38,162.6
2015-05-11 11:40:00,11274000.0,998.46,20.22,293.51,5.54,38.17,23.74,9.06,14.68,5.66,9.08,1181.51,3.49,5.88,157.4
2015-05-11 11:50:00,11274600.0,998.28,20.23,293.53,5.44,37.89,23.76,9.0,14.75,5.63,9.02,1181.29,4.11,7.0,175.2
2015-05-11 12:00:00,11275200.0,998.26,20.34,293.65,5.54,37.91,23.92,9.07,14.85,5.67,9.08,1180.78,3.83,7.24,157.6
2015-05-11 12:10:00,11275800.0,998.11,20.82,294.14,5.61,36.98,24.64,9.11,15.53,5.7,9.13,1178.66,3.19,5.72,162.7
2015-05-11 12:20:00,11276400.0,997.96,21.0,294.33,5.76,36.94,24.91,9.2,15.71,5.76,9.22,1177.72,3.61,5.5,165.9
2015-05-11 12:30:00,11277000.0,997.93,21.48,294.82,5.99,36.46,25.65,9.35,16.3,5.85,9.37,1175.69,3.29,5.44,166.1
2015-05-11 12:40:00,11277600.0,997.92,21.43,294.77,5.88,36.29,25.58,9.28,16.29,5.81,9.3,1175.92,3.44,6.04,166.4
2015-05-11 12:50:00,11278200.0,997.82,21.42,294.76,6.03,36.68,25.56,9.38,16.18,5.87,9.4,1175.8,3.32,6.04,168.7
2015-05-11 13:00:00,11278800.0,997.53,21.6,294.97,6.33,37.05,25.84,9.57,16.27,5.99,9.6,1174.65,4.08,6.52,180.8
2015-05-11 13:10:00,11279400.0,997.35,21.72,295.1,6.36,36.86,26.03,9.6,16.44,6.01,9.62,1173.95,3.4,6.62,163.0
2015-05-11 13:20:00,11280000.0,997.32,22.06,295.45,6.52,36.5,26.58,9.7,16.88,6.07,9.73,1172.52,2.83,6.2,140.8
2015-05-11 13:30:00,11280600.0,997.21,22.1,295.5,6.52,36.42,26.64,9.7,16.94,6.07,9.73,1172.23,3.45,5.4,142.3
2015-05-11 13:40:00,11281200.0,997.08,22.15,295.56,6.64,36.6,26.72,9.78,16.94,6.12,9.81,1171.83,3.23,5.48,158.7
2015-05-11 13:50:00,11281800.0,996.95,22.13,295.55,6.62,36.6,26.69,9.77,16.92,6.12,9.8,1171.77,3.09,4.86,175.6
2015-05-11 14:00:00,11282400.0,996.87,22.36,295.79,6.8,36.55,27.07,9.89,17.17,6.2,9.92,1170.71,3.56,6.16,160.6
2015-05-11 14:10:00,11283000.0,996.85,22.56,295.99,6.94,36.45,27.4,9.99,17.41,6.26,10.02,1169.85,3.49,5.3,180.8
2015-05-11 14:20:00,11283600.0,996.84,22.51,295.94,6.94,36.55,27.32,9.98,17.33,6.25,10.02,1170.03,2.47,4.32,169.0
2015-05-11 14:30:00,11284200.0,996.72,22.94,296.38,7.34,36.6,28.04,10.26,17.78,6.43,10.3,1168.07,2.96,6.52,164.9
2015-05-11 14:40:00,11284800.0,996.51,22.95,296.41,7.51,37.01,28.05,10.38,17.67,6.51,10.42,1167.73,2.8,6.54,173.8
2015-05-11 14:50:00,11285400.0,996.24,22.9,296.38,7.63,37.44,27.97,10.47,17.5,6.56,10.51,1167.57,3.62,5.6,174.0
2015-05-11 15:00:00,11286000.0,996.1,22.76,296.25,7.63,37.75,27.73,10.47,17.26,6.56,10.51,1167.96,3.66,5.28,138.7
2015-05-11 15:10:00,11286600.0,995.92,22.81,296.32,7.76,37.98,27.82,10.57,17.25,6.62,10.61,1167.51,2.61,5.72,131.0
2015-05-11 15:20:00,11287200.0,995.82,23.1,296.62,7.82,37.48,28.31,10.61,17.7,6.65,10.66,1166.23,3.6,5.16,171.1
2015-05-11 15:30:00,11287800.0,995.68,23.44,296.97,8.16,37.56,28.9,10.85,18.04,6.81,10.9,1164.62,2.99,5.96,176.7
2015-05-11 15:40:00,11288400.0,995.5,23.69,297.23,8.24,37.21,29.33,10.92,18.42,6.85,10.96,1163.4,2.8,4.92,179.2
2015-05-11 15:50:00,11289000.0,995.37,23.84,297.39,7.94,36.14,29.6,10.7,18.9,6.71,10.75,1162.75,3.2,6.1,170.8
2015-05-11 16:00:00,11289600.0,995.36,23.78,297.33,7.54,35.27,29.49,10.4,19.09,6.53,10.45,1163.12,3.89,6.0,176.5
2015-05-11 16:10:00,11290200.0,995.29,23.76,297.32,7.6,35.47,29.46,10.45,19.01,6.56,10.5,1163.08,3.34,5.3,177.4
2015-05-11 16:20:00,11290800.0,995.27,23.94,297.5,7.61,35.12,29.78,10.46,19.32,6.56,10.51,1162.35,3.05,4.52,181.7
2015-05-11 16:30:00,11291400.0,995.18,23.8,297.37,7.29,34.65,29.53,10.23,19.3,6.42,10.28,1162.9,3.19,5.06,190.9
2015-05-11 16:40:00,11292000.0,995.07,23.96,297.54,7.2,34.09,29.81,10.16,19.65,6.38,10.21,1162.17,3.28,5.5,193.1
2015-05-11 16:50:00,11292600.0,994.99,24.14,297.73,6.69,32.56,30.14,9.81,20.33,6.16,9.86,1161.53,4.38,6.26,169.7
2015-05-11 17:00:00,11293200.0,994.98,24.15,297.74,6.81,32.81,30.16,9.89,20.26,6.21,9.94,1161.45,3.72,5.28,196.6
2015-05-11 17:10:00,11293800.0,994.89,24.16,297.76,6.9,33.0,30.17,9.96,20.22,6.25,10.01,1161.27,3.8,5.8,187.5
2015-05-11 17:20:00,11294400.0,994.84,24.21,297.81,7.02,33.17,30.27,10.04,20.23,6.3,10.09,1160.98,2.78,3.74,204.8
2015-05-11 17:30:00,11295000.0,994.75,24.21,297.82,6.97,33.06,30.27,10.01,20.26,6.28,10.06,1160.89,3.47,4.64,195.4
2015-05-11 17:40:00,11295600.0,994.69,23.97,297.58,7.0,33.62,29.83,10.03,19.8,6.3,10.08,1161.75,3.15,4.6,202.2
2015-05-11 17:50:00,11296200.0,994.64,23.6,297.22,6.82,33.95,29.18,9.91,19.27,6.22,9.96,1163.19,3.74,5.72,215.4
2015-05-11 18:00:00,11296800.0,994.59,23.61,297.23,6.98,34.31,29.19,10.02,19.18,6.29,10.07,1163.05,3.2,5.12,203.7
2015-05-11 18:10:00,11297400.0,994.63,23.18,296.8,6.81,34.78,28.45,9.89,18.55,6.21,9.95,1164.84,3.72,4.88,218.7
2015-05-11 18:20:00,11298000.0,994.59,23.14,296.76,6.89,35.08,28.38,9.96,18.42,6.25,10.01,1164.92,3.43,5.44,198.7
2015-05-11 18:30:00,11298600.0,994.63,23.14,296.76,7.1,35.57,28.38,10.09,18.28,6.34,10.15,1164.91,2.46,3.56,193.5
2015-05-11 18:40:00,11299200.0,994.63,22.8,296.42,7.11,36.35,27.8,10.11,17.7,6.34,10.16,1166.24,2.33,3.52,194.5
2015-05-11 18:50:00,11299800.0,994.62,22.55,296.17,7.19,37.11,27.38,10.16,17.22,6.38,10.22,1167.19,2.01,2.52,202.6
2015-05-11 19:00:00,11300400.0,994.71,22.28,295.89,7.39,38.23,26.94,10.3,16.64,6.46,10.35,1168.29,2.76,3.8,206.7
2015-05-11 19:10:00,11301000.0,994.69,22.03,295.64,7.49,39.1,26.53,10.37,16.16,6.51,10.43,1169.23,2.99,3.52,207.7
2015-05-11 19:20:00,11301600.0,994.68,21.6,295.21,7.71,40.73,25.84,10.53,15.32,6.61,10.58,1170.86,2.57,3.24,219.2
2015-05-11 19:30:00,11302200.0,994.66,21.36,294.97,7.75,41.45,25.47,10.56,14.91,6.63,10.61,1171.77,2.75,3.4,223.4
2015-05-11 19:40:00,11302800.0,994.63,21.05,294.66,7.78,42.33,24.99,10.58,14.41,6.64,10.63,1172.96,2.76,3.16,224.2
2015-05-11 19:50:00,11303400.0,994.68,20.94,294.55,7.84,42.81,24.82,10.62,14.19,6.67,10.68,1173.43,3.05,3.62,226.1
2015-05-11 20:00:00,11304000.0,994.74,20.85,294.45,7.81,42.96,24.68,10.6,14.08,6.66,10.66,1173.88,3.11,3.72,226.8
2015-05-11 20:10:00,11304600.0,994.78,20.78,294.38,7.86,43.27,24.58,10.63,13.94,6.68,10.69,1174.19,2.94,3.68,226.4
2015-05-11 20:20:00,11305200.0,994.88,20.72,294.31,7.88,43.5,24.48,10.65,13.83,6.69,10.71,1174.54,2.61,3.08,229.7
2015-05-11 20:30:00,11305800.0,994.9,20.58,294.17,7.91,43.98,24.27,10.68,13.6,6.7,10.73,1175.11,2.25,2.64,231.2
2015-05-11 20:40:00,11306400.0,995.02,20.24,293.82,7.97,45.08,23.77,10.72,13.05,6.73,10.77,1176.6,1.98,2.6,240.9
2015-05-11 20:50:00,11307000.0,995.14,20.09,293.66,8.02,45.65,23.55,10.75,12.8,6.75,10.8,1177.33,1.89,2.64,238.6
2015-05-11 21:00:00,11307600.0,995.19,20.07,293.63,8.07,45.88,23.52,10.79,12.73,6.77,10.84,1177.45,2.13,2.64,238.8
2015-05-11 21:10:00,11308200.0,995.16,19.72,293.29,8.15,47.14,23.02,10.85,12.17,6.81,10.9,1178.8,1.95,2.72,236.9
2015-05-11 21:20:00,11308800.0,995.26,18.64,292.2,8.19,50.55,21.52,10.88,10.64,6.83,10.93,1183.26,1.3,1.96,217.0
2015-05-11 21:30:00,11309400.0,995.27,18.71,292.27,8.22,50.45,21.61,10.9,10.71,6.84,10.96,1182.98,1.56,2.0,228.4
2015-05-11 21:40:00,11310000.0,995.27,18.66,292.22,8.32,50.92,21.55,10.97,10.57,6.89,11.02,1183.15,1.2,1.72,221.4
2015-05-11 21:50:00,11310600.0,995.18,18.32,291.88,8.3,51.96,21.09,10.96,10.13,6.88,11.01,1184.43,1.34,1.84,202.6
2015-05-11 22:00:00,11311200.0,994.98,17.89,291.47,8.3,53.38,20.53,10.96,9.57,6.88,11.01,1185.95,1.28,2.0,206.8
2015-05-11 22:10:00,11311800.0,994.83,17.81,291.4,8.24,53.43,20.43,10.91,9.51,6.85,10.97,1186.11,1.49,2.3,215.3
2015-05-11 22:20:00,11312400.0,994.8,17.9,291.49,8.24,53.13,20.54,10.91,9.63,6.85,10.97,1185.71,1.81,3.04,199.0
2015-05-11 22:30:00,11313000.0,994.77,17.72,291.32,8.33,54.08,20.31,10.98,9.33,6.9,11.04,1186.38,1.56,2.52,185.3
2015-05-11 22:40:00,11313600.0,994.79,17.44,291.03,8.43,55.4,19.95,11.06,8.9,6.94,11.11,1187.51,0.55,1.36,149.2
2015-05-11 22:50:00,11314200.0,994.75,17.08,290.68,8.56,57.2,19.51,11.16,8.35,7.01,11.22,1188.88,0.51,1.12,127.3
2015-05-11 23:00:00,11314800.0,994.64,16.56,290.17,8.48,58.79,18.87,11.09,7.78,6.97,11.15,1190.92,1.06,1.64,154.4
2015-05-11 23:10:00,11315400.0,994.52,16.24,289.86,8.39,59.65,18.49,11.03,7.46,6.93,11.09,1192.11,1.61,2.24,192.5
2015-05-11 23:20:00,11316000.0,994.51,16.02,289.64,8.47,60.79,18.23,11.08,7.15,6.96,11.15,1192.98,1.14,1.96,149.7
2015-05-11 23:30:00,11316600.0,994.52,15.81,289.42,8.41,61.38,17.99,11.04,6.95,6.94,11.1,1193.88,1.21,2.04,153.3
2015-05-11 23:40:00,11317200.0,994.49,15.6,289.22,8.34,61.93,17.75,10.99,6.76,6.9,11.05,1194.74,1.51,2.08,160.5
2015-05-11 23:50:00,11317800.0,994.46,15.68,289.3,8.33,61.57,17.84,10.98,6.86,6.9,11.05,1194.38,1.16,1.72,165.8
2015-05-12 00:00:00,11318400.0,994.36,15.53,289.16,8.33,62.16,17.67,10.98,6.69,6.9,11.05,1194.87,1.06,1.8,183.9
2015-05-12 00:10:00,11319000.0,994.28,15.19,288.82,8.35,63.63,17.29,11.0,6.29,6.91,11.06,1196.18,1.1,1.88,178.1
2015-05-12 00:20:00,11319600.0,994.25,15.02,288.66,8.31,64.13,17.1,10.97,6.13,6.89,11.03,1196.87,0.92,2.4,160.6
2015-05-12 00:30:00,11320200.0,994.26,14.8,288.43,8.33,65.16,16.86,10.99,5.87,6.9,11.05,1197.79,1.15,2.8,182.6
2015-05-12 00:40:00,11320800.0,994.24,14.51,288.15,8.3,66.23,16.55,10.96,5.59,6.88,11.02,1198.98,1.06,1.96,221.8
2015-05-12 00:50:00,11321400.0,994.26,14.3,287.93,8.23,66.84,16.32,10.91,5.41,6.85,10.97,1199.9,1.3,2.14,210.5
2015-05-12 01:00:00,11322000.0,994.24,14.39,288.03,8.14,66.03,16.42,10.84,5.58,6.81,10.9,1199.54,1.42,2.28,194.7
2015-05-12 01:10:00,11322600.0,994.15,14.45,288.09,8.07,65.46,16.48,10.79,5.69,6.78,10.85,1199.19,1.24,2.28,184.3
2015-05-12 01:20:00,11323200.0,994.14,14.71,288.35,7.94,63.82,16.76,10.7,6.06,6.72,10.76,1198.15,1.57,2.52,186.9
2015-05-12 01:30:00,11323800.0,994.15,14.81,288.45,7.89,63.18,16.87,10.66,6.21,6.7,10.72,1197.75,1.83,3.02,184.6
2015-05-12 01:40:00,11324400.0,994.16,14.81,288.45,7.86,63.03,16.87,10.63,6.24,6.68,10.7,1197.78,1.84,3.4,179.8
2015-05-12 01:50:00,11325000.0,994.16,14.84,288.48,7.77,62.54,16.9,10.57,6.33,6.64,10.63,1197.69,1.91,3.52,186.3
2015-05-12 02:00:00,11325600.0,994.14,15.03,288.68,7.72,61.57,17.11,10.54,6.58,6.62,10.6,1196.89,1.9,2.84,193.6
2015-05-12 02:10:00,11326200.0,994.02,14.89,288.54,7.7,62.05,16.96,10.52,6.44,6.61,10.59,1197.33,1.82,2.52,202.6
2015-05-12 02:20:00,11326800.0,993.86,14.58,288.25,7.69,63.23,16.62,10.51,6.11,6.6,10.57,1198.44,2.0,2.8,211.8
2015-05-12 02:30:00,11327400.0,993.81,14.43,288.1,7.59,63.44,16.46,10.44,6.02,6.56,10.51,1199.03,1.89,2.92,217.9
2015-05-12 02:40:00,11328000.0,993.79,14.41,288.08,7.53,63.27,16.44,10.4,6.04,6.54,10.47,1199.11,1.71,2.48,202.0
2015-05-12 02:50:00,11328600.0,993.79,14.27,287.94,7.5,63.69,16.29,10.38,5.92,6.52,10.44,1199.7,1.77,2.8,200.6
2015-05-12 03:00:00,11329200.0,993.74,14.13,287.81,7.48,64.2,16.14,10.36,5.78,6.51,10.43,1200.24,1.99,3.24,202.0
2015-05-12 03:10:00,11329800.0,993.66,13.97,287.65,7.48,64.85,15.98,10.36,5.62,6.51,10.43,1200.81,1.84,3.12,203.1
2015-05-12 03:20:00,11330400.0,993.64,14.02,287.7,7.48,64.67,16.03,10.37,5.66,6.51,10.43,1200.56,1.95,3.26,209.8
2015-05-12 03:30:00,11331000.0,993.65,13.93,287.61,7.47,64.98,15.94,10.36,5.58,6.51,10.42,1200.97,1.87,2.96,200.2
2015-05-12 03:40:00,11331600.0,993.61,13.54,287.23,7.46,66.59,15.54,10.35,5.19,6.5,10.41,1202.55,1.88,2.8,200.5
2015-05-12 03:50:00,11332200.0,993.5,13.23,286.92,7.43,67.83,15.23,10.33,4.9,6.49,10.39,1203.73,1.83,2.88,195.8
2015-05-12 04:00:00,11332800.0,993.34,13.01,286.72,7.43,68.8,15.01,10.33,4.68,6.49,10.39,1204.46,2.21,2.88,200.0
2015-05-12 04:10:00,11333400.0,993.3,13.03,286.74,7.42,68.7,15.03,10.32,4.7,6.49,10.39,1204.32,2.16,2.84,198.8
2015-05-12 04:20:00,11334000.0,993.27,13.12,286.83,7.4,68.2,15.12,10.31,4.81,6.48,10.38,1203.92,2.05,3.0,193.6
2015-05-12 04:30:00,11334600.0,993.27,13.04,286.75,7.41,68.61,15.04,10.32,4.72,6.49,10.39,1204.25,2.08,3.12,196.4
2015-05-12 04:40:00,11335200.0,993.2,12.82,286.54,7.39,69.5,14.82,10.3,4.52,6.48,10.37,1205.1,2.29,3.08,193.9
2015-05-12 04:50:00,11335800.0,993.14,12.64,286.36,7.37,70.2,14.65,10.28,4.37,6.47,10.35,1205.8,2.15,3.08,191.1
2015-05-12 05:00:00,11336400.0,993.05,12.56,286.29,7.35,70.5,14.57,10.27,4.3,6.46,10.34,1206.03,2.32,3.42,186.6
2015-05-12 05:10:00,11337000.0,993.01,12.4,286.13,7.36,71.3,14.42,10.28,4.14,6.46,10.35,1206.65,2.59,3.68,195.5
2015-05-12 05:20:00,11337600.0,993.05,12.33,286.06,7.36,71.6,14.35,10.28,4.08,6.46,10.35,1207.0,2.18,3.36,186.0
2015-05-12 05:30:00,11338200.0,993.04,12.38,286.11,7.36,71.4,14.4,10.28,4.12,6.47,10.35,1206.77,2.03,2.88,184.9
2015-05-12 05:40:00,11338800.0,993.02,12.32,286.05,7.39,71.8,14.34,10.3,4.04,6.48,10.37,1206.99,1.57,3.24,186.1
2015-05-12 05:50:00,11339400.0,992.92,12.72,286.46,7.46,70.3,14.73,10.35,4.37,6.51,10.43,1205.16,2.19,3.12,179.3
2015-05-12 06:00:00,11340000.0,992.79,12.96,286.71,7.59,69.78,14.96,10.44,4.52,6.57,10.51,1203.95,1.97,3.16,201.9
2015-05-12 06:10:00,11340600.0,992.77,12.79,286.54,7.68,71.0,14.79,10.5,4.29,6.61,10.58,1204.61,1.83,2.76,207.4
2015-05-12 06:20:00,11341200.0,992.8,13.09,286.84,7.78,70.1,15.09,10.58,4.51,6.65,10.65,1203.35,1.35,2.44,214.3
2015-05-12 06:30:00,11341800.0,992.72,14.02,287.78,8.02,67.06,16.03,10.75,5.28,6.76,10.83,1199.28,1.09,2.08,197.4
2015-05-12 06:40:00,11342400.0,992.67,14.77,288.54,8.07,64.11,16.83,10.79,6.04,6.79,10.87,1196.08,1.56,3.24,185.3
2015-05-12 06:50:00,11343000.0,992.57,15.06,288.84,8.11,63.12,17.14,10.82,6.32,6.81,10.9,1194.74,1.62,3.12,185.1
2015-05-12 07:00:00,11343600.0,992.6,14.96,288.73,8.12,63.56,17.03,10.83,6.21,6.81,10.91,1195.19,1.87,3.64,185.7
2015-05-12 07:10:00,11344200.0,992.53,15.24,289.02,8.26,63.02,17.34,10.93,6.41,6.88,11.01,1193.89,2.13,3.52,172.2
2015-05-12 07:20:00,11344800.0,992.49,15.7,289.48,8.44,61.92,17.86,11.06,6.8,6.96,11.15,1191.88,2.06,3.12,174.7
2015-05-12 07:30:00,11345400.0,992.44,16.01,289.8,8.56,61.24,18.22,11.16,7.06,7.02,11.24,1190.5,1.86,3.04,176.5
2015-05-12 07:40:00,11346000.0,992.42,16.55,290.34,8.81,60.14,18.86,11.34,7.52,7.14,11.43,1188.18,1.6,3.02,174.2
2015-05-12 07:50:00,11346600.0,992.33,17.16,290.96,9.05,58.81,19.6,11.53,8.08,7.26,11.62,1185.49,1.22,2.32,179.5
2015-05-12 08:00:00,11347200.0,992.25,17.76,291.57,9.16,57.04,20.36,11.61,8.75,7.31,11.71,1182.91,2.06,3.0,153.5
2015-05-12 08:10:00,11347800.0,992.14,18.21,292.03,9.32,56.06,20.95,11.74,9.2,7.39,11.84,1180.89,1.58,2.52,165.2
2015-05-12 08:20:00,11348400.0,992.05,18.57,292.4,9.5,55.49,21.42,11.89,9.54,7.49,11.98,1179.26,1.75,2.76,169.2
2015-05-12 08:30:00,11349000.0,991.88,18.85,292.69,9.65,55.06,21.8,12.0,9.8,7.56,12.1,1177.87,2.49,4.18,153.9
2015-05-12 08:40:00,11349600.0,991.77,18.94,292.79,9.61,54.61,21.93,11.97,9.95,7.54,12.07,1177.39,2.55,3.84,148.3
2015-05-12 08:50:00,11350200.0,991.64,19.29,293.15,9.86,54.34,22.41,12.18,10.23,7.67,12.28,1175.74,2.38,3.88,152.1
2015-05-12 09:00:00,11350800.0,991.56,19.93,293.8,10.3,53.79,23.32,12.54,10.78,7.91,12.65,1172.91,2.34,3.6,164.9
2015-05-12 09:10:00,11351400.0,991.38,20.39,294.28,10.46,52.84,23.99,12.68,11.31,7.99,12.79,1170.8,2.95,4.84,165.0
2015-05-12 09:20:00,11352000.0,991.19,20.9,294.81,10.68,51.98,24.76,12.87,11.89,8.12,12.98,1168.46,2.61,4.36,175.1
2015-05-12 09:30:00,11352600.0,991.01,21.49,295.41,10.56,49.72,25.67,12.76,12.91,8.05,12.88,1165.95,3.66,5.72,179.1
2015-05-12 09:40:00,11353200.0,990.84,21.73,295.67,10.62,49.21,26.05,12.82,13.23,8.09,12.94,1164.78,3.61,6.0,169.8
2015-05-12 09:50:00,11353800.0,990.81,22.1,296.04,10.83,48.79,26.64,13.0,13.64,8.2,13.12,1163.2,3.64,6.12,167.2
2015-05-12 10:00:00,11354400.0,990.72,22.29,296.24,10.9,48.45,26.95,13.06,13.89,8.24,13.18,1162.32,3.98,6.2,169.5
2015-05-12 10:10:00,11355000.0,990.66,22.61,296.56,10.67,46.79,27.48,12.86,14.62,8.11,12.98,1161.08,4.13,6.68,159.5
2015-05-12 10:20:00,11355600.0,990.54,23.04,297.01,10.66,45.54,28.21,12.85,15.36,8.11,12.97,1159.26,3.96,6.28,159.9
2015-05-12 10:30:00,11356200.0,990.45,23.51,297.49,10.59,44.07,29.02,12.79,16.23,8.07,12.91,1157.34,3.49,6.12,174.3
2015-05-12 10:40:00,11356800.0,990.26,24.09,298.08,10.59,42.56,30.05,12.79,17.26,8.07,12.91,1154.86,3.5,6.12,165.4
2015-05-12 10:50:00,11357400.0,990.11,24.52,298.53,10.93,42.42,30.83,13.08,17.75,8.26,13.21,1152.89,3.28,5.2,179.2
2015-05-12 11:00:00,11358000.0,989.93,24.74,298.76,10.9,41.79,31.24,13.06,18.18,8.24,13.19,1151.84,5.19,8.21,174.9
2015-05-12 11:10:00,11358600.0,989.73,25.02,299.06,10.95,41.23,31.77,13.1,18.67,8.27,13.23,1150.51,5.18,8.25,180.2
2015-05-12 11:20:00,11359200.0,989.53,25.23,299.29,11.21,41.43,32.16,13.33,18.84,8.42,13.47,1149.36,4.46,6.93,188.4
2015-05-12 11:30:00,11359800.0,989.38,25.57,299.64,11.24,40.7,32.82,13.36,19.46,8.44,13.5,1147.87,4.07,6.32,197.8
2015-05-12 11:40:00,11360400.0,989.22,25.89,299.98,11.19,39.8,33.45,13.31,20.14,8.41,13.46,1146.47,4.89,6.68,192.2
2015-05-12 11:50:00,11361000.0,989.05,26.17,300.27,10.8,38.15,34.01,12.97,21.03,8.2,13.12,1145.35,5.34,7.32,192.9
2015-05-12 12:00:00,11361600.0,988.93,26.44,300.56,10.42,36.6,34.55,12.65,21.91,7.99,12.79,1144.32,6.01,9.17,184.9
2015-05-12 12:10:00,11362200.0,988.85,26.85,300.97,10.49,35.89,35.39,12.7,22.69,8.03,12.85,1142.64,4.91,7.69,192.6
2015-05-12 12:20:00,11362800.0,988.68,26.88,301.02,9.18,32.8,35.46,11.63,23.83,7.35,11.76,1142.8,6.97,9.37,180.0
2015-05-12 12:30:00,11363400.0,988.57,26.92,301.07,8.72,31.72,35.54,11.27,24.27,7.12,11.4,1142.68,6.87,9.89,200.5
2015-05-12 12:40:00,11364000.0,988.41,26.9,301.06,8.78,31.9,35.5,11.32,24.17,7.16,11.46,1142.54,7.08,10.97,205.5
2015-05-12 12:50:00,11364600.0,988.31,26.84,301.01,8.87,32.2,35.37,11.39,23.98,7.2,11.53,1142.63,7.21,10.77,194.2
2015-05-12 13:00:00,11365200.0,988.22,26.86,301.04,8.55,31.48,35.42,11.15,24.27,7.05,11.28,1142.55,7.3,11.05,201.8
2015-05-12 13:10:00,11365800.0,988.13,26.76,300.95,8.58,31.73,35.21,11.17,24.04,7.06,11.31,1142.82,7.6,10.15,199.8
2015-05-12 13:20:00,11366400.0,988.05,26.96,301.15,9.11,32.51,35.62,11.58,24.04,7.32,11.72,1141.78,5.94,8.45,195.5
2015-05-12 13:30:00,11367000.0,987.88,26.72,300.93,9.21,33.18,35.13,11.65,23.47,7.37,11.8,1142.47,6.11,11.53,195.9
2015-05-12 13:40:00,11367600.0,987.69,26.55,300.77,9.41,33.97,34.78,11.81,22.96,7.47,11.96,1142.83,6.76,10.25,207.5
2015-05-12 13:50:00,11368200.0,987.55,26.39,300.63,9.6,34.75,34.45,11.97,22.48,7.57,12.12,1143.2,5.87,11.05,195.6
2015-05-12 14:00:00,11368800.0,987.33,26.7,300.96,10.51,36.25,35.08,12.72,22.37,8.05,12.88,1141.44,5.86,11.01,182.4
2015-05-12 14:10:00,11369400.0,987.25,26.41,300.67,10.75,37.48,34.49,12.93,21.56,8.19,13.09,1142.36,7.05,10.17,178.0
2015-05-12 14:20:00,11370000.0,987.3,26.54,300.8,10.88,37.52,34.76,13.04,21.72,8.26,13.21,1141.87,5.92,9.13,182.4
2015-05-12 14:30:00,11370600.0,987.28,26.63,300.89,10.78,37.06,34.94,12.95,21.99,8.2,13.12,1141.55,5.91,10.69,192.6
2015-05-12 14:40:00,11371200.0,987.22,26.99,301.26,10.61,35.89,35.69,12.81,22.88,8.11,12.97,1140.17,5.54,8.41,201.6
2015-05-12 14:50:00,11371800.0,987.11,27.27,301.55,10.01,33.92,36.28,12.31,23.97,7.79,12.47,1139.2,6.6,9.35,208.3
2015-05-12 15:00:00,11372400.0,986.93,27.73,302.02,9.77,32.49,37.26,12.11,25.16,7.67,12.27,1137.34,6.32,11.27,211.7
2015-05-12 15:10:00,11373000.0,986.58,27.58,301.9,10.16,33.63,36.94,12.42,24.52,7.87,12.59,1137.36,7.73,11.73,216.2
2015-05-12 15:20:00,11373600.0,986.27,27.57,301.92,10.44,34.3,36.92,12.66,24.26,8.03,12.84,1136.93,7.97,10.65,203.9
2015-05-12 15:30:00,11374200.0,986.22,27.59,301.95,10.85,35.2,36.96,13.01,23.95,8.25,13.19,1136.65,6.82,10.13,211.7
2015-05-12 15:40:00,11374800.0,986.08,27.54,301.91,11.12,35.96,36.85,13.25,23.6,8.4,13.44,1136.57,7.39,11.45,209.8
2015-05-12 15:50:00,11375400.0,985.93,27.37,301.75,11.33,36.82,36.49,13.44,23.05,8.52,13.63,1136.96,7.34,10.57,214.6
2015-05-12 16:00:00,11376000.0,985.79,27.52,301.91,11.73,37.47,36.81,13.79,23.02,8.75,13.99,1136.07,6.96,11.31,208.9
2015-05-12 16:10:00,11376600.0,985.77,27.41,301.8,11.86,38.04,36.58,13.91,22.66,8.83,14.11,1136.41,8.69,11.73,207.0
2015-05-12 16:20:00,11377200.0,985.72,27.24,301.64,12.14,39.14,36.21,14.17,22.04,8.99,14.38,1136.88,6.21,8.93,205.9
2015-05-12 16:30:00,11377800.0,985.58,27.28,301.69,12.26,39.36,36.3,14.29,22.01,9.07,14.5,1136.52,7.71,10.41,209.8
2015-05-12 16:40:00,11378400.0,985.39,27.26,301.69,12.57,40.23,36.26,14.59,21.67,9.26,14.8,1136.24,6.09,9.13,208.3
2015-05-12 16:50:00,11379000.0,985.18,27.26,301.71,12.77,40.75,36.26,14.77,21.48,9.38,15.0,1135.92,5.53,8.61,196.4
2015-05-12 17:00:00,11379600.0,985.22,27.22,301.66,12.66,40.56,36.17,14.67,21.5,9.31,14.89,1136.16,4.99,8.61,202.2
2015-05-12 17:10:00,11380200.0,985.26,27.25,301.69,11.25,36.89,36.23,13.37,22.87,8.48,13.57,1136.66,6.08,8.97,216.7
2015-05-12 17:20:00,11380800.0,985.4,27.22,301.65,10.78,35.82,36.17,12.96,23.21,8.22,13.15,1137.12,5.29,10.77,213.0
2015-05-12 17:30:00,11381400.0,985.64,27.12,301.52,10.74,35.93,35.96,12.92,23.04,8.19,13.11,1137.79,4.47,8.29,220.3
2015-05-12 17:40:00,11382000.0,985.85,26.88,301.27,11.03,37.13,35.46,13.17,22.29,8.35,13.35,1138.84,2.6,5.28,230.7
2015-05-12 17:50:00,11382600.0,986.02,26.57,300.94,10.84,37.34,34.82,13.0,21.82,8.24,13.19,1140.29,4.02,8.73,240.0
2015-05-12 18:00:00,11383200.0,986.59,25.71,300.03,11.05,39.85,33.09,13.19,19.91,8.36,13.37,1144.15,5.0,9.81,261.5
2015-05-12 18:10:00,11383800.0,987.15,22.83,297.09,14.0,57.49,27.85,16.01,11.84,10.15,16.22,1154.69,2.36,5.12,270.2
2015-05-12 18:20:00,11384400.0,987.25,21.12,295.36,14.46,65.74,25.09,16.5,8.6,10.46,16.71,1161.3,2.67,4.92,272.7
2015-05-12 18:30:00,11385000.0,987.31,19.86,294.09,14.71,72.2,23.22,16.76,6.45,10.63,16.98,1166.24,1.9,3.92,284.5
2015-05-12 18:40:00,11385600.0,987.65,19.13,293.33,14.6,75.0,22.19,16.64,5.55,10.55,16.85,1169.61,2.47,5.48,258.9
2015-05-12 18:50:00,11386200.0,988.14,18.44,292.6,14.7,78.8,21.25,16.75,4.51,10.61,16.95,1172.92,2.38,6.81,269.3
2015-05-12 19:00:00,11386800.0,987.72,17.57,291.76,14.87,84.2,20.12,16.94,3.18,10.74,17.15,1175.84,1.78,3.88,252.5
2015-05-12 19:10:00,11387400.0,987.65,17.14,291.33,14.34,83.6,19.58,16.37,3.21,10.37,16.57,1177.76,2.33,3.72,258.5
2015-05-12 19:20:00,11388000.0,988.4,16.85,290.98,13.74,81.9,19.22,15.74,3.48,9.97,15.93,1180.12,3.37,6.72,251.0
2015-05-12 19:30:00,11388600.0,989.04,16.51,290.58,12.39,76.6,18.81,14.41,4.4,9.11,14.57,1182.88,3.54,5.76,261.4
2015-05-12 19:40:00,11389200.0,988.92,16.04,290.12,12.13,77.6,18.26,14.17,4.09,8.96,14.33,1184.77,1.64,2.92,254.1
2015-05-12 19:50:00,11389800.0,989.1,15.92,289.99,12.87,82.1,18.12,14.87,3.24,9.41,15.04,1185.15,1.47,2.62,258.0
2015-05-12 20:00:00,11390400.0,989.39,15.97,290.01,12.55,80.1,18.18,14.56,3.62,9.2,14.71,1185.44,1.86,3.64,260.7
2015-05-12 20:10:00,11391000.0,989.8,15.92,289.93,12.15,78.3,18.12,14.19,3.93,8.96,14.33,1186.31,1.89,2.76,251.0
2015-05-12 20:20:00,11391600.0,990.17,15.71,289.69,12.01,78.6,17.88,14.05,3.83,8.87,14.19,1187.68,1.29,2.76,250.9
2015-05-12 20:30:00,11392200.0,990.33,15.71,289.67,11.79,77.5,17.88,13.85,4.02,8.75,13.99,1187.96,0.97,2.18,258.7
2015-05-12 20:40:00,11392800.0,990.56,15.67,289.61,11.64,76.9,17.83,13.71,4.12,8.65,13.84,1188.47,1.09,2.6,274.7
2015-05-12 20:50:00,11393400.0,990.72,15.61,289.54,11.52,76.6,17.76,13.61,4.16,8.59,13.73,1188.96,1.02,2.36,269.5
2015-05-12 21:00:00,11394000.0,990.93,15.58,289.49,11.29,75.6,17.73,13.4,4.33,8.46,13.52,1189.43,1.09,2.72,301.8
2015-05-12 21:10:00,11394600.0,991.18,15.55,289.44,11.08,74.7,17.69,13.22,4.48,8.34,13.33,1189.94,0.93,2.04,247.1
2015-05-12 21:20:00,11395200.0,991.25,15.43,289.32,10.62,73.0,17.56,12.82,4.74,8.08,12.93,1190.7,1.51,2.44,265.0
2015-05-12 21:30:00,11395800.0,991.45,15.39,289.26,10.29,71.6,17.51,12.54,4.97,7.9,12.65,1191.23,1.69,3.46,258.0
2015-05-12 21:40:00,11396400.0,991.48,15.22,289.09,10.05,71.2,17.32,12.33,4.99,7.77,12.44,1192.07,1.07,1.74,252.7
2015-05-12 21:50:00,11397000.0,991.65,15.07,288.92,9.59,69.71,17.16,11.96,5.2,7.54,12.06,1193.06,1.2,2.68,280.0
2015-05-12 22:00:00,11397600.0,991.81,14.91,288.75,9.15,68.37,16.98,11.61,5.37,7.31,11.7,1194.08,1.61,3.22,264.5
2015-05-12 22:10:00,11398200.0,991.88,14.7,288.53,8.73,67.36,16.75,11.28,5.47,7.11,11.38,1195.18,1.49,2.72,262.7
2015-05-12 22:20:00,11398800.0,992.13,14.57,288.38,8.49,66.86,16.61,11.11,5.5,6.99,11.19,1196.11,1.9,3.04,265.2
2015-05-12 22:30:00,11399400.0,992.31,14.48,288.28,8.43,66.96,16.51,11.06,5.46,6.96,11.14,1196.72,2.04,3.04,254.5
2015-05-12 22:40:00,11400000.0,992.55,14.34,288.12,8.47,67.73,16.37,11.08,5.28,6.98,11.17,1197.58,1.39,2.62,257.5
2015-05-12 22:50:00,11400600.0,992.8,13.98,287.73,8.56,69.77,15.99,11.15,4.83,7.02,11.24,1199.36,1.84,3.56,255.6
2015-05-12 23:00:00,11401200.0,992.95,13.69,287.43,8.7,71.8,15.69,11.26,4.42,7.09,11.34,1200.7,1.57,2.52,249.7
2015-05-12 23:10:00,11401800.0,993.11,13.58,287.31,9.1,74.3,15.58,11.57,4.0,7.28,11.65,1201.22,0.91,2.2,286.9
2015-05-12 23:20:00,11402400.0,993.25,13.55,287.27,9.43,76.1,15.55,11.83,3.72,7.44,11.91,1201.39,0.68,2.36,6.29
2015-05-12 23:30:00,11403000.0,993.29,13.47,287.18,9.27,75.7,15.47,11.71,3.76,7.36,11.79,1201.83,1.26,3.78,7.54
2015-05-12 23:40:00,11403600.0,993.36,13.29,287.0,9.04,75.4,15.29,11.53,3.76,7.25,11.6,1202.76,0.56,1.42,354.4
2015-05-12 23:50:00,11404200.0,993.49,13.06,286.76,8.7,74.8,15.06,11.26,3.79,7.08,11.34,1204.0,0.65,2.24,334.7
2015-05-13 00:00:00,11404800.0,993.55,12.96,286.65,8.53,74.4,14.96,11.13,3.83,7.0,11.2,1204.55,0.92,2.52,346.6
2015-05-13 00:10:00,11405400.0,993.63,12.77,286.45,8.32,74.3,14.77,10.98,3.8,6.9,11.05,1205.53,0.85,1.72,235.3
2015-05-13 00:20:00,11406000.0,993.72,12.64,286.32,8.08,73.7,14.65,10.8,3.85,6.79,10.86,1206.27,0.52,1.52,293.0
2015-05-13 00:30:00,11406600.0,993.83,12.44,286.11,7.98,74.2,14.46,10.73,3.73,6.74,10.79,1207.27,0.72,1.2,242.5
2015-05-13 00:40:00,11407200.0,993.88,12.31,285.97,7.94,74.6,14.33,10.69,3.64,6.72,10.76,1207.91,0.62,1.44,280.0
2015-05-13 00:50:00,11407800.0,993.9,12.18,285.84,7.83,74.7,14.21,10.62,3.6,6.67,10.68,1208.52,0.74,1.24,241.6
2015-05-13 01:00:00,11408400.0,993.91,12.07,285.73,7.69,74.5,14.11,10.51,3.6,6.6,10.58,1209.05,0.78,1.14,233.7
2015-05-13 01:10:00,11409000.0,993.94,11.96,285.62,7.7,75.1,14.01,10.52,3.49,6.61,10.58,1209.54,1.06,1.68,262.6
2015-05-13 01:20:00,11409600.0,993.97,11.96,285.61,7.93,76.3,14.01,10.69,3.32,6.72,10.75,1209.5,0.84,1.52,293.5
2015-05-13 01:30:00,11410200.0,994.02,11.94,285.59,8.12,77.4,13.99,10.83,3.16,6.8,10.89,1209.58,0.8,1.32,241.5
2015-05-13 01:40:00,11410800.0,994.01,11.36,285.01,8.35,81.7,13.46,11.0,2.46,6.91,11.06,1211.96,1.75,2.4,258.8
2015-05-13 01:50:00,11411400.0,993.99,10.83,284.48,8.36,84.7,13.0,11.01,1.99,6.92,11.07,1214.18,2.18,3.04,258.2
2015-05-13 02:00:00,11412000.0,994.03,10.93,284.58,8.23,83.4,13.08,10.91,2.17,6.86,10.98,1213.85,1.29,2.56,20.88
2015-05-13 02:10:00,11412600.0,994.04,10.96,284.61,8.0,81.9,13.11,10.74,2.37,6.75,10.8,1213.81,0.68,1.52,24.61
2015-05-13 02:20:00,11413200.0,994.03,10.93,284.58,7.25,78.0,13.08,10.2,2.88,6.41,10.27,1214.18,2.04,3.2,238.9
2015-05-13 02:30:00,11413800.0,994.07,11.06,284.7,6.93,75.6,13.2,9.98,3.22,6.27,10.04,1213.78,2.29,3.2,250.3
2015-05-13 02:40:00,11414400.0,994.15,10.96,284.6,6.73,75.1,13.11,9.84,3.26,6.18,9.9,1214.36,2.4,3.12,242.3
2015-05-13 02:50:00,11415000.0,994.22,10.78,284.41,6.52,74.9,12.95,9.7,3.25,6.09,9.76,1215.29,1.47,2.24,245.4
2015-05-13 03:00:00,11415600.0,994.17,10.69,284.33,6.32,74.3,12.87,9.57,3.31,6.01,9.62,1215.68,1.5,2.4,244.8
2015-05-13 03:10:00,11416200.0,994.16,10.61,284.25,6.08,73.5,12.81,9.41,3.39,5.91,9.47,1216.07,1.82,2.48,247.7
2015-05-13 03:20:00,11416800.0,994.25,10.45,284.08,6.03,74.0,12.67,9.38,3.29,5.89,9.43,1216.89,1.57,2.28,247.5
2015-05-13 03:30:00,11417400.0,994.27,10.34,283.97,5.84,73.6,12.58,9.26,3.32,5.81,9.31,1217.44,1.63,2.12,247.1
2015-05-13 03:40:00,11418000.0,994.34,10.19,283.81,5.72,73.7,12.45,9.18,3.27,5.76,9.23,1218.21,1.76,2.56,244.3
2015-05-13 03:50:00,11418600.0,994.4,10.09,283.71,5.6,73.6,12.37,9.1,3.27,5.71,9.15,1218.74,1.77,2.4,245.7
2015-05-13 04:00:00,11419200.0,994.4,10.0,283.62,5.48,73.4,12.29,9.02,3.27,5.66,9.07,1219.17,1.84,2.64,245.2
2015-05-13 04:10:00,11419800.0,994.39,9.9,283.52,5.36,73.3,12.21,8.95,3.26,5.62,9.0,1219.63,1.84,2.32,241.7
2015-05-13 04:20:00,11420400.0,994.28,9.9,283.53,5.12,72.1,12.21,8.8,3.41,5.53,8.86,1219.56,2.09,2.52,242.7
2015-05-13 04:30:00,11421000.0,994.3,9.72,283.34,4.93,72.0,12.06,8.69,3.38,5.45,8.74,1220.42,2.11,2.96,240.9
2015-05-13 04:40:00,11421600.0,994.35,9.94,283.56,4.66,69.59,12.24,8.52,3.72,5.35,8.57,1219.61,2.23,3.08,240.8
2015-05-13 04:50:00,11422200.0,994.47,9.96,283.57,4.63,69.35,12.26,8.5,3.76,5.34,8.55,1219.68,2.29,2.88,240.4
2015-05-13 05:00:00,11422800.0,994.52,9.83,283.43,4.76,70.6,12.15,8.58,3.57,5.38,8.63,1220.26,2.52,3.04,240.2
2015-05-13 05:10:00,11423400.0,994.59,9.94,283.54,4.88,70.7,12.24,8.66,3.59,5.43,8.7,1219.83,2.11,2.64,242.4
2015-05-13 05:20:00,11424000.0,994.62,10.27,283.87,5.02,69.85,12.52,8.74,3.77,5.49,8.79,1218.41,2.3,2.96,242.5
2015-05-13 05:30:00,11424600.0,994.68,10.23,283.82,5.3,71.4,12.48,8.91,3.57,5.59,8.96,1218.59,1.82,2.96,222.5
2015-05-13 05:40:00,11425200.0,994.75,9.23,282.82,5.79,79.0,11.67,9.22,2.45,5.79,9.27,1222.83,0.44,1.2,213.8
2015-05-13 05:50:00,11425800.0,994.77,9.76,283.34,6.01,77.4,12.1,9.36,2.73,5.88,9.41,1220.5,0.51,1.04,218.7
2015-05-13 06:00:00,11426400.0,994.86,10.02,283.6,6.18,77.0,12.31,9.48,2.83,5.95,9.53,1219.45,1.02,1.8,183.9
2015-05-13 06:10:00,11427000.0,994.89,9.87,283.44,6.32,78.5,12.19,9.57,2.62,6.0,9.62,1220.09,0.97,1.56,203.2
2015-05-13 06:20:00,11427600.0,994.89,10.37,283.95,6.73,78.1,12.6,9.84,2.76,6.18,9.89,1217.81,0.86,1.28,178.1
2015-05-13 06:30:00,11428200.0,994.89,11.08,284.66,6.93,75.5,13.21,9.98,3.24,6.26,10.03,1214.7,1.14,1.96,154.0
2015-05-13 06:40:00,11428800.0,994.89,11.06,284.64,7.08,76.4,13.2,10.08,3.11,6.33,10.13,1214.73,1.36,2.44,170.6
2015-05-13 06:50:00,11429400.0,994.88,11.37,284.95,7.3,76.0,13.47,10.24,3.23,6.43,10.29,1213.33,1.36,2.04,156.3
2015-05-13 07:00:00,11430000.0,994.89,11.68,285.26,7.43,75.1,13.75,10.33,3.42,6.48,10.38,1211.98,1.76,2.64,154.7
2015-05-13 07:10:00,11430600.0,994.89,11.83,285.41,7.38,74.1,13.89,10.29,3.6,6.46,10.34,1211.36,1.62,2.42,150.0
2015-05-13 07:20:00,11431200.0,994.88,12.02,285.6,7.26,72.6,14.06,10.21,3.85,6.41,10.26,1210.57,1.62,2.84,139.5
2015-05-13 07:30:00,11431800.0,994.87,12.7,286.28,7.42,70.2,14.71,10.32,4.38,6.48,10.38,1207.63,1.04,1.84,118.5
2015-05-13 07:40:00,11432400.0,994.89,13.25,286.83,6.53,63.67,15.25,9.71,5.54,6.09,9.76,1205.62,1.64,3.44,158.3
2015-05-13 07:50:00,11433000.0,994.86,13.33,286.91,4.94,56.71,15.33,8.69,6.63,5.45,8.74,1205.72,2.31,4.44,232.7
2015-05-13 08:00:00,11433600.0,994.83,13.12,286.7,4.69,56.51,15.12,8.54,6.57,5.36,8.59,1206.64,3.12,5.37,228.9
2015-05-13 08:10:00,11434200.0,994.8,13.06,286.65,4.86,57.39,15.06,8.64,6.42,5.42,8.69,1206.8,2.85,4.77,202.1
2015-05-13 08:20:00,11434800.0,994.76,13.28,286.87,4.73,56.06,15.28,8.56,6.71,5.37,8.61,1205.87,3.33,4.89,205.5
2015-05-13 08:30:00,11435400.0,994.69,13.33,286.93,4.31,54.26,15.33,8.32,7.01,5.22,8.36,1205.68,3.23,5.41,203.5
2015-05-13 08:40:00,11436000.0,994.67,13.37,286.97,4.02,53.05,15.37,8.15,7.21,5.11,8.19,1205.56,3.93,5.89,207.1
2015-05-13 08:50:00,11436600.0,994.62,13.34,286.94,3.38,50.77,15.34,7.79,7.55,4.88,7.83,1205.79,3.38,5.41,207.3
2015-05-13 09:00:00,11437200.0,994.53,13.73,287.34,3.56,50.13,15.73,7.89,7.84,4.95,7.93,1204.01,2.81,5.13,215.2
2015-05-13 09:10:00,11437800.0,994.43,13.9,287.52,3.78,50.37,15.9,8.01,7.89,5.03,8.06,1203.11,3.23,4.92,189.5
2015-05-13 09:20:00,11438400.0,994.3,14.04,287.67,3.66,49.48,16.05,7.94,8.11,4.98,7.99,1202.39,2.87,4.92,221.0
2015-05-13 09:30:00,11439000.0,994.13,14.42,288.06,3.2,46.73,16.45,7.69,8.76,4.82,7.73,1200.72,2.39,4.36,216.6
2015-05-13 09:40:00,11439600.0,994.0,14.71,288.37,2.01,42.14,16.76,7.06,9.7,4.43,7.11,1199.64,1.9,4.0,194.7
2015-05-13 09:50:00,11440200.0,993.89,15.02,288.69,1.73,40.49,17.1,6.92,10.18,4.34,6.97,1198.28,2.84,6.33,234.3
2015-05-13 10:00:00,11440800.0,993.77,14.91,288.59,1.72,40.73,16.98,6.92,10.06,4.34,6.96,1198.6,3.6,6.04,238.9
2015-05-13 10:10:00,11441400.0,993.58,15.17,288.86,2.29,41.73,17.27,7.21,10.06,4.52,7.25,1197.15,2.96,5.84,199.6
2015-05-13 10:20:00,11442000.0,993.39,15.06,288.77,2.17,41.67,17.14,7.14,10.0,4.49,7.19,1197.41,3.94,6.6,200.1
2015-05-13 10:30:00,11442600.0,993.22,15.11,288.83,2.09,41.29,17.2,7.1,10.1,4.46,7.15,1197.01,3.47,5.44,197.1
2015-05-13 10:40:00,11443200.0,993.17,15.15,288.88,2.44,42.24,17.24,7.28,9.96,4.57,7.33,1196.71,3.31,6.44,187.9
2015-05-13 10:50:00,11443800.0,993.1,15.53,289.26,2.89,42.57,17.67,7.52,10.15,4.72,7.57,1194.94,2.91,4.96,206.6
2015-05-13 11:00:00,11444400.0,992.97,15.57,289.31,2.58,41.54,17.72,7.36,10.36,4.62,7.41,1194.69,4.31,6.77,207.7
2015-05-13 11:10:00,11445000.0,992.86,15.7,289.45,2.89,42.12,17.86,7.52,10.34,4.73,7.58,1193.94,3.15,5.66,221.4
2015-05-13 11:20:00,11445600.0,992.68,15.91,289.68,2.97,41.77,18.11,7.56,10.54,4.75,7.62,1192.84,2.95,5.04,228.2
2015-05-13 11:30:00,11446200.0,992.46,16.2,289.99,2.8,40.51,18.44,7.47,10.97,4.7,7.53,1191.42,3.91,6.16,214.1
2015-05-13 11:40:00,11446800.0,992.27,16.22,290.02,2.93,40.84,18.47,7.54,10.93,4.74,7.6,1191.08,2.49,5.72,221.6
2015-05-13 11:50:00,11447400.0,991.96,16.54,290.37,2.69,39.33,18.85,7.41,11.44,4.66,7.47,1189.45,3.89,6.85,196.6
2015-05-13 12:00:00,11448000.0,991.81,16.2,290.04,2.29,39.06,18.44,7.2,11.24,4.53,7.26,1190.76,4.55,6.85,200.0
2015-05-13 12:10:00,11448600.0,991.81,16.65,290.49,2.64,38.94,18.98,7.39,11.59,4.65,7.45,1188.83,2.19,4.04,214.6
2015-05-13 12:20:00,11449200.0,991.7,17.07,290.92,3.04,39.0,19.49,7.6,11.89,4.78,7.67,1186.88,3.27,5.4,247.1
2015-05-13 12:30:00,11449800.0,991.48,17.07,290.94,3.27,39.64,19.49,7.73,11.77,4.86,7.79,1186.56,2.56,5.66,251.0
2015-05-13 12:40:00,11450400.0,991.3,17.57,291.46,3.38,38.7,20.12,7.79,12.33,4.9,7.85,1184.28,2.99,5.4,238.9
2015-05-13 12:50:00,11451000.0,991.07,17.44,291.35,3.24,38.65,19.95,7.71,12.24,4.85,7.78,1184.56,3.62,5.72,229.6
2015-05-13 13:00:00,11451600.0,990.85,17.65,291.58,3.44,38.68,20.22,7.82,12.4,4.92,7.89,1183.4,3.46,5.52,207.9
2015-05-13 13:10:00,11452200.0,990.76,17.93,291.86,3.14,37.19,20.58,7.65,12.93,4.82,7.73,1182.22,3.06,5.6,254.0
2015-05-13 13:20:00,11452800.0,990.6,17.94,291.89,3.14,37.17,20.59,7.65,12.94,4.82,7.73,1181.99,2.85,5.44,219.8
2015-05-13 13:30:00,11453400.0,990.43,18.08,292.04,3.33,37.35,20.78,7.76,13.02,4.89,7.83,1181.17,3.53,6.56,226.9
2015-05-13 13:40:00,11454000.0,990.34,18.4,292.37,3.38,36.73,21.2,7.79,13.41,4.9,7.86,1179.76,2.64,5.0,243.2
2015-05-13 13:50:00,11454600.0,990.14,18.69,292.68,3.7,36.9,21.59,7.97,13.62,5.02,8.04,1178.27,2.13,6.56,254.7
2015-05-13 14:00:00,11455200.0,989.94,18.87,292.88,3.77,36.67,21.83,8.01,13.83,5.05,8.09,1177.28,2.57,4.8,222.9
2015-05-13 14:10:00,11455800.0,989.79,18.87,292.89,3.74,36.59,21.83,7.99,13.84,5.04,8.07,1177.11,3.25,4.44,216.3
2015-05-13 14:20:00,11456400.0,989.63,18.91,292.94,3.83,36.74,21.89,8.04,13.84,5.07,8.12,1176.74,3.07,5.16,257.9
2015-05-13 14:30:00,11457000.0,989.47,19.1,293.15,4.1,37.01,22.15,8.2,13.95,5.17,8.28,1175.71,1.66,3.96,299.3
2015-05-13 14:40:00,11457600.0,989.27,19.49,293.55,4.49,37.12,22.69,8.42,14.27,5.31,8.51,1173.8,1.8,4.92,235.0
2015-05-13 14:50:00,11458200.0,989.11,19.71,293.79,4.5,36.65,23.0,8.43,14.57,5.32,8.52,1172.73,1.54,3.24,268.1
2015-05-13 15:00:00,11458800.0,988.9,19.9,294.0,4.38,35.9,23.28,8.36,14.92,5.27,8.45,1171.75,1.52,3.44,300.9
2015-05-13 15:10:00,11459400.0,988.74,19.63,293.74,3.56,34.46,22.89,7.89,15.0,4.98,7.98,1172.85,2.52,5.32,275.2
2015-05-13 15:20:00,11460000.0,988.56,19.69,293.82,3.03,33.07,22.97,7.6,15.38,4.79,7.69,1172.53,2.51,4.84,212.3
2015-05-13 15:30:00,11460600.0,988.37,19.87,294.01,3.41,33.59,23.23,7.8,15.43,4.93,7.9,1171.49,1.85,4.24,329.6
2015-05-13 15:40:00,11461200.0,988.16,19.85,294.01,3.32,33.42,23.2,7.75,15.45,4.9,7.85,1171.34,1.38,2.92,320.6
2015-05-13 15:50:00,11461800.0,987.91,19.77,293.95,3.55,34.14,23.09,7.88,15.21,4.98,7.98,1171.31,1.64,3.92,8.31
2015-05-13 16:00:00,11462400.0,987.73,19.6,293.8,3.24,33.76,22.85,7.71,15.13,4.87,7.81,1171.85,2.59,4.7,12.69
2015-05-13 16:10:00,11463000.0,987.64,19.57,293.77,3.45,34.33,22.8,7.83,14.98,4.95,7.93,1171.81,1.73,3.36,316.5
2015-05-13 16:20:00,11463600.0,987.48,19.68,293.9,2.98,32.98,22.96,7.57,15.39,4.78,7.67,1171.29,1.75,3.6,333.1
2015-05-13 16:30:00,11464200.0,987.33,19.26,293.49,2.89,33.62,22.37,7.52,14.85,4.75,7.62,1172.82,1.59,3.4,358.2
2015-05-13 16:40:00,11464800.0,987.18,19.53,293.77,3.54,34.62,22.75,7.88,14.87,4.98,7.98,1171.4,1.64,3.56,285.6
2015-05-13 16:50:00,11465400.0,987.15,19.7,293.95,3.83,34.97,22.99,8.04,14.95,5.08,8.14,1170.61,1.26,3.88,23.68
2015-05-13 17:00:00,11466000.0,987.07,19.45,293.7,3.69,35.18,22.63,7.96,14.67,5.03,8.07,1171.55,2.2,3.84,18.41
2015-05-13 17:10:00,11466600.0,986.88,19.67,293.94,3.7,34.73,22.95,7.97,14.98,5.04,8.07,1170.44,1.55,3.04,20.72
2015-05-13 17:20:00,11467200.0,986.76,19.62,293.9,3.5,34.33,22.87,7.85,15.02,4.96,7.96,1170.55,1.87,3.12,14.92
2015-05-13 17:30:00,11467800.0,986.55,19.58,293.88,3.92,35.45,22.82,8.09,14.73,5.12,8.2,1170.36,2.32,4.84,18.12
2015-05-13 17:40:00,11468400.0,986.29,19.25,293.57,4.05,36.54,22.35,8.17,14.19,5.17,8.28,1171.33,2.4,3.96,21.67
2015-05-13 17:50:00,11469000.0,986.02,18.95,293.29,4.1,37.34,21.94,8.19,13.75,5.18,8.31,1172.2,2.93,4.88,29.29
2015-05-13 18:00:00,11469600.0,985.85,18.63,292.98,4.15,38.24,21.51,8.22,13.28,5.2,8.34,1173.27,1.99,3.76,16.11
2015-05-13 18:10:00,11470200.0,985.7,18.71,293.07,4.41,38.75,21.61,8.38,13.24,5.3,8.5,1172.7,2.26,4.28,29.11
2015-05-13 18:20:00,11470800.0,985.77,18.5,292.86,4.99,40.9,21.33,8.72,12.61,5.52,8.85,1173.47,2.25,4.76,22.74
2015-05-13 18:30:00,11471400.0,985.78,17.96,292.31,5.11,42.67,20.62,8.8,11.82,5.57,8.93,1175.63,2.43,4.0,18.8
2015-05-13 18:40:00,11472000.0,985.81,17.41,291.76,5.22,44.51,19.92,8.87,11.05,5.61,8.99,1177.86,1.49,2.88,26.37
2015-05-13 18:50:00,11472600.0,985.8,16.98,291.33,4.89,44.69,19.38,8.66,10.72,5.48,8.79,1179.68,1.61,3.16,17.17
2015-05-13 19:00:00,11473200.0,985.76,16.76,291.11,5.08,45.91,19.11,8.78,10.34,5.56,8.9,1180.48,0.7,1.84,1.87
2015-05-13 19:10:00,11473800.0,985.64,16.53,290.89,5.05,46.52,18.84,8.76,10.07,5.55,8.89,1181.28,0.74,2.12,331.1
2015-05-13 19:20:00,11474400.0,985.63,16.3,290.66,4.94,46.82,18.56,8.69,9.87,5.5,8.82,1182.24,1.27,2.24,356.1
2015-05-13 19:30:00,11475000.0,985.67,16.0,290.36,5.38,49.22,18.21,8.96,9.25,5.68,9.09,1183.39,2.06,4.28,11.48
2015-05-13 19:40:00,11475600.0,985.65,15.85,290.21,5.46,49.97,18.04,9.01,9.02,5.71,9.14,1183.95,1.86,3.8,14.7
2015-05-13 19:50:00,11476200.0,985.56,15.66,290.02,5.56,50.95,17.82,9.08,8.74,5.75,9.21,1184.59,1.6,3.2,8.08
2015-05-13 20:00:00,11476800.0,985.46,15.51,289.88,5.6,51.57,17.65,9.1,8.55,5.76,9.24,1185.08,1.64,3.44,13.23
2015-05-13 20:10:00,11477400.0,985.44,15.34,289.71,5.64,52.27,17.46,9.12,8.33,5.78,9.26,1185.74,1.31,2.48,347.2
2015-05-13 20:20:00,11478000.0,985.47,15.16,289.53,5.5,52.39,17.26,9.04,8.22,5.73,9.17,1186.56,1.69,2.16,350.8
2015-05-13 20:30:00,11478600.0,985.49,15.11,289.48,5.49,52.53,17.2,9.04,8.16,5.72,9.17,1186.79,1.65,2.0,354.3
2015-05-13 20:40:00,11479200.0,985.51,15.02,289.39,5.53,52.96,17.1,9.06,8.04,5.74,9.19,1187.18,1.67,2.24,350.7
2015-05-13 20:50:00,11479800.0,985.47,14.84,289.21,5.68,54.15,16.9,9.15,7.75,5.8,9.29,1187.82,0.51,1.08,35.97
2015-05-13 21:00:00,11480400.0,985.54,14.73,289.09,5.59,54.21,16.78,9.1,7.69,5.76,9.23,1188.39,1.45,2.0,7.07
2015-05-13 21:10:00,11481000.0,985.57,14.73,289.09,5.6,54.22,16.78,9.1,7.68,5.76,9.23,1188.42,1.57,2.04,10.78
2015-05-13 21:20:00,11481600.0,985.31,14.39,288.77,5.91,56.65,16.42,9.3,7.12,5.89,9.44,1189.42,1.47,2.16,29.57
2015-05-13 21:30:00,11482200.0,985.09,14.15,288.55,5.99,57.84,16.17,9.35,6.82,5.92,9.49,1190.13,2.0,2.64,359.4
2015-05-13 21:40:00,11482800.0,985.09,14.0,288.4,5.95,58.26,16.01,9.33,6.68,5.91,9.47,1190.76,2.1,3.0,355.2
2015-05-13 21:50:00,11483400.0,985.03,13.83,288.23,5.99,59.06,15.83,9.35,6.48,5.93,9.49,1191.38,2.06,3.16,349.9
2015-05-13 22:00:00,11484000.0,984.96,13.7,288.11,6.0,59.61,15.7,9.36,6.34,5.93,9.5,1191.83,1.85,2.68,351.2
2015-05-13 22:10:00,11484600.0,985.03,13.63,288.03,6.04,60.03,15.63,9.38,6.25,5.95,9.52,1192.2,1.29,2.64,346.8
2015-05-13 22:20:00,11485200.0,984.99,13.62,288.02,6.04,60.08,15.62,9.38,6.23,5.95,9.53,1192.19,1.41,2.2,343.6
2015-05-13 22:30:00,11485800.0,984.88,13.6,288.01,6.04,60.16,15.6,9.38,6.21,5.95,9.53,1192.14,0.85,1.76,352.6
2015-05-13 22:40:00,11486400.0,984.83,13.54,287.96,6.0,60.23,15.54,9.36,6.18,5.93,9.5,1192.34,1.0,1.72,354.5
2015-05-13 22:50:00,11487000.0,984.88,13.41,287.82,6.01,60.81,15.41,9.37,6.04,5.94,9.51,1192.94,1.43,2.26,343.9
2015-05-13 23:00:00,11487600.0,984.85,13.32,287.73,6.02,61.17,15.32,9.37,5.95,5.94,9.51,1193.27,1.62,2.88,3.76
2015-05-13 23:10:00,11488200.0,984.81,13.25,287.67,6.04,61.55,15.25,9.38,5.86,5.95,9.53,1193.51,1.43,2.32,8.78
2015-05-13 23:20:00,11488800.0,984.79,13.19,287.61,6.01,61.69,15.19,9.37,5.82,5.94,9.51,1193.74,1.29,2.16,360.0
2015-05-13 23:30:00,11489400.0,984.71,13.12,287.54,5.95,61.71,15.12,9.33,5.79,5.91,9.47,1193.96,0.69,1.28,11.71
2015-05-13 23:40:00,11490000.0,984.7,13.06,287.48,5.99,62.12,15.06,9.35,5.7,5.93,9.5,1194.18,1.32,2.28,7.14
2015-05-13 23:50:00,11490600.0,984.7,13.02,287.44,5.85,61.69,15.02,9.26,5.75,5.87,9.41,1194.39,1.97,2.68,347.4
2015-05-14 00:00:00,11491200.0,984.73,12.93,287.35,5.75,61.59,14.93,9.2,5.73,5.83,9.34,1194.83,1.71,2.64,343.5
2015-05-14 00:10:00,11491800.0,984.82,12.96,287.37,5.57,60.72,14.96,9.08,5.88,5.76,9.22,1194.87,1.62,2.64,351.7
2015-05-14 00:20:00,11492400.0,984.9,12.98,287.39,5.43,60.04,14.98,8.99,5.99,5.7,9.13,1194.93,1.69,2.44,341.5
2015-05-14 00:30:00,11493000.0,984.94,12.92,287.32,5.34,59.9,14.92,8.94,5.98,5.66,9.07,1195.25,1.98,2.5,334.1
2015-05-14 00:40:00,11493600.0,984.94,12.8,287.2,5.48,60.96,14.8,9.02,5.78,5.72,9.16,1195.71,1.16,2.08,355.5
2015-05-14 00:50:00,11494200.0,984.95,12.73,287.13,5.54,61.5,14.74,9.06,5.67,5.74,9.2,1196.0,0.54,1.28,335.6
2015-05-14 01:00:00,11494800.0,985.04,12.55,286.94,5.69,62.88,14.56,9.16,5.41,5.8,9.3,1196.82,0.87,1.72,307.6
2015-05-14 01:10:00,11495400.0,984.94,12.33,286.73,5.92,64.86,14.35,9.31,5.04,5.9,9.45,1197.55,0.5,0.94,152.4
2015-05-14 01:20:00,11496000.0,984.94,12.04,286.44,5.95,66.22,14.08,9.32,4.76,5.91,9.47,1198.76,0.33,0.72,258.3
2015-05-14 01:30:00,11496600.0,984.95,11.9,286.3,5.87,66.47,13.95,9.27,4.68,5.88,9.42,1199.38,0.75,1.24,5.26
2015-05-14 01:40:00,11497200.0,984.94,11.88,286.28,5.78,66.13,13.93,9.21,4.72,5.84,9.35,1199.48,0.78,2.16,58.44
2015-05-14 01:50:00,11497800.0,984.95,11.83,286.23,5.71,66.03,13.89,9.17,4.72,5.81,9.31,1199.73,1.07,2.12,54.12
2015-05-14 02:00:00,11498400.0,985.05,11.72,286.11,5.65,66.26,13.79,9.13,4.65,5.79,9.27,1200.33,1.3,3.4,28.58
2015-05-14 02:10:00,11499000.0,984.97,11.57,285.97,5.67,67.01,13.65,9.15,4.5,5.8,9.29,1200.86,1.7,4.24,25.67
2015-05-14 02:20:00,11499600.0,985.02,11.41,285.8,5.58,67.28,13.51,9.09,4.42,5.76,9.23,1201.62,1.91,4.12,4.54
2015-05-14 02:30:00,11500200.0,985.06,11.18,285.57,5.42,67.56,13.3,8.99,4.32,5.69,9.12,1202.69,2.88,4.53,21.45
2015-05-14 02:40:00,11500800.0,985.05,10.93,285.32,5.42,68.7,13.08,8.99,4.09,5.69,9.12,1203.73,2.54,3.84,17.58
2015-05-14 02:50:00,11501400.0,984.95,10.72,285.11,5.41,69.63,12.9,8.98,3.92,5.69,9.12,1204.51,3.1,5.25,20.38
2015-05-14 03:00:00,11502000.0,984.9,10.54,284.94,5.38,70.3,12.75,8.96,3.79,5.68,9.1,1205.22,2.34,3.62,16.35
2015-05-14 03:10:00,11502600.0,985.13,10.42,284.8,5.34,70.7,12.64,8.94,3.7,5.66,9.07,1206.02,2.33,4.32,15.9
2015-05-14 03:20:00,11503200.0,985.19,10.28,284.65,5.27,71.0,12.53,8.89,3.63,5.63,9.03,1206.71,2.21,3.72,19.53
2015-05-14 03:30:00,11503800.0,985.27,10.15,284.52,5.24,71.5,12.42,8.88,3.54,5.62,9.01,1207.37,2.41,3.78,14.32
2015-05-14 03:40:00,11504400.0,985.41,10.06,284.41,5.24,71.9,12.34,8.87,3.47,5.62,9.01,1207.93,1.79,3.8,29.12
2015-05-14 03:50:00,11505000.0,985.43,9.84,284.19,5.2,72.8,12.16,8.85,3.31,5.61,8.99,1208.9,3.2,5.25,26.34
2015-05-14 04:00:00,11505600.0,985.37,9.65,284.0,5.27,74.1,12.01,8.9,3.11,5.64,9.03,1209.62,1.6,3.64,9.87
2015-05-14 04:10:00,11506200.0,985.35,9.55,283.91,5.29,74.7,11.93,8.91,3.02,5.64,9.04,1210.02,0.62,2.04,12.7
2015-05-14 04:20:00,11506800.0,985.56,9.35,283.69,5.18,75.1,11.77,8.84,2.93,5.6,8.97,1211.17,0.7,1.72,290.8
2015-05-14 04:30:00,11507400.0,985.76,9.23,283.55,5.06,75.1,11.67,8.77,2.91,5.55,8.89,1211.96,0.97,2.52,9.2
2015-05-14 04:40:00,11508000.0,985.97,9.09,283.39,5.0,75.5,11.56,8.73,2.83,5.53,8.85,1212.84,1.41,2.64,18.34
2015-05-14 04:50:00,11508600.0,986.05,9.06,283.36,4.99,75.6,11.54,8.72,2.82,5.52,8.85,1213.07,2.11,4.73,22.2
2015-05-14 05:00:00,11509200.0,986.1,9.02,283.31,4.93,75.5,11.51,8.69,2.82,5.5,8.81,1213.32,2.74,5.05,23.17
2015-05-14 05:10:00,11509800.0,986.17,8.9,283.19,4.86,75.7,11.42,8.64,2.77,5.47,8.76,1213.94,3.39,4.81,22.83
2015-05-14 05:20:00,11510400.0,986.15,8.74,283.03,4.61,75.2,11.29,8.49,2.8,5.37,8.61,1214.68,4.26,5.97,24.78
2015-05-14 05:30:00,11511000.0,986.17,8.66,282.94,4.59,75.5,11.23,8.48,2.75,5.37,8.6,1215.05,2.9,5.17,14.7
2015-05-14 05:40:00,11511600.0,986.2,8.77,283.05,4.67,75.4,11.32,8.53,2.78,5.4,8.65,1214.59,2.93,4.24,21.83
2015-05-14 05:50:00,11512200.0,986.24,8.87,283.15,4.73,75.2,11.39,8.57,2.83,5.42,8.69,1214.19,2.65,4.44,43.98
2015-05-14 06:00:00,11512800.0,986.35,8.64,282.91,4.66,76.0,11.22,8.52,2.69,5.39,8.64,1215.34,2.91,3.96,43.62
2015-05-14 06:10:00,11513400.0,986.45,8.81,283.07,4.62,74.9,11.35,8.5,2.85,5.38,8.61,1214.74,3.61,5.73,41.36
2015-05-14 06:20:00,11514000.0,986.55,8.89,283.14,4.43,73.5,11.41,8.38,3.02,5.3,8.5,1214.58,3.73,5.49,46.89
2015-05-14 06:30:00,11514600.0,986.67,8.97,283.21,4.39,72.9,11.47,8.36,3.11,5.29,8.47,1214.39,3.4,5.25,42.19
2015-05-14 06:40:00,11515200.0,986.7,8.52,282.76,4.15,73.9,11.13,8.22,2.9,5.2,8.33,1216.43,4.0,4.97,41.92
2015-05-14 06:50:00,11515800.0,986.75,8.36,282.6,4.09,74.4,11.0,8.19,2.82,5.18,8.3,1217.2,3.73,5.29,43.92
2015-05-14 07:00:00,11516400.0,986.92,8.6,282.82,4.13,73.4,11.19,8.21,2.98,5.19,8.32,1216.36,2.98,4.61,49.17
2015-05-14 07:10:00,11517000.0,986.93,8.69,282.91,4.12,72.9,11.25,8.2,3.05,5.19,8.31,1215.99,2.63,3.84,42.41
2015-05-14 07:20:00,11517600.0,987.0,8.63,282.85,4.04,72.8,11.21,8.16,3.05,5.16,8.27,1216.36,2.49,3.44,48.96
2015-05-14 07:30:00,11518200.0,987.04,8.59,282.8,4.1,73.3,11.18,8.19,2.98,5.18,8.3,1216.56,2.43,4.2,46.79
2015-05-14 07:40:00,11518800.0,987.1,8.61,282.82,4.08,73.1,11.19,8.18,3.01,5.17,8.29,1216.56,2.43,4.04,47.47
2015-05-14 07:50:00,11519400.0,987.18,8.58,282.78,4.01,72.9,11.17,8.14,3.03,5.15,8.25,1216.8,2.28,3.88,35.42
2015-05-14 08:00:00,11520000.0,987.29,8.46,282.65,3.99,73.4,11.08,8.13,2.95,5.14,8.24,1217.46,2.31,3.62,36.21
2015-05-14 08:10:00,11520600.0,987.28,8.4,282.59,3.95,73.5,11.03,8.11,2.92,5.13,8.22,1217.72,2.87,3.72,38.96
2015-05-14 08:20:00,11521200.0,987.28,8.39,282.58,3.98,73.7,11.03,8.13,2.9,5.14,8.23,1217.76,2.36,3.96,44.28
2015-05-14 08:30:00,11521800.0,987.39,8.46,282.64,4.05,73.7,11.08,8.17,2.91,5.16,8.27,1217.57,2.26,3.32,40.08
2015-05-14 08:40:00,11522400.0,987.4,8.58,282.76,4.17,73.7,11.17,8.23,2.94,5.2,8.34,1217.03,1.96,3.12,46.71
2015-05-14 08:50:00,11523000.0,987.33,8.7,282.89,4.24,73.5,11.26,8.28,2.98,5.23,8.38,1216.41,1.75,2.64,54.68
2015-05-14 09:00:00,11523600.0,987.36,8.72,282.91,4.26,73.5,11.28,8.29,2.99,5.24,8.39,1216.35,1.44,2.32,13.91
2015-05-14 09:10:00,11524200.0,987.42,8.76,282.94,4.36,73.8,11.31,8.35,2.96,5.27,8.45,1216.23,0.88,1.64,335.7
2015-05-14 09:20:00,11524800.0,987.5,8.81,282.99,4.37,73.6,11.35,8.35,3.0,5.28,8.46,1216.11,1.18,2.16,7.22
2015-05-14 09:30:00,11525400.0,987.53,9.01,283.18,4.56,73.6,11.5,8.46,3.04,5.35,8.57,1215.23,1.18,2.44,16.0
2015-05-14 09:40:00,11526000.0,987.48,9.28,283.46,4.74,73.2,11.71,8.57,3.14,5.42,8.68,1213.96,2.08,3.16,32.26
2015-05-14 09:50:00,11526600.0,987.51,9.33,283.51,4.89,73.7,11.75,8.66,3.09,5.47,8.77,1213.74,0.96,2.08,20.33
2015-05-14 10:00:00,11527200.0,987.48,9.75,283.93,5.18,73.1,12.09,8.84,3.25,5.59,8.95,1211.82,0.94,2.16,54.01
2015-05-14 10:10:00,11527800.0,987.52,9.87,284.05,5.19,72.6,12.19,8.85,3.34,5.59,8.96,1211.35,1.18,2.52,9.87
2015-05-14 10:20:00,11528400.0,987.61,9.79,283.96,5.12,72.6,12.12,8.8,3.32,5.56,8.91,1211.82,1.3,2.48,27.05
2015-05-14 10:30:00,11529000.0,987.59,9.82,283.99,5.07,72.2,12.15,8.77,3.38,5.54,8.88,1211.68,1.66,4.1,26.01
2015-05-14 10:40:00,11529600.0,987.53,10.08,284.26,5.0,70.6,12.36,8.73,3.63,5.51,8.84,1210.52,1.54,4.32,313.9
2015-05-14 10:50:00,11530200.0,987.58,10.47,284.65,5.01,68.87,12.69,8.74,3.95,5.52,8.85,1208.91,1.7,3.24,29.29
2015-05-14 11:00:00,11530800.0,987.54,10.34,284.52,4.55,67.27,12.58,8.46,4.12,5.35,8.57,1209.54,2.28,3.52,28.17
2015-05-14 11:10:00,11531400.0,987.42,10.84,285.03,4.55,65.04,13.0,8.46,4.55,5.35,8.57,1207.27,1.79,4.24,23.98
2015-05-14 11:20:00,11532000.0,987.41,11.09,285.28,4.18,62.33,13.22,8.24,4.98,5.21,8.35,1206.3,1.93,3.2,323.5
2015-05-14 11:30:00,11532600.0,987.27,11.25,285.45,3.73,59.74,13.36,7.98,5.38,5.05,8.09,1205.56,1.79,3.88,39.19
2015-05-14 11:40:00,11533200.0,987.19,11.68,285.89,4.08,59.5,13.75,8.18,5.57,5.17,8.29,1203.56,1.21,3.0,299.2
2015-05-14 11:50:00,11533800.0,987.1,12.4,286.62,4.15,57.05,14.42,8.23,6.19,5.2,8.33,1200.39,0.87,3.04,43.08
2015-05-14 12:00:00,11534400.0,986.99,12.99,287.22,4.02,54.37,14.99,8.15,6.84,5.15,8.26,1197.82,1.27,2.84,308.1
2015-05-14 12:10:00,11535000.0,986.89,12.71,286.95,3.75,54.31,14.72,7.99,6.72,5.05,8.1,1198.94,2.01,4.93,328.7
2015-05-14 12:20:00,11535600.0,986.78,12.85,287.1,3.47,52.76,14.85,7.84,7.02,4.95,7.94,1198.29,2.04,3.68,210.6
2015-05-14 12:30:00,11536200.0,986.71,13.59,287.85,3.74,51.24,15.59,7.99,7.6,5.05,8.09,1195.05,1.22,2.96,12.99
2015-05-14 12:40:00,11536800.0,986.66,14.01,288.28,4.24,51.66,16.02,8.28,7.74,5.23,8.39,1193.1,1.82,4.73,13.54
2015-05-14 12:50:00,11537400.0,986.66,13.65,287.91,3.2,49.15,15.65,7.69,7.96,4.86,7.8,1194.87,2.98,4.97,353.7
2015-05-14 13:00:00,11538000.0,986.6,13.61,287.88,3.46,50.2,15.61,7.84,7.77,4.95,7.94,1194.9,1.41,2.9,338.7
2015-05-14 13:10:00,11538600.0,986.37,13.86,288.15,3.99,51.26,15.86,8.13,7.73,5.14,8.24,1193.44,3.17,5.17,25.32
2015-05-14 13:20:00,11539200.0,986.3,13.74,288.03,3.76,50.84,15.74,8.0,7.74,5.06,8.11,1193.92,3.33,6.29,26.36
2015-05-14 13:30:00,11539800.0,986.22,14.3,288.6,3.44,47.9,16.32,7.82,8.5,4.95,7.93,1191.58,1.58,3.88,334.4
2015-05-14 13:40:00,11540400.0,986.12,14.52,288.83,3.87,48.69,16.56,8.06,8.5,5.1,8.18,1190.43,2.02,3.24,358.5
2015-05-14 13:50:00,11541000.0,986.03,14.16,288.48,3.39,48.18,16.18,7.79,8.38,4.93,7.9,1191.94,2.81,4.68,5.27
2015-05-14 14:00:00,11541600.0,986.01,14.55,288.87,3.5,47.34,16.59,7.85,8.74,4.97,7.96,1190.27,1.77,3.56,303.7
2015-05-14 14:10:00,11542200.0,985.99,14.75,289.07,3.54,46.86,16.81,7.87,8.93,4.98,7.99,1189.41,2.03,7.09,338.7
2015-05-14 14:20:00,11542800.0,985.92,14.64,288.97,3.36,46.6,16.69,7.78,8.91,4.92,7.89,1189.83,1.36,3.12,11.98
2015-05-14 14:30:00,11543400.0,985.74,15.02,289.37,3.83,47.02,17.1,8.04,9.06,5.09,8.16,1187.92,2.25,5.26,37.55
2015-05-14 14:40:00,11544000.0,985.61,14.94,289.3,3.65,46.65,17.01,7.94,9.08,5.02,8.05,1188.14,3.3,6.2,321.4
2015-05-14 14:50:00,11544600.0,985.61,15.16,289.52,3.54,45.64,17.26,7.88,9.38,4.98,7.99,1187.26,1.5,3.24,270.5
2015-05-14 15:00:00,11545200.0,985.54,15.56,289.93,3.68,44.93,17.7,7.95,9.75,5.04,8.07,1185.49,1.85,4.84,18.76
2015-05-14 15:10:00,11545800.0,985.44,15.15,289.52,3.85,46.69,17.24,8.05,9.19,5.1,8.17,1187.01,2.11,3.8,16.93
2015-05-14 15:20:00,11546400.0,985.42,15.49,289.87,3.47,44.46,17.62,7.84,9.79,4.96,7.95,1185.69,2.02,3.36,12.8
2015-05-14 15:30:00,11547000.0,985.23,15.48,289.87,3.21,43.7,17.61,7.7,9.92,4.87,7.81,1185.57,3.83,5.72,36.61
2015-05-14 15:40:00,11547600.0,985.21,15.2,289.59,1.82,40.29,17.3,6.97,10.33,4.41,7.07,1187.03,3.03,6.08,353.0
2015-05-14 15:50:00,11548200.0,985.21,15.48,289.87,2.09,40.34,17.61,7.11,10.51,4.5,7.21,1185.81,1.65,3.72,11.3
2015-05-14 16:00:00,11548800.0,985.13,15.55,289.95,2.59,41.6,17.69,7.36,10.33,4.66,7.47,1185.31,2.39,4.06,14.29
2015-05-14 16:10:00,11549400.0,985.05,15.58,289.99,2.58,41.51,17.73,7.36,10.37,4.66,7.47,1185.09,2.65,5.6,23.33
2015-05-14 16:20:00,11550000.0,985.05,15.47,289.88,2.85,42.61,17.6,7.5,10.1,4.75,7.61,1185.48,1.64,3.04,1.88
2015-05-14 16:30:00,11550600.0,985.04,15.5,289.91,2.98,42.91,17.64,7.57,10.07,4.79,7.68,1185.31,1.78,3.26,11.36
2015-05-14 16:40:00,11551200.0,984.93,15.31,289.73,2.54,42.12,17.42,7.34,10.08,4.65,7.45,1186.07,2.56,4.32,20.94
2015-05-14 16:50:00,11551800.0,984.83,15.15,289.57,2.57,42.65,17.24,7.35,9.89,4.66,7.47,1186.6,2.69,4.04,28.33
2015-05-14 17:00:00,11552400.0,984.79,15.28,289.71,2.87,43.2,17.39,7.51,9.88,4.76,7.63,1185.94,2.37,4.48,27.34
2015-05-14 17:10:00,11553000.0,984.7,15.27,289.7,2.51,42.14,17.38,7.32,10.05,4.64,7.44,1185.96,3.09,5.42,23.51
2015-05-14 17:20:00,11553600.0,984.68,15.54,289.98,2.4,41.07,17.68,7.26,10.42,4.6,7.37,1184.85,2.04,4.04,48.43
2015-05-14 17:30:00,11554200.0,984.51,15.74,290.19,2.41,40.59,17.91,7.27,10.64,4.61,7.38,1183.83,3.33,6.24,31.34
2015-05-14 17:40:00,11554800.0,984.55,15.32,289.77,2.1,40.78,17.43,7.11,10.32,4.5,7.22,1185.67,3.13,5.24,24.93
2015-05-14 17:50:00,11555400.0,984.59,15.14,289.58,1.81,40.4,17.23,6.96,10.27,4.41,7.07,1186.53,1.59,3.44,42.13
2015-05-14 18:00:00,11556000.0,984.59,15.22,289.66,1.6,39.6,17.32,6.86,10.46,4.34,6.97,1186.24,2.03,3.08,27.19
2015-05-14 18:10:00,11556600.0,984.58,15.4,289.85,1.96,40.15,17.52,7.04,10.49,4.46,7.15,1185.41,2.15,3.96,34.39
2015-05-14 18:20:00,11557200.0,984.64,14.75,289.19,2.33,43.02,16.81,7.23,9.58,4.58,7.34,1188.07,1.87,3.24,22.92
2015-05-14 18:30:00,11557800.0,984.72,14.33,288.76,3.34,47.48,16.35,7.77,8.59,4.92,7.89,1189.66,1.96,3.2,26.34
2015-05-14 18:40:00,11558400.0,984.71,14.25,288.68,3.66,48.84,16.27,7.95,8.32,5.03,8.07,1189.9,2.9,4.36,39.06
2015-05-14 18:50:00,11559000.0,984.75,14.09,288.52,4.09,50.85,16.1,8.19,7.91,5.19,8.31,1190.5,3.56,4.68,44.59
2015-05-14 19:00:00,11559600.0,984.78,13.91,288.33,4.13,51.59,15.92,8.21,7.7,5.2,8.34,1191.27,3.26,4.64,48.29
2015-05-14 19:10:00,11560200.0,984.79,13.69,288.11,4.28,52.88,15.69,8.3,7.39,5.26,8.42,1192.15,3.2,4.96,54.75
2015-05-14 19:20:00,11560800.0,984.79,13.37,287.79,4.36,54.31,15.37,8.34,7.02,5.29,8.47,1193.46,4.1,5.25,40.71
2015-05-14 19:30:00,11561400.0,984.98,13.15,287.55,4.46,55.49,15.15,8.4,6.74,5.32,8.53,1194.58,2.63,4.85,47.52
2015-05-14 19:40:00,11562000.0,985.1,12.95,287.34,4.48,56.31,14.95,8.42,6.53,5.33,8.55,1195.56,2.74,5.17,65.67
2015-05-14 19:50:00,11562600.0,985.2,12.58,286.96,4.55,57.95,14.59,8.46,6.14,5.36,8.58,1197.21,2.74,4.61,57.3
2015-05-14 20:00:00,11563200.0,985.31,12.27,286.64,4.61,59.41,14.3,8.49,5.8,5.38,8.62,1198.63,2.11,3.72,38.34
2015-05-14 20:10:00,11563800.0,985.37,12.01,286.37,4.55,60.2,14.05,8.46,5.59,5.36,8.59,1199.81,1.72,2.88,32.85
2015-05-14 20:20:00,11564400.0,985.46,11.83,286.19,4.5,60.69,13.89,8.43,5.46,5.34,8.55,1200.69,2.08,3.52,44.21
2015-05-14 20:30:00,11565000.0,985.54,11.68,286.03,4.53,61.43,13.75,8.45,5.3,5.35,8.57,1201.41,1.15,2.14,42.94
2015-05-14 20:40:00,11565600.0,985.6,11.5,285.84,4.55,62.23,13.59,8.46,5.13,5.35,8.58,1202.24,0.87,1.98,58.94
2015-05-14 20:50:00,11566200.0,985.68,11.35,285.69,4.49,62.62,13.45,8.42,5.03,5.33,8.55,1202.99,1.41,2.4,41.89
2015-05-14 21:00:00,11566800.0,985.72,11.17,285.5,4.48,63.31,13.29,8.42,4.88,5.33,8.54,1203.8,1.79,2.8,47.23
2015-05-14 21:10:00,11567400.0,985.81,11.11,285.43,4.54,63.86,13.24,8.45,4.78,5.35,8.58,1204.15,1.02,1.7,64.56
2015-05-14 21:20:00,11568000.0,985.8,10.95,285.27,4.42,63.96,13.1,8.38,4.72,5.3,8.5,1204.85,1.92,2.64,41.83
2015-05-14 21:30:00,11568600.0,985.72,10.78,285.11,4.39,64.58,12.95,8.36,4.59,5.3,8.49,1205.48,2.98,3.8,36.2
2015-05-14 21:40:00,11569200.0,985.78,10.67,285.0,4.39,65.04,12.86,8.36,4.49,5.29,8.48,1206.02,2.7,3.44,31.3
2015-05-14 21:50:00,11569800.0,985.71,10.57,284.9,4.37,65.4,12.77,8.35,4.42,5.29,8.47,1206.37,2.84,3.92,31.63
2015-05-14 22:00:00,11570400.0,985.69,10.46,284.79,4.4,65.99,12.68,8.37,4.31,5.3,8.49,1206.8,2.69,3.48,32.59
2015-05-14 22:10:00,11571000.0,985.67,10.34,284.67,4.36,66.36,12.58,8.35,4.23,5.28,8.47,1207.3,2.88,3.92,31.73
2015-05-14 22:20:00,11571600.0,985.72,10.19,284.52,4.41,67.27,12.45,8.38,4.08,5.3,8.5,1207.99,2.55,3.44,37.2
2015-05-14 22:30:00,11572200.0,985.83,9.95,284.27,4.49,68.76,12.25,8.42,3.83,5.33,8.55,1209.12,1.96,3.08,37.84
2015-05-14 22:40:00,11572800.0,985.88,9.82,284.13,4.33,68.59,12.15,8.33,3.82,5.27,8.45,1209.78,2.19,3.1,29.2
2015-05-14 22:50:00,11573400.0,985.91,9.79,284.1,4.27,68.43,12.12,8.29,3.83,5.25,8.41,1209.97,1.92,2.6,33.66
2015-05-14 23:00:00,11574000.0,985.94,9.7,284.01,4.21,68.56,12.05,8.26,3.79,5.23,8.38,1210.4,1.81,2.28,31.87
2015-05-14 23:10:00,11574600.0,985.98,9.84,284.15,3.99,66.84,12.16,8.13,4.03,5.14,8.25,1209.92,1.2,2.48,54.49
2015-05-14 23:20:00,11575200.0,985.95,9.75,284.06,4.0,67.3,12.09,8.14,3.95,5.15,8.25,1210.26,1.5,2.48,30.87
2015-05-14 23:30:00,11575800.0,985.94,9.52,283.83,4.03,68.48,11.9,8.15,3.75,5.16,8.27,1211.23,1.12,2.1,48.35
2015-05-14 23:40:00,11576400.0,985.88,9.06,283.37,4.18,71.4,11.54,8.24,3.3,5.21,8.36,1213.08,1.45,2.6,28.29
2015-05-14 23:50:00,11577000.0,985.84,9.13,283.44,4.08,70.6,11.59,8.19,3.41,5.18,8.3,1212.76,1.87,2.52,1.3
2015-05-15 00:00:00,11577600.0,985.8,9.03,283.35,4.01,70.7,11.52,8.14,3.37,5.15,8.26,1213.16,1.64,2.36,1.26
2015-05-15 00:10:00,11578200.0,985.86,8.76,283.07,4.05,72.2,11.31,8.16,3.14,5.17,8.28,1214.39,1.37,2.12,13.31
2015-05-15 00:20:00,11578800.0,985.82,8.71,283.02,4.08,72.6,11.27,8.18,3.09,5.18,8.3,1214.54,1.43,1.88,5.83
2015-05-15 00:30:00,11579400.0,985.79,8.41,282.72,4.06,74.0,11.04,8.17,2.87,5.17,8.29,1215.81,0.39,1.04,68.45
2015-05-15 00:40:00,11580000.0,985.71,8.03,282.35,3.98,75.5,10.76,8.12,2.64,5.14,8.24,1217.37,0.61,1.16,252.7
2015-05-15 00:50:00,11580600.0,985.65,7.87,282.19,3.88,75.8,10.64,8.07,2.58,5.11,8.19,1218.02,0.35,0.64,333.8
2015-05-15 01:00:00,11581200.0,985.64,7.74,282.06,3.92,76.7,10.55,8.09,2.46,5.12,8.21,1218.56,0.48,1.08,75.4
2015-05-15 01:10:00,11581800.0,985.66,7.49,281.81,4.04,78.7,10.37,8.16,2.21,5.17,8.28,1219.63,0.69,1.2,28.4
2015-05-15 01:20:00,11582400.0,985.53,7.41,281.74,4.32,80.7,10.31,8.32,1.99,5.27,8.45,1219.74,0.67,1.08,44.84
2015-05-15 01:30:00,11583000.0,985.52,7.3,281.63,4.2,80.6,10.24,8.25,1.99,5.22,8.37,1220.24,0.45,0.76,38.33
2015-05-15 01:40:00,11583600.0,985.54,7.09,281.42,4.04,80.9,10.09,8.16,1.93,5.17,8.28,1221.23,0.6,0.92,259.6
2015-05-15 01:50:00,11584200.0,985.51,7.06,281.39,3.98,80.7,10.07,8.13,1.94,5.14,8.25,1221.34,0.77,1.08,52.06
2015-05-15 02:00:00,11584800.0,985.5,6.87,281.2,3.95,81.6,9.94,8.11,1.83,5.13,8.23,1222.17,0.32,0.88,156.5
2015-05-15 02:10:00,11585400.0,985.46,6.73,281.06,3.95,82.4,9.84,8.11,1.73,5.13,8.23,1222.73,0.34,0.66,117.1
2015-05-15 02:20:00,11586000.0,985.49,6.72,281.06,3.91,82.2,9.84,8.09,1.75,5.12,8.21,1222.8,0.5,1.04,92.9
2015-05-15 02:30:00,11586600.0,985.47,6.36,280.69,3.9,84.2,9.59,8.08,1.52,5.11,8.2,1224.38,0.67,1.28,58.09
2015-05-15 02:40:00,11587200.0,985.44,6.15,280.48,3.91,85.5,9.46,8.08,1.37,5.12,8.2,1225.25,0.31,0.52,271.7
2015-05-15 02:50:00,11587800.0,985.45,6.02,280.35,3.86,86.0,9.37,8.06,1.31,5.1,8.18,1225.86,0.2,0.56,338.6
2015-05-15 03:00:00,11588400.0,985.41,5.94,280.27,3.75,85.8,9.32,7.99,1.32,5.06,8.11,1226.2,1.06,1.72,42.54
2015-05-15 03:10:00,11589000.0,985.52,5.68,280.01,3.71,87.1,9.15,7.97,1.18,5.05,8.09,1227.47,0.81,1.12,34.03
2015-05-15 03:20:00,11589600.0,985.53,5.57,279.9,3.69,87.6,9.08,7.96,1.13,5.04,8.08,1227.96,0.28,0.6,359.0
2015-05-15 03:30:00,11590200.0,985.63,5.39,279.71,3.56,87.9,8.97,7.89,1.09,4.99,8.0,1228.91,0.27,0.52,22.99
2015-05-15 03:40:00,11590800.0,985.71,5.33,279.64,3.55,88.2,8.93,7.88,1.05,4.99,7.99,1229.28,0.21,0.44,206.9
2015-05-15 03:50:00,11591400.0,985.67,5.31,279.62,3.41,87.5,8.92,7.8,1.11,4.94,7.92,1229.39,0.26,0.7,225.2
2015-05-15 04:00:00,11592000.0,985.65,5.24,279.55,3.37,87.7,8.88,7.79,1.09,4.93,7.9,1229.65,0.45,0.64,54.91
2015-05-15 04:10:00,11592600.0,985.76,5.02,279.32,3.35,88.9,8.74,7.77,0.97,4.92,7.88,1230.77,0.42,0.92,29.21
2015-05-15 04:20:00,11593200.0,985.86,4.99,279.28,3.43,89.6,8.72,7.81,0.91,4.94,7.93,1231.03,0.67,1.0,46.76
2015-05-15 04:30:00,11593800.0,985.86,4.89,279.19,3.43,90.2,8.66,7.81,0.85,4.94,7.93,1231.45,0.8,1.08,33.95
2015-05-15 04:40:00,11594400.0,985.88,4.88,279.17,3.51,90.8,8.66,7.86,0.8,4.97,7.97,1231.5,0.62,0.84,31.07
2015-05-15 04:50:00,11595000.0,985.98,5.0,279.28,3.53,90.2,8.73,7.87,0.86,4.98,7.98,1231.1,0.43,1.06,201.8
2015-05-15 05:00:00,11595600.0,986.19,5.29,279.55,3.64,89.1,8.9,7.93,0.97,5.02,8.04,1230.06,0.6,1.04,208.4
2015-05-15 05:10:00,11596200.0,986.32,5.75,280.01,3.55,85.7,9.2,7.88,1.32,4.99,7.99,1228.2,0.38,0.66,82.1
2015-05-15 05:20:00,11596800.0,986.46,5.83,280.08,3.38,84.2,9.25,7.79,1.46,4.92,7.89,1228.07,0.39,1.1,334.4
2015-05-15 05:30:00,11597400.0,986.59,5.61,279.85,3.4,85.6,9.11,7.8,1.31,4.93,7.9,1229.19,0.8,1.64,199.4
2015-05-15 05:40:00,11598000.0,986.64,5.58,279.81,3.4,85.8,9.09,7.8,1.29,4.93,7.9,1229.39,1.02,1.52,199.9
2015-05-15 05:50:00,11598600.0,986.66,6.23,280.46,3.7,83.8,9.51,7.97,1.54,5.04,8.07,1226.49,0.89,1.32,191.8
2015-05-15 06:00:00,11599200.0,986.65,6.8,281.04,3.74,80.8,9.89,7.99,1.9,5.05,8.1,1223.97,1.17,1.56,178.5
2015-05-15 06:10:00,11599800.0,986.76,6.65,280.88,3.89,82.5,9.79,8.07,1.71,5.11,8.18,1224.71,0.89,1.56,179.1
2015-05-15 06:20:00,11600400.0,986.82,6.77,281.0,3.94,82.1,9.87,8.1,1.77,5.12,8.21,1224.23,0.86,1.5,171.0
2015-05-15 06:30:00,11601000.0,986.83,7.06,281.28,4.14,81.6,10.07,8.22,1.85,5.2,8.33,1222.93,0.47,0.96,165.5
2015-05-15 06:40:00,11601600.0,986.88,7.63,281.85,4.3,79.4,10.47,8.31,2.16,5.26,8.42,1220.47,0.41,0.88,127.1
2015-05-15 06:50:00,11602200.0,986.93,7.77,281.99,4.35,78.9,10.57,8.34,2.23,5.27,8.45,1219.91,0.54,0.92,91.2
2015-05-15 07:00:00,11602800.0,986.99,8.6,282.82,4.72,76.5,11.19,8.56,2.63,5.41,8.67,1216.29,0.55,1.04,123.4
2015-05-15 07:10:00,11603400.0,986.97,8.98,283.2,4.76,74.8,11.48,8.59,2.89,5.43,8.7,1214.61,1.22,2.54,67.98
2015-05-15 07:20:00,11604000.0,987.02,8.7,282.92,4.79,76.4,11.26,8.6,2.66,5.44,8.72,1215.87,2.04,2.96,42.14
2015-05-15 07:30:00,11604600.0,986.97,8.76,282.98,4.78,76.0,11.31,8.59,2.71,5.43,8.71,1215.56,1.87,2.56,31.08
2015-05-15 07:40:00,11605200.0,986.9,9.17,283.4,4.85,74.3,11.63,8.64,2.99,5.46,8.75,1213.68,2.28,3.0,33.52
2015-05-15 07:50:00,11605800.0,986.91,9.37,283.6,4.47,71.4,11.78,8.41,3.37,5.32,8.53,1212.94,2.76,4.12,20.8
2015-05-15 08:00:00,11606400.0,987.01,9.81,284.03,4.78,70.8,12.14,8.59,3.54,5.43,8.71,1211.1,1.74,3.04,32.43
2015-05-15 08:10:00,11607000.0,987.17,10.49,284.7,5.07,69.05,12.7,8.77,3.93,5.55,8.89,1208.31,1.91,3.16,43.33
2015-05-15 08:20:00,11607600.0,987.27,10.92,285.12,5.32,68.27,13.07,8.93,4.15,5.64,9.04,1206.53,2.03,3.24,24.15
2015-05-15 08:30:00,11608200.0,987.46,11.17,285.36,4.84,64.94,13.29,8.63,4.66,5.46,8.74,1205.84,3.16,4.77,35.18
2015-05-15 08:40:00,11608800.0,987.64,11.48,285.65,5.16,65.07,13.57,8.83,4.74,5.58,8.94,1204.65,2.7,4.16,40.17
2015-05-15 08:50:00,11609400.0,987.66,12.09,286.26,5.46,63.79,14.13,9.01,5.12,5.7,9.12,1202.02,2.31,3.96,13.82
2015-05-15 09:00:00,11610000.0,987.72,12.22,286.39,5.16,61.94,14.25,8.83,5.42,5.58,8.94,1201.63,2.84,4.28,14.97
2015-05-15 09:10:00,11610600.0,987.79,12.34,286.5,5.31,62.12,14.36,8.92,5.44,5.64,9.03,1201.16,2.55,3.96,37.35
2015-05-15 09:20:00,11611200.0,987.96,12.31,286.46,5.19,61.69,14.33,8.84,5.49,5.59,8.95,1201.53,2.73,4.4,25.2
2015-05-15 09:30:00,11611800.0,988.09,12.8,286.94,5.3,60.2,14.8,8.91,5.89,5.63,9.02,1199.6,2.44,4.08,44.96
2015-05-15 09:40:00,11612400.0,988.14,13.23,287.37,4.96,57.18,15.23,8.71,6.52,5.5,8.81,1197.96,3.14,5.13,38.21
2015-05-15 09:50:00,11613000.0,988.24,13.31,287.44,4.87,56.53,15.31,8.65,6.65,5.46,8.75,1197.77,3.37,6.73,40.97
2015-05-15 10:00:00,11613600.0,988.33,13.47,287.59,4.89,56.02,15.47,8.66,6.8,5.47,8.77,1197.2,2.82,5.17,57.9
2015-05-15 10:10:00,11614200.0,988.42,13.75,287.87,4.88,54.94,15.75,8.65,7.1,5.46,8.75,1196.15,3.21,4.85,41.68
2015-05-15 10:20:00,11614800.0,988.44,13.71,287.83,4.85,54.99,15.71,8.64,7.07,5.45,8.74,1196.35,3.43,5.53,56.94
2015-05-15 10:30:00,11615400.0,988.46,13.82,287.93,4.54,53.41,15.82,8.45,7.37,5.33,8.55,1196.0,3.61,5.41,54.77
2015-05-15 10:40:00,11616000.0,988.5,13.89,288.0,3.88,50.76,15.89,8.07,7.83,5.09,8.16,1195.93,3.17,4.96,52.87
2015-05-15 10:50:00,11616600.0,988.48,14.19,288.3,3.43,48.22,16.21,7.82,8.39,4.93,7.91,1194.77,2.94,4.64,68.44
2015-05-15 11:00:00,11617200.0,988.52,14.4,288.51,3.39,47.43,16.43,7.79,8.64,4.92,7.88,1193.96,2.96,4.7,57.54
2015-05-15 11:10:00,11617800.0,988.42,14.47,288.59,3.87,48.87,16.5,8.07,8.44,5.09,8.16,1193.42,3.22,5.18,57.9
2015-05-15 11:20:00,11618400.0,988.5,14.47,288.58,4.09,49.61,16.5,8.19,8.32,5.17,8.28,1193.46,3.87,5.44,39.89
2015-05-15 11:30:00,11619000.0,988.47,14.46,288.58,4.34,50.54,16.49,8.34,8.16,5.26,8.43,1193.4,3.75,6.73,35.99
2015-05-15 11:40:00,11619600.0,988.35,14.68,288.81,4.42,50.09,16.73,8.38,8.35,5.29,8.48,1192.32,3.66,5.44,57.44
2015-05-15 11:50:00,11620200.0,988.35,15.04,289.17,4.7,49.91,17.12,8.55,8.58,5.4,8.65,1190.76,3.93,6.37,51.0
2015-05-15 12:00:00,11620800.0,988.36,14.96,289.09,4.37,49.02,17.03,8.35,8.68,5.27,8.45,1191.19,3.72,5.68,59.5
2015-05-15 12:10:00,11621400.0,988.32,14.96,289.09,4.09,48.07,17.03,8.19,8.85,5.17,8.29,1191.22,2.81,4.6,71.2
2015-05-15 12:20:00,11622000.0,988.26,15.32,289.46,3.8,46.01,17.43,8.02,9.41,5.06,8.12,1189.73,3.5,5.52,55.48
2015-05-15 12:30:00,11622600.0,988.16,15.63,289.78,3.97,45.66,17.78,8.12,9.66,5.13,8.22,1188.29,3.12,5.92,45.06
2015-05-15 12:40:00,11623200.0,988.23,15.71,289.85,3.22,43.09,17.88,7.7,10.17,4.86,7.79,1188.24,2.97,5.28,52.6
2015-05-15 12:50:00,11623800.0,988.31,15.65,289.78,3.13,42.96,17.81,7.65,10.16,4.83,7.74,1188.6,3.7,6.5,62.42
2015-05-15 13:00:00,11624400.0,988.34,15.76,289.89,3.62,44.17,17.93,7.92,10.01,5.0,8.01,1188.06,2.37,5.0,47.35
2015-05-15 13:10:00,11625000.0,988.4,16.02,290.15,3.96,44.5,18.23,8.11,10.12,5.12,8.21,1186.98,2.49,5.48,56.36
2015-05-15 13:20:00,11625600.0,988.46,16.13,290.25,4.02,44.39,18.36,8.15,10.21,5.15,8.25,1186.59,3.62,5.64,70.3
2015-05-15 13:30:00,11626200.0,988.47,16.12,290.24,4.39,45.58,18.35,8.36,9.99,5.28,8.46,1186.54,3.25,5.68,49.39
2015-05-15 13:40:00,11626800.0,988.59,16.11,290.22,3.94,44.18,18.34,8.1,10.24,5.11,8.2,1186.85,4.74,7.04,74.0
2015-05-15 13:50:00,11627400.0,988.63,16.32,290.43,4.15,44.24,18.59,8.22,10.36,5.19,8.32,1185.98,3.43,5.48,61.56
2015-05-15 14:00:00,11628000.0,988.64,16.68,290.79,4.35,43.87,19.02,8.34,10.67,5.27,8.44,1184.46,3.92,7.77,42.41
2015-05-15 14:10:00,11628600.0,988.63,16.62,290.73,4.21,43.58,18.94,8.26,10.69,5.21,8.35,1184.74,3.02,5.66,61.92
2015-05-15 14:20:00,11629200.0,988.52,16.73,290.85,3.98,42.6,19.08,8.13,10.95,5.13,8.22,1184.21,4.65,7.0,56.74
2015-05-15 14:30:00,11629800.0,988.5,16.85,290.97,4.04,42.44,19.22,8.16,11.06,5.15,8.25,1183.68,3.69,6.56,66.21
2015-05-15 14:40:00,11630400.0,988.5,16.78,290.9,3.95,42.37,19.14,8.11,11.03,5.12,8.2,1183.99,4.42,7.08,61.51
2015-05-15 14:50:00,11631000.0,988.52,16.55,290.67,3.94,42.96,18.86,8.1,10.76,5.11,8.2,1184.96,4.61,6.57,37.2
2015-05-15 15:00:00,11631600.0,988.61,16.66,290.77,4.2,43.44,18.99,8.25,10.74,5.21,8.35,1184.55,5.07,6.89,48.78
2015-05-15 15:10:00,11632200.0,988.69,16.68,290.78,4.36,43.88,19.02,8.34,10.67,5.27,8.44,1184.52,3.74,6.16,58.41
2015-05-15 15:20:00,11632800.0,988.65,16.99,291.1,3.81,41.41,19.39,8.03,11.36,5.07,8.12,1183.35,4.27,7.06,57.12
2015-05-15 15:30:00,11633400.0,988.69,16.99,291.1,4.09,42.23,19.39,8.19,11.2,5.17,8.28,1183.33,4.06,6.22,57.64
2015-05-15 15:40:00,11634000.0,988.74,16.94,291.04,4.05,42.25,19.33,8.17,11.16,5.15,8.26,1183.6,3.55,5.8,48.17
2015-05-15 15:50:00,11634600.0,988.76,17.14,291.24,3.95,41.41,19.58,8.11,11.47,5.12,8.2,1182.84,3.02,6.59,40.16
2015-05-15 16:00:00,11635200.0,988.81,17.11,291.21,4.02,41.71,19.54,8.15,11.39,5.14,8.24,1183.0,4.03,6.65,51.17
2015-05-15 16:10:00,11635800.0,988.86,17.12,291.21,3.46,40.05,19.56,7.83,11.72,4.94,7.92,1183.16,4.75,6.65,32.91
2015-05-15 16:20:00,11636400.0,988.89,16.96,291.05,3.21,39.75,19.36,7.69,11.66,4.85,7.78,1183.91,4.19,6.97,40.13
2015-05-15 16:30:00,11637000.0,988.91,16.85,290.94,4.0,42.32,19.22,8.14,11.09,5.13,8.23,1184.19,3.95,5.72,35.63
2015-05-15 16:40:00,11637600.0,989.07,17.01,291.08,3.87,41.53,19.42,8.06,11.35,5.09,8.15,1183.76,3.83,5.96,44.29
2015-05-15 16:50:00,11638200.0,989.2,17.22,291.28,4.17,41.85,19.68,8.24,11.44,5.19,8.33,1182.98,3.39,6.04,47.55
2015-05-15 17:00:00,11638800.0,989.32,17.32,291.37,4.63,42.94,19.8,8.5,11.3,5.36,8.6,1182.6,3.57,5.56,45.31
2015-05-15 17:10:00,11639400.0,989.48,17.25,291.29,4.87,43.88,19.72,8.65,11.07,5.46,8.74,1183.01,4.02,5.76,33.26
2015-05-15 17:20:00,11640000.0,989.62,17.08,291.11,4.75,43.96,19.51,8.57,10.93,5.41,8.66,1183.9,3.58,5.72,39.78
2015-05-15 17:30:00,11640600.0,989.64,17.05,291.08,4.81,44.24,19.47,8.61,10.86,5.43,8.7,1184.03,3.56,5.92,46.51
2015-05-15 17:40:00,11641200.0,989.72,17.16,291.18,4.5,43.0,19.6,8.43,11.17,5.32,8.52,1183.76,3.13,4.48,34.81
2015-05-15 17:50:00,11641800.0,989.85,17.1,291.11,4.15,42.11,19.53,8.22,11.31,5.18,8.31,1184.25,3.18,5.12,27.27
2015-05-15 18:00:00,11642400.0,989.87,16.92,290.93,3.86,41.73,19.31,8.06,11.25,5.08,8.14,1185.09,3.03,4.44,21.3
2015-05-15 18:10:00,11643000.0,989.91,16.81,290.81,4.02,42.5,19.17,8.15,11.03,5.14,8.23,1185.55,3.04,4.2,28.25
2015-05-15 18:20:00,11643600.0,989.98,16.75,290.75,4.02,42.66,19.1,8.15,10.95,5.14,8.23,1185.87,2.6,3.96,42.23
2015-05-15 18:30:00,11644200.0,990.06,16.76,290.75,4.14,42.98,19.11,8.22,10.9,5.18,8.3,1185.9,1.9,3.08,46.69
2015-05-15 18:40:00,11644800.0,990.19,16.27,290.25,4.3,44.87,18.53,8.31,10.21,5.24,8.4,1188.02,2.57,3.44,41.59
2015-05-15 18:50:00,11645400.0,990.23,15.77,289.74,4.45,46.8,17.94,8.4,9.55,5.29,8.48,1190.08,1.49,2.4,51.43
2015-05-15 19:00:00,11646000.0,990.25,15.53,289.5,4.47,47.61,17.67,8.41,9.26,5.3,8.5,1191.09,1.17,2.28,32.35
2015-05-15 19:10:00,11646600.0,990.34,15.34,289.3,4.64,48.76,17.46,8.51,8.94,5.36,8.59,1191.94,1.4,2.26,11.94
2015-05-15 19:20:00,11647200.0,990.28,15.21,289.18,4.73,49.48,17.31,8.57,8.75,5.4,8.65,1192.38,1.46,2.1,18.2
2015-05-15 19:30:00,11647800.0,990.4,15.11,289.07,4.85,50.22,17.2,8.64,8.56,5.44,8.72,1192.91,1.72,2.32,359.3
2015-05-15 19:40:00,11648400.0,990.51,14.98,288.93,4.94,50.96,17.06,8.69,8.36,5.48,8.78,1193.55,2.01,2.48,3.12
2015-05-15 19:50:00,11649000.0,990.67,14.77,288.7,5.02,51.94,16.83,8.74,8.09,5.51,8.82,1194.59,1.73,2.16,4.22
2015-05-15 20:00:00,11649600.0,990.88,14.59,288.51,5.07,52.73,16.63,8.77,7.86,5.52,8.85,1195.58,1.71,2.28,4.24
2015-05-15 20:10:00,11650200.0,991.1,14.33,288.23,5.07,53.65,16.35,8.77,7.58,5.53,8.85,1196.93,1.53,2.04,3.42
2015-05-15 20:20:00,11650800.0,991.21,14.14,288.03,5.11,54.46,16.15,8.8,7.36,5.54,8.88,1197.84,1.55,1.94,6.99
2015-05-15 20:30:00,11651400.0,991.31,13.95,287.83,5.13,55.22,15.96,8.81,7.15,5.55,8.89,1198.75,1.32,1.76,8.57
2015-05-15 20:40:00,11652000.0,991.48,13.73,287.59,5.15,56.08,15.73,8.82,6.91,5.55,8.9,1199.87,1.5,2.16,359.4
2015-05-15 20:50:00,11652600.0,991.58,13.48,287.33,5.19,57.16,15.48,8.85,6.63,5.57,8.92,1201.03,2.13,2.84,357.2
2015-05-15 21:00:00,11653200.0,991.71,13.29,287.13,5.19,57.88,15.29,8.85,6.44,5.57,8.92,1201.98,1.84,2.52,357.5
2015-05-15 21:10:00,11653800.0,991.81,13.13,286.96,5.21,58.54,15.13,8.85,6.27,5.57,8.93,1202.77,1.6,2.24,2.76
2015-05-15 21:20:00,11654400.0,991.84,13.15,286.98,5.12,58.12,15.15,8.8,6.34,5.54,8.88,1202.75,1.73,2.26,0.41
2015-05-15 21:30:00,11655000.0,991.98,12.54,286.36,5.19,60.8,14.55,8.85,5.7,5.57,8.92,1205.47,0.62,1.28,13.05
2015-05-15 21:40:00,11655600.0,992.17,11.72,285.52,5.37,64.99,13.79,8.96,4.83,5.64,9.03,1209.12,0.32,0.8,51.73
2015-05-15 21:50:00,11656200.0,992.29,11.28,285.07,5.2,66.12,13.39,8.85,4.54,5.57,8.92,1211.18,0.41,0.88,235.2
2015-05-15 22:00:00,11656800.0,992.41,11.42,285.2,5.18,65.41,13.52,8.84,4.67,5.56,8.91,1210.74,0.45,0.96,252.6
2015-05-15 22:10:00,11657400.0,992.55,11.46,285.23,5.24,65.52,13.55,8.88,4.67,5.58,8.95,1210.72,0.61,0.92,36.19
2015-05-15 22:20:00,11658000.0,992.59,10.99,284.76,5.27,67.71,13.13,8.89,4.24,5.59,8.96,1212.77,0.61,0.96,66.57
2015-05-15 22:30:00,11658600.0,992.62,10.4,284.16,5.36,70.9,12.63,8.95,3.67,5.63,9.02,1215.3,0.29,0.58,218.9
2015-05-15 22:40:00,11659200.0,992.67,10.34,284.1,5.26,70.7,12.58,8.89,3.69,5.59,8.96,1215.65,0.3,0.64,328.4
2015-05-15 22:50:00,11659800.0,992.69,10.31,284.07,5.22,70.6,12.55,8.86,3.69,5.57,8.93,1215.82,0.54,1.28,72.2
2015-05-15 23:00:00,11660400.0,992.77,9.79,283.54,5.14,72.7,12.12,8.81,3.31,5.54,8.88,1218.17,0.77,1.04,36.2
2015-05-15 23:10:00,11661000.0,992.86,9.52,283.26,5.09,73.8,11.9,8.78,3.12,5.52,8.85,1219.46,0.38,0.64,5.11
2015-05-15 23:20:00,11661600.0,992.94,9.34,283.07,5.07,74.6,11.76,8.77,2.99,5.51,8.84,1220.34,0.79,1.72,239.9
2015-05-15 23:30:00,11662200.0,993.03,9.25,282.98,4.99,74.6,11.69,8.72,2.97,5.48,8.78,1220.86,1.63,2.44,231.2
2015-05-15 23:40:00,11662800.0,993.04,9.0,282.72,4.91,75.5,11.49,8.68,2.82,5.45,8.74,1221.98,0.64,1.6,217.2
2015-05-15 23:50:00,11663400.0,993.05,8.75,282.47,4.94,76.9,11.3,8.69,2.61,5.46,8.75,1223.07,1.47,2.78,240.5
2015-05-16 00:00:00,11664000.0,993.18,8.55,282.26,4.83,77.4,11.15,8.63,2.52,5.42,8.69,1224.12,1.57,2.4,217.5
2015-05-16 00:10:00,11664600.0,993.25,8.39,282.1,4.79,78.0,11.03,8.6,2.43,5.4,8.66,1224.91,1.03,1.74,217.1
2015-05-16 00:20:00,11665200.0,993.21,8.29,282.0,4.8,78.6,10.95,8.61,2.34,5.41,8.67,1225.3,0.95,1.32,226.9
2015-05-16 00:30:00,11665800.0,993.24,8.2,281.91,4.75,78.8,10.89,8.58,2.31,5.39,8.64,1225.74,0.52,0.92,202.6
2015-05-16 00:40:00,11666400.0,993.2,8.0,281.71,4.63,79.2,10.74,8.5,2.23,5.34,8.56,1226.6,1.26,2.44,227.4
2015-05-16 00:50:00,11667000.0,993.36,7.6,281.3,4.47,80.5,10.45,8.41,2.04,5.28,8.47,1228.59,0.23,0.8,186.9
2015-05-16 01:00:00,11667600.0,993.4,7.19,280.88,4.33,82.0,10.16,8.33,1.83,5.23,8.39,1230.47,1.03,1.48,208.0
2015-05-16 01:10:00,11668200.0,993.41,7.19,280.88,4.39,82.3,10.16,8.36,1.8,5.25,8.42,1230.47,0.55,1.08,242.5
2015-05-16 01:20:00,11668800.0,993.45,7.19,280.88,4.37,82.2,10.16,8.35,1.81,5.25,8.41,1230.53,0.62,1.14,40.07
2015-05-16 01:30:00,11669400.0,993.51,7.17,280.85,4.3,81.9,10.15,8.31,1.84,5.22,8.36,1230.72,0.81,1.22,79.1
2015-05-16 01:40:00,11670000.0,993.62,7.05,280.72,4.23,82.2,10.06,8.27,1.79,5.19,8.32,1231.4,0.32,1.04,96.6
2015-05-16 01:50:00,11670600.0,993.56,6.88,280.56,4.21,83.0,9.95,8.26,1.69,5.18,8.31,1232.07,0.35,0.64,214.8
2015-05-16 02:00:00,11671200.0,993.47,6.75,280.43,4.19,83.7,9.85,8.25,1.61,5.18,8.3,1232.57,0.32,0.7,239.6
2015-05-16 02:10:00,11671800.0,993.52,6.58,280.26,4.15,84.4,9.74,8.22,1.52,5.16,8.28,1233.36,0.37,0.74,145.4
2015-05-16 02:20:00,11672400.0,993.54,6.31,279.99,3.99,85.0,9.56,8.13,1.43,5.11,8.18,1234.6,0.46,1.02,225.5
2015-05-16 02:30:00,11673000.0,993.54,6.29,279.97,4.03,85.4,9.55,8.15,1.39,5.12,8.21,1234.7,1.0,1.88,214.2
2015-05-16 02:40:00,11673600.0,993.57,6.17,279.84,3.96,85.7,9.47,8.11,1.35,5.09,8.16,1235.31,0.38,0.88,160.5
2015-05-16 02:50:00,11674200.0,993.67,6.03,279.7,3.88,86.0,9.38,8.07,1.31,5.07,8.12,1236.03,0.27,0.56,153.3
2015-05-16 03:00:00,11674800.0,993.73,5.87,279.54,3.7,85.9,9.28,7.97,1.31,5.0,8.02,1236.86,0.32,0.56,149.8
2015-05-16 03:10:00,11675400.0,993.69,5.47,279.14,3.63,87.9,9.02,7.93,1.09,4.98,7.98,1238.61,0.73,1.52,197.1
2015-05-16 03:20:00,11676000.0,993.76,5.55,279.21,3.77,88.3,9.07,8.01,1.06,5.03,8.06,1238.32,0.69,0.96,219.9
2015-05-16 03:30:00,11676600.0,993.84,5.61,279.26,3.77,87.9,9.11,8.0,1.1,5.02,8.05,1238.17,0.73,1.12,234.3
2015-05-16 03:40:00,11677200.0,993.91,5.56,279.2,3.67,87.6,9.07,7.95,1.13,4.99,8.0,1238.51,0.55,1.16,196.1
2015-05-16 03:50:00,11677800.0,993.92,5.21,278.86,3.44,88.3,8.86,7.82,1.04,4.91,7.87,1240.12,0.77,1.36,208.8
2015-05-16 04:00:00,11678400.0,993.93,5.06,278.7,3.5,89.6,8.76,7.85,0.91,4.93,7.9,1240.8,1.46,2.08,205.3
2015-05-16 04:10:00,11679000.0,993.91,4.99,278.63,3.41,89.5,8.72,7.8,0.92,4.9,7.85,1241.12,1.13,1.72,212.6
2015-05-16 04:20:00,11679600.0,993.92,4.99,278.63,3.51,90.1,8.72,7.86,0.86,4.93,7.91,1241.09,1.22,1.64,214.9
2015-05-16 04:30:00,11680200.0,993.98,5.05,278.69,3.5,89.7,8.76,7.86,0.9,4.93,7.9,1240.9,1.3,1.68,226.4
2015-05-16 04:40:00,11680800.0,993.97,4.92,278.56,3.3,89.2,8.68,7.74,0.94,4.86,7.79,1241.52,0.69,1.26,206.3
2015-05-16 04:50:00,11681400.0,993.95,4.49,278.13,3.01,90.1,8.42,7.59,0.83,4.76,7.63,1243.51,1.09,1.68,198.2
2015-05-16 05:00:00,11682000.0,993.9,4.49,278.14,3.15,91.0,8.42,7.66,0.76,4.81,7.71,1243.39,1.19,1.48,209.9
2015-05-16 05:10:00,11682600.0,993.96,4.83,278.47,3.41,90.5,8.62,7.81,0.82,4.9,7.85,1241.88,0.67,1.16,201.4
2015-05-16 05:20:00,11683200.0,993.98,5.26,278.9,3.33,87.3,8.89,7.76,1.13,4.87,7.81,1240.01,0.82,1.26,150.3
2015-05-16 05:30:00,11683800.0,994.0,5.2,278.84,3.0,85.6,8.85,7.58,1.27,4.76,7.62,1240.37,1.45,2.0,146.8
2015-05-16 05:40:00,11684400.0,994.0,5.18,278.82,3.09,86.3,8.84,7.63,1.21,4.79,7.67,1240.46,0.93,1.36,156.7
2015-05-16 05:50:00,11685000.0,994.07,5.56,279.2,3.28,85.2,9.08,7.73,1.34,4.85,7.78,1238.79,0.72,1.2,162.8
2015-05-16 06:00:00,11685600.0,994.09,6.13,279.76,3.41,82.7,9.44,7.81,1.63,4.9,7.85,1236.27,0.86,1.44,163.9
2015-05-16 06:10:00,11686200.0,994.11,6.58,280.21,3.56,81.0,9.74,7.89,1.85,4.95,7.94,1234.26,0.93,1.44,169.5
2015-05-16 06:20:00,11686800.0,994.13,7.0,280.63,3.69,79.4,10.03,7.96,2.07,5.0,8.01,1232.41,0.76,1.28,168.4
2015-05-16 06:30:00,11687400.0,994.18,7.51,281.14,3.79,77.2,10.38,8.02,2.37,5.03,8.06,1230.19,0.98,1.4,158.1
2015-05-16 06:40:00,11688000.0,994.25,7.6,281.22,3.8,76.8,10.45,8.02,2.42,5.04,8.07,1229.87,0.96,1.76,136.9
2015-05-16 06:50:00,11688600.0,994.3,7.53,281.15,3.99,78.2,10.4,8.13,2.27,5.1,8.18,1230.2,1.04,1.64,113.0
2015-05-16 07:00:00,11689200.0,994.26,7.78,281.4,4.16,77.8,10.58,8.23,2.35,5.16,8.28,1229.01,1.09,2.04,122.1
2015-05-16 07:10:00,11689800.0,994.27,7.94,281.56,4.21,77.2,10.69,8.26,2.44,5.18,8.3,1228.31,0.99,1.7,141.8
2015-05-16 07:20:00,11690400.0,994.38,8.45,282.06,4.35,75.3,11.07,8.34,2.73,5.23,8.38,1226.18,1.15,1.8,146.9
2015-05-16 07:30:00,11691000.0,994.48,8.83,282.44,4.52,74.3,11.36,8.44,2.92,5.3,8.49,1224.61,0.73,1.28,128.3
2015-05-16 07:40:00,11691600.0,994.54,9.42,283.02,4.74,72.5,11.82,8.57,3.25,5.38,8.62,1222.05,0.64,1.24,126.8
2015-05-16 07:50:00,11692200.0,994.52,10.03,283.64,4.95,70.6,12.32,8.7,3.62,5.46,8.74,1219.34,1.01,2.04,129.9
2015-05-16 08:00:00,11692800.0,994.5,10.44,284.05,5.15,69.68,12.66,8.82,3.84,5.54,8.87,1217.5,1.3,2.0,164.2
2015-05-16 08:10:00,11693400.0,994.51,10.98,284.59,5.4,68.38,13.13,8.98,4.15,5.63,9.02,1215.13,1.2,1.88,159.5
2015-05-16 08:20:00,11694000.0,994.49,11.66,285.27,5.65,66.51,13.73,9.13,4.6,5.73,9.18,1212.12,1.35,2.2,143.6
2015-05-16 08:30:00,11694600.0,994.52,12.31,285.92,5.98,65.19,14.33,9.34,4.99,5.86,9.4,1209.31,1.26,2.56,154.6
2015-05-16 08:40:00,11695200.0,994.52,12.55,286.16,6.1,64.72,14.56,9.42,5.14,5.92,9.48,1208.25,1.34,2.1,136.2
2015-05-16 08:50:00,11695800.0,994.51,13.32,286.93,6.09,61.5,15.32,9.42,5.9,5.91,9.47,1205.0,1.49,2.4,161.5
2015-05-16 09:00:00,11696400.0,994.47,13.65,287.27,6.14,60.38,15.65,9.45,6.2,5.93,9.5,1203.54,1.46,2.36,146.1
2015-05-16 09:10:00,11697000.0,994.3,14.33,287.96,6.22,58.09,16.35,9.5,6.85,5.96,9.56,1200.47,0.86,1.9,96.9
2015-05-16 09:20:00,11697600.0,994.22,14.89,288.53,6.09,55.54,16.96,9.42,7.54,5.91,9.47,1198.08,1.77,3.32,146.4
2015-05-16 09:30:00,11698200.0,994.18,15.17,288.81,5.39,51.96,17.27,8.97,8.29,5.63,9.02,1197.07,1.81,4.68,271.4
2015-05-16 09:40:00,11698800.0,994.14,15.3,288.95,5.37,51.44,17.41,8.96,8.45,5.62,9.01,1196.49,2.81,5.18,311.1
2015-05-16 09:50:00,11699400.0,994.14,15.26,288.91,5.41,51.71,17.37,8.98,8.39,5.64,9.03,1196.64,2.44,4.28,273.0
2015-05-16 10:00:00,11700000.0,994.05,15.67,289.32,5.68,51.32,17.83,9.15,8.68,5.75,9.2,1194.76,1.34,3.8,317.7
2015-05-16 10:10:00,11700600.0,994.03,15.81,289.47,5.91,51.68,17.99,9.3,8.69,5.84,9.35,1194.09,2.11,3.48,344.2
2015-05-16 10:20:00,11701200.0,993.96,16.07,289.73,5.63,49.86,18.29,9.12,9.17,5.73,9.18,1193.01,2.5,6.38,304.6
2015-05-16 10:30:00,11701800.0,993.88,16.35,290.02,5.46,48.4,18.62,9.01,9.61,5.66,9.07,1191.81,2.29,4.7,279.6
2015-05-16 10:40:00,11702400.0,993.75,17.08,290.76,5.83,47.41,19.51,9.25,10.26,5.81,9.31,1188.55,1.34,3.0,273.7
2015-05-16 10:50:00,11703000.0,993.66,17.68,291.37,5.96,46.05,20.26,9.33,10.93,5.86,9.39,1185.95,1.41,3.98,213.7
2015-05-16 11:00:00,11703600.0,993.54,17.71,291.41,5.76,45.34,20.3,9.2,11.09,5.78,9.26,1185.75,4.31,9.33,205.1
2015-05-16 11:10:00,11704200.0,993.55,17.14,290.84,5.77,47.04,19.58,9.21,10.37,5.79,9.27,1188.08,3.36,6.77,245.7
2015-05-16 11:20:00,11704800.0,993.46,17.54,291.25,5.87,46.2,20.08,9.28,10.8,5.83,9.34,1186.32,3.25,5.8,221.9
2015-05-16 11:30:00,11705400.0,993.44,17.66,291.37,5.93,46.04,20.23,9.32,10.92,5.85,9.38,1185.78,3.51,6.34,232.3
2015-05-16 11:40:00,11706000.0,993.41,17.83,291.54,5.73,44.91,20.45,9.18,11.27,5.77,9.25,1185.11,3.61,6.0,230.5
2015-05-16 11:50:00,11706600.0,993.3,18.03,291.75,5.39,43.31,20.71,8.97,11.74,5.64,9.03,1184.26,4.14,7.32,240.3
2015-05-16 12:00:00,11707200.0,993.2,18.26,291.99,5.64,43.43,21.01,9.13,11.89,5.74,9.19,1183.13,3.65,5.92,211.7
2015-05-16 12:10:00,11707800.0,993.08,18.37,292.11,5.2,41.83,21.16,8.85,12.31,5.56,8.91,1182.67,4.0,6.1,245.7
2015-05-16 12:20:00,11708400.0,993.02,18.4,292.14,5.29,42.01,21.2,8.91,12.29,5.6,8.97,1182.46,2.61,4.7,231.2
2015-05-16 12:30:00,11709000.0,992.98,18.52,292.27,5.6,42.63,21.36,9.1,12.25,5.72,9.17,1181.83,2.85,5.6,230.2
2015-05-16 12:40:00,11709600.0,992.97,18.97,292.72,5.2,40.3,21.97,8.85,13.11,5.56,8.92,1180.11,3.22,6.2,241.0
2015-05-16 12:50:00,11710200.0,992.92,18.67,292.42,4.75,39.79,21.56,8.58,12.98,5.39,8.64,1181.39,1.86,4.8,276.9
2015-05-16 13:00:00,11710800.0,992.89,19.22,292.98,4.09,36.71,22.31,8.19,14.12,5.15,8.25,1179.3,2.06,5.68,261.3
2015-05-16 13:10:00,11711400.0,992.87,19.38,293.14,3.53,34.93,22.54,7.87,14.66,4.95,7.93,1178.78,2.69,6.08,278.6
2015-05-16 13:20:00,11712000.0,992.82,19.13,292.89,3.6,35.64,22.19,7.91,14.28,4.97,7.96,1179.71,2.17,4.92,283.3
2015-05-16 13:30:00,11712600.0,992.66,19.11,292.89,3.97,36.65,22.16,8.12,14.04,5.1,8.18,1179.51,1.93,4.7,284.2
2015-05-16 13:40:00,11713200.0,992.58,19.01,292.79,4.04,37.06,22.02,8.16,13.86,5.13,8.22,1179.8,1.96,3.28,305.0
2015-05-16 13:50:00,11713800.0,992.6,19.05,292.83,3.92,36.64,22.08,8.09,13.99,5.08,8.15,1179.69,1.91,4.36,315.6
2015-05-16 14:00:00,11714400.0,992.69,19.04,292.81,3.42,35.4,22.06,7.81,14.25,4.91,7.87,1179.96,2.57,4.56,282.2
2015-05-16 14:10:00,11715000.0,992.69,19.1,292.87,3.09,34.46,22.15,7.63,14.51,4.8,7.69,1179.8,2.48,5.56,245.9
2015-05-16 14:20:00,11715600.0,992.72,19.18,292.95,2.74,33.44,22.26,7.44,14.81,4.68,7.5,1179.6,2.36,4.48,274.2
2015-05-16 14:30:00,11716200.0,992.78,18.85,292.62,3.0,34.77,21.8,7.58,14.22,4.76,7.64,1180.94,2.12,5.16,280.0
2015-05-16 14:40:00,11716800.0,992.9,19.05,292.81,3.01,34.35,22.08,7.58,14.49,4.76,7.64,1180.28,1.59,3.88,252.7
2015-05-16 14:50:00,11717400.0,992.96,18.65,292.4,2.5,33.97,21.53,7.31,14.22,4.59,7.37,1182.09,2.18,5.04,280.8
2015-05-16 15:00:00,11718000.0,993.08,18.2,291.94,2.49,34.93,20.93,7.31,13.62,4.59,7.36,1184.06,1.76,4.4,291.5
2015-05-16 15:10:00,11718600.0,993.16,17.87,291.6,2.66,36.1,20.5,7.4,13.1,4.65,7.45,1185.46,1.5,4.46,301.4
2015-05-16 15:20:00,11719200.0,993.3,17.67,291.39,2.17,35.29,20.25,7.15,13.1,4.49,7.19,1186.56,2.38,6.36,299.8
2015-05-16 15:30:00,11719800.0,993.31,17.09,290.81,2.44,37.33,19.52,7.29,12.23,4.58,7.34,1188.87,1.83,3.58,272.1
2015-05-16 15:40:00,11720400.0,993.45,16.66,290.37,2.57,38.71,18.99,7.35,11.64,4.62,7.4,1190.77,2.42,5.16,274.3
2015-05-16 15:50:00,11721000.0,993.61,16.35,290.04,3.11,41.02,18.62,7.64,10.98,4.8,7.69,1192.11,2.02,5.74,292.6
2015-05-16 16:00:00,11721600.0,993.72,15.97,289.65,3.72,43.89,18.18,7.98,10.2,5.01,8.03,1193.65,2.49,5.76,288.7
2015-05-16 16:10:00,11722200.0,993.76,15.37,289.05,3.72,45.62,17.49,7.98,9.51,5.01,8.03,1196.19,2.75,5.5,267.5
2015-05-16 16:20:00,11722800.0,993.92,15.07,288.73,2.96,44.06,17.16,7.56,9.6,4.74,7.6,1197.82,2.72,6.85,260.2
2015-05-16 16:30:00,11723400.0,994.09,15.22,288.87,2.92,43.51,17.32,7.54,9.79,4.73,7.58,1197.41,2.08,4.36,254.4
2015-05-16 16:40:00,11724000.0,994.15,15.32,288.96,2.91,43.2,17.43,7.53,9.9,4.73,7.58,1197.07,1.39,3.36,256.6
2015-05-16 16:50:00,11724600.0,994.18,15.27,288.91,3.16,44.12,17.38,7.67,9.71,4.81,7.71,1197.26,2.75,4.8,257.6
2015-05-16 17:00:00,11725200.0,994.31,14.47,288.1,4.46,50.94,16.5,8.41,8.1,5.28,8.46,1200.4,2.07,2.96,270.3
2015-05-16 17:10:00,11725800.0,994.46,13.39,287.01,5.94,60.58,15.39,9.32,6.06,5.85,9.37,1204.69,2.56,4.44,273.4
2015-05-16 17:20:00,11726400.0,994.47,12.83,286.44,6.45,65.07,14.83,9.65,5.18,6.06,9.7,1206.91,1.66,3.24,261.1
2015-05-16 17:30:00,11727000.0,994.4,12.83,286.45,6.58,65.68,14.83,9.74,5.09,6.12,9.8,1206.78,1.13,2.0,256.1
2015-05-16 17:40:00,11727600.0,994.34,12.91,286.53,6.44,64.7,14.91,9.65,5.26,6.06,9.7,1206.41,0.9,1.36,255.0
2015-05-16 17:50:00,11728200.0,994.39,13.08,286.7,6.27,63.23,15.08,9.53,5.54,5.98,9.59,1205.81,1.24,2.04,251.9
2015-05-16 18:00:00,11728800.0,994.5,13.18,286.79,6.43,63.54,15.18,9.64,5.53,6.05,9.7,1205.47,0.98,1.84,253.7
2015-05-16 18:10:00,11729400.0,994.7,13.26,286.86,5.86,60.75,15.26,9.27,5.99,5.82,9.32,1205.55,1.55,4.89,279.7
2015-05-16 18:20:00,11730000.0,994.76,13.34,286.93,5.49,58.92,15.34,9.04,6.3,5.67,9.08,1205.39,3.61,5.85,260.3
2015-05-16 18:30:00,11730600.0,994.76,13.31,286.9,5.84,60.48,15.31,9.26,6.05,5.81,9.31,1205.41,3.83,7.49,248.9
2015-05-16 18:40:00,11731200.0,994.8,12.88,286.47,6.29,64.16,14.88,9.55,5.33,5.99,9.6,1207.15,3.54,6.41,247.0
2015-05-16 18:50:00,11731800.0,994.9,12.58,286.16,6.53,66.52,14.59,9.71,4.88,6.09,9.76,1208.46,2.64,4.53,233.1
2015-05-16 19:00:00,11732400.0,994.99,12.29,285.86,6.66,68.41,14.31,9.79,4.52,6.14,9.84,1209.76,2.63,5.21,242.2
2015-05-16 19:10:00,11733000.0,995.12,12.07,285.63,6.9,70.6,14.11,9.96,4.15,6.25,10.01,1210.78,2.66,4.79,250.7
2015-05-16 19:20:00,11733600.0,995.24,11.84,285.39,7.13,72.8,13.9,10.12,3.78,6.35,10.16,1211.82,1.88,3.92,235.5
2015-05-16 19:30:00,11734200.0,995.18,11.7,285.25,7.25,74.1,13.77,10.2,3.57,6.4,10.25,1212.3,2.33,3.92,231.7
2015-05-16 19:40:00,11734800.0,995.15,11.57,285.13,7.32,75.1,13.65,10.25,3.4,6.43,10.3,1212.8,1.72,3.42,232.9
2015-05-16 19:50:00,11735400.0,995.14,11.49,285.05,7.42,76.0,13.58,10.32,3.26,6.48,10.37,1213.1,2.29,3.52,234.5
2015-05-16 20:00:00,11736000.0,995.13,11.42,284.98,7.56,77.1,13.52,10.42,3.09,6.54,10.47,1213.34,1.98,3.4,241.3
2015-05-16 20:10:00,11736600.0,995.13,11.46,285.02,7.64,77.3,13.55,10.47,3.08,6.57,10.53,1213.14,1.52,3.08,243.3
2015-05-16 20:20:00,11737200.0,995.14,11.56,285.12,7.6,76.6,13.64,10.45,3.19,6.56,10.5,1212.74,1.55,3.6,243.3
2015-05-16 20:30:00,11737800.0,995.25,11.66,285.21,7.49,75.5,13.73,10.37,3.36,6.51,10.42,1212.48,2.15,3.64,249.7
2015-05-16 20:40:00,11738400.0,995.3,11.76,285.3,7.49,75.0,13.82,10.37,3.46,6.5,10.42,1212.12,1.51,2.76,232.5
2015-05-16 20:50:00,11739000.0,995.42,11.8,285.33,7.56,75.2,13.86,10.42,3.44,6.54,10.47,1212.07,0.99,1.92,216.6
2015-05-16 21:00:00,11739600.0,995.43,11.75,285.28,7.57,75.5,13.81,10.43,3.38,6.54,10.48,1212.3,0.97,1.8,190.8
2015-05-16 21:10:00,11740200.0,995.61,11.67,285.19,7.53,75.7,13.74,10.4,3.34,6.52,10.45,1212.86,0.63,1.04,205.6
2015-05-16 21:20:00,11740800.0,995.66,11.66,285.17,7.54,75.8,13.73,10.41,3.32,6.53,10.45,1212.97,0.63,1.04,210.1
2015-05-16 21:30:00,11741400.0,995.63,11.75,285.27,7.55,75.4,13.81,10.42,3.4,6.53,10.46,1212.54,0.54,1.26,154.9
2015-05-16 21:40:00,11742000.0,995.64,11.9,285.42,7.56,74.7,13.95,10.42,3.53,6.54,10.47,1211.92,0.87,1.6,163.3
2015-05-16 21:50:00,11742600.0,995.69,11.94,285.45,7.56,74.5,13.99,10.42,3.57,6.54,10.47,1211.81,0.62,1.4,177.7
2015-05-16 22:00:00,11743200.0,995.63,12.04,285.56,7.54,73.9,14.08,10.41,3.68,6.53,10.45,1211.32,0.73,1.42,154.9
2015-05-16 22:10:00,11743800.0,995.74,12.07,285.58,7.57,73.9,14.11,10.43,3.68,6.54,10.47,1211.31,0.71,1.36,204.0
2015-05-16 22:20:00,11744400.0,995.84,12.07,285.57,7.51,73.6,14.11,10.38,3.72,6.51,10.43,1211.46,0.96,1.64,186.5
2015-05-16 22:30:00,11745000.0,995.82,12.13,285.63,7.55,73.5,14.16,10.41,3.75,6.53,10.45,1211.17,0.69,1.76,175.0
2015-05-16 22:40:00,11745600.0,995.82,12.19,285.69,7.53,73.1,14.22,10.4,3.83,6.52,10.44,1210.92,0.6,1.2,237.7
2015-05-16 22:50:00,11746200.0,995.97,12.14,285.63,7.54,73.4,14.17,10.4,3.77,6.52,10.45,1211.31,0.71,1.9,240.9
2015-05-16 23:00:00,11746800.0,996.18,12.25,285.72,7.54,72.9,14.28,10.41,3.87,6.52,10.45,1211.1,0.79,2.0,317.7
2015-05-16 23:10:00,11747400.0,996.37,12.33,285.79,7.5,72.3,14.35,10.38,3.98,6.5,10.41,1211.01,1.48,5.25,317.1
2015-05-16 23:20:00,11748000.0,996.41,12.23,285.68,7.2,71.3,14.26,10.17,4.09,6.37,10.2,1211.57,2.13,4.61,279.9
2015-05-16 23:30:00,11748600.0,996.4,12.17,285.62,6.9,70.1,14.2,9.96,4.25,6.24,9.99,1211.92,1.49,4.0,304.5
2015-05-16 23:40:00,11749200.0,996.49,12.1,285.55,6.89,70.4,14.14,9.95,4.18,6.24,9.99,1212.33,1.15,2.8,315.6
2015-05-16 23:50:00,11749800.0,996.5,11.97,285.42,6.75,70.3,14.02,9.85,4.16,6.17,9.89,1212.93,1.99,4.0,288.5
2015-05-17 00:00:00,11750400.0,996.59,11.84,285.28,6.6,70.2,13.9,9.76,4.14,6.11,9.79,1213.64,1.08,2.28,307.9
2015-05-17 00:10:00,11751000.0,996.64,11.73,285.16,6.56,70.5,13.8,9.73,4.07,6.09,9.76,1214.18,1.36,3.32,298.3
2015-05-17 00:20:00,11751600.0,996.69,11.64,285.07,6.53,70.8,13.71,9.71,4.0,6.08,9.74,1214.64,1.72,4.04,281.2
2015-05-17 00:30:00,11752200.0,996.61,11.49,284.93,6.49,71.3,13.58,9.68,3.9,6.06,9.71,1215.19,1.87,4.44,256.1
2015-05-17 00:40:00,11752800.0,996.69,11.37,284.8,6.4,71.4,13.47,9.62,3.85,6.02,9.65,1215.83,1.27,3.2,291.7
2015-05-17 00:50:00,11753400.0,996.67,11.28,284.71,6.31,71.4,13.39,9.56,3.83,5.99,9.59,1216.22,1.04,4.61,296.3
2015-05-17 01:00:00,11754000.0,996.63,11.14,284.57,6.17,71.4,13.27,9.47,3.79,5.93,9.5,1216.81,1.33,3.3,294.9
2015-05-17 01:10:00,11754600.0,996.61,11.01,284.45,6.01,71.2,13.15,9.36,3.79,5.87,9.4,1217.4,1.48,3.78,290.9
2015-05-17 01:20:00,11755200.0,996.62,11.0,284.44,5.98,71.1,13.14,9.34,3.8,5.85,9.38,1217.46,1.17,3.64,304.8
2015-05-17 01:30:00,11755800.0,996.61,10.96,284.4,6.0,71.4,13.11,9.36,3.75,5.86,9.39,1217.61,1.02,2.52,300.1
2015-05-17 01:40:00,11756400.0,996.65,10.73,284.16,5.76,71.3,12.91,9.2,3.7,5.76,9.24,1218.72,1.12,2.88,346.7
2015-05-17 01:50:00,11757000.0,996.72,10.58,284.01,5.76,72.0,12.78,9.2,3.58,5.76,9.23,1219.45,0.41,1.0,234.1
2015-05-17 02:00:00,11757600.0,996.74,10.48,283.91,5.74,72.4,12.7,9.19,3.5,5.76,9.22,1219.9,0.57,1.12,26.67
2015-05-17 02:10:00,11758200.0,996.64,10.45,283.88,5.85,73.1,12.67,9.26,3.41,5.8,9.29,1219.88,1.24,2.68,13.55
2015-05-17 02:20:00,11758800.0,996.67,10.32,283.75,5.92,74.1,12.56,9.31,3.25,5.83,9.34,1220.45,0.89,3.08,358.7
2015-05-17 02:30:00,11759400.0,996.7,10.21,283.64,5.91,74.6,12.47,9.3,3.17,5.83,9.33,1220.97,1.31,2.68,251.5
2015-05-17 02:40:00,11760000.0,996.8,10.03,283.45,5.52,73.5,12.32,9.05,3.26,5.67,9.08,1221.98,1.74,4.57,298.0
2015-05-17 02:50:00,11760600.0,996.89,9.76,283.17,5.05,72.4,12.1,8.76,3.34,5.48,8.79,1223.4,2.03,4.4,0.6
2015-05-17 03:00:00,11761200.0,996.96,9.43,282.84,4.31,70.3,11.83,8.32,3.51,5.21,8.34,1225.12,1.32,3.64,332.4
2015-05-17 03:10:00,11761800.0,997.11,9.15,282.54,3.96,69.91,11.61,8.12,3.49,5.08,8.14,1226.61,1.47,3.0,324.3
2015-05-17 03:20:00,11762400.0,997.19,8.96,282.35,3.84,70.2,11.46,8.05,3.42,5.03,8.07,1227.58,1.5,4.44,302.1
2015-05-17 03:30:00,11763000.0,997.26,8.72,282.1,3.52,69.75,11.28,7.87,3.41,4.92,7.89,1228.78,1.29,3.32,302.9
2015-05-17 03:40:00,11763600.0,997.34,8.53,281.9,3.39,70.0,11.13,7.79,3.34,4.87,7.81,1229.75,1.31,2.6,331.4
2015-05-17 03:50:00,11764200.0,997.36,8.38,281.75,3.0,68.81,11.02,7.58,3.44,4.74,7.6,1230.53,1.09,2.96,306.3
2015-05-17 04:00:00,11764800.0,997.52,8.05,281.41,2.6,68.37,10.77,7.37,3.41,4.61,7.39,1232.27,1.83,4.16,274.0
2015-05-17 04:10:00,11765400.0,997.63,7.69,281.04,2.39,69.04,10.51,7.26,3.25,4.54,7.28,1234.03,1.43,2.76,276.9
2015-05-17 04:20:00,11766000.0,997.72,7.39,280.73,2.29,69.96,10.3,7.21,3.09,4.5,7.22,1235.49,1.27,2.92,274.5
2015-05-17 04:30:00,11766600.0,997.73,7.11,280.45,2.23,71.0,10.1,7.17,2.93,4.48,7.19,1236.75,1.57,3.28,260.2
2015-05-17 04:40:00,11767200.0,997.81,6.9,280.23,2.16,71.7,9.96,7.14,2.82,4.46,7.15,1237.81,1.91,3.04,250.0
2015-05-17 04:50:00,11767800.0,997.8,6.85,280.18,2.21,72.2,9.92,7.16,2.76,4.48,7.18,1238.01,1.47,2.48,251.1
2015-05-17 05:00:00,11768400.0,997.85,6.87,280.2,2.3,72.6,9.94,7.21,2.72,4.51,7.23,1237.96,1.27,2.58,270.2
2015-05-17 05:10:00,11769000.0,997.96,6.98,280.31,2.4,72.5,10.02,7.26,2.75,4.54,7.28,1237.57,2.03,3.36,256.6
2015-05-17 05:20:00,11769600.0,998.03,7.07,280.39,2.42,72.2,10.08,7.27,2.8,4.55,7.29,1237.26,2.33,3.68,249.1
2015-05-17 05:30:00,11770200.0,998.19,7.29,280.6,2.48,71.4,10.23,7.3,2.93,4.56,7.32,1236.47,1.6,3.24,253.5
2015-05-17 05:40:00,11770800.0,998.26,7.46,280.76,2.54,70.9,10.35,7.34,3.01,4.58,7.35,1235.79,1.43,3.38,250.5
2015-05-17 05:50:00,11771400.0,998.24,7.72,281.02,2.55,69.69,10.53,7.34,3.19,4.59,7.35,1234.62,1.61,3.16,244.4
2015-05-17 06:00:00,11772000.0,998.32,7.6,280.89,2.49,69.94,10.45,7.31,3.14,4.57,7.32,1235.27,1.5,3.12,258.2
2015-05-17 06:10:00,11772600.0,998.37,7.85,281.14,2.42,68.42,10.63,7.27,3.36,4.54,7.28,1234.24,1.81,3.04,249.5
2015-05-17 06:20:00,11773200.0,998.42,8.44,281.73,2.38,65.56,11.06,7.25,3.81,4.53,7.27,1231.72,1.45,2.84,261.7
2015-05-17 06:30:00,11773800.0,998.44,9.11,282.4,2.43,62.86,11.58,7.28,4.3,4.55,7.29,1228.81,0.89,2.48,278.3
2015-05-17 06:40:00,11774400.0,998.47,9.72,283.0,2.39,60.15,12.06,7.26,4.81,4.53,7.27,1226.22,0.89,2.28,268.7
2015-05-17 06:50:00,11775000.0,998.6,9.64,282.91,2.26,59.91,12.0,7.19,4.81,4.49,7.2,1226.75,2.18,4.1,275.9
2015-05-17 07:00:00,11775600.0,998.72,9.67,282.93,2.3,59.98,12.02,7.21,4.81,4.5,7.22,1226.76,1.53,3.24,229.2
2015-05-17 07:10:00,11776200.0,998.72,9.9,283.16,2.29,59.02,12.21,7.21,5.0,4.5,7.22,1225.77,1.91,4.0,263.5
2015-05-17 07:20:00,11776800.0,998.77,9.89,283.15,2.13,58.4,12.2,7.13,5.08,4.45,7.14,1225.91,2.43,4.69,262.2
2015-05-17 07:30:00,11777400.0,998.74,10.17,283.43,2.27,57.89,12.43,7.2,5.24,4.5,7.21,1224.63,1.95,3.4,297.0
2015-05-17 07:40:00,11778000.0,998.78,10.47,283.73,2.05,55.85,12.69,7.09,5.6,4.42,7.09,1223.43,2.53,5.73,271.4
2015-05-17 07:50:00,11778600.0,998.81,10.35,283.61,1.42,53.8,12.59,6.77,5.81,4.23,6.78,1224.14,2.89,5.29,268.0
2015-05-17 08:00:00,11779200.0,998.81,10.57,283.83,1.55,53.52,12.77,6.84,5.94,4.27,6.84,1223.16,2.07,3.52,293.5
2015-05-17 08:10:00,11779800.0,998.89,10.94,284.19,1.51,52.05,13.09,6.81,6.28,4.25,6.82,1221.67,2.25,6.01,288.9
2015-05-17 08:20:00,11780400.0,998.89,10.97,284.22,1.48,51.83,13.12,6.8,6.32,4.24,6.81,1221.55,1.78,4.36,264.9
2015-05-17 08:30:00,11781000.0,998.88,11.43,284.68,1.89,51.79,13.52,7.0,6.52,4.37,7.01,1219.47,2.29,5.33,270.3
2015-05-17 08:40:00,11781600.0,998.79,11.25,284.51,2.06,53.03,13.36,7.09,6.28,4.43,7.1,1220.1,2.16,4.36,261.1
2015-05-17 08:50:00,11782200.0,998.62,11.31,284.58,2.19,53.31,13.42,7.15,6.26,4.47,7.16,1219.6,3.8,7.51,234.8
2015-05-17 09:00:00,11782800.0,998.57,11.04,284.32,1.8,52.78,13.18,6.96,6.22,4.34,6.97,1220.79,3.79,7.51,250.0
2015-05-17 09:10:00,11783400.0,998.47,11.55,284.83,2.02,51.86,13.63,7.07,6.56,4.42,7.08,1218.42,2.25,4.73,264.1
2015-05-17 09:20:00,11784000.0,998.46,11.89,285.18,1.82,49.97,13.94,6.97,6.98,4.35,6.98,1217.0,3.08,5.29,268.3
2015-05-17 09:30:00,11784600.0,998.39,11.97,285.26,1.4,48.24,14.02,6.76,7.25,4.22,6.77,1216.67,2.61,4.65,271.3
2015-05-17 09:40:00,11785200.0,998.24,12.06,285.36,0.82,45.97,14.1,6.48,7.62,4.05,6.49,1216.23,3.3,6.25,275.6
2015-05-17 09:50:00,11785800.0,998.15,12.57,285.88,0.7,44.09,14.58,6.43,8.15,4.02,6.44,1213.98,3.29,6.05,243.2
2015-05-17 10:00:00,11786400.0,998.17,12.83,286.14,0.54,42.84,14.83,6.35,8.48,3.97,6.37,1212.93,2.9,5.77,261.0
2015-05-17 10:10:00,11787000.0,998.15,12.95,286.26,0.35,41.9,14.95,6.26,8.69,3.91,6.28,1212.44,1.97,5.97,260.8
2015-05-17 10:20:00,11787600.0,997.97,13.3,286.63,0.34,40.94,15.3,6.26,9.03,3.91,6.27,1210.74,1.97,4.64,286.0
2015-05-17 10:30:00,11788200.0,997.91,12.66,285.99,0.25,42.41,14.67,6.22,8.45,3.89,6.23,1213.39,2.42,5.04,291.7
2015-05-17 10:40:00,11788800.0,997.85,12.54,285.88,-0.08,41.74,14.55,6.07,8.48,3.79,6.09,1213.91,2.61,4.4,255.2
2015-05-17 10:50:00,11789400.0,997.84,13.1,286.44,0.31,41.37,15.1,6.25,8.85,3.9,6.26,1211.43,3.18,7.11,252.3
2015-05-17 11:00:00,11790000.0,997.74,13.1,286.45,-0.2,39.88,15.1,6.02,9.08,3.76,6.03,1211.42,3.41,6.93,244.6
2015-05-17 11:10:00,11790600.0,997.67,13.52,286.87,0.1,39.65,15.52,6.15,9.36,3.84,6.17,1209.49,4.01,7.53,236.7
2015-05-17 11:20:00,11791200.0,997.76,13.47,286.81,0.66,41.44,15.47,6.41,9.06,4.01,6.42,1209.7,3.35,6.01,264.7
2015-05-17 11:30:00,11791800.0,997.67,13.57,286.92,0.25,39.95,15.57,6.22,9.35,3.89,6.23,1209.25,3.0,5.16,263.7
2015-05-17 11:40:00,11792400.0,997.49,13.76,287.13,0.14,39.15,15.76,6.17,9.59,3.86,6.19,1208.26,2.76,5.36,273.8
2015-05-17 11:50:00,11793000.0,997.42,13.51,286.88,0.12,39.73,15.51,6.16,9.35,3.85,6.18,1209.24,1.84,5.52,275.5
2015-05-17 12:00:00,11793600.0,997.34,14.09,287.47,0.54,39.45,16.1,6.35,9.75,3.97,6.37,1206.6,3.35,7.09,281.1
2015-05-17 12:10:00,11794200.0,997.32,14.24,287.62,0.78,39.75,16.26,6.46,9.8,4.04,6.48,1205.9,3.34,6.37,266.8
2015-05-17 12:20:00,11794800.0,997.25,14.33,287.72,0.72,39.36,16.35,6.44,9.92,4.02,6.46,1205.45,2.65,5.4,265.1
2015-05-17 12:30:00,11795400.0,997.12,14.05,287.45,0.74,40.12,16.06,6.44,9.62,4.03,6.46,1206.46,2.87,5.36,240.2
2015-05-17 12:40:00,11796000.0,997.07,14.02,287.42,0.56,39.68,16.03,6.36,9.67,3.98,6.38,1206.57,3.2,6.21,267.7
2015-05-17 12:50:00,11796600.0,996.9,14.37,287.79,0.86,39.65,16.4,6.5,9.9,4.07,6.52,1204.82,2.7,8.33,283.1
2015-05-17 13:00:00,11797200.0,996.78,14.76,288.19,0.9,38.77,16.82,6.52,10.3,4.08,6.54,1203.05,2.93,5.8,268.0
2015-05-17 13:10:00,11797800.0,996.68,15.13,288.56,0.94,37.97,17.22,6.54,10.68,4.09,6.56,1201.37,2.98,6.89,247.8
2015-05-17 13:20:00,11798400.0,996.61,14.58,288.02,0.73,38.76,16.62,6.44,10.18,4.03,6.46,1203.63,2.74,5.16,298.2
2015-05-17 13:30:00,11799000.0,996.5,14.71,288.16,0.94,39.01,16.76,6.54,10.22,4.09,6.56,1202.9,2.65,5.28,270.8
2015-05-17 13:40:00,11799600.0,996.31,15.33,288.8,0.93,37.47,17.44,6.54,10.91,4.09,6.56,1200.09,3.64,7.69,254.2
2015-05-17 13:50:00,11800200.0,996.3,15.34,288.81,0.93,37.44,17.46,6.54,10.92,4.09,6.56,1200.04,2.73,5.98,274.8
2015-05-17 14:00:00,11800800.0,996.25,15.24,288.71,1.13,38.23,17.34,6.63,10.71,4.15,6.66,1200.35,1.87,4.2,276.0
2015-05-17 14:10:00,11801400.0,996.18,15.43,288.91,1.22,38.0,17.56,6.67,10.89,4.18,6.7,1199.46,2.58,5.88,319.7
2015-05-17 14:20:00,11802000.0,996.07,15.12,288.6,1.16,38.6,17.21,6.64,10.57,4.16,6.67,1200.63,2.34,4.7,301.5
2015-05-17 14:30:00,11802600.0,995.96,15.23,288.72,1.28,38.68,17.33,6.7,10.63,4.2,6.73,1200.01,2.33,5.54,267.4
2015-05-17 14:40:00,11803200.0,995.85,15.36,288.86,1.31,38.42,17.48,6.72,10.76,4.21,6.74,1199.33,2.05,4.88,285.3
2015-05-17 14:50:00,11803800.0,995.81,15.12,288.63,1.46,39.45,17.21,6.79,10.42,4.25,6.82,1200.24,2.11,5.98,285.6
2015-05-17 15:00:00,11804400.0,995.68,15.29,288.81,1.48,39.07,17.4,6.8,10.6,4.26,6.83,1199.37,2.1,4.64,335.8
2015-05-17 15:10:00,11805000.0,995.65,15.6,289.12,1.81,39.23,17.75,6.96,10.79,4.36,6.99,1197.98,1.7,4.68,270.1
2015-05-17 15:20:00,11805600.0,995.54,15.81,289.34,1.77,38.6,17.99,6.94,11.05,4.35,6.98,1196.99,2.43,6.0,291.5
2015-05-17 15:30:00,11806200.0,995.51,15.97,289.5,1.87,38.48,18.18,6.99,11.18,4.38,7.03,1196.26,2.92,5.54,282.4
2015-05-17 15:40:00,11806800.0,995.46,15.66,289.2,1.94,39.43,17.82,7.03,10.79,4.4,7.06,1197.47,2.26,4.98,302.9
2015-05-17 15:50:00,11807400.0,995.4,15.86,289.4,1.96,39.0,18.05,7.04,11.01,4.41,7.07,1196.57,2.01,5.16,290.7
2015-05-17 16:00:00,11808000.0,995.38,15.9,289.44,2.06,39.17,18.09,7.09,11.01,4.44,7.12,1196.36,2.06,4.76,309.5
2015-05-17 16:10:00,11808600.0,995.35,15.69,289.24,2.18,40.06,17.85,7.15,10.7,4.48,7.19,1197.16,1.53,4.08,318.6
2015-05-17 16:20:00,11809200.0,995.29,16.06,289.61,2.48,39.95,18.28,7.3,10.98,4.58,7.34,1195.49,1.13,3.4,270.4
2015-05-17 16:30:00,11809800.0,995.26,16.04,289.59,2.51,40.11,18.26,7.32,10.93,4.59,7.36,1195.53,2.13,4.94,276.6
2015-05-17 16:40:00,11810400.0,995.27,15.73,289.28,2.2,40.0,17.9,7.16,10.74,4.49,7.19,1196.89,2.03,3.64,271.2
2015-05-17 16:50:00,11811000.0,995.23,15.62,289.18,2.27,40.5,17.77,7.2,10.57,4.51,7.23,1197.28,1.78,3.74,330.3
2015-05-17 17:00:00,11811600.0,995.18,16.01,289.57,2.91,41.33,18.22,7.53,10.69,4.72,7.57,1195.45,1.34,3.8,358.1
2015-05-17 17:10:00,11812200.0,995.08,16.51,290.08,3.01,40.33,18.81,7.59,11.23,4.76,7.62,1193.25,0.72,2.24,30.64
2015-05-17 17:20:00,11812800.0,995.0,16.26,289.84,2.99,40.91,18.51,7.57,10.94,4.75,7.61,1194.18,1.54,3.56,302.0
2015-05-17 17:30:00,11813400.0,994.93,15.57,289.15,2.8,42.2,17.72,7.48,10.24,4.69,7.51,1197.0,1.56,3.4,301.7
2015-05-17 17:40:00,11814000.0,994.79,15.49,289.08,2.79,42.37,17.62,7.47,10.16,4.68,7.51,1197.16,1.24,3.4,284.2
2015-05-17 17:50:00,11814600.0,994.76,15.23,288.82,2.88,43.36,17.33,7.52,9.82,4.71,7.56,1198.19,1.02,3.28,340.7
2015-05-17 18:00:00,11815200.0,994.75,15.13,288.72,3.09,44.29,17.22,7.63,9.59,4.78,7.67,1198.54,0.79,2.04,296.9
2015-05-17 18:10:00,11815800.0,994.71,14.99,288.59,3.17,44.97,17.07,7.68,9.39,4.81,7.72,1199.06,1.11,2.16,35.4
2015-05-17 18:20:00,11816400.0,994.69,14.78,288.38,3.2,45.66,16.84,7.69,9.15,4.82,7.73,1199.9,1.13,2.08,16.08
2015-05-17 18:30:00,11817000.0,994.65,14.6,288.2,3.32,46.59,16.64,7.75,8.89,4.86,7.8,1200.57,0.78,1.84,0.62
2015-05-17 18:40:00,11817600.0,994.55,14.7,288.31,3.43,46.67,16.75,7.82,8.93,4.9,7.86,1200.0,0.32,0.72,320.0
2015-05-17 18:50:00,11818200.0,994.47,14.6,288.22,3.28,46.46,16.64,7.73,8.91,4.85,7.78,1200.36,0.35,0.72,0.96
2015-05-17 19:00:00,11818800.0,994.38,14.49,288.11,3.2,46.52,16.53,7.69,8.84,4.82,7.73,1200.73,0.35,0.72,4.0
2015-05-17 19:10:00,11819400.0,994.32,14.33,287.96,3.11,46.72,16.35,7.64,8.71,4.79,7.68,1201.35,0.59,0.82,337.3
2015-05-17 19:20:00,11820000.0,994.27,14.23,287.86,3.13,47.09,16.25,7.65,8.6,4.8,7.7,1201.7,0.54,0.8,299.4
2015-05-17 19:30:00,11820600.0,994.2,14.12,287.76,3.21,47.7,16.13,7.7,8.44,4.83,7.74,1202.05,0.67,1.54,249.5
2015-05-17 19:40:00,11821200.0,994.21,13.79,287.43,3.69,50.43,15.79,7.96,7.83,5.0,8.01,1203.33,1.65,2.2,252.5
2015-05-17 19:50:00,11821800.0,994.18,13.48,287.12,3.68,51.39,15.48,7.95,7.52,4.99,8.0,1204.6,2.1,2.64,252.4
2015-05-17 20:00:00,11822400.0,994.21,13.39,287.03,3.47,50.94,15.39,7.84,7.55,4.92,7.88,1205.06,1.8,2.36,242.4
2015-05-17 20:10:00,11823000.0,994.24,13.4,287.03,3.34,50.44,15.4,7.77,7.63,4.87,7.81,1205.09,1.49,1.76,240.6
2015-05-17 20:20:00,11823600.0,994.25,13.12,286.75,3.24,51.01,15.12,7.71,7.41,4.84,7.76,1206.31,1.55,2.2,246.9
2015-05-17 20:30:00,11824200.0,994.32,12.84,286.47,3.35,52.38,14.84,7.77,7.07,4.88,7.82,1207.55,1.14,2.18,231.2
2015-05-17 20:40:00,11824800.0,994.39,12.11,285.73,3.27,54.63,14.15,7.73,6.42,4.85,7.77,1210.74,1.59,2.16,239.4
2015-05-17 20:50:00,11825400.0,994.32,12.12,285.75,3.24,54.48,14.16,7.71,6.44,4.84,7.76,1210.62,1.72,2.48,240.0
2015-05-17 21:00:00,11826000.0,994.27,11.97,285.6,3.24,55.03,14.02,7.71,6.3,4.84,7.76,1211.2,2.02,2.68,237.9
2015-05-17 21:10:00,11826600.0,994.24,11.68,285.31,3.33,56.43,13.75,7.76,5.99,4.87,7.8,1212.38,2.02,2.78,240.8
2015-05-17 21:20:00,11827200.0,994.24,11.48,285.11,3.36,57.32,13.57,7.78,5.79,4.88,7.82,1213.21,1.49,1.92,237.7
2015-05-17 21:30:00,11827800.0,994.15,11.48,285.12,3.65,58.49,13.57,7.94,5.63,4.98,7.98,1213.04,0.95,1.76,218.8
2015-05-17 21:40:00,11828400.0,994.1,11.35,284.99,3.7,59.24,13.45,7.97,5.48,5.0,8.02,1213.51,0.97,1.44,209.1
2015-05-17 21:50:00,11829000.0,994.05,11.21,284.86,3.61,59.39,13.33,7.92,5.41,4.97,7.96,1214.07,1.27,1.64,230.4
2015-05-17 22:00:00,11829600.0,994.03,11.15,284.8,3.57,59.45,13.28,7.89,5.38,4.95,7.94,1214.32,1.04,1.44,219.3
2015-05-17 22:10:00,11830200.0,993.99,10.91,284.56,3.5,60.14,13.06,7.86,5.21,4.93,7.9,1215.31,1.26,2.16,201.6
2015-05-17 22:20:00,11830800.0,993.91,10.56,284.22,3.38,61.03,12.76,7.79,4.97,4.89,7.84,1216.74,1.32,1.96,220.1
2015-05-17 22:30:00,11831400.0,993.81,10.41,284.07,3.57,62.46,12.64,7.89,4.74,4.95,7.94,1217.21,1.32,2.2,209.5
2015-05-17 22:40:00,11832000.0,993.78,10.24,283.91,3.51,62.93,12.49,7.86,4.63,4.94,7.91,1217.92,1.38,2.26,221.1
2015-05-17 22:50:00,11832600.0,993.78,10.15,283.82,3.46,63.09,12.42,7.83,4.58,4.92,7.88,1218.32,1.11,1.6,209.3
2015-05-17 23:00:00,11833200.0,993.71,9.92,283.59,3.38,63.69,12.23,7.79,4.44,4.89,7.84,1219.24,1.69,2.28,211.0
2015-05-17 23:10:00,11833800.0,993.66,9.59,283.26,3.44,65.38,11.96,7.82,4.14,4.91,7.87,1220.6,1.58,2.2,219.3
2015-05-17 23:20:00,11834400.0,993.6,9.28,282.96,3.48,66.95,11.71,7.84,3.87,4.92,7.89,1221.85,1.35,1.88,215.1
2015-05-17 23:30:00,11835000.0,993.51,9.05,282.74,3.39,67.58,11.53,7.79,3.74,4.89,7.84,1222.76,1.59,2.74,207.2
2015-05-17 23:40:00,11835600.0,993.48,8.74,282.43,3.32,68.66,11.29,7.75,3.54,4.87,7.8,1224.07,1.36,1.92,198.4
2015-05-17 23:50:00,11836200.0,993.41,8.59,282.28,3.21,68.82,11.18,7.69,3.49,4.83,7.74,1224.67,1.11,2.12,197.7
2015-05-18 00:00:00,11836800.0,993.29,8.41,282.11,3.12,69.26,11.04,7.65,3.39,4.8,7.7,1225.33,1.23,2.04,213.4
2015-05-18 00:10:00,11837400.0,993.18,8.38,282.09,3.12,69.37,11.02,7.64,3.38,4.8,7.7,1225.32,1.43,2.36,200.5
2015-05-18 00:20:00,11838000.0,993.14,8.2,281.91,3.09,70.1,10.89,7.63,3.25,4.79,7.68,1226.06,1.39,2.58,200.9
2015-05-18 00:30:00,11838600.0,993.03,8.0,281.72,3.1,71.1,10.74,7.63,3.1,4.8,7.69,1226.8,1.6,2.5,198.1
2015-05-18 00:40:00,11839200.0,992.97,7.74,281.47,3.01,71.9,10.55,7.58,2.96,4.77,7.64,1227.88,1.28,2.12,197.8
2015-05-18 00:50:00,11839800.0,992.88,7.45,281.18,2.98,73.2,10.34,7.57,2.77,4.76,7.62,1229.05,1.38,2.36,197.5
2015-05-18 01:00:00,11840400.0,992.8,7.17,280.91,2.96,74.5,10.15,7.56,2.59,4.75,7.61,1230.18,1.53,2.4,188.5
2015-05-18 01:10:00,11841000.0,992.73,6.98,280.73,2.95,75.4,10.02,7.55,2.46,4.75,7.61,1230.92,1.6,2.96,194.6
2015-05-18 01:20:00,11841600.0,992.59,6.86,280.62,2.98,76.2,9.93,7.57,2.36,4.76,7.63,1231.27,1.13,2.38,192.5
2015-05-18 01:30:00,11842200.0,992.46,6.73,280.5,2.91,76.5,9.84,7.53,2.31,4.73,7.59,1231.71,1.15,2.36,194.7
2015-05-18 01:40:00,11842800.0,992.4,6.57,280.34,2.88,77.2,9.73,7.52,2.22,4.72,7.57,1232.34,1.84,2.88,187.5
2015-05-18 01:50:00,11843400.0,992.29,6.28,280.06,2.8,78.3,9.54,7.47,2.07,4.7,7.53,1233.5,1.37,2.6,195.9
2015-05-18 02:00:00,11844000.0,992.21,6.1,279.89,2.8,79.3,9.43,7.47,1.95,4.7,7.53,1234.19,0.99,1.6,185.7
2015-05-18 02:10:00,11844600.0,992.14,6.13,279.92,2.75,78.9,9.44,7.45,1.99,4.68,7.51,1234.01,0.61,1.24,194.7
2015-05-18 02:20:00,11845200.0,992.03,6.03,279.83,2.71,79.2,9.38,7.43,1.95,4.67,7.49,1234.32,1.18,1.96,196.8
2015-05-18 02:30:00,11845800.0,991.94,5.92,279.72,2.78,80.2,9.3,7.46,1.84,4.69,7.52,1234.69,1.02,2.04,217.4
2015-05-18 02:40:00,11846400.0,991.85,5.87,279.68,2.8,80.6,9.28,7.48,1.8,4.7,7.54,1234.76,0.65,1.4,197.2
2015-05-18 02:50:00,11847000.0,991.75,5.7,279.52,2.64,80.6,9.16,7.39,1.78,4.65,7.45,1235.44,0.7,2.36,168.8
2015-05-18 03:00:00,11847600.0,991.59,5.69,279.52,2.68,80.9,9.16,7.41,1.75,4.66,7.47,1235.28,0.5,1.76,204.8
2015-05-18 03:10:00,11848200.0,991.45,5.66,279.51,2.72,81.3,9.14,7.43,1.71,4.68,7.5,1235.2,0.7,1.4,166.5
2015-05-18 03:20:00,11848800.0,991.35,5.51,279.36,2.64,81.7,9.05,7.39,1.66,4.65,7.45,1235.77,0.69,1.16,193.8
2015-05-18 03:30:00,11849400.0,991.22,5.5,279.37,2.67,81.9,9.04,7.4,1.64,4.66,7.47,1235.63,0.78,1.16,206.8
2015-05-18 03:40:00,11850000.0,991.06,5.47,279.34,2.67,82.1,9.02,7.4,1.61,4.66,7.47,1235.59,0.54,0.86,184.8
2015-05-18 03:50:00,11850600.0,990.92,5.63,279.52,2.74,81.6,9.12,7.44,1.68,4.69,7.51,1234.67,0.27,0.6,172.0
2015-05-18 04:00:00,11851200.0,990.81,5.83,279.72,2.81,80.9,9.25,7.48,1.77,4.71,7.55,1233.66,0.34,0.8,99.0
2015-05-18 04:10:00,11851800.0,990.7,5.81,279.72,2.92,81.6,9.24,7.54,1.7,4.75,7.61,1233.56,0.48,1.28,178.2
2015-05-18 04:20:00,11852400.0,990.59,5.73,279.65,2.81,81.4,9.19,7.48,1.71,4.71,7.55,1233.81,1.07,1.92,172.8
2015-05-18 04:30:00,11853000.0,990.48,5.74,279.66,2.85,81.6,9.19,7.5,1.69,4.72,7.57,1233.64,0.43,0.92,336.1
2015-05-18 04:40:00,11853600.0,990.38,5.85,279.79,2.94,81.5,9.26,7.55,1.71,4.76,7.62,1232.97,0.29,0.84,180.1
2015-05-18 04:50:00,11854200.0,990.38,5.96,279.89,2.89,80.6,9.33,7.52,1.81,4.74,7.59,1232.53,0.85,1.32,193.4
2015-05-18 05:00:00,11854800.0,990.33,5.94,279.87,2.92,80.9,9.32,7.54,1.78,4.75,7.61,1232.55,0.75,1.16,191.8
2015-05-18 05:10:00,11855400.0,990.26,6.23,280.17,3.03,79.9,9.51,7.6,1.91,4.79,7.67,1231.14,0.75,1.28,189.7
2015-05-18 05:20:00,11856000.0,990.2,6.24,280.18,2.93,79.3,9.51,7.54,1.97,4.75,7.62,1231.06,1.11,1.44,198.0
2015-05-18 05:30:00,11856600.0,990.12,6.2,280.15,2.98,79.8,9.49,7.57,1.92,4.77,7.65,1231.12,0.94,1.16,207.6
2015-05-18 05:40:00,11857200.0,990.11,6.31,280.26,3.21,80.5,9.56,7.7,1.86,4.85,7.77,1230.56,0.82,1.16,193.2
2015-05-18 05:50:00,11857800.0,990.04,6.33,280.29,3.25,80.6,9.57,7.72,1.86,4.86,7.79,1230.37,1.01,1.36,192.6
2015-05-18 06:00:00,11858400.0,989.89,6.55,280.53,3.24,79.3,9.72,7.71,2.01,4.86,7.79,1229.2,0.95,1.6,133.0
2015-05-18 06:10:00,11859000.0,989.87,6.81,280.78,3.45,79.1,9.9,7.83,2.07,4.93,7.91,1228.0,0.9,1.62,154.5
2015-05-18 06:20:00,11859600.0,989.81,7.26,281.24,3.55,77.2,10.21,7.88,2.33,4.97,7.96,1225.92,0.85,1.8,154.1
2015-05-18 06:30:00,11860200.0,989.7,7.27,281.26,3.54,77.1,10.22,7.88,2.34,4.96,7.96,1225.74,1.49,2.56,144.9
2015-05-18 06:40:00,11860800.0,989.59,7.27,281.27,3.65,77.7,10.22,7.94,2.28,5.0,8.02,1225.58,1.59,2.48,147.4
2015-05-18 06:50:00,11861400.0,989.48,7.39,281.4,3.86,78.2,10.3,8.05,2.25,5.08,8.14,1224.86,1.12,2.16,137.9
2015-05-18 07:00:00,11862000.0,989.38,7.53,281.55,3.92,77.8,10.4,8.09,2.31,5.1,8.18,1224.11,1.58,2.7,142.2
2015-05-18 07:10:00,11862600.0,989.28,7.63,281.66,4.02,77.8,10.47,8.15,2.32,5.14,8.23,1223.52,1.85,2.6,140.3
2015-05-18 07:20:00,11863200.0,989.16,8.1,282.14,4.23,76.5,10.81,8.27,2.54,5.22,8.36,1221.27,1.13,2.04,135.6
2015-05-18 07:30:00,11863800.0,989.06,9.06,283.11,4.51,73.1,11.54,8.44,3.1,5.32,8.53,1216.92,1.06,2.0,134.7
2015-05-18 07:40:00,11864400.0,988.91,10.21,284.28,4.83,69.19,12.47,8.63,3.84,5.44,8.72,1211.71,1.03,1.52,139.4
2015-05-18 07:50:00,11865000.0,988.81,10.76,284.84,5.07,67.83,12.93,8.77,4.16,5.54,8.87,1209.17,0.91,1.62,162.0
2015-05-18 08:00:00,11865600.0,988.68,11.03,285.12,5.22,67.3,13.17,8.86,4.31,5.59,8.96,1207.82,0.91,1.72,206.2
2015-05-18 08:10:00,11866200.0,988.55,12.12,286.22,5.68,64.65,14.16,9.15,5.0,5.78,9.26,1202.91,1.14,2.24,182.1
2015-05-18 08:20:00,11866800.0,988.4,13.62,287.74,5.9,59.49,15.62,9.29,6.33,5.87,9.4,1196.37,1.51,2.64,184.5
2015-05-18 08:30:00,11867400.0,988.24,14.66,288.8,5.82,55.32,16.71,9.24,7.47,5.84,9.35,1191.88,2.19,3.5,175.8
2015-05-18 08:40:00,11868000.0,988.01,15.45,289.61,5.97,53.14,17.58,9.34,8.24,5.9,9.46,1188.29,2.18,3.64,153.0
2015-05-18 08:50:00,11868600.0,987.82,16.51,290.69,6.2,50.45,18.81,9.49,9.32,6.0,9.61,1183.65,2.71,4.71,160.8
2015-05-18 09:00:00,11869200.0,987.64,16.9,291.09,6.22,49.27,19.28,9.5,9.78,6.01,9.62,1181.84,3.53,6.65,202.3
2015-05-18 09:10:00,11869800.0,987.34,16.73,290.95,5.92,48.77,19.08,9.3,9.77,5.88,9.42,1182.26,5.04,9.01,212.2
2015-05-18 09:20:00,11870400.0,987.12,16.97,291.21,6.08,48.57,19.37,9.41,9.96,5.95,9.53,1180.97,4.77,7.77,190.2
2015-05-18 09:30:00,11871000.0,986.81,17.0,291.26,5.99,48.18,19.41,9.35,10.06,5.91,9.48,1180.5,4.61,7.69,172.8
2015-05-18 09:40:00,11871600.0,986.63,17.33,291.61,6.0,47.23,19.82,9.36,10.46,5.92,9.49,1178.94,5.38,7.05,172.2
2015-05-18 09:50:00,11872200.0,986.48,17.11,291.4,5.96,47.75,19.54,9.33,10.21,5.9,9.46,1179.67,4.41,7.69,184.6
2015-05-18 10:00:00,11872800.0,986.34,17.29,291.59,5.99,47.3,19.77,9.35,10.42,5.92,9.48,1178.76,4.92,9.13,190.2
2015-05-18 10:10:00,11873400.0,986.17,17.27,291.59,6.1,47.73,19.74,9.42,10.32,5.96,9.55,1178.6,3.44,6.77,201.1
2015-05-18 10:20:00,11874000.0,986.03,17.88,292.21,6.22,46.32,20.52,9.5,11.01,6.02,9.64,1175.93,4.25,6.81,190.5
2015-05-18 10:30:00,11874600.0,985.87,17.99,292.34,6.04,45.43,20.66,9.39,11.27,5.94,9.52,1175.35,5.58,9.57,185.0
2015-05-18 10:40:00,11875200.0,985.69,17.79,292.15,6.05,46.03,20.4,9.39,11.01,5.95,9.53,1175.94,4.57,7.65,204.3
2015-05-18 10:50:00,11875800.0,985.58,17.87,292.24,6.08,45.89,20.5,9.41,11.09,5.96,9.55,1175.47,4.69,6.77,202.8
2015-05-18 11:00:00,11876400.0,985.45,18.06,292.44,5.64,43.99,20.75,9.13,11.62,5.78,9.26,1174.68,4.34,8.13,205.2
2015-05-18 11:10:00,11877000.0,985.28,18.34,292.74,5.31,42.24,21.12,8.92,12.2,5.65,9.05,1173.44,5.01,7.44,222.4
2015-05-18 11:20:00,11877600.0,985.08,18.78,293.2,5.84,42.64,21.71,9.26,12.45,5.87,9.4,1171.28,3.63,8.45,218.6
2015-05-18 11:30:00,11878200.0,984.9,18.72,293.15,4.48,38.93,21.63,8.42,13.21,5.33,8.55,1171.69,6.8,9.99,208.3
2015-05-18 11:40:00,11878800.0,984.7,18.66,293.11,3.82,37.29,21.55,8.03,13.51,5.09,8.16,1171.86,6.1,8.69,206.5
2015-05-18 11:50:00,11879400.0,984.57,18.98,293.44,3.45,35.6,21.98,7.83,14.16,4.96,7.95,1170.52,5.84,8.45,214.0
2015-05-18 12:00:00,11880000.0,984.37,19.2,293.68,4.5,37.83,22.28,8.43,13.85,5.34,8.56,1169.13,4.94,7.89,211.0
2015-05-18 12:10:00,11880600.0,984.18,19.3,293.8,5.06,39.08,22.42,8.76,13.66,5.56,8.9,1168.35,4.65,7.12,207.1
2015-05-18 12:20:00,11881200.0,984.03,19.35,293.86,5.17,39.26,22.49,8.83,13.66,5.6,8.97,1167.94,5.81,9.37,212.3
2015-05-18 12:30:00,11881800.0,983.79,19.72,294.25,5.08,38.14,23.02,8.78,14.24,5.57,8.92,1166.2,5.63,8.47,199.2
2015-05-18 12:40:00,11882400.0,983.67,19.9,294.44,5.03,37.57,23.28,8.74,14.53,5.55,8.89,1165.36,5.18,8.41,190.2
2015-05-18 12:50:00,11883000.0,983.58,19.85,294.4,5.15,38.02,23.2,8.82,14.38,5.6,8.97,1165.42,5.01,8.25,214.7
2015-05-18 13:00:00,11883600.0,983.42,19.87,294.43,5.64,39.28,23.23,9.13,14.11,5.79,9.28,1165.01,4.9,8.45,215.9
2015-05-18 13:10:00,11884200.0,983.21,20.18,294.76,5.87,39.16,23.68,9.27,14.41,5.89,9.43,1163.46,4.72,8.77,193.4
2015-05-18 13:20:00,11884800.0,983.05,19.9,294.5,5.65,39.23,23.28,9.13,14.14,5.8,9.29,1164.45,4.9,6.77,184.7
2015-05-18 13:30:00,11885400.0,982.85,20.29,294.91,5.7,38.44,23.84,9.17,14.68,5.82,9.33,1162.65,4.91,9.05,217.8
2015-05-18 13:40:00,11886000.0,982.63,20.35,294.98,5.62,38.09,23.93,9.12,14.82,5.79,9.28,1162.17,5.51,9.57,209.9
2015-05-18 13:50:00,11886600.0,982.48,20.25,294.9,5.46,37.9,23.78,9.01,14.77,5.73,9.18,1162.44,5.33,7.83,206.0
2015-05-18 14:00:00,11887200.0,982.29,20.28,294.94,5.53,38.01,23.83,9.06,14.77,5.76,9.22,1162.07,5.98,9.29,203.9
2015-05-18 14:10:00,11887800.0,982.09,20.19,294.87,5.51,38.16,23.7,9.04,14.65,5.75,9.21,1162.2,6.33,8.89,207.4
2015-05-18 14:20:00,11888400.0,981.88,20.46,295.16,5.12,36.53,24.1,8.8,15.29,5.59,8.96,1160.99,6.59,9.73,209.3
2015-05-18 14:30:00,11889000.0,981.76,20.56,295.27,5.33,36.85,24.24,8.93,15.31,5.68,9.1,1160.39,6.34,9.55,207.6
2015-05-18 14:40:00,11889600.0,981.54,20.69,295.42,5.54,37.09,24.44,9.06,15.37,5.76,9.24,1159.56,5.88,9.01,207.8
2015-05-18 14:50:00,11890200.0,981.38,21.05,295.8,5.86,37.1,24.99,9.27,15.72,5.9,9.45,1157.86,5.82,9.51,219.5
2015-05-18 15:00:00,11890800.0,981.2,21.18,295.94,6.05,37.29,25.19,9.39,15.79,5.98,9.57,1157.08,5.09,9.97,203.8
2015-05-18 15:10:00,11891400.0,981.07,20.96,295.73,5.99,37.63,24.85,9.35,15.5,5.95,9.53,1157.81,5.43,7.42,206.9
2015-05-18 15:20:00,11892000.0,980.84,21.19,295.98,6.21,37.69,25.2,9.5,15.7,6.05,9.68,1156.57,4.98,7.89,194.8
2015-05-18 15:30:00,11892600.0,980.61,21.39,296.2,6.26,37.34,25.51,9.53,15.99,6.06,9.71,1155.5,6.39,9.77,191.1
2015-05-18 15:40:00,11893200.0,980.41,21.6,296.43,6.29,36.96,25.84,9.55,16.29,6.08,9.74,1154.43,4.8,7.89,187.5
2015-05-18 15:50:00,11893800.0,980.26,21.73,296.58,6.22,36.49,26.05,9.51,16.54,6.05,9.7,1153.76,4.85,7.36,211.8
2015-05-18 16:00:00,11894400.0,980.15,21.85,296.71,5.83,35.24,26.24,9.25,16.99,5.89,9.43,1153.28,5.22,8.37,205.1
2015-05-18 16:10:00,11895000.0,980.01,22.08,296.95,6.3,35.9,26.61,9.55,17.06,6.09,9.75,1152.08,4.09,6.93,182.2
2015-05-18 16:20:00,11895600.0,979.86,22.04,296.92,5.87,34.94,26.55,9.28,17.27,5.91,9.47,1152.18,5.47,8.17,203.5
2015-05-18 16:30:00,11896200.0,979.69,21.9,296.8,5.77,34.99,26.32,9.21,17.11,5.87,9.4,1152.55,5.25,9.73,235.7
2015-05-18 16:40:00,11896800.0,979.56,22.16,297.07,6.17,35.42,26.74,9.47,17.27,6.04,9.67,1151.27,4.06,6.56,202.5
2015-05-18 16:50:00,11897400.0,979.38,22.07,296.99,5.95,35.07,26.59,9.33,17.27,5.94,9.52,1151.47,3.94,6.28,223.6
2015-05-18 17:00:00,11898000.0,979.25,22.17,297.11,6.05,35.09,26.76,9.39,17.37,5.99,9.59,1150.9,3.33,6.81,217.0
2015-05-18 17:10:00,11898600.0,979.08,22.22,297.17,5.99,34.85,26.84,9.35,17.49,5.96,9.55,1150.52,4.54,8.37,218.0
2015-05-18 17:20:00,11899200.0,979.01,21.95,296.91,5.9,35.2,26.4,9.29,17.11,5.93,9.49,1151.52,4.25,5.84,222.6
2015-05-18 17:30:00,11899800.0,978.9,21.73,296.69,5.73,35.26,26.05,9.18,16.86,5.86,9.38,1152.3,5.41,7.28,217.4
2015-05-18 17:40:00,11900400.0,978.85,21.66,296.63,5.84,35.69,25.94,9.26,16.68,5.9,9.46,1152.48,3.97,6.08,226.4
2015-05-18 17:50:00,11901000.0,978.81,21.84,296.81,5.79,35.16,26.22,9.22,17.0,5.88,9.42,1151.74,3.83,6.0,228.9
2015-05-18 18:00:00,11901600.0,978.78,21.93,296.91,6.08,35.7,26.37,9.41,16.96,6.0,9.62,1151.27,2.66,4.8,227.7
2015-05-18 18:10:00,11902200.0,978.67,22.04,297.03,6.04,35.35,26.55,9.38,17.16,5.99,9.59,1150.73,4.29,6.81,224.4
2015-05-18 18:20:00,11902800.0,978.67,21.85,296.83,5.72,34.98,26.24,9.18,17.06,5.85,9.38,1151.56,3.84,5.64,219.2
2015-05-18 18:30:00,11903400.0,978.66,21.56,296.54,5.47,34.99,25.78,9.02,16.76,5.75,9.22,1152.75,4.05,6.28,227.2
2015-05-18 18:40:00,11904000.0,978.6,21.5,296.49,5.57,35.37,25.69,9.08,16.6,5.79,9.28,1152.89,3.72,5.6,220.9
2015-05-18 18:50:00,11904600.0,978.56,21.06,296.05,5.38,35.86,25.0,8.97,16.04,5.72,9.16,1154.62,2.97,4.82,217.9
2015-05-18 19:00:00,11905200.0,978.56,20.82,295.81,5.39,36.41,24.64,8.97,15.67,5.72,9.17,1155.56,2.91,4.68,222.6
2015-05-18 19:10:00,11905800.0,978.5,20.51,295.5,5.47,37.33,24.17,9.02,15.15,5.76,9.22,1156.68,2.9,4.44,230.7
2015-05-18 19:20:00,11906400.0,978.48,20.26,295.25,5.41,37.74,23.8,8.98,14.82,5.73,9.18,1157.66,3.19,4.64,235.2
2015-05-18 19:30:00,11907000.0,978.44,20.02,295.01,5.33,38.08,23.45,8.93,14.52,5.7,9.13,1158.59,2.83,4.4,236.5
2015-05-18 19:40:00,11907600.0,978.41,19.67,294.66,5.34,38.96,22.95,8.94,14.01,5.7,9.14,1159.93,1.94,3.12,230.5
2015-05-18 19:50:00,11908200.0,978.35,19.31,294.31,5.36,39.89,22.44,8.95,13.49,5.71,9.15,1161.28,1.93,2.44,224.0
2015-05-18 20:00:00,11908800.0,978.43,19.27,294.26,5.19,39.51,22.38,8.84,13.54,5.64,9.04,1161.58,1.85,2.28,223.8
2015-05-18 20:10:00,11909400.0,978.44,19.09,294.08,5.01,39.47,22.13,8.74,13.4,5.57,8.93,1162.36,2.0,2.52,222.0
2015-05-18 20:20:00,11910000.0,978.51,18.86,293.84,4.83,39.54,21.82,8.63,13.19,5.5,8.82,1163.41,2.22,2.68,226.9
2015-05-18 20:30:00,11910600.0,978.45,18.62,293.6,4.6,39.48,21.49,8.49,13.01,5.41,8.67,1164.36,2.03,2.62,229.1
2015-05-18 20:40:00,11911200.0,978.44,18.52,293.5,4.41,39.21,21.36,8.37,12.98,5.34,8.56,1164.79,2.06,2.44,231.8
2015-05-18 20:50:00,11911800.0,978.45,18.36,293.34,4.36,39.48,21.14,8.35,12.8,5.32,8.53,1165.46,2.1,2.52,234.5
2015-05-18 21:00:00,11912400.0,978.49,18.23,293.21,4.28,39.56,20.97,8.3,12.68,5.29,8.48,1166.05,2.2,2.6,236.6
2015-05-18 21:10:00,11913000.0,978.44,18.2,293.18,4.23,39.51,20.93,8.27,12.66,5.27,8.45,1166.12,2.04,2.4,238.9
2015-05-18 21:20:00,11913600.0,978.43,18.19,293.17,4.28,39.66,20.92,8.3,12.62,5.29,8.48,1166.14,1.96,2.64,235.1
2015-05-18 21:30:00,11914200.0,978.39,18.12,293.11,4.35,40.04,20.83,8.34,12.49,5.32,8.52,1166.35,1.87,2.36,233.6
2015-05-18 21:40:00,11914800.0,978.36,17.91,292.9,4.2,40.15,20.56,8.25,12.3,5.26,8.44,1167.19,2.09,2.82,229.6
2015-05-18 21:50:00,11915400.0,978.33,17.96,292.95,3.89,39.15,20.62,8.07,12.55,5.15,8.25,1167.04,2.57,3.24,224.9
2015-05-18 22:00:00,11916000.0,978.34,17.89,292.88,3.67,38.71,20.53,7.95,12.58,5.07,8.12,1167.39,3.11,3.94,227.3
2015-05-18 22:10:00,11916600.0,978.38,17.68,292.66,3.51,38.79,20.26,7.86,12.4,5.01,8.03,1168.32,2.88,3.76,224.8
2015-05-18 22:20:00,11917200.0,978.37,17.39,292.37,3.39,39.18,19.89,7.79,12.1,4.97,7.97,1169.5,2.47,3.16,217.9
2015-05-18 22:30:00,11917800.0,978.36,16.91,291.89,3.28,40.07,19.3,7.73,11.56,4.93,7.9,1171.45,2.98,3.44,215.8
2015-05-18 22:40:00,11918400.0,978.38,16.82,291.8,2.94,39.35,19.19,7.55,11.64,4.81,7.72,1171.93,2.98,3.4,220.6
2015-05-18 22:50:00,11919000.0,978.38,16.73,291.71,2.86,39.34,19.08,7.5,11.57,4.79,7.67,1172.31,2.59,2.96,222.6
2015-05-18 23:00:00,11919600.0,978.33,16.27,291.25,3.0,40.91,18.53,7.58,10.95,4.83,7.75,1174.08,2.55,2.9,220.7
2015-05-18 23:10:00,11920200.0,978.28,15.93,290.91,2.78,41.17,18.13,7.46,10.67,4.76,7.63,1175.45,2.78,3.1,215.2
2015-05-18 23:20:00,11920800.0,978.23,16.18,291.17,2.68,40.24,18.42,7.41,11.01,4.73,7.58,1174.4,2.54,2.88,226.2
2015-05-18 23:30:00,11921400.0,978.17,15.84,290.83,2.91,41.79,18.02,7.53,10.49,4.8,7.7,1175.65,2.68,3.04,230.0
2015-05-18 23:40:00,11922000.0,978.18,15.2,290.19,2.97,43.73,17.3,7.57,9.73,4.82,7.73,1178.26,2.81,3.42,219.7
2015-05-18 23:50:00,11922600.0,978.19,15.22,290.2,3.06,43.94,17.32,7.61,9.71,4.85,7.78,1178.17,2.33,2.96,220.0
2015-05-19 00:00:00,11923200.0,978.16,14.46,289.44,3.24,46.76,16.49,7.71,8.78,4.92,7.88,1181.2,1.54,2.68,216.0
2015-05-19 00:10:00,11923800.0,978.1,13.99,288.97,3.27,48.29,16.0,7.73,8.27,4.93,7.9,1183.05,1.88,2.64,223.5
2015-05-19 00:20:00,11924400.0,978.08,13.93,288.92,3.28,48.53,15.94,7.73,8.2,4.93,7.91,1183.27,1.99,2.52,222.9
2015-05-19 00:30:00,11925000.0,978.07,13.88,288.87,3.48,49.38,15.88,7.84,8.04,5.0,8.02,1183.42,1.18,2.64,196.9
2015-05-19 00:40:00,11925600.0,978.05,13.4,288.38,4.05,53.05,15.4,8.17,7.23,5.21,8.35,1185.23,0.55,1.16,189.0
2015-05-19 00:50:00,11926200.0,977.97,13.2,288.19,3.6,52.04,15.2,7.91,7.29,5.04,8.09,1186.08,1.6,2.84,227.0
2015-05-19 01:00:00,11926800.0,977.97,13.13,288.12,3.61,52.32,15.13,7.91,7.21,5.05,8.09,1186.36,2.2,2.96,210.8
2015-05-19 01:10:00,11927400.0,978.04,12.58,287.56,4.14,56.31,14.59,8.22,6.37,5.24,8.4,1188.59,0.65,1.4,135.0
2015-05-19 01:20:00,11928000.0,977.96,12.41,287.4,4.31,57.65,14.43,8.32,6.11,5.31,8.51,1189.16,0.2,0.6,9.99
2015-05-19 01:30:00,11928600.0,977.95,12.27,287.26,4.23,57.84,14.3,8.27,6.03,5.28,8.46,1189.75,0.44,0.92,160.1
2015-05-19 01:40:00,11929200.0,977.95,12.0,286.98,3.98,57.84,14.04,8.12,5.92,5.18,8.31,1190.94,0.4,0.72,139.8
2015-05-19 01:50:00,11929800.0,977.97,11.82,286.8,3.95,58.42,13.88,8.11,5.77,5.17,8.29,1191.73,0.49,0.96,180.3
2015-05-19 02:00:00,11930400.0,977.95,11.7,286.68,3.93,58.82,13.77,8.1,5.67,5.17,8.28,1192.21,0.85,1.44,204.1
2015-05-19 02:10:00,11931000.0,977.97,11.42,286.4,4.5,62.35,13.52,8.43,5.09,5.38,8.62,1193.26,0.71,1.0,149.4
2015-05-19 02:20:00,11931600.0,977.96,11.17,286.15,4.59,63.82,13.29,8.48,4.81,5.41,8.67,1194.27,1.01,2.4,150.9
2015-05-19 02:30:00,11932200.0,977.95,11.06,286.04,4.44,63.62,13.2,8.4,4.8,5.36,8.58,1194.76,1.16,2.08,178.9
2015-05-19 02:40:00,11932800.0,977.87,11.01,285.99,4.36,63.47,13.15,8.35,4.8,5.33,8.54,1194.89,0.65,1.52,183.8
2015-05-19 02:50:00,11933400.0,977.88,10.86,285.84,4.47,64.59,13.02,8.41,4.61,5.37,8.6,1195.5,0.64,1.24,133.2
2015-05-19 03:00:00,11934000.0,977.94,10.61,285.59,4.57,66.14,12.81,8.47,4.34,5.4,8.66,1196.6,0.33,0.84,77.0
2015-05-19 03:10:00,11934600.0,978.02,10.48,285.45,4.63,66.98,12.7,8.5,4.19,5.43,8.69,1197.24,0.57,1.36,221.2
2015-05-19 03:20:00,11935200.0,978.03,10.72,285.69,4.55,65.55,12.9,8.46,4.44,5.4,8.65,1196.26,1.67,2.8,222.5
2015-05-19 03:30:00,11935800.0,977.89,11.45,286.44,4.77,63.41,13.54,8.59,4.96,5.48,8.78,1192.96,1.56,2.4,218.1
2015-05-19 03:40:00,11936400.0,977.9,10.68,285.66,4.78,66.83,12.87,8.6,4.27,5.49,8.79,1196.2,1.12,1.72,204.1
2015-05-19 03:50:00,11937000.0,977.86,10.49,285.47,4.86,68.02,12.7,8.64,4.06,5.51,8.84,1196.93,0.85,1.44,179.3
2015-05-19 04:00:00,11937600.0,977.82,10.41,285.39,4.93,68.72,12.64,8.68,3.95,5.54,8.88,1197.2,0.71,1.1,159.0
2015-05-19 04:10:00,11938200.0,977.82,10.66,285.65,4.87,67.3,12.85,8.65,4.2,5.52,8.84,1196.16,0.49,1.0,163.9
2015-05-19 04:20:00,11938800.0,977.83,11.11,286.1,5.03,66.05,13.24,8.74,4.49,5.58,8.94,1194.24,0.52,0.8,161.9
2015-05-19 04:30:00,11939400.0,977.88,11.09,286.07,5.11,66.51,13.22,8.79,4.43,5.61,8.99,1194.36,0.28,0.76,123.2
2015-05-19 04:40:00,11940000.0,977.89,11.14,286.12,5.27,67.03,13.27,8.89,4.37,5.68,9.09,1194.12,0.21,0.52,109.9
2015-05-19 04:50:00,11940600.0,977.95,11.58,286.56,5.15,64.58,13.66,8.82,4.84,5.63,9.02,1192.38,0.49,1.24,104.8
2015-05-19 05:00:00,11941200.0,977.96,11.78,286.76,5.06,63.31,13.84,8.76,5.08,5.59,8.96,1191.58,1.36,3.2,150.5
2015-05-19 05:10:00,11941800.0,977.97,11.77,286.75,4.91,62.73,13.83,8.68,5.16,5.54,8.87,1191.67,1.71,3.24,152.2
2015-05-19 05:20:00,11942400.0,978.04,11.5,286.47,4.93,63.91,13.59,8.68,4.9,5.54,8.88,1192.89,1.0,2.12,136.9
2015-05-19 05:30:00,11943000.0,978.08,11.36,286.33,5.04,65.03,13.46,8.75,4.71,5.59,8.95,1193.49,0.83,1.64,104.1
2015-05-19 05:40:00,11943600.0,978.18,11.49,286.45,5.27,65.53,13.58,8.9,4.68,5.68,9.1,1193.0,0.29,0.56,170.7
2015-05-19 05:50:00,11944200.0,978.22,11.67,286.63,5.62,66.33,13.74,9.11,4.63,5.82,9.32,1192.2,0.79,2.0,223.9
2015-05-19 06:00:00,11944800.0,978.31,12.12,287.07,6.04,66.31,14.16,9.39,4.77,5.99,9.59,1190.3,1.42,2.32,207.3
2015-05-19 06:10:00,11945400.0,978.37,12.55,287.5,6.27,65.47,14.56,9.53,5.03,6.08,9.74,1188.51,0.91,1.56,194.7
2015-05-19 06:20:00,11946000.0,978.45,12.81,287.76,6.29,64.48,14.81,9.55,5.26,6.09,9.76,1187.52,0.76,1.24,196.1
2015-05-19 06:30:00,11946600.0,978.6,13.03,287.97,6.45,64.24,15.03,9.65,5.37,6.16,9.86,1186.74,1.05,1.52,203.7
2015-05-19 06:40:00,11947200.0,978.85,13.64,288.56,6.58,62.31,15.64,9.74,5.89,6.22,9.95,1184.48,1.22,2.92,272.2
2015-05-19 06:50:00,11947800.0,979.12,13.95,288.85,6.82,62.06,15.96,9.9,6.05,6.32,10.11,1183.46,2.11,3.88,282.2
2015-05-19 07:00:00,11948400.0,979.26,13.4,288.28,6.99,65.08,15.4,10.02,5.38,6.39,10.23,1185.85,1.87,3.96,254.1
2015-05-19 07:10:00,11949000.0,979.44,13.06,287.93,7.01,66.64,15.06,10.03,5.02,6.4,10.24,1187.47,1.6,3.54,233.8
2015-05-19 07:20:00,11949600.0,979.53,12.88,287.74,7.02,67.46,14.88,10.04,4.84,6.4,10.25,1188.32,1.74,3.04,209.6
2015-05-19 07:30:00,11950200.0,979.59,12.99,287.84,7.12,67.45,14.99,10.11,4.88,6.44,10.32,1187.91,1.23,2.68,214.3
2015-05-19 07:40:00,11950800.0,979.73,13.65,288.49,7.36,65.69,15.65,10.28,5.37,6.55,10.49,1185.26,1.27,2.9,198.8
2015-05-19 07:50:00,11951400.0,979.77,13.67,288.51,7.26,65.14,15.67,10.21,5.46,6.51,10.42,1185.26,1.23,2.56,216.0
2015-05-19 08:00:00,11952000.0,979.84,13.88,288.72,7.45,65.09,15.88,10.34,5.55,6.59,10.55,1184.42,1.38,3.12,308.4
2015-05-19 08:10:00,11952600.0,979.98,14.12,288.95,7.4,63.89,16.13,10.31,5.83,6.57,10.52,1183.62,2.06,4.89,251.9
2015-05-19 08:20:00,11953200.0,979.93,13.92,288.75,7.38,64.63,15.93,10.29,5.63,6.56,10.5,1184.39,1.59,3.92,289.7
2015-05-19 08:30:00,11953800.0,979.99,14.04,288.87,7.54,64.82,16.05,10.4,5.65,6.63,10.62,1183.91,1.26,3.52,262.5
2015-05-19 08:40:00,11954400.0,980.01,14.04,288.86,7.6,65.1,16.05,10.45,5.6,6.66,10.66,1183.92,1.9,3.52,255.9
2015-05-19 08:50:00,11955000.0,979.92,14.16,288.99,7.68,64.97,16.18,10.51,5.67,6.7,10.72,1183.29,1.95,4.08,237.5
2015-05-19 09:00:00,11955600.0,979.97,14.67,289.5,7.82,63.46,16.72,10.61,6.11,6.76,10.83,1181.2,1.14,2.24,206.8
2015-05-19 09:10:00,11956200.0,980.05,15.27,290.1,7.96,61.63,17.38,10.71,6.67,6.83,10.93,1178.8,2.45,5.07,212.3
2015-05-19 09:20:00,11956800.0,980.14,15.05,289.87,8.08,63.0,17.13,10.79,6.34,6.88,11.01,1179.77,2.42,4.16,259.6
2015-05-19 09:30:00,11957400.0,980.05,15.18,290.01,8.24,63.17,17.28,10.91,6.36,6.96,11.14,1179.07,1.57,2.5,215.1
2015-05-19 09:40:00,11958000.0,980.18,15.36,290.18,8.26,62.53,17.48,10.93,6.55,6.96,11.15,1178.49,2.03,4.6,213.5
2015-05-19 09:50:00,11958600.0,980.32,15.43,290.24,8.26,62.24,17.56,10.93,6.63,6.96,11.15,1178.37,3.2,5.52,209.3
2015-05-19 10:00:00,11959200.0,980.29,15.35,290.16,8.04,61.64,17.47,10.77,6.7,6.86,10.98,1178.73,4.91,8.53,209.0
2015-05-19 10:10:00,11959800.0,980.22,15.42,290.23,8.21,62.08,17.55,10.89,6.65,6.94,11.11,1178.31,4.44,6.61,208.1
2015-05-19 10:20:00,11960400.0,980.27,15.84,290.65,8.31,60.86,18.02,10.97,7.05,6.99,11.19,1176.62,4.53,7.06,207.2
2015-05-19 10:30:00,11961000.0,980.26,15.9,290.71,8.26,60.42,18.09,10.93,7.16,6.97,11.15,1176.38,3.92,7.45,202.0
2015-05-19 10:40:00,11961600.0,980.29,15.88,290.69,7.63,57.95,18.07,10.47,7.6,6.67,10.68,1176.71,4.36,6.37,204.4
2015-05-19 10:50:00,11962200.0,980.35,16.05,290.86,6.65,53.57,18.27,9.79,8.48,6.23,9.98,1176.4,5.46,8.25,216.5
2015-05-19 11:00:00,11962800.0,980.3,16.65,291.46,6.78,52.05,18.98,9.88,9.1,6.29,10.08,1173.86,4.16,10.45,231.6
2015-05-19 11:10:00,11963400.0,980.25,17.28,292.1,6.28,48.3,19.75,9.54,10.21,6.08,9.73,1171.41,4.58,9.81,231.8
2015-05-19 11:20:00,11964000.0,980.14,17.6,292.43,5.56,45.03,20.16,9.08,11.08,5.78,9.26,1170.2,6.04,9.59,217.2
2015-05-19 11:30:00,11964600.0,979.99,17.71,292.56,4.53,41.62,20.3,8.45,11.85,5.38,8.62,1169.86,6.66,11.57,221.5
2015-05-19 11:40:00,11965200.0,980.04,18.06,292.9,4.7,41.19,20.75,8.55,12.2,5.44,8.72,1168.47,7.37,11.53,225.3
2015-05-19 11:50:00,11965800.0,980.03,17.97,292.81,4.64,41.25,20.63,8.51,12.12,5.42,8.68,1168.84,8.94,11.75,214.8
2015-05-19 12:00:00,11966400.0,980.03,17.85,292.69,5.1,42.93,20.48,8.79,11.69,5.6,8.97,1169.19,7.79,11.37,210.1
2015-05-19 12:10:00,11967000.0,980.21,18.13,292.96,5.3,42.78,20.84,8.92,11.93,5.68,9.1,1168.23,6.15,10.41,221.3
2015-05-19 12:20:00,11967600.0,980.13,18.02,292.86,5.32,43.14,20.7,8.93,11.77,5.69,9.11,1168.57,6.44,8.57,198.7
2015-05-19 12:30:00,11968200.0,980.22,18.01,292.84,5.52,43.76,20.69,9.05,11.63,5.76,9.23,1168.66,4.96,8.59,209.6
2015-05-19 12:40:00,11968800.0,980.22,17.73,292.56,5.27,43.78,20.32,8.9,11.43,5.67,9.08,1169.85,4.27,7.57,221.9
2015-05-19 12:50:00,11969400.0,980.23,18.02,292.85,5.0,42.17,20.7,8.73,11.97,5.56,8.9,1168.78,4.76,7.08,234.4
2015-05-19 13:00:00,11970000.0,980.28,17.88,292.7,4.6,41.36,20.52,8.49,12.03,5.4,8.66,1169.51,4.85,7.35,243.6
2015-05-19 13:10:00,11970600.0,980.22,18.36,293.19,4.74,40.55,21.14,8.57,12.57,5.46,8.75,1167.47,4.29,7.14,253.9
2015-05-19 13:20:00,11971200.0,980.2,18.22,293.05,4.33,39.74,20.96,8.33,12.63,5.3,8.5,1168.12,4.66,7.04,227.4
2015-05-19 13:30:00,11971800.0,980.22,18.66,293.49,4.15,38.16,21.55,8.22,13.32,5.23,8.39,1166.43,4.64,9.05,241.2
2015-05-19 13:40:00,11972400.0,980.28,18.74,293.57,3.77,36.98,21.65,8.01,13.65,5.1,8.17,1166.28,3.92,6.14,232.1
2015-05-19 13:50:00,11973000.0,980.19,19.08,293.92,3.11,34.54,22.12,7.64,14.48,4.86,7.79,1164.98,2.95,5.72,225.5
2015-05-19 14:00:00,11973600.0,980.12,19.16,294.0,2.06,31.89,22.23,7.09,15.14,4.51,7.23,1164.83,5.24,8.49,209.2
2015-05-19 14:10:00,11974200.0,980.11,19.14,293.98,2.03,31.85,22.2,7.07,15.13,4.5,7.21,1164.9,4.56,9.01,231.6
2015-05-19 14:20:00,11974800.0,980.09,19.06,293.91,1.95,31.83,22.09,7.03,15.06,4.47,7.17,1165.21,3.21,6.08,238.5
2015-05-19 14:30:00,11975400.0,980.12,19.45,294.3,2.99,33.48,22.63,7.58,15.06,4.82,7.73,1163.45,2.82,5.6,247.1
2015-05-19 14:40:00,11976000.0,980.15,19.64,294.48,2.86,32.77,22.9,7.51,15.4,4.78,7.66,1162.76,2.42,5.32,273.1
2015-05-19 14:50:00,11976600.0,980.15,19.17,294.01,1.95,31.63,22.24,7.04,15.21,4.48,7.18,1164.85,3.42,6.1,257.0
2015-05-19 15:00:00,11977200.0,980.17,19.31,294.15,2.38,32.33,22.44,7.25,15.18,4.62,7.4,1164.21,3.8,6.93,246.0
2015-05-19 15:10:00,11977800.0,980.33,18.82,293.64,2.28,33.1,21.76,7.2,14.56,4.58,7.35,1166.38,3.74,6.12,279.2
2015-05-19 15:20:00,11978400.0,980.25,18.89,293.72,1.7,31.6,21.86,6.91,14.95,4.39,7.05,1166.14,3.84,7.81,247.9
2015-05-19 15:30:00,11979000.0,980.23,18.94,293.77,0.09,28.04,21.93,6.15,15.78,3.91,6.27,1166.26,5.1,7.16,220.0
2015-05-19 15:40:00,11979600.0,980.28,19.01,293.84,-0.28,27.17,22.02,5.98,16.04,3.81,6.1,1166.11,3.78,7.32,237.8
2015-05-19 15:50:00,11980200.0,980.33,18.65,293.47,-0.3,27.75,21.53,5.98,15.56,3.8,6.1,1167.61,3.85,8.11,241.1
2015-05-19 16:00:00,11980800.0,980.38,18.49,293.31,-0.06,28.52,21.32,6.08,15.24,3.87,6.2,1168.27,3.88,5.68,225.8
2015-05-19 16:10:00,11981400.0,980.36,18.71,293.53,-0.24,27.76,21.61,6.0,15.61,3.82,6.12,1167.4,4.57,9.09,249.5
2015-05-19 16:20:00,11982000.0,980.53,18.48,293.28,-0.24,28.17,21.3,6.0,15.3,3.82,6.12,1168.52,3.89,6.2,251.6
2015-05-19 16:30:00,11982600.0,980.66,18.29,293.08,0.04,29.1,21.05,6.13,14.93,3.89,6.25,1169.38,4.62,7.48,239.7
2015-05-19 16:40:00,11983200.0,980.7,18.38,293.17,0.37,29.64,21.17,6.28,14.9,3.99,6.4,1169.0,3.46,7.89,247.0
2015-05-19 16:50:00,11983800.0,980.83,17.97,292.75,0.23,30.11,20.63,6.21,14.42,3.95,6.33,1170.83,4.58,8.09,248.2
2015-05-19 17:00:00,11984400.0,980.92,17.92,292.69,0.32,30.39,20.57,6.25,14.32,3.97,6.37,1171.12,3.99,8.13,228.2
2015-05-19 17:10:00,11985000.0,980.98,17.73,292.49,0.61,31.41,20.32,6.38,13.94,4.06,6.51,1171.9,4.24,6.3,240.2
2015-05-19 17:20:00,11985600.0,981.08,17.49,292.24,0.37,31.35,20.02,6.28,13.74,3.99,6.4,1173.04,4.02,7.61,227.4
2015-05-19 17:30:00,11986200.0,981.19,17.25,291.99,0.57,32.28,19.72,6.36,13.35,4.04,6.49,1174.1,3.73,6.4,245.2
2015-05-19 17:40:00,11986800.0,981.27,17.17,291.9,0.51,32.32,19.62,6.34,13.28,4.03,6.46,1174.53,4.01,6.26,253.0
2015-05-19 17:50:00,11987400.0,981.37,16.87,291.59,0.91,33.9,19.25,6.52,12.72,4.15,6.65,1175.78,3.88,6.16,235.1
2015-05-19 18:00:00,11988000.0,981.5,16.61,291.32,1.0,34.68,18.93,6.57,12.37,4.17,6.69,1176.97,3.38,6.0,235.8
2015-05-19 18:10:00,11988600.0,981.53,16.46,291.17,0.97,34.96,18.75,6.56,12.2,4.16,6.68,1177.62,3.91,6.77,219.7
2015-05-19 18:20:00,11989200.0,981.74,16.33,291.02,1.38,36.29,18.6,6.75,11.85,4.29,6.87,1178.32,2.32,4.08,244.4
2015-05-19 18:30:00,11989800.0,981.85,16.22,290.9,1.64,37.25,18.47,6.88,11.59,4.37,7.01,1178.84,2.06,4.54,233.2
2015-05-19 18:40:00,11990400.0,982.01,16.04,290.71,1.65,37.71,18.26,6.88,11.37,4.37,7.01,1179.76,2.3,3.9,245.2
2015-05-19 18:50:00,11991000.0,982.1,15.94,290.6,1.64,37.92,18.14,6.88,11.26,4.37,7.0,1180.28,2.29,3.64,244.7
2015-05-19 19:00:00,11991600.0,982.24,15.79,290.43,1.81,38.74,17.97,6.96,11.01,4.42,7.09,1181.03,1.82,3.6,237.5
2015-05-19 19:10:00,11992200.0,982.36,15.57,290.2,1.82,39.32,17.72,6.97,10.75,4.42,7.09,1182.07,2.41,3.6,238.6
2015-05-19 19:20:00,11992800.0,982.38,15.41,290.04,1.81,39.72,17.53,6.96,10.57,4.42,7.09,1182.75,2.53,4.56,243.1
2015-05-19 19:30:00,11993400.0,982.48,15.27,289.89,1.91,40.36,17.38,7.01,10.36,4.45,7.14,1183.42,2.31,3.78,240.2
2015-05-19 19:40:00,11994000.0,982.64,15.17,289.78,1.95,40.73,17.27,7.03,10.23,4.46,7.16,1184.02,2.8,4.36,243.5
2015-05-19 19:50:00,11994600.0,982.78,15.12,289.72,1.99,40.99,17.21,7.05,10.16,4.48,7.18,1184.38,3.1,4.68,241.0
2015-05-19 20:00:00,11995200.0,982.9,15.06,289.65,2.01,41.2,17.14,7.06,10.08,4.48,7.19,1184.77,2.67,4.04,242.9
2015-05-19 20:10:00,11995800.0,983.02,15.04,289.62,2.14,41.65,17.12,7.13,9.99,4.52,7.25,1184.96,2.29,3.64,267.0
2015-05-19 20:20:00,11996400.0,983.12,14.92,289.49,2.27,42.36,16.99,7.2,9.79,4.57,7.32,1185.55,2.19,3.32,263.3
2015-05-19 20:30:00,11997000.0,983.28,14.72,289.27,2.34,43.12,16.77,7.23,9.54,4.59,7.36,1186.55,1.98,2.92,256.9
2015-05-19 20:40:00,11997600.0,983.4,14.38,288.92,2.42,44.34,16.41,7.28,9.13,4.61,7.4,1188.08,1.84,2.8,253.2
2015-05-19 20:50:00,11998200.0,983.47,14.09,288.62,2.37,45.01,16.1,7.25,8.85,4.6,7.37,1189.37,1.73,2.52,256.9
2015-05-19 21:00:00,11998800.0,983.55,13.85,288.37,2.2,45.15,15.85,7.16,8.7,4.54,7.28,1190.51,2.21,3.32,258.5
2015-05-19 21:10:00,11999400.0,983.63,13.65,288.17,2.18,45.68,15.65,7.15,8.5,4.53,7.27,1191.44,2.41,3.22,256.0
2015-05-19 21:20:00,12000000.0,983.65,13.5,288.01,2.04,45.69,15.5,7.08,8.42,4.49,7.2,1192.12,2.37,2.8,256.1
2015-05-19 21:30:00,12000600.0,983.69,13.3,287.81,1.94,45.94,15.3,7.03,8.27,4.46,7.14,1193.02,2.34,3.08,257.4
2015-05-19 21:40:00,12001200.0,983.78,13.06,287.56,1.82,46.26,15.06,6.97,8.09,4.42,7.08,1194.16,2.18,2.72,259.2
2015-05-19 21:50:00,12001800.0,983.84,12.76,287.26,1.84,47.25,14.76,6.98,7.79,4.42,7.09,1195.48,2.01,3.0,253.7
2015-05-19 22:00:00,12002400.0,983.85,12.66,287.15,1.73,47.21,14.67,6.92,7.74,4.39,7.04,1195.94,2.17,2.98,254.3
2015-05-19 22:10:00,12003000.0,983.95,12.63,287.12,1.65,47.02,14.64,6.88,7.76,4.36,7.0,1196.2,2.2,2.92,256.9
2015-05-19 22:20:00,12003600.0,984.07,12.6,287.08,1.57,46.85,14.61,6.84,7.77,4.34,6.96,1196.49,2.05,3.08,254.6
2015-05-19 22:30:00,12004200.0,984.09,12.51,286.98,1.55,47.04,14.52,6.83,7.69,4.33,6.94,1196.9,2.26,3.34,246.9
2015-05-19 22:40:00,12004800.0,984.17,12.09,286.55,1.58,48.46,14.13,6.85,7.28,4.34,6.96,1198.75,2.2,3.16,243.3
2015-05-19 22:50:00,12005400.0,984.14,11.65,286.12,1.57,49.88,13.72,6.84,6.88,4.34,6.96,1200.57,2.13,2.68,225.0
2015-05-19 23:00:00,12006000.0,984.15,11.36,285.82,1.57,50.85,13.46,6.85,6.62,4.34,6.96,1201.81,2.66,3.48,226.5
2015-05-19 23:10:00,12006600.0,984.13,10.87,285.33,1.61,52.68,13.03,6.86,6.17,4.35,6.97,1203.85,2.6,3.28,224.1
2015-05-19 23:20:00,12007200.0,984.1,11.0,285.47,1.5,51.82,13.14,6.81,6.33,4.32,6.92,1203.28,2.41,3.08,226.3
2015-05-19 23:30:00,12007800.0,984.19,10.97,285.43,1.51,51.93,13.12,6.81,6.31,4.32,6.92,1203.52,1.84,2.84,216.5
2015-05-19 23:40:00,12008400.0,984.22,11.05,285.51,1.4,51.26,13.19,6.76,6.43,4.28,6.87,1203.24,2.61,3.08,226.6
2015-05-19 23:50:00,12009000.0,984.21,10.91,285.37,1.49,52.07,13.06,6.8,6.26,4.31,6.91,1203.8,1.7,2.6,221.0
2015-05-20 00:00:00,12009600.0,984.23,10.83,285.28,1.42,52.1,13.0,6.77,6.22,4.29,6.88,1204.18,2.58,3.12,224.4
2015-05-20 00:10:00,12010200.0,984.34,10.91,285.36,1.41,51.79,13.06,6.77,6.3,4.29,6.87,1203.98,1.73,2.56,227.3
2015-05-20 00:20:00,12010800.0,984.29,10.88,285.33,1.45,52.03,13.04,6.78,6.25,4.3,6.89,1204.04,1.13,1.5,229.6
2015-05-20 00:30:00,12011400.0,984.21,10.8,285.26,1.48,52.44,12.97,6.8,6.17,4.31,6.91,1204.27,0.88,1.24,231.1
2015-05-20 00:40:00,12012000.0,984.24,10.85,285.3,1.42,52.02,13.01,6.77,6.24,4.29,6.88,1204.11,1.64,2.4,226.1
2015-05-20 00:50:00,12012600.0,984.18,10.8,285.26,1.45,52.31,12.97,6.78,6.19,4.3,6.89,1204.24,1.99,3.0,229.4
2015-05-20 01:00:00,12013200.0,984.21,10.67,285.12,1.56,53.19,12.86,6.84,6.02,4.33,6.95,1204.8,1.27,2.84,184.7
2015-05-20 01:10:00,12013800.0,984.17,10.44,284.9,1.65,54.35,12.66,6.88,5.78,4.36,6.99,1205.71,0.51,0.8,166.1
2015-05-20 01:20:00,12014400.0,984.08,10.38,284.84,1.91,55.61,12.61,7.01,5.6,4.44,7.13,1205.8,0.73,1.24,154.6
2015-05-20 01:30:00,12015000.0,984.08,10.15,284.61,2.54,59.08,12.42,7.34,5.08,4.65,7.46,1206.62,0.65,1.56,156.4
2015-05-20 01:40:00,12015600.0,984.1,9.99,284.45,2.39,59.07,12.29,7.26,5.03,4.6,7.37,1207.37,0.49,1.28,164.8
2015-05-20 01:50:00,12016200.0,984.26,9.87,284.32,2.23,58.87,12.19,7.17,5.01,4.55,7.29,1208.11,1.35,2.6,154.6
2015-05-20 02:00:00,12016800.0,984.2,9.49,283.94,2.82,63.01,11.88,7.49,4.39,4.74,7.61,1209.52,0.91,2.16,165.3
2015-05-20 02:10:00,12017400.0,984.19,9.07,283.52,2.88,65.09,11.55,7.52,4.03,4.76,7.64,1211.29,1.06,2.44,197.8
2015-05-20 02:20:00,12018000.0,984.16,8.85,283.3,2.8,65.69,11.38,7.47,3.9,4.74,7.59,1212.22,1.28,2.12,204.8
2015-05-20 02:30:00,12018600.0,984.2,8.77,283.22,2.73,65.74,11.32,7.44,3.88,4.71,7.56,1212.63,1.03,2.08,210.6
2015-05-20 02:40:00,12019200.0,984.24,8.75,283.19,2.63,65.35,11.3,7.38,3.92,4.68,7.5,1212.79,1.09,1.92,188.3
2015-05-20 02:50:00,12019800.0,984.24,8.83,283.27,2.49,64.35,11.36,7.31,4.05,4.63,7.43,1212.48,1.25,2.32,195.6
2015-05-20 03:00:00,12020400.0,984.19,8.86,283.31,2.39,63.75,11.38,7.26,4.13,4.6,7.37,1212.32,0.95,1.58,232.4
2015-05-20 03:10:00,12021000.0,984.16,8.85,283.3,2.33,63.51,11.38,7.23,4.15,4.58,7.34,1212.34,1.19,1.88,214.5
2015-05-20 03:20:00,12021600.0,984.08,8.73,283.19,2.31,63.93,11.28,7.21,4.07,4.57,7.33,1212.76,1.46,2.32,213.2
2015-05-20 03:30:00,12022200.0,984.06,8.74,283.2,2.15,63.17,11.29,7.13,4.16,4.52,7.25,1212.73,1.45,2.36,207.5
2015-05-20 03:40:00,12022800.0,983.98,8.94,283.41,2.01,61.72,11.45,7.06,4.38,4.48,7.18,1211.8,1.14,1.76,210.3
2015-05-20 03:50:00,12023400.0,984.03,9.06,283.52,1.98,61.08,11.54,7.05,4.49,4.47,7.16,1211.36,1.28,2.12,205.7
2015-05-20 04:00:00,12024000.0,984.08,9.04,283.5,2.0,61.27,11.52,7.06,4.46,4.48,7.18,1211.5,1.53,2.52,215.0
2015-05-20 04:10:00,12024600.0,984.02,9.09,283.55,1.98,60.94,11.56,7.05,4.52,4.47,7.16,1211.22,1.2,1.92,208.8
2015-05-20 04:20:00,12025200.0,984.19,9.07,283.52,1.89,60.65,11.55,7.0,4.54,4.44,7.12,1211.53,1.45,2.48,218.8
2015-05-20 04:30:00,12025800.0,984.2,9.16,283.61,1.73,59.59,11.62,6.92,4.69,4.39,7.03,1211.2,1.09,2.2,223.8
2015-05-20 04:40:00,12026400.0,984.22,9.03,283.48,1.83,60.56,11.52,6.97,4.54,4.42,7.09,1211.75,1.19,1.92,211.5
2015-05-20 04:50:00,12027000.0,984.4,8.76,283.19,1.9,61.97,11.31,7.01,4.3,4.44,7.12,1213.12,1.69,2.48,222.7
2015-05-20 05:00:00,12027600.0,984.49,8.55,282.97,2.31,64.74,11.15,7.22,3.93,4.57,7.33,1214.04,1.16,1.76,173.0
2015-05-20 05:10:00,12028200.0,984.56,8.13,282.54,2.8,68.96,10.83,7.47,3.36,4.73,7.59,1215.82,1.12,2.2,179.6
2015-05-20 05:20:00,12028800.0,984.56,8.1,282.51,2.84,69.31,10.81,7.49,3.32,4.75,7.61,1215.94,0.48,1.04,184.9
2015-05-20 05:30:00,12029400.0,984.52,8.33,282.75,2.89,68.5,10.98,7.52,3.46,4.77,7.64,1214.88,0.33,1.02,92.3
2015-05-20 05:40:00,12030000.0,984.58,8.31,282.72,2.9,68.65,10.97,7.53,3.44,4.77,7.65,1215.04,0.72,1.58,99.7
2015-05-20 05:50:00,12030600.0,984.7,8.33,282.73,2.67,67.41,10.98,7.4,3.58,4.69,7.52,1215.16,1.47,2.36,148.8
2015-05-20 06:00:00,12031200.0,984.71,8.55,282.95,2.85,67.27,11.15,7.5,3.65,4.75,7.62,1214.18,0.9,1.64,156.4
2015-05-20 06:10:00,12031800.0,984.82,8.67,283.07,3.11,68.0,11.24,7.64,3.6,4.84,7.76,1213.73,0.79,1.72,184.9
2015-05-20 06:20:00,12032400.0,984.88,8.71,283.1,3.05,67.52,11.27,7.61,3.66,4.82,7.73,1213.65,0.76,1.48,207.8
2015-05-20 06:30:00,12033000.0,984.94,8.77,283.16,2.95,66.75,11.32,7.55,3.76,4.78,7.67,1213.49,0.79,1.24,215.8
2015-05-20 06:40:00,12033600.0,984.99,8.86,283.24,2.98,66.48,11.38,7.57,3.82,4.79,7.68,1213.16,1.03,1.56,230.5
2015-05-20 06:50:00,12034200.0,985.17,9.01,283.38,2.93,65.6,11.5,7.54,3.96,4.78,7.66,1212.75,0.58,1.16,226.8
2015-05-20 07:00:00,12034800.0,985.17,9.42,283.79,3.1,64.57,11.82,7.63,4.19,4.83,7.75,1210.95,0.5,1.44,169.0
2015-05-20 07:10:00,12035400.0,985.19,9.57,283.94,3.47,65.63,11.94,7.84,4.11,4.96,7.96,1210.23,0.92,1.44,187.8
2015-05-20 07:20:00,12036000.0,985.28,9.58,283.94,3.58,66.09,11.95,7.9,4.05,5.0,8.02,1210.27,0.63,1.08,226.9
2015-05-20 07:30:00,12036600.0,985.4,9.76,284.11,3.52,65.03,12.1,7.87,4.23,4.98,7.98,1209.67,0.64,1.04,247.0
2015-05-20 07:40:00,12037200.0,985.64,9.96,284.29,3.23,62.83,12.26,7.7,4.56,4.88,7.82,1209.18,0.56,1.04,247.8
2015-05-20 07:50:00,12037800.0,985.75,10.21,284.54,3.13,61.37,12.47,7.65,4.82,4.84,7.76,1208.28,0.49,1.0,212.4
2015-05-20 08:00:00,12038400.0,985.76,10.61,284.94,3.41,60.95,12.81,7.81,5.0,4.94,7.92,1206.51,0.57,1.12,142.2
2015-05-20 08:10:00,12039000.0,985.68,10.73,285.06,3.85,62.38,12.91,8.05,4.86,5.1,8.17,1205.79,0.8,1.88,100.6
2015-05-20 08:20:00,12039600.0,985.68,10.9,285.23,3.86,61.7,13.06,8.06,5.0,5.1,8.17,1205.07,0.47,1.36,76.7
2015-05-20 08:30:00,12040200.0,985.71,11.14,285.47,3.76,60.3,13.27,8.0,5.27,5.06,8.12,1204.11,1.0,1.92,199.4
2015-05-20 08:40:00,12040800.0,985.75,11.16,285.49,3.92,60.92,13.28,8.09,5.19,5.12,8.21,1204.03,0.77,1.76,194.0
2015-05-20 08:50:00,12041400.0,985.74,11.55,285.88,3.86,59.12,13.63,8.06,5.57,5.1,8.18,1202.39,0.51,1.16,202.0
2015-05-20 09:00:00,12042000.0,985.71,11.58,285.91,4.01,59.62,13.66,8.14,5.52,5.15,8.26,1202.18,0.33,0.8,327.7
2015-05-20 09:10:00,12042600.0,985.77,11.99,286.32,3.94,57.72,14.03,8.1,5.93,5.13,8.22,1200.55,0.55,1.16,96.9
2015-05-20 09:20:00,12043200.0,985.89,11.91,286.23,4.18,59.04,13.96,8.24,5.72,5.22,8.36,1200.97,0.49,0.92,45.28
2015-05-20 09:30:00,12043800.0,985.86,12.48,286.81,4.34,57.49,14.5,8.33,6.16,5.27,8.45,1198.49,0.34,1.16,6.14
2015-05-20 09:40:00,12044400.0,985.71,12.2,286.54,4.08,57.49,14.23,8.18,6.05,5.18,8.3,1199.56,0.88,1.72,54.87
2015-05-20 09:50:00,12045000.0,985.59,12.25,286.6,4.14,57.56,14.28,8.22,6.06,5.2,8.34,1199.18,0.7,1.8,53.46
2015-05-20 10:00:00,12045600.0,985.67,12.63,286.97,4.14,56.15,14.64,8.22,6.42,5.2,8.34,1197.68,1.28,2.24,339.9
2015-05-20 10:10:00,12046200.0,985.79,13.05,287.38,3.48,52.12,15.05,7.84,7.2,4.96,7.96,1196.25,0.82,1.64,240.4
2015-05-20 10:20:00,12046800.0,985.83,13.0,287.33,3.7,53.11,15.0,7.97,7.03,5.04,8.08,1196.45,1.64,2.48,69.13
2015-05-20 10:30:00,12047400.0,985.81,12.94,287.27,3.73,53.43,14.94,7.98,6.96,5.05,8.1,1196.67,1.64,2.56,102.5
2015-05-20 10:40:00,12048000.0,985.87,12.8,287.13,3.52,53.14,14.8,7.87,6.94,4.98,7.98,1197.38,1.72,2.78,49.39
2015-05-20 10:50:00,12048600.0,986.1,13.06,287.37,3.56,52.4,15.06,7.89,7.17,4.99,8.0,1196.56,0.79,1.68,123.6
2015-05-20 11:00:00,12049200.0,986.26,13.59,287.89,4.03,52.33,15.59,8.16,7.43,5.16,8.27,1194.42,0.59,1.52,85.2
2015-05-20 11:10:00,12049800.0,986.33,13.54,287.83,4.1,52.75,15.54,8.2,7.34,5.18,8.31,1194.7,1.0,1.8,321.2
2015-05-20 11:20:00,12050400.0,986.39,13.48,287.77,4.21,53.36,15.48,8.26,7.22,5.22,8.37,1194.99,1.2,2.66,17.9
2015-05-20 11:30:00,12051000.0,986.42,13.3,287.58,4.4,54.73,15.3,8.37,6.92,5.3,8.49,1195.73,1.57,3.32,347.9
2015-05-20 11:40:00,12051600.0,986.52,13.08,287.35,4.51,55.96,15.08,8.44,6.64,5.34,8.55,1196.74,1.95,3.96,28.0
2015-05-20 11:50:00,12052200.0,986.61,13.0,287.27,4.41,55.84,15.0,8.37,6.62,5.3,8.49,1197.21,1.86,3.28,13.76
2015-05-20 12:00:00,12052800.0,986.61,13.31,287.58,4.45,54.86,15.31,8.4,6.91,5.31,8.51,1195.9,1.17,2.5,2.05
2015-05-20 12:10:00,12053400.0,986.73,13.26,287.52,4.4,54.88,15.26,8.37,6.88,5.29,8.48,1196.27,1.33,2.72,339.0
2015-05-20 12:20:00,12054000.0,986.74,13.28,287.54,4.29,54.37,15.28,8.31,6.97,5.25,8.42,1196.23,1.09,2.56,340.0
2015-05-20 12:30:00,12054600.0,986.82,13.18,287.43,4.36,54.98,15.18,8.34,6.83,5.28,8.46,1196.73,0.88,2.44,346.8
2015-05-20 12:40:00,12055200.0,986.88,13.1,287.34,4.47,55.7,15.1,8.41,6.69,5.32,8.52,1197.1,1.8,2.72,317.9
2015-05-20 12:50:00,12055800.0,986.98,12.83,287.06,4.91,58.5,14.83,8.68,6.16,5.49,8.79,1198.23,1.47,2.52,278.2
2015-05-20 13:00:00,12056400.0,987.13,12.21,286.43,5.78,64.73,14.24,9.22,5.02,5.83,9.34,1200.77,1.66,2.68,239.7
2015-05-20 13:10:00,12057000.0,987.1,12.44,286.66,6.46,66.84,14.46,9.66,4.79,6.11,9.79,1199.56,1.11,2.8,227.4
2015-05-20 13:20:00,12057600.0,987.03,13.23,287.46,5.83,60.73,15.23,9.25,5.98,5.85,9.37,1196.36,1.58,2.96,258.7
2015-05-20 13:30:00,12058200.0,987.03,13.65,287.88,5.34,57.12,15.65,8.94,6.71,5.65,9.06,1194.75,1.1,2.64,301.3
2015-05-20 13:40:00,12058800.0,986.96,14.07,288.31,5.5,56.19,16.08,9.04,7.05,5.71,9.16,1192.87,0.82,2.04,217.9
2015-05-20 13:50:00,12059400.0,986.97,14.29,288.53,5.35,54.82,16.31,8.94,7.37,5.66,9.06,1192.01,1.46,2.9,34.43
2015-05-20 14:00:00,12060000.0,987.02,14.16,288.4,5.08,54.26,16.18,8.78,7.4,5.55,8.89,1192.69,1.4,2.24,161.7
2015-05-20 14:10:00,12060600.0,987.02,13.86,288.09,4.95,54.84,15.86,8.7,7.16,5.5,8.81,1193.97,0.75,1.88,83.9
2015-05-20 14:20:00,12061200.0,986.99,13.99,288.23,5.12,55.02,16.0,8.8,7.2,5.57,8.92,1193.35,0.96,1.68,297.5
2015-05-20 14:30:00,12061800.0,987.05,14.01,288.24,5.16,55.09,16.02,8.82,7.19,5.58,8.94,1193.33,1.3,2.28,246.2
2015-05-20 14:40:00,12062400.0,987.07,13.99,288.22,5.23,55.45,16.0,8.87,7.13,5.61,8.99,1193.41,0.96,2.04,318.5
2015-05-20 14:50:00,12063000.0,987.09,13.69,287.92,4.87,55.15,15.69,8.65,7.04,5.47,8.77,1194.78,1.2,2.48,288.0
2015-05-20 15:00:00,12063600.0,987.18,13.34,287.56,5.07,57.21,15.34,8.77,6.56,5.55,8.89,1196.3,1.08,1.92,253.5
2015-05-20 15:10:00,12064200.0,987.36,12.88,287.08,5.44,60.49,14.88,9.0,5.88,5.69,9.12,1198.34,2.37,4.3,255.1
2015-05-20 15:20:00,12064800.0,987.53,12.16,286.35,6.91,70.2,14.19,9.96,4.23,6.3,10.09,1201.12,1.0,3.0,265.7
2015-05-20 15:30:00,12065400.0,987.5,12.55,286.74,7.49,71.2,14.56,10.37,4.19,6.56,10.5,1199.26,0.63,1.52,297.6
2015-05-20 15:40:00,12066000.0,987.61,12.58,286.76,7.17,69.52,14.59,10.14,4.45,6.41,10.27,1199.37,0.77,1.8,345.4
2015-05-20 15:50:00,12066600.0,987.64,12.49,286.67,7.14,69.81,14.5,10.13,4.38,6.4,10.25,1199.79,1.19,2.08,279.7
2015-05-20 16:00:00,12067200.0,987.61,12.33,286.51,6.87,69.25,14.35,9.94,4.41,6.28,10.06,1200.52,1.03,2.32,247.9
2015-05-20 16:10:00,12067800.0,987.71,12.07,286.24,6.64,69.31,14.11,9.78,4.33,6.18,9.9,1201.81,1.58,2.68,265.1
2015-05-20 16:20:00,12068400.0,987.76,11.94,286.11,6.31,68.34,13.99,9.56,4.43,6.04,9.68,1202.52,1.51,2.48,266.6
2015-05-20 16:30:00,12069000.0,987.85,11.95,286.11,6.57,69.55,14.0,9.74,4.26,6.15,9.86,1202.5,1.53,2.52,256.0
2015-05-20 16:40:00,12069600.0,988.02,11.92,286.06,7.38,73.7,13.97,10.3,3.67,6.51,10.42,1202.58,1.55,2.78,242.4
2015-05-20 16:50:00,12070200.0,988.15,11.63,285.76,7.69,76.7,13.7,10.51,3.19,6.64,10.64,1203.86,1.52,2.8,250.1
2015-05-20 17:00:00,12070800.0,988.21,11.38,285.51,7.95,79.4,13.48,10.7,2.78,6.76,10.83,1204.91,1.5,2.2,228.5
2015-05-20 17:10:00,12071400.0,988.13,11.48,285.61,8.09,79.6,13.57,10.8,2.77,6.83,10.93,1204.34,1.27,1.84,215.8
2015-05-20 17:20:00,12072000.0,988.14,11.47,285.6,8.17,80.1,13.56,10.86,2.7,6.87,10.99,1204.37,1.77,2.4,228.0
2015-05-20 17:30:00,12072600.0,988.21,11.72,285.85,8.19,78.9,13.79,10.88,2.91,6.88,11.01,1203.39,1.15,1.72,223.9
2015-05-20 17:40:00,12073200.0,988.26,11.96,286.08,8.14,77.4,14.01,10.84,3.17,6.85,10.97,1202.45,0.85,1.46,176.7
2015-05-20 17:50:00,12073800.0,988.31,11.84,285.96,7.78,76.1,13.9,10.58,3.32,6.68,10.7,1203.14,2.19,3.0,144.3
2015-05-20 18:00:00,12074400.0,988.44,11.87,285.98,7.84,76.3,13.92,10.62,3.3,6.71,10.75,1203.15,1.9,3.0,168.8
2015-05-20 18:10:00,12075000.0,988.5,11.86,285.96,7.29,73.5,13.91,10.23,3.69,6.46,10.35,1203.45,1.76,3.3,157.4
2015-05-20 18:20:00,12075600.0,988.51,11.73,285.83,6.88,72.1,13.8,9.95,3.85,6.28,10.06,1204.14,1.77,3.28,140.0
2015-05-20 18:30:00,12076200.0,988.68,11.64,285.73,6.9,72.6,13.71,9.96,3.76,6.29,10.07,1204.73,2.62,3.96,155.5
2015-05-20 18:40:00,12076800.0,988.82,11.56,285.64,7.33,75.2,13.64,10.26,3.38,6.48,10.37,1205.1,2.52,3.84,174.1
2015-05-20 18:50:00,12077400.0,988.87,11.5,285.57,7.64,77.1,13.59,10.48,3.11,6.62,10.59,1205.31,1.23,1.98,180.8
2015-05-20 19:00:00,12078000.0,988.87,11.32,285.39,7.69,78.3,13.43,10.51,2.91,6.64,10.63,1206.06,1.17,1.8,194.0
2015-05-20 19:10:00,12078600.0,988.92,11.26,285.33,7.65,78.4,13.37,10.48,2.89,6.62,10.6,1206.39,1.74,2.68,201.4
2015-05-20 19:20:00,12079200.0,989.1,11.05,285.1,7.41,78.2,13.19,10.31,2.87,6.51,10.43,1207.58,2.62,3.4,212.8
2015-05-20 19:30:00,12079800.0,989.25,10.95,284.99,7.44,78.9,13.1,10.34,2.76,6.52,10.45,1208.17,1.75,2.76,207.8
2015-05-20 19:40:00,12080400.0,989.46,10.72,284.74,7.6,81.0,12.9,10.45,2.45,6.6,10.56,1209.36,1.8,2.12,212.5
2015-05-20 19:50:00,12081000.0,989.59,10.59,284.6,7.65,82.0,12.79,10.49,2.3,6.62,10.6,1210.05,1.84,2.32,193.2
2015-05-20 20:00:00,12081600.0,989.73,10.49,284.49,7.09,79.4,12.7,10.09,2.62,6.36,10.19,1210.84,2.22,3.12,188.1
2015-05-20 20:10:00,12082200.0,989.87,10.4,284.39,7.03,79.6,12.63,10.05,2.58,6.34,10.15,1211.41,1.96,2.68,186.3
2015-05-20 20:20:00,12082800.0,990.04,10.13,284.1,7.1,81.4,12.4,10.09,2.31,6.37,10.2,1212.76,1.64,2.68,202.7
2015-05-20 20:30:00,12083400.0,990.11,9.85,283.82,7.0,82.4,12.17,10.03,2.14,6.32,10.13,1214.07,1.04,2.32,213.3
2015-05-20 20:40:00,12084000.0,990.26,9.63,283.58,6.73,82.1,11.99,9.85,2.15,6.21,9.94,1215.29,1.44,2.08,207.6
2015-05-20 20:50:00,12084600.0,990.35,9.41,283.35,6.57,82.4,11.82,9.74,2.08,6.14,9.83,1216.4,1.56,2.16,206.5
2015-05-20 21:00:00,12085200.0,990.35,9.38,283.32,6.37,81.4,11.79,9.6,2.19,6.05,9.69,1216.59,1.41,2.04,221.5
2015-05-20 21:10:00,12085800.0,990.35,9.21,283.15,6.18,81.3,11.66,9.48,2.18,5.97,9.57,1217.38,1.77,2.22,230.5
2015-05-20 21:20:00,12086400.0,990.34,9.14,283.08,5.9,80.1,11.6,9.29,2.31,5.86,9.38,1217.75,1.94,2.52,225.8
2015-05-20 21:30:00,12087000.0,990.35,8.91,282.85,6.08,82.4,11.42,9.41,2.01,5.93,9.5,1218.7,0.84,2.04,180.5
2015-05-20 21:40:00,12087600.0,990.36,8.88,282.82,6.14,82.9,11.4,9.45,1.95,5.96,9.54,1218.83,1.19,1.56,183.2
2015-05-20 21:50:00,12088200.0,990.45,8.96,282.9,5.85,80.8,11.46,9.26,2.2,5.84,9.35,1218.68,1.2,1.84,216.0
2015-05-20 22:00:00,12088800.0,990.48,9.09,283.02,5.51,78.2,11.56,9.04,2.52,5.7,9.13,1218.26,1.33,1.92,223.7
2015-05-20 22:10:00,12089400.0,990.62,9.01,282.93,5.68,79.6,11.5,9.15,2.35,5.77,9.24,1218.72,0.76,1.4,203.0
2015-05-20 22:20:00,12090000.0,990.77,8.95,282.86,5.96,81.5,11.45,9.34,2.12,5.88,9.42,1219.08,0.86,1.36,171.1
2015-05-20 22:30:00,12090600.0,990.97,8.77,282.66,6.07,83.1,11.32,9.4,1.91,5.92,9.49,1220.08,0.52,0.92,180.0
2015-05-20 22:40:00,12091200.0,991.05,8.8,282.69,6.42,85.0,11.34,9.64,1.7,6.07,9.72,1219.94,0.51,1.0,197.2
2015-05-20 22:50:00,12091800.0,990.98,8.73,282.62,6.58,86.3,11.28,9.74,1.55,6.14,9.83,1220.11,0.73,1.08,195.1
2015-05-20 23:00:00,12092400.0,991.04,8.66,282.55,6.46,86.0,11.23,9.66,1.57,6.08,9.75,1220.52,0.75,1.0,212.4
2015-05-20 23:10:00,12093000.0,991.14,8.6,282.48,6.21,84.9,11.19,9.5,1.69,5.98,9.58,1220.98,0.96,1.36,209.2
2015-05-20 23:20:00,12093600.0,991.34,8.63,282.49,6.34,85.5,11.21,9.58,1.63,6.03,9.67,1221.06,0.7,0.96,217.4
2015-05-20 23:30:00,12094200.0,991.43,8.57,282.42,6.54,87.0,11.16,9.71,1.45,6.12,9.8,1221.37,0.81,1.08,212.6
2015-05-20 23:40:00,12094800.0,991.47,8.46,282.31,6.61,88.1,11.08,9.76,1.32,6.15,9.85,1221.87,0.56,1.04,201.0
2015-05-20 23:50:00,12095400.0,991.45,8.36,282.21,6.71,89.3,11.0,9.83,1.18,6.19,9.91,1222.25,0.69,1.24,204.9
2015-05-21 00:00:00,12096000.0,991.54,8.3,282.14,6.76,90.0,10.96,9.86,1.1,6.21,9.95,1222.61,0.91,1.32,176.0
2015-05-21 00:10:00,12096600.0,991.68,8.21,282.04,6.7,90.2,10.89,9.83,1.07,6.19,9.91,1223.19,0.55,1.72,112.2
2015-05-21 00:20:00,12097200.0,991.74,8.15,281.98,6.73,90.7,10.85,9.84,1.01,6.19,9.92,1223.52,0.59,1.52,141.6
2015-05-21 00:30:00,12097800.0,991.71,8.06,281.89,6.35,88.9,10.78,9.59,1.2,6.03,9.67,1223.99,0.99,3.08,213.2
2015-05-21 00:40:00,12098400.0,991.8,8.14,281.96,5.45,83.1,10.84,9.01,1.83,5.67,9.08,1224.02,1.18,2.96,221.6
2015-05-21 00:50:00,12099000.0,991.79,7.98,281.8,5.71,85.5,10.72,9.17,1.55,5.77,9.24,1224.63,0.72,1.4,94.8
2015-05-21 01:00:00,12099600.0,991.85,8.28,282.1,5.01,79.8,10.95,8.73,2.21,5.5,8.81,1223.6,1.01,1.56,147.8
2015-05-21 01:10:00,12100200.0,991.94,8.41,282.22,4.79,77.9,11.04,8.6,2.44,5.41,8.67,1223.21,0.98,1.72,183.6
2015-05-21 01:20:00,12100800.0,991.97,8.35,282.16,4.71,77.8,11.0,8.56,2.44,5.38,8.63,1223.53,0.75,1.72,207.4
2015-05-21 01:30:00,12101400.0,992.08,8.2,282.0,4.77,78.9,10.89,8.59,2.3,5.4,8.66,1224.31,1.95,2.72,103.8
2015-05-21 01:40:00,12102000.0,992.24,7.93,281.72,4.76,80.3,10.69,8.58,2.11,5.4,8.65,1225.68,1.84,2.68,61.88
2015-05-21 01:50:00,12102600.0,992.26,7.86,281.65,4.65,80.1,10.64,8.52,2.12,5.36,8.59,1226.04,0.61,1.8,150.4
2015-05-21 02:00:00,12103200.0,992.43,7.83,281.6,4.71,80.6,10.61,8.56,2.06,5.38,8.62,1226.37,0.72,1.24,147.5
2015-05-21 02:10:00,12103800.0,992.56,7.65,281.41,4.96,83.0,10.48,8.7,1.78,5.47,8.77,1227.25,0.45,1.16,116.3
2015-05-21 02:20:00,12104400.0,992.67,7.55,281.3,4.89,83.2,10.41,8.66,1.75,5.45,8.73,1227.84,0.56,1.28,108.3
2015-05-21 02:30:00,12105000.0,992.7,7.32,281.07,4.65,83.1,10.25,8.52,1.73,5.35,8.58,1228.95,0.45,1.34,16.27
2015-05-21 02:40:00,12105600.0,992.83,7.09,280.83,4.6,84.1,10.09,8.49,1.6,5.33,8.55,1230.14,0.4,1.04,70.7
2015-05-21 02:50:00,12106200.0,992.93,6.87,280.6,4.6,85.4,9.94,8.49,1.45,5.33,8.55,1231.24,0.29,0.56,205.5
2015-05-21 03:00:00,12106800.0,992.95,6.78,280.5,4.47,85.2,9.87,8.41,1.46,5.29,8.47,1231.7,0.5,0.8,182.7
2015-05-21 03:10:00,12107400.0,993.03,6.78,280.5,4.23,83.7,9.88,8.27,1.61,5.2,8.33,1231.84,0.38,0.88,244.3
2015-05-21 03:20:00,12108000.0,993.13,6.78,280.49,4.02,82.5,9.88,8.15,1.73,5.12,8.2,1232.03,0.41,0.84,220.8
2015-05-21 03:30:00,12108600.0,993.18,6.72,280.43,3.7,81.0,9.84,7.97,1.87,5.01,8.02,1232.43,0.71,1.24,252.1
2015-05-21 03:40:00,12109200.0,993.24,6.7,280.41,3.61,80.6,9.82,7.92,1.91,4.97,7.97,1232.62,0.55,1.0,258.9
2015-05-21 03:50:00,12109800.0,993.4,6.47,280.16,3.63,82.0,9.67,7.93,1.74,4.98,7.98,1233.81,0.63,1.18,209.3
2015-05-21 04:00:00,12110400.0,993.49,6.19,279.87,3.78,84.5,9.48,8.01,1.47,5.03,8.06,1235.15,0.81,1.54,194.9
2015-05-21 04:10:00,12111000.0,993.57,6.04,279.72,4.15,87.6,9.39,8.22,1.16,5.16,8.27,1235.81,0.37,0.52,192.2
2015-05-21 04:20:00,12111600.0,993.58,5.96,279.64,4.17,88.2,9.33,8.23,1.1,5.17,8.29,1236.15,0.43,0.78,204.7
2015-05-21 04:30:00,12112200.0,993.64,5.95,279.62,4.07,87.7,9.33,8.18,1.15,5.14,8.23,1236.32,0.41,1.04,228.8
2015-05-21 04:40:00,12112800.0,993.7,6.16,279.83,3.77,84.6,9.46,8.01,1.46,5.03,8.06,1235.55,0.7,1.28,201.4
2015-05-21 04:50:00,12113400.0,993.86,6.18,279.83,3.96,85.6,9.48,8.11,1.36,5.09,8.16,1235.6,0.58,1.08,122.7
2015-05-21 05:00:00,12114000.0,994.02,5.93,279.57,3.89,86.7,9.31,8.07,1.24,5.07,8.12,1236.93,0.91,1.32,156.0
2015-05-21 05:10:00,12114600.0,994.11,5.85,279.48,4.37,90.2,9.26,8.35,0.91,5.24,8.4,1237.28,0.59,1.16,158.2
2015-05-21 05:20:00,12115200.0,994.29,6.0,279.62,4.65,91.0,9.36,8.52,0.84,5.35,8.57,1236.74,0.28,0.72,156.6
2015-05-21 05:30:00,12115800.0,994.38,6.17,279.78,4.72,90.4,9.47,8.56,0.91,5.37,8.61,1236.07,0.3,0.52,173.9
2015-05-21 05:40:00,12116400.0,994.43,6.2,279.81,4.75,90.4,9.49,8.58,0.91,5.38,8.63,1235.99,0.28,0.6,187.4
2015-05-21 05:50:00,12117000.0,994.58,6.2,279.79,4.69,90.0,9.49,8.54,0.95,5.36,8.59,1236.22,0.71,1.08,196.1
2015-05-21 06:00:00,12117600.0,994.65,6.19,279.78,4.83,91.0,9.48,8.63,0.85,5.41,8.67,1236.31,0.41,0.8,178.6
2015-05-21 06:10:00,12118200.0,994.69,6.35,279.94,4.85,90.1,9.59,8.64,0.95,5.42,8.69,1235.63,0.51,0.8,162.2
2015-05-21 06:20:00,12118800.0,994.84,6.54,280.11,4.92,89.4,9.71,8.68,1.03,5.45,8.73,1234.98,0.5,0.92,182.7
2015-05-21 06:30:00,12119400.0,994.93,6.71,280.28,4.97,88.6,9.83,8.71,1.12,5.46,8.75,1234.31,0.53,0.96,151.8
2015-05-21 06:40:00,12120000.0,995.0,6.96,280.52,5.13,88.1,10.0,8.81,1.19,5.52,8.85,1233.28,0.61,1.0,164.1
2015-05-21 06:50:00,12120600.0,995.03,7.07,280.63,5.09,87.2,10.08,8.79,1.29,5.51,8.83,1232.82,0.75,1.4,145.2
2015-05-21 07:00:00,12121200.0,995.08,7.1,280.66,5.11,87.1,10.1,8.79,1.3,5.52,8.84,1232.75,0.92,1.46,143.4
2015-05-21 07:10:00,12121800.0,995.24,7.44,280.98,5.31,86.3,10.33,8.92,1.42,5.59,8.96,1231.38,0.87,1.26,149.9
2015-05-21 07:20:00,12122400.0,995.34,8.8,282.34,5.73,81.0,11.34,9.18,2.15,5.76,9.23,1225.45,0.56,1.2,146.0
2015-05-21 07:30:00,12123000.0,995.37,9.62,283.16,5.46,75.2,11.98,9.01,2.97,5.65,9.05,1222.02,1.01,1.68,145.2
2015-05-21 07:40:00,12123600.0,995.44,9.57,283.1,5.48,75.6,11.94,9.03,2.91,5.66,9.07,1222.3,0.88,1.64,150.2
2015-05-21 07:50:00,12124200.0,995.5,9.63,283.15,5.52,75.5,11.99,9.05,2.94,5.68,9.09,1222.12,0.86,1.8,171.0
2015-05-21 08:00:00,12124800.0,995.54,9.75,283.27,5.54,75.0,12.09,9.07,3.02,5.68,9.11,1221.64,0.87,1.52,136.1
2015-05-21 08:10:00,12125400.0,995.64,10.5,284.02,5.9,73.1,12.71,9.29,3.42,5.83,9.33,1218.42,1.28,2.24,164.4
2015-05-21 08:20:00,12126000.0,995.69,10.99,284.5,5.91,70.8,13.13,9.3,3.84,5.83,9.34,1216.38,1.5,2.4,160.1
2015-05-21 08:30:00,12126600.0,995.74,11.56,285.07,5.79,67.63,13.64,9.23,4.42,5.78,9.26,1214.04,1.78,2.84,148.2
2015-05-21 08:40:00,12127200.0,995.75,12.13,285.64,5.88,65.53,14.16,9.28,4.88,5.82,9.32,1211.6,1.54,2.92,147.1
2015-05-21 08:50:00,12127800.0,995.76,12.31,285.82,5.73,64.07,14.33,9.18,5.15,5.76,9.22,1210.89,1.63,2.88,90.9
2015-05-21 09:00:00,12128400.0,995.75,12.68,286.19,5.68,62.32,14.69,9.15,5.53,5.74,9.19,1209.33,1.05,2.44,126.5
2015-05-21 09:10:00,12129000.0,995.75,13.15,286.66,5.7,60.53,15.15,9.17,5.98,5.75,9.21,1207.34,2.11,4.85,22.4
2015-05-21 09:20:00,12129600.0,995.83,12.25,285.75,5.19,61.94,14.28,8.84,5.43,5.54,8.88,1211.39,1.62,3.08,316.3
2015-05-21 09:30:00,12130200.0,995.91,12.12,285.61,5.04,61.82,14.16,8.75,5.4,5.48,8.79,1212.08,1.3,2.76,292.0
2015-05-21 09:40:00,12130800.0,995.9,12.5,286.0,4.77,59.18,14.51,8.59,5.92,5.38,8.62,1210.54,1.65,3.24,347.0
2015-05-21 09:50:00,12131400.0,995.99,12.25,285.74,4.92,60.79,14.28,8.68,5.6,5.44,8.71,1211.67,1.52,2.72,23.66
2015-05-21 10:00:00,12132000.0,995.99,12.78,286.27,4.86,58.49,14.78,8.65,6.14,5.42,8.68,1209.43,2.51,5.32,44.72
2015-05-21 10:10:00,12132600.0,996.03,12.88,286.37,4.63,57.16,14.88,8.51,6.37,5.33,8.54,1209.12,1.81,3.2,297.9
2015-05-21 10:20:00,12133200.0,996.09,12.85,286.33,4.19,55.51,14.85,8.24,6.61,5.16,8.28,1209.44,1.14,2.4,307.1
2015-05-21 10:30:00,12133800.0,996.17,13.02,286.49,4.19,54.9,15.02,8.24,6.77,5.16,8.28,1208.82,0.98,2.96,3.18
2015-05-21 10:40:00,12134400.0,996.19,13.01,286.48,4.59,56.52,15.01,8.48,6.53,5.31,8.51,1208.78,1.78,3.68,357.3
2015-05-21 10:50:00,12135000.0,996.18,13.09,286.56,4.59,56.23,15.09,8.48,6.6,5.31,8.52,1208.43,2.07,4.84,20.57
2015-05-21 11:00:00,12135600.0,996.31,13.23,286.69,4.95,57.14,15.23,8.7,6.53,5.45,8.73,1207.89,1.53,3.52,355.0
2015-05-21 11:10:00,12136200.0,996.43,12.86,286.31,4.8,57.94,14.86,8.61,6.25,5.39,8.64,1209.64,1.28,2.66,294.0
2015-05-21 11:20:00,12136800.0,996.38,13.33,286.79,4.37,54.51,15.33,8.35,6.97,5.23,8.38,1207.72,0.98,1.72,93.0
2015-05-21 11:30:00,12137400.0,996.26,14.2,287.67,4.42,51.67,16.22,8.38,7.84,5.25,8.41,1203.91,1.01,2.2,36.66
2015-05-21 11:40:00,12138000.0,996.29,14.25,287.72,4.36,51.28,16.27,8.34,7.93,5.23,8.37,1203.75,1.05,2.1,324.8
2015-05-21 11:50:00,12138600.0,996.25,14.12,287.59,3.63,49.12,16.13,7.92,8.21,4.96,7.95,1204.44,1.96,3.88,326.9
2015-05-21 12:00:00,12139200.0,996.14,14.87,288.35,3.68,46.98,16.94,7.96,8.98,4.98,7.99,1201.16,1.09,2.48,171.8
2015-05-21 12:10:00,12139800.0,996.13,15.19,288.67,3.32,44.87,17.29,7.76,9.53,4.86,7.79,1199.9,1.57,3.22,326.1
2015-05-21 12:20:00,12140400.0,996.12,14.67,288.15,2.95,45.19,16.72,7.56,9.16,4.73,7.58,1202.15,1.89,4.24,2.63
2015-05-21 12:30:00,12141000.0,996.12,14.95,288.43,3.28,45.42,17.02,7.73,9.29,4.84,7.76,1200.9,1.52,3.22,262.0
2015-05-21 12:40:00,12141600.0,996.16,14.83,288.31,3.2,45.51,16.89,7.69,9.2,4.81,7.72,1201.47,2.12,5.56,25.17
2015-05-21 12:50:00,12142200.0,996.18,14.71,288.19,3.78,47.8,16.76,8.01,8.75,5.02,8.04,1201.85,1.68,3.28,302.2
2015-05-21 13:00:00,12142800.0,996.11,15.17,288.65,3.82,46.54,17.27,8.04,9.23,5.03,8.07,1199.83,2.46,5.52,325.3
2015-05-21 13:10:00,12143400.0,996.12,15.34,288.82,2.9,43.13,17.46,7.53,9.93,4.71,7.56,1199.37,1.83,4.88,298.5
2015-05-21 13:20:00,12144000.0,996.11,15.17,288.65,3.28,44.8,17.27,7.74,9.53,4.84,7.77,1199.97,1.28,3.04,66.42
2015-05-21 13:30:00,12144600.0,996.09,15.22,288.7,3.45,45.18,17.32,7.83,9.5,4.9,7.86,1199.7,2.44,4.76,37.52
2015-05-21 13:40:00,12145200.0,996.22,14.73,288.2,3.46,46.67,16.78,7.83,8.95,4.91,7.86,1201.88,2.78,4.8,15.84
2015-05-21 13:50:00,12145800.0,996.23,14.84,288.31,3.27,45.73,16.9,7.73,9.17,4.84,7.76,1201.48,1.97,3.96,268.9
2015-05-21 14:00:00,12146400.0,996.21,15.41,288.88,2.68,42.27,17.53,7.41,10.12,4.64,7.44,1199.24,2.26,4.96,351.4
2015-05-21 14:10:00,12147000.0,996.27,15.27,288.74,2.78,42.95,17.38,7.46,9.91,4.67,7.49,1199.87,2.53,5.44,17.15
2015-05-21 14:20:00,12147600.0,996.32,15.5,288.96,2.99,42.94,17.64,7.57,10.06,4.74,7.6,1198.92,1.61,3.64,6.98
2015-05-21 14:30:00,12148200.0,996.36,15.21,288.67,2.69,42.85,17.31,7.42,9.89,4.64,7.44,1200.24,2.0,5.8,304.2
2015-05-21 14:40:00,12148800.0,996.39,15.03,288.49,2.95,44.13,17.11,7.55,9.56,4.73,7.58,1200.98,2.14,6.69,323.6
2015-05-21 14:50:00,12149400.0,996.35,15.19,288.65,2.6,42.63,17.29,7.37,9.92,4.61,7.4,1200.34,2.39,3.92,348.6
2015-05-21 15:00:00,12150000.0,996.37,15.48,288.94,2.94,42.86,17.61,7.55,10.06,4.73,7.58,1199.07,1.32,3.28,47.64
2015-05-21 15:10:00,12150600.0,996.4,15.52,288.98,3.05,43.08,17.66,7.61,10.05,4.76,7.63,1198.92,2.15,3.92,324.5
2015-05-21 15:20:00,12151200.0,996.45,15.64,289.09,3.04,42.71,17.8,7.6,10.19,4.76,7.63,1198.48,2.09,4.88,302.8
2015-05-21 15:30:00,12151800.0,996.51,15.38,288.83,2.92,43.07,17.5,7.54,9.96,4.72,7.56,1199.67,1.58,4.04,302.9
2015-05-21 15:40:00,12152400.0,996.55,15.24,288.69,2.72,42.84,17.34,7.43,9.91,4.65,7.46,1200.35,2.28,4.64,7.84
2015-05-21 15:50:00,12153000.0,996.52,15.43,288.88,2.54,41.78,17.56,7.34,10.22,4.59,7.36,1199.56,3.52,6.77,27.35
2015-05-21 16:00:00,12153600.0,996.6,15.65,289.09,2.49,41.05,17.81,7.31,10.5,4.57,7.33,1198.76,2.04,6.16,353.3
2015-05-21 16:10:00,12154200.0,996.64,15.82,289.26,2.82,41.57,18.0,7.48,10.52,4.68,7.51,1198.02,1.28,3.72,262.0
2015-05-21 16:20:00,12154800.0,996.73,14.87,288.3,2.86,44.33,16.94,7.51,9.43,4.7,7.53,1202.07,1.44,3.84,18.96
2015-05-21 16:30:00,12155400.0,996.7,14.69,288.12,2.77,44.54,16.74,7.46,9.28,4.67,7.48,1202.81,3.36,6.49,25.74
2015-05-21 16:40:00,12156000.0,996.75,14.9,288.33,2.79,44.0,16.97,7.47,9.5,4.67,7.49,1201.99,2.93,5.64,31.2
2015-05-21 16:50:00,12156600.0,996.8,15.02,288.44,2.84,43.82,17.1,7.49,9.61,4.69,7.52,1201.54,5.11,8.27,27.11
2015-05-21 17:00:00,12157200.0,996.98,15.1,288.51,2.96,43.97,17.19,7.56,9.63,4.73,7.58,1201.39,1.84,4.96,22.24
2015-05-21 17:10:00,12157800.0,997.11,14.62,288.02,2.64,44.35,16.66,7.39,9.27,4.62,7.41,1203.63,1.92,4.44,9.25
2015-05-21 17:20:00,12158400.0,997.24,14.2,287.59,2.65,45.6,16.22,7.4,8.82,4.63,7.42,1205.54,1.37,2.84,298.1
2015-05-21 17:30:00,12159000.0,997.35,14.21,287.59,2.46,44.96,16.23,7.3,8.93,4.56,7.32,1205.68,1.28,3.08,265.6
2015-05-21 17:40:00,12159600.0,997.44,14.35,287.72,2.22,43.78,16.38,7.17,9.21,4.48,7.19,1205.26,0.9,2.44,4.66
2015-05-21 17:50:00,12160200.0,997.55,14.17,287.53,2.13,44.01,16.19,7.12,9.06,4.45,7.14,1206.16,1.04,3.36,266.6
2015-05-21 18:00:00,12160800.0,997.63,13.87,287.22,2.0,44.45,15.87,7.06,8.82,4.41,7.07,1207.56,1.15,2.56,251.0
2015-05-21 18:10:00,12161400.0,997.69,14.3,287.65,1.96,43.12,16.32,7.04,9.28,4.4,7.05,1205.83,1.2,2.76,304.6
2015-05-21 18:20:00,12162000.0,997.77,14.14,287.48,1.87,43.3,16.15,7.0,9.16,4.37,7.01,1206.63,1.5,2.88,283.1
2015-05-21 18:30:00,12162600.0,997.84,14.26,287.6,1.92,43.09,16.28,7.02,9.27,4.38,7.03,1206.19,1.07,2.28,262.8
2015-05-21 18:40:00,12163200.0,997.92,14.25,287.58,1.79,42.74,16.27,6.95,9.32,4.35,6.97,1206.36,0.91,3.04,251.4
2015-05-21 18:50:00,12163800.0,997.97,13.82,287.15,1.94,44.41,15.82,7.03,8.8,4.39,7.04,1208.2,0.71,1.8,203.2
2015-05-21 19:00:00,12164400.0,998.05,13.62,286.94,2.03,45.29,15.62,7.07,8.54,4.42,7.09,1209.12,0.85,1.72,91.8
2015-05-21 19:10:00,12165000.0,998.11,13.42,286.74,2.16,46.32,15.42,7.14,8.28,4.46,7.15,1210.0,0.95,1.88,224.3
2015-05-21 19:20:00,12165600.0,998.27,13.06,286.36,2.08,47.15,15.06,7.1,7.96,4.44,7.11,1211.74,1.13,2.56,262.0
2015-05-21 19:30:00,12166200.0,998.4,12.77,286.06,1.9,47.42,14.77,7.01,7.77,4.38,7.02,1213.16,1.16,1.96,259.4
2015-05-21 19:40:00,12166800.0,998.52,12.56,285.84,1.62,47.12,14.57,6.87,7.71,4.29,6.88,1214.26,1.1,1.92,245.8
2015-05-21 19:50:00,12167400.0,998.62,12.3,285.57,1.44,47.33,14.32,6.78,7.54,4.23,6.79,1215.54,1.12,1.68,255.9
2015-05-21 20:00:00,12168000.0,998.74,12.07,285.33,1.35,47.74,14.11,6.74,7.37,4.21,6.74,1216.69,1.68,2.56,249.2
2015-05-21 20:10:00,12168600.0,998.82,11.87,285.13,1.55,49.09,13.92,6.84,7.09,4.27,6.84,1217.59,1.91,2.84,244.2
2015-05-21 20:20:00,12169200.0,998.91,11.69,284.94,1.77,50.46,13.76,6.94,6.82,4.33,6.95,1218.42,1.91,3.04,248.2
2015-05-21 20:30:00,12169800.0,999.0,11.6,284.84,2.03,51.7,13.68,7.07,6.61,4.41,7.08,1218.86,1.84,2.76,247.7
2015-05-21 20:40:00,12170400.0,999.13,11.44,284.67,2.05,52.34,13.53,7.08,6.45,4.42,7.09,1219.7,1.82,2.52,246.0
2015-05-21 20:50:00,12171000.0,999.22,11.29,284.51,2.15,53.23,13.4,7.13,6.27,4.45,7.14,1220.42,1.91,2.68,244.8
2015-05-21 21:00:00,12171600.0,999.32,11.17,284.39,2.14,53.65,13.29,7.13,6.16,4.45,7.14,1221.06,1.77,2.92,247.1
2015-05-21 21:10:00,12172200.0,999.41,11.03,284.24,2.16,54.21,13.17,7.14,6.03,4.46,7.14,1221.76,1.68,2.32,243.5
2015-05-21 21:20:00,12172800.0,999.46,10.83,284.03,2.32,55.57,13.0,7.22,5.77,4.51,7.23,1222.65,1.0,1.92,199.3
2015-05-21 21:30:00,12173400.0,999.61,10.13,283.32,2.53,59.12,12.4,7.33,5.07,4.57,7.33,1225.81,0.58,1.12,91.9
2015-05-21 21:40:00,12174000.0,999.7,9.73,282.91,2.4,60.17,12.07,7.26,4.81,4.53,7.27,1227.69,0.64,1.28,62.72
2015-05-21 21:50:00,12174600.0,999.72,9.5,282.68,2.41,61.14,11.89,7.27,4.62,4.53,7.27,1228.71,0.49,0.88,24.29
2015-05-21 22:00:00,12175200.0,999.7,9.42,282.6,2.39,61.39,11.82,7.26,4.57,4.53,7.26,1229.04,0.36,0.8,163.8
2015-05-21 22:10:00,12175800.0,999.68,9.19,282.38,2.29,61.92,11.64,7.21,4.43,4.5,7.21,1230.03,1.56,2.92,235.9
2015-05-21 22:20:00,12176400.0,999.69,8.58,281.77,2.29,64.52,11.17,7.21,3.96,4.5,7.21,1232.71,1.02,2.12,304.7
2015-05-21 22:30:00,12177000.0,999.68,8.99,282.18,2.3,62.81,11.49,7.21,4.27,4.5,7.22,1230.9,0.8,1.92,354.4
2015-05-21 22:40:00,12177600.0,999.72,8.76,281.94,2.35,63.99,11.31,7.24,4.07,4.51,7.24,1231.94,0.76,2.08,261.0
2015-05-21 22:50:00,12178200.0,999.8,8.47,281.65,2.23,64.72,11.09,7.18,3.91,4.48,7.18,1233.34,1.41,2.32,241.1
2015-05-21 23:00:00,12178800.0,999.83,8.02,281.19,2.19,66.55,10.75,7.16,3.6,4.46,7.16,1235.36,1.92,2.88,222.3
2015-05-21 23:10:00,12179400.0,999.92,8.01,281.18,2.34,67.32,10.75,7.23,3.51,4.51,7.23,1235.48,1.38,2.28,225.4
2015-05-21 23:20:00,12180000.0,999.93,7.78,280.95,2.39,68.63,10.58,7.26,3.32,4.53,7.26,1236.49,0.53,1.0,212.7
2015-05-21 23:30:00,12180600.0,999.94,7.49,280.65,2.34,69.74,10.37,7.23,3.14,4.51,7.23,1237.79,0.33,0.64,201.6
2015-05-21 23:40:00,12181200.0,999.97,7.35,280.51,2.25,69.97,10.27,7.19,3.08,4.48,7.19,1238.47,0.51,1.04,218.2
2015-05-21 23:50:00,12181800.0,1000.02,7.36,280.52,2.29,70.1,10.28,7.21,3.07,4.49,7.21,1238.48,0.66,1.12,225.9
2015-05-22 00:00:00,12182400.0,999.95,7.24,280.4,2.25,70.5,10.19,7.19,3.01,4.48,7.19,1238.93,0.58,1.2,211.4
2015-05-22 00:10:00,12183000.0,999.93,6.82,279.98,2.16,72.1,9.9,7.14,2.76,4.45,7.14,1240.8,0.52,0.98,223.7
2015-05-22 00:20:00,12183600.0,999.93,6.43,279.59,2.24,74.5,9.64,7.18,2.46,4.48,7.18,1242.52,0.29,0.7,23.6
2015-05-22 00:30:00,12184200.0,999.98,6.15,279.31,2.08,75.1,9.45,7.1,2.35,4.43,7.1,1243.85,0.93,2.4,198.1
2015-05-22 00:40:00,12184800.0,1000.04,5.82,278.98,2.1,76.9,9.24,7.11,2.14,4.43,7.11,1245.37,1.41,2.72,228.1
2015-05-22 00:50:00,12185400.0,1000.03,5.79,278.95,2.23,77.8,9.22,7.18,2.05,4.48,7.18,1245.47,0.94,1.52,226.2
2015-05-22 01:00:00,12186000.0,1000.05,5.82,278.97,2.16,77.3,9.24,7.14,2.1,4.45,7.14,1245.41,0.84,1.32,217.1
2015-05-22 01:10:00,12186600.0,1000.05,5.45,278.6,1.93,78.0,9.01,7.02,1.98,4.38,7.02,1247.11,1.17,2.36,207.4
2015-05-22 01:20:00,12187200.0,1000.15,5.12,278.26,1.82,79.2,8.8,6.97,1.83,4.35,6.97,1248.74,1.05,1.92,211.2
2015-05-22 01:30:00,12187800.0,1000.13,4.96,278.11,1.91,80.6,8.7,7.02,1.69,4.37,7.01,1249.4,0.74,1.44,201.9
2015-05-22 01:40:00,12188400.0,1000.08,4.84,278.0,1.92,81.3,8.63,7.02,1.61,4.38,7.02,1249.85,0.71,1.16,200.6
2015-05-22 01:50:00,12189000.0,1000.09,4.64,277.79,1.8,81.8,8.51,6.96,1.55,4.34,6.96,1250.83,0.61,1.12,172.8
2015-05-22 02:00:00,12189600.0,1000.18,4.5,277.64,1.82,82.7,8.43,6.97,1.46,4.34,6.97,1251.57,0.79,1.4,211.8
2015-05-22 02:10:00,12190200.0,1000.22,4.65,277.79,1.83,81.9,8.52,6.97,1.54,4.35,6.97,1250.94,0.93,1.52,200.3
2015-05-22 02:20:00,12190800.0,1000.3,4.33,277.47,1.64,82.6,8.33,6.88,1.45,4.29,6.88,1252.51,0.91,1.32,209.4
2015-05-22 02:30:00,12191400.0,1000.33,4.0,277.14,1.59,84.2,8.14,6.85,1.29,4.27,6.85,1254.04,1.36,1.8,203.0
2015-05-22 02:40:00,12192000.0,1000.35,3.79,276.93,1.53,85.1,8.02,6.82,1.19,4.25,6.82,1255.03,0.85,1.32,174.2
2015-05-22 02:50:00,12192600.0,1000.32,3.66,276.79,1.54,86.0,7.94,6.83,1.11,4.26,6.83,1255.61,0.66,0.88,221.8
2015-05-22 03:00:00,12193200.0,1000.34,3.67,276.8,1.57,86.1,7.95,6.84,1.1,4.27,6.84,1255.57,0.78,1.42,186.0
2015-05-22 03:10:00,12193800.0,1000.38,3.63,276.75,1.51,86.0,7.92,6.81,1.11,4.25,6.81,1255.83,0.41,1.34,199.5
2015-05-22 03:20:00,12194400.0,1000.38,3.62,276.74,1.52,86.1,7.92,6.82,1.1,4.25,6.82,1255.88,0.3,0.54,295.2
2015-05-22 03:30:00,12195000.0,1000.3,3.56,276.69,1.46,86.1,7.89,6.79,1.1,4.23,6.79,1256.04,0.46,0.88,76.0
2015-05-22 03:40:00,12195600.0,1000.33,3.1,276.23,1.14,86.9,7.63,6.63,1.0,4.14,6.63,1258.24,0.75,1.64,189.1
2015-05-22 03:50:00,12196200.0,1000.3,2.87,276.01,1.17,88.5,7.51,6.65,0.86,4.14,6.64,1259.26,1.03,1.64,201.3
2015-05-22 04:00:00,12196800.0,1000.31,2.77,275.91,1.2,89.3,7.46,6.66,0.8,4.15,6.66,1259.69,0.56,0.96,218.3
2015-05-22 04:10:00,12197400.0,1000.29,2.78,275.92,1.28,89.8,7.46,6.7,0.76,4.18,6.7,1259.62,0.22,0.44,204.1
2015-05-22 04:20:00,12198000.0,1000.3,3.01,276.14,1.38,89.0,7.58,6.75,0.83,4.21,6.75,1258.57,0.81,1.96,135.0
2015-05-22 04:30:00,12198600.0,1000.29,2.92,276.05,1.18,88.3,7.54,6.65,0.88,4.15,6.65,1259.02,0.92,2.16,143.4
2015-05-22 04:40:00,12199200.0,1000.28,2.79,275.93,1.14,88.8,7.47,6.63,0.84,4.13,6.63,1259.59,0.47,0.84,211.9
2015-05-22 04:50:00,12199800.0,1000.25,2.9,276.04,1.21,88.6,7.53,6.67,0.86,4.16,6.67,1259.02,0.54,0.96,169.6
2015-05-22 05:00:00,12200400.0,1000.25,2.81,275.95,0.98,87.7,7.48,6.56,0.92,4.09,6.56,1259.5,0.8,1.28,178.7
2015-05-22 05:10:00,12201000.0,1000.3,3.06,276.2,1.18,87.4,7.61,6.65,0.96,4.15,6.65,1258.37,0.63,1.16,173.9
2015-05-22 05:20:00,12201600.0,1000.28,3.43,276.57,1.2,85.3,7.81,6.67,1.15,4.16,6.66,1256.67,1.0,2.12,164.1
2015-05-22 05:30:00,12202200.0,1000.29,3.52,276.66,1.22,84.8,7.87,6.67,1.2,4.16,6.67,1256.25,1.22,2.12,142.7
2015-05-22 05:40:00,12202800.0,1000.32,3.9,277.04,1.44,83.9,8.08,6.78,1.3,4.23,6.78,1254.52,0.69,1.4,136.0
2015-05-22 05:50:00,12203400.0,1000.38,4.5,277.63,1.59,81.3,8.43,6.85,1.58,4.27,6.85,1251.86,0.84,1.36,156.8
2015-05-22 06:00:00,12204000.0,1000.39,4.8,277.93,1.63,79.8,8.61,6.87,1.74,4.28,6.87,1250.49,0.82,1.28,203.7
2015-05-22 06:10:00,12204600.0,1000.33,5.31,278.44,1.98,79.0,8.92,7.05,1.87,4.39,7.04,1248.07,0.55,1.08,165.0
2015-05-22 06:20:00,12205200.0,1000.3,6.17,279.3,2.12,75.2,9.47,7.12,2.35,4.44,7.12,1244.17,0.86,1.7,160.6
2015-05-22 06:30:00,12205800.0,1000.3,6.34,279.47,2.1,74.2,9.58,7.11,2.47,4.43,7.11,1243.41,1.0,1.68,188.4
2015-05-22 06:40:00,12206400.0,1000.27,6.25,279.39,2.13,74.8,9.52,7.12,2.4,4.44,7.12,1243.76,1.62,2.48,171.7
2015-05-22 06:50:00,12207000.0,1000.21,6.37,279.51,2.11,74.1,9.6,7.12,2.49,4.44,7.11,1243.15,1.71,2.48,143.7
2015-05-22 07:00:00,12207600.0,1000.2,6.81,279.96,2.37,73.2,9.9,7.25,2.65,4.52,7.25,1241.11,0.77,1.68,151.8
2015-05-22 07:10:00,12208200.0,1000.2,7.21,280.35,2.52,72.0,10.17,7.32,2.85,4.57,7.32,1239.31,1.39,2.12,140.4
2015-05-22 07:20:00,12208800.0,1000.2,7.69,280.83,2.68,70.5,10.51,7.41,3.1,4.62,7.41,1237.15,1.61,2.14,142.2
2015-05-22 07:30:00,12209400.0,1000.17,8.25,281.4,2.9,68.91,10.92,7.53,3.4,4.69,7.53,1234.6,1.66,2.6,157.1
2015-05-22 07:40:00,12210000.0,1000.17,8.95,282.1,3.23,67.29,11.45,7.71,3.75,4.81,7.71,1231.45,1.15,2.16,146.1
2015-05-22 07:50:00,12210600.0,1000.23,9.55,282.69,3.43,65.52,11.93,7.81,4.11,4.87,7.81,1228.86,1.31,2.36,167.1
2015-05-22 08:00:00,12211200.0,1000.25,10.15,283.29,3.61,63.75,12.42,7.92,4.5,4.94,7.91,1226.24,1.18,1.84,159.1
2015-05-22 08:10:00,12211800.0,1000.22,10.75,283.89,3.93,62.65,12.93,8.1,4.83,5.05,8.1,1223.53,1.13,2.24,157.7
2015-05-22 08:20:00,12212400.0,1000.2,10.92,284.06,3.94,61.98,13.07,8.1,4.97,5.05,8.1,1222.76,1.53,2.84,146.3
2015-05-22 08:30:00,12213000.0,1000.16,11.73,284.88,4.21,59.87,13.8,8.26,5.54,5.15,8.26,1219.17,0.7,1.84,109.9
2015-05-22 08:40:00,12213600.0,1000.05,12.84,286.0,4.67,57.47,14.84,8.53,6.31,5.32,8.53,1214.18,0.66,1.28,137.0
2015-05-22 08:50:00,12214200.0,999.98,13.69,286.85,4.83,54.98,15.69,8.63,7.06,5.38,8.63,1210.45,0.96,2.2,123.7
2015-05-22 09:00:00,12214800.0,1000.01,13.56,286.72,4.41,53.84,15.56,8.38,7.18,5.23,8.38,1211.15,1.56,2.4,130.9
2015-05-22 09:10:00,12215400.0,1000.0,13.97,287.13,4.48,52.67,15.98,8.42,7.56,5.25,8.42,1209.39,1.27,2.56,118.8
2015-05-22 09:20:00,12216000.0,999.89,14.51,287.68,3.69,48.11,16.55,7.96,8.59,4.97,7.96,1207.19,1.37,2.82,123.7
2015-05-22 09:30:00,12216600.0,999.86,14.92,288.09,3.81,47.27,16.99,8.03,8.96,5.01,8.03,1205.41,1.44,3.0,144.1
2015-05-22 09:40:00,12217200.0,999.74,15.14,288.32,3.52,45.64,17.23,7.87,9.37,4.91,7.87,1204.42,1.09,1.92,103.3
2015-05-22 09:50:00,12217800.0,999.66,15.89,289.08,3.45,43.28,18.08,7.83,10.26,4.88,7.83,1201.21,1.35,2.4,112.8
2015-05-22 10:00:00,12218400.0,999.51,15.54,288.74,2.65,41.83,17.68,7.4,10.29,4.62,7.4,1202.69,2.57,4.04,78.2
2015-05-22 10:10:00,12219000.0,999.41,15.27,288.48,2.91,43.34,17.38,7.53,9.85,4.7,7.54,1203.63,3.4,5.36,45.87
2015-05-22 10:20:00,12219600.0,999.31,15.27,288.49,3.22,44.32,17.38,7.7,9.68,4.81,7.71,1203.43,2.28,4.32,84.3
2015-05-22 10:30:00,12220200.0,999.26,15.87,289.09,3.65,43.97,18.06,7.94,10.12,4.96,7.95,1200.77,2.32,5.0,58.37
2015-05-22 10:40:00,12220800.0,999.24,15.38,288.6,3.36,44.43,17.5,7.78,9.73,4.85,7.78,1202.85,3.19,5.4,30.81
2015-05-22 10:50:00,12221400.0,999.16,15.63,288.86,3.45,44.01,17.78,7.83,9.96,4.89,7.83,1201.7,2.32,3.72,44.02
2015-05-22 11:00:00,12222000.0,999.07,16.19,289.43,3.44,42.42,18.43,7.82,10.61,4.88,7.83,1199.27,1.85,4.92,4.0
2015-05-22 11:10:00,12222600.0,999.03,16.05,289.29,3.45,42.83,18.27,7.82,10.44,4.89,7.83,1199.8,2.22,5.26,29.3
2015-05-22 11:20:00,12223200.0,998.93,16.24,289.49,3.35,42.03,18.49,7.77,10.72,4.85,7.78,1198.91,2.4,4.6,23.04
2015-05-22 11:30:00,12223800.0,998.77,16.03,289.29,3.39,42.73,18.25,7.8,10.45,4.87,7.81,1199.57,2.79,6.18,24.45
2015-05-22 11:40:00,12224400.0,998.61,16.52,289.8,3.47,41.63,18.82,7.84,10.99,4.9,7.85,1197.34,1.73,4.16,5.15
2015-05-22 11:50:00,12225000.0,998.56,16.67,289.95,3.43,41.12,19.0,7.81,11.19,4.88,7.83,1196.67,1.59,4.28,341.1
2015-05-22 12:00:00,12225600.0,998.48,16.29,289.58,3.33,41.83,18.55,7.76,10.79,4.85,7.77,1198.17,3.31,5.1,64.38
2015-05-22 12:10:00,12226200.0,998.37,16.18,289.47,2.92,40.93,18.42,7.54,10.88,4.71,7.55,1198.59,3.34,4.8,92.3
2015-05-22 12:20:00,12226800.0,998.2,17.03,290.34,3.21,39.58,19.44,7.7,11.75,4.81,7.71,1194.8,2.3,4.68,92.6
2015-05-22 12:30:00,12227400.0,998.11,16.75,290.07,2.94,39.52,19.1,7.55,11.55,4.72,7.56,1195.92,4.24,6.24,36.83
2015-05-22 12:40:00,12228000.0,998.07,15.81,289.13,2.66,41.14,17.99,7.4,10.59,4.63,7.42,1199.83,2.67,4.64,13.64
2015-05-22 12:50:00,12228600.0,997.94,16.16,289.49,2.73,40.42,18.4,7.44,10.96,4.65,7.45,1198.21,1.75,3.68,299.2
2015-05-22 13:00:00,12229200.0,997.83,17.01,290.35,3.27,39.8,19.42,7.73,11.69,4.83,7.75,1194.43,2.51,5.3,14.19
2015-05-22 13:10:00,12229800.0,997.75,16.88,290.23,3.32,40.26,19.26,7.75,11.51,4.85,7.77,1194.85,3.47,6.16,49.78
2015-05-22 13:20:00,12230400.0,997.7,16.35,289.7,3.0,40.72,18.62,7.58,11.04,4.74,7.6,1197.07,2.02,3.0,47.93
2015-05-22 13:30:00,12231000.0,997.62,16.38,289.74,2.74,39.88,18.66,7.44,11.22,4.65,7.46,1196.91,1.48,2.68,52.3
2015-05-22 13:40:00,12231600.0,997.49,16.99,290.36,2.93,38.88,19.39,7.54,11.85,4.72,7.56,1194.19,1.5,2.76,12.35
2015-05-22 13:50:00,12232200.0,997.37,17.67,291.05,3.23,38.06,20.25,7.71,12.54,4.82,7.73,1191.18,2.04,4.36,111.9
2015-05-22 14:00:00,12232800.0,997.24,17.26,290.65,2.76,37.77,19.73,7.45,12.28,4.66,7.47,1192.82,3.16,5.0,54.72
2015-05-22 14:10:00,12233400.0,997.21,16.7,290.09,2.56,38.58,19.04,7.35,11.69,4.59,7.37,1195.14,2.56,4.84,94.1
2015-05-22 14:20:00,12234000.0,997.16,16.98,290.38,2.61,38.03,19.38,7.37,12.01,4.61,7.39,1193.91,0.76,1.88,115.1
2015-05-22 14:30:00,12234600.0,997.03,17.6,291.01,2.58,36.49,20.16,7.36,12.8,4.6,7.38,1191.22,1.31,2.48,176.2
2015-05-22 14:40:00,12235200.0,996.95,18.07,291.49,2.81,36.02,20.76,7.48,13.28,4.68,7.5,1189.13,1.27,2.5,198.5
2015-05-22 14:50:00,12235800.0,996.85,18.44,291.86,3.0,35.67,21.25,7.58,13.67,4.74,7.6,1187.46,1.15,2.4,187.1
2015-05-22 15:00:00,12236400.0,996.79,18.47,291.9,3.01,35.64,21.29,7.59,13.7,4.75,7.61,1187.27,1.77,4.04,99.8
2015-05-22 15:10:00,12237000.0,996.72,17.99,291.42,3.02,36.76,20.66,7.59,13.06,4.75,7.62,1189.13,2.72,5.8,49.94
2015-05-22 15:20:00,12237600.0,996.63,17.78,291.22,2.84,36.75,20.39,7.49,12.9,4.69,7.52,1189.94,2.62,4.36,73.3
2015-05-22 15:30:00,12238200.0,996.52,17.97,291.42,2.7,35.97,20.63,7.42,13.21,4.65,7.45,1189.05,1.76,3.4,117.4
2015-05-22 15:40:00,12238800.0,996.35,18.0,291.46,2.67,35.81,20.67,7.4,13.27,4.63,7.43,1188.74,2.15,3.28,68.08
2015-05-22 15:50:00,12239400.0,996.22,18.35,291.83,2.95,35.75,21.13,7.55,13.58,4.73,7.58,1187.09,1.51,2.96,45.96
2015-05-22 16:00:00,12240000.0,996.18,18.33,291.81,2.37,34.35,21.11,7.25,13.86,4.54,7.28,1187.27,2.08,3.52,336.7
2015-05-22 16:10:00,12240600.0,996.1,18.26,291.75,2.36,34.46,21.01,7.24,13.77,4.53,7.27,1187.46,1.9,3.6,331.6
2015-05-22 16:20:00,12241200.0,996.02,18.35,291.84,2.31,34.15,21.13,7.22,13.92,4.52,7.25,1187.0,1.44,2.84,297.1
2015-05-22 16:30:00,12241800.0,995.9,18.49,291.99,2.79,35.04,21.32,7.47,13.85,4.68,7.5,1186.18,1.73,5.08,302.2
2015-05-22 16:40:00,12242400.0,995.74,18.23,291.75,3.26,36.82,20.97,7.72,13.25,4.84,7.76,1186.94,3.19,5.52,40.57
2015-05-22 16:50:00,12243000.0,995.66,17.81,291.33,3.01,37.15,20.43,7.59,12.84,4.75,7.62,1188.61,3.44,5.26,32.1
2015-05-22 17:00:00,12243600.0,995.64,17.8,291.32,3.02,37.2,20.41,7.59,12.82,4.76,7.63,1188.62,2.07,3.28,39.5
2015-05-22 17:10:00,12244200.0,995.51,18.3,291.84,3.31,36.8,21.07,7.75,13.31,4.86,7.79,1186.35,2.19,4.04,72.0
2015-05-22 17:20:00,12244800.0,995.44,18.15,291.69,3.41,37.41,20.87,7.81,13.06,4.89,7.84,1186.86,2.64,4.04,60.99
2015-05-22 17:30:00,12245400.0,995.41,18.02,291.56,3.49,37.92,20.7,7.85,12.85,4.92,7.88,1187.34,2.01,3.68,69.38
2015-05-22 17:40:00,12246000.0,995.37,18.05,291.6,3.4,37.6,20.74,7.8,12.94,4.89,7.83,1187.19,2.09,3.24,57.35
2015-05-22 17:50:00,12246600.0,995.34,18.11,291.66,3.43,37.54,20.82,7.81,13.0,4.9,7.85,1186.9,1.56,2.96,10.62
2015-05-22 18:00:00,12247200.0,995.27,17.93,291.49,3.39,37.87,20.58,7.79,12.79,4.89,7.83,1187.55,2.44,3.48,15.58
2015-05-22 18:10:00,12247800.0,995.26,17.58,291.14,3.47,38.94,20.13,7.84,12.29,4.91,7.88,1188.95,2.21,3.36,34.72
2015-05-22 18:20:00,12248400.0,995.27,17.45,291.0,3.76,40.06,19.97,8.0,11.97,5.01,8.04,1189.42,2.29,4.0,42.89
2015-05-22 18:30:00,12249000.0,995.34,17.34,290.89,3.65,40.04,19.83,7.94,11.89,4.98,7.98,1189.98,2.69,3.92,35.24
2015-05-22 18:40:00,12249600.0,995.37,17.08,290.63,3.58,40.5,19.51,7.9,11.61,4.95,7.94,1191.1,2.79,3.88,48.14
2015-05-22 18:50:00,12250200.0,995.35,16.85,290.4,3.58,41.1,19.22,7.9,11.32,4.95,7.94,1192.03,2.45,3.32,40.81
2015-05-22 19:00:00,12250800.0,995.28,16.69,290.24,3.69,41.83,19.03,7.96,11.07,4.99,8.0,1192.58,2.4,3.36,41.52
2015-05-22 19:10:00,12251400.0,995.25,16.53,290.08,3.79,42.55,18.84,8.01,10.82,5.02,8.05,1193.17,2.11,3.0,38.86
2015-05-22 19:20:00,12252000.0,995.23,16.38,289.94,3.8,43.01,18.66,8.02,10.63,5.03,8.06,1193.76,2.0,3.0,40.66
2015-05-22 19:30:00,12252600.0,995.25,16.27,289.82,3.78,43.23,18.53,8.01,10.52,5.02,8.05,1194.25,1.54,2.36,42.17
2015-05-22 19:40:00,12253200.0,995.29,16.12,289.67,3.93,44.11,18.35,8.09,10.26,5.07,8.13,1194.88,1.35,1.8,30.63
2015-05-22 19:50:00,12253800.0,995.29,16.02,289.57,4.0,44.62,18.23,8.14,10.1,5.1,8.17,1195.28,1.38,2.36,17.59
2015-05-22 20:00:00,12254400.0,995.37,15.83,289.37,4.06,45.38,18.01,8.17,9.84,5.12,8.21,1196.14,0.95,1.72,359.2
2015-05-22 20:10:00,12255000.0,995.39,15.75,289.29,4.06,45.59,17.92,8.17,9.75,5.12,8.21,1196.49,0.85,1.6,14.65
2015-05-22 20:20:00,12255600.0,995.4,15.57,289.11,4.19,46.56,17.72,8.25,9.47,5.17,8.29,1197.22,0.5,0.92,32.24
2015-05-22 20:30:00,12256200.0,995.49,14.94,288.47,4.16,48.38,17.01,8.23,8.78,5.16,8.27,1199.95,0.55,1.44,215.9
2015-05-22 20:40:00,12256800.0,995.56,14.57,288.1,4.06,49.19,16.61,8.17,8.44,5.12,8.21,1201.6,0.67,1.16,232.7
2015-05-22 20:50:00,12257400.0,995.64,14.53,288.05,3.97,49.02,16.57,8.12,8.45,5.09,8.16,1201.89,0.64,1.2,264.9
2015-05-22 21:00:00,12258000.0,995.72,14.39,287.9,4.14,50.05,16.42,8.22,8.2,5.15,8.25,1202.53,0.38,0.92,37.39
2015-05-22 21:10:00,12258600.0,995.72,13.92,287.43,4.34,52.33,15.93,8.33,7.59,5.22,8.37,1204.45,0.57,0.96,54.47
2015-05-22 21:20:00,12259200.0,995.73,13.3,286.81,4.58,55.41,15.3,8.48,6.82,5.31,8.51,1207.0,0.43,0.64,55.16
2015-05-22 21:30:00,12259800.0,995.74,12.91,286.42,4.58,56.85,14.91,8.48,6.43,5.31,8.51,1208.66,0.23,0.48,347.9
2015-05-22 21:40:00,12260400.0,995.74,12.92,286.43,4.63,56.99,14.92,8.5,6.42,5.33,8.54,1208.6,0.27,0.56,41.08
2015-05-22 21:50:00,12261000.0,995.74,12.55,286.06,4.6,58.27,14.56,8.49,6.08,5.32,8.52,1210.18,0.87,1.14,43.05
2015-05-22 22:00:00,12261600.0,995.75,12.11,285.62,4.62,60.1,14.15,8.5,5.64,5.33,8.54,1212.05,0.35,0.72,50.95
2015-05-22 22:10:00,12262200.0,995.8,11.87,285.37,4.63,61.1,13.92,8.51,5.42,5.33,8.54,1213.12,0.39,0.78,99.7
2015-05-22 22:20:00,12262800.0,995.82,11.63,285.13,4.63,62.08,13.7,8.51,5.2,5.33,8.54,1214.17,0.22,0.56,314.5
2015-05-22 22:30:00,12263400.0,995.75,11.39,284.9,4.44,62.24,13.49,8.4,5.09,5.26,8.43,1215.16,0.55,1.32,211.8
2015-05-22 22:40:00,12264000.0,995.75,11.31,284.82,4.08,61.0,13.42,8.18,5.23,5.13,8.22,1215.6,1.25,1.8,222.6
2015-05-22 22:50:00,12264600.0,995.74,11.37,284.88,4.13,60.95,13.47,8.21,5.26,5.14,8.25,1215.32,1.06,1.68,223.1
2015-05-22 23:00:00,12265200.0,995.75,11.06,284.57,4.23,62.69,13.2,8.27,4.92,5.18,8.31,1216.63,1.34,2.16,211.7
2015-05-22 23:10:00,12265800.0,995.76,10.98,284.49,4.28,63.23,13.13,8.3,4.83,5.2,8.33,1216.98,0.98,1.2,212.7
2015-05-22 23:20:00,12266400.0,995.72,10.83,284.34,4.35,64.17,13.0,8.34,4.66,5.23,8.37,1217.55,0.78,1.2,204.7
2015-05-22 23:30:00,12267000.0,995.63,10.87,284.39,4.49,64.64,13.03,8.42,4.61,5.28,8.46,1217.23,0.16,0.32,38.45
2015-05-22 23:40:00,12267600.0,995.61,10.51,284.03,4.49,66.21,12.72,8.42,4.3,5.28,8.46,1218.75,0.27,0.48,221.2
2015-05-22 23:50:00,12268200.0,995.52,10.29,283.81,4.4,66.75,12.54,8.37,4.17,5.24,8.4,1219.6,0.65,1.42,228.1
2015-05-23 00:00:00,12268800.0,995.44,10.05,283.58,4.28,67.29,12.34,8.3,4.03,5.2,8.34,1220.58,0.97,1.4,214.8
2015-05-23 00:10:00,12269400.0,995.33,9.98,283.52,4.26,67.51,12.28,8.29,3.99,5.2,8.33,1220.75,1.11,1.6,221.9
2015-05-23 00:20:00,12270000.0,995.26,9.77,283.31,4.34,68.86,12.11,8.34,3.77,5.23,8.38,1221.54,0.57,0.8,185.7
2015-05-23 00:30:00,12270600.0,995.2,9.53,283.08,4.43,70.4,11.91,8.39,3.53,5.26,8.43,1222.49,0.42,0.68,173.4
2015-05-23 00:40:00,12271200.0,995.12,9.4,282.96,4.48,71.3,11.81,8.42,3.39,5.28,8.46,1222.93,0.32,0.64,149.0
2015-05-23 00:50:00,12271800.0,995.02,9.37,282.93,4.49,71.5,11.78,8.43,3.36,5.28,8.47,1222.94,0.31,0.78,178.0
2015-05-23 01:00:00,12272400.0,995.01,9.2,282.76,4.41,71.9,11.65,8.38,3.27,5.25,8.42,1223.68,0.37,0.8,182.2
2015-05-23 01:10:00,12273000.0,994.94,8.84,282.41,4.38,73.5,11.37,8.36,3.01,5.24,8.4,1225.16,0.57,0.84,155.2
2015-05-23 01:20:00,12273600.0,994.86,8.79,282.37,4.46,74.2,11.33,8.41,2.92,5.27,8.45,1225.26,0.31,0.72,123.1
2015-05-23 01:30:00,12274200.0,994.78,8.82,282.4,4.49,74.2,11.35,8.42,2.93,5.28,8.47,1225.03,0.46,0.84,145.7
2015-05-23 01:40:00,12274800.0,994.66,8.6,282.19,4.47,75.2,11.19,8.41,2.77,5.28,8.46,1225.84,0.53,0.76,147.2
2015-05-23 01:50:00,12275400.0,994.56,8.38,281.98,4.45,76.2,11.02,8.4,2.62,5.27,8.44,1226.67,0.48,0.72,146.1
2015-05-23 02:00:00,12276000.0,994.49,8.22,281.82,4.44,77.0,10.9,8.39,2.51,5.27,8.44,1227.3,0.5,0.92,154.0
2015-05-23 02:10:00,12276600.0,994.43,8.16,281.77,4.49,77.6,10.86,8.42,2.43,5.29,8.47,1227.46,0.46,0.72,170.2
2015-05-23 02:20:00,12277200.0,994.39,8.01,281.62,4.48,78.3,10.75,8.41,2.33,5.28,8.46,1228.07,0.58,0.96,161.6
2015-05-23 02:30:00,12277800.0,994.37,7.84,281.45,4.42,78.9,10.62,8.38,2.24,5.26,8.43,1228.81,0.65,1.04,147.6
2015-05-23 02:40:00,12278400.0,994.35,7.82,281.44,4.44,79.1,10.61,8.39,2.22,5.27,8.44,1228.87,0.55,0.88,152.3
2015-05-23 02:50:00,12279000.0,994.28,7.78,281.4,4.43,79.3,10.58,8.39,2.19,5.26,8.44,1228.96,0.58,0.96,150.0
2015-05-23 03:00:00,12279600.0,994.24,7.68,281.3,4.39,79.6,10.51,8.36,2.14,5.25,8.41,1229.35,0.93,1.32,150.5
2015-05-23 03:10:00,12280200.0,994.18,7.73,281.36,4.42,79.5,10.54,8.38,2.16,5.26,8.43,1229.05,0.54,0.92,142.8
2015-05-23 03:20:00,12280800.0,994.06,7.8,281.44,4.45,79.3,10.59,8.4,2.19,5.27,8.45,1228.59,0.31,0.76,174.3
2015-05-23 03:30:00,12281400.0,994.02,7.92,281.56,4.55,79.2,10.68,8.46,2.22,5.31,8.51,1227.98,0.39,0.88,163.8
2015-05-23 03:40:00,12282000.0,993.99,7.83,281.47,4.55,79.7,10.61,8.46,2.15,5.31,8.51,1228.35,0.45,0.84,132.9
2015-05-23 03:50:00,12282600.0,993.91,7.97,281.62,4.65,79.5,10.72,8.52,2.2,5.35,8.57,1227.6,0.32,0.84,153.4
2015-05-23 04:00:00,12283200.0,993.8,8.11,281.77,4.55,78.2,10.82,8.46,2.36,5.31,8.51,1226.89,0.23,0.6,197.5
2015-05-23 04:10:00,12283800.0,993.69,8.12,281.79,4.55,78.1,10.83,8.46,2.37,5.31,8.51,1226.71,0.28,0.52,15.1
2015-05-23 04:20:00,12284400.0,993.59,8.04,281.72,4.56,78.6,10.77,8.46,2.3,5.32,8.52,1226.93,0.53,0.84,150.1
2015-05-23 04:30:00,12285000.0,993.62,7.98,281.66,4.52,78.7,10.72,8.44,2.28,5.3,8.49,1227.24,0.74,1.56,145.7
2015-05-23 04:40:00,12285600.0,993.57,7.86,281.54,4.4,78.7,10.64,8.37,2.27,5.26,8.42,1227.73,0.67,1.16,98.1
2015-05-23 04:50:00,12286200.0,993.56,7.93,281.61,4.47,78.7,10.69,8.41,2.28,5.28,8.47,1227.4,0.68,1.18,107.5
2015-05-23 05:00:00,12286800.0,993.54,8.03,281.71,4.4,77.8,10.76,8.37,2.39,5.26,8.43,1226.96,0.67,1.24,137.9
2015-05-23 05:10:00,12287400.0,993.55,8.1,281.78,4.56,78.3,10.81,8.47,2.35,5.32,8.52,1226.62,0.37,0.68,35.65
2015-05-23 05:20:00,12288000.0,993.54,8.26,281.94,4.63,77.8,10.93,8.5,2.43,5.34,8.56,1225.89,0.6,0.92,195.9
2015-05-23 05:30:00,12288600.0,993.58,8.16,281.84,4.75,79.0,10.86,8.58,2.28,5.39,8.63,1226.35,0.89,1.4,212.6
2015-05-23 05:40:00,12289200.0,993.65,8.17,281.84,4.92,79.9,10.86,8.68,2.18,5.45,8.74,1226.33,1.03,1.48,202.3
2015-05-23 05:50:00,12289800.0,993.61,8.35,282.03,4.88,78.7,11.0,8.65,2.34,5.44,8.71,1225.51,0.73,1.24,209.7
2015-05-23 06:00:00,12290400.0,993.65,8.53,282.2,4.63,76.4,11.13,8.51,2.63,5.34,8.56,1224.85,1.22,1.72,148.6
2015-05-23 06:10:00,12291000.0,993.65,8.65,282.32,4.71,76.2,11.22,8.55,2.67,5.37,8.61,1224.31,0.8,1.48,151.2
2015-05-23 06:20:00,12291600.0,993.64,8.92,282.6,4.8,75.3,11.43,8.61,2.82,5.41,8.66,1223.1,0.48,1.04,140.9
2015-05-23 06:30:00,12292200.0,993.69,8.96,282.63,5.01,76.2,11.46,8.73,2.73,5.49,8.79,1222.92,0.98,1.52,144.3
2015-05-23 06:40:00,12292800.0,993.78,8.99,282.65,5.09,76.5,11.49,8.79,2.7,5.52,8.84,1222.89,1.0,1.76,179.0
2015-05-23 06:50:00,12293400.0,993.86,8.99,282.65,5.19,77.0,11.49,8.84,2.64,5.55,8.9,1222.96,0.71,1.12,220.4
2015-05-23 07:00:00,12294000.0,993.82,9.12,282.78,5.33,77.1,11.59,8.93,2.65,5.61,8.99,1222.3,0.73,1.2,210.6
2015-05-23 07:10:00,12294600.0,993.82,9.31,282.97,5.5,77.0,11.74,9.04,2.7,5.68,9.09,1221.43,0.87,1.24,179.6
2015-05-23 07:20:00,12295200.0,993.84,9.52,283.18,5.59,76.4,11.9,9.09,2.81,5.71,9.15,1220.52,0.94,1.68,176.3
2015-05-23 07:30:00,12295800.0,993.92,9.51,283.16,5.46,75.8,11.9,9.02,2.88,5.66,9.07,1220.7,1.35,2.12,152.1
2015-05-23 07:40:00,12296400.0,993.91,9.66,283.31,5.63,75.9,12.02,9.12,2.9,5.73,9.18,1219.99,0.99,1.72,163.5
2015-05-23 07:50:00,12297000.0,994.01,9.77,283.42,5.7,75.7,12.11,9.16,2.94,5.75,9.22,1219.62,1.04,1.76,150.2
2015-05-23 08:00:00,12297600.0,993.9,9.83,283.49,5.72,75.5,12.15,9.18,2.98,5.76,9.23,1219.22,1.18,2.08,186.2
2015-05-23 08:10:00,12298200.0,993.91,10.06,283.72,5.92,75.4,12.34,9.31,3.04,5.85,9.36,1218.18,0.51,1.46,65.51
2015-05-23 08:20:00,12298800.0,993.81,10.33,283.99,6.01,74.5,12.57,9.36,3.21,5.88,9.42,1216.87,1.16,1.72,173.6
2015-05-23 08:30:00,12299400.0,993.77,10.51,284.18,6.12,74.2,12.72,9.44,3.28,5.93,9.5,1216.02,0.67,1.28,221.6
2015-05-23 08:40:00,12300000.0,993.66,10.75,284.43,6.24,73.6,12.93,9.51,3.41,5.98,9.57,1214.82,1.54,2.32,195.1
2015-05-23 08:50:00,12300600.0,993.75,10.96,284.63,6.4,73.4,13.11,9.62,3.49,6.04,9.68,1213.98,1.09,2.08,76.3
2015-05-23 09:00:00,12301200.0,993.78,11.41,285.08,6.17,70.1,13.51,9.47,4.04,5.95,9.53,1212.17,1.27,2.54,104.3
2015-05-23 09:10:00,12301800.0,993.77,12.02,285.69,6.22,67.59,14.06,9.5,4.56,5.97,9.56,1209.55,1.07,1.88,156.4
2015-05-23 09:20:00,12302400.0,993.76,12.57,286.24,6.42,66.09,14.58,9.64,4.94,6.05,9.7,1207.14,0.68,1.68,183.3
2015-05-23 09:30:00,12303000.0,993.64,12.97,286.65,6.8,66.06,14.97,9.89,5.08,6.21,9.95,1205.19,1.1,2.0,190.0
2015-05-23 09:40:00,12303600.0,993.59,13.55,287.24,6.91,64.1,15.55,9.97,5.58,6.26,10.03,1202.66,1.04,1.9,158.3
2015-05-23 09:50:00,12304200.0,993.63,13.94,287.62,6.88,62.36,15.95,9.94,6.0,6.25,10.01,1201.09,1.09,1.76,148.1
2015-05-23 10:00:00,12304800.0,993.54,14.59,288.28,7.16,60.97,16.63,10.14,6.49,6.37,10.21,1198.17,1.15,1.96,160.0
2015-05-23 10:10:00,12305400.0,993.41,15.3,289.01,7.33,58.91,17.41,10.26,7.15,6.45,10.32,1195.02,1.27,2.16,140.3
2015-05-23 10:20:00,12306000.0,993.27,16.44,290.16,7.51,55.43,18.73,10.38,8.35,6.53,10.45,1190.08,1.27,2.12,166.9
2015-05-23 10:30:00,12306600.0,993.09,17.39,291.13,7.37,51.7,19.89,10.28,9.61,6.47,10.36,1186.02,1.1,2.12,136.4
2015-05-23 10:40:00,12307200.0,992.96,17.79,291.54,7.03,49.27,20.4,10.05,10.35,6.32,10.12,1184.34,2.31,5.4,82.5
2015-05-23 10:50:00,12307800.0,992.81,17.72,291.48,6.98,49.29,20.31,10.01,10.3,6.3,10.08,1184.47,2.0,4.24,20.08
2015-05-23 11:00:00,12308400.0,992.71,18.19,291.96,7.31,48.95,20.92,10.24,10.68,6.44,10.32,1182.33,2.82,5.24,38.41
2015-05-23 11:10:00,12309000.0,992.6,17.65,291.43,6.54,48.05,20.22,9.72,10.5,6.11,9.79,1184.63,2.81,5.84,26.21
2015-05-23 11:20:00,12309600.0,992.46,17.62,291.41,6.23,47.1,20.18,9.51,10.68,5.98,9.58,1184.68,3.71,7.45,35.13
2015-05-23 11:30:00,12310200.0,992.36,18.09,291.89,5.84,44.51,20.79,9.25,11.54,5.82,9.32,1182.77,3.35,5.36,36.39
2015-05-23 11:40:00,12310800.0,992.23,18.31,292.12,6.01,44.43,21.08,9.37,11.71,5.89,9.44,1181.67,2.99,5.2,6.1
2015-05-23 11:50:00,12311400.0,992.14,18.3,292.12,6.01,44.46,21.07,9.37,11.7,5.89,9.44,1181.6,3.53,6.44,50.12
2015-05-23 12:00:00,12312000.0,992.16,18.4,292.22,6.08,44.38,21.2,9.41,11.79,5.92,9.48,1181.2,3.14,6.52,17.52
2015-05-23 12:10:00,12312600.0,992.09,18.26,292.08,6.19,45.14,21.01,9.49,11.53,5.97,9.56,1181.65,3.11,5.6,32.05
2015-05-23 12:20:00,12313200.0,992.08,18.08,291.9,6.38,46.23,20.78,9.6,11.17,6.04,9.68,1182.31,2.9,4.96,27.38
2015-05-23 12:30:00,12313800.0,992.02,17.83,291.66,6.41,47.08,20.45,9.63,10.82,6.06,9.71,1183.25,3.87,5.84,20.41
2015-05-23 12:40:00,12314400.0,991.94,17.79,291.62,6.72,48.2,20.4,9.83,10.57,6.19,9.91,1183.22,3.21,5.42,22.89
2015-05-23 12:50:00,12315000.0,991.81,17.71,291.55,6.85,48.88,20.3,9.92,10.38,6.25,10.0,1183.35,3.56,6.22,28.14
2015-05-23 13:00:00,12315600.0,991.81,17.62,291.46,7.36,50.94,20.18,10.28,9.9,6.47,10.37,1183.55,1.97,3.76,28.77
2015-05-23 13:10:00,12316200.0,991.71,17.77,291.62,7.58,51.23,20.37,10.44,9.94,6.57,10.53,1182.75,2.18,4.6,32.9
2015-05-23 13:20:00,12316800.0,991.71,17.54,291.39,7.84,52.9,20.08,10.62,9.46,6.69,10.71,1183.6,3.28,5.56,22.93
2015-05-23 13:30:00,12317400.0,991.73,17.34,291.19,7.95,53.96,19.83,10.7,9.13,6.74,10.79,1184.41,3.21,4.92,25.09
2015-05-23 13:40:00,12318000.0,991.67,17.29,291.15,8.12,54.76,19.77,10.82,8.94,6.82,10.92,1184.48,3.01,4.64,22.9
2015-05-23 13:50:00,12318600.0,991.59,17.42,291.28,8.26,54.85,19.93,10.93,9.0,6.89,11.02,1183.81,2.31,4.36,25.97
2015-05-23 14:00:00,12319200.0,991.62,17.52,291.38,8.26,54.51,20.06,10.93,9.12,6.89,11.02,1183.44,3.66,5.56,21.89
2015-05-23 14:10:00,12319800.0,991.58,17.59,291.45,8.27,54.29,20.14,10.94,9.21,6.89,11.03,1183.1,2.97,5.36,20.4
2015-05-23 14:20:00,12320400.0,991.52,17.63,291.5,8.04,53.3,20.2,10.76,9.43,6.78,10.86,1182.95,3.82,6.2,27.01
2015-05-23 14:30:00,12321000.0,991.45,17.63,291.51,7.61,51.77,20.2,10.46,9.74,6.59,10.55,1183.0,3.91,6.24,25.58
2015-05-23 14:40:00,12321600.0,991.36,17.82,291.7,7.7,51.48,20.44,10.52,9.92,6.63,10.61,1182.09,2.98,5.68,24.43
2015-05-23 14:50:00,12322200.0,991.28,18.08,291.97,7.9,51.35,20.78,10.67,10.11,6.72,10.76,1180.87,2.89,4.7,30.77
2015-05-23 15:00:00,12322800.0,991.22,18.09,291.99,7.76,50.83,20.79,10.57,10.22,6.66,10.66,1180.81,3.85,5.2,26.28
2015-05-23 15:10:00,12323400.0,991.21,18.1,292.0,7.4,49.56,20.8,10.31,10.49,6.5,10.4,1180.87,2.66,5.42,16.34
2015-05-23 15:20:00,12324000.0,991.11,18.6,292.51,7.43,48.1,21.47,10.32,11.14,6.51,10.42,1178.72,2.43,4.36,9.57
2015-05-23 15:30:00,12324600.0,991.02,19.14,293.06,7.82,47.78,22.2,10.61,11.59,6.68,10.7,1176.31,2.17,4.18,21.88
2015-05-23 15:40:00,12325200.0,990.96,18.51,292.43,7.87,49.87,21.34,10.64,10.7,6.71,10.74,1178.76,2.72,4.44,22.74
2015-05-23 15:50:00,12325800.0,991.0,18.31,292.22,8.18,51.59,21.08,10.87,10.2,6.85,10.97,1179.51,2.86,5.96,27.73
2015-05-23 16:00:00,12326400.0,991.04,18.29,292.2,8.41,52.45,21.05,11.04,10.01,6.96,11.14,1179.57,2.68,6.56,34.79
2015-05-23 16:10:00,12327000.0,990.98,18.41,292.33,7.81,49.96,21.21,10.6,10.61,6.68,10.69,1179.21,3.94,6.44,33.35
2015-05-23 16:20:00,12327600.0,990.95,18.13,292.05,7.85,50.99,20.84,10.63,10.21,6.7,10.72,1180.3,4.58,6.44,32.81
2015-05-23 16:30:00,12328200.0,990.94,18.09,292.01,7.97,51.53,20.79,10.71,10.08,6.75,10.81,1180.41,3.68,5.48,30.04
2015-05-23 16:40:00,12328800.0,990.9,18.1,292.02,7.93,51.38,20.8,10.69,10.11,6.74,10.79,1180.33,3.07,4.5,29.09
2015-05-23 16:50:00,12329400.0,990.84,17.96,291.89,7.87,51.63,20.62,10.65,9.97,6.71,10.74,1180.84,2.77,4.22,29.01
2015-05-23 17:00:00,12330000.0,990.84,17.92,291.85,7.85,51.67,20.57,10.63,9.94,6.7,10.73,1181.02,2.66,4.44,25.89
2015-05-23 17:10:00,12330600.0,990.84,17.77,291.7,8.2,53.43,20.37,10.89,9.49,6.86,10.99,1181.51,2.23,4.32,21.61
2015-05-23 17:20:00,12331200.0,990.94,17.57,291.49,8.28,54.39,20.12,10.94,9.18,6.9,11.04,1182.41,1.54,3.18,14.65
2015-05-23 17:30:00,12331800.0,990.95,17.42,291.34,8.32,55.08,19.93,10.98,8.95,6.92,11.08,1183.02,0.8,2.2,36.0
2015-05-23 17:40:00,12332400.0,991.02,17.38,291.29,8.36,55.37,19.88,11.01,8.87,6.94,11.11,1183.25,0.8,2.6,256.5
2015-05-23 17:50:00,12333000.0,991.04,17.24,291.15,8.45,56.19,19.7,11.07,8.63,6.98,11.17,1183.82,0.89,2.0,226.0
2015-05-23 18:00:00,12333600.0,990.98,17.12,291.03,8.57,57.08,19.56,11.16,8.39,7.04,11.26,1184.2,0.88,1.92,212.6
2015-05-23 18:10:00,12334200.0,990.97,17.01,290.92,8.65,57.79,19.42,11.22,8.2,7.07,11.32,1184.61,0.88,1.4,185.9
2015-05-23 18:20:00,12334800.0,991.08,17.04,290.94,8.76,58.13,19.46,11.31,8.15,7.13,11.41,1184.58,0.7,1.46,189.3
2015-05-23 18:30:00,12335400.0,991.13,17.0,290.9,8.91,58.86,19.41,11.42,7.98,7.2,11.53,1184.75,0.56,1.48,201.3
2015-05-23 18:40:00,12336000.0,991.2,16.91,290.8,9.07,59.84,19.3,11.55,7.75,7.28,11.65,1185.14,1.3,3.34,67.88
2015-05-23 18:50:00,12336600.0,991.22,16.71,290.6,9.18,61.04,19.05,11.63,7.42,7.33,11.73,1185.95,1.01,2.28,17.82
2015-05-23 19:00:00,12337200.0,991.29,16.58,290.47,9.18,61.58,18.9,11.64,7.26,7.33,11.74,1186.56,1.14,3.28,2.04
2015-05-23 19:10:00,12337800.0,991.31,16.52,290.4,9.2,61.87,18.82,11.65,7.18,7.34,11.75,1186.83,1.0,2.92,359.6
2015-05-23 19:20:00,12338400.0,991.33,16.46,290.34,9.22,62.21,18.75,11.67,7.09,7.35,11.77,1187.09,0.74,2.44,358.4
2015-05-23 19:30:00,12339000.0,991.34,16.4,290.28,9.26,62.62,18.68,11.7,6.98,7.37,11.8,1187.33,0.78,1.92,14.41
2015-05-23 19:40:00,12339600.0,991.34,16.34,290.22,9.31,63.07,18.61,11.74,6.87,7.4,11.84,1187.56,0.81,2.1,41.71
2015-05-23 19:50:00,12340200.0,991.43,16.22,290.09,9.36,63.77,18.47,11.78,6.69,7.42,11.88,1188.14,1.05,2.92,199.2
2015-05-23 20:00:00,12340800.0,991.46,16.04,289.91,9.41,64.74,18.26,11.82,6.44,7.45,11.92,1188.9,2.45,5.2,21.57
2015-05-23 20:10:00,12341400.0,991.56,15.88,289.74,9.51,65.81,18.07,11.89,6.18,7.49,11.99,1189.64,2.37,4.68,20.53
2015-05-23 20:20:00,12342000.0,991.7,15.71,289.56,9.71,67.46,17.88,12.06,5.82,7.6,12.16,1190.44,2.77,5.36,21.77
2015-05-23 20:30:00,12342600.0,991.77,15.56,289.4,9.95,69.2,17.7,12.25,5.45,7.72,12.35,1191.05,3.65,5.32,20.57
2015-05-23 20:40:00,12343200.0,991.89,15.43,289.26,10.08,70.4,17.56,12.36,5.2,7.79,12.46,1191.68,3.25,4.92,17.88
2015-05-23 20:50:00,12343800.0,992.06,15.3,289.12,10.17,71.4,17.41,12.43,4.98,7.83,12.53,1192.39,2.29,4.28,14.06
2015-05-23 21:00:00,12344400.0,992.21,15.14,288.95,10.2,72.3,17.23,12.46,4.77,7.85,12.56,1193.22,2.37,3.8,10.13
2015-05-23 21:10:00,12345000.0,992.31,15.01,288.81,10.22,73.0,17.09,12.48,4.61,7.86,12.57,1193.87,2.26,3.96,17.85
2015-05-23 21:20:00,12345600.0,992.4,14.9,288.69,10.15,73.2,16.97,12.42,4.55,7.82,12.52,1194.46,2.37,3.88,15.28
2015-05-23 21:30:00,12346200.0,992.53,14.8,288.58,10.14,73.6,16.86,12.41,4.45,7.81,12.5,1195.04,2.31,4.04,14.88
2015-05-23 21:40:00,12346800.0,992.55,14.67,288.45,10.19,74.5,16.72,12.46,4.26,7.84,12.55,1195.58,2.05,3.76,14.23
2015-05-23 21:50:00,12347400.0,992.59,14.51,288.28,10.22,75.4,16.55,12.48,4.07,7.86,12.57,1196.29,2.53,4.89,10.89
2015-05-23 22:00:00,12348000.0,992.59,14.37,288.14,10.22,76.1,16.4,12.48,3.92,7.86,12.57,1196.87,2.92,5.69,15.5
2015-05-23 22:10:00,12348600.0,992.64,14.24,288.01,10.21,76.7,16.26,12.47,3.79,7.85,12.56,1197.47,2.13,4.36,18.51
2015-05-23 22:20:00,12349200.0,992.67,14.04,287.8,10.19,77.6,16.05,12.46,3.6,7.84,12.55,1198.35,2.14,3.56,16.23
2015-05-23 22:30:00,12349800.0,992.69,13.86,287.62,10.19,78.5,15.86,12.45,3.41,7.84,12.54,1199.13,1.98,4.0,10.73
2015-05-23 22:40:00,12350400.0,992.78,13.71,287.47,10.2,79.3,15.71,12.46,3.25,7.84,12.55,1199.86,2.62,4.24,18.49
2015-05-23 22:50:00,12351000.0,992.8,13.54,287.29,9.98,79.0,15.54,12.27,3.26,7.73,12.36,1200.68,4.47,6.97,21.11
2015-05-23 23:00:00,12351600.0,992.79,13.38,287.13,9.78,78.8,15.38,12.12,3.26,7.63,12.2,1201.41,3.93,6.53,18.49
2015-05-23 23:10:00,12352200.0,992.82,13.26,287.01,9.82,79.6,15.26,12.14,3.11,7.64,12.23,1201.94,2.97,5.81,15.36
2015-05-23 23:20:00,12352800.0,992.91,13.17,286.91,9.86,80.3,15.17,12.18,2.99,7.66,12.27,1202.41,2.66,4.24,12.62
2015-05-23 23:30:00,12353400.0,992.93,13.09,286.83,9.84,80.6,15.09,12.16,2.93,7.65,12.25,1202.78,3.72,5.77,16.94
2015-05-23 23:40:00,12354000.0,992.95,13.01,286.75,9.72,80.4,15.01,12.07,2.94,7.59,12.15,1203.19,3.66,6.21,17.42
2015-05-23 23:50:00,12354600.0,992.97,12.91,286.65,9.55,80.0,14.91,11.93,2.98,7.51,12.01,1203.69,3.96,5.89,20.12
2015-05-24 00:00:00,12355200.0,992.92,12.85,286.59,9.49,80.0,14.85,11.88,2.97,7.48,11.97,1203.91,3.78,5.69,22.72
2015-05-24 00:10:00,12355800.0,992.96,12.77,286.51,9.45,80.2,14.77,11.85,2.93,7.46,11.93,1204.31,4.11,5.49,24.33
2015-05-24 00:20:00,12356400.0,993.04,12.7,286.43,9.42,80.4,14.71,11.82,2.88,7.44,11.91,1204.71,1.97,4.0,18.33
2015-05-24 00:30:00,12357000.0,992.99,12.64,286.38,9.4,80.6,14.65,11.81,2.84,7.43,11.89,1204.91,1.88,4.44,19.56
2015-05-24 00:40:00,12357600.0,993.05,12.6,286.33,9.41,80.9,14.61,11.82,2.79,7.44,11.9,1205.15,1.19,2.2,18.12
2015-05-24 00:50:00,12358200.0,993.12,12.58,286.3,9.43,81.1,14.59,11.83,2.76,7.44,11.91,1205.31,0.96,2.04,20.11
2015-05-24 01:00:00,12358800.0,993.13,12.55,286.27,9.4,81.1,14.56,11.81,2.75,7.43,11.89,1205.46,1.17,2.4,356.8
2015-05-24 01:10:00,12359400.0,993.15,12.51,286.23,9.42,81.4,14.52,11.82,2.7,7.44,11.9,1205.64,1.05,1.88,4.67
2015-05-24 01:20:00,12360000.0,993.07,12.46,286.19,9.44,81.8,14.48,11.84,2.63,7.45,11.92,1205.75,0.99,1.8,4.82
2015-05-24 01:30:00,12360600.0,993.03,12.44,286.17,9.5,82.2,14.46,11.88,2.57,7.48,11.97,1205.76,1.02,1.84,22.24
2015-05-24 01:40:00,12361200.0,992.94,12.37,286.11,9.57,83.0,14.39,11.94,2.45,7.52,12.03,1205.93,1.46,2.52,26.12
2015-05-24 01:50:00,12361800.0,992.93,12.31,286.05,9.58,83.4,14.33,11.95,2.38,7.52,12.04,1206.16,1.01,1.88,16.73
2015-05-24 02:00:00,12362400.0,992.92,12.24,285.98,9.55,83.6,14.27,11.93,2.34,7.51,12.01,1206.46,1.1,2.36,12.15
2015-05-24 02:10:00,12363000.0,992.83,12.19,285.94,9.54,83.8,14.22,11.92,2.3,7.5,12.0,1206.57,1.47,2.86,10.89
2015-05-24 02:20:00,12363600.0,992.8,12.13,285.88,9.5,83.9,14.16,11.88,2.28,7.48,11.97,1206.8,1.49,2.68,11.05
2015-05-24 02:30:00,12364200.0,992.83,12.11,285.86,9.51,84.1,14.15,11.9,2.25,7.49,11.98,1206.91,1.58,2.56,13.83
2015-05-24 02:40:00,12364800.0,992.81,12.06,285.81,9.52,84.4,14.1,11.9,2.2,7.49,11.99,1207.1,1.8,2.44,7.91
2015-05-24 02:50:00,12365400.0,992.81,12.01,285.76,9.48,84.5,14.05,11.87,2.18,7.47,11.96,1207.32,1.79,2.92,17.05
2015-05-24 03:00:00,12366000.0,992.81,11.97,285.72,9.41,84.3,14.02,11.82,2.2,7.44,11.9,1207.52,1.89,3.2,15.72
2015-05-24 03:10:00,12366600.0,992.78,11.92,285.67,9.27,83.8,13.97,11.71,2.26,7.37,11.79,1207.74,2.22,3.36,21.45
2015-05-24 03:20:00,12367200.0,992.67,11.85,285.61,9.03,82.8,13.91,11.51,2.39,7.25,11.6,1208.0,3.95,5.25,22.33
2015-05-24 03:30:00,12367800.0,992.61,11.79,285.56,8.91,82.5,13.85,11.43,2.42,7.19,11.51,1208.22,4.16,5.97,25.37
2015-05-24 03:40:00,12368400.0,992.61,11.73,285.5,8.87,82.6,13.8,11.4,2.4,7.17,11.48,1208.49,3.39,4.28,26.81
2015-05-24 03:50:00,12369000.0,992.67,11.7,285.46,8.88,82.8,13.77,11.4,2.37,7.17,11.48,1208.68,2.25,3.14,37.04
2015-05-24 04:00:00,12369600.0,992.68,11.66,285.42,8.95,83.4,13.73,11.45,2.28,7.21,11.54,1208.84,1.77,2.88,31.3
2015-05-24 04:10:00,12370200.0,992.75,11.56,285.31,8.81,83.2,13.64,11.35,2.29,7.14,11.43,1209.4,1.86,2.68,25.27
2015-05-24 04:20:00,12370800.0,992.79,11.47,285.22,8.57,82.3,13.56,11.16,2.4,7.02,11.24,1209.92,1.87,3.0,23.65
2015-05-24 04:30:00,12371400.0,992.69,11.41,285.17,8.36,81.5,13.51,11.01,2.5,6.93,11.09,1210.12,2.45,3.8,20.14
2015-05-24 04:40:00,12372000.0,992.73,11.36,285.11,8.22,81.0,13.46,10.9,2.56,6.86,10.98,1210.43,3.18,4.24,28.61
2015-05-24 04:50:00,12372600.0,992.81,11.32,285.07,8.22,81.2,13.43,10.9,2.52,6.86,10.98,1210.7,2.48,3.6,21.91
2015-05-24 05:00:00,12373200.0,992.88,11.26,285.0,8.15,81.1,13.37,10.85,2.53,6.82,10.92,1211.07,1.91,3.12,29.39
2015-05-24 05:10:00,12373800.0,992.92,11.21,284.95,8.13,81.3,13.33,10.84,2.49,6.82,10.91,1211.33,2.25,3.52,40.66
2015-05-24 05:20:00,12374400.0,992.98,11.08,284.81,8.02,81.4,13.21,10.76,2.46,6.77,10.83,1212.0,2.13,3.32,47.36
2015-05-24 05:30:00,12375000.0,993.06,11.03,284.76,7.92,81.1,13.17,10.68,2.49,6.72,10.76,1212.35,2.01,2.72,44.56
2015-05-24 05:40:00,12375600.0,993.16,11.0,284.72,7.89,81.1,13.14,10.66,2.48,6.7,10.73,1212.6,1.79,2.52,28.58
2015-05-24 05:50:00,12376200.0,993.17,11.0,284.72,7.87,81.0,13.14,10.65,2.5,6.69,10.72,1212.62,1.87,3.04,26.76
2015-05-24 06:00:00,12376800.0,993.19,11.13,284.85,7.93,80.6,13.26,10.69,2.57,6.72,10.76,1212.07,1.52,2.72,44.71
2015-05-24 06:10:00,12377400.0,993.17,11.13,284.85,7.98,80.9,13.26,10.73,2.53,6.74,10.8,1212.03,2.0,2.72,25.58
2015-05-24 06:20:00,12378000.0,993.16,11.11,284.83,7.98,81.0,13.24,10.72,2.52,6.74,10.8,1212.11,2.23,2.88,22.78
2015-05-24 06:30:00,12378600.0,993.26,11.23,284.94,8.04,80.7,13.35,10.77,2.58,6.77,10.84,1211.69,1.47,2.04,29.66
2015-05-24 06:40:00,12379200.0,993.31,11.32,285.03,8.06,80.3,13.43,10.78,2.64,6.78,10.85,1211.37,1.49,2.2,36.3
2015-05-24 06:50:00,12379800.0,993.41,11.45,285.15,8.13,80.0,13.54,10.83,2.71,6.81,10.91,1210.92,1.67,2.6,46.78
2015-05-24 07:00:00,12380400.0,993.42,11.56,285.26,8.2,79.8,13.64,10.89,2.76,6.84,10.96,1210.43,1.72,2.72,31.59
2015-05-24 07:10:00,12381000.0,993.42,11.54,285.24,8.25,80.2,13.62,10.93,2.7,6.87,11.0,1210.49,1.88,2.28,35.57
2015-05-24 07:20:00,12381600.0,993.42,11.63,285.33,8.34,80.2,13.7,10.99,2.71,6.91,11.06,1210.09,1.31,2.08,32.96
2015-05-24 07:30:00,12382200.0,993.48,11.79,285.48,8.42,79.8,13.85,11.05,2.8,6.95,11.13,1209.46,1.64,2.58,45.75
2015-05-24 07:40:00,12382800.0,993.53,11.97,285.66,8.58,79.7,14.02,11.17,2.85,7.02,11.24,1208.7,1.93,2.96,37.44
2015-05-24 07:50:00,12383400.0,993.54,12.04,285.73,8.61,79.5,14.08,11.19,2.89,7.04,11.27,1208.39,2.2,3.4,28.43
2015-05-24 08:00:00,12384000.0,993.54,12.22,285.91,8.69,79.0,14.25,11.26,2.99,7.08,11.33,1207.61,1.44,3.54,67.31
2015-05-24 08:10:00,12384600.0,993.54,12.43,286.12,8.78,78.4,14.45,11.33,3.12,7.12,11.4,1206.69,1.51,2.16,52.18
2015-05-24 08:20:00,12385200.0,993.57,12.42,286.11,8.79,78.5,14.44,11.33,3.1,7.13,11.41,1206.76,1.57,2.36,49.27
2015-05-24 08:30:00,12385800.0,993.66,12.54,286.22,8.87,78.3,14.55,11.39,3.16,7.16,11.47,1206.34,1.36,3.0,25.74
2015-05-24 08:40:00,12386400.0,993.64,12.61,286.29,8.92,78.2,14.62,11.43,3.19,7.19,11.51,1206.0,1.65,2.52,14.37
2015-05-24 08:50:00,12387000.0,993.64,12.8,286.48,8.99,77.6,14.8,11.49,3.32,7.22,11.56,1205.17,1.71,3.36,33.31
2015-05-24 09:00:00,12387600.0,993.66,13.22,286.9,9.05,75.8,15.22,11.53,3.68,7.25,11.61,1203.41,1.66,3.3,35.52
2015-05-24 09:10:00,12388200.0,993.66,13.49,287.17,9.12,74.8,15.49,11.58,3.9,7.28,11.66,1202.26,1.01,2.64,25.35
2015-05-24 09:20:00,12388800.0,993.6,13.65,287.34,9.23,74.6,15.65,11.67,3.97,7.34,11.75,1201.47,1.75,2.96,43.19
2015-05-24 09:30:00,12389400.0,993.55,13.84,287.53,9.23,73.7,15.84,11.68,4.17,7.34,11.75,1200.61,1.56,3.36,56.06
2015-05-24 09:40:00,12390000.0,993.54,14.06,287.75,9.3,73.0,16.07,11.73,4.34,7.38,11.81,1199.66,0.87,2.32,350.4
2015-05-24 09:50:00,12390600.0,993.51,14.35,288.05,9.42,72.2,16.38,11.82,4.55,7.44,11.9,1198.37,1.38,3.08,51.92
2015-05-24 10:00:00,12391200.0,993.37,14.59,288.3,9.55,71.7,16.63,11.93,4.71,7.5,12.01,1197.15,1.56,3.12,42.52
2015-05-24 10:10:00,12391800.0,993.34,14.77,288.48,9.55,70.9,16.83,11.93,4.9,7.5,12.01,1196.36,1.49,3.24,119.9
2015-05-24 10:20:00,12392400.0,993.22,15.95,289.67,9.81,66.89,18.15,12.14,6.01,7.64,12.22,1191.24,1.08,3.08,123.9
2015-05-24 10:30:00,12393000.0,993.18,15.57,289.3,9.68,67.94,17.72,12.04,5.68,7.57,12.12,1192.81,1.65,2.72,66.0
2015-05-24 10:40:00,12393600.0,993.18,15.64,289.37,9.54,66.96,17.8,11.92,5.88,7.5,12.0,1192.57,1.53,2.76,108.7
2015-05-24 10:50:00,12394200.0,993.17,15.39,289.12,9.45,67.65,17.51,11.85,5.67,7.45,11.93,1193.62,1.67,2.84,171.1
2015-05-24 11:00:00,12394800.0,993.11,15.1,288.83,9.46,68.96,17.19,11.85,5.34,7.46,11.94,1194.75,1.41,2.68,54.13
2015-05-24 11:10:00,12395400.0,993.09,14.99,288.72,9.31,68.75,17.07,11.73,5.33,7.38,11.82,1195.24,1.16,2.32,37.49
2015-05-24 11:20:00,12396000.0,993.04,15.21,288.95,9.33,67.9,17.31,11.75,5.56,7.4,11.84,1194.26,0.7,1.52,46.29
2015-05-24 11:30:00,12396600.0,993.04,15.36,289.1,9.41,67.61,17.48,11.82,5.66,7.44,11.9,1193.61,1.43,2.68,93.3
2015-05-24 11:40:00,12397200.0,993.04,15.27,289.01,9.41,68.0,17.38,11.82,5.56,7.44,11.9,1193.98,2.05,3.12,61.93
2015-05-24 11:50:00,12397800.0,992.98,15.27,289.01,9.42,68.03,17.38,11.82,5.56,7.44,11.91,1193.91,1.52,2.8,38.39
2015-05-24 12:00:00,12398400.0,992.92,15.62,289.37,9.49,66.85,17.77,11.88,5.89,7.48,11.97,1192.36,1.68,2.96,133.2
2015-05-24 12:10:00,12399000.0,992.94,15.69,289.44,9.39,66.11,17.85,11.8,6.05,7.43,11.89,1192.13,1.73,2.56,144.8
2015-05-24 12:20:00,12399600.0,992.92,15.66,289.41,9.31,65.86,17.82,11.74,6.08,7.38,11.82,1192.26,1.7,2.72,114.2
2015-05-24 12:30:00,12400200.0,992.83,15.64,289.4,9.33,66.06,17.8,11.76,6.04,7.4,11.84,1192.23,1.37,2.98,76.4
2015-05-24 12:40:00,12400800.0,992.8,15.91,289.67,9.35,64.99,18.11,11.77,6.34,7.41,11.85,1191.07,1.91,3.28,124.2
2015-05-24 12:50:00,12401400.0,992.79,16.2,289.96,9.32,63.67,18.44,11.74,6.7,7.39,11.83,1189.88,1.18,2.12,106.4
2015-05-24 13:00:00,12402000.0,992.67,16.49,290.26,9.47,63.14,18.79,11.86,6.93,7.47,11.95,1188.49,1.95,3.48,159.3
2015-05-24 13:10:00,12402600.0,992.51,16.94,290.72,9.56,61.72,19.33,11.93,7.4,7.51,12.02,1186.42,1.75,3.68,165.7
2015-05-24 13:20:00,12403200.0,992.39,17.22,291.02,9.68,61.14,19.68,12.03,7.65,7.58,12.12,1185.08,1.97,3.68,122.5
2015-05-24 13:30:00,12403800.0,992.29,17.53,291.33,9.76,60.27,20.07,12.1,7.97,7.62,12.19,1183.67,1.57,3.0,168.5
2015-05-24 13:40:00,12404400.0,992.17,17.85,291.67,9.9,59.63,20.48,12.21,8.27,7.69,12.31,1182.17,1.71,4.32,101.6
2015-05-24 13:50:00,12405000.0,992.06,17.29,291.11,9.74,61.13,19.77,12.08,7.68,7.61,12.18,1184.38,2.56,4.56,46.3
2015-05-24 14:00:00,12405600.0,991.94,17.16,290.99,9.83,62.0,19.6,12.15,7.45,7.66,12.25,1184.73,3.0,4.6,32.83
2015-05-24 14:10:00,12406200.0,991.9,17.24,291.08,9.68,61.08,19.7,12.04,7.67,7.58,12.13,1184.41,2.47,4.8,42.43
2015-05-24 14:20:00,12406800.0,991.81,16.96,290.8,9.58,61.76,19.36,11.96,7.4,7.53,12.05,1185.49,2.88,5.46,37.71
2015-05-24 14:30:00,12407400.0,991.72,17.23,291.08,9.65,60.99,19.69,12.01,7.68,7.57,12.11,1184.25,2.1,3.1,29.04
2015-05-24 14:40:00,12408000.0,991.59,17.85,291.71,9.5,58.06,20.48,11.89,8.59,7.49,11.99,1181.63,3.05,4.72,41.17
2015-05-24 14:50:00,12408600.0,991.54,17.44,291.31,9.31,58.8,19.95,11.73,8.22,7.39,11.83,1183.3,1.93,3.54,39.08
2015-05-24 15:00:00,12409200.0,991.52,17.77,291.64,9.29,57.52,20.37,11.72,8.66,7.38,11.82,1181.94,0.88,2.28,99.4
2015-05-24 15:10:00,12409800.0,991.47,18.22,292.09,9.31,55.98,20.96,11.73,9.23,7.39,11.83,1180.05,0.92,2.0,345.0
2015-05-24 15:20:00,12410400.0,991.4,18.15,292.03,9.17,55.72,20.87,11.63,9.24,7.33,11.73,1180.3,1.56,2.54,10.81
2015-05-24 15:30:00,12411000.0,991.28,18.93,292.82,9.32,53.61,21.91,11.75,10.17,7.4,11.85,1176.95,0.96,2.44,43.83
2015-05-24 15:40:00,12411600.0,991.19,18.69,292.59,9.18,53.91,21.59,11.64,9.95,7.34,11.74,1177.86,1.84,3.0,98.1
2015-05-24 15:50:00,12412200.0,991.08,18.76,292.67,9.08,53.31,21.68,11.56,10.12,7.29,11.66,1177.48,2.09,3.4,72.4
2015-05-24 16:00:00,12412800.0,990.96,19.4,293.32,9.07,51.17,22.56,11.55,11.02,7.28,11.65,1174.77,0.62,1.36,143.0
2015-05-24 16:10:00,12413400.0,990.85,19.25,293.18,8.98,51.35,22.35,11.48,10.88,7.24,11.58,1175.27,0.97,2.0,89.7
2015-05-24 16:20:00,12414000.0,990.83,18.73,292.66,8.93,52.87,21.64,11.44,10.2,7.21,11.55,1177.36,1.38,2.32,352.7
2015-05-24 16:30:00,12414600.0,990.82,18.49,292.42,8.92,53.63,21.32,11.43,9.89,7.21,11.54,1178.32,1.55,2.4,28.56
2015-05-24 16:40:00,12415200.0,990.73,18.72,292.66,9.05,53.33,21.63,11.53,10.09,7.27,11.64,1177.24,0.54,1.28,21.58
2015-05-24 16:50:00,12415800.0,990.67,19.0,292.94,9.09,52.54,22.01,11.56,10.45,7.29,11.67,1176.03,1.24,2.6,148.0
2015-05-24 17:00:00,12416400.0,990.56,19.03,292.98,9.04,52.25,22.05,11.52,10.53,7.27,11.63,1175.79,0.79,1.36,197.1
2015-05-24 17:10:00,12417000.0,990.4,19.04,293.01,8.97,51.99,22.06,11.47,10.59,7.24,11.58,1175.58,0.88,1.72,113.9
2015-05-24 17:20:00,12417600.0,990.35,18.98,292.95,9.09,52.62,21.98,11.57,10.41,7.3,11.68,1175.72,2.12,3.56,56.43
2015-05-24 17:30:00,12418200.0,990.33,18.58,292.55,8.92,53.33,21.44,11.43,10.01,7.21,11.54,1177.37,1.83,3.48,44.0
2015-05-24 17:40:00,12418800.0,990.32,18.56,292.53,9.09,54.02,21.41,11.57,9.84,7.3,11.68,1177.38,1.2,1.92,35.07
2015-05-24 17:50:00,12419400.0,990.33,18.52,292.49,8.96,53.68,21.36,11.46,9.89,7.23,11.58,1177.6,1.6,2.2,67.1
2015-05-24 18:00:00,12420000.0,990.23,18.46,292.44,8.97,53.89,21.28,11.47,9.81,7.23,11.58,1177.72,1.11,2.62,49.24
2015-05-24 18:10:00,12420600.0,990.2,18.5,292.48,9.34,55.12,21.33,11.76,9.57,7.42,11.87,1177.39,1.49,2.64,48.59
2015-05-24 18:20:00,12421200.0,990.12,18.32,292.31,9.25,55.42,21.09,11.69,9.4,7.38,11.81,1178.05,2.03,2.9,40.8
2015-05-24 18:30:00,12421800.0,990.07,18.17,292.16,9.34,56.28,20.89,11.76,9.13,7.42,11.88,1178.57,2.04,2.94,39.92
2015-05-24 18:40:00,12422400.0,989.98,18.15,292.15,9.4,56.58,20.87,11.81,9.06,7.45,11.93,1178.52,1.43,2.32,57.8
2015-05-24 18:50:00,12423000.0,989.99,18.05,292.05,9.27,56.44,20.74,11.7,9.03,7.39,11.82,1178.98,1.23,1.88,41.38
2015-05-24 19:00:00,12423600.0,990.0,17.93,291.93,9.23,56.73,20.58,11.68,8.91,7.37,11.79,1179.5,1.58,2.16,34.37
2015-05-24 19:10:00,12424200.0,989.98,17.73,291.73,9.29,57.67,20.32,11.72,8.6,7.4,11.84,1180.26,2.06,2.8,31.37
2015-05-24 19:20:00,12424800.0,989.97,17.57,291.57,9.49,59.04,20.12,11.88,8.24,7.5,12.0,1180.83,1.37,2.08,25.86
2015-05-24 19:30:00,12425400.0,989.96,17.46,291.46,9.52,59.58,19.98,11.9,8.08,7.51,12.02,1181.25,1.74,2.12,32.94
2015-05-24 19:40:00,12426000.0,989.87,17.36,291.37,9.51,59.9,19.85,11.89,7.96,7.51,12.01,1181.56,1.51,2.0,22.71
2015-05-24 19:50:00,12426600.0,989.85,17.15,291.16,9.52,60.76,19.59,11.9,7.69,7.51,12.03,1182.38,0.54,1.64,11.36
2015-05-24 20:00:00,12427200.0,989.86,16.92,290.93,9.52,61.65,19.31,11.9,7.4,7.51,12.03,1183.33,0.23,0.6,20.89
2015-05-24 20:10:00,12427800.0,989.88,16.69,290.69,9.6,62.89,19.03,11.97,7.06,7.55,12.09,1184.26,0.68,1.1,25.87
2015-05-24 20:20:00,12428400.0,989.98,16.51,290.51,9.65,63.84,18.81,12.01,6.8,7.58,12.13,1185.1,0.63,0.92,15.41
2015-05-24 20:30:00,12429000.0,990.09,16.27,290.26,9.72,65.14,18.53,12.07,6.46,7.62,12.19,1186.19,0.53,1.16,41.43
2015-05-24 20:40:00,12429600.0,990.09,16.09,290.08,9.78,66.12,18.32,12.11,6.21,7.64,12.23,1186.91,0.22,0.62,28.24
2015-05-24 20:50:00,12430200.0,990.1,15.98,289.96,9.84,66.88,18.19,12.16,6.02,7.68,12.28,1187.35,0.2,0.36,218.6
2015-05-24 21:00:00,12430800.0,990.11,15.82,289.8,9.71,66.97,18.0,12.06,5.95,7.61,12.18,1188.07,0.26,0.52,252.0
2015-05-24 21:10:00,12431400.0,990.13,15.87,289.85,9.63,66.4,18.06,11.99,6.07,7.57,12.11,1187.91,0.76,1.52,226.7
2015-05-24 21:20:00,12432000.0,990.12,15.82,289.8,9.56,66.3,18.0,11.94,6.07,7.53,12.05,1188.13,0.94,1.54,201.7
2015-05-24 21:30:00,12432600.0,990.1,15.6,289.58,9.57,67.28,17.75,11.94,5.81,7.54,12.06,1189.01,1.19,2.0,200.7
2015-05-24 21:40:00,12433200.0,990.02,15.43,289.42,9.55,67.94,17.56,11.93,5.63,7.53,12.05,1189.62,0.95,1.6,197.7
2015-05-24 21:50:00,12433800.0,989.99,15.2,289.19,9.5,68.73,17.3,11.89,5.41,7.5,12.01,1190.55,1.14,1.44,206.4
2015-05-24 22:00:00,12434400.0,990.01,15.02,289.01,9.5,69.53,17.1,11.89,5.21,7.5,12.01,1191.32,1.22,1.88,218.5
2015-05-24 22:10:00,12435000.0,990.03,14.86,288.85,9.47,70.1,16.92,11.86,5.06,7.49,11.98,1192.02,1.67,2.24,216.6
2015-05-24 22:20:00,12435600.0,990.02,14.68,288.67,9.45,70.8,16.73,11.84,4.88,7.48,11.96,1192.76,1.4,2.0,213.0
2015-05-24 22:30:00,12436200.0,990.01,14.55,288.54,9.43,71.3,16.59,11.83,4.76,7.47,11.95,1193.29,1.32,1.92,210.3
2015-05-24 22:40:00,12436800.0,989.94,14.44,288.43,9.42,71.8,16.47,11.83,4.65,7.46,11.95,1193.67,1.29,1.8,215.3
2015-05-24 22:50:00,12437400.0,989.93,14.3,288.29,9.41,72.4,16.32,11.82,4.51,7.46,11.94,1194.24,1.63,2.08,212.8
2015-05-24 23:00:00,12438000.0,989.89,14.14,288.14,9.42,73.2,16.15,11.83,4.33,7.46,11.95,1194.85,1.43,1.96,218.0
2015-05-24 23:10:00,12438600.0,989.85,14.05,288.05,9.42,73.6,16.06,11.82,4.24,7.46,11.94,1195.18,1.25,1.8,215.6
2015-05-24 23:20:00,12439200.0,989.81,13.9,287.9,9.41,74.3,15.9,11.82,4.09,7.46,11.94,1195.76,1.33,1.76,205.1
2015-05-24 23:30:00,12439800.0,989.7,13.63,287.64,9.39,75.5,15.63,11.8,3.83,7.45,11.92,1196.76,0.93,1.44,207.9
2015-05-24 23:40:00,12440400.0,989.61,13.53,287.55,9.41,76.1,15.53,11.82,3.71,7.46,11.94,1197.06,1.22,1.8,214.9
2015-05-24 23:50:00,12441000.0,989.57,13.4,287.42,9.42,76.8,15.4,11.82,3.57,7.47,11.95,1197.55,1.48,2.16,210.2
2015-05-25 00:00:00,12441600.0,989.47,13.26,287.29,9.42,77.5,15.26,11.82,3.43,7.47,11.95,1198.01,1.72,2.68,208.8
2015-05-25 00:10:00,12442200.0,989.37,13.16,287.2,9.42,78.0,15.16,11.82,3.33,7.47,11.95,1198.31,1.58,2.44,195.6
2015-05-25 00:20:00,12442800.0,989.37,13.13,287.17,9.46,78.4,15.13,11.86,3.27,7.49,11.99,1198.42,1.15,2.28,194.7
2015-05-25 00:30:00,12443400.0,989.36,13.13,287.17,9.52,78.7,15.13,11.9,3.22,7.52,12.03,1198.39,0.64,1.64,194.5
2015-05-25 00:40:00,12444000.0,989.29,13.06,287.1,9.51,79.0,15.06,11.9,3.16,7.51,12.02,1198.6,0.52,1.28,206.2
2015-05-25 00:50:00,12444600.0,989.17,12.88,286.93,9.52,80.0,14.88,11.9,2.98,7.52,12.03,1199.2,1.09,1.74,205.7
2015-05-25 01:00:00,12445200.0,989.01,12.77,286.84,9.53,80.6,14.77,11.91,2.87,7.52,12.04,1199.47,1.21,1.86,214.8
2015-05-25 01:10:00,12445800.0,988.91,12.73,286.8,9.56,81.0,14.74,11.94,2.8,7.54,12.07,1199.5,1.01,1.44,223.3
2015-05-25 01:20:00,12446400.0,988.85,12.82,286.9,9.57,80.6,14.82,11.95,2.88,7.55,12.08,1199.05,0.81,1.54,201.3
2015-05-25 01:30:00,12447000.0,988.76,12.88,286.97,9.6,80.4,14.88,11.96,2.92,7.56,12.1,1198.68,0.62,1.44,194.7
2015-05-25 01:40:00,12447600.0,988.65,12.89,286.99,9.57,80.2,14.89,11.94,2.95,7.55,12.08,1198.51,0.94,1.48,183.6
2015-05-25 01:50:00,12448200.0,988.53,12.73,286.83,9.56,81.0,14.74,11.94,2.8,7.54,12.07,1199.04,1.27,1.92,208.4
2015-05-25 02:00:00,12448800.0,988.5,12.62,286.73,9.54,81.5,14.63,11.92,2.71,7.54,12.06,1199.47,1.34,1.84,193.5
2015-05-25 02:10:00,12449400.0,988.43,12.5,286.61,9.54,82.1,14.51,11.92,2.6,7.53,12.06,1199.89,1.43,2.4,192.4
2015-05-25 02:20:00,12450000.0,988.38,12.39,286.51,9.52,82.6,14.41,11.9,2.51,7.52,12.04,1200.3,1.46,2.28,211.2
2015-05-25 02:30:00,12450600.0,988.37,12.32,286.44,9.54,83.1,14.34,11.92,2.42,7.54,12.06,1200.57,1.45,2.2,196.9
2015-05-25 02:40:00,12451200.0,988.35,12.36,286.48,9.54,82.9,14.38,11.92,2.46,7.54,12.06,1200.38,1.39,2.0,194.8
2015-05-25 02:50:00,12451800.0,988.37,12.46,286.58,9.57,82.5,14.48,11.94,2.53,7.55,12.08,1199.97,1.44,2.04,201.2
2015-05-25 03:00:00,12452400.0,988.36,12.48,286.6,9.55,82.3,14.5,11.93,2.57,7.54,12.07,1199.88,0.86,1.48,219.8
2015-05-25 03:10:00,12453000.0,988.25,12.63,286.76,9.59,81.7,14.64,11.96,2.68,7.56,12.1,1199.1,1.02,1.82,213.5
2015-05-25 03:20:00,12453600.0,988.16,12.76,286.9,9.59,81.0,14.76,11.96,2.81,7.56,12.1,1198.45,0.56,1.08,207.5
2015-05-25 03:30:00,12454200.0,988.14,12.87,287.01,9.6,80.5,14.87,11.97,2.9,7.57,12.11,1197.96,0.84,1.52,211.3
2015-05-25 03:40:00,12454800.0,988.13,12.83,286.97,9.58,80.6,14.83,11.95,2.88,7.56,12.1,1198.12,1.33,1.96,216.9
2015-05-25 03:50:00,12455400.0,988.11,12.75,286.89,9.6,81.1,14.75,11.97,2.79,7.57,12.11,1198.43,1.05,1.96,220.3
2015-05-25 04:00:00,12456000.0,988.08,12.85,286.99,9.6,80.6,14.85,11.97,2.88,7.57,12.11,1197.97,1.35,1.84,201.5
2015-05-25 04:10:00,12456600.0,987.98,12.75,286.9,9.6,81.1,14.75,11.97,2.79,7.57,12.11,1198.27,1.23,1.96,196.2
2015-05-25 04:20:00,12457200.0,988.0,12.63,286.78,9.61,81.8,14.64,11.97,2.66,7.57,12.12,1198.79,1.39,2.12,185.5
2015-05-25 04:30:00,12457800.0,988.0,12.56,286.71,9.59,82.1,14.57,11.96,2.61,7.57,12.11,1199.09,1.28,2.4,193.0
2015-05-25 04:40:00,12458400.0,988.01,12.48,286.63,9.61,82.6,14.5,11.97,2.52,7.57,12.12,1199.44,0.97,1.88,197.3
2015-05-25 04:50:00,12459000.0,988.07,12.41,286.55,9.65,83.2,14.43,12.0,2.42,7.59,12.15,1199.79,1.01,1.68,161.1
2015-05-25 05:00:00,12459600.0,988.04,12.43,286.57,9.7,83.4,14.45,12.05,2.4,7.62,12.2,1199.65,1.05,1.76,135.2
2015-05-25 05:10:00,12460200.0,988.13,12.5,286.64,9.68,82.9,14.51,12.03,2.48,7.61,12.18,1199.47,1.14,2.2,209.5
2015-05-25 05:20:00,12460800.0,988.05,12.6,286.74,9.69,82.4,14.61,12.04,2.57,7.61,12.18,1198.95,0.85,1.58,200.1
2015-05-25 05:30:00,12461400.0,988.03,12.77,286.92,9.71,81.6,14.77,12.06,2.72,7.62,12.2,1198.21,0.88,1.76,177.0
2015-05-25 05:40:00,12462000.0,988.01,12.77,286.92,9.78,82.0,14.77,12.11,2.66,7.66,12.26,1198.15,0.96,2.52,157.3
2015-05-25 05:50:00,12462600.0,987.91,12.57,286.73,9.84,83.4,14.58,12.16,2.42,7.69,12.31,1198.85,1.29,2.12,154.0
2015-05-25 06:00:00,12463200.0,987.89,12.63,286.79,9.88,83.3,14.64,12.19,2.44,7.71,12.34,1198.56,0.95,2.0,144.6
2015-05-25 06:10:00,12463800.0,987.87,12.86,287.02,9.87,82.0,14.86,12.19,2.68,7.71,12.34,1197.57,0.45,0.92,185.8
2015-05-25 06:20:00,12464400.0,987.81,12.82,286.98,9.9,82.4,14.82,12.21,2.61,7.73,12.36,1197.66,0.92,1.92,185.4
2015-05-25 06:30:00,12465000.0,987.81,12.67,286.83,9.9,83.2,14.68,12.21,2.47,7.73,12.36,1198.29,1.41,2.08,201.9
2015-05-25 06:40:00,12465600.0,987.83,12.53,286.69,9.92,84.1,14.54,12.23,2.31,7.74,12.38,1198.89,1.21,1.92,204.6
2015-05-25 06:50:00,12466200.0,987.81,12.48,286.64,9.98,84.7,14.5,12.28,2.22,7.77,12.43,1199.05,0.57,1.2,223.0
2015-05-25 07:00:00,12466800.0,987.84,12.54,286.7,10.13,85.2,14.55,12.4,2.15,7.84,12.55,1198.78,1.11,1.68,138.0
2015-05-25 07:10:00,12467400.0,987.82,12.46,286.62,10.31,86.7,14.48,12.55,1.93,7.94,12.71,1199.02,1.22,2.72,129.8
2015-05-25 07:20:00,12468000.0,987.99,12.52,286.67,10.44,87.1,14.53,12.66,1.87,8.01,12.81,1198.93,1.21,3.0,161.6
2015-05-25 07:30:00,12468600.0,988.01,12.65,286.8,10.51,86.8,14.66,12.72,1.93,8.05,12.88,1198.38,0.49,0.9,181.3
2015-05-25 07:40:00,12469200.0,988.02,12.73,286.88,10.59,86.8,14.74,12.79,1.95,8.09,12.95,1198.02,0.67,1.08,157.9
2015-05-25 07:50:00,12469800.0,988.02,12.73,286.88,10.61,86.9,14.74,12.8,1.93,8.1,12.96,1198.02,1.12,1.88,150.3
2015-05-25 08:00:00,12470400.0,987.96,12.81,286.96,10.69,86.9,14.81,12.87,1.94,8.14,13.03,1197.58,1.07,1.88,172.8
2015-05-25 08:10:00,12471000.0,988.0,12.88,287.03,10.72,86.7,14.88,12.9,1.98,8.16,13.06,1197.32,1.3,1.68,175.3
2015-05-25 08:20:00,12471600.0,988.0,13.04,287.19,10.88,86.7,15.04,13.04,2.0,8.25,13.2,1196.59,1.09,2.2,169.3
2015-05-25 08:30:00,12472200.0,987.99,13.21,287.36,11.01,86.5,15.21,13.15,2.05,8.32,13.31,1195.81,0.94,1.68,187.6
2015-05-25 08:40:00,12472800.0,987.9,13.47,287.63,11.13,85.7,15.47,13.25,2.21,8.39,13.42,1194.57,0.64,1.24,188.4
2015-05-25 08:50:00,12473400.0,987.88,13.85,288.01,11.2,84.0,15.85,13.32,2.54,8.43,13.48,1192.94,1.14,2.16,150.8
2015-05-25 09:00:00,12474000.0,987.94,14.24,288.4,11.25,82.2,16.26,13.37,2.89,8.46,13.53,1191.37,1.17,2.2,154.0
2015-05-25 09:10:00,12474600.0,987.86,14.43,288.6,11.33,81.6,16.46,13.43,3.03,8.5,13.6,1190.45,1.91,2.88,152.4
2015-05-25 09:20:00,12475200.0,987.71,14.56,288.74,11.42,81.4,16.6,13.51,3.09,8.55,13.68,1189.7,1.15,1.96,183.4
2015-05-25 09:30:00,12475800.0,987.66,14.95,289.13,11.48,79.7,17.02,13.57,3.46,8.59,13.74,1188.0,1.0,2.2,162.3
2015-05-25 09:40:00,12476400.0,987.53,15.52,289.72,11.51,77.0,17.66,13.6,4.06,8.61,13.77,1185.48,1.26,2.12,165.9
2015-05-25 09:50:00,12477000.0,987.51,15.74,289.94,11.31,74.9,17.91,13.41,4.5,8.49,13.58,1184.64,1.65,2.36,187.3
2015-05-25 10:00:00,12477600.0,987.4,16.04,290.25,10.62,70.2,18.26,12.82,5.44,8.11,12.98,1183.55,2.24,3.96,224.6
2015-05-25 10:10:00,12478200.0,987.29,16.26,290.48,11.0,71.0,18.51,13.15,5.37,8.32,13.31,1182.37,2.0,3.04,30.81
2015-05-25 10:20:00,12478800.0,987.22,15.83,290.06,11.25,74.2,18.01,13.37,4.65,8.46,13.54,1183.94,1.74,2.72,20.26
2015-05-25 10:30:00,12479400.0,987.21,15.77,290.0,10.78,72.2,17.94,12.96,4.99,8.2,13.12,1184.37,1.26,2.6,81.4
2015-05-25 10:40:00,12480000.0,987.19,15.79,290.02,11.5,75.6,17.97,13.58,4.38,8.6,13.76,1183.97,1.23,2.44,166.0
2015-05-25 10:50:00,12480600.0,987.11,15.96,290.19,11.21,73.4,18.16,13.33,4.83,8.44,13.51,1183.3,1.0,2.1,185.2
2015-05-25 11:00:00,12481200.0,987.04,15.96,290.2,10.14,68.3,18.16,12.41,5.76,7.86,12.57,1183.63,1.12,2.28,241.9
2015-05-25 11:10:00,12481800.0,987.05,16.15,290.39,9.13,63.06,18.39,11.59,6.79,7.34,11.75,1183.24,1.85,2.7,235.6
2015-05-25 11:20:00,12482400.0,986.97,16.15,290.4,8.95,62.31,18.39,11.46,6.93,7.25,11.61,1183.2,1.21,2.28,248.0
2015-05-25 11:30:00,12483000.0,986.93,16.13,290.38,9.0,62.61,18.36,11.5,6.87,7.28,11.65,1183.22,1.42,2.2,206.2
2015-05-25 11:40:00,12483600.0,986.87,16.07,290.33,9.03,62.94,18.29,11.51,6.78,7.29,11.67,1183.38,1.93,2.92,202.9
2015-05-25 11:50:00,12484200.0,986.78,16.03,290.29,9.14,63.58,18.25,11.6,6.64,7.34,11.76,1183.4,1.97,2.68,213.0
2015-05-25 12:00:00,12484800.0,986.69,16.11,290.38,9.35,64.19,18.34,11.77,6.57,7.45,11.93,1182.89,1.66,2.66,223.4
2015-05-25 12:10:00,12485400.0,986.6,16.07,290.35,9.74,66.05,18.29,12.08,6.21,7.65,12.25,1182.8,2.5,4.12,185.4
2015-05-25 12:20:00,12486000.0,986.65,15.92,290.19,9.96,67.68,18.12,12.26,5.86,7.77,12.43,1183.39,2.74,3.92,200.1
2015-05-25 12:30:00,12486600.0,986.6,15.9,290.18,10.2,68.85,18.09,12.46,5.64,7.89,12.63,1183.32,2.65,4.12,201.2
2015-05-25 12:40:00,12487200.0,986.53,15.85,290.13,10.38,69.94,18.04,12.61,5.42,7.99,12.79,1183.37,2.63,4.24,208.3
2015-05-25 12:50:00,12487800.0,986.44,15.74,290.03,10.73,72.1,17.91,12.91,5.0,8.18,13.09,1183.58,2.98,4.96,207.0
2015-05-25 13:00:00,12488400.0,986.36,15.6,289.9,10.85,73.3,17.75,13.01,4.74,8.25,13.19,1184.01,2.29,3.68,211.9
2015-05-25 13:10:00,12489000.0,986.21,15.71,290.02,11.18,74.4,17.88,13.3,4.58,8.43,13.49,1183.25,2.19,3.2,183.9
2015-05-25 13:20:00,12489600.0,986.17,15.85,290.16,10.92,72.5,18.04,13.08,4.96,8.29,13.26,1182.73,2.82,4.08,186.4
2015-05-25 13:30:00,12490200.0,986.1,16.25,290.57,11.33,72.6,18.5,13.43,5.07,8.52,13.62,1180.85,2.29,3.64,185.3
2015-05-25 13:40:00,12490800.0,986.1,16.61,290.93,11.06,69.68,18.93,13.19,5.74,8.36,13.38,1179.49,3.12,4.28,185.0
2015-05-25 13:50:00,12491400.0,986.06,16.37,290.69,10.78,69.45,18.65,12.95,5.7,8.21,13.13,1180.53,3.59,4.78,193.1
2015-05-25 14:00:00,12492000.0,985.98,16.55,290.88,10.03,65.32,18.86,12.32,6.54,7.81,12.49,1179.99,2.63,3.6,183.9
2015-05-25 14:10:00,12492600.0,985.88,16.74,291.08,10.58,66.93,19.09,12.78,6.31,8.1,12.96,1178.89,2.82,4.44,173.0
2015-05-25 14:20:00,12493200.0,985.8,16.66,291.01,10.47,66.78,18.99,12.68,6.31,8.04,12.87,1179.16,2.66,4.2,151.5
2015-05-25 14:30:00,12493800.0,985.69,16.67,291.03,10.22,65.64,19.0,12.47,6.53,7.91,12.66,1179.08,2.53,4.12,173.9
2015-05-25 14:40:00,12494400.0,985.64,16.85,291.21,10.27,65.11,19.22,12.52,6.71,7.94,12.7,1178.27,2.45,4.04,167.3
2015-05-25 14:50:00,12495000.0,985.56,16.79,291.16,10.38,65.87,19.15,12.61,6.54,8.0,12.8,1178.37,3.57,4.84,148.9
2015-05-25 15:00:00,12495600.0,985.55,16.63,291.0,10.46,66.89,18.96,12.68,6.28,8.04,12.87,1178.98,3.03,5.04,145.2
2015-05-25 15:10:00,12496200.0,985.56,16.62,290.99,10.31,66.26,18.94,12.55,6.39,7.96,12.74,1179.09,2.94,5.08,156.1
2015-05-25 15:20:00,12496800.0,985.55,16.82,291.19,10.18,64.87,19.19,12.45,6.74,7.89,12.63,1178.31,2.3,3.8,156.3
2015-05-25 15:30:00,12497400.0,985.48,16.71,291.09,9.75,63.46,19.05,12.09,6.96,7.67,12.27,1178.84,2.91,4.84,140.6
2015-05-25 15:40:00,12498000.0,985.53,16.21,290.58,9.39,63.93,18.46,11.8,6.66,7.48,11.97,1181.07,1.97,4.04,221.2
2015-05-25 15:50:00,12498600.0,985.67,15.91,290.27,9.03,63.61,18.11,11.52,6.59,7.3,11.68,1182.59,1.68,4.16,275.9
2015-05-25 16:00:00,12499200.0,985.63,15.48,289.84,9.02,65.33,17.61,11.51,6.11,7.29,11.67,1184.31,3.22,5.0,250.0
2015-05-25 16:10:00,12499800.0,985.64,15.07,289.42,9.21,67.95,17.16,11.66,5.5,7.39,11.83,1185.94,3.23,4.6,259.1
2015-05-25 16:20:00,12500400.0,985.61,14.87,289.23,9.36,69.55,16.94,11.78,5.16,7.47,11.95,1186.67,2.37,4.26,258.1
2015-05-25 16:30:00,12501000.0,985.58,14.71,289.07,9.22,69.59,16.76,11.66,5.1,7.39,11.84,1187.35,2.56,4.24,257.6
2015-05-25 16:40:00,12501600.0,985.62,14.52,288.87,9.07,69.73,16.56,11.55,5.01,7.32,11.71,1188.23,2.13,3.46,257.2
2015-05-25 16:50:00,12502200.0,985.67,14.34,288.69,8.8,69.26,16.37,11.33,5.03,7.18,11.5,1189.13,1.95,3.98,255.9
2015-05-25 17:00:00,12502800.0,985.68,14.18,288.53,8.86,70.3,16.2,11.39,4.81,7.22,11.55,1189.78,1.73,3.0,244.0
2015-05-25 17:10:00,12503400.0,985.67,13.99,288.34,9.03,72.0,16.0,11.52,4.48,7.3,11.69,1190.5,1.63,3.0,245.6
2015-05-25 17:20:00,12504000.0,985.7,13.9,288.24,9.09,72.7,15.9,11.56,4.34,7.33,11.73,1190.89,1.95,2.78,241.4
2015-05-25 17:30:00,12504600.0,985.72,13.88,288.22,9.29,73.8,15.88,11.72,4.16,7.43,11.89,1190.92,1.97,2.54,244.4
2015-05-25 17:40:00,12505200.0,985.73,13.86,288.2,9.71,76.0,15.86,12.06,3.81,7.64,12.23,1190.86,0.94,1.88,274.7
2015-05-25 17:50:00,12505800.0,985.75,13.9,288.24,10.0,77.3,15.9,12.29,3.61,7.79,12.47,1190.61,1.27,2.16,77.0
2015-05-25 18:00:00,12506400.0,985.76,13.96,288.3,10.21,78.1,15.97,12.47,3.5,7.91,12.65,1190.3,0.52,1.28,18.04
2015-05-25 18:10:00,12507000.0,985.7,14.09,288.44,10.17,77.2,16.1,12.43,3.67,7.88,12.61,1189.7,0.67,1.52,52.01
2015-05-25 18:20:00,12507600.0,985.7,14.03,288.38,9.93,76.3,16.04,12.24,3.8,7.76,12.42,1190.04,0.9,1.32,85.8
2015-05-25 18:30:00,12508200.0,985.68,14.08,288.43,10.39,78.4,16.09,12.62,3.48,8.0,12.8,1189.63,1.13,1.8,139.9
2015-05-25 18:40:00,12508800.0,985.61,14.09,288.44,10.18,77.3,16.1,12.45,3.66,7.89,12.63,1189.59,0.79,1.6,165.4
2015-05-25 18:50:00,12509400.0,985.64,14.05,288.4,10.6,79.7,16.06,12.8,3.26,8.12,12.99,1189.63,1.3,2.08,226.7
2015-05-25 19:00:00,12510000.0,985.75,13.86,288.2,10.62,80.8,15.86,12.82,3.05,8.13,13.0,1190.54,0.74,1.28,333.0
2015-05-25 19:10:00,12510600.0,985.84,13.93,288.26,10.64,80.5,15.94,12.83,3.11,8.13,13.01,1190.35,0.83,1.08,274.0
2015-05-25 19:20:00,12511200.0,985.86,13.88,288.21,10.57,80.4,15.88,12.77,3.11,8.1,12.95,1190.61,1.24,1.8,251.1
2015-05-25 19:30:00,12511800.0,985.8,13.72,288.06,10.34,80.0,15.72,12.58,3.14,7.97,12.76,1191.29,1.52,2.62,247.4
2015-05-25 19:40:00,12512400.0,985.83,13.45,287.78,10.22,80.8,15.45,12.48,2.97,7.91,12.66,1192.49,1.58,2.84,242.6
2015-05-25 19:50:00,12513000.0,985.92,13.21,287.53,10.27,82.3,15.21,12.51,2.69,7.93,12.69,1193.59,1.3,2.1,239.0
2015-05-25 20:00:00,12513600.0,985.92,13.05,287.37,10.29,83.3,15.05,12.53,2.51,7.95,12.71,1194.25,1.42,2.56,235.5
2015-05-25 20:10:00,12514200.0,986.01,12.93,287.25,10.26,83.8,14.93,12.51,2.42,7.93,12.69,1194.87,1.35,2.36,213.6
2015-05-25 20:20:00,12514800.0,986.18,12.87,287.17,10.31,84.4,14.87,12.55,2.32,7.95,12.73,1195.31,0.88,1.64,210.1
2015-05-25 20:30:00,12515400.0,986.37,12.86,287.14,10.41,85.0,14.86,12.63,2.23,8.0,12.81,1195.54,0.89,2.12,243.4
2015-05-25 20:40:00,12516000.0,986.44,12.86,287.14,10.48,85.4,14.86,12.69,2.17,8.04,12.87,1195.6,0.65,1.24,220.6
2015-05-25 20:50:00,12516600.0,986.54,12.85,287.12,10.48,85.5,14.85,12.7,2.15,8.05,12.87,1195.76,0.81,1.84,221.3
2015-05-25 21:00:00,12517200.0,986.62,12.8,287.06,10.47,85.7,14.8,12.69,2.12,8.04,12.86,1196.07,0.87,2.04,249.9
2015-05-25 21:10:00,12517800.0,986.65,12.77,287.03,10.49,86.0,14.77,12.71,2.07,8.05,12.88,1196.23,0.87,2.16,233.6
2015-05-25 21:20:00,12518400.0,986.66,12.59,286.85,10.51,87.1,14.6,12.72,1.88,8.06,12.89,1196.99,1.41,2.68,256.0
2015-05-25 21:30:00,12519000.0,986.79,12.47,286.72,10.51,87.8,14.49,12.72,1.77,8.06,12.89,1197.65,1.3,2.32,269.5
2015-05-25 21:40:00,12519600.0,986.82,12.35,286.6,10.46,88.2,14.37,12.68,1.7,8.03,12.85,1198.21,1.1,2.04,242.0
2015-05-25 21:50:00,12520200.0,986.78,12.23,286.48,10.32,88.1,14.26,12.56,1.7,7.96,12.73,1198.71,1.01,2.76,243.8
2015-05-25 22:00:00,12520800.0,986.79,12.18,286.43,10.15,87.4,14.21,12.42,1.79,7.87,12.59,1199.0,1.08,1.8,254.4
2015-05-25 22:10:00,12521400.0,986.9,11.91,286.15,10.24,89.5,13.96,12.49,1.47,7.91,12.66,1200.24,1.05,2.04,219.6
2015-05-25 22:20:00,12522000.0,986.91,11.52,285.75,10.07,90.8,13.61,12.35,1.25,7.82,12.52,1201.96,1.29,2.36,229.0
2015-05-25 22:30:00,12522600.0,986.95,11.3,285.53,9.94,91.3,13.41,12.24,1.17,7.75,12.4,1202.99,1.15,2.24,196.2
2015-05-25 22:40:00,12523200.0,987.0,11.18,285.41,9.87,91.6,13.3,12.18,1.12,7.71,12.34,1203.58,0.97,2.68,182.3
2015-05-25 22:50:00,12523800.0,987.03,11.18,285.4,9.95,92.1,13.3,12.25,1.05,7.76,12.41,1203.59,0.51,1.12,96.3
2015-05-25 23:00:00,12524400.0,987.05,11.15,285.37,9.85,91.7,13.28,12.17,1.1,7.71,12.33,1203.78,0.93,1.68,215.5
2015-05-25 23:10:00,12525000.0,987.11,11.11,285.33,9.76,91.4,13.24,12.1,1.14,7.66,12.26,1204.05,0.9,1.46,203.9
2015-05-25 23:20:00,12525600.0,987.15,11.12,285.33,9.68,90.8,13.25,12.03,1.22,7.62,12.19,1204.09,0.64,2.0,155.3
2015-05-25 23:30:00,12526200.0,987.2,11.11,285.32,9.6,90.4,13.24,11.97,1.27,7.58,12.12,1204.23,0.79,1.52,187.5
2015-05-25 23:40:00,12526800.0,987.27,11.0,285.2,9.41,89.9,13.14,11.82,1.33,7.48,11.97,1204.85,0.78,2.28,270.7
2015-05-25 23:50:00,12527400.0,987.24,10.93,285.14,9.26,89.4,13.08,11.7,1.39,7.4,11.85,1205.16,0.96,1.84,295.7
2015-05-26 00:00:00,12528000.0,987.22,10.83,285.04,9.26,90.0,13.0,11.7,1.3,7.4,11.85,1205.56,1.01,2.28,244.9
2015-05-26 00:10:00,12528600.0,987.17,10.71,284.92,9.26,90.7,12.89,11.69,1.2,7.4,11.84,1206.01,0.95,1.54,231.2
2015-05-26 00:20:00,12529200.0,987.15,10.62,284.83,9.22,91.0,12.81,11.66,1.15,7.38,11.81,1206.39,1.34,2.2,238.8
2015-05-26 00:30:00,12529800.0,987.14,10.53,284.74,9.11,90.9,12.74,11.58,1.16,7.33,11.73,1206.8,1.66,2.76,244.8
2015-05-26 00:40:00,12530400.0,987.07,10.45,284.67,8.9,90.1,12.67,11.42,1.25,7.23,11.57,1207.13,1.47,2.76,238.5
2015-05-26 00:50:00,12531000.0,987.14,10.35,284.56,8.5,88.3,12.59,11.11,1.47,7.03,11.26,1207.78,1.35,2.96,245.4
2015-05-26 01:00:00,12531600.0,987.12,10.24,284.45,8.3,87.7,12.49,10.96,1.54,6.93,11.1,1208.29,1.53,2.52,241.2
2015-05-26 01:10:00,12532200.0,987.15,10.07,284.28,8.09,87.5,12.35,10.81,1.54,6.84,10.95,1209.13,1.4,2.42,241.4
2015-05-26 01:20:00,12532800.0,987.18,9.94,284.15,7.66,85.7,12.24,10.49,1.75,6.64,10.63,1209.86,1.47,2.28,249.8
2015-05-26 01:30:00,12533400.0,987.27,9.75,283.95,7.65,86.7,12.09,10.48,1.61,6.63,10.62,1210.79,1.65,2.52,246.6
2015-05-26 01:40:00,12534000.0,987.31,9.54,283.73,7.67,88.1,11.92,10.5,1.42,6.64,10.64,1211.73,2.05,3.08,239.4
2015-05-26 01:50:00,12534600.0,987.41,9.33,283.52,7.37,87.5,11.75,10.28,1.47,6.5,10.41,1212.86,2.19,3.34,247.2
2015-05-26 02:00:00,12535200.0,987.43,9.19,283.37,6.94,85.8,11.64,9.99,1.65,6.32,10.12,1213.62,2.01,3.42,243.5
2015-05-26 02:10:00,12535800.0,987.5,8.97,283.15,6.59,85.0,11.47,9.75,1.72,6.16,9.87,1214.77,2.1,3.08,246.1
2015-05-26 02:20:00,12536400.0,987.51,8.76,282.94,6.39,85.0,11.31,9.61,1.7,6.08,9.73,1215.75,2.33,3.86,240.3
2015-05-26 02:30:00,12537000.0,987.52,8.73,282.9,6.15,83.8,11.28,9.46,1.83,5.98,9.58,1215.96,2.1,3.36,241.3
2015-05-26 02:40:00,12537600.0,987.6,8.69,282.86,6.09,83.7,11.25,9.42,1.83,5.95,9.54,1216.25,2.03,3.16,242.7
2015-05-26 02:50:00,12538200.0,987.64,8.75,282.91,5.93,82.4,11.3,9.31,1.99,5.89,9.43,1216.09,1.8,2.64,240.8
2015-05-26 03:00:00,12538800.0,987.72,8.59,282.75,5.89,83.1,11.18,9.29,1.89,5.87,9.4,1216.89,1.67,2.76,232.3
2015-05-26 03:10:00,12539400.0,987.82,8.48,282.63,5.82,83.3,11.09,9.24,1.85,5.84,9.36,1217.51,1.22,1.96,222.5
2015-05-26 03:20:00,12540000.0,987.79,8.19,282.34,5.91,85.5,10.88,9.3,1.58,5.88,9.42,1218.7,0.66,1.52,199.5
2015-05-26 03:30:00,12540600.0,987.84,7.93,282.08,5.82,86.5,10.69,9.24,1.44,5.84,9.36,1219.92,0.59,1.0,165.5
2015-05-26 03:40:00,12541200.0,987.89,7.81,281.95,5.77,86.9,10.6,9.21,1.39,5.82,9.32,1220.52,0.94,1.68,135.3
2015-05-26 03:50:00,12541800.0,988.0,7.72,281.85,5.68,86.9,10.53,9.15,1.38,5.78,9.27,1221.07,1.07,2.24,133.3
2015-05-26 04:00:00,12542400.0,988.02,7.76,281.89,5.9,88.0,10.56,9.3,1.27,5.87,9.41,1220.86,1.0,1.72,101.4
2015-05-26 04:10:00,12543000.0,988.05,7.61,281.74,5.66,87.4,10.46,9.14,1.32,5.77,9.25,1221.62,0.94,1.64,143.0
2015-05-26 04:20:00,12543600.0,988.14,7.47,281.59,5.37,86.5,10.36,8.96,1.4,5.66,9.07,1222.43,1.0,2.04,106.1
2015-05-26 04:30:00,12544200.0,988.18,7.55,281.67,5.48,86.7,10.41,9.03,1.38,5.7,9.14,1222.09,1.17,2.16,97.3
2015-05-26 04:40:00,12544800.0,988.24,7.53,281.64,5.48,86.8,10.4,9.03,1.37,5.7,9.13,1222.26,0.6,1.22,57.66
2015-05-26 04:50:00,12545400.0,988.34,7.72,281.82,5.4,85.2,10.53,8.98,1.56,5.67,9.08,1221.58,0.8,1.52,102.0
2015-05-26 05:00:00,12546000.0,988.43,7.98,282.08,5.31,83.2,10.72,8.92,1.8,5.63,9.03,1220.58,0.87,1.68,99.9
2015-05-26 05:10:00,12546600.0,988.53,8.19,282.28,5.57,83.5,10.88,9.08,1.79,5.74,9.19,1219.72,0.59,0.96,81.5
2015-05-26 05:20:00,12547200.0,988.61,8.3,282.38,5.76,84.0,10.96,9.21,1.75,5.81,9.31,1219.29,0.54,1.06,76.0
2015-05-26 05:30:00,12547800.0,988.63,9.01,283.09,5.97,81.2,11.5,9.34,2.16,5.9,9.45,1216.18,0.33,0.72,89.7
2015-05-26 05:40:00,12548400.0,988.64,9.33,283.41,5.85,78.8,11.75,9.26,2.49,5.85,9.37,1214.85,0.68,1.12,189.7
2015-05-26 05:50:00,12549000.0,988.66,9.73,283.81,5.68,75.8,12.07,9.15,2.92,5.78,9.26,1213.21,0.57,1.08,213.5
2015-05-26 06:00:00,12549600.0,988.84,10.16,284.23,6.04,75.5,12.43,9.38,3.04,5.92,9.49,1211.48,0.76,1.3,157.1
2015-05-26 06:10:00,12550200.0,988.95,10.96,285.02,6.28,72.8,13.11,9.54,3.57,6.02,9.65,1208.13,0.3,0.88,156.6
2015-05-26 06:20:00,12550800.0,989.0,11.19,285.25,5.88,69.72,13.31,9.28,4.03,5.86,9.38,1207.34,0.86,1.84,27.0
2015-05-26 06:30:00,12551400.0,989.07,10.53,284.58,5.17,69.37,12.74,8.84,3.9,5.58,8.93,1210.44,1.79,2.44,42.17
2015-05-26 06:40:00,12552000.0,989.12,10.53,284.58,5.08,68.9,12.74,8.78,3.96,5.54,8.87,1210.53,1.64,2.44,40.64
2015-05-26 06:50:00,12552600.0,989.12,10.91,284.96,5.07,67.13,13.06,8.77,4.29,5.53,8.87,1208.91,1.84,3.44,37.14
2015-05-26 07:00:00,12553200.0,989.21,11.17,285.21,4.88,65.1,13.29,8.65,4.64,5.46,8.75,1207.97,1.77,3.64,17.4
2015-05-26 07:10:00,12553800.0,989.33,11.01,285.04,4.74,65.17,13.15,8.57,4.58,5.41,8.66,1208.84,2.03,4.28,36.73
2015-05-26 07:20:00,12554400.0,989.4,10.98,285.01,4.97,66.38,13.13,8.71,4.41,5.5,8.81,1208.98,1.18,2.48,353.0
2015-05-26 07:30:00,12555000.0,989.52,11.03,285.05,5.23,67.36,13.17,8.87,4.3,5.6,8.96,1208.84,1.18,2.4,329.8
2015-05-26 07:40:00,12555600.0,989.57,11.48,285.49,5.6,67.1,13.57,9.1,4.46,5.74,9.2,1206.89,1.77,3.36,271.9
2015-05-26 07:50:00,12556200.0,989.6,11.13,285.14,4.45,63.33,13.26,8.4,4.86,5.29,8.48,1208.74,1.79,3.2,286.5
2015-05-26 08:00:00,12556800.0,989.7,10.82,284.82,4.83,66.44,12.99,8.63,4.36,5.44,8.72,1210.07,1.68,2.8,285.9
2015-05-26 08:10:00,12557400.0,989.82,10.89,284.88,4.8,65.95,13.05,8.6,4.44,5.43,8.69,1209.93,1.12,3.12,298.4
2015-05-26 08:20:00,12558000.0,989.87,11.33,285.32,4.89,64.48,13.43,8.66,4.77,5.46,8.75,1208.09,1.04,2.76,270.4
2015-05-26 08:30:00,12558600.0,989.92,11.31,285.3,4.85,64.4,13.42,8.64,4.78,5.45,8.73,1208.25,1.61,4.65,329.4
2015-05-26 08:40:00,12559200.0,989.93,11.46,285.45,5.33,65.9,13.55,8.93,4.62,5.63,9.02,1207.49,1.47,4.28,309.6
2015-05-26 08:50:00,12559800.0,989.94,11.41,285.39,5.67,67.74,13.51,9.15,4.36,5.77,9.24,1207.62,1.82,3.48,271.5
2015-05-26 09:00:00,12560400.0,990.04,11.49,285.47,5.89,68.4,13.58,9.29,4.29,5.86,9.38,1207.33,1.31,2.8,235.7
2015-05-26 09:10:00,12561000.0,990.1,11.55,285.52,5.81,67.77,13.63,9.24,4.39,5.82,9.33,1207.18,1.7,3.48,325.9
2015-05-26 09:20:00,12561600.0,990.15,11.72,285.69,5.76,66.76,13.79,9.2,4.58,5.8,9.3,1206.53,1.07,2.56,150.5
2015-05-26 09:30:00,12562200.0,990.18,11.85,285.82,5.27,63.98,13.91,8.9,5.01,5.61,8.98,1206.16,1.89,3.56,307.9
2015-05-26 09:40:00,12562800.0,990.27,11.69,285.65,4.97,63.33,13.76,8.71,5.05,5.49,8.8,1207.03,1.45,3.6,322.8
2015-05-26 09:50:00,12563400.0,990.37,11.76,285.71,5.32,64.59,13.82,8.93,4.89,5.63,9.02,1206.76,1.8,4.24,255.7
2015-05-26 10:00:00,12564000.0,990.4,11.88,285.83,4.99,62.61,13.93,8.72,5.21,5.5,8.81,1206.38,1.7,4.0,12.22
2015-05-26 10:10:00,12564600.0,990.44,12.26,286.21,5.2,61.94,14.29,8.85,5.44,5.58,8.93,1204.77,1.8,4.81,311.1
2015-05-26 10:20:00,12565200.0,990.47,11.99,285.93,4.36,59.48,14.03,8.35,5.69,5.26,8.43,1206.18,2.31,3.96,293.3
2015-05-26 10:30:00,12565800.0,990.48,12.02,285.96,4.59,60.3,14.06,8.48,5.58,5.34,8.56,1206.0,1.09,3.08,286.4
2015-05-26 10:40:00,12566400.0,990.48,12.18,286.12,4.83,60.69,14.21,8.63,5.59,5.43,8.71,1205.26,1.32,3.08,329.3
2015-05-26 10:50:00,12567000.0,990.55,12.11,286.05,4.73,60.53,14.15,8.56,5.58,5.39,8.64,1205.67,1.6,3.64,298.9
2015-05-26 11:00:00,12567600.0,990.56,11.81,285.74,4.74,61.82,13.87,8.57,5.3,5.4,8.66,1206.94,1.65,2.96,282.1
2015-05-26 11:10:00,12568200.0,990.61,12.08,286.01,4.78,60.87,14.12,8.59,5.52,5.41,8.68,1205.85,1.81,3.4,291.5
2015-05-26 11:20:00,12568800.0,990.57,12.23,286.16,4.68,59.85,14.26,8.53,5.72,5.38,8.61,1205.2,1.83,4.52,285.3
2015-05-26 11:30:00,12569400.0,990.56,12.8,286.74,4.51,56.98,14.8,8.43,6.37,5.31,8.52,1202.83,2.31,4.89,275.3
2015-05-26 11:40:00,12570000.0,990.57,13.09,287.03,3.93,53.66,15.09,8.1,6.99,5.1,8.17,1201.78,1.89,3.2,312.8
2015-05-26 11:50:00,12570600.0,990.59,13.26,287.2,4.03,53.44,15.26,8.15,7.1,5.13,8.23,1201.06,1.81,3.48,286.0
2015-05-26 12:00:00,12571200.0,990.57,13.04,286.98,3.89,53.68,15.04,8.07,6.97,5.08,8.15,1202.0,2.7,4.85,342.8
2015-05-26 12:10:00,12571800.0,990.67,12.9,286.83,4.32,55.86,14.9,8.32,6.58,5.24,8.4,1202.59,1.81,3.7,287.9
2015-05-26 12:20:00,12572400.0,990.79,12.73,286.65,4.4,56.81,14.74,8.37,6.36,5.27,8.45,1203.43,2.09,4.64,279.5
2015-05-26 12:30:00,12573000.0,990.99,12.18,286.08,4.99,61.36,14.21,8.72,5.49,5.49,8.8,1205.84,2.81,5.72,280.7
2015-05-26 12:40:00,12573600.0,991.16,10.91,284.79,5.64,69.87,13.06,9.13,3.94,5.75,9.21,1211.25,2.96,6.41,266.3
2015-05-26 12:50:00,12574200.0,991.26,10.26,284.13,5.59,72.7,12.51,9.09,3.42,5.73,9.17,1214.16,2.96,4.68,280.3
2015-05-26 13:00:00,12574800.0,991.31,10.07,283.94,5.8,74.7,12.35,9.23,3.12,5.81,9.31,1214.98,1.93,4.12,271.2
2015-05-26 13:10:00,12575400.0,991.31,10.27,284.14,5.66,73.0,12.52,9.14,3.38,5.75,9.22,1214.16,1.22,2.52,266.6
2015-05-26 13:20:00,12576000.0,991.32,10.58,284.45,5.47,70.6,12.78,9.02,3.76,5.68,9.1,1212.9,1.37,2.6,248.7
2015-05-26 13:30:00,12576600.0,991.28,10.86,284.73,5.2,68.0,13.02,8.85,4.17,5.57,8.93,1211.73,1.5,2.88,260.9
2015-05-26 13:40:00,12577200.0,991.25,11.04,284.92,4.65,64.63,13.18,8.52,4.66,5.36,8.59,1211.09,1.88,3.48,257.4
2015-05-26 13:50:00,12577800.0,991.31,11.38,285.25,4.27,61.54,13.48,8.3,5.18,5.22,8.37,1209.82,1.36,3.18,279.0
2015-05-26 14:00:00,12578400.0,991.23,11.78,285.66,4.21,59.66,13.84,8.26,5.58,5.2,8.33,1208.04,1.18,2.24,348.8
2015-05-26 14:10:00,12579000.0,991.17,12.2,286.08,4.15,57.77,14.23,8.22,6.01,5.18,8.29,1206.2,1.48,2.88,353.9
2015-05-26 14:20:00,12579600.0,991.18,12.77,286.66,4.3,56.26,14.77,8.31,6.46,5.23,8.39,1203.77,2.27,4.65,328.9
2015-05-26 14:30:00,12580200.0,991.2,12.92,286.8,4.66,57.12,14.92,8.52,6.4,5.37,8.6,1203.06,1.92,3.2,290.0
2015-05-26 14:40:00,12580800.0,991.24,12.74,286.62,4.52,57.25,14.74,8.44,6.3,5.31,8.52,1203.91,1.76,3.88,298.5
2015-05-26 14:50:00,12581400.0,991.39,12.41,286.28,4.54,58.58,14.43,8.45,5.98,5.32,8.53,1205.48,1.72,4.24,294.2
2015-05-26 15:00:00,12582000.0,991.64,11.45,285.29,5.59,67.15,13.54,9.09,4.45,5.72,9.17,1209.55,2.27,3.96,265.5
2015-05-26 15:10:00,12582600.0,991.65,10.5,284.34,5.84,72.8,12.71,9.25,3.46,5.83,9.33,1213.54,1.56,2.8,250.5
2015-05-26 15:20:00,12583200.0,991.59,10.4,284.25,6.27,75.5,12.63,9.53,3.09,6.0,9.61,1213.77,1.45,2.16,241.5
2015-05-26 15:30:00,12583800.0,991.58,10.5,284.35,6.67,77.1,12.71,9.8,2.91,6.17,9.88,1213.2,1.61,1.96,228.9
2015-05-26 15:40:00,12584400.0,991.51,10.98,284.83,7.06,76.7,13.13,10.07,3.06,6.34,10.15,1210.94,0.92,1.88,214.8
2015-05-26 15:50:00,12585000.0,991.4,12.0,285.87,7.28,72.8,14.04,10.22,3.82,6.44,10.31,1206.4,0.76,2.24,201.5
2015-05-26 16:00:00,12585600.0,991.41,12.74,286.61,5.39,60.83,14.74,8.97,5.78,5.65,9.05,1203.87,1.33,3.14,324.9
2015-05-26 16:10:00,12586200.0,991.45,13.06,286.92,4.14,54.59,15.06,8.22,6.84,5.17,8.29,1202.92,1.79,4.36,300.8
2015-05-26 16:20:00,12586800.0,991.46,12.92,286.78,3.51,52.69,14.92,7.86,7.06,4.95,7.93,1203.69,1.5,2.92,260.3
2015-05-26 16:30:00,12587400.0,991.45,13.14,287.0,3.79,52.98,15.14,8.02,7.12,5.05,8.09,1202.68,1.14,4.4,232.5
2015-05-26 16:40:00,12588000.0,991.45,13.33,287.19,3.83,52.47,15.33,8.04,7.28,5.06,8.11,1201.87,1.36,3.44,302.8
2015-05-26 16:50:00,12588600.0,991.47,13.15,287.01,3.91,53.38,15.15,8.08,7.06,5.09,8.15,1202.63,1.62,4.16,312.7
2015-05-26 17:00:00,12589200.0,991.47,13.07,286.93,4.07,54.26,15.07,8.18,6.89,5.14,8.25,1202.92,1.24,3.48,302.9
2015-05-26 17:10:00,12589800.0,991.45,13.08,286.94,4.19,54.69,15.08,8.25,6.83,5.19,8.32,1202.82,1.42,2.96,289.3
2015-05-26 17:20:00,12590400.0,991.53,13.1,286.96,4.1,54.28,15.1,8.19,6.9,5.16,8.26,1202.86,1.14,2.76,284.6
2015-05-26 17:30:00,12591000.0,991.57,13.04,286.89,4.24,55.03,15.04,8.28,6.76,5.21,8.35,1203.12,1.26,1.92,287.9
2015-05-26 17:40:00,12591600.0,991.66,12.85,286.7,4.29,55.93,14.85,8.31,6.55,5.23,8.38,1204.02,1.05,1.84,283.2
2015-05-26 17:50:00,12592200.0,991.73,12.72,286.56,4.46,57.08,14.73,8.41,6.32,5.29,8.48,1204.61,0.72,1.72,277.6
2015-05-26 18:00:00,12592800.0,991.81,12.59,286.42,4.58,58.04,14.6,8.47,6.13,5.33,8.54,1205.22,0.68,1.32,260.2
2015-05-26 18:10:00,12593400.0,991.9,12.41,286.24,4.53,58.53,14.43,8.44,5.98,5.31,8.51,1206.1,0.94,1.92,255.6
2015-05-26 18:20:00,12594000.0,991.99,12.22,286.04,4.31,58.36,14.25,8.32,5.93,5.23,8.38,1207.08,1.18,2.32,269.1
2015-05-26 18:30:00,12594600.0,992.12,12.13,285.94,4.03,57.56,14.16,8.15,6.01,5.13,8.22,1207.69,1.11,2.4,267.3
2015-05-26 18:40:00,12595200.0,992.18,12.1,285.9,3.98,57.46,14.14,8.12,6.01,5.11,8.19,1207.9,1.29,2.88,277.9
2015-05-26 18:50:00,12595800.0,992.27,11.97,285.76,3.97,57.92,14.02,8.12,5.9,5.1,8.18,1208.57,1.34,3.4,301.3
2015-05-26 19:00:00,12596400.0,992.33,11.77,285.56,4.01,58.87,13.83,8.14,5.69,5.12,8.21,1209.48,1.45,3.3,278.9
2015-05-26 19:10:00,12597000.0,992.44,11.55,285.33,4.1,60.13,13.63,8.2,5.44,5.15,8.26,1210.52,1.42,2.68,261.3
2015-05-26 19:20:00,12597600.0,992.55,11.35,285.12,4.23,61.48,13.45,8.27,5.18,5.2,8.33,1211.47,1.42,2.76,247.0
2015-05-26 19:30:00,12598200.0,992.68,11.17,284.93,4.29,62.47,13.29,8.3,4.99,5.22,8.37,1212.38,1.35,2.14,248.5
2015-05-26 19:40:00,12598800.0,992.8,11.03,284.78,4.34,63.28,13.17,8.33,4.84,5.24,8.39,1213.11,1.26,2.0,247.8
2015-05-26 19:50:00,12599400.0,992.8,10.94,284.69,4.31,63.54,13.09,8.32,4.77,5.23,8.38,1213.51,1.27,2.2,249.6
2015-05-26 20:00:00,12600000.0,992.84,10.88,284.62,4.3,63.73,13.04,8.31,4.73,5.22,8.37,1213.82,1.14,2.56,253.5
2015-05-26 20:10:00,12600600.0,992.93,10.85,284.59,4.36,64.14,13.01,8.35,4.67,5.25,8.41,1214.04,1.48,3.18,253.9
2015-05-26 20:20:00,12601200.0,993.02,10.76,284.49,4.37,64.59,12.93,8.35,4.58,5.25,8.41,1214.53,1.54,2.68,254.0
2015-05-26 20:30:00,12601800.0,993.17,10.68,284.4,4.33,64.74,12.87,8.33,4.54,5.23,8.39,1215.06,1.82,3.84,254.3
2015-05-26 20:40:00,12602400.0,993.26,10.65,284.36,4.31,64.75,12.84,8.31,4.53,5.22,8.37,1215.31,1.8,3.8,267.3
2015-05-26 20:50:00,12603000.0,993.32,10.55,284.25,4.4,65.63,12.75,8.37,4.38,5.26,8.43,1215.79,1.48,2.6,246.6
2015-05-26 21:00:00,12603600.0,993.39,10.42,284.12,4.54,66.84,12.64,8.45,4.19,5.31,8.51,1216.39,1.82,3.52,266.5
2015-05-26 21:10:00,12604200.0,993.41,10.3,284.0,4.68,68.05,12.54,8.54,4.01,5.36,8.59,1216.9,1.94,3.58,249.1
2015-05-26 21:20:00,12604800.0,993.51,10.15,283.84,4.68,68.73,12.42,8.53,3.88,5.36,8.59,1217.66,2.56,3.88,253.1
2015-05-26 21:30:00,12605400.0,993.54,10.08,283.77,4.56,68.49,12.36,8.47,3.89,5.32,8.52,1218.03,2.74,4.77,251.1
2015-05-26 21:40:00,12606000.0,993.54,9.98,283.67,4.54,68.86,12.28,8.45,3.82,5.31,8.51,1218.47,2.86,4.75,250.3
2015-05-26 21:50:00,12606600.0,993.59,9.87,283.55,4.48,69.07,12.19,8.42,3.77,5.29,8.47,1219.02,2.96,4.2,248.9
2015-05-26 22:00:00,12607200.0,993.66,9.77,283.45,4.46,69.45,12.11,8.41,3.7,5.28,8.46,1219.54,3.03,4.97,251.9
2015-05-26 22:10:00,12607800.0,993.63,9.65,283.33,4.48,70.1,12.01,8.42,3.59,5.29,8.47,1220.02,2.89,4.53,252.1
2015-05-26 22:20:00,12608400.0,993.64,9.58,283.26,4.56,70.8,11.95,8.46,3.49,5.31,8.52,1220.31,2.87,4.67,248.6
2015-05-26 22:30:00,12609000.0,993.66,9.53,283.2,4.63,71.4,11.91,8.5,3.41,5.34,8.56,1220.53,3.19,4.73,253.2
2015-05-26 22:40:00,12609600.0,993.74,9.47,283.14,4.71,72.1,11.86,8.55,3.31,5.37,8.61,1220.86,2.78,4.61,245.9
2015-05-26 22:50:00,12610200.0,993.83,9.41,283.07,4.73,72.5,11.82,8.57,3.25,5.38,8.62,1221.23,2.5,3.84,247.5
2015-05-26 23:00:00,12610800.0,993.91,9.39,283.04,4.75,72.7,11.8,8.58,3.22,5.39,8.63,1221.41,2.32,3.6,247.7
2015-05-26 23:10:00,12611400.0,993.91,9.32,282.97,4.74,73.0,11.74,8.57,3.17,5.38,8.63,1221.72,2.22,3.48,247.7
2015-05-26 23:20:00,12612000.0,993.98,9.26,282.91,4.76,73.4,11.7,8.59,3.11,5.39,8.64,1222.05,1.98,3.38,245.1
2015-05-26 23:30:00,12612600.0,994.1,9.19,282.83,4.83,74.1,11.64,8.63,3.02,5.42,8.68,1222.49,2.12,3.94,246.4
2015-05-26 23:40:00,12613200.0,994.08,9.14,282.78,4.9,74.7,11.6,8.67,2.94,5.44,8.72,1222.66,2.29,3.7,247.6
2015-05-26 23:50:00,12613800.0,994.09,9.17,282.81,4.98,75.0,11.63,8.72,2.91,5.47,8.77,1222.51,2.56,3.68,248.0
2015-05-27 00:00:00,12614400.0,994.17,9.19,282.82,5.02,75.1,11.64,8.74,2.9,5.49,8.79,1222.51,2.61,4.2,244.0
2015-05-27 00:10:00,12615000.0,994.15,9.14,282.77,5.03,75.4,11.6,8.75,2.85,5.49,8.8,1222.71,2.29,4.0,245.7
2015-05-27 00:20:00,12615600.0,994.19,9.13,282.76,5.1,75.8,11.59,8.79,2.81,5.52,8.84,1222.78,2.16,3.8,246.7
2015-05-27 00:30:00,12616200.0,994.26,9.13,282.76,5.14,76.0,11.59,8.81,2.78,5.53,8.86,1222.86,2.44,3.6,248.1
2015-05-27 00:40:00,12616800.0,994.28,9.13,282.75,5.14,76.0,11.59,8.81,2.78,5.53,8.86,1222.88,2.4,3.8,243.2
2015-05-27 00:50:00,12617400.0,994.27,9.12,282.74,5.18,76.3,11.59,8.84,2.75,5.55,8.89,1222.89,1.83,3.12,239.5
2015-05-27 01:00:00,12618000.0,994.31,9.06,282.68,5.2,76.7,11.54,8.85,2.69,5.56,8.9,1223.2,2.15,4.16,250.3
2015-05-27 01:10:00,12618600.0,994.33,9.06,282.68,5.22,76.8,11.54,8.86,2.68,5.56,8.91,1223.22,1.97,3.7,245.5
2015-05-27 01:20:00,12619200.0,994.4,9.06,282.67,5.22,76.8,11.54,8.86,2.68,5.56,8.91,1223.31,1.91,4.04,249.1
2015-05-27 01:30:00,12619800.0,994.49,9.0,282.61,5.2,77.0,11.49,8.85,2.64,5.55,8.9,1223.69,1.7,2.88,254.6
2015-05-27 01:40:00,12620400.0,994.5,8.97,282.58,5.11,76.7,11.47,8.8,2.67,5.52,8.85,1223.86,1.89,3.04,249.8
2015-05-27 01:50:00,12621000.0,994.56,8.91,282.51,5.09,76.9,11.42,8.78,2.64,5.51,8.83,1224.2,2.07,3.52,248.4
2015-05-27 02:00:00,12621600.0,994.65,8.86,282.45,5.06,77.0,11.38,8.77,2.62,5.5,8.81,1224.54,2.17,3.44,251.9
2015-05-27 02:10:00,12622200.0,994.66,8.82,282.41,5.08,77.3,11.35,8.78,2.58,5.51,8.82,1224.71,1.91,3.2,258.0
2015-05-27 02:20:00,12622800.0,994.64,8.75,282.34,4.97,77.1,11.3,8.71,2.59,5.47,8.76,1225.02,1.83,3.3,249.5
2015-05-27 02:30:00,12623400.0,994.64,8.73,282.32,4.82,76.4,11.28,8.62,2.66,5.41,8.67,1225.16,2.03,4.24,260.0
2015-05-27 02:40:00,12624000.0,994.61,8.65,282.25,4.78,76.6,11.22,8.6,2.63,5.39,8.64,1225.48,1.83,3.0,252.6
2015-05-27 02:50:00,12624600.0,994.55,8.44,282.04,4.67,77.1,11.06,8.53,2.53,5.35,8.58,1226.34,1.94,3.36,254.3
2015-05-27 03:00:00,12625200.0,994.52,8.19,281.79,4.58,77.9,10.88,8.47,2.4,5.32,8.52,1227.43,1.81,3.0,251.6
2015-05-27 03:10:00,12625800.0,994.53,7.99,281.59,4.53,78.7,10.73,8.45,2.29,5.3,8.49,1228.32,2.12,3.36,245.4
2015-05-27 03:20:00,12626400.0,994.59,7.93,281.53,4.45,78.6,10.69,8.4,2.29,5.27,8.45,1228.68,2.19,4.2,251.1
2015-05-27 03:30:00,12627000.0,994.74,7.92,281.5,4.42,78.5,10.68,8.38,2.3,5.26,8.43,1228.92,1.92,3.04,259.3
2015-05-27 03:40:00,12627600.0,994.84,7.86,281.44,4.46,79.0,10.64,8.4,2.23,5.27,8.45,1229.3,1.72,3.44,250.1
2015-05-27 03:50:00,12628200.0,994.89,7.84,281.41,4.45,79.1,10.62,8.4,2.22,5.27,8.44,1229.44,2.03,3.42,249.8
2015-05-27 04:00:00,12628800.0,994.85,7.9,281.48,4.51,79.1,10.67,8.44,2.23,5.29,8.48,1229.12,1.72,3.24,251.0
2015-05-27 04:10:00,12629400.0,994.87,8.04,281.61,4.74,79.6,10.77,8.57,2.2,5.38,8.62,1228.47,1.52,2.96,255.9
2015-05-27 04:20:00,12630000.0,994.9,8.12,281.69,4.89,80.0,10.83,8.66,2.17,5.43,8.71,1228.11,1.34,2.36,254.4
2015-05-27 04:30:00,12630600.0,994.92,8.13,281.7,4.97,80.4,10.83,8.71,2.12,5.46,8.75,1228.07,1.18,2.4,260.2
2015-05-27 04:40:00,12631200.0,994.98,8.08,281.64,5.08,81.3,10.8,8.78,2.02,5.51,8.82,1228.33,1.71,3.56,254.8
2015-05-27 04:50:00,12631800.0,995.14,7.99,281.54,5.11,82.0,10.73,8.8,1.93,5.52,8.84,1228.91,1.67,3.2,252.5
2015-05-27 05:00:00,12632400.0,995.23,7.99,281.53,5.11,82.0,10.73,8.8,1.93,5.52,8.84,1229.02,1.32,2.36,263.0
2015-05-27 05:10:00,12633000.0,995.29,7.99,281.53,5.03,81.5,10.73,8.75,1.99,5.48,8.79,1229.13,1.42,2.46,258.5
2015-05-27 05:20:00,12633600.0,995.42,8.0,281.53,5.0,81.3,10.74,8.73,2.01,5.47,8.77,1229.24,1.48,3.48,253.5
2015-05-27 05:30:00,12634200.0,995.51,8.06,281.58,4.9,80.4,10.78,8.67,2.11,5.43,8.71,1229.13,1.55,2.66,269.4
2015-05-27 05:40:00,12634800.0,995.59,8.1,281.62,4.87,80.0,10.81,8.65,2.16,5.42,8.69,1229.06,1.29,2.4,267.6
2015-05-27 05:50:00,12635400.0,995.63,8.15,281.66,4.95,80.2,10.85,8.7,2.15,5.45,8.74,1228.86,0.99,3.12,277.8
2015-05-27 06:00:00,12636000.0,995.72,8.24,281.75,5.09,80.5,10.92,8.79,2.13,5.51,8.82,1228.54,0.75,1.64,256.7
2015-05-27 06:10:00,12636600.0,995.73,8.25,281.76,5.07,80.3,10.92,8.77,2.15,5.5,8.81,1228.51,1.85,3.16,255.4
2015-05-27 06:20:00,12637200.0,995.76,8.25,281.75,4.98,79.8,10.92,8.72,2.21,5.46,8.75,1228.58,1.32,2.72,254.0
2015-05-27 06:30:00,12637800.0,995.78,8.37,281.87,4.95,79.0,11.01,8.7,2.31,5.45,8.74,1228.09,1.72,3.28,262.3
2015-05-27 06:40:00,12638400.0,995.83,8.45,281.95,4.9,78.3,11.07,8.67,2.4,5.43,8.71,1227.82,1.57,3.4,282.3
2015-05-27 06:50:00,12639000.0,995.82,8.76,282.26,4.95,76.9,11.31,8.7,2.61,5.45,8.73,1226.44,0.75,1.8,286.6
2015-05-27 07:00:00,12639600.0,995.83,8.99,282.49,4.56,73.7,11.49,8.46,3.02,5.3,8.5,1225.57,1.38,2.92,284.0
2015-05-27 07:10:00,12640200.0,995.86,9.14,282.63,4.29,71.6,11.6,8.31,3.3,5.2,8.34,1225.03,1.41,3.24,281.2
2015-05-27 07:20:00,12640800.0,995.86,9.42,282.92,3.8,67.88,11.82,8.03,3.8,5.03,8.06,1223.95,1.39,3.2,317.2
2015-05-27 07:30:00,12641400.0,995.88,9.53,283.02,3.34,65.19,11.91,7.77,4.15,4.86,7.8,1223.61,1.23,3.32,278.8
2015-05-27 07:40:00,12642000.0,995.93,9.6,283.09,2.9,62.9,11.97,7.53,4.44,4.71,7.56,1223.48,1.22,3.48,338.8
2015-05-27 07:50:00,12642600.0,995.93,10.14,283.63,2.73,59.93,12.41,7.44,4.97,4.66,7.47,1221.19,1.39,2.96,287.3
2015-05-27 08:00:00,12643200.0,995.91,10.39,283.88,2.3,57.15,12.62,7.21,5.41,4.52,7.24,1220.19,1.46,3.4,343.6
2015-05-27 08:10:00,12643800.0,995.89,10.37,283.86,2.19,56.76,12.6,7.15,5.45,4.48,7.18,1220.29,1.83,4.2,285.1
2015-05-27 08:20:00,12644400.0,995.99,10.31,283.8,2.48,58.21,12.55,7.31,5.25,4.58,7.34,1220.59,2.15,5.09,271.0
2015-05-27 08:30:00,12645000.0,996.01,10.09,283.57,2.31,58.36,12.37,7.22,5.15,4.52,7.25,1221.61,2.07,4.04,310.6
2015-05-27 08:40:00,12645600.0,996.01,10.27,283.75,2.53,58.55,12.52,7.33,5.19,4.59,7.36,1220.78,1.89,3.24,279.4
2015-05-27 08:50:00,12646200.0,996.01,10.52,284.0,2.46,57.29,12.73,7.29,5.44,4.57,7.32,1219.72,2.28,4.55,272.8
2015-05-27 09:00:00,12646800.0,996.04,10.72,284.2,2.38,56.23,12.9,7.25,5.65,4.54,7.28,1218.92,2.63,5.99,260.5
2015-05-27 09:10:00,12647400.0,996.13,10.81,284.29,2.79,57.56,12.98,7.47,5.51,4.68,7.5,1218.54,1.98,3.6,289.9
2015-05-27 09:20:00,12648000.0,996.17,10.68,284.15,3.1,59.35,12.87,7.64,5.23,4.78,7.67,1219.06,1.79,4.42,267.2
2015-05-27 09:30:00,12648600.0,996.23,10.83,284.3,3.27,59.46,13.0,7.73,5.27,4.84,7.76,1218.45,1.83,3.76,271.5
2015-05-27 09:40:00,12649200.0,996.26,10.52,283.98,3.44,61.44,12.73,7.82,4.91,4.9,7.85,1219.78,1.88,5.21,327.9
2015-05-27 09:50:00,12649800.0,996.23,10.75,284.22,3.61,61.24,12.93,7.92,5.01,4.96,7.95,1218.71,1.94,3.72,277.2
2015-05-27 10:00:00,12650400.0,996.14,10.96,284.43,3.88,61.55,13.11,8.07,5.04,5.05,8.1,1217.63,2.2,4.36,262.8
2015-05-27 10:10:00,12651000.0,996.09,11.01,284.49,3.9,61.43,13.15,8.08,5.07,5.06,8.11,1217.35,2.02,4.4,256.6
2015-05-27 10:20:00,12651600.0,996.06,10.9,284.38,3.79,61.39,13.06,8.02,5.04,5.02,8.05,1217.82,2.86,5.57,275.8
2015-05-27 10:30:00,12652200.0,996.0,10.51,284.0,3.71,62.68,12.72,7.97,4.75,4.99,8.01,1219.43,2.57,5.71,253.1
2015-05-27 10:40:00,12652800.0,995.89,10.82,284.31,3.94,62.41,12.99,8.11,4.88,5.08,8.14,1217.91,1.98,4.81,245.4
2015-05-27 10:50:00,12653400.0,995.85,11.52,285.02,4.02,59.88,13.61,8.15,5.46,5.1,8.18,1214.85,2.27,4.44,244.9
2015-05-27 11:00:00,12654000.0,995.87,11.42,284.92,3.76,59.21,13.52,8.0,5.51,5.01,8.04,1215.36,1.6,4.53,255.8
2015-05-27 11:10:00,12654600.0,995.77,11.55,285.06,3.93,59.38,13.63,8.09,5.54,5.07,8.13,1214.65,1.62,3.24,266.0
2015-05-27 11:20:00,12655200.0,995.84,11.48,284.98,3.59,58.27,13.57,7.91,5.66,4.95,7.94,1215.11,2.87,5.85,258.3
2015-05-27 11:30:00,12655800.0,995.84,11.08,284.58,3.71,60.32,13.21,7.97,5.24,4.99,8.0,1216.8,1.92,4.0,273.6
2015-05-27 11:40:00,12656400.0,995.85,11.03,284.53,3.86,61.2,13.17,8.06,5.11,5.05,8.09,1216.98,2.3,5.37,264.2
2015-05-27 11:50:00,12657000.0,995.75,11.5,285.01,3.91,59.49,13.59,8.08,5.5,5.06,8.12,1214.84,1.38,3.0,272.7
2015-05-27 12:00:00,12657600.0,995.71,11.86,285.37,4.0,58.47,13.91,8.14,5.78,5.1,8.17,1213.23,1.33,2.84,242.3
2015-05-27 12:10:00,12658200.0,995.73,11.35,284.86,3.95,60.28,13.45,8.11,5.34,5.08,8.14,1215.45,2.47,5.49,270.8
2015-05-27 12:20:00,12658800.0,995.7,11.23,284.74,4.0,60.97,13.35,8.14,5.21,5.1,8.17,1215.9,1.86,3.76,265.6
2015-05-27 12:30:00,12659400.0,995.64,11.8,285.32,4.15,59.34,13.86,8.22,5.64,5.15,8.26,1213.36,2.15,4.1,254.2
2015-05-27 12:40:00,12660000.0,995.65,12.21,285.73,4.12,57.61,14.24,8.2,6.04,5.14,8.24,1211.64,2.51,4.89,286.3
2015-05-27 12:50:00,12660600.0,995.69,12.15,285.66,4.04,57.52,14.18,8.16,6.03,5.11,8.19,1211.97,2.72,5.29,254.5
2015-05-27 13:00:00,12661200.0,995.7,12.17,285.68,3.98,57.21,14.2,8.13,6.08,5.09,8.16,1211.9,2.38,4.61,251.4
2015-05-27 13:10:00,12661800.0,995.58,12.62,286.14,4.26,56.64,14.63,8.29,6.34,5.19,8.32,1209.77,1.79,5.41,288.7
2015-05-27 13:20:00,12662400.0,995.55,12.27,285.79,4.23,57.84,14.3,8.27,6.03,5.18,8.31,1211.23,3.49,6.33,269.9
2015-05-27 13:30:00,12663000.0,995.59,11.8,285.32,4.35,60.17,13.86,8.34,5.52,5.23,8.38,1213.25,2.58,4.95,268.2
2015-05-27 13:40:00,12663600.0,995.52,11.69,285.22,4.22,60.07,13.76,8.27,5.49,5.18,8.3,1213.66,2.62,5.29,257.1
2015-05-27 13:50:00,12664200.0,995.49,12.24,285.77,4.15,57.64,14.27,8.22,6.04,5.15,8.26,1211.3,2.4,4.12,257.3
2015-05-27 14:00:00,12664800.0,995.48,12.39,285.92,4.19,57.23,14.41,8.25,6.16,5.17,8.28,1210.64,2.2,4.04,259.7
2015-05-27 14:10:00,12665400.0,995.4,12.52,286.06,4.09,56.36,14.53,8.19,6.34,5.13,8.23,1210.03,2.76,5.93,271.6
2015-05-27 14:20:00,12666000.0,995.35,12.61,286.15,4.34,57.01,14.62,8.33,6.28,5.22,8.37,1209.52,1.88,4.75,285.5
2015-05-27 14:30:00,12666600.0,995.3,12.53,286.08,4.16,56.58,14.54,8.23,6.31,5.16,8.27,1209.84,2.56,4.44,291.8
2015-05-27 14:40:00,12667200.0,995.25,12.27,285.82,3.99,56.86,14.3,8.13,6.17,5.1,8.17,1210.93,2.62,4.89,278.7
2015-05-27 14:50:00,12667800.0,995.28,12.14,285.69,4.08,57.75,14.17,8.19,5.99,5.13,8.22,1211.49,1.95,4.4,278.2
2015-05-27 15:00:00,12668400.0,995.29,12.03,285.58,4.18,58.57,14.07,8.24,5.83,5.17,8.28,1211.94,1.36,2.84,247.2
2015-05-27 15:10:00,12669000.0,995.28,12.0,285.55,4.26,59.0,14.04,8.29,5.76,5.19,8.33,1212.04,1.41,3.34,248.3
2015-05-27 15:20:00,12669600.0,995.32,12.16,285.7,3.92,57.01,14.19,8.09,6.1,5.07,8.13,1211.49,1.77,3.76,259.6
2015-05-27 15:30:00,12670200.0,995.38,12.3,285.84,3.8,56.02,14.32,8.02,6.3,5.03,8.06,1211.0,1.98,3.94,275.1
2015-05-27 15:40:00,12670800.0,995.26,12.34,285.89,3.86,56.08,14.36,8.05,6.31,5.05,8.09,1210.68,1.55,3.12,295.6
2015-05-27 15:50:00,12671400.0,995.19,12.27,285.82,3.71,55.75,14.3,7.97,6.33,5.0,8.01,1210.93,1.84,4.08,286.2
2015-05-27 16:00:00,12672000.0,995.13,12.34,285.9,3.91,56.3,14.36,8.09,6.28,5.07,8.13,1210.51,1.22,3.28,294.9
2015-05-27 16:10:00,12672600.0,995.03,12.78,286.35,4.12,55.51,14.78,8.21,6.58,5.15,8.25,1208.47,1.26,2.84,278.5
2015-05-27 16:20:00,12673200.0,995.03,12.76,286.33,4.18,55.82,14.76,8.24,6.52,5.17,8.28,1208.53,1.86,3.88,258.5
2015-05-27 16:30:00,12673800.0,995.04,12.77,286.34,4.3,56.26,14.77,8.31,6.46,5.21,8.35,1208.47,2.07,4.04,264.7
2015-05-27 16:40:00,12674400.0,995.11,12.64,286.2,4.2,56.32,14.65,8.25,6.4,5.17,8.29,1209.14,1.73,4.04,271.1
2015-05-27 16:50:00,12675000.0,995.15,12.54,286.1,4.07,56.18,14.55,8.18,6.38,5.13,8.22,1209.64,1.9,4.44,268.0
2015-05-27 17:00:00,12675600.0,995.17,12.54,286.1,3.8,55.12,14.55,8.02,6.53,5.03,8.06,1209.74,2.01,3.76,272.7
2015-05-27 17:10:00,12676200.0,995.23,12.43,285.98,3.63,54.85,14.45,7.92,6.52,4.97,7.96,1210.32,1.9,4.65,256.9
2015-05-27 17:20:00,12676800.0,995.14,12.53,286.09,3.88,55.5,14.54,8.07,6.47,5.06,8.11,1209.72,1.85,3.56,253.2
2015-05-27 17:30:00,12677400.0,995.11,12.48,286.04,3.93,55.88,14.5,8.1,6.4,5.08,8.14,1209.88,1.86,4.24,263.6
2015-05-27 17:40:00,12678000.0,995.13,12.48,286.04,3.96,55.98,14.5,8.11,6.38,5.09,8.15,1209.9,1.67,4.0,260.7
2015-05-27 17:50:00,12678600.0,995.11,12.41,285.97,3.99,56.37,14.43,8.13,6.3,5.1,8.17,1210.17,1.73,3.62,255.1
2015-05-27 18:00:00,12679200.0,995.01,12.28,285.85,4.04,57.04,14.31,8.16,6.15,5.12,8.2,1210.58,1.62,3.16,253.9
2015-05-27 18:10:00,12679800.0,994.99,12.26,285.83,4.11,57.39,14.29,8.2,6.09,5.14,8.24,1210.62,1.26,3.24,254.4
2015-05-27 18:20:00,12680400.0,994.9,12.24,285.82,4.05,57.24,14.27,8.17,6.1,5.12,8.21,1210.61,1.78,3.5,264.5
2015-05-27 18:30:00,12681000.0,994.89,12.19,285.77,4.03,57.32,14.22,8.15,6.07,5.11,8.19,1210.82,1.22,2.64,263.6
2015-05-27 18:40:00,12681600.0,994.87,12.11,285.69,4.02,57.61,14.15,8.15,6.0,5.11,8.19,1211.13,1.17,2.64,261.5
2015-05-27 18:50:00,12682200.0,994.78,11.99,285.58,3.91,57.63,14.03,8.09,5.95,5.07,8.13,1211.57,1.39,2.74,275.0
2015-05-27 19:00:00,12682800.0,994.76,11.89,285.48,3.97,58.22,13.94,8.12,5.83,5.09,8.16,1211.94,1.01,2.32,285.3
2015-05-27 19:10:00,12683400.0,994.67,11.82,285.42,3.98,58.57,13.88,8.13,5.75,5.1,8.17,1212.13,1.2,2.28,271.7
2015-05-27 19:20:00,12684000.0,994.56,11.66,285.26,3.95,59.03,13.73,8.11,5.63,5.09,8.15,1212.69,1.16,2.16,258.8
2015-05-27 19:30:00,12684600.0,994.45,11.56,285.17,3.98,59.56,13.64,8.12,5.52,5.1,8.17,1212.97,1.24,2.08,257.4
2015-05-27 19:40:00,12685200.0,994.42,11.46,285.08,4.08,60.38,13.55,8.18,5.37,5.13,8.23,1213.34,1.28,1.76,250.0
2015-05-27 19:50:00,12685800.0,994.37,11.34,284.96,4.06,60.8,13.44,8.17,5.27,5.13,8.22,1213.79,1.14,1.5,248.7
2015-05-27 20:00:00,12686400.0,994.39,11.24,284.86,4.04,61.11,13.35,8.16,5.19,5.12,8.21,1214.25,1.02,1.42,254.7
2015-05-27 20:10:00,12687000.0,994.39,11.15,284.77,4.03,61.41,13.28,8.15,5.12,5.12,8.2,1214.63,0.77,1.04,264.7
2015-05-27 20:20:00,12687600.0,994.39,11.1,284.72,4.01,61.54,13.23,8.14,5.09,5.11,8.19,1214.85,0.8,1.08,257.5
2015-05-27 20:30:00,12688200.0,994.29,11.02,284.65,4.06,62.1,13.16,8.17,4.99,5.13,8.22,1215.06,1.15,1.64,250.4
2015-05-27 20:40:00,12688800.0,994.39,10.94,284.56,4.13,62.75,13.09,8.21,4.88,5.15,8.26,1215.5,1.49,1.82,252.2
2015-05-27 20:50:00,12689400.0,994.47,10.83,284.44,4.12,63.13,13.0,8.2,4.79,5.15,8.25,1216.08,1.59,2.32,251.5
2015-05-27 21:00:00,12690000.0,994.51,10.76,284.37,4.06,63.18,12.93,8.17,4.76,5.13,8.22,1216.44,1.63,2.2,254.7
2015-05-27 21:10:00,12690600.0,994.45,10.73,284.34,4.07,63.34,12.91,8.18,4.73,5.13,8.22,1216.49,1.83,2.16,246.8
2015-05-27 21:20:00,12691200.0,994.41,10.69,284.31,4.05,63.41,12.87,8.16,4.71,5.12,8.21,1216.62,1.59,2.28,254.5
2015-05-27 21:30:00,12691800.0,994.34,10.66,284.28,3.98,63.25,12.85,8.13,4.72,5.1,8.17,1216.69,1.97,2.44,253.7
2015-05-27 21:40:00,12692400.0,994.23,10.69,284.32,3.93,62.9,12.87,8.1,4.78,5.08,8.15,1216.44,2.23,2.8,244.2
2015-05-27 21:50:00,12693000.0,994.13,10.69,284.33,3.93,62.9,12.87,8.1,4.78,5.08,8.15,1216.31,1.43,2.08,266.3
2015-05-27 22:00:00,12693600.0,994.12,10.72,284.36,3.94,62.81,12.9,8.1,4.8,5.09,8.15,1216.17,0.98,1.76,21.3
2015-05-27 22:10:00,12694200.0,994.15,10.68,284.32,4.19,64.11,12.87,8.25,4.62,5.18,8.3,1216.31,0.98,1.72,57.29
2015-05-27 22:20:00,12694800.0,994.08,10.71,284.35,4.27,64.33,12.89,8.29,4.6,5.21,8.34,1216.07,1.0,2.32,192.0
2015-05-27 22:30:00,12695400.0,994.03,10.63,284.28,4.31,64.85,12.82,8.32,4.51,5.22,8.37,1216.34,0.7,1.36,204.5
2015-05-27 22:40:00,12696000.0,994.01,10.78,284.43,4.45,64.83,12.95,8.4,4.56,5.27,8.45,1215.64,0.27,0.96,132.4
2015-05-27 22:50:00,12696600.0,993.91,10.61,284.27,4.36,65.15,12.81,8.34,4.46,5.24,8.39,1216.27,0.7,1.2,168.9
2015-05-27 23:00:00,12697200.0,993.85,10.45,284.11,4.32,65.68,12.67,8.32,4.35,5.22,8.37,1216.89,0.64,0.88,224.4
2015-05-27 23:10:00,12697800.0,993.78,10.33,284.0,4.3,66.13,12.57,8.31,4.26,5.22,8.36,1217.32,0.66,1.04,210.1
2015-05-27 23:20:00,12698400.0,993.69,10.16,283.83,4.1,65.95,12.43,8.2,4.23,5.15,8.25,1218.0,0.73,1.04,214.7
2015-05-27 23:30:00,12699000.0,993.56,9.97,283.65,3.87,65.71,12.27,8.06,4.21,5.06,8.11,1218.72,0.9,1.12,220.6
2015-05-27 23:40:00,12699600.0,993.49,9.7,283.39,3.69,66.07,12.05,7.96,4.09,5.0,8.01,1219.85,1.5,1.96,229.1
2015-05-27 23:50:00,12700200.0,993.42,9.53,283.22,3.47,65.78,11.91,7.84,4.08,4.92,7.89,1220.54,1.5,1.84,239.0
2015-05-28 00:00:00,12700800.0,993.4,9.29,282.99,3.3,66.09,11.72,7.75,3.97,4.86,7.8,1221.6,1.69,2.4,241.6
2015-05-28 00:10:00,12701400.0,993.3,9.12,282.82,3.21,66.41,11.59,7.69,3.89,4.83,7.75,1222.23,1.69,2.16,227.2
2015-05-28 00:20:00,12702000.0,993.27,9.19,282.9,3.25,66.29,11.64,7.72,3.92,4.85,7.77,1221.89,1.44,2.08,229.8
2015-05-28 00:30:00,12702600.0,993.26,9.01,282.72,3.05,66.16,11.5,7.61,3.89,4.78,7.66,1222.7,1.63,2.26,227.2
2015-05-28 00:40:00,12703200.0,993.28,8.96,282.66,2.98,66.05,11.46,7.57,3.89,4.75,7.62,1222.96,1.51,1.96,234.1
2015-05-28 00:50:00,12703800.0,993.18,8.73,282.44,2.84,66.43,11.28,7.5,3.79,4.71,7.55,1223.87,1.43,2.08,242.6
2015-05-28 01:00:00,12704400.0,993.11,8.29,282.01,2.68,67.66,10.95,7.41,3.54,4.65,7.46,1225.74,1.59,2.38,250.0
2015-05-28 01:10:00,12705000.0,992.98,7.94,281.67,2.62,69.01,10.69,7.38,3.31,4.64,7.43,1227.12,1.54,2.06,245.8
2015-05-28 01:20:00,12705600.0,992.9,7.78,281.51,2.63,69.8,10.58,7.38,3.19,4.64,7.44,1227.72,1.22,1.96,249.1
2015-05-28 01:30:00,12706200.0,992.82,7.67,281.41,3.12,72.8,10.5,7.64,2.86,4.8,7.7,1227.98,0.73,1.52,194.7
2015-05-28 01:40:00,12706800.0,992.8,7.48,281.22,2.87,72.5,10.36,7.51,2.85,4.72,7.57,1228.84,1.06,1.52,220.7
2015-05-28 01:50:00,12707400.0,992.76,7.26,281.0,2.64,72.4,10.21,7.39,2.82,4.64,7.44,1229.82,1.13,2.12,223.8
2015-05-28 02:00:00,12708000.0,992.7,6.86,280.61,2.6,74.2,9.93,7.37,2.56,4.63,7.42,1231.52,1.06,1.8,215.0
2015-05-28 02:10:00,12708600.0,992.67,6.59,280.34,2.82,76.8,9.75,7.48,2.26,4.7,7.54,1232.62,1.3,2.76,196.8
2015-05-28 02:20:00,12709200.0,992.59,6.46,280.22,2.94,78.1,9.66,7.55,2.12,4.74,7.6,1233.03,1.54,2.44,207.9
2015-05-28 02:30:00,12709800.0,992.55,6.29,280.04,2.91,78.9,9.55,7.53,2.01,4.73,7.59,1233.78,1.25,1.68,204.8
2015-05-28 02:40:00,12710400.0,992.5,6.04,279.8,3.01,80.8,9.39,7.58,1.8,4.77,7.64,1234.77,1.54,2.26,201.4
2015-05-28 02:50:00,12711000.0,992.44,5.72,279.49,3.02,82.7,9.18,7.59,1.59,4.77,7.65,1236.1,1.49,2.2,204.1
2015-05-28 03:00:00,12711600.0,992.37,5.41,279.18,2.96,84.2,8.98,7.56,1.42,4.75,7.62,1237.43,1.45,2.42,195.6
2015-05-28 03:10:00,12712200.0,992.31,5.15,278.93,2.88,85.2,8.82,7.52,1.31,4.73,7.58,1238.5,1.25,2.16,193.3
2015-05-28 03:20:00,12712800.0,992.27,4.92,278.7,2.77,85.9,8.68,7.46,1.22,4.69,7.52,1239.51,1.46,2.92,187.4
2015-05-28 03:30:00,12713400.0,992.2,4.8,278.59,2.73,86.4,8.61,7.44,1.17,4.68,7.5,1239.96,1.36,2.1,195.3
2015-05-28 03:40:00,12714000.0,992.13,4.84,278.63,2.64,85.6,8.63,7.39,1.24,4.65,7.45,1239.74,1.25,1.8,192.3
2015-05-28 03:50:00,12714600.0,992.08,4.71,278.5,2.49,85.5,8.55,7.31,1.24,4.6,7.37,1240.31,1.6,2.64,198.1
2015-05-28 04:00:00,12715200.0,992.06,4.63,278.42,2.55,86.3,8.5,7.34,1.17,4.61,7.4,1240.62,1.14,1.76,191.2
2015-05-28 04:10:00,12715800.0,992.07,4.41,278.2,2.28,86.0,8.38,7.2,1.17,4.53,7.26,1241.66,1.53,2.44,186.1
2015-05-28 04:20:00,12716400.0,992.05,4.01,277.8,2.22,88.1,8.14,7.17,0.97,4.51,7.23,1243.47,1.62,2.22,201.7
2015-05-28 04:30:00,12717000.0,992.03,3.81,277.6,2.28,89.7,8.03,7.2,0.83,4.53,7.26,1244.32,1.13,1.84,199.0
2015-05-28 04:40:00,12717600.0,991.95,3.79,277.59,2.33,90.1,8.02,7.23,0.79,4.54,7.28,1244.27,1.17,2.08,204.8
2015-05-28 04:50:00,12718200.0,991.87,3.79,277.6,2.35,90.3,8.02,7.24,0.78,4.55,7.3,1244.19,1.15,1.96,208.1
2015-05-28 05:00:00,12718800.0,991.88,4.07,277.88,2.55,89.8,8.18,7.34,0.83,4.62,7.4,1242.89,0.87,1.72,188.5
2015-05-28 05:10:00,12719400.0,991.82,4.53,278.34,2.58,87.1,8.45,7.36,1.09,4.63,7.42,1240.75,0.8,1.32,186.5
2015-05-28 05:20:00,12720000.0,991.77,4.89,278.71,2.68,85.5,8.66,7.41,1.26,4.66,7.47,1239.04,0.86,1.6,178.3
2015-05-28 05:30:00,12720600.0,991.59,4.95,278.78,2.63,84.9,8.7,7.38,1.31,4.65,7.45,1238.57,1.44,2.56,169.3
2015-05-28 05:40:00,12721200.0,991.53,4.94,278.78,2.64,85.0,8.69,7.39,1.3,4.65,7.45,1238.54,2.15,3.12,163.3
2015-05-28 05:50:00,12721800.0,991.51,5.29,279.12,2.86,84.3,8.9,7.51,1.4,4.72,7.57,1236.92,0.64,1.84,169.6
2015-05-28 06:00:00,12722400.0,991.5,5.56,279.4,2.9,82.9,9.08,7.53,1.55,4.73,7.59,1235.68,0.67,1.16,63.06
2015-05-28 06:10:00,12723000.0,991.46,5.72,279.56,3.08,83.1,9.18,7.62,1.55,4.8,7.69,1234.9,0.91,2.36,85.0
2015-05-28 06:20:00,12723600.0,991.34,6.46,280.32,3.36,80.5,9.66,7.78,1.88,4.9,7.85,1231.37,1.38,2.64,142.1
2015-05-28 06:30:00,12724200.0,991.33,6.99,280.85,3.52,78.5,10.02,7.87,2.15,4.95,7.93,1229.01,1.24,2.12,141.4
2015-05-28 06:40:00,12724800.0,991.34,7.42,281.28,3.72,77.3,10.32,7.98,2.34,5.02,8.05,1227.08,0.76,1.6,156.0
2015-05-28 06:50:00,12725400.0,991.34,7.8,281.66,3.83,75.9,10.59,8.04,2.55,5.06,8.11,1225.39,1.13,2.16,161.5
2015-05-28 07:00:00,12726000.0,991.31,8.18,282.04,4.05,75.1,10.87,8.16,2.71,5.14,8.24,1223.64,1.42,2.76,162.7
2015-05-28 07:10:00,12726600.0,991.22,8.96,282.83,4.32,72.6,11.46,8.32,3.14,5.24,8.4,1220.07,1.44,3.16,160.9
2015-05-28 07:20:00,12727200.0,991.26,9.87,283.74,4.66,69.94,12.19,8.52,3.66,5.37,8.6,1216.1,1.03,1.84,168.4
2015-05-28 07:30:00,12727800.0,991.23,10.24,284.11,4.72,68.49,12.49,8.56,3.94,5.39,8.63,1214.46,1.3,2.76,158.4
2015-05-28 07:40:00,12728400.0,991.07,10.78,284.67,4.87,66.78,12.95,8.65,4.3,5.45,8.73,1211.91,1.67,3.88,146.7
2015-05-28 07:50:00,12729000.0,990.91,11.08,284.98,4.76,64.96,13.21,8.58,4.63,5.41,8.66,1210.47,2.78,4.44,143.9
2015-05-28 08:00:00,12729600.0,990.83,11.68,285.59,4.57,61.62,13.75,8.47,5.28,5.34,8.55,1207.87,3.09,4.61,169.5
2015-05-28 08:10:00,12730200.0,990.82,12.0,285.91,4.53,60.16,14.04,8.45,5.6,5.32,8.53,1206.52,2.9,5.05,169.1
2015-05-28 08:20:00,12730800.0,990.74,12.54,286.46,4.13,56.45,14.55,8.21,6.34,5.17,8.29,1204.25,2.74,4.36,185.8
2015-05-28 08:30:00,12731400.0,990.61,13.05,286.98,3.89,53.66,15.05,8.07,6.97,5.09,8.15,1202.01,3.65,5.69,203.0
2015-05-28 08:40:00,12732000.0,990.56,12.86,286.8,3.58,53.14,14.86,7.9,6.96,4.97,7.97,1202.83,4.98,7.33,200.3
2015-05-28 08:50:00,12732600.0,990.6,12.86,286.79,3.67,53.5,14.86,7.95,6.91,5.01,8.03,1202.85,4.58,6.77,208.7
2015-05-28 09:00:00,12733200.0,990.42,13.35,287.3,3.95,52.83,15.35,8.11,7.24,5.11,8.19,1200.5,4.04,5.97,191.2
2015-05-28 09:10:00,12733800.0,990.33,13.77,287.73,4.04,51.73,15.77,8.16,7.61,5.14,8.24,1198.61,3.81,5.77,203.3
2015-05-28 09:20:00,12734400.0,990.37,13.83,287.79,3.95,51.23,15.83,8.11,7.72,5.11,8.19,1198.43,3.81,5.69,207.0
2015-05-28 09:30:00,12735000.0,990.38,14.32,288.28,3.99,49.76,16.34,8.13,8.21,5.12,8.21,1196.39,4.12,7.21,204.7
2015-05-28 09:40:00,12735600.0,990.33,14.4,288.36,3.71,48.53,16.43,7.97,8.46,5.02,8.05,1196.07,4.73,6.85,205.8
2015-05-28 09:50:00,12736200.0,990.2,14.51,288.48,3.72,48.23,16.55,7.98,8.57,5.03,8.06,1195.45,4.43,6.13,212.0
2015-05-28 10:00:00,12736800.0,990.21,14.46,288.43,3.79,48.6,16.49,8.02,8.48,5.05,8.09,1195.66,5.2,7.45,211.9
2015-05-28 10:10:00,12737400.0,990.1,15.03,289.01,4.17,48.14,17.11,8.24,8.87,5.19,8.32,1193.06,4.31,6.45,211.0
2015-05-28 10:20:00,12738000.0,989.92,14.9,288.9,4.01,47.98,16.97,8.14,8.83,5.13,8.22,1193.42,4.98,6.77,199.9
2015-05-28 10:30:00,12738600.0,989.82,15.15,289.15,4.19,47.83,17.24,8.25,9.0,5.2,8.33,1192.22,4.83,7.57,202.2
2015-05-28 10:40:00,12739200.0,989.63,15.39,289.41,4.33,47.55,17.51,8.33,9.19,5.25,8.41,1190.96,4.67,6.95,202.4
2015-05-28 10:50:00,12739800.0,989.52,15.59,289.62,4.41,47.2,17.74,8.37,9.37,5.28,8.46,1189.98,4.76,6.79,207.1
2015-05-28 11:00:00,12740400.0,989.29,15.54,289.59,4.43,47.45,17.68,8.39,9.29,5.29,8.48,1189.9,5.11,7.09,195.5
2015-05-28 11:10:00,12741000.0,989.08,15.81,289.88,4.69,47.48,17.99,8.54,9.45,5.39,8.64,1188.47,4.71,6.77,201.9
2015-05-28 11:20:00,12741600.0,988.97,16.35,290.43,4.78,46.16,18.62,8.6,10.03,5.42,8.69,1186.09,5.53,8.87,212.2
2015-05-28 11:30:00,12742200.0,988.78,16.48,290.58,4.82,45.92,18.78,8.62,10.15,5.44,8.72,1185.32,4.71,7.33,211.3
2015-05-28 11:40:00,12742800.0,988.66,16.77,290.88,4.9,45.32,19.13,8.67,10.46,5.47,8.77,1183.97,3.22,5.86,206.2
2015-05-28 11:50:00,12743400.0,988.52,17.33,291.45,4.92,43.81,19.82,8.68,11.14,5.48,8.78,1181.51,4.7,6.81,216.0
2015-05-28 12:00:00,12744000.0,988.4,17.49,291.62,4.92,43.36,20.02,8.68,11.34,5.48,8.78,1180.72,4.44,8.19,200.1
2015-05-28 12:10:00,12744600.0,988.24,17.48,291.63,5.14,44.05,20.01,8.81,11.19,5.57,8.92,1180.51,3.57,5.64,190.2
2015-05-28 12:20:00,12745200.0,988.11,18.32,292.48,5.39,42.54,21.09,8.97,12.12,5.67,9.08,1176.88,5.05,9.53,212.3
2015-05-28 12:30:00,12745800.0,987.99,18.34,292.51,5.23,42.01,21.12,8.87,12.25,5.6,8.98,1176.7,5.57,8.69,212.4
2015-05-28 12:40:00,12746400.0,987.94,18.35,292.52,5.38,42.43,21.13,8.97,12.17,5.66,9.08,1176.56,5.82,8.57,210.7
2015-05-28 12:50:00,12747000.0,987.99,18.33,292.5,5.45,42.69,21.11,9.01,12.1,5.69,9.12,1176.68,6.16,9.45,212.8
2015-05-28 13:00:00,12747600.0,987.91,18.16,292.34,5.74,44.01,20.88,9.19,11.69,5.81,9.3,1177.19,4.21,6.32,210.4
2015-05-28 13:10:00,12748200.0,987.83,18.27,292.45,5.94,44.33,21.03,9.32,11.71,5.89,9.44,1176.59,5.69,9.41,211.4
2015-05-28 13:20:00,12748800.0,987.79,18.3,292.49,5.99,44.39,21.07,9.35,11.71,5.91,9.47,1176.41,6.17,9.05,221.9
2015-05-28 13:30:00,12749400.0,987.67,18.24,292.44,5.9,44.27,20.99,9.29,11.7,5.87,9.41,1176.53,6.43,10.73,209.6
2015-05-28 13:40:00,12750000.0,987.51,18.39,292.6,6.05,44.34,21.18,9.39,11.79,5.94,9.51,1175.69,6.13,8.33,208.9
2015-05-28 13:50:00,12750600.0,987.4,18.42,292.64,5.74,43.3,21.22,9.19,12.03,5.81,9.31,1175.53,6.97,9.85,210.9
2015-05-28 14:00:00,12751200.0,987.38,18.49,292.71,5.75,43.13,21.32,9.19,12.12,5.81,9.31,1175.22,6.37,9.41,211.6
2015-05-28 14:10:00,12751800.0,987.26,18.33,292.56,5.79,43.7,21.11,9.22,11.88,5.83,9.34,1175.71,6.05,8.85,214.1
2015-05-28 14:20:00,12752400.0,987.23,18.41,292.64,5.78,43.46,21.21,9.22,11.99,5.83,9.34,1175.35,6.08,9.45,210.6
2015-05-28 14:30:00,12753000.0,987.12,18.46,292.7,5.71,43.11,21.28,9.17,12.1,5.8,9.29,1175.04,6.12,9.29,205.8
2015-05-28 14:40:00,12753600.0,987.05,18.4,292.65,5.68,43.18,21.2,9.15,12.04,5.79,9.27,1175.21,6.18,9.09,204.8
2015-05-28 14:50:00,12754200.0,986.94,18.77,293.03,5.88,42.78,21.69,9.28,12.41,5.87,9.4,1173.53,5.73,8.97,190.5
2015-05-28 15:00:00,12754800.0,986.87,18.72,292.99,5.83,42.76,21.63,9.25,12.38,5.85,9.37,1173.66,5.92,9.59,213.7
2015-05-28 15:10:00,12755400.0,986.76,18.83,293.11,5.97,42.89,21.78,9.34,12.44,5.91,9.47,1173.05,6.16,9.11,213.7
2015-05-28 15:20:00,12756000.0,986.75,18.9,293.18,5.86,42.37,21.87,9.27,12.6,5.86,9.39,1172.79,5.72,10.61,208.4
2015-05-28 15:30:00,12756600.0,986.55,18.97,293.26,5.83,42.1,21.97,9.25,12.72,5.85,9.37,1172.28,6.96,11.33,213.7
2015-05-28 15:40:00,12757200.0,986.5,18.93,293.23,5.79,42.1,21.91,9.23,12.69,5.84,9.35,1172.39,5.86,8.65,210.9
2015-05-28 15:50:00,12757800.0,986.4,19.17,293.48,5.62,40.97,22.24,9.11,13.13,5.77,9.24,1171.36,6.46,10.37,210.7
2015-05-28 16:00:00,12758400.0,986.28,19.15,293.47,5.53,40.78,22.22,9.06,13.16,5.73,9.19,1171.32,6.29,9.41,204.8
2015-05-28 16:10:00,12759000.0,986.22,18.89,293.21,5.42,41.11,21.86,8.99,12.87,5.69,9.11,1172.32,6.14,8.73,198.6
2015-05-28 16:20:00,12759600.0,986.21,18.9,293.22,5.49,41.3,21.87,9.03,12.84,5.72,9.16,1172.25,5.3,7.69,217.0
2015-05-28 16:30:00,12760200.0,986.01,18.97,293.31,5.67,41.63,21.97,9.15,12.82,5.79,9.27,1171.68,5.68,8.93,209.4
2015-05-28 16:40:00,12760800.0,985.97,18.9,293.24,5.7,41.9,21.87,9.16,12.71,5.8,9.29,1171.9,5.79,8.05,213.3
2015-05-28 16:50:00,12761400.0,985.93,18.86,293.21,5.62,41.79,21.82,9.12,12.7,5.77,9.25,1172.04,5.07,7.22,210.2
2015-05-28 17:00:00,12762000.0,985.91,18.88,293.23,5.61,41.69,21.84,9.11,12.74,5.77,9.24,1171.94,4.7,9.21,211.1
2015-05-28 17:10:00,12762600.0,985.89,18.83,293.18,5.53,41.6,21.78,9.06,12.72,5.74,9.19,1172.14,4.95,8.55,213.7
2015-05-28 17:20:00,12763200.0,985.82,18.74,293.09,5.57,41.96,21.65,9.09,12.57,5.75,9.22,1172.4,5.15,8.57,216.1
2015-05-28 17:30:00,12763800.0,985.78,18.72,293.08,5.62,42.14,21.63,9.11,12.51,5.77,9.25,1172.42,5.52,7.97,216.1
2015-05-28 17:40:00,12764400.0,985.84,18.66,293.01,5.69,42.52,21.55,9.16,12.38,5.8,9.29,1172.71,4.5,7.22,216.0
2015-05-28 17:50:00,12765000.0,985.81,18.56,292.91,5.71,42.85,21.41,9.17,12.24,5.81,9.31,1173.07,4.06,6.36,209.2
2015-05-28 18:00:00,12765600.0,985.8,18.45,292.81,5.69,43.07,21.26,9.16,12.11,5.8,9.29,1173.51,4.11,6.06,212.2
2015-05-28 18:10:00,12766200.0,985.81,18.4,292.75,5.69,43.21,21.2,9.16,12.04,5.8,9.29,1173.72,5.21,7.12,207.4
2015-05-28 18:20:00,12766800.0,985.83,18.4,292.75,5.77,43.45,21.2,9.21,11.99,5.83,9.34,1173.73,5.01,7.17,205.9
2015-05-28 18:30:00,12767400.0,986.06,18.12,292.45,6.25,45.72,20.83,9.52,11.31,6.03,9.66,1174.99,4.25,8.13,219.2
2015-05-28 18:40:00,12768000.0,986.17,17.21,291.53,7.13,51.46,19.67,10.12,9.55,6.41,10.26,1178.53,2.83,6.36,235.3
2015-05-28 18:50:00,12768600.0,986.1,16.7,291.02,7.24,53.55,19.04,10.2,8.84,6.46,10.34,1180.49,2.46,3.92,240.1
2015-05-28 19:00:00,12769200.0,986.05,16.68,291.01,7.21,53.5,19.02,10.17,8.84,6.44,10.32,1180.52,2.98,4.76,224.3
2015-05-28 19:10:00,12769800.0,985.96,16.62,290.95,7.34,54.2,18.94,10.27,8.68,6.5,10.41,1180.61,2.61,4.84,215.9
2015-05-28 19:20:00,12770400.0,985.87,16.52,290.86,7.34,54.53,18.82,10.26,8.56,6.5,10.41,1180.91,2.12,3.64,221.3
2015-05-28 19:30:00,12771000.0,985.87,16.39,290.73,7.43,55.34,18.67,10.33,8.34,6.54,10.48,1181.41,2.23,3.46,214.0
2015-05-28 19:40:00,12771600.0,985.95,16.23,290.56,7.53,56.29,18.48,10.4,8.08,6.59,10.55,1182.13,2.31,3.8,211.6
2015-05-28 19:50:00,12772200.0,986.07,16.08,290.4,7.52,56.78,18.3,10.39,7.91,6.58,10.54,1182.89,1.84,3.12,242.5
2015-05-28 20:00:00,12772800.0,986.34,16.08,290.38,7.64,57.26,18.3,10.48,7.82,6.64,10.63,1183.18,2.11,3.52,293.2
2015-05-28 20:10:00,12773400.0,986.51,15.61,289.89,8.12,60.96,17.76,10.83,6.93,6.86,10.98,1185.15,1.69,3.52,296.1
2015-05-28 20:20:00,12774000.0,986.61,15.13,289.4,8.47,64.36,17.22,11.08,6.14,7.02,11.23,1187.13,1.0,2.52,261.6
2015-05-28 20:30:00,12774600.0,986.49,14.81,289.09,8.5,65.84,16.87,11.11,5.76,7.03,11.26,1188.29,2.34,5.0,230.4
2015-05-28 20:40:00,12775200.0,986.49,14.88,289.16,8.43,65.23,16.95,11.05,5.89,7.0,11.21,1188.02,2.98,4.12,202.6
2015-05-28 20:50:00,12775800.0,986.41,15.01,289.3,8.22,63.77,17.09,10.9,6.19,6.9,11.05,1187.46,3.1,4.24,205.8
2015-05-28 21:00:00,12776400.0,986.4,15.17,289.46,8.22,63.14,17.27,10.9,6.36,6.9,11.05,1186.79,2.95,4.76,208.9
2015-05-28 21:10:00,12777000.0,986.46,15.07,289.36,8.3,63.89,17.16,10.96,6.19,6.94,11.11,1187.25,2.84,4.68,211.3
2015-05-28 21:20:00,12777600.0,986.55,15.0,289.28,8.39,64.56,17.08,11.03,6.05,6.98,11.18,1187.61,4.08,6.53,218.2
2015-05-28 21:30:00,12778200.0,986.63,15.0,289.27,8.48,64.98,17.08,11.1,5.98,7.03,11.25,1187.68,4.08,5.81,215.6
2015-05-28 21:40:00,12778800.0,986.64,14.94,289.21,8.51,65.37,17.01,11.12,5.89,7.04,11.27,1187.93,3.56,5.47,217.0
2015-05-28 21:50:00,12779400.0,986.93,14.83,289.08,8.61,66.26,16.89,11.19,5.7,7.08,11.34,1188.7,2.7,4.68,253.7
2015-05-28 22:00:00,12780000.0,987.15,14.44,288.67,8.92,69.42,16.47,11.43,5.04,7.24,11.58,1190.47,1.89,4.08,292.4
2015-05-28 22:10:00,12780600.0,987.35,13.6,287.81,8.72,72.3,15.6,11.28,4.32,7.13,11.42,1194.27,1.89,3.92,282.2
2015-05-28 22:20:00,12781200.0,987.51,12.94,287.13,8.45,74.1,14.94,11.07,3.87,7.0,11.21,1197.31,1.67,5.23,282.1
2015-05-28 22:30:00,12781800.0,987.56,12.52,286.7,8.47,76.3,14.53,11.09,3.44,7.01,11.23,1199.13,1.28,3.2,259.7
2015-05-28 22:40:00,12782400.0,987.65,12.23,286.41,8.61,78.5,14.26,11.19,3.07,7.08,11.33,1200.41,1.68,4.44,15.33
2015-05-28 22:50:00,12783000.0,987.64,11.94,286.12,8.37,78.7,13.99,11.01,2.98,6.96,11.15,1201.7,1.7,3.8,6.59
2015-05-28 23:00:00,12783600.0,987.66,11.89,286.06,8.26,78.4,13.94,10.93,3.01,6.91,11.07,1201.97,1.12,1.84,0.2
2015-05-28 23:10:00,12784200.0,987.74,11.87,286.04,8.32,78.8,13.92,10.97,2.95,6.94,11.11,1202.14,0.55,1.32,340.9
2015-05-28 23:20:00,12784800.0,987.79,11.7,285.86,8.3,79.6,13.77,10.96,2.81,6.93,11.09,1202.92,0.73,1.68,357.1
2015-05-28 23:30:00,12785400.0,987.72,11.43,285.6,8.42,81.7,13.52,11.05,2.47,6.99,11.19,1203.93,0.77,1.16,332.0
2015-05-28 23:40:00,12786000.0,987.69,11.26,285.43,8.47,82.9,13.37,11.09,2.29,7.01,11.22,1204.6,0.79,1.12,249.1
2015-05-28 23:50:00,12786600.0,987.69,11.2,285.37,8.39,82.8,13.32,11.03,2.29,6.97,11.17,1204.88,1.07,1.36,236.8
2015-05-29 00:00:00,12787200.0,987.77,11.23,285.39,8.35,82.4,13.35,11.0,2.35,6.95,11.13,1204.87,1.18,1.4,250.3
2015-05-29 00:10:00,12787800.0,987.71,11.24,285.41,8.39,82.6,13.35,11.03,2.32,6.98,11.17,1204.73,0.74,1.08,232.6
2015-05-29 00:20:00,12788400.0,987.77,10.99,285.15,8.61,85.2,13.13,11.19,1.94,7.08,11.33,1205.79,1.39,1.84,224.2
2015-05-29 00:30:00,12789000.0,987.76,11.04,285.2,8.43,83.9,13.18,11.06,2.12,6.99,11.19,1205.63,1.85,2.52,240.6
2015-05-29 00:40:00,12789600.0,987.83,11.17,285.33,8.47,83.4,13.29,11.09,2.21,7.01,11.22,1205.15,2.55,2.96,245.7
2015-05-29 00:50:00,12790200.0,987.85,11.13,285.29,8.5,83.8,13.26,11.11,2.15,7.03,11.25,1205.34,2.42,2.72,250.5
2015-05-29 01:00:00,12790800.0,987.88,11.25,285.4,8.51,83.2,13.36,11.12,2.25,7.03,11.25,1204.86,2.71,3.08,243.1
2015-05-29 01:10:00,12791400.0,987.85,11.28,285.44,8.56,83.3,13.39,11.15,2.24,7.05,11.29,1204.68,2.29,2.84,243.3
2015-05-29 01:20:00,12792000.0,987.91,11.3,285.45,8.52,83.0,13.41,11.13,2.28,7.04,11.26,1204.68,1.96,2.88,245.1
2015-05-29 01:30:00,12792600.0,987.84,11.2,285.36,8.43,83.0,13.32,11.06,2.26,6.99,11.19,1205.05,1.48,2.0,236.4
2015-05-29 01:40:00,12793200.0,987.76,11.01,285.17,8.33,83.5,13.15,10.98,2.17,6.94,11.12,1205.79,1.5,1.94,230.4
2015-05-29 01:50:00,12793800.0,987.67,10.87,285.04,8.17,83.4,13.03,10.87,2.16,6.87,11.0,1206.33,1.57,1.92,226.8
2015-05-29 02:00:00,12794400.0,987.65,10.75,284.92,7.99,83.0,12.93,10.73,2.2,6.78,10.86,1206.88,1.97,2.32,238.3
2015-05-29 02:10:00,12795000.0,987.59,10.69,284.87,7.86,82.6,12.87,10.63,2.24,6.73,10.77,1207.11,2.07,2.48,240.0
2015-05-29 02:20:00,12795600.0,987.52,10.47,284.65,7.71,83.0,12.69,10.53,2.16,6.66,10.66,1208.0,2.27,2.88,243.9
2015-05-29 02:30:00,12796200.0,987.49,10.25,284.43,7.64,83.8,12.5,10.48,2.03,6.63,10.61,1208.93,2.47,2.8,238.1
2015-05-29 02:40:00,12796800.0,987.45,10.03,284.21,7.49,84.2,12.32,10.37,1.95,6.56,10.5,1209.87,2.63,3.04,233.5
2015-05-29 02:50:00,12797400.0,987.51,9.88,284.06,7.36,84.3,12.2,10.28,1.91,6.5,10.41,1210.63,2.68,3.0,241.4
2015-05-29 03:00:00,12798000.0,987.4,9.75,283.94,7.29,84.6,12.09,10.23,1.86,6.47,10.36,1211.07,2.12,2.8,236.9
2015-05-29 03:10:00,12798600.0,987.32,9.67,283.86,7.19,84.5,12.02,10.16,1.86,6.43,10.29,1211.35,1.85,2.56,229.0
2015-05-29 03:20:00,12799200.0,987.28,9.58,283.78,7.1,84.5,11.95,10.1,1.85,6.39,10.23,1211.71,1.73,2.24,247.9
2015-05-29 03:30:00,12799800.0,987.28,9.59,283.79,6.98,83.7,11.96,10.01,1.95,6.33,10.14,1211.71,1.69,2.16,248.4
2015-05-29 03:40:00,12800400.0,987.28,9.46,283.66,7.0,84.6,11.86,10.03,1.83,6.34,10.16,1212.26,1.69,2.28,239.4
2015-05-29 03:50:00,12801000.0,987.31,9.42,283.61,7.22,86.1,11.82,10.18,1.64,6.44,10.31,1212.4,0.58,1.36,260.0
2015-05-29 04:00:00,12801600.0,987.3,9.24,283.43,7.24,87.3,11.68,10.2,1.48,6.45,10.33,1213.15,0.32,0.6,198.7
2015-05-29 04:10:00,12802200.0,987.39,8.92,283.11,7.08,88.2,11.43,10.08,1.35,6.38,10.21,1214.69,0.43,1.68,248.7
2015-05-29 04:20:00,12802800.0,987.41,8.8,282.98,7.09,89.0,11.34,10.09,1.25,6.38,10.22,1215.23,0.92,1.92,259.6
2015-05-29 04:30:00,12803400.0,987.41,8.67,282.85,7.0,89.2,11.24,10.03,1.21,6.34,10.15,1215.82,1.08,1.74,229.9
2015-05-29 04:40:00,12804000.0,987.29,8.74,282.93,6.92,88.3,11.29,9.97,1.32,6.31,10.1,1215.39,0.58,1.2,219.9
2015-05-29 04:50:00,12804600.0,987.3,8.74,282.93,6.9,88.2,11.29,9.96,1.33,6.3,10.09,1215.41,0.49,1.08,215.8
2015-05-29 05:00:00,12805200.0,987.39,8.79,282.98,7.18,89.6,11.33,10.15,1.18,6.42,10.28,1215.22,0.51,1.08,260.2
2015-05-29 05:10:00,12805800.0,987.4,9.24,283.43,7.24,87.3,11.68,10.2,1.48,6.45,10.33,1213.27,0.35,0.72,111.9
2015-05-29 05:20:00,12806400.0,987.3,9.03,283.22,7.0,87.1,11.52,10.03,1.49,6.34,10.16,1214.13,0.37,0.72,88.7
2015-05-29 05:30:00,12807000.0,987.16,8.89,283.09,6.87,87.1,11.41,9.94,1.47,6.28,10.07,1214.6,0.33,0.68,76.3
2015-05-29 05:40:00,12807600.0,987.16,9.39,283.6,7.17,86.0,11.8,10.15,1.65,6.42,10.28,1212.36,0.66,1.08,206.5
2015-05-29 05:50:00,12808200.0,987.26,9.48,283.68,7.31,86.3,11.87,10.25,1.63,6.48,10.38,1212.05,0.91,1.48,208.3
2015-05-29 06:00:00,12808800.0,987.28,9.15,283.35,7.17,87.4,11.61,10.15,1.46,6.42,10.28,1213.54,0.75,1.2,195.0
2015-05-29 06:10:00,12809400.0,987.17,9.14,283.34,7.1,87.0,11.6,10.09,1.51,6.38,10.23,1213.47,1.35,2.0,142.4
2015-05-29 06:20:00,12810000.0,987.16,9.24,283.45,7.29,87.6,11.68,10.23,1.45,6.47,10.37,1212.96,1.1,1.76,215.6
2015-05-29 06:30:00,12810600.0,987.16,9.63,283.84,7.61,87.2,11.99,10.46,1.53,6.62,10.59,1211.18,1.09,1.76,190.4
2015-05-29 06:40:00,12811200.0,987.24,10.14,284.34,7.88,85.8,12.41,10.65,1.76,6.74,10.79,1209.01,1.2,1.8,153.3
2015-05-29 06:50:00,12811800.0,987.27,10.52,284.72,8.04,84.6,12.73,10.77,1.96,6.81,10.91,1207.37,1.1,1.72,153.8
2015-05-29 07:00:00,12812400.0,987.2,10.83,285.04,7.99,82.6,13.0,10.73,2.26,6.79,10.87,1205.99,0.87,1.68,138.3
2015-05-29 07:10:00,12813000.0,987.14,10.94,285.15,8.12,82.7,13.09,10.83,2.26,6.85,10.97,1205.4,0.73,1.28,122.8
2015-05-29 07:20:00,12813600.0,987.04,11.42,285.64,8.46,82.0,13.52,11.08,2.43,7.01,11.23,1203.13,0.69,1.32,139.7
2015-05-29 07:30:00,12814200.0,987.04,12.26,286.49,8.68,78.7,14.29,11.24,3.04,7.12,11.39,1199.51,0.75,1.4,137.2
2015-05-29 07:40:00,12814800.0,987.04,12.67,286.9,8.67,76.6,14.68,11.24,3.43,7.12,11.39,1197.79,1.3,2.56,129.2
2015-05-29 07:50:00,12815400.0,987.0,12.2,286.43,8.3,77.0,14.23,10.96,3.27,6.93,11.1,1199.85,1.58,2.7,151.7
2015-05-29 08:00:00,12816000.0,986.85,12.59,286.83,8.52,76.2,14.6,11.13,3.47,7.04,11.27,1197.95,1.01,1.76,164.3
2015-05-29 08:10:00,12816600.0,986.74,13.69,287.95,8.68,71.7,15.69,11.25,4.44,7.12,11.4,1193.17,1.17,2.94,136.9
2015-05-29 08:20:00,12817200.0,986.67,13.96,288.22,8.65,70.3,15.97,11.22,4.74,7.11,11.38,1191.97,1.71,2.56,123.2
2015-05-29 08:30:00,12817800.0,986.57,13.76,288.03,8.63,71.1,15.76,11.21,4.55,7.1,11.36,1192.69,1.81,3.28,73.1
2015-05-29 08:40:00,12818400.0,986.44,14.2,288.48,8.68,69.35,16.22,11.25,4.97,7.12,11.4,1190.69,2.73,3.68,126.3
2015-05-29 08:50:00,12819000.0,986.34,15.06,289.36,8.84,66.3,17.14,11.37,5.78,7.2,11.52,1186.96,2.22,4.16,151.9
2015-05-29 09:00:00,12819600.0,986.16,15.49,289.8,8.82,64.43,17.62,11.36,6.27,7.19,11.52,1184.98,3.64,5.13,145.8
2015-05-29 09:10:00,12820200.0,985.99,15.76,290.09,8.84,63.41,17.93,11.37,6.56,7.2,11.53,1183.66,3.47,5.65,158.7
2015-05-29 09:20:00,12820800.0,985.94,15.88,290.21,8.67,62.21,18.07,11.24,6.83,7.12,11.4,1183.17,4.29,6.61,182.7
2015-05-29 09:30:00,12821400.0,985.86,15.57,289.91,8.49,62.66,17.72,11.1,6.62,7.03,11.26,1184.4,4.0,6.97,203.9
2015-05-29 09:40:00,12822000.0,985.76,15.76,290.11,8.47,61.81,17.93,11.08,6.85,7.02,11.24,1183.51,3.91,5.72,205.8
2015-05-29 09:50:00,12822600.0,985.58,16.11,290.47,8.11,59.01,18.34,10.82,7.52,6.86,10.98,1181.98,3.47,5.28,189.5
2015-05-29 10:00:00,12823200.0,985.41,16.27,290.65,7.71,56.82,18.53,10.53,8.0,6.67,10.68,1181.26,4.55,6.64,209.2
2015-05-29 10:10:00,12823800.0,985.28,16.31,290.7,7.47,55.74,18.57,10.35,8.22,6.56,10.51,1181.02,4.84,7.83,210.1
2015-05-29 10:20:00,12824400.0,985.15,16.69,291.09,7.26,53.66,19.03,10.21,8.82,6.47,10.36,1179.38,5.52,8.73,211.3
2015-05-29 10:30:00,12825000.0,985.07,17.09,291.5,7.2,52.1,19.52,10.17,9.35,6.45,10.32,1177.68,4.79,8.29,216.3
2015-05-29 10:40:00,12825600.0,984.96,17.07,291.49,6.23,48.77,19.49,9.51,9.99,6.03,9.65,1177.93,7.13,11.69,212.9
2015-05-29 10:50:00,12826200.0,984.85,17.18,291.61,6.24,48.47,19.63,9.51,10.12,6.03,9.66,1177.34,6.92,9.77,209.4
2015-05-29 11:00:00,12826800.0,984.86,17.13,291.56,6.0,47.84,19.57,9.36,10.21,5.93,9.5,1177.63,6.62,10.17,218.2
2015-05-29 11:10:00,12827400.0,984.82,17.31,291.74,6.28,48.2,19.79,9.54,10.25,6.05,9.69,1176.77,5.89,9.05,217.1
2015-05-29 11:20:00,12828000.0,984.76,17.3,291.74,6.19,47.94,19.78,9.48,10.3,6.01,9.63,1176.76,6.12,8.55,211.3
2015-05-29 11:30:00,12828600.0,984.59,17.48,291.93,6.02,46.83,20.01,9.37,10.64,5.94,9.52,1175.88,6.29,10.29,215.8
2015-05-29 11:40:00,12829200.0,984.48,17.59,292.05,5.57,45.09,20.14,9.08,11.06,5.76,9.23,1175.44,7.6,10.13,205.9
2015-05-29 11:50:00,12829800.0,984.4,17.69,292.16,5.5,44.59,20.27,9.04,11.23,5.73,9.18,1174.96,7.82,10.33,207.7
2015-05-29 12:00:00,12830400.0,984.28,17.78,292.26,5.56,44.51,20.39,9.07,11.31,5.75,9.22,1174.43,7.52,10.29,206.9
2015-05-29 12:10:00,12831000.0,984.27,17.8,292.28,5.59,44.55,20.41,9.09,11.32,5.77,9.24,1174.33,6.54,9.43,215.5
2015-05-29 12:20:00,12831600.0,984.16,18.02,292.51,5.55,43.81,20.7,9.07,11.63,5.75,9.21,1173.32,6.42,9.13,207.5
2015-05-29 12:30:00,12832200.0,984.1,18.17,292.67,5.35,42.81,20.89,8.94,11.95,5.67,9.09,1172.7,7.25,10.13,213.8
2015-05-29 12:40:00,12832800.0,983.95,18.24,292.75,5.07,41.79,20.99,8.77,12.22,5.56,8.91,1172.32,7.91,11.17,208.0
2015-05-29 12:50:00,12833400.0,983.81,18.52,293.04,5.23,41.53,21.36,8.87,12.49,5.63,9.02,1170.98,6.8,10.37,211.5
2015-05-29 13:00:00,12834000.0,983.72,18.66,293.19,5.21,41.12,21.55,8.86,12.69,5.62,9.01,1170.32,6.45,8.73,209.6
2015-05-29 13:10:00,12834600.0,983.62,19.03,293.57,5.46,40.87,22.05,9.01,13.04,5.72,9.16,1168.65,6.35,9.29,217.4
2015-05-29 13:20:00,12835200.0,983.56,19.12,293.67,5.34,40.31,22.17,8.94,13.24,5.67,9.09,1168.25,5.23,7.79,214.8
2015-05-29 13:30:00,12835800.0,983.37,18.93,293.49,5.2,40.39,21.91,8.85,13.06,5.62,9.0,1168.82,7.26,10.49,210.3
2015-05-29 13:40:00,12836400.0,983.25,18.88,293.45,5.23,40.6,21.84,8.87,12.98,5.63,9.02,1168.87,5.97,9.85,217.2
2015-05-29 13:50:00,12837000.0,983.11,19.14,293.73,5.56,40.88,22.2,9.08,13.13,5.76,9.23,1167.57,6.43,9.53,212.4
2015-05-29 14:00:00,12837600.0,983.14,19.11,293.69,5.81,41.67,22.16,9.23,12.93,5.86,9.39,1167.66,4.34,8.55,222.4
2015-05-29 14:10:00,12838200.0,983.13,19.3,293.89,5.92,41.51,22.42,9.31,13.12,5.91,9.47,1166.85,3.55,7.43,227.0
2015-05-29 14:20:00,12838800.0,983.11,19.37,293.96,5.89,41.25,22.52,9.29,13.23,5.9,9.45,1166.56,4.08,7.69,224.5
2015-05-29 14:30:00,12839400.0,983.04,19.2,293.79,5.92,41.77,22.28,9.31,12.98,5.91,9.47,1167.15,5.17,8.41,215.6
2015-05-29 14:40:00,12840000.0,982.94,18.85,293.45,5.84,42.45,21.8,9.26,12.55,5.88,9.42,1168.45,4.08,8.17,221.7
2015-05-29 14:50:00,12840600.0,982.92,18.84,293.44,6.13,43.35,21.79,9.45,12.34,6.0,9.61,1168.38,2.89,4.88,230.3
2015-05-29 15:00:00,12841200.0,982.86,18.96,293.57,6.29,43.48,21.95,9.55,12.41,6.06,9.71,1167.78,4.3,7.41,228.6
2015-05-29 15:10:00,12841800.0,982.83,18.75,293.36,6.06,43.37,21.67,9.4,12.27,5.97,9.56,1168.65,4.32,7.04,245.5
2015-05-29 15:20:00,12842400.0,982.7,18.85,293.47,6.43,44.21,21.8,9.64,12.16,6.12,9.81,1167.99,2.53,5.24,253.0
2015-05-29 15:30:00,12843000.0,982.55,18.92,293.55,6.42,44.0,21.9,9.64,12.26,6.12,9.81,1167.53,3.07,4.86,222.6
2015-05-29 15:40:00,12843600.0,982.39,18.87,293.52,6.05,43.01,21.83,9.39,12.44,5.97,9.56,1167.65,4.06,5.84,208.4
2015-05-29 15:50:00,12844200.0,982.35,18.88,293.53,6.01,42.86,21.84,9.36,12.48,5.95,9.53,1167.58,3.95,6.44,221.5
2015-05-29 16:00:00,12844800.0,982.29,18.77,293.43,6.46,44.53,21.69,9.66,12.03,6.14,9.83,1167.81,4.94,7.4,215.1
2015-05-29 16:10:00,12845400.0,982.23,18.73,293.39,6.91,46.06,21.64,9.97,11.67,6.34,10.15,1167.76,4.66,7.04,208.0
2015-05-29 16:20:00,12846000.0,982.14,18.63,293.3,6.94,46.45,21.51,9.99,11.52,6.35,10.17,1168.04,4.66,7.12,212.2
2015-05-29 16:30:00,12846600.0,981.99,18.51,293.19,7.04,47.1,21.34,10.05,11.29,6.39,10.24,1168.32,4.19,5.96,205.3
2015-05-29 16:40:00,12847200.0,981.82,18.59,293.28,7.28,47.66,21.45,10.22,11.23,6.5,10.41,1167.72,3.11,4.12,201.6
2015-05-29 16:50:00,12847800.0,981.74,18.84,293.54,7.54,47.75,21.79,10.4,11.39,6.62,10.6,1166.54,3.9,6.2,188.3
2015-05-29 17:00:00,12848400.0,981.62,18.66,293.37,7.3,47.51,21.55,10.24,11.31,6.51,10.43,1167.19,5.5,8.01,195.0
2015-05-29 17:10:00,12849000.0,981.56,18.52,293.24,7.53,48.69,21.36,10.4,10.96,6.62,10.59,1167.61,4.85,7.2,187.3
2015-05-29 17:20:00,12849600.0,981.5,18.5,293.22,7.8,49.66,21.33,10.59,10.74,6.74,10.79,1167.53,4.04,7.04,185.8
2015-05-29 17:30:00,12850200.0,981.51,18.37,293.09,8.01,50.78,21.16,10.74,10.41,6.84,10.95,1167.99,3.35,4.68,197.6
2015-05-29 17:40:00,12850800.0,981.5,18.23,292.95,8.05,51.37,20.97,10.77,10.2,6.86,10.98,1168.53,3.57,4.56,192.2
2015-05-29 17:50:00,12851400.0,981.41,18.18,292.91,7.95,51.2,20.91,10.7,10.2,6.81,10.91,1168.65,3.22,5.32,194.9
2015-05-29 18:00:00,12852000.0,981.39,18.13,292.86,7.72,50.56,20.84,10.54,10.3,6.71,10.74,1168.9,3.87,6.2,193.9
2015-05-29 18:10:00,12852600.0,981.37,18.18,292.91,7.69,50.3,20.91,10.52,10.39,6.69,10.72,1168.69,3.23,5.4,193.5
2015-05-29 18:20:00,12853200.0,981.45,18.12,292.84,7.66,50.37,20.83,10.49,10.34,6.68,10.69,1169.04,4.44,6.97,196.9
2015-05-29 18:30:00,12853800.0,981.48,18.03,292.75,7.29,49.39,20.71,10.23,10.48,6.51,10.42,1169.55,5.18,7.75,204.8
2015-05-29 18:40:00,12854400.0,981.49,17.94,292.66,7.45,50.21,20.59,10.34,10.25,6.58,10.54,1169.88,3.65,5.0,210.0
2015-05-29 18:50:00,12855000.0,981.5,17.83,292.55,7.59,51.07,20.45,10.44,10.01,6.65,10.64,1170.28,4.96,6.52,210.6
2015-05-29 19:00:00,12855600.0,981.38,17.66,292.39,7.83,52.45,20.23,10.61,9.62,6.75,10.81,1170.75,5.97,9.65,209.8
2015-05-29 19:10:00,12856200.0,981.38,17.49,292.22,7.97,53.53,20.02,10.72,9.3,6.82,10.92,1171.38,5.77,8.45,204.5
2015-05-29 19:20:00,12856800.0,981.41,17.1,291.82,8.11,55.38,19.53,10.82,8.71,6.88,11.02,1172.95,6.22,9.25,209.6
2015-05-29 19:30:00,12857400.0,981.57,16.55,291.26,8.44,58.67,18.86,11.07,7.79,7.04,11.27,1175.25,4.27,7.85,214.7
2015-05-29 19:40:00,12858000.0,981.61,16.15,290.85,8.71,61.28,18.39,11.27,7.12,7.17,11.48,1176.84,4.82,6.57,212.2
2015-05-29 19:50:00,12858600.0,981.52,15.91,290.62,8.83,62.77,18.11,11.36,6.74,7.23,11.58,1177.66,5.78,7.41,207.3
2015-05-29 20:00:00,12859200.0,981.45,15.67,290.38,8.87,63.9,17.83,11.39,6.44,7.25,11.61,1178.54,5.45,7.61,209.1
2015-05-29 20:10:00,12859800.0,981.4,15.5,290.21,8.83,64.43,17.64,11.36,6.27,7.23,11.58,1179.19,5.39,7.53,208.7
2015-05-29 20:20:00,12860400.0,981.44,15.31,290.02,8.82,65.15,17.42,11.35,6.07,7.23,11.57,1180.02,5.11,6.81,209.0
2015-05-29 20:30:00,12861000.0,981.67,15.14,289.83,8.82,65.89,17.23,11.35,5.88,7.23,11.57,1180.99,3.93,5.77,213.6
2015-05-29 20:40:00,12861600.0,981.79,14.96,289.64,8.75,66.34,17.03,11.3,5.73,7.19,11.51,1181.9,3.49,5.08,218.2
2015-05-29 20:50:00,12862200.0,981.91,14.86,289.53,8.74,66.74,16.92,11.3,5.63,7.19,11.5,1182.46,2.27,4.3,216.0
2015-05-29 21:00:00,12862800.0,981.97,14.71,289.37,8.74,67.39,16.76,11.3,5.47,7.19,11.5,1183.15,2.33,3.2,224.1
2015-05-29 21:10:00,12863400.0,982.04,14.55,289.21,8.77,68.23,16.59,11.32,5.27,7.2,11.53,1183.88,2.24,3.8,219.9
2015-05-29 21:20:00,12864000.0,982.11,14.4,289.05,8.83,69.16,16.43,11.36,5.07,7.23,11.57,1184.56,2.73,5.21,228.7
2015-05-29 21:30:00,12864600.0,982.12,14.32,288.97,8.91,69.87,16.34,11.42,4.92,7.26,11.63,1184.88,3.18,4.24,221.4
2015-05-29 21:40:00,12865200.0,982.07,14.27,288.92,8.95,70.3,16.29,11.45,4.84,7.29,11.66,1185.01,3.14,5.09,208.9
2015-05-29 21:50:00,12865800.0,982.08,14.2,288.85,9.03,71.0,16.22,11.51,4.7,7.33,11.72,1185.28,3.34,5.77,206.5
2015-05-29 22:00:00,12866400.0,982.09,14.0,288.65,9.04,72.0,16.01,11.53,4.48,7.33,11.74,1186.11,2.78,5.41,207.3
2015-05-29 22:10:00,12867000.0,982.16,13.76,288.4,9.04,73.1,15.76,11.52,4.24,7.33,11.73,1187.19,2.48,3.72,210.8
2015-05-29 22:20:00,12867600.0,982.16,13.51,288.15,9.0,74.1,15.51,11.49,4.02,7.31,11.7,1188.24,2.26,3.2,207.8
2015-05-29 22:30:00,12868200.0,982.24,13.33,287.96,8.94,74.7,15.33,11.45,3.88,7.28,11.65,1189.1,2.51,4.04,212.7
2015-05-29 22:40:00,12868800.0,982.31,13.19,287.82,8.91,75.2,15.19,11.42,3.77,7.26,11.63,1189.78,2.43,3.64,221.0
2015-05-29 22:50:00,12869400.0,982.35,13.11,287.73,8.89,75.5,15.11,11.41,3.7,7.25,11.61,1190.17,2.4,3.24,220.2
2015-05-29 23:00:00,12870000.0,982.36,13.09,287.71,8.85,75.4,15.09,11.38,3.71,7.23,11.58,1190.28,2.72,4.57,218.5
2015-05-29 23:10:00,12870600.0,982.39,12.99,287.61,8.79,75.6,14.99,11.33,3.66,7.21,11.53,1190.75,2.76,4.53,215.8
2015-05-29 23:20:00,12871200.0,982.49,12.85,287.46,8.69,75.8,14.85,11.26,3.59,7.16,11.46,1191.49,2.42,4.0,232.1
2015-05-29 23:30:00,12871800.0,982.42,12.68,287.29,8.63,76.3,14.69,11.21,3.48,7.13,11.41,1192.14,2.41,4.48,228.5
2015-05-29 23:40:00,12872400.0,982.36,12.59,287.21,8.56,76.4,14.6,11.15,3.45,7.09,11.35,1192.46,2.38,4.77,224.8
2015-05-29 23:50:00,12873000.0,982.34,12.51,287.13,8.48,76.4,14.52,11.1,3.43,7.06,11.3,1192.8,1.82,3.64,238.0
2015-05-30 00:00:00,12873600.0,982.35,12.55,287.17,8.44,76.0,14.56,11.07,3.49,7.04,11.27,1192.66,2.22,3.46,230.5
2015-05-30 00:10:00,12874200.0,982.26,12.52,287.15,8.3,75.4,14.53,10.96,3.58,6.97,11.16,1192.72,2.4,4.18,222.4
2015-05-30 00:20:00,12874800.0,982.27,12.51,287.14,8.05,74.2,14.52,10.78,3.75,6.85,10.97,1192.86,2.64,4.53,216.9
2015-05-30 00:30:00,12875400.0,982.4,12.39,287.0,7.74,73.2,14.41,10.55,3.86,6.71,10.74,1193.63,2.56,5.21,225.3
2015-05-30 00:40:00,12876000.0,982.36,12.41,287.03,7.43,71.6,14.43,10.33,4.1,6.57,10.52,1193.6,2.62,3.8,221.8
2015-05-30 00:50:00,12876600.0,982.34,12.46,287.08,7.44,71.4,14.48,10.34,4.14,6.57,10.52,1193.36,2.96,4.4,219.8
2015-05-30 01:00:00,12877200.0,982.3,12.56,287.18,7.58,71.6,14.57,10.43,4.14,6.63,10.62,1192.85,3.74,5.53,223.3
2015-05-30 01:10:00,12877800.0,982.32,12.49,287.11,7.59,72.0,14.5,10.44,4.06,6.64,10.63,1193.16,2.51,3.76,211.8
2015-05-30 01:20:00,12878400.0,982.31,12.44,287.06,7.63,72.4,14.46,10.47,3.99,6.65,10.66,1193.35,3.58,4.93,206.6
2015-05-30 01:30:00,12879000.0,982.32,12.64,287.26,7.61,71.4,14.65,10.46,4.19,6.65,10.65,1192.53,4.36,6.17,209.9
2015-05-30 01:40:00,12879600.0,982.27,12.73,287.36,7.58,70.8,14.74,10.43,4.3,6.63,10.62,1192.1,4.49,6.93,208.2
2015-05-30 01:50:00,12880200.0,982.26,12.71,287.34,7.56,70.8,14.72,10.42,4.3,6.62,10.61,1192.18,2.62,4.97,208.9
2015-05-30 02:00:00,12880800.0,982.25,12.61,287.24,7.5,71.0,14.62,10.38,4.24,6.6,10.57,1192.6,2.15,3.28,206.1
2015-05-30 02:10:00,12881400.0,982.29,12.6,287.22,7.47,70.9,14.61,10.36,4.25,6.59,10.55,1192.7,1.93,3.44,207.7
2015-05-30 02:20:00,12882000.0,982.37,12.55,287.17,7.43,70.9,14.56,10.32,4.24,6.56,10.51,1193.03,1.68,2.28,206.1
2015-05-30 02:30:00,12882600.0,982.32,12.53,287.15,7.39,70.8,14.54,10.3,4.25,6.55,10.48,1193.06,1.84,2.64,199.8
2015-05-30 02:40:00,12883200.0,982.28,12.58,287.2,7.39,70.6,14.59,10.3,4.29,6.55,10.49,1192.8,2.56,4.2,203.5
2015-05-30 02:50:00,12883800.0,982.25,12.67,287.3,7.34,69.94,14.68,10.27,4.41,6.53,10.45,1192.41,3.75,5.61,196.5
2015-05-30 03:00:00,12884400.0,982.12,12.85,287.49,7.29,68.87,14.85,10.23,4.62,6.5,10.41,1191.51,5.32,7.81,201.5
2015-05-30 03:10:00,12885000.0,982.02,12.91,287.56,7.35,68.89,14.91,10.27,4.64,6.53,10.46,1191.12,5.42,8.57,205.2
2015-05-30 03:20:00,12885600.0,982.0,12.9,287.55,7.37,69.02,14.9,10.28,4.62,6.54,10.47,1191.13,5.01,7.29,204.3
2015-05-30 03:30:00,12886200.0,982.09,12.9,287.54,7.36,68.96,14.9,10.28,4.63,6.53,10.46,1191.25,4.3,7.13,208.5
2015-05-30 03:40:00,12886800.0,982.28,12.87,287.5,7.38,69.23,14.87,10.3,4.58,6.55,10.48,1191.59,3.84,6.25,209.4
2015-05-30 03:50:00,12887400.0,982.85,12.62,287.2,7.35,70.2,14.63,10.27,4.36,6.52,10.45,1193.34,4.38,8.17,226.0
2015-05-30 04:00:00,12888000.0,983.82,9.56,284.04,5.8,77.3,11.94,9.23,2.71,5.85,9.38,1207.94,3.58,9.81,273.7
2015-05-30 04:10:00,12888600.0,983.76,7.74,282.22,5.82,87.6,10.55,9.24,1.31,5.86,9.39,1215.69,2.26,4.16,262.1
2015-05-30 04:20:00,12889200.0,983.9,7.52,281.99,5.94,89.7,10.39,9.32,1.07,5.91,9.47,1216.78,2.41,4.08,255.1
2015-05-30 04:30:00,12889800.0,983.89,7.52,281.99,6.02,90.2,10.39,9.37,1.02,5.95,9.53,1216.74,1.82,4.2,257.8
2015-05-30 04:40:00,12890400.0,983.9,7.53,282.0,6.06,90.4,10.4,9.4,1.0,5.96,9.55,1216.69,1.86,3.36,257.4
2015-05-30 04:50:00,12891000.0,983.86,7.64,282.11,6.16,90.3,10.48,9.46,1.02,6.0,9.62,1216.14,1.92,2.96,262.2
2015-05-30 05:00:00,12891600.0,984.05,7.81,282.27,6.18,89.4,10.6,9.48,1.12,6.01,9.63,1215.63,1.84,3.6,265.3
2015-05-30 05:10:00,12892200.0,984.11,7.89,282.34,6.21,89.1,10.66,9.5,1.16,6.02,9.65,1215.35,1.74,3.3,257.4
2015-05-30 05:20:00,12892800.0,984.09,7.96,282.41,6.26,89.0,10.71,9.53,1.18,6.05,9.69,1215.01,1.32,2.52,222.6
2015-05-30 05:30:00,12893400.0,983.97,8.2,282.66,6.47,88.8,10.89,9.67,1.22,6.13,9.82,1213.76,0.66,2.0,155.2
2015-05-30 05:40:00,12894000.0,984.04,8.32,282.78,6.5,88.3,10.97,9.69,1.28,6.15,9.85,1213.32,1.05,2.18,170.1
2015-05-30 05:50:00,12894600.0,984.11,8.36,282.81,6.56,88.4,11.0,9.73,1.28,6.17,9.89,1213.21,0.75,1.76,314.8
2015-05-30 06:00:00,12895200.0,984.12,8.46,282.91,6.49,87.4,11.08,9.68,1.4,6.14,9.84,1212.82,1.03,1.82,208.2
2015-05-30 06:10:00,12895800.0,984.03,8.73,283.19,6.96,88.6,11.28,10.0,1.29,6.34,10.16,1211.4,1.26,2.26,195.5
2015-05-30 06:20:00,12896400.0,983.92,8.92,283.39,6.83,86.7,11.43,9.91,1.52,6.29,10.07,1210.49,1.83,3.72,216.1
2015-05-30 06:30:00,12897000.0,984.07,9.14,283.6,6.71,84.7,11.6,9.83,1.78,6.23,9.99,1209.77,1.32,2.62,243.1
2015-05-30 06:40:00,12897600.0,984.13,9.29,283.75,6.65,83.5,11.72,9.79,1.93,6.21,9.94,1209.22,0.97,2.46,229.6
2015-05-30 06:50:00,12898200.0,984.37,9.38,283.82,6.67,83.1,11.79,9.8,1.99,6.22,9.95,1209.12,1.2,3.36,251.4
2015-05-30 07:00:00,12898800.0,984.39,9.57,284.01,6.66,82.0,11.94,9.79,2.15,6.21,9.95,1208.34,1.13,2.36,256.6
2015-05-30 07:10:00,12899400.0,984.5,10.23,284.66,6.94,80.0,12.48,9.99,2.5,6.33,10.15,1205.57,1.26,2.96,225.5
2015-05-30 07:20:00,12900000.0,984.61,10.88,285.3,7.02,77.0,13.04,10.04,3.0,6.37,10.2,1202.92,1.91,5.17,241.8
2015-05-30 07:30:00,12900600.0,984.72,10.85,285.26,6.95,76.8,13.01,9.99,3.02,6.34,10.15,1203.2,2.69,5.21,246.6
2015-05-30 07:40:00,12901200.0,984.85,10.76,285.16,6.88,76.9,12.93,9.95,2.99,6.31,10.1,1203.77,3.29,5.93,245.7
2015-05-30 07:50:00,12901800.0,984.94,11.04,285.44,6.96,75.9,13.18,10.0,3.18,6.34,10.16,1202.66,2.92,4.73,232.7
2015-05-30 08:00:00,12902400.0,985.02,11.26,285.65,6.87,74.3,13.37,9.94,3.44,6.3,10.09,1201.86,3.02,6.11,242.3
2015-05-30 08:10:00,12903000.0,985.06,11.73,286.12,6.45,70.0,13.8,9.66,4.14,6.12,9.8,1200.06,3.86,6.37,231.4
2015-05-30 08:20:00,12903600.0,985.18,11.58,285.96,6.37,70.3,13.66,9.6,4.06,6.08,9.75,1200.86,3.98,6.89,235.9
2015-05-30 08:30:00,12904200.0,985.26,11.86,286.23,6.56,69.91,13.91,9.73,4.19,6.16,9.87,1199.72,3.72,6.17,227.8
2015-05-30 08:40:00,12904800.0,985.3,11.76,286.13,6.21,68.69,13.82,9.49,4.33,6.02,9.64,1200.3,4.61,6.45,247.4
2015-05-30 08:50:00,12905400.0,985.4,12.18,286.54,6.12,66.41,14.21,9.44,4.77,5.98,9.58,1198.68,3.65,6.77,250.2
2015-05-30 09:00:00,12906000.0,985.52,12.25,286.6,5.93,65.22,14.28,9.31,4.97,5.9,9.45,1198.59,4.28,6.35,237.9
2015-05-30 09:10:00,12906600.0,985.54,12.38,286.73,5.65,63.44,14.4,9.14,5.26,5.79,9.27,1198.15,4.1,7.89,238.6
2015-05-30 09:20:00,12907200.0,985.68,12.53,286.87,5.65,62.81,14.54,9.13,5.41,5.78,9.27,1197.69,3.86,7.33,239.3
2015-05-30 09:30:00,12907800.0,985.79,12.33,286.66,5.28,62.02,14.35,8.9,5.45,5.64,9.03,1198.77,3.17,6.79,248.6
2015-05-30 09:40:00,12908400.0,985.79,12.76,287.09,4.87,58.59,14.76,8.65,6.11,5.48,8.77,1197.09,3.67,6.41,263.9
2015-05-30 09:50:00,12909000.0,985.82,12.81,287.14,4.96,58.78,14.81,8.71,6.11,5.51,8.83,1196.89,3.91,7.73,224.2
2015-05-30 10:00:00,12909600.0,985.88,13.58,287.91,5.0,56.02,15.58,8.73,6.85,5.52,8.85,1193.74,3.39,7.29,231.5
2015-05-30 10:10:00,12910200.0,985.94,13.44,287.76,4.96,56.4,15.44,8.71,6.73,5.51,8.83,1194.4,2.76,4.85,270.3
2015-05-30 10:20:00,12910800.0,985.9,13.89,288.22,4.94,54.68,15.89,8.69,7.2,5.5,8.82,1192.49,2.68,6.81,225.0
2015-05-30 10:30:00,12911400.0,986.01,14.27,288.59,4.55,51.91,16.29,8.46,7.83,5.35,8.58,1191.15,3.34,7.09,254.6
2015-05-30 10:40:00,12912000.0,986.04,13.41,287.72,4.99,56.64,15.41,8.73,6.68,5.52,8.85,1194.64,1.92,3.68,286.8
2015-05-30 10:50:00,12912600.0,986.05,13.38,287.69,5.14,57.34,15.38,8.82,6.56,5.58,8.94,1194.74,1.99,5.21,292.5
2015-05-30 11:00:00,12913200.0,986.11,13.44,287.75,4.88,56.09,15.44,8.66,6.78,5.48,8.78,1194.63,3.29,6.69,255.0
2015-05-30 11:10:00,12913800.0,986.09,14.01,288.32,5.22,55.35,16.02,8.87,7.15,5.61,8.99,1192.14,3.04,6.57,263.6
2015-05-30 11:20:00,12914400.0,986.08,14.44,288.76,4.82,52.34,16.47,8.62,7.85,5.46,8.74,1190.46,2.86,6.08,264.6
2015-05-30 11:30:00,12915000.0,986.06,14.61,288.93,3.83,48.27,16.65,8.04,8.62,5.09,8.15,1190.0,3.92,7.49,245.1
2015-05-30 11:40:00,12915600.0,986.02,15.01,289.33,3.62,46.34,17.09,7.92,9.17,5.01,8.03,1188.35,2.53,6.47,239.8
2015-05-30 11:50:00,12916200.0,985.93,15.33,289.66,3.52,45.08,17.44,7.86,9.58,4.98,7.98,1186.95,3.0,6.13,227.9
2015-05-30 12:00:00,12916800.0,985.92,15.0,289.33,3.33,45.45,17.08,7.76,9.32,4.91,7.87,1188.35,3.8,7.25,223.2
2015-05-30 12:10:00,12917400.0,985.87,15.21,289.55,3.12,44.16,17.31,7.64,9.67,4.84,7.75,1187.47,4.71,8.01,234.7
2015-05-30 12:20:00,12918000.0,985.86,15.95,290.29,3.36,42.84,18.15,7.78,10.38,4.92,7.89,1184.36,3.32,6.52,249.2
2015-05-30 12:30:00,12918600.0,985.86,15.83,290.17,3.12,42.45,18.01,7.65,10.37,4.84,7.76,1184.91,4.63,10.25,243.0
2015-05-30 12:40:00,12919200.0,985.87,15.5,289.84,2.82,42.45,17.64,7.49,10.15,4.74,7.59,1186.35,5.3,9.49,228.7
2015-05-30 12:50:00,12919800.0,985.86,15.75,290.09,2.78,41.63,17.92,7.46,10.46,4.72,7.57,1185.33,4.52,8.49,219.3
2015-05-30 13:00:00,12920400.0,985.93,15.75,290.08,2.69,41.37,17.92,7.41,10.51,4.69,7.52,1185.43,4.54,9.13,223.4
2015-05-30 13:10:00,12921000.0,986.04,15.67,289.99,3.05,42.68,17.83,7.61,10.22,4.81,7.72,1185.8,2.6,6.04,253.7
2015-05-30 13:20:00,12921600.0,986.02,16.33,290.66,3.42,41.99,18.6,7.81,10.79,4.94,7.92,1182.98,4.06,7.81,255.2
2015-05-30 13:30:00,12922200.0,986.13,16.12,290.44,3.33,42.3,18.35,7.76,10.59,4.91,7.87,1184.0,3.53,6.18,251.8
2015-05-30 13:40:00,12922800.0,986.05,16.19,290.51,3.3,42.0,18.43,7.74,10.69,4.9,7.85,1183.62,4.24,8.65,234.5
2015-05-30 13:50:00,12923400.0,986.23,15.89,290.2,2.77,41.23,18.08,7.46,10.63,4.72,7.56,1185.2,4.27,8.41,259.6
2015-05-30 14:00:00,12924000.0,986.42,15.42,289.71,2.73,42.38,17.55,7.44,10.11,4.7,7.54,1187.37,3.22,7.85,256.4
2015-05-30 14:10:00,12924600.0,986.6,14.76,289.03,3.68,47.32,16.82,7.96,8.86,5.03,8.07,1190.07,2.49,6.4,275.5
2015-05-30 14:20:00,12925200.0,986.63,15.13,289.4,4.19,47.9,17.22,8.25,8.97,5.22,8.36,1188.44,2.12,4.4,287.7
2015-05-30 14:30:00,12925800.0,986.71,15.65,289.92,4.3,46.68,17.81,8.31,9.49,5.26,8.42,1186.37,2.54,6.59,292.8
2015-05-30 14:40:00,12926400.0,986.79,15.31,289.57,4.13,47.14,17.42,8.21,9.21,5.19,8.32,1187.91,2.4,5.44,268.0
2015-05-30 14:50:00,12927000.0,986.77,15.42,289.68,4.43,47.79,17.55,8.39,9.16,5.3,8.5,1187.36,1.19,3.24,275.3
2015-05-30 15:00:00,12927600.0,986.87,15.36,289.61,3.94,46.36,17.48,8.1,9.38,5.12,8.21,1187.85,1.99,4.04,275.5
2015-05-30 15:10:00,12928200.0,987.15,14.66,288.89,3.65,47.52,16.71,7.94,8.77,5.02,8.04,1191.16,3.46,7.41,261.6
2015-05-30 15:20:00,12928800.0,987.26,14.35,288.57,3.78,48.94,16.38,8.01,8.36,5.06,8.12,1192.54,2.53,5.6,270.4
2015-05-30 15:30:00,12929400.0,987.2,15.03,289.25,3.49,45.87,17.11,7.85,9.26,4.96,7.95,1189.73,2.89,5.64,266.9
2015-05-30 15:40:00,12930000.0,987.25,14.85,289.07,3.54,46.56,16.91,7.88,9.04,4.98,7.98,1190.52,2.89,5.52,270.2
2015-05-30 15:50:00,12930600.0,987.43,14.16,288.36,5.02,54.04,16.18,8.74,7.43,5.52,8.85,1193.2,2.25,5.2,16.07
2015-05-30 16:00:00,12931200.0,987.48,13.72,287.92,5.19,56.28,15.72,8.85,6.87,5.59,8.96,1195.04,3.06,6.32,22.59
2015-05-30 16:10:00,12931800.0,987.81,13.29,287.46,5.06,57.36,15.29,8.77,6.52,5.54,8.88,1197.28,1.65,4.24,353.0
2015-05-30 16:20:00,12932400.0,987.98,13.36,287.51,4.91,56.5,15.36,8.68,6.68,5.48,8.78,1197.23,1.96,4.68,22.18
2015-05-30 16:30:00,12933000.0,988.19,13.54,287.68,4.87,55.67,15.54,8.65,6.89,5.46,8.75,1196.75,1.24,3.36,296.1
2015-05-30 16:40:00,12933600.0,988.53,12.84,286.95,4.38,56.32,14.84,8.36,6.48,5.28,8.46,1200.22,2.46,7.33,293.3
2015-05-30 16:50:00,12934200.0,988.81,12.24,286.32,4.4,58.65,14.27,8.37,5.9,5.28,8.46,1203.09,1.96,4.54,290.5
2015-05-30 17:00:00,12934800.0,989.0,12.02,286.08,4.44,59.69,14.06,8.39,5.67,5.3,8.49,1204.23,2.08,4.64,325.2
2015-05-30 17:10:00,12935400.0,989.08,12.0,286.06,4.4,59.61,14.04,8.37,5.67,5.28,8.46,1204.43,1.63,5.37,316.3
2015-05-30 17:20:00,12936000.0,989.21,11.81,285.86,4.44,60.51,13.87,8.39,5.48,5.29,8.48,1205.38,1.76,4.44,272.4
2015-05-30 17:30:00,12936600.0,989.35,11.73,285.76,4.42,60.76,13.8,8.38,5.41,5.29,8.47,1205.89,1.78,4.42,275.9
2015-05-30 17:40:00,12937200.0,989.43,11.62,285.65,4.44,61.3,13.7,8.4,5.3,5.29,8.49,1206.45,1.88,3.7,256.7
2015-05-30 17:50:00,12937800.0,989.53,11.69,285.71,4.35,60.63,13.76,8.34,5.42,5.26,8.43,1206.3,2.01,3.82,273.7
2015-05-30 18:00:00,12938400.0,989.62,11.82,285.83,4.27,59.77,13.88,8.29,5.58,5.23,8.38,1205.88,1.84,4.44,283.0
2015-05-30 18:10:00,12939000.0,989.73,12.23,286.23,4.14,57.64,14.26,8.22,6.04,5.18,8.3,1204.32,2.02,4.44,275.7
2015-05-30 18:20:00,12939600.0,989.87,12.49,286.48,3.88,55.64,14.5,8.07,6.43,5.09,8.15,1203.46,2.44,5.89,269.0
2015-05-30 18:30:00,12940200.0,989.99,11.99,285.97,3.83,57.27,14.03,8.04,6.0,5.07,8.12,1205.73,2.27,4.48,275.8
2015-05-30 18:40:00,12940800.0,989.99,11.83,285.81,4.14,59.17,13.89,8.22,5.67,5.18,8.3,1206.33,1.88,3.96,269.6
2015-05-30 18:50:00,12941400.0,990.06,11.49,285.46,4.28,61.12,13.58,8.3,5.28,5.23,8.38,1207.82,1.74,5.33,284.6
2015-05-30 19:00:00,12942000.0,990.1,11.33,285.3,4.41,62.34,13.43,8.38,5.06,5.28,8.46,1208.51,1.17,3.18,242.1
2015-05-30 19:10:00,12942600.0,990.12,11.33,285.3,4.44,62.47,13.43,8.39,5.04,5.29,8.48,1208.53,1.63,3.48,267.3
2015-05-30 19:20:00,12943200.0,990.21,11.28,285.24,4.03,60.91,13.39,8.16,5.23,5.14,8.24,1208.96,2.16,4.36,271.1
2015-05-30 19:30:00,12943800.0,990.25,11.1,285.06,3.68,60.12,13.23,7.95,5.28,5.01,8.03,1209.87,1.79,3.36,263.2
2015-05-30 19:40:00,12944400.0,990.33,10.88,284.83,3.5,60.22,13.04,7.85,5.19,4.95,7.93,1210.95,1.9,3.14,266.2
2015-05-30 19:50:00,12945000.0,990.42,10.66,284.6,3.42,60.78,12.85,7.81,5.04,4.92,7.89,1212.02,1.96,3.36,261.5
2015-05-30 20:00:00,12945600.0,990.46,10.39,284.33,3.48,62.15,12.62,7.84,4.78,4.94,7.92,1213.21,1.96,3.48,259.7
2015-05-30 20:10:00,12946200.0,990.55,10.32,284.25,3.24,61.4,12.56,7.71,4.85,4.86,7.79,1213.68,1.97,3.12,266.8
2015-05-30 20:20:00,12946800.0,990.69,10.25,284.17,3.21,61.57,12.5,7.7,4.8,4.85,7.77,1214.16,1.61,2.32,268.4
2015-05-30 20:30:00,12947400.0,990.8,10.03,283.94,3.26,62.67,12.32,7.72,4.6,4.86,7.79,1215.22,1.59,2.68,246.9
2015-05-30 20:40:00,12948000.0,990.84,9.75,283.66,3.3,64.07,12.09,7.75,4.34,4.88,7.82,1216.46,1.28,1.84,249.3
2015-05-30 20:50:00,12948600.0,990.89,9.56,283.46,3.31,64.94,11.94,7.75,4.18,4.88,7.82,1217.34,2.06,2.96,252.7
2015-05-30 21:00:00,12949200.0,990.89,9.4,283.3,3.32,65.67,11.81,7.75,4.05,4.88,7.83,1218.03,2.65,3.24,253.3
2015-05-30 21:10:00,12949800.0,990.91,9.24,283.14,3.29,66.23,11.68,7.74,3.94,4.87,7.81,1218.75,2.6,3.52,259.8
2015-05-30 21:20:00,12950400.0,990.93,9.34,283.24,3.22,65.47,11.76,7.7,4.06,4.85,7.77,1218.36,1.2,1.94,285.1
2015-05-30 21:30:00,12951000.0,990.91,9.42,283.32,3.2,65.04,11.82,7.69,4.13,4.84,7.76,1218.0,0.38,1.08,272.5
2015-05-30 21:40:00,12951600.0,990.95,9.42,283.32,3.2,65.05,11.82,7.69,4.13,4.84,7.76,1218.05,1.39,2.08,238.6
2015-05-30 21:50:00,12952200.0,990.96,9.31,283.2,3.23,65.67,11.74,7.71,4.03,4.85,7.78,1218.52,1.7,2.16,238.2
2015-05-30 22:00:00,12952800.0,990.95,9.11,283.0,3.12,66.01,11.58,7.64,3.94,4.81,7.71,1219.41,1.96,2.4,247.1
2015-05-30 22:10:00,12953400.0,991.01,9.11,283.0,3.01,65.53,11.58,7.59,3.99,4.78,7.66,1219.51,1.32,1.96,245.6
2015-05-30 22:20:00,12954000.0,991.15,8.9,282.78,3.36,68.14,11.42,7.78,3.64,4.9,7.85,1220.5,1.03,1.94,179.0
2015-05-30 22:30:00,12954600.0,991.18,8.54,282.41,3.35,69.76,11.14,7.77,3.37,4.89,7.84,1222.1,1.93,2.6,219.3
2015-05-30 22:40:00,12955200.0,991.09,8.36,282.24,3.25,70.1,11.0,7.71,3.29,4.86,7.78,1222.79,2.6,2.88,230.6
2015-05-30 22:50:00,12955800.0,991.09,8.3,282.18,3.11,69.71,10.96,7.64,3.32,4.81,7.71,1223.09,2.35,2.62,232.8
2015-05-30 23:00:00,12956400.0,991.17,8.33,282.2,3.03,69.15,10.98,7.59,3.39,4.78,7.66,1223.08,2.4,2.96,238.8
2015-05-30 23:10:00,12957000.0,991.17,8.24,282.11,2.94,69.18,10.92,7.55,3.36,4.75,7.62,1223.49,2.02,2.8,243.6
2015-05-30 23:20:00,12957600.0,991.09,8.31,282.19,2.88,68.52,10.97,7.51,3.45,4.73,7.58,1223.1,1.7,2.4,223.9
2015-05-30 23:30:00,12958200.0,991.19,8.05,281.92,2.93,70.0,10.77,7.54,3.23,4.75,7.61,1224.35,1.75,3.4,212.6
2015-05-30 23:40:00,12958800.0,991.25,7.57,281.44,3.19,73.7,10.43,7.68,2.74,4.84,7.75,1226.45,0.9,2.4,174.6
2015-05-30 23:50:00,12959400.0,991.32,7.18,281.04,3.34,76.5,10.15,7.77,2.39,4.89,7.83,1228.2,1.13,2.32,197.7
2015-05-31 00:00:00,12960000.0,991.23,7.06,280.93,3.32,77.0,10.07,7.75,2.32,4.88,7.82,1228.62,0.7,1.4,203.6
2015-05-31 00:10:00,12960600.0,991.29,6.89,280.75,3.15,77.0,9.95,7.66,2.29,4.82,7.73,1229.48,1.19,2.04,208.5
2015-05-31 00:20:00,12961200.0,991.32,6.7,280.56,2.86,76.4,9.82,7.51,2.32,4.72,7.57,1230.42,1.16,1.78,216.1
2015-05-31 00:30:00,12961800.0,991.32,6.71,280.57,2.92,76.7,9.83,7.54,2.29,4.74,7.61,1230.36,1.53,2.32,216.2
2015-05-31 00:40:00,12962400.0,991.33,6.7,280.56,3.04,77.4,9.82,7.6,2.22,4.78,7.67,1230.39,1.28,2.04,216.2
2015-05-31 00:50:00,12963000.0,991.26,6.59,280.46,3.15,78.6,9.75,7.66,2.09,4.82,7.73,1230.76,1.12,1.88,206.4
2015-05-31 01:00:00,12963600.0,991.21,6.47,280.34,3.19,79.5,9.67,7.69,1.98,4.84,7.75,1231.22,0.92,2.16,191.7
2015-05-31 01:10:00,12964200.0,991.17,6.33,280.2,3.04,79.4,9.57,7.6,1.97,4.78,7.67,1231.84,0.97,1.88,196.1
2015-05-31 01:20:00,12964800.0,991.19,6.13,280.0,2.95,80.0,9.44,7.56,1.89,4.76,7.62,1232.75,1.1,2.12,193.0
2015-05-31 01:30:00,12965400.0,991.14,6.02,279.9,3.09,81.4,9.37,7.63,1.74,4.8,7.7,1233.13,1.37,2.54,178.3
2015-05-31 01:40:00,12966000.0,991.13,5.84,279.71,3.02,82.0,9.26,7.59,1.67,4.78,7.66,1233.94,1.52,2.56,179.1
2015-05-31 01:50:00,12966600.0,991.08,5.68,279.55,2.89,82.2,9.15,7.52,1.63,4.73,7.59,1234.64,1.28,2.24,196.2
2015-05-31 02:00:00,12967200.0,991.08,5.51,279.39,2.83,82.8,9.05,7.49,1.56,4.71,7.56,1235.38,1.21,2.16,188.3
2015-05-31 02:10:00,12967800.0,991.05,5.23,279.11,2.61,83.1,8.87,7.37,1.5,4.64,7.44,1236.64,0.78,2.12,179.2
2015-05-31 02:20:00,12968400.0,990.99,5.17,279.05,2.76,84.4,8.83,7.45,1.38,4.69,7.52,1236.82,1.34,2.44,190.0
2015-05-31 02:30:00,12969000.0,990.98,5.15,279.03,2.83,84.9,8.82,7.49,1.33,4.71,7.56,1236.87,0.86,2.52,192.9
2015-05-31 02:40:00,12969600.0,991.07,5.21,279.08,2.8,84.4,8.86,7.47,1.38,4.7,7.54,1236.73,0.74,1.36,213.8
2015-05-31 02:50:00,12970200.0,991.06,5.25,279.13,2.76,83.9,8.88,7.45,1.43,4.69,7.52,1236.53,1.29,1.76,210.9
2015-05-31 03:00:00,12970800.0,991.11,5.22,279.1,2.72,83.8,8.87,7.43,1.44,4.68,7.5,1236.73,1.08,1.64,209.8
2015-05-31 03:10:00,12971400.0,991.13,5.11,278.98,2.69,84.3,8.79,7.41,1.38,4.67,7.48,1237.29,1.03,2.28,194.4
2015-05-31 03:20:00,12972000.0,991.14,4.86,278.72,2.56,85.0,8.64,7.34,1.3,4.62,7.41,1238.45,1.41,2.08,206.2
2015-05-31 03:30:00,12972600.0,991.16,4.66,278.53,2.58,86.3,8.53,7.36,1.17,4.63,7.42,1239.32,1.27,2.04,196.7
2015-05-31 03:40:00,12973200.0,991.17,4.41,278.28,2.51,87.4,8.38,7.32,1.06,4.61,7.39,1240.46,1.57,2.32,195.3
2015-05-31 03:50:00,12973800.0,991.18,4.23,278.09,2.43,88.0,8.27,7.28,0.99,4.58,7.34,1241.33,1.44,2.2,178.4
2015-05-31 04:00:00,12974400.0,991.19,3.98,277.84,2.24,88.4,8.13,7.18,0.94,4.52,7.25,1242.5,1.29,1.8,191.8
2015-05-31 04:10:00,12975000.0,991.19,3.9,277.76,2.25,88.9,8.08,7.18,0.9,4.52,7.25,1242.85,1.25,2.0,186.9
2015-05-31 04:20:00,12975600.0,991.11,3.65,277.52,2.06,89.3,7.94,7.09,0.85,4.46,7.15,1243.91,0.93,1.42,189.2
2015-05-31 04:30:00,12976200.0,991.07,3.61,277.49,2.12,89.9,7.92,7.12,0.8,4.48,7.18,1244.02,1.11,1.68,205.5
2015-05-31 04:40:00,12976800.0,991.09,3.73,277.6,2.14,89.3,7.98,7.13,0.85,4.49,7.19,1243.51,1.25,1.72,198.8
2015-05-31 04:50:00,12977400.0,991.09,4.1,277.97,2.39,88.6,8.19,7.26,0.93,4.57,7.33,1241.8,1.07,1.6,186.9
2015-05-31 05:00:00,12978000.0,991.09,4.57,278.44,2.5,86.4,8.47,7.32,1.15,4.6,7.38,1239.68,0.85,1.44,156.3
2015-05-31 05:10:00,12978600.0,991.08,4.56,278.43,2.39,85.8,8.46,7.26,1.2,4.57,7.33,1239.75,0.98,1.8,144.5
2015-05-31 05:20:00,12979200.0,991.0,4.58,278.46,2.39,85.6,8.48,7.26,1.22,4.57,7.32,1239.53,0.78,1.14,178.1
2015-05-31 05:30:00,12979800.0,991.01,4.49,278.37,2.49,86.8,8.42,7.31,1.11,4.6,7.38,1239.91,0.76,1.28,211.2
2015-05-31 05:40:00,12980400.0,991.03,4.99,278.87,2.71,85.1,8.72,7.42,1.3,4.67,7.49,1237.66,0.73,1.64,201.4
2015-05-31 05:50:00,12981000.0,991.03,5.43,279.31,2.82,83.2,8.99,7.48,1.51,4.71,7.55,1235.69,1.12,2.4,200.3
2015-05-31 06:00:00,12981600.0,991.0,5.87,279.76,3.0,81.7,9.28,7.58,1.7,4.77,7.65,1233.64,1.1,2.08,211.3
2015-05-31 06:10:00,12982200.0,990.9,5.9,279.79,3.1,82.1,9.3,7.63,1.66,4.8,7.7,1233.36,0.79,2.08,215.7
2015-05-31 06:20:00,12982800.0,990.79,6.17,280.07,3.12,80.7,9.47,7.64,1.83,4.81,7.71,1232.02,1.49,2.88,169.0
2015-05-31 06:30:00,12983400.0,990.7,6.6,280.5,3.21,78.9,9.75,7.69,2.06,4.85,7.77,1230.03,1.56,3.72,162.5
2015-05-31 06:40:00,12984000.0,990.6,6.85,280.77,3.37,78.4,9.92,7.78,2.14,4.9,7.85,1228.75,2.08,3.56,168.6
2015-05-31 06:50:00,12984600.0,990.57,7.35,281.27,3.41,76.0,10.27,7.81,2.47,4.92,7.88,1226.51,2.29,4.12,169.9
2015-05-31 07:00:00,12985200.0,990.49,7.83,281.76,3.44,73.7,10.61,7.82,2.79,4.93,7.9,1224.31,2.22,3.64,148.7
2015-05-31 07:10:00,12985800.0,990.48,8.15,282.08,3.69,73.4,10.85,7.96,2.89,5.02,8.04,1222.83,1.92,2.96,150.7
2015-05-31 07:20:00,12986400.0,990.38,8.73,282.67,4.14,72.8,11.28,8.22,3.07,5.18,8.3,1220.08,1.71,2.6,135.5
2015-05-31 07:30:00,12987000.0,990.35,9.19,283.13,4.46,72.2,11.64,8.41,3.24,5.3,8.49,1217.96,2.02,3.04,124.1
2015-05-31 07:40:00,12987600.0,990.29,10.05,284.0,4.6,68.83,12.34,8.49,3.84,5.35,8.57,1214.15,1.83,2.8,158.3
2015-05-31 07:50:00,12988200.0,990.24,10.66,284.62,4.68,66.42,12.85,8.53,4.31,5.38,8.62,1211.46,1.94,2.84,160.0
2015-05-31 08:00:00,12988800.0,990.21,11.46,285.42,4.93,64.12,13.55,8.69,4.86,5.48,8.77,1207.95,1.82,3.16,147.0
2015-05-31 08:10:00,12989400.0,990.11,12.41,286.38,5.12,61.02,14.43,8.8,5.62,5.55,8.89,1203.75,1.86,3.28,144.8
2015-05-31 08:20:00,12990000.0,990.0,13.08,287.06,5.29,59.08,15.08,8.91,6.17,5.62,9.0,1200.75,2.28,4.1,163.7
2015-05-31 08:30:00,12990600.0,989.95,13.56,287.55,5.37,57.58,15.56,8.96,6.6,5.65,9.05,1198.66,2.73,3.94,146.8
2015-05-31 08:40:00,12991200.0,989.84,14.02,288.02,5.54,56.54,16.03,9.06,6.97,5.71,9.16,1196.56,2.35,3.64,149.4
2015-05-31 08:50:00,12991800.0,989.75,14.53,288.54,5.62,55.0,16.57,9.11,7.46,5.75,9.21,1194.31,2.42,4.22,159.0
2015-05-31 09:00:00,12992400.0,989.63,15.06,289.08,5.76,53.68,17.14,9.2,7.94,5.8,9.3,1191.92,2.64,3.8,167.0
2015-05-31 09:10:00,12993000.0,989.54,15.73,289.76,5.06,48.98,17.9,8.77,9.13,5.53,8.86,1189.25,3.13,6.73,207.2
2015-05-31 09:20:00,12993600.0,989.42,15.87,289.91,4.18,45.64,18.06,8.24,9.82,5.2,8.33,1188.77,4.55,6.57,201.4
2015-05-31 09:30:00,12994200.0,989.37,15.98,290.03,4.28,45.62,18.19,8.3,9.89,5.23,8.39,1188.23,4.71,6.85,208.4
2015-05-31 09:40:00,12994800.0,989.39,15.76,289.8,4.22,46.1,17.93,8.27,9.67,5.21,8.36,1189.17,5.31,7.61,211.8
2015-05-31 09:50:00,12995400.0,989.35,15.89,289.94,4.41,46.32,18.08,8.38,9.71,5.28,8.47,1188.54,4.92,6.81,212.4
2015-05-31 10:00:00,12996000.0,989.32,15.94,289.99,4.41,46.18,18.14,8.38,9.76,5.28,8.47,1188.3,4.77,7.83,205.4
2015-05-31 10:10:00,12996600.0,989.34,16.19,290.24,4.51,45.76,18.43,8.43,10.0,5.32,8.53,1187.27,3.37,5.56,202.5
2015-05-31 10:20:00,12997200.0,989.26,16.49,290.55,4.5,44.86,18.79,8.43,10.36,5.32,8.52,1185.95,3.77,6.16,199.8
2015-05-31 10:30:00,12997800.0,989.24,16.47,290.53,3.98,43.3,18.76,8.12,10.64,5.12,8.21,1186.14,4.94,7.16,217.6
2015-05-31 10:40:00,12998400.0,989.21,16.62,290.68,4.01,42.97,18.94,8.14,10.8,5.13,8.23,1185.48,4.77,7.32,211.3
2015-05-31 10:50:00,12999000.0,989.23,16.75,290.81,4.1,42.89,19.1,8.19,10.91,5.17,8.28,1184.95,5.49,8.09,212.8
2015-05-31 11:00:00,12999600.0,989.23,16.71,290.77,3.87,42.32,19.05,8.06,10.99,5.09,8.15,1185.18,5.55,8.37,209.4
2015-05-31 11:10:00,13000200.0,989.21,16.69,290.75,3.4,40.98,19.03,7.8,11.23,4.92,7.88,1185.35,5.59,8.37,210.9
2015-05-31 11:20:00,13000800.0,989.11,16.67,290.74,3.36,40.91,19.0,7.77,11.23,4.9,7.86,1185.33,6.08,9.05,214.6
2015-05-31 11:30:00,13001400.0,988.92,16.58,290.66,3.55,41.7,18.9,7.88,11.02,4.97,7.97,1185.42,6.37,10.05,203.6
2015-05-31 11:40:00,13002000.0,988.83,16.81,290.9,4.22,43.1,19.17,8.26,10.91,5.21,8.36,1184.2,6.94,9.57,206.9
2015-05-31 11:50:00,13002600.0,988.83,16.79,290.88,4.72,44.69,19.15,8.56,10.59,5.4,8.65,1184.14,6.66,10.13,209.1
2015-05-31 12:00:00,13003200.0,988.69,17.04,291.15,5.09,45.15,19.46,8.78,10.67,5.55,8.88,1182.85,6.28,8.77,216.2
2015-05-31 12:10:00,13003800.0,988.53,17.65,291.77,5.64,45.14,20.22,9.13,11.09,5.76,9.23,1180.02,5.89,9.89,198.0
2015-05-31 12:20:00,13004400.0,988.49,17.9,292.03,5.97,45.47,20.54,9.34,11.2,5.9,9.45,1178.87,5.52,9.13,213.1
2015-05-31 12:30:00,13005000.0,988.37,17.86,292.0,5.85,45.2,20.49,9.26,11.23,5.85,9.37,1178.92,6.38,10.11,214.5
2015-05-31 12:40:00,13005600.0,988.31,17.87,292.01,5.91,45.35,20.5,9.3,11.21,5.87,9.41,1178.79,7.23,10.49,207.2
2015-05-31 12:50:00,13006200.0,988.23,18.14,292.29,6.12,45.24,20.85,9.43,11.42,5.96,9.55,1177.54,6.42,10.25,214.5
2015-05-31 13:00:00,13006800.0,988.13,18.28,292.44,6.23,45.2,21.04,9.51,11.53,6.01,9.62,1176.82,6.72,9.45,213.1
2015-05-31 13:10:00,13007400.0,988.06,18.45,292.61,6.33,45.03,21.26,9.58,11.69,6.05,9.69,1176.02,5.07,7.97,216.1
2015-05-31 13:20:00,13008000.0,988.01,18.81,292.98,6.41,44.27,21.75,9.63,12.12,6.08,9.75,1174.49,5.2,8.97,204.7
2015-05-31 13:30:00,13008600.0,987.95,18.99,293.16,6.45,43.89,21.99,9.65,12.34,6.1,9.77,1173.68,5.43,8.93,208.9
2015-05-31 13:40:00,13009200.0,987.86,19.07,293.25,6.15,42.78,22.1,9.46,12.65,5.98,9.57,1173.34,6.76,10.01,215.3
2015-05-31 13:50:00,13009800.0,987.79,19.0,293.19,6.2,43.11,22.01,9.49,12.52,6.0,9.61,1173.53,6.98,10.33,214.3
2015-05-31 14:00:00,13010400.0,987.75,19.01,293.2,6.41,43.73,22.02,9.63,12.39,6.09,9.75,1173.37,5.78,9.21,217.8
2015-05-31 14:10:00,13011000.0,987.67,19.14,293.34,6.59,43.92,22.2,9.75,12.45,6.16,9.87,1172.7,5.9,9.21,227.1
2015-05-31 14:20:00,13011600.0,987.59,19.19,293.4,6.66,43.99,22.27,9.8,12.47,6.19,9.92,1172.39,6.09,10.01,216.7
2015-05-31 14:30:00,13012200.0,987.58,19.31,293.52,6.6,43.47,22.44,9.75,12.68,6.17,9.88,1171.91,5.56,9.73,218.6
2015-05-31 14:40:00,13012800.0,987.55,19.36,293.57,6.73,43.74,22.51,9.84,12.66,6.22,9.97,1171.64,5.68,9.07,217.3
2015-05-31 14:50:00,13013400.0,987.42,19.32,293.54,6.75,43.91,22.45,9.86,12.59,6.23,9.98,1171.64,6.02,8.77,214.8
2015-05-31 15:00:00,13014000.0,987.27,19.27,293.5,6.88,44.42,22.38,9.94,12.44,6.29,10.07,1171.62,4.91,7.81,207.0
2015-05-31 15:10:00,13014600.0,987.15,19.57,293.81,7.2,44.57,22.8,10.16,12.64,6.43,10.3,1170.18,3.74,6.32,191.4
2015-05-31 15:20:00,13015200.0,987.0,20.07,294.33,7.42,43.87,23.52,10.32,13.2,6.53,10.45,1167.93,4.56,7.67,197.9
2015-05-31 15:30:00,13015800.0,986.97,19.83,294.09,7.41,44.49,23.17,10.31,12.86,6.52,10.45,1168.86,5.19,8.37,192.0
2015-05-31 15:40:00,13016400.0,986.9,19.65,293.92,7.29,44.65,22.92,10.23,12.68,6.47,10.37,1169.53,4.58,7.61,201.6
2015-05-31 15:50:00,13017000.0,986.87,19.86,294.13,7.62,45.08,23.22,10.47,12.75,6.62,10.61,1168.55,3.95,7.2,197.3
2015-05-31 16:00:00,13017600.0,986.72,20.0,294.28,6.84,42.34,23.42,9.92,13.5,6.27,10.05,1168.06,5.8,8.97,214.5
2015-05-31 16:10:00,13018200.0,986.67,20.03,294.32,6.75,42.01,23.46,9.86,13.61,6.24,9.99,1167.91,5.9,7.69,215.0
2015-05-31 16:20:00,13018800.0,986.59,20.06,294.35,6.89,42.34,23.51,9.95,13.55,6.3,10.09,1167.65,5.33,8.37,212.9
2015-05-31 16:30:00,13019400.0,986.55,20.28,294.58,7.14,42.5,23.83,10.13,13.7,6.41,10.27,1166.65,5.53,8.17,191.8
2015-05-31 16:40:00,13020000.0,986.46,20.38,294.69,7.29,42.67,23.98,10.23,13.75,6.48,10.37,1166.1,4.73,8.03,194.2
2015-05-31 16:50:00,13020600.0,986.39,20.66,294.97,7.5,42.54,24.39,10.38,14.02,6.57,10.52,1164.84,4.35,6.24,199.1
2015-05-31 17:00:00,13021200.0,986.25,20.67,295.0,7.39,42.2,24.41,10.3,14.11,6.52,10.44,1164.67,5.08,7.36,190.3
2015-05-31 17:10:00,13021800.0,986.21,20.69,295.02,7.26,41.77,24.44,10.21,14.23,6.46,10.35,1164.58,5.47,8.89,209.2
2015-05-31 17:20:00,13022400.0,986.17,20.74,295.07,7.37,41.97,24.51,10.29,14.23,6.52,10.43,1164.3,5.19,8.01,199.1
2015-05-31 17:30:00,13023000.0,986.09,20.78,295.12,7.51,42.27,24.58,10.39,14.19,6.58,10.53,1164.0,4.18,6.0,203.9
2015-05-31 17:40:00,13023600.0,986.11,20.87,295.21,7.44,41.81,24.71,10.33,14.38,6.54,10.48,1163.69,5.23,8.15,216.3
2015-05-31 17:50:00,13024200.0,986.15,20.61,294.94,7.27,42.0,24.32,10.21,14.11,6.47,10.36,1164.83,5.23,7.57,213.4
2015-05-31 18:00:00,13024800.0,986.13,20.46,294.8,7.4,42.77,24.1,10.31,13.79,6.53,10.45,1165.36,4.78,7.77,221.1
2015-05-31 18:10:00,13025400.0,986.09,20.56,294.9,7.48,42.74,24.24,10.36,13.88,6.56,10.51,1164.89,5.22,7.2,221.2
2015-05-31 18:20:00,13026000.0,986.01,20.35,294.7,7.45,43.2,23.93,10.34,13.59,6.55,10.49,1165.63,4.84,6.93,207.9
2015-05-31 18:30:00,13026600.0,985.92,20.3,294.65,7.46,43.39,23.86,10.35,13.51,6.56,10.5,1165.72,4.03,5.84,206.8
2015-05-31 18:40:00,13027200.0,985.86,20.16,294.52,7.26,43.17,23.65,10.21,13.44,6.47,10.36,1166.27,4.96,6.89,200.0
2015-05-31 18:50:00,13027800.0,985.85,20.05,294.41,7.11,43.01,23.49,10.1,13.39,6.4,10.25,1166.74,4.76,6.89,210.4
2015-05-31 19:00:00,13028400.0,985.82,20.0,294.36,7.16,43.3,23.42,10.14,13.28,6.42,10.29,1166.89,4.22,5.88,207.3
2015-05-31 19:10:00,13029000.0,985.82,19.94,294.3,7.25,43.73,23.33,10.2,13.13,6.46,10.35,1167.1,3.54,5.6,203.8
2015-05-31 19:20:00,13029600.0,985.81,19.83,294.19,7.33,44.26,23.17,10.26,12.92,6.5,10.4,1167.5,3.18,4.76,206.4
2015-05-31 19:30:00,13030200.0,985.83,19.67,294.03,7.43,45.01,22.95,10.33,12.62,6.54,10.48,1168.13,2.39,3.4,202.0
2015-05-31 19:40:00,13030800.0,985.83,19.49,293.85,7.5,45.72,22.69,10.37,12.32,6.57,10.52,1168.83,2.2,2.76,192.9
2015-05-31 19:50:00,13031400.0,985.81,19.35,293.71,7.52,46.19,22.49,10.39,12.1,6.58,10.54,1169.36,2.45,3.44,205.7
2015-05-31 20:00:00,13032000.0,985.89,19.18,293.53,7.61,46.98,22.26,10.46,11.8,6.62,10.61,1170.1,2.92,4.44,203.5
2015-05-31 20:10:00,13032600.0,985.92,19.04,293.39,7.65,47.53,22.06,10.49,11.58,6.64,10.64,1170.69,2.09,3.24,209.3
2015-05-31 20:20:00,13033200.0,985.93,18.75,293.1,7.65,48.39,21.67,10.48,11.18,6.64,10.63,1171.86,1.87,2.36,200.5
2015-05-31 20:30:00,13033800.0,985.93,18.57,292.91,7.6,48.76,21.42,10.45,10.98,6.62,10.6,1172.6,1.82,2.48,201.5
2015-05-31 20:40:00,13034400.0,985.92,18.54,292.89,7.58,48.8,21.38,10.44,10.95,6.61,10.58,1172.72,2.17,2.72,203.6
2015-05-31 20:50:00,13035000.0,985.91,18.43,292.78,7.61,49.24,21.24,10.46,10.78,6.62,10.61,1173.14,1.9,2.88,208.3
2015-05-31 21:00:00,13035600.0,985.93,18.13,292.47,7.63,50.25,20.84,10.47,10.37,6.63,10.62,1174.36,1.78,2.48,213.5
2015-05-31 21:10:00,13036200.0,985.95,18.0,292.34,7.68,50.82,20.67,10.51,10.17,6.65,10.66,1174.9,2.09,3.16,215.1
2015-05-31 21:20:00,13036800.0,985.97,17.9,292.24,7.7,51.22,20.54,10.52,10.02,6.66,10.67,1175.32,2.01,2.92,218.3
2015-05-31 21:30:00,13037400.0,985.93,17.72,292.06,7.73,51.91,20.31,10.54,9.77,6.68,10.69,1175.99,1.85,2.56,223.5
2015-05-31 21:40:00,13038000.0,985.96,17.83,292.17,7.73,51.54,20.45,10.54,9.91,6.68,10.69,1175.58,2.04,2.88,220.8
2015-05-31 21:50:00,13038600.0,985.94,17.97,292.31,7.75,51.17,20.63,10.56,10.08,6.69,10.71,1174.98,1.75,2.46,206.1
2015-05-31 22:00:00,13039200.0,985.93,17.82,292.16,7.74,51.61,20.44,10.55,9.89,6.68,10.7,1175.58,2.04,2.56,210.8
2015-05-31 22:10:00,13039800.0,985.95,17.58,291.92,7.78,52.56,20.13,10.58,9.55,6.7,10.73,1176.56,2.42,3.16,216.8
2015-05-31 22:20:00,13040400.0,985.95,17.49,291.83,7.83,53.03,20.02,10.62,9.4,6.72,10.77,1176.91,2.77,3.24,220.2
2015-05-31 22:30:00,13041000.0,985.95,17.35,291.69,7.88,53.66,19.84,10.65,9.19,6.74,10.8,1177.46,2.7,3.28,210.4
2015-05-31 22:40:00,13041600.0,985.96,17.16,291.5,7.95,54.57,19.6,10.7,8.91,6.78,10.85,1178.22,2.29,3.08,207.1
2015-05-31 22:50:00,13042200.0,985.95,17.06,291.4,7.96,54.96,19.48,10.71,8.77,6.78,10.86,1178.61,2.19,3.0,211.7
2015-05-31 23:00:00,13042800.0,985.86,17.11,291.45,8.04,55.08,19.54,10.76,8.78,6.82,10.92,1178.27,1.33,2.44,200.0
2015-05-31 23:10:00,13043400.0,985.85,16.36,290.7,8.12,58.09,18.63,10.82,7.81,6.86,10.98,1181.29,0.72,1.4,168.1
2015-05-31 23:20:00,13044000.0,985.86,16.44,290.78,7.96,57.17,18.73,10.71,8.02,6.78,10.86,1181.02,1.25,2.44,197.4
2015-05-31 23:30:00,13044600.0,985.86,16.29,290.63,7.9,57.49,18.55,10.66,7.89,6.76,10.82,1181.66,1.69,3.12,179.0
2015-05-31 23:40:00,13045200.0,985.89,15.95,290.29,7.89,58.72,18.15,10.66,7.49,6.75,10.81,1183.08,1.23,2.72,177.4
2015-05-31 23:50:00,13045800.0,985.93,15.56,289.89,7.97,60.54,17.7,10.72,6.99,6.79,10.87,1184.7,1.42,2.0,186.0
2015-06-01 00:00:00,13046400.0,985.92,15.19,289.52,8.0,62.11,17.29,10.74,6.55,6.8,10.89,1186.2,1.85,2.76,204.9
2015-06-01 00:10:00,13047000.0,985.8,15.58,289.92,8.27,61.7,17.73,10.94,6.79,6.93,11.1,1184.36,2.14,2.92,200.8
2015-06-01 00:20:00,13047600.0,985.76,16.01,290.36,8.41,60.59,18.22,11.04,7.18,7.0,11.2,1182.51,2.67,4.12,201.6
2015-06-01 00:30:00,13048200.0,985.78,16.87,291.22,8.63,58.22,19.25,11.21,8.04,7.1,11.37,1178.95,2.37,3.58,205.1
2015-06-01 00:40:00,13048800.0,985.76,16.59,290.94,8.57,59.04,18.91,11.16,7.74,7.07,11.32,1180.09,1.46,2.08,176.2
2015-06-01 00:50:00,13049400.0,985.66,15.74,290.1,8.47,61.91,17.91,11.09,6.82,7.03,11.25,1183.47,1.47,2.52,187.6
2015-06-01 01:00:00,13050000.0,985.67,15.48,289.83,8.51,63.12,17.61,11.12,6.5,7.05,11.28,1184.54,1.28,2.64,174.8
2015-06-01 01:10:00,13050600.0,985.67,15.41,289.76,8.48,63.26,17.53,11.09,6.44,7.03,11.25,1184.83,1.89,2.88,183.3
2015-06-01 01:20:00,13051200.0,985.69,15.19,289.54,8.48,64.16,17.29,11.09,6.2,7.03,11.25,1185.76,2.11,3.52,173.9
2015-06-01 01:30:00,13051800.0,985.66,15.16,289.51,8.52,64.48,17.26,11.13,6.13,7.05,11.29,1185.83,1.62,3.04,178.6
2015-06-01 01:40:00,13052400.0,985.66,15.32,289.67,8.56,63.98,17.43,11.15,6.28,7.07,11.32,1185.16,1.38,1.92,190.8
2015-06-01 01:50:00,13053000.0,985.7,15.22,289.57,8.59,64.51,17.32,11.17,6.15,7.08,11.34,1185.61,2.19,3.6,195.7
2015-06-01 02:00:00,13053600.0,985.75,15.38,289.73,8.68,64.25,17.5,11.24,6.26,7.13,11.41,1184.99,1.86,2.8,179.5
2015-06-01 02:10:00,13054200.0,985.73,15.54,289.89,8.76,63.95,17.68,11.31,6.37,7.17,11.47,1184.28,1.52,2.62,182.8
2015-06-01 02:20:00,13054800.0,985.68,15.69,290.04,8.84,63.69,17.85,11.37,6.48,7.21,11.54,1183.57,2.41,3.64,187.2
2015-06-01 02:30:00,13055400.0,985.69,15.91,290.26,9.02,63.55,18.11,11.51,6.6,7.29,11.67,1182.62,2.55,5.13,183.6
2015-06-01 02:40:00,13056000.0,985.71,16.36,290.71,9.38,63.28,18.63,11.79,6.84,7.47,11.96,1180.68,3.43,5.81,201.0
2015-06-01 02:50:00,13056600.0,985.65,16.81,291.17,9.76,63.07,19.17,12.09,7.08,7.67,12.27,1178.64,4.88,7.41,207.8
2015-06-01 03:00:00,13057200.0,985.62,17.32,291.69,9.91,61.69,19.8,12.22,7.59,7.75,12.4,1176.47,4.01,6.01,209.7
2015-06-01 03:10:00,13057800.0,985.62,17.29,291.66,9.96,62.03,19.77,12.26,7.51,7.77,12.44,1176.58,3.98,6.45,210.6
2015-06-01 03:20:00,13058400.0,985.66,17.45,291.81,10.0,61.57,19.97,12.29,7.67,7.79,12.47,1175.96,3.89,5.11,207.6
2015-06-01 03:30:00,13059000.0,985.69,17.46,291.82,10.05,61.74,19.98,12.34,7.64,7.82,12.51,1175.94,4.0,5.97,213.0
2015-06-01 03:40:00,13059600.0,985.77,17.42,291.77,10.08,62.01,19.93,12.36,7.57,7.84,12.54,1176.18,3.09,4.89,207.4
2015-06-01 03:50:00,13060200.0,985.79,17.43,291.78,10.1,62.06,19.94,12.38,7.57,7.85,12.55,1176.16,2.86,4.71,204.4
2015-06-01 04:00:00,13060800.0,985.73,17.47,291.83,10.18,62.22,19.99,12.44,7.55,7.89,12.62,1175.9,3.4,4.97,199.6
2015-06-01 04:10:00,13061400.0,985.67,17.48,291.84,10.31,62.76,20.01,12.56,7.45,7.96,12.74,1175.73,5.29,8.09,207.3
2015-06-01 04:20:00,13062000.0,985.76,17.55,291.9,10.47,63.12,20.09,12.68,7.41,8.04,12.87,1175.5,5.83,8.51,213.3
2015-06-01 04:30:00,13062600.0,985.85,17.49,291.84,10.61,63.98,20.02,12.81,7.21,8.12,12.99,1175.79,5.97,10.33,214.4
2015-06-01 04:40:00,13063200.0,985.88,17.42,291.76,10.66,64.48,19.93,12.85,7.08,8.15,13.03,1176.09,5.34,7.83,212.0
2015-06-01 04:50:00,13063800.0,985.94,17.35,291.69,10.66,64.77,19.84,12.85,6.99,8.15,13.03,1176.45,4.99,6.73,207.9
2015-06-01 05:00:00,13064400.0,985.98,17.27,291.61,10.72,65.36,19.74,12.9,6.84,8.18,13.09,1176.8,5.19,7.21,211.5
2015-06-01 05:10:00,13065000.0,986.12,17.18,291.5,10.78,65.98,19.63,12.95,6.68,8.21,13.13,1177.31,3.2,5.57,209.6
2015-06-01 05:20:00,13065600.0,986.19,17.13,291.45,10.8,66.27,19.57,12.97,6.6,8.22,13.15,1177.59,4.0,6.45,204.9
2015-06-01 05:30:00,13066200.0,986.3,17.16,291.47,10.83,66.3,19.6,13.0,6.61,8.24,13.18,1177.58,4.44,7.01,210.0
2015-06-01 05:40:00,13066800.0,986.4,17.2,291.5,10.87,66.31,19.65,13.03,6.62,8.26,13.21,1177.53,4.03,5.83,207.8
2015-06-01 05:50:00,13067400.0,986.51,17.21,291.5,10.87,66.27,19.67,13.03,6.63,8.26,13.21,1177.62,4.3,6.29,204.7
2015-06-01 06:00:00,13068000.0,986.56,17.26,291.55,10.93,66.32,19.73,13.08,6.64,8.29,13.26,1177.45,4.1,6.21,206.1
2015-06-01 06:10:00,13068600.0,986.62,17.27,291.55,10.98,66.5,19.74,13.13,6.61,8.32,13.31,1177.46,4.56,6.73,205.5
2015-06-01 06:20:00,13069200.0,986.68,17.27,291.55,11.05,66.82,19.74,13.19,6.55,8.36,13.37,1177.51,5.35,7.81,203.9
2015-06-01 06:30:00,13069800.0,986.86,17.26,291.52,11.13,67.18,19.73,13.25,6.48,8.4,13.43,1177.73,4.75,7.89,209.7
2015-06-01 06:40:00,13070400.0,986.95,17.26,291.51,11.16,67.35,19.73,13.29,6.44,8.42,13.46,1177.83,5.11,8.37,212.4
2015-06-01 06:50:00,13071000.0,986.99,17.29,291.54,11.2,67.37,19.77,13.32,6.45,8.44,13.49,1177.74,5.12,7.61,211.4
2015-06-01 07:00:00,13071600.0,987.08,17.27,291.51,11.25,67.68,19.74,13.36,6.38,8.46,13.54,1177.91,4.24,6.25,211.2
2015-06-01 07:10:00,13072200.0,987.15,17.28,291.52,11.35,68.12,19.75,13.46,6.3,8.52,13.63,1177.91,4.47,7.05,216.0
2015-06-01 07:20:00,13072800.0,987.21,17.24,291.47,11.42,68.57,19.7,13.51,6.19,8.56,13.69,1178.12,5.2,7.69,211.5
2015-06-01 07:30:00,13073400.0,987.38,17.11,291.33,11.67,70.3,19.54,13.74,5.8,8.7,13.91,1178.75,3.52,5.77,223.1
2015-06-01 07:40:00,13074000.0,987.44,16.65,290.86,12.0,74.0,18.98,14.05,4.93,8.9,14.22,1180.55,4.24,7.17,211.0
2015-06-01 07:50:00,13074600.0,987.5,16.11,290.31,12.39,78.6,18.34,14.41,3.92,9.13,14.6,1182.66,3.22,5.12,215.6
2015-06-01 08:00:00,13075200.0,987.73,15.96,290.14,12.74,81.2,18.16,14.75,3.41,9.34,14.93,1183.4,2.26,3.96,217.8
2015-06-01 08:10:00,13075800.0,987.81,16.11,290.29,12.78,80.6,18.34,14.78,3.56,9.36,14.96,1182.86,2.79,4.8,216.6
2015-06-01 08:20:00,13076400.0,987.81,16.41,290.59,12.63,78.3,18.69,14.64,4.06,9.27,14.82,1181.7,3.65,4.88,208.9
2015-06-01 08:30:00,13077000.0,987.79,16.96,291.14,12.59,75.4,19.36,14.6,4.76,9.24,14.78,1179.46,4.84,6.69,207.4
2015-06-01 08:40:00,13077600.0,987.64,17.77,291.97,12.6,71.7,20.37,14.61,5.77,9.25,14.79,1175.99,5.21,7.65,205.4
2015-06-01 08:50:00,13078200.0,987.68,18.28,292.48,12.71,69.93,21.04,14.71,6.33,9.32,14.9,1173.93,5.24,7.93,212.6
2015-06-01 09:00:00,13078800.0,987.97,18.22,292.39,12.66,69.99,20.96,14.67,6.29,9.29,14.85,1174.54,5.5,9.61,226.9
2015-06-01 09:10:00,13079400.0,988.54,16.19,290.31,12.32,77.8,18.43,14.34,4.09,9.07,14.51,1183.62,2.5,6.17,277.5
2015-06-01 09:20:00,13080000.0,988.8,14.5,288.59,12.03,85.1,16.54,14.07,2.46,8.9,14.23,1191.01,2.01,4.14,277.0
2015-06-01 09:30:00,13080600.0,988.9,13.99,288.07,12.11,88.4,16.0,14.14,1.86,8.94,14.3,1193.21,1.71,5.12,279.7
2015-06-01 09:40:00,13081200.0,989.14,13.54,287.6,11.68,88.5,15.54,13.75,1.79,8.69,13.9,1195.56,2.57,4.88,272.0
2015-06-01 09:50:00,13081800.0,989.29,13.15,287.19,11.28,88.4,15.15,13.39,1.76,8.46,13.53,1197.53,2.06,4.78,223.9
2015-06-01 10:00:00,13082400.0,989.46,12.79,286.82,10.99,88.8,14.79,13.14,1.66,8.3,13.28,1199.37,2.14,4.08,234.7
2015-06-01 10:10:00,13083000.0,989.7,12.61,286.62,10.97,89.7,14.62,13.11,1.51,8.28,13.25,1200.42,1.36,2.74,164.9
2015-06-01 10:20:00,13083600.0,989.75,12.45,286.45,10.89,90.2,14.47,13.05,1.42,8.24,13.18,1201.19,1.91,4.22,50.71
2015-06-01 10:30:00,13084200.0,989.71,12.04,286.04,10.55,90.6,14.08,12.76,1.32,8.06,12.89,1203.0,3.95,5.61,27.68
2015-06-01 10:40:00,13084800.0,989.71,12.16,286.17,10.98,92.5,14.19,13.13,1.06,8.29,13.26,1202.32,2.44,5.17,32.3
2015-06-01 10:50:00,13085400.0,989.79,11.65,285.65,10.2,90.8,13.72,12.46,1.26,7.87,12.59,1204.88,4.77,6.37,39.74
2015-06-01 11:00:00,13086000.0,989.96,11.32,285.3,10.2,92.8,13.43,12.46,0.97,7.87,12.59,1206.49,3.48,4.73,43.65
2015-06-01 11:10:00,13086600.0,989.95,11.33,285.31,10.14,92.4,13.43,12.41,1.02,7.84,12.54,1206.46,2.76,4.12,31.24
2015-06-01 11:20:00,13087200.0,990.01,11.36,285.34,9.98,91.2,13.46,12.28,1.18,7.75,12.4,1206.47,3.55,4.65,36.36
2015-06-01 11:30:00,13087800.0,990.1,11.46,285.43,10.01,90.8,13.55,12.3,1.25,7.77,12.43,1206.14,2.55,4.06,17.81
2015-06-01 11:40:00,13088400.0,990.24,11.65,285.61,10.12,90.3,13.72,12.39,1.33,7.82,12.51,1205.47,2.22,3.44,23.32
2015-06-01 11:50:00,13089000.0,990.28,11.67,285.63,10.04,89.7,13.74,12.33,1.42,7.78,12.45,1205.46,3.2,4.77,42.13
2015-06-01 12:00:00,13089600.0,990.27,11.28,285.24,9.75,90.3,13.39,12.09,1.3,7.63,12.21,1207.21,4.5,5.81,38.44
2015-06-01 12:10:00,13090200.0,990.38,10.94,284.89,9.48,90.7,13.09,11.87,1.22,7.49,11.99,1208.89,4.72,6.25,35.79
2015-06-01 12:20:00,13090800.0,990.4,10.87,284.81,9.43,90.8,13.03,11.83,1.2,7.46,11.95,1209.23,3.67,5.53,36.14
2015-06-01 12:30:00,13091400.0,990.44,10.78,284.72,9.29,90.5,12.95,11.72,1.23,7.39,11.83,1209.72,4.39,6.13,39.94
2015-06-01 12:40:00,13092000.0,990.46,10.63,284.57,9.21,90.9,12.82,11.66,1.17,7.35,11.77,1210.41,4.56,5.61,30.05
2015-06-01 12:50:00,13092600.0,990.57,10.49,284.42,9.22,91.8,12.7,11.66,1.04,7.36,11.77,1211.14,3.64,4.95,32.08
2015-06-01 13:00:00,13093200.0,990.65,10.3,284.22,9.19,92.8,12.54,11.64,0.9,7.34,11.75,1212.06,3.7,5.25,28.85
2015-06-01 13:10:00,13093800.0,990.78,10.33,284.24,9.36,93.7,12.57,11.78,0.79,7.43,11.89,1212.03,2.85,4.36,25.33
2015-06-01 13:20:00,13094400.0,990.81,10.31,284.22,9.42,94.2,12.55,11.82,0.73,7.46,11.93,1212.13,3.18,4.12,27.52
2015-06-01 13:30:00,13095000.0,990.87,10.47,284.38,9.64,94.6,12.69,12.0,0.69,7.57,12.11,1211.44,2.18,3.48,38.63
2015-06-01 13:40:00,13095600.0,990.85,10.4,284.31,9.59,94.7,12.63,11.96,0.67,7.54,12.07,1211.73,2.93,4.67,37.31
2015-06-01 13:50:00,13096200.0,990.89,10.34,284.24,9.54,94.8,12.58,11.92,0.65,7.52,12.03,1212.05,3.04,4.0,48.38
2015-06-01 14:00:00,13096800.0,990.92,10.4,284.3,9.68,95.3,12.63,12.03,0.59,7.59,12.14,1211.78,2.28,3.12,38.71
2015-06-01 14:10:00,13097400.0,990.8,10.59,284.5,9.87,95.3,12.79,12.19,0.6,7.69,12.3,1210.75,2.61,3.64,46.93
2015-06-01 14:20:00,13098000.0,990.93,10.67,284.57,9.95,95.3,12.86,12.25,0.6,7.73,12.37,1210.54,2.29,3.4,41.46
2015-06-01 14:30:00,13098600.0,991.0,10.57,284.46,9.82,95.1,12.77,12.15,0.63,7.66,12.26,1211.1,2.74,3.64,39.85
2015-06-01 14:40:00,13099200.0,991.05,10.47,284.36,9.74,95.2,12.69,12.08,0.61,7.62,12.19,1211.62,2.99,4.0,40.55
2015-06-01 14:50:00,13099800.0,991.28,10.4,284.27,9.65,95.1,12.63,12.01,0.62,7.57,12.11,1212.23,2.52,4.12,29.53
2015-06-01 15:00:00,13100400.0,991.52,10.19,284.04,9.41,94.9,12.45,11.82,0.64,7.45,11.92,1213.52,2.12,4.57,26.19
2015-06-01 15:10:00,13101000.0,991.51,10.19,284.04,9.41,94.9,12.45,11.82,0.64,7.45,11.92,1213.51,1.94,3.76,30.12
2015-06-01 15:20:00,13101600.0,991.47,10.29,284.15,9.49,94.8,12.54,11.88,0.65,7.49,11.99,1213.0,1.84,3.14,60.28
2015-06-01 15:30:00,13102200.0,991.4,10.18,284.04,9.37,94.7,12.44,11.78,0.66,7.43,11.89,1213.43,2.66,3.76,36.34
2015-06-01 15:40:00,13102800.0,991.52,10.2,284.05,9.37,94.6,12.46,11.79,0.67,7.43,11.89,1213.49,1.79,2.52,36.01
2015-06-01 15:50:00,13103400.0,991.53,10.23,284.08,9.44,94.8,12.48,11.84,0.65,7.46,11.94,1213.35,1.55,2.38,66.88
2015-06-01 16:00:00,13104000.0,991.2,10.23,284.11,9.47,95.0,12.48,11.86,0.62,7.48,11.97,1212.93,1.87,2.72,66.79
2015-06-01 16:10:00,13104600.0,991.08,10.39,284.28,9.69,95.4,12.62,12.04,0.58,7.59,12.15,1212.02,1.0,1.88,81.0
2015-06-01 16:20:00,13105200.0,991.01,10.53,284.42,9.81,95.3,12.74,12.14,0.6,7.65,12.25,1211.29,1.22,1.96,90.4
2015-06-01 16:30:00,13105800.0,990.92,10.7,284.6,9.98,95.3,12.88,12.28,0.61,7.74,12.39,1210.39,1.17,2.24,96.8
2015-06-01 16:40:00,13106400.0,990.76,11.0,284.92,10.22,94.9,13.14,12.47,0.67,7.87,12.59,1208.82,0.97,1.72,126.3
2015-06-01 16:50:00,13107000.0,990.75,11.09,285.01,10.19,94.2,13.22,12.46,0.77,7.86,12.57,1208.44,1.55,2.28,137.7
2015-06-01 17:00:00,13107600.0,990.8,11.04,284.95,10.08,93.8,13.18,12.36,0.82,7.8,12.48,1208.75,1.94,2.92,141.5
2015-06-01 17:10:00,13108200.0,990.91,11.04,284.94,9.95,93.0,13.18,12.26,0.92,7.73,12.37,1208.94,1.98,2.76,145.6
2015-06-01 17:20:00,13108800.0,991.08,11.2,285.09,10.05,92.6,13.32,12.33,0.99,7.78,12.44,1208.43,1.15,1.92,172.9
2015-06-01 17:30:00,13109400.0,991.26,11.18,285.05,9.98,92.3,13.3,12.28,1.02,7.74,12.39,1208.76,1.94,2.88,192.8
2015-06-01 17:40:00,13110000.0,991.23,11.15,285.03,10.0,92.6,13.28,12.29,0.98,7.75,12.4,1208.84,1.53,2.2,202.7
2015-06-01 17:50:00,13110600.0,991.15,11.23,285.11,10.0,92.1,13.35,12.29,1.05,7.75,12.4,1208.41,0.92,1.32,186.5
2015-06-01 18:00:00,13111200.0,991.18,11.34,285.22,10.04,91.7,13.44,12.33,1.12,7.77,12.44,1207.96,0.64,1.2,234.6
2015-06-01 18:10:00,13111800.0,991.08,11.41,285.3,10.18,92.1,13.51,12.44,1.07,7.84,12.55,1207.49,0.64,1.28,177.1
2015-06-01 18:20:00,13112400.0,990.98,11.49,285.39,10.27,92.2,13.58,12.52,1.06,7.9,12.63,1206.99,1.75,2.64,154.6
2015-06-01 18:30:00,13113000.0,990.94,11.45,285.35,10.26,92.4,13.54,12.51,1.03,7.89,12.63,1207.11,1.66,2.68,118.6
2015-06-01 18:40:00,13113600.0,990.87,11.36,285.27,10.06,91.7,13.46,12.34,1.12,7.79,12.46,1207.49,1.81,3.08,109.3
2015-06-01 18:50:00,13114200.0,990.85,11.33,285.24,9.98,91.4,13.43,12.28,1.16,7.74,12.39,1207.62,1.25,1.76,84.8
2015-06-01 19:00:00,13114800.0,990.8,11.36,285.27,10.08,91.8,13.46,12.36,1.1,7.79,12.47,1207.4,0.99,1.88,74.7
2015-06-01 19:10:00,13115400.0,990.74,11.36,285.28,10.03,91.5,13.46,12.32,1.14,7.77,12.43,1207.34,0.95,1.64,90.0
2015-06-01 19:20:00,13116000.0,990.69,11.41,285.33,10.03,91.2,13.51,12.32,1.19,7.77,12.43,1207.07,0.95,1.68,75.7
2015-06-01 19:30:00,13116600.0,990.52,11.47,285.41,10.09,91.2,13.56,12.37,1.19,7.8,12.49,1206.58,0.97,1.76,114.3
2015-06-01 19:40:00,13117200.0,990.61,11.51,285.44,10.09,91.0,13.6,12.37,1.22,7.81,12.49,1206.52,0.63,1.28,59.46
2015-06-01 19:50:00,13117800.0,990.63,11.42,285.35,10.06,91.3,13.52,12.34,1.18,7.78,12.46,1206.94,0.92,1.44,46.8
2015-06-01 20:00:00,13118400.0,990.49,11.43,285.37,10.1,91.5,13.52,12.37,1.15,7.81,12.49,1206.71,0.94,1.68,104.9
2015-06-01 20:10:00,13119000.0,990.33,11.39,285.34,10.03,91.3,13.49,12.31,1.17,7.77,12.44,1206.71,0.92,1.44,89.9
2015-06-01 20:20:00,13119600.0,990.25,11.28,285.24,9.95,91.5,13.39,12.25,1.14,7.73,12.37,1207.11,0.75,1.32,8.39
2015-06-01 20:30:00,13120200.0,990.21,11.22,285.18,9.92,91.7,13.34,12.23,1.11,7.72,12.35,1207.33,0.44,1.02,32.99
2015-06-01 20:40:00,13120800.0,990.13,11.2,285.17,9.92,91.8,13.32,12.23,1.09,7.72,12.35,1207.31,1.32,1.88,27.61
2015-06-01 20:50:00,13121400.0,990.19,11.15,285.11,9.97,92.4,13.28,12.27,1.01,7.74,12.39,1207.58,0.35,0.72,312.4
2015-06-01 21:00:00,13122000.0,990.13,11.13,285.1,10.08,93.2,13.26,12.36,0.9,7.8,12.48,1207.55,1.2,1.96,22.74
2015-06-01 21:10:00,13122600.0,990.14,11.09,285.06,10.08,93.5,13.22,12.36,0.86,7.8,12.49,1207.73,0.88,2.16,6.24
2015-06-01 21:20:00,13123200.0,990.21,11.09,285.05,10.12,93.7,13.22,12.39,0.83,7.82,12.51,1207.8,0.53,1.04,265.4
2015-06-01 21:30:00,13123800.0,990.29,11.13,285.08,10.2,94.0,13.26,12.46,0.8,7.86,12.58,1207.7,0.42,0.88,343.7
2015-06-01 21:40:00,13124400.0,990.17,11.08,285.04,10.11,93.7,13.21,12.38,0.83,7.81,12.5,1207.8,0.8,1.28,31.8
2015-06-01 21:50:00,13125000.0,990.0,11.08,285.06,10.04,93.3,13.21,12.33,0.89,7.78,12.45,1207.62,0.52,0.72,53.39
2015-06-01 22:00:00,13125600.0,989.78,11.09,285.09,10.12,93.7,13.22,12.39,0.83,7.82,12.52,1207.28,0.58,1.16,44.24
2015-06-01 22:10:00,13126200.0,989.85,11.07,285.06,10.21,94.4,13.2,12.47,0.74,7.87,12.59,1207.41,0.39,0.9,339.0
2015-06-01 22:20:00,13126800.0,989.98,10.95,284.93,10.09,94.4,13.1,12.37,0.73,7.81,12.49,1208.13,1.33,1.84,234.4
2015-06-01 22:30:00,13127400.0,989.92,10.93,284.91,10.1,94.6,13.08,12.38,0.71,7.81,12.5,1208.14,1.12,1.52,229.6
2015-06-01 22:40:00,13128000.0,989.9,10.93,284.92,10.07,94.4,13.08,12.35,0.73,7.8,12.48,1208.12,1.67,2.24,204.7
2015-06-01 22:50:00,13128600.0,989.86,10.9,284.89,10.04,94.4,13.06,12.32,0.73,7.78,12.45,1208.21,1.77,2.54,203.1
2015-06-01 23:00:00,13129200.0,989.87,10.81,284.8,10.0,94.7,12.98,12.29,0.69,7.76,12.42,1208.62,1.95,2.6,196.0
2015-06-01 23:10:00,13129800.0,989.99,10.8,284.78,10.0,94.8,12.97,12.3,0.67,7.76,12.42,1208.81,1.56,2.24,197.3
2015-06-01 23:20:00,13130400.0,989.99,10.83,284.81,10.05,94.9,13.0,12.33,0.66,7.79,12.46,1208.67,1.53,2.4,207.1
2015-06-01 23:30:00,13131000.0,990.07,10.83,284.8,10.03,94.8,13.0,12.32,0.68,7.78,12.44,1208.77,1.63,2.48,195.4
2015-06-01 23:40:00,13131600.0,990.07,10.77,284.74,10.03,95.2,12.94,12.32,0.62,7.78,12.45,1209.03,1.3,2.26,186.4
2015-06-01 23:50:00,13132200.0,990.01,10.79,284.77,10.1,95.5,12.96,12.38,0.58,7.81,12.5,1208.84,1.01,2.46,186.9
2015-06-02 00:00:00,13132800.0,990.0,10.73,284.71,10.06,95.6,12.91,12.34,0.57,7.79,12.47,1209.1,0.86,1.2,209.1
2015-06-02 00:10:00,13133400.0,990.0,10.76,284.74,10.13,95.9,12.93,12.4,0.53,7.83,12.53,1208.94,0.82,1.4,194.1
2015-06-02 00:20:00,13134000.0,989.93,10.73,284.71,10.12,96.0,12.91,12.39,0.52,7.82,12.52,1208.99,1.2,1.96,192.0
2015-06-02 00:30:00,13134600.0,989.9,10.71,284.7,10.12,96.1,12.89,12.39,0.5,7.82,12.52,1209.04,0.9,1.48,204.4
2015-06-02 00:40:00,13135200.0,989.8,10.73,284.72,10.17,96.3,12.91,12.43,0.48,7.85,12.56,1208.81,1.21,1.88,186.7
2015-06-02 00:50:00,13135800.0,989.64,10.69,284.7,10.14,96.4,12.87,12.41,0.46,7.84,12.54,1208.8,0.86,1.44,183.0
2015-06-02 01:00:00,13136400.0,989.5,10.64,284.66,10.09,96.4,12.83,12.37,0.46,7.81,12.5,1208.86,1.59,2.64,179.1
2015-06-02 01:10:00,13137000.0,989.55,10.59,284.6,10.07,96.6,12.79,12.35,0.43,7.8,12.48,1209.14,1.13,1.92,177.6
2015-06-02 01:20:00,13137600.0,989.24,10.52,284.56,10.02,96.7,12.73,12.31,0.42,7.78,12.44,1209.08,2.28,3.24,170.6
2015-06-02 01:30:00,13138200.0,989.16,10.45,284.5,9.98,96.9,12.67,12.28,0.39,7.76,12.41,1209.29,2.09,3.64,192.7
2015-06-02 01:40:00,13138800.0,989.13,10.4,284.45,9.95,97.0,12.63,12.25,0.38,7.74,12.38,1209.48,2.14,3.32,189.0
2015-06-02 01:50:00,13139400.0,989.27,10.39,284.43,9.95,97.1,12.62,12.25,0.37,7.74,12.39,1209.69,1.54,2.68,181.8
2015-06-02 02:00:00,13140000.0,989.36,10.23,284.26,9.79,97.1,12.48,12.12,0.36,7.66,12.25,1210.55,1.13,1.76,202.9
2015-06-02 02:10:00,13140600.0,989.46,10.04,284.06,9.62,97.2,12.33,11.98,0.35,7.57,12.11,1211.55,0.74,1.48,200.3
2015-06-02 02:20:00,13141200.0,989.42,9.87,283.89,9.48,97.4,12.19,11.87,0.32,7.5,12.0,1212.28,1.34,1.76,202.1
2015-06-02 02:30:00,13141800.0,989.43,9.72,283.74,9.36,97.6,12.06,11.78,0.29,7.44,11.9,1212.98,1.15,1.56,212.9
2015-06-02 02:40:00,13142400.0,989.49,9.69,283.71,9.37,97.9,12.04,11.79,0.25,7.44,11.91,1213.18,0.84,1.48,190.6
2015-06-02 02:50:00,13143000.0,989.48,9.58,283.6,9.27,97.9,11.95,11.7,0.25,7.39,11.83,1213.68,0.63,1.22,224.2
2015-06-02 03:00:00,13143600.0,989.35,9.36,283.39,9.05,97.9,11.78,11.53,0.25,7.28,11.65,1214.54,0.74,1.4,217.1
2015-06-02 03:10:00,13144200.0,989.39,9.06,283.08,8.76,98.0,11.54,11.31,0.23,7.14,11.43,1215.98,1.18,1.88,184.8
2015-06-02 03:20:00,13144800.0,989.46,9.08,283.1,8.84,98.4,11.56,11.37,0.18,7.18,11.49,1215.96,1.15,1.98,202.1
2015-06-02 03:30:00,13145400.0,989.56,9.06,283.07,8.82,98.4,11.54,11.36,0.18,7.17,11.47,1216.17,1.06,1.48,200.3
2015-06-02 03:40:00,13146000.0,989.47,8.98,283.0,8.74,98.4,11.48,11.29,0.18,7.13,11.41,1216.43,0.91,1.64,183.0
2015-06-02 03:50:00,13146600.0,989.47,9.09,283.11,8.88,98.6,11.56,11.4,0.16,7.2,11.52,1215.91,1.36,1.84,199.8
2015-06-02 04:00:00,13147200.0,989.36,8.98,283.0,8.76,98.5,11.48,11.31,0.17,7.14,11.43,1216.29,1.29,2.18,202.5
2015-06-02 04:10:00,13147800.0,989.36,9.13,283.15,8.94,98.7,11.59,11.44,0.15,7.23,11.57,1215.58,2.69,4.36,203.8
2015-06-02 04:20:00,13148400.0,989.37,9.13,283.15,8.91,98.5,11.59,11.42,0.17,7.21,11.54,1215.61,3.59,4.77,204.9
2015-06-02 04:30:00,13149000.0,989.4,9.44,283.46,9.19,98.3,11.84,11.64,0.2,7.35,11.76,1214.21,4.19,5.23,207.3
2015-06-02 04:40:00,13149600.0,989.5,9.62,283.64,9.31,97.9,11.98,11.73,0.25,7.41,11.86,1213.51,3.26,4.06,212.9
2015-06-02 04:50:00,13150200.0,989.49,9.89,283.91,9.54,97.7,12.2,11.92,0.28,7.53,12.05,1212.26,3.35,4.57,203.6
2015-06-02 05:00:00,13150800.0,989.44,9.96,283.98,9.67,98.1,12.26,12.03,0.23,7.6,12.16,1211.85,4.13,4.93,208.9
2015-06-02 05:10:00,13151400.0,989.47,10.09,284.11,9.79,98.0,12.37,12.12,0.25,7.65,12.25,1211.28,3.77,4.57,214.8
2015-06-02 05:20:00,13152000.0,989.4,10.24,284.27,9.82,97.2,12.49,12.14,0.35,7.67,12.27,1210.55,3.17,4.0,211.1
2015-06-02 05:30:00,13152600.0,989.38,10.53,284.56,9.83,95.4,12.74,12.15,0.59,7.68,12.28,1209.28,3.14,4.16,215.4
2015-06-02 05:40:00,13153200.0,989.34,10.83,284.86,9.37,90.7,13.0,11.79,1.21,7.44,11.91,1208.12,3.58,4.4,209.0
2015-06-02 05:50:00,13153800.0,989.36,11.16,285.19,8.96,86.3,13.28,11.46,1.82,7.24,11.59,1206.89,3.35,4.77,208.2
2015-06-02 06:00:00,13154400.0,989.21,11.93,285.98,9.07,82.6,13.98,11.55,2.43,7.29,11.67,1203.41,3.59,4.97,200.2
2015-06-02 06:10:00,13155000.0,989.11,12.57,286.63,9.03,79.0,14.58,11.52,3.06,7.28,11.65,1200.61,4.33,5.55,201.9
2015-06-02 06:20:00,13155600.0,989.14,12.97,287.03,9.18,77.7,14.97,11.63,3.34,7.35,11.76,1198.92,3.94,5.65,203.4
2015-06-02 06:30:00,13156200.0,989.15,13.46,287.52,9.59,77.4,15.46,11.96,3.49,7.56,12.09,1196.73,2.35,3.56,192.0
2015-06-02 06:40:00,13156800.0,989.18,13.68,287.73,9.81,77.4,15.68,12.14,3.54,7.67,12.27,1195.76,2.61,4.32,178.2
2015-06-02 06:50:00,13157400.0,989.27,13.8,287.85,9.94,77.5,15.8,12.25,3.56,7.74,12.38,1195.32,2.53,4.24,172.9
2015-06-02 07:00:00,13158000.0,989.31,13.85,287.89,9.89,77.0,15.85,12.21,3.65,7.71,12.34,1195.18,3.05,4.2,175.6
2015-06-02 07:10:00,13158600.0,989.13,13.92,287.98,10.1,77.7,15.93,12.37,3.55,7.82,12.51,1194.59,3.39,4.85,169.0
2015-06-02 07:20:00,13159200.0,989.07,14.26,288.32,10.29,77.0,16.28,12.54,3.74,7.92,12.67,1193.03,3.74,5.85,182.5
2015-06-02 07:30:00,13159800.0,989.05,14.63,288.7,10.41,75.8,16.68,12.64,4.04,7.99,12.78,1191.43,3.73,5.77,179.6
2015-06-02 07:40:00,13160400.0,989.1,15.27,289.34,10.26,72.0,17.38,12.51,4.87,7.91,12.65,1188.9,5.34,8.85,203.7
2015-06-02 07:50:00,13161000.0,989.2,15.52,289.58,10.04,69.82,17.66,12.33,5.33,7.79,12.46,1188.08,7.16,12.45,207.7
2015-06-02 08:00:00,13161600.0,989.21,15.69,289.75,9.74,67.65,17.85,12.08,5.78,7.63,12.21,1187.51,7.67,10.03,207.8
2015-06-02 08:10:00,13162200.0,989.2,15.97,290.03,9.72,66.4,18.18,12.07,6.11,7.62,12.2,1186.35,6.9,9.37,205.2
2015-06-02 08:20:00,13162800.0,989.21,16.15,290.21,9.74,65.72,18.39,12.08,6.3,7.63,12.21,1185.62,6.06,9.71,206.6
2015-06-02 08:30:00,13163400.0,989.27,16.29,290.34,9.38,63.57,18.55,11.79,6.76,7.45,11.92,1185.25,7.84,11.01,208.5
2015-06-02 08:40:00,13164000.0,989.3,16.14,290.19,9.16,63.22,18.37,11.62,6.76,7.34,11.74,1185.98,7.14,9.97,205.7
2015-06-02 08:50:00,13164600.0,989.3,16.14,290.19,9.14,63.14,18.37,11.6,6.77,7.33,11.73,1185.98,6.59,11.03,204.4
2015-06-02 09:00:00,13165200.0,989.26,16.13,290.18,8.96,62.44,18.36,11.47,6.9,7.24,11.59,1186.04,7.85,12.83,208.0
2015-06-02 09:10:00,13165800.0,989.25,16.08,290.14,9.1,63.22,18.3,11.57,6.73,7.31,11.7,1186.18,7.3,11.05,204.8
2015-06-02 09:20:00,13166400.0,989.18,16.0,290.06,9.27,64.27,18.21,11.7,6.51,7.39,11.83,1186.37,6.53,9.17,204.3
2015-06-02 09:30:00,13167000.0,989.09,15.95,290.02,9.45,65.29,18.15,11.85,6.3,7.49,11.98,1186.4,7.6,10.37,210.2
2015-06-02 09:40:00,13167600.0,989.05,16.05,290.12,9.68,65.88,18.27,12.04,6.23,7.6,12.17,1185.85,6.21,10.93,207.2
2015-06-02 09:50:00,13168200.0,989.04,16.18,290.25,9.64,65.14,18.42,12.0,6.42,7.58,12.13,1185.33,7.71,11.81,209.7
2015-06-02 10:00:00,13168800.0,988.96,16.43,290.51,9.8,64.8,18.72,12.13,6.59,7.66,12.26,1184.15,6.35,9.21,204.6
2015-06-02 10:10:00,13169400.0,988.89,16.55,290.64,9.7,63.87,18.86,12.05,6.81,7.61,12.18,1183.61,8.25,13.33,206.9
2015-06-02 10:20:00,13170000.0,988.83,16.67,290.76,9.66,63.21,19.0,12.01,6.99,7.59,12.15,1183.06,8.54,11.73,207.6
2015-06-02 10:30:00,13170600.0,988.85,16.78,290.87,9.58,62.43,19.14,11.95,7.19,7.55,12.08,1182.67,8.52,12.05,211.3
2015-06-02 10:40:00,13171200.0,988.81,16.95,291.05,9.46,61.29,19.35,11.86,7.49,7.49,11.99,1181.97,9.04,12.01,202.5
2015-06-02 10:50:00,13171800.0,988.87,17.11,291.2,9.43,60.54,19.54,11.83,7.71,7.48,11.96,1181.4,8.78,12.49,203.9
2015-06-02 11:00:00,13172400.0,988.9,17.43,291.52,9.53,59.73,19.94,11.91,8.03,7.53,12.05,1180.1,8.37,11.97,209.4
2015-06-02 11:10:00,13173000.0,988.93,17.8,291.89,9.58,58.53,20.41,11.95,8.47,7.55,12.08,1178.62,7.69,10.85,207.4
2015-06-02 11:20:00,13173600.0,988.88,18.02,292.11,9.59,57.78,20.7,11.96,8.74,7.56,12.09,1177.66,9.92,15.53,206.9
2015-06-02 11:30:00,13174200.0,988.81,18.11,292.21,9.44,56.88,20.82,11.84,8.98,7.48,11.97,1177.27,9.94,13.45,205.7
2015-06-02 11:40:00,13174800.0,988.8,18.43,292.53,9.82,57.18,21.24,12.14,9.09,7.67,12.28,1175.83,7.58,11.95,205.7
2015-06-02 11:50:00,13175400.0,988.69,18.89,293.0,10.12,56.7,21.86,12.39,9.46,7.83,12.54,1173.73,7.57,11.81,193.5
2015-06-02 12:00:00,13176000.0,988.6,19.21,293.33,10.18,55.81,22.3,12.44,9.85,7.87,12.59,1172.32,8.1,13.33,205.4
2015-06-02 12:10:00,13176600.0,988.58,19.22,293.34,9.86,54.6,22.31,12.18,10.13,7.7,12.32,1172.37,9.83,13.17,213.5
2015-06-02 12:20:00,13177200.0,988.53,19.46,293.59,9.82,53.63,22.65,12.15,10.5,7.68,12.29,1171.37,9.3,12.65,208.5
2015-06-02 12:30:00,13177800.0,988.57,19.83,293.95,10.21,53.8,23.17,12.47,10.71,7.88,12.61,1169.79,6.59,10.21,201.1
2015-06-02 12:40:00,13178400.0,988.45,20.08,294.22,9.93,51.99,23.54,12.24,11.3,7.74,12.38,1168.75,7.32,11.05,201.6
2015-06-02 12:50:00,13179000.0,988.17,20.29,294.45,9.55,50.01,23.84,11.92,11.92,7.54,12.07,1167.73,10.39,13.69,209.3
2015-06-02 13:00:00,13179600.0,988.19,20.4,294.56,9.4,49.18,24.01,11.81,12.2,7.46,11.95,1167.36,9.8,14.49,211.5
2015-06-02 13:10:00,13180200.0,988.26,20.62,294.77,9.43,48.63,24.33,11.83,12.5,7.48,11.97,1166.56,8.18,11.21,212.7
2015-06-02 13:20:00,13180800.0,988.14,20.92,295.09,9.15,46.84,24.79,11.61,13.18,7.34,11.75,1165.33,9.21,12.29,210.6
2015-06-02 13:30:00,13181400.0,988.04,21.33,295.51,8.75,44.46,25.42,11.3,14.12,7.15,11.44,1163.73,10.51,14.59,210.2
2015-06-02 13:40:00,13182000.0,988.0,21.46,295.64,8.77,44.17,25.62,11.32,14.3,7.16,11.45,1163.16,9.87,13.53,203.1
2015-06-02 13:50:00,13182600.0,988.0,21.76,295.94,9.17,44.54,26.1,11.62,14.47,7.35,11.76,1161.84,8.57,14.11,205.1
2015-06-02 14:00:00,13183200.0,987.95,21.91,296.09,9.23,44.32,26.34,11.67,14.66,7.38,11.81,1161.17,9.61,12.57,206.3
2015-06-02 14:10:00,13183800.0,987.89,22.04,296.23,9.3,44.17,26.55,11.73,14.82,7.42,11.87,1160.56,9.11,12.37,209.7
2015-06-02 14:20:00,13184400.0,987.87,22.33,296.52,9.31,43.44,27.02,11.74,15.28,7.42,11.88,1159.39,8.05,12.09,219.2
2015-06-02 14:30:00,13185000.0,987.89,22.04,296.23,8.75,42.58,26.55,11.3,15.24,7.15,11.44,1160.75,8.32,13.77,219.5
2015-06-02 14:40:00,13185600.0,987.83,22.15,296.35,8.77,42.34,26.72,11.32,15.41,7.16,11.45,1160.24,7.2,11.57,210.8
2015-06-02 14:50:00,13186200.0,987.8,22.12,296.32,8.73,42.29,26.68,11.28,15.39,7.13,11.42,1160.34,7.81,11.09,214.4
2015-06-02 15:00:00,13186800.0,987.81,22.18,296.38,8.53,41.58,26.77,11.13,15.64,7.04,11.27,1160.18,8.62,11.53,212.3
2015-06-02 15:10:00,13187400.0,987.79,22.28,296.48,8.4,40.96,26.94,11.03,15.9,6.98,11.17,1159.81,8.48,13.33,211.1
2015-06-02 15:20:00,13188000.0,987.83,22.36,296.56,8.62,41.37,27.07,11.2,15.87,7.08,11.34,1159.47,7.26,10.69,214.0
2015-06-02 15:30:00,13188600.0,987.89,22.59,296.78,8.69,41.01,27.45,11.26,16.19,7.12,11.39,1158.61,7.7,13.89,215.5
2015-06-02 15:40:00,13189200.0,987.98,22.62,296.8,8.54,40.51,27.5,11.14,16.36,7.04,11.28,1158.65,6.58,10.31,214.8
2015-06-02 15:50:00,13189800.0,988.05,22.66,296.84,8.68,40.79,27.57,11.24,16.32,7.11,11.38,1158.53,6.95,10.01,215.8
2015-06-02 16:00:00,13190400.0,988.1,22.93,297.11,8.74,40.3,28.02,11.29,16.73,7.14,11.43,1157.51,7.35,10.65,211.8
2015-06-02 16:10:00,13191000.0,988.1,22.99,297.17,8.43,39.31,28.12,11.05,17.07,6.99,11.19,1157.38,7.39,10.53,213.0
2015-06-02 16:20:00,13191600.0,988.17,22.96,297.13,8.08,38.45,28.07,10.79,17.28,6.82,10.92,1157.7,9.07,13.53,216.2
2015-06-02 16:30:00,13192200.0,988.2,23.02,297.19,8.22,38.68,28.17,10.9,17.28,6.89,11.03,1157.45,7.95,11.53,211.2
2015-06-02 16:40:00,13192800.0,988.19,23.22,297.39,8.56,39.12,28.52,11.16,17.36,7.05,11.29,1156.55,6.83,9.77,207.2
2015-06-02 16:50:00,13193400.0,988.25,23.21,297.37,8.57,39.17,28.5,11.16,17.34,7.06,11.3,1156.65,6.66,9.73,215.5
2015-06-02 17:00:00,13194000.0,988.23,23.32,297.49,8.78,39.47,28.69,11.32,17.37,7.16,11.46,1156.13,6.39,11.21,214.3
2015-06-02 17:10:00,13194600.0,988.09,23.44,297.62,8.94,39.62,28.9,11.45,17.45,7.24,11.59,1155.44,7.7,11.13,208.2
2015-06-02 17:20:00,13195200.0,988.12,23.38,297.56,9.08,40.12,28.79,11.55,17.24,7.3,11.69,1155.66,6.69,10.21,204.9
2015-06-02 17:30:00,13195800.0,988.16,23.25,297.42,9.11,40.54,28.57,11.58,16.99,7.32,11.72,1156.21,6.95,9.09,208.3
2015-06-02 17:40:00,13196400.0,988.22,22.91,297.08,9.26,41.79,27.99,11.7,16.29,7.39,11.83,1157.55,6.54,10.17,209.3
2015-06-02 17:50:00,13197000.0,988.19,22.88,297.05,9.54,42.66,27.94,11.92,16.02,7.54,12.06,1157.54,5.92,9.29,204.0
2015-06-02 18:00:00,13197600.0,988.17,22.92,297.09,9.7,43.03,28.0,12.05,15.95,7.62,12.19,1157.3,5.44,9.05,207.0
2015-06-02 18:10:00,13198200.0,988.18,23.11,297.28,9.94,43.22,28.33,12.24,16.08,7.74,12.39,1156.48,5.01,7.97,201.7
2015-06-02 18:20:00,13198800.0,988.18,23.19,297.36,10.2,43.76,28.46,12.46,16.01,7.88,12.6,1156.07,5.89,8.29,210.4
2015-06-02 18:30:00,13199400.0,988.19,23.15,297.32,10.15,43.72,28.4,12.41,15.98,7.85,12.56,1156.26,6.94,9.89,204.3
2015-06-02 18:40:00,13200000.0,988.18,23.1,297.27,10.18,43.96,28.31,12.44,15.86,7.87,12.59,1156.43,5.34,7.77,211.7
2015-06-02 18:50:00,13200600.0,988.16,22.95,297.12,9.8,43.23,28.05,12.13,15.93,7.67,12.27,1157.13,5.42,7.85,206.2
2015-06-02 19:00:00,13201200.0,988.25,22.72,296.88,9.71,43.58,27.67,12.06,15.61,7.62,12.2,1158.17,4.54,6.44,210.0
2015-06-02 19:10:00,13201800.0,988.26,22.54,296.7,9.63,43.81,27.37,11.99,15.38,7.58,12.13,1158.92,5.05,7.44,205.4
2015-06-02 19:20:00,13202400.0,988.26,22.38,296.54,9.62,44.21,27.1,11.98,15.12,7.58,12.12,1159.55,3.96,5.54,208.0
2015-06-02 19:30:00,13203000.0,988.26,22.2,296.36,9.62,44.71,26.81,11.99,14.82,7.58,12.13,1160.25,4.06,6.1,203.8
2015-06-02 19:40:00,13203600.0,988.25,22.03,296.19,9.64,45.24,26.53,12.0,14.53,7.59,12.14,1160.9,4.34,6.32,205.4
2015-06-02 19:50:00,13204200.0,988.26,21.9,296.06,9.61,45.51,26.32,11.98,14.34,7.57,12.12,1161.44,4.96,7.16,204.9
2015-06-02 20:00:00,13204800.0,988.38,21.7,295.85,9.61,46.05,26.0,11.97,14.03,7.57,12.11,1162.37,3.61,5.04,202.8
2015-06-02 20:10:00,13205400.0,988.38,21.47,295.62,9.68,46.93,25.64,12.03,13.61,7.61,12.17,1163.25,3.22,4.04,190.0
2015-06-02 20:20:00,13206000.0,988.47,20.99,295.13,9.65,48.25,24.89,12.01,12.88,7.59,12.15,1165.26,3.33,4.28,189.0
2015-06-02 20:30:00,13206600.0,988.56,20.93,295.06,9.42,47.66,24.8,11.82,12.98,7.47,11.96,1165.69,3.48,4.16,202.6
2015-06-02 20:40:00,13207200.0,988.66,21.03,295.15,9.28,46.93,24.96,11.71,13.24,7.4,11.85,1165.46,3.41,4.28,213.6
2015-06-02 20:50:00,13207800.0,988.74,20.93,295.04,9.23,47.06,24.8,11.67,13.13,7.38,11.81,1165.97,3.36,3.76,215.3
2015-06-02 21:00:00,13208400.0,988.75,20.74,294.85,9.15,47.37,24.51,11.61,12.9,7.34,11.74,1166.76,3.44,3.94,213.6
2015-06-02 21:10:00,13209000.0,988.85,20.77,294.87,9.05,46.96,24.56,11.53,13.03,7.29,11.66,1166.8,3.7,4.4,213.2
2015-06-02 21:20:00,13209600.0,988.86,20.68,294.78,8.93,46.83,24.42,11.44,12.99,7.23,11.57,1167.21,3.66,4.08,215.6
2015-06-02 21:30:00,13210200.0,988.88,20.47,294.57,8.93,47.44,24.11,11.44,12.67,7.23,11.57,1168.07,3.99,4.56,213.8
2015-06-02 21:40:00,13210800.0,988.98,20.21,294.3,8.87,48.03,23.73,11.4,12.33,7.2,11.52,1169.24,4.0,4.8,214.5
2015-06-02 21:50:00,13211400.0,989.02,20.45,294.54,8.74,46.91,24.08,11.3,12.78,7.14,11.42,1168.38,3.53,4.16,213.6
2015-06-02 22:00:00,13212000.0,989.11,20.41,294.49,8.7,46.88,24.02,11.26,12.76,7.11,11.39,1168.66,3.2,4.08,215.8
2015-06-02 22:10:00,13212600.0,989.17,20.07,294.14,8.7,47.88,23.52,11.26,12.26,7.11,11.39,1170.09,2.86,3.76,212.3
2015-06-02 22:20:00,13213200.0,989.15,19.69,293.77,8.65,48.85,22.97,11.22,11.75,7.09,11.35,1171.6,3.06,3.96,203.5
2015-06-02 22:30:00,13213800.0,989.23,19.54,293.61,8.6,49.13,22.76,11.18,11.58,7.06,11.3,1172.31,2.68,3.52,203.3
2015-06-02 22:40:00,13214400.0,989.27,19.58,293.64,8.52,48.75,22.82,11.12,11.69,7.02,11.24,1172.23,2.42,3.04,206.1
2015-06-02 22:50:00,13215000.0,989.43,19.66,293.71,8.47,48.35,22.93,11.09,11.84,7.0,11.21,1172.11,1.94,2.72,213.0
2015-06-02 23:00:00,13215600.0,989.48,19.62,293.67,8.43,48.35,22.87,11.06,11.81,6.98,11.18,1172.35,1.71,2.4,211.1
2015-06-02 23:10:00,13216200.0,989.49,19.71,293.76,8.41,48.01,23.0,11.04,11.96,6.97,11.16,1172.0,2.08,2.8,221.5
2015-06-02 23:20:00,13216800.0,989.48,19.64,293.69,8.43,48.27,22.9,11.06,11.85,6.98,11.17,1172.27,2.15,2.64,219.8
2015-06-02 23:30:00,13217400.0,989.47,19.56,293.61,8.49,48.71,22.79,11.1,11.69,7.01,11.22,1172.56,2.22,3.08,225.1
2015-06-02 23:40:00,13218000.0,989.56,19.46,293.5,8.61,49.41,22.65,11.19,11.46,7.06,11.31,1173.02,2.86,3.8,225.2
2015-06-02 23:50:00,13218600.0,989.64,19.47,293.5,8.65,49.54,22.66,11.23,11.44,7.09,11.34,1173.06,2.38,3.04,228.2
2015-06-03 00:00:00,13219200.0,989.68,19.49,293.52,8.75,49.8,22.69,11.3,11.39,7.13,11.42,1173.0,2.6,3.28,218.9
2015-06-03 00:10:00,13219800.0,989.73,19.17,293.19,8.76,50.84,22.24,11.31,10.93,7.14,11.43,1174.34,1.54,2.64,207.1
2015-06-03 00:20:00,13220400.0,989.74,18.74,292.76,8.56,51.5,21.65,11.15,10.5,7.04,11.27,1176.15,1.88,2.48,182.4
2015-06-03 00:30:00,13221000.0,989.75,18.04,292.06,8.64,54.13,20.72,11.22,9.51,7.08,11.33,1178.96,2.25,3.34,181.6
2015-06-03 00:40:00,13221600.0,989.76,17.58,291.6,8.65,55.75,20.13,11.22,8.91,7.08,11.34,1180.83,2.14,3.24,180.4
2015-06-03 00:50:00,13222200.0,989.85,17.49,291.5,8.66,56.11,20.02,11.23,8.79,7.09,11.35,1181.3,1.35,2.84,186.6
2015-06-03 01:00:00,13222800.0,989.88,17.66,291.67,8.65,55.48,20.23,11.23,9.01,7.08,11.34,1180.65,1.51,3.28,175.9
2015-06-03 01:10:00,13223400.0,989.95,17.44,291.44,8.69,56.4,19.95,11.25,8.7,7.1,11.37,1181.62,0.92,2.16,174.0
2015-06-03 01:20:00,13224000.0,990.0,17.29,291.29,8.68,56.88,19.77,11.24,8.52,7.09,11.36,1182.29,0.5,1.04,356.5
2015-06-03 01:30:00,13224600.0,989.92,17.24,291.24,8.77,57.42,19.7,11.31,8.39,7.14,11.43,1182.37,0.68,1.24,84.5
2015-06-03 01:40:00,13225200.0,989.9,17.09,291.09,8.82,58.16,19.52,11.35,8.17,7.16,11.47,1182.94,0.44,0.8,115.4
2015-06-03 01:50:00,13225800.0,989.89,16.89,290.89,8.91,59.26,19.27,11.42,7.85,7.21,11.54,1183.71,0.6,1.2,91.7
2015-06-03 02:00:00,13226400.0,989.88,16.54,290.54,8.96,60.82,18.85,11.46,7.38,7.23,11.58,1185.11,0.68,1.32,105.1
2015-06-03 02:10:00,13227000.0,989.88,15.97,289.97,9.04,63.39,18.18,11.52,6.65,7.27,11.64,1187.42,0.63,1.4,63.21
2015-06-03 02:20:00,13227600.0,989.88,15.68,289.68,9.06,64.7,17.84,11.54,6.3,7.29,11.66,1188.6,0.67,1.12,64.94
2015-06-03 02:30:00,13228200.0,989.92,15.38,289.38,9.22,66.64,17.5,11.66,5.84,7.36,11.78,1189.83,0.47,0.9,69.12
2015-06-03 02:40:00,13228800.0,989.86,15.3,289.3,9.28,67.29,17.41,11.72,5.7,7.4,11.84,1190.06,0.67,1.68,44.63
2015-06-03 02:50:00,13229400.0,989.84,15.8,289.81,9.56,66.4,17.98,11.94,6.04,7.54,12.06,1187.88,1.97,4.0,210.8
2015-06-03 03:00:00,13230000.0,989.83,16.28,290.29,9.69,64.94,18.54,12.04,6.5,7.6,12.16,1185.85,1.93,3.68,209.2
2015-06-03 03:10:00,13230600.0,989.86,15.93,289.93,9.72,66.57,18.13,12.07,6.06,7.62,12.19,1187.31,1.83,2.76,217.5
2015-06-03 03:20:00,13231200.0,989.88,15.97,289.97,9.75,66.52,18.18,12.09,6.09,7.63,12.21,1187.16,2.94,3.8,215.0
2015-06-03 03:30:00,13231800.0,989.84,16.3,290.31,9.74,65.08,18.56,12.08,6.48,7.63,12.2,1185.76,3.17,4.0,214.9
2015-06-03 03:40:00,13232400.0,989.87,16.23,290.23,9.75,65.4,18.48,12.09,6.39,7.63,12.21,1186.08,2.74,3.48,218.4
2015-06-03 03:50:00,13233000.0,989.96,16.16,290.16,9.77,65.82,18.4,12.11,6.29,7.64,12.23,1186.47,2.36,3.18,230.2
2015-06-03 04:00:00,13233600.0,989.98,16.23,290.22,9.77,65.52,18.48,12.11,6.37,7.64,12.23,1186.2,2.79,3.64,229.4
2015-06-03 04:10:00,13234200.0,989.98,16.7,290.7,9.77,63.57,19.04,12.1,6.94,7.64,12.23,1184.28,3.38,3.92,228.3
2015-06-03 04:20:00,13234800.0,989.98,16.64,290.64,9.75,63.72,18.97,12.09,6.88,7.63,12.21,1184.53,3.49,4.04,225.7
2015-06-03 04:30:00,13235400.0,990.08,16.86,290.85,9.78,62.98,19.24,12.11,7.12,7.65,12.24,1183.74,3.23,3.84,228.4
2015-06-03 04:40:00,13236000.0,990.13,16.54,290.52,9.87,64.65,18.85,12.19,6.66,7.69,12.31,1185.08,2.62,3.64,240.7
2015-06-03 04:50:00,13236600.0,990.21,16.95,290.93,9.93,63.26,19.35,12.24,7.11,7.72,12.36,1183.48,3.33,3.88,226.5
2015-06-03 05:00:00,13237200.0,990.27,16.96,290.93,10.02,63.59,19.36,12.31,7.05,7.77,12.43,1183.48,3.13,3.88,225.3
2015-06-03 05:10:00,13237800.0,990.4,16.54,290.5,10.22,66.18,18.85,12.47,6.37,7.87,12.59,1185.27,2.25,3.16,216.2
2015-06-03 05:20:00,13238400.0,990.48,16.04,289.99,10.36,69.0,18.26,12.6,5.66,7.95,12.72,1187.36,0.71,1.74,208.0
2015-06-03 05:30:00,13239000.0,990.58,16.77,290.72,10.47,66.32,19.13,12.68,6.44,8.0,12.8,1184.45,0.73,1.36,156.0
2015-06-03 05:40:00,13239600.0,990.66,17.26,291.2,10.45,64.24,19.73,12.67,7.06,8.0,12.79,1182.56,0.45,0.88,140.9
2015-06-03 05:50:00,13240200.0,990.71,17.64,291.58,10.59,63.27,20.21,12.79,7.42,8.07,12.91,1181.02,0.64,1.12,132.1
2015-06-03 06:00:00,13240800.0,990.78,17.45,291.38,10.5,63.68,19.97,12.72,7.25,8.02,12.83,1181.91,0.69,1.44,119.8
2015-06-03 06:10:00,13241400.0,990.78,17.73,291.66,10.57,62.83,20.32,12.77,7.55,8.06,12.89,1180.75,0.71,1.24,99.2
2015-06-03 06:20:00,13242000.0,990.78,17.81,291.74,10.63,62.79,20.43,12.83,7.6,8.09,12.94,1180.4,0.95,1.64,118.1
2015-06-03 06:30:00,13242600.0,990.71,18.74,292.68,10.91,60.35,21.65,13.07,8.59,8.25,13.19,1176.44,0.79,2.26,130.8
2015-06-03 06:40:00,13243200.0,990.71,19.41,293.35,11.14,58.76,22.58,13.27,9.31,8.37,13.39,1173.66,1.2,2.8,141.3
2015-06-03 06:50:00,13243800.0,990.72,19.92,293.86,11.31,57.57,23.3,13.42,9.89,8.47,13.54,1171.56,1.75,3.56,154.7
2015-06-03 07:00:00,13244400.0,990.7,20.71,294.66,11.19,54.38,24.47,13.31,11.16,8.4,13.43,1168.44,4.42,6.93,211.3
2015-06-03 07:10:00,13245000.0,990.68,21.1,295.05,11.23,53.25,25.06,13.35,11.72,8.42,13.47,1166.85,4.21,7.0,211.5
2015-06-03 07:20:00,13245600.0,990.7,21.29,295.24,11.2,52.54,25.36,13.32,12.03,8.41,13.45,1166.13,5.33,7.04,213.1
2015-06-03 07:30:00,13246200.0,990.65,21.4,295.35,11.21,52.21,25.53,13.33,12.2,8.41,13.45,1165.63,5.69,8.65,208.5
2015-06-03 07:40:00,13246800.0,990.69,21.48,295.43,11.15,51.75,25.65,13.28,12.38,8.38,13.4,1165.38,6.5,9.73,210.8
2015-06-03 07:50:00,13247400.0,990.75,21.54,295.48,11.17,51.62,25.75,13.29,12.46,8.39,13.42,1165.21,6.66,10.17,210.4
2015-06-03 08:00:00,13248000.0,990.85,21.87,295.81,11.31,51.07,26.27,13.42,12.86,8.47,13.54,1163.97,5.47,8.49,214.0
2015-06-03 08:10:00,13248600.0,991.01,22.17,296.09,11.28,50.06,26.76,13.39,13.36,8.45,13.52,1162.99,5.03,9.61,229.1
2015-06-03 08:20:00,13249200.0,991.09,22.21,296.13,11.19,49.63,26.82,13.31,13.51,8.4,13.43,1162.96,6.56,11.33,214.9
2015-06-03 08:30:00,13249800.0,991.2,22.05,295.96,11.23,50.25,26.56,13.35,13.21,8.42,13.47,1163.7,5.12,8.65,216.6
2015-06-03 08:40:00,13250400.0,991.25,22.28,296.18,11.21,49.49,26.94,13.33,13.61,8.41,13.45,1162.86,6.23,10.65,214.2
2015-06-03 08:50:00,13251000.0,991.31,22.12,296.02,11.22,50.0,26.68,13.34,13.34,8.41,13.45,1163.56,5.58,9.21,221.6
2015-06-03 09:00:00,13251600.0,991.34,22.62,296.52,11.48,49.36,27.5,13.57,13.93,8.56,13.69,1161.53,4.73,9.97,220.3
2015-06-03 09:10:00,13252200.0,991.33,22.51,296.41,11.29,49.05,27.32,13.4,13.92,8.45,13.52,1162.02,6.71,9.17,215.1
2015-06-03 09:20:00,13252800.0,991.43,22.48,296.37,11.43,49.61,27.27,13.53,13.74,8.53,13.64,1162.2,6.55,11.05,214.9
2015-06-03 09:30:00,13253400.0,991.53,22.72,296.6,11.47,49.02,27.67,13.56,14.1,8.55,13.68,1161.36,5.83,8.63,211.3
2015-06-03 09:40:00,13254000.0,991.66,22.98,296.85,11.66,48.86,28.11,13.73,14.37,8.66,13.85,1160.42,4.42,7.32,217.9
2015-06-03 09:50:00,13254600.0,991.68,23.45,297.32,11.44,46.79,28.91,13.53,15.39,8.53,13.64,1158.69,4.95,8.85,221.7
2015-06-03 10:00:00,13255200.0,991.73,23.5,297.37,11.47,46.76,29.0,13.56,15.44,8.55,13.67,1158.54,4.35,9.97,229.4
2015-06-03 10:10:00,13255800.0,991.8,23.66,297.52,11.41,46.13,29.28,13.51,15.77,8.52,13.62,1158.02,4.71,7.16,238.3
2015-06-03 10:20:00,13256400.0,991.84,23.76,297.62,11.54,46.23,29.46,13.62,15.84,8.59,13.73,1157.63,4.95,7.0,242.4
2015-06-03 10:30:00,13257000.0,991.87,23.86,297.71,11.57,46.05,29.64,13.65,15.99,8.6,13.76,1157.27,4.39,7.36,242.8
2015-06-03 10:40:00,13257600.0,991.89,23.84,297.69,11.48,45.85,29.6,13.57,16.03,8.56,13.68,1157.4,4.55,9.41,235.3
2015-06-03 10:50:00,13258200.0,991.95,24.3,298.15,11.6,44.94,30.43,13.67,16.75,8.62,13.79,1155.64,5.09,8.73,230.6
2015-06-03 11:00:00,13258800.0,992.05,24.16,298.0,11.46,44.91,30.17,13.55,16.62,8.54,13.66,1156.35,5.19,8.23,238.5
2015-06-03 11:10:00,13259400.0,992.05,24.19,298.03,11.57,45.17,30.23,13.65,16.57,8.61,13.76,1156.19,4.94,8.49,238.3
2015-06-03 11:20:00,13260000.0,992.06,24.67,298.51,11.63,44.05,31.11,13.7,17.41,8.64,13.81,1154.32,4.64,7.95,221.9
2015-06-03 11:30:00,13260600.0,992.04,24.85,298.69,11.48,43.14,31.45,13.57,17.88,8.55,13.67,1153.66,5.24,8.73,234.2
2015-06-03 11:40:00,13261200.0,992.03,25.02,298.86,11.88,43.87,31.77,13.94,17.83,8.78,14.05,1152.82,4.01,7.24,231.5
2015-06-03 11:50:00,13261800.0,992.11,25.19,299.03,12.56,45.41,32.09,14.57,17.52,9.19,14.69,1151.98,3.55,7.4,240.4
2015-06-03 12:00:00,13262400.0,992.2,25.01,298.84,12.46,45.61,31.75,14.48,17.27,9.13,14.59,1152.82,2.74,6.04,274.0
2015-06-03 12:10:00,13263000.0,992.29,24.99,298.81,12.34,45.28,31.71,14.36,17.35,9.05,14.47,1153.06,4.29,6.85,241.1
2015-06-03 12:20:00,13263600.0,992.39,24.9,298.71,12.34,45.54,31.54,14.36,17.18,9.05,14.47,1153.52,3.31,6.4,255.6
2015-06-03 12:30:00,13264200.0,992.46,25.15,298.96,12.46,45.22,32.01,14.48,17.54,9.12,14.59,1152.58,2.28,4.68,258.1
2015-06-03 12:40:00,13264800.0,992.54,24.8,298.6,12.89,47.51,31.35,14.9,16.46,9.39,15.01,1153.85,1.87,5.88,308.6
2015-06-03 12:50:00,13265400.0,992.6,24.44,298.23,12.96,48.75,30.68,14.96,15.73,9.43,15.07,1155.28,2.95,7.04,276.6
2015-06-03 13:00:00,13266000.0,992.68,24.44,298.23,12.79,48.21,30.68,14.79,15.89,9.32,14.9,1155.45,2.67,6.2,276.5
2015-06-03 13:10:00,13266600.0,992.72,24.93,298.71,12.74,46.67,31.6,14.75,16.85,9.29,14.85,1153.62,2.92,6.97,274.7
2015-06-03 13:20:00,13267200.0,992.91,24.99,298.76,12.54,45.88,31.71,14.55,17.16,9.16,14.65,1153.7,3.05,6.6,270.5
2015-06-03 13:30:00,13267800.0,993.0,24.74,298.5,12.26,45.72,31.24,14.28,16.96,9.0,14.38,1154.89,3.03,5.04,277.5
2015-06-03 13:40:00,13268400.0,993.08,24.68,298.43,12.18,45.67,31.13,14.22,16.91,8.95,14.32,1155.24,3.52,8.45,272.9
2015-06-03 13:50:00,13269000.0,993.14,24.71,298.46,12.17,45.54,31.18,14.2,16.98,8.94,14.3,1155.21,2.87,5.86,279.1
2015-06-03 14:00:00,13269600.0,993.29,24.46,298.19,12.47,47.14,30.72,14.48,16.24,9.12,14.58,1156.22,2.89,5.24,297.7
2015-06-03 14:10:00,13270200.0,993.43,23.9,297.62,12.51,48.88,29.71,14.52,15.19,9.14,14.62,1158.55,3.16,6.0,284.3
2015-06-03 14:20:00,13270800.0,993.46,23.96,297.68,12.46,48.56,29.81,14.48,15.34,9.11,14.57,1158.37,2.71,5.52,282.0
2015-06-03 14:30:00,13271400.0,993.53,24.0,297.71,12.32,47.99,29.89,14.34,15.54,9.03,14.44,1158.36,2.84,5.64,284.3
2015-06-03 14:40:00,13272000.0,993.58,24.04,297.75,12.47,48.35,29.96,14.48,15.47,9.12,14.58,1158.19,2.6,5.8,276.4
2015-06-03 14:50:00,13272600.0,993.65,24.31,298.01,12.52,47.72,30.45,14.53,15.92,9.15,14.62,1157.21,2.77,7.28,274.2
2015-06-03 15:00:00,13273200.0,993.71,24.31,298.01,12.45,47.51,30.45,14.47,15.98,9.1,14.56,1157.31,3.19,6.64,269.5
2015-06-03 15:10:00,13273800.0,993.8,24.1,297.79,12.35,47.81,30.07,14.37,15.69,9.05,14.46,1158.27,2.72,5.44,287.1
2015-06-03 15:20:00,13274400.0,993.82,23.65,297.34,12.21,48.65,29.26,14.24,15.03,8.96,14.33,1160.11,2.55,5.8,267.0
2015-06-03 15:30:00,13275000.0,993.85,23.68,297.36,12.25,48.69,29.32,14.27,15.04,8.98,14.36,1160.01,2.2,5.2,289.8
2015-06-03 15:40:00,13275600.0,993.92,23.88,297.56,12.23,48.05,29.67,14.26,15.41,8.97,14.34,1159.32,3.59,6.44,289.5
2015-06-03 15:50:00,13276200.0,994.02,23.34,297.01,12.13,49.33,28.72,14.17,14.55,8.91,14.25,1161.58,1.83,5.04,302.8
2015-06-03 16:00:00,13276800.0,994.07,23.13,296.79,12.06,49.73,28.36,14.1,14.26,8.87,14.19,1162.5,2.29,4.64,322.5
2015-06-03 16:10:00,13277400.0,994.23,23.35,297.0,12.04,48.98,28.74,14.08,14.66,8.85,14.16,1161.84,2.0,5.6,291.7
2015-06-03 16:20:00,13278000.0,994.34,23.16,296.8,11.86,48.96,28.41,13.91,14.5,8.75,13.99,1162.79,2.64,7.14,287.8
2015-06-03 16:30:00,13278600.0,994.47,23.33,296.96,11.85,48.45,28.71,13.91,14.8,8.75,13.99,1162.27,2.55,5.04,276.5
2015-06-03 16:40:00,13279200.0,994.57,22.89,296.51,11.53,48.72,27.95,13.62,14.33,8.56,13.69,1164.25,2.75,6.04,284.9
2015-06-03 16:50:00,13279800.0,994.6,22.68,296.3,11.37,48.81,27.6,13.47,14.13,8.47,13.54,1165.18,1.73,4.3,310.0
2015-06-03 17:00:00,13280400.0,994.63,22.54,296.16,11.33,49.08,27.37,13.43,13.93,8.44,13.5,1165.78,1.85,4.88,297.0
2015-06-03 17:10:00,13281000.0,994.81,21.84,295.44,11.07,50.34,26.22,13.2,13.02,8.3,13.27,1168.86,1.87,5.56,280.4
2015-06-03 17:20:00,13281600.0,994.97,21.39,294.98,10.93,51.29,25.51,13.09,12.43,8.22,13.15,1170.89,1.48,4.0,31.99
2015-06-03 17:30:00,13282200.0,995.13,20.5,294.07,10.79,53.65,24.15,12.96,11.2,8.14,13.02,1174.68,1.51,3.6,241.2
2015-06-03 17:40:00,13282800.0,995.23,20.2,293.76,10.72,54.41,23.71,12.9,10.81,8.1,12.96,1176.03,2.52,6.2,7.94
2015-06-03 17:50:00,13283400.0,995.35,20.43,293.98,10.82,53.98,24.05,12.98,11.07,8.15,13.04,1175.21,1.38,3.04,5.84
2015-06-03 18:00:00,13284000.0,995.54,20.67,294.21,10.81,53.17,24.41,12.98,11.43,8.15,13.04,1174.48,1.33,3.8,0.85
2015-06-03 18:10:00,13284600.0,995.67,20.63,294.15,10.62,52.62,24.35,12.81,11.54,8.04,12.87,1174.87,1.43,3.36,25.93
2015-06-03 18:20:00,13285200.0,995.83,20.36,293.87,10.35,52.54,23.95,12.58,11.37,7.9,12.63,1176.24,1.45,3.76,63.6
2015-06-03 18:30:00,13285800.0,995.97,19.97,293.47,10.14,53.09,23.38,12.41,10.97,7.79,12.46,1178.05,2.84,6.6,21.47
2015-06-03 18:40:00,13286400.0,996.09,19.52,293.01,9.89,53.68,22.73,12.2,10.53,7.66,12.25,1180.1,2.22,5.16,21.96
2015-06-03 18:50:00,13287000.0,996.2,19.4,292.88,9.64,53.18,22.56,12.0,10.56,7.53,12.05,1180.81,2.07,4.4,35.77
2015-06-03 19:00:00,13287600.0,996.36,19.04,292.5,9.5,53.89,22.06,11.89,10.17,7.46,11.93,1182.5,1.61,3.72,24.56
2015-06-03 19:10:00,13288200.0,996.56,18.52,291.97,9.14,54.31,21.36,11.6,9.76,7.27,11.64,1184.97,2.65,6.0,27.1
2015-06-03 19:20:00,13288800.0,996.79,18.13,291.56,8.89,54.75,20.84,11.41,9.43,7.15,11.45,1186.92,1.78,3.58,26.95
2015-06-03 19:30:00,13289400.0,996.98,17.88,291.29,8.7,54.88,20.52,11.26,9.26,7.05,11.29,1188.24,1.39,3.76,8.4
2015-06-03 19:40:00,13290000.0,997.16,17.7,291.1,8.47,54.66,20.29,11.09,9.2,6.95,11.12,1189.26,1.03,2.16,188.6
2015-06-03 19:50:00,13290600.0,997.41,17.4,290.78,8.12,54.39,19.9,10.83,9.08,6.78,10.85,1190.91,1.11,3.08,104.0
2015-06-03 20:00:00,13291200.0,997.64,17.16,290.52,7.83,54.16,19.6,10.62,8.99,6.65,10.64,1192.27,0.87,2.2,12.27
2015-06-03 20:10:00,13291800.0,997.8,16.89,290.23,7.71,54.63,19.27,10.53,8.74,6.59,10.55,1193.61,0.72,1.68,256.9
2015-06-03 20:20:00,13292400.0,997.95,16.5,289.83,7.62,55.67,18.8,10.47,8.33,6.55,10.49,1195.43,1.41,2.44,241.5
2015-06-03 20:30:00,13293000.0,998.22,16.24,289.55,7.51,56.16,18.49,10.38,8.11,6.5,10.4,1196.86,1.41,2.88,247.1
2015-06-03 20:40:00,13293600.0,998.42,16.11,289.4,7.39,56.16,18.34,10.3,8.04,6.44,10.32,1197.68,1.18,2.24,242.9
2015-06-03 20:50:00,13294200.0,998.55,15.86,289.14,7.2,56.34,18.05,10.17,7.88,6.36,10.18,1198.94,1.39,2.52,252.2
2015-06-03 21:00:00,13294800.0,998.71,15.64,288.91,7.0,56.34,17.8,10.03,7.77,6.27,10.04,1200.1,1.67,2.56,247.9
2015-06-03 21:10:00,13295400.0,998.83,15.52,288.78,6.83,56.11,17.66,9.91,7.75,6.19,9.92,1200.8,2.01,3.44,250.7
2015-06-03 21:20:00,13296000.0,998.89,15.43,288.68,6.84,56.47,17.56,9.91,7.64,6.2,9.93,1201.25,2.15,2.92,247.7
2015-06-03 21:30:00,13296600.0,999.01,15.29,288.53,6.96,57.48,17.4,10.0,7.4,6.25,10.01,1201.94,1.97,2.72,250.7
2015-06-03 21:40:00,13297200.0,999.08,15.3,288.54,7.01,57.63,17.41,10.03,7.38,6.27,10.04,1201.96,2.11,2.76,251.7
2015-06-03 21:50:00,13297800.0,999.31,15.37,288.59,7.17,58.0,17.49,10.14,7.35,6.34,10.15,1201.9,2.24,4.54,9.91
2015-06-03 22:00:00,13298400.0,999.47,15.36,288.56,7.42,59.04,17.48,10.32,7.16,6.45,10.32,1202.05,2.5,4.04,18.17
2015-06-03 22:10:00,13299000.0,999.57,15.32,288.52,7.52,59.61,17.43,10.39,7.04,6.49,10.4,1202.3,2.35,3.6,17.67
2015-06-03 22:20:00,13299600.0,999.6,15.22,288.41,7.56,60.16,17.32,10.42,6.9,6.51,10.43,1202.75,1.19,2.12,355.4
2015-06-03 22:30:00,13300200.0,999.66,15.02,288.21,7.6,61.1,17.1,10.45,6.65,6.53,10.45,1203.65,0.91,1.52,357.4
2015-06-03 22:40:00,13300800.0,999.76,14.97,288.15,7.61,61.36,17.05,10.46,6.59,6.53,10.46,1203.97,1.22,1.68,354.2
2015-06-03 22:50:00,13301400.0,999.79,14.95,288.13,7.65,61.57,17.02,10.48,6.54,6.55,10.48,1204.08,1.21,1.52,356.0
2015-06-03 23:00:00,13302000.0,999.8,14.98,288.16,7.67,61.56,17.06,10.5,6.56,6.56,10.5,1203.96,1.12,1.68,15.84
2015-06-03 23:10:00,13302600.0,999.89,14.8,287.97,7.77,62.69,16.86,10.57,6.29,6.6,10.57,1204.79,0.61,1.48,13.01
2015-06-03 23:20:00,13303200.0,999.97,14.71,287.87,7.77,63.07,16.76,10.57,6.19,6.6,10.57,1205.26,0.53,1.02,16.37
2015-06-03 23:30:00,13303800.0,1000.08,14.59,287.74,7.78,63.61,16.63,10.58,6.05,6.61,10.58,1205.9,0.47,1.12,266.9
2015-06-03 23:40:00,13304400.0,1000.17,14.58,287.73,7.75,63.5,16.62,10.55,6.07,6.59,10.55,1206.05,0.71,1.28,358.2
2015-06-03 23:50:00,13305000.0,1000.18,14.55,287.7,7.77,63.71,16.59,10.57,6.02,6.6,10.57,1206.18,1.13,1.78,22.05
2015-06-04 00:00:00,13305600.0,1000.27,14.42,287.56,7.85,64.6,16.45,10.63,5.82,6.63,10.62,1206.82,1.58,2.2,13.06
2015-06-04 00:10:00,13306200.0,1000.29,14.37,287.51,7.86,64.88,16.4,10.64,5.76,6.64,10.64,1207.04,1.09,2.08,355.0
2015-06-04 00:20:00,13306800.0,1000.35,13.86,286.99,7.86,67.05,15.86,10.64,5.23,6.64,10.63,1209.25,0.81,1.68,262.1
2015-06-04 00:30:00,13307400.0,1000.35,13.96,287.09,7.89,66.74,15.97,10.66,5.31,6.65,10.65,1208.83,0.46,0.72,18.82
2015-06-04 00:40:00,13308000.0,1000.4,13.89,287.02,7.89,67.05,15.89,10.66,5.24,6.65,10.65,1209.18,0.4,0.88,24.23
2015-06-04 00:50:00,13308600.0,1000.38,13.73,286.86,8.13,68.86,15.73,10.83,4.9,6.76,10.83,1209.76,0.82,1.04,46.06
2015-06-04 01:00:00,13309200.0,1000.43,13.58,286.7,8.25,70.1,15.58,10.92,4.66,6.82,10.91,1210.41,0.55,0.96,51.26
2015-06-04 01:10:00,13309800.0,1000.5,13.39,286.51,8.02,69.87,15.39,10.75,4.64,6.71,10.74,1211.38,0.7,1.08,233.6
2015-06-04 01:20:00,13310400.0,1000.47,13.37,286.49,7.94,69.6,15.37,10.69,4.67,6.68,10.69,1211.45,0.3,0.64,319.7
2015-06-04 01:30:00,13311000.0,1000.53,13.31,286.43,8.13,70.8,15.31,10.84,4.47,6.76,10.83,1211.7,0.23,0.52,34.5
2015-06-04 01:40:00,13311600.0,1000.54,13.07,286.19,8.09,71.7,15.07,10.8,4.26,6.74,10.8,1212.75,0.36,0.96,28.17
2015-06-04 01:50:00,13312200.0,1000.57,13.01,286.12,8.13,72.2,15.01,10.84,4.17,6.76,10.83,1213.03,0.42,0.88,28.21
2015-06-04 02:00:00,13312800.0,1000.63,12.95,286.06,8.12,72.4,14.95,10.82,4.13,6.76,10.82,1213.36,0.54,0.76,39.72
2015-06-04 02:10:00,13313400.0,1000.66,12.77,285.88,8.08,73.1,14.77,10.8,3.97,6.74,10.79,1214.17,0.5,0.72,47.06
2015-06-04 02:20:00,13314000.0,1000.67,12.44,285.55,8.06,74.6,14.46,10.78,3.67,6.73,10.78,1215.59,0.18,0.56,9.38
2015-06-04 02:30:00,13314600.0,1000.73,12.1,285.2,8.12,76.6,14.14,10.83,3.31,6.76,10.82,1217.1,0.53,0.84,27.05
2015-06-04 02:40:00,13315200.0,1000.78,11.75,284.85,8.03,77.9,13.81,10.76,3.05,6.72,10.75,1218.69,0.28,0.52,6.67
2015-06-04 02:50:00,13315800.0,1000.79,11.63,284.73,8.03,78.5,13.7,10.76,2.95,6.71,10.75,1219.2,0.25,0.64,229.4
2015-06-04 03:00:00,13316400.0,1000.79,11.58,284.68,7.6,76.5,13.66,10.45,3.21,6.52,10.44,1219.56,1.67,2.16,239.4
2015-06-04 03:10:00,13317000.0,1000.79,11.8,284.9,7.45,74.6,13.86,10.34,3.52,6.45,10.33,1218.67,1.46,1.94,239.3
2015-06-04 03:20:00,13317600.0,1000.79,11.7,284.8,7.52,75.5,13.77,10.39,3.37,6.49,10.39,1219.07,0.57,1.08,216.1
2015-06-04 03:30:00,13318200.0,1000.84,11.4,284.49,7.45,76.6,13.5,10.34,3.16,6.45,10.33,1220.45,1.01,2.16,227.1
2015-06-04 03:40:00,13318800.0,1000.86,11.16,284.25,7.29,77.0,13.28,10.23,3.06,6.38,10.22,1221.55,1.59,2.24,223.5
2015-06-04 03:50:00,13319400.0,1001.0,11.22,284.3,7.37,77.1,13.34,10.28,3.05,6.41,10.27,1221.44,1.1,1.64,217.7
2015-06-04 04:00:00,13320000.0,1001.02,11.1,284.18,7.31,77.4,13.23,10.24,2.99,6.39,10.23,1222.0,1.45,2.0,234.7
2015-06-04 04:10:00,13320600.0,1001.07,11.13,284.2,7.52,78.4,13.26,10.39,2.86,6.48,10.38,1221.86,0.81,1.16,225.7
2015-06-04 04:20:00,13321200.0,1001.16,11.13,284.2,7.65,79.1,13.26,10.49,2.77,6.54,10.47,1221.93,0.85,1.12,225.9
2015-06-04 04:30:00,13321800.0,1001.25,11.14,284.2,7.66,79.1,13.27,10.49,2.77,6.54,10.48,1221.99,0.54,0.88,219.0
2015-06-04 04:40:00,13322400.0,1001.28,11.24,284.3,7.74,79.0,13.35,10.55,2.8,6.58,10.54,1221.58,0.36,0.74,233.6
2015-06-04 04:50:00,13323000.0,1001.36,11.48,284.53,7.86,78.4,13.57,10.64,2.93,6.63,10.62,1220.61,0.25,0.44,335.7
2015-06-04 05:00:00,13323600.0,1001.41,11.77,284.82,7.96,77.4,13.83,10.71,3.13,6.68,10.69,1219.39,0.3,0.64,29.87
2015-06-04 05:10:00,13324200.0,1001.52,11.81,284.85,8.09,77.9,13.87,10.8,3.06,6.74,10.79,1219.31,0.45,0.88,83.7
2015-06-04 05:20:00,13324800.0,1001.63,11.78,284.81,8.17,78.5,13.84,10.87,2.98,6.78,10.85,1219.54,0.38,0.84,78.0
2015-06-04 05:30:00,13325400.0,1001.68,11.58,284.6,8.05,78.9,13.66,10.78,2.88,6.72,10.76,1220.51,0.4,0.92,58.67
2015-06-04 05:40:00,13326000.0,1001.77,11.46,284.48,8.01,79.3,13.55,10.75,2.81,6.7,10.73,1221.14,0.35,0.76,52.92
2015-06-04 05:50:00,13326600.0,1001.85,11.29,284.3,7.94,79.8,13.4,10.69,2.71,6.67,10.67,1222.0,0.68,1.08,219.5
2015-06-04 06:00:00,13327200.0,1001.89,11.67,284.68,8.16,79.0,13.74,10.86,2.89,6.77,10.83,1220.34,0.61,1.16,209.5
2015-06-04 06:10:00,13327800.0,1001.89,12.31,285.32,8.42,77.1,14.33,11.05,3.28,6.89,11.03,1217.51,0.59,1.22,219.7
2015-06-04 06:20:00,13328400.0,1001.89,13.34,286.35,8.67,73.3,15.34,11.24,4.09,7.01,11.22,1213.05,0.58,1.16,204.9
2015-06-04 06:30:00,13329000.0,1001.81,13.67,286.68,8.79,72.3,15.67,11.33,4.34,7.06,11.31,1211.51,0.94,1.76,203.1
2015-06-04 06:40:00,13329600.0,1001.82,14.21,287.22,9.0,70.8,16.23,11.49,4.74,7.16,11.47,1209.17,0.46,1.3,155.3
2015-06-04 06:50:00,13330200.0,1001.91,14.46,287.46,8.82,68.84,16.49,11.35,5.14,7.08,11.33,1208.3,1.18,1.58,90.7
2015-06-04 07:00:00,13330800.0,1001.89,14.96,287.96,8.99,67.42,17.03,11.48,5.55,7.16,11.46,1206.12,0.56,1.36,109.1
2015-06-04 07:10:00,13331400.0,1001.92,15.91,288.91,9.07,63.78,18.11,11.55,6.56,7.2,11.53,1202.16,0.49,1.12,134.4
2015-06-04 07:20:00,13332000.0,1001.9,16.24,289.24,8.93,61.87,18.49,11.44,7.05,7.13,11.42,1200.82,0.71,1.72,108.6
2015-06-04 07:30:00,13332600.0,1001.97,15.75,288.75,8.49,61.94,17.92,11.1,6.82,6.92,11.08,1203.09,1.61,2.72,45.57
2015-06-04 07:40:00,13333200.0,1002.05,15.37,288.36,8.52,63.61,17.49,11.13,6.36,6.93,11.1,1204.77,1.77,2.48,47.41
2015-06-04 07:50:00,13333800.0,1002.11,15.57,288.56,8.38,62.21,17.72,11.02,6.69,6.87,11.0,1204.04,1.89,3.16,67.95
2015-06-04 08:00:00,13334400.0,1002.08,15.82,288.81,8.38,61.22,18.0,11.02,6.98,6.87,11.0,1202.97,1.55,3.0,76.5
2015-06-04 08:10:00,13335000.0,1002.05,16.08,289.07,8.19,59.43,18.3,10.88,7.43,6.78,10.86,1201.91,1.37,3.04,68.93
2015-06-04 08:20:00,13335600.0,1002.03,16.35,289.34,7.98,57.58,18.62,10.72,7.9,6.68,10.7,1200.84,1.35,2.92,85.4
2015-06-04 08:30:00,13336200.0,1002.04,16.49,289.48,8.01,57.19,18.79,10.74,8.04,6.7,10.72,1200.26,1.61,3.72,30.69
2015-06-04 08:40:00,13336800.0,1002.03,16.67,289.66,8.24,57.43,19.0,10.91,8.09,6.8,10.89,1199.43,2.15,4.24,54.55
2015-06-04 08:50:00,13337400.0,1002.01,16.6,289.59,8.19,57.5,18.92,10.88,8.04,6.78,10.86,1199.71,2.07,4.6,59.1
2015-06-04 09:00:00,13338000.0,1001.94,16.87,289.87,8.29,56.89,19.25,10.95,8.3,6.83,10.93,1198.48,2.77,4.68,32.76
2015-06-04 09:10:00,13338600.0,1001.97,16.69,289.69,8.08,56.74,19.03,10.8,8.23,6.73,10.78,1199.32,1.94,4.48,37.09
2015-06-04 09:20:00,13339200.0,1001.85,17.15,290.16,8.34,56.11,19.59,10.99,8.6,6.85,10.97,1197.2,3.28,5.36,45.19
2015-06-04 09:30:00,13339800.0,1001.84,17.15,290.16,8.23,55.67,19.59,10.91,8.69,6.8,10.89,1197.22,2.55,5.08,43.14
2015-06-04 09:40:00,13340400.0,1001.75,17.35,290.37,8.19,54.84,19.84,10.88,8.96,6.78,10.86,1196.29,3.58,5.16,36.9
2015-06-04 09:50:00,13341000.0,1001.65,17.57,290.59,8.14,53.89,20.12,10.84,9.28,6.76,10.82,1195.29,3.2,5.6,34.69
2015-06-04 10:00:00,13341600.0,1001.63,17.65,290.67,7.92,52.81,20.22,10.68,9.54,6.66,10.66,1195.02,2.29,4.36,24.67
2015-06-04 10:10:00,13342200.0,1001.56,17.98,291.01,8.02,52.1,20.65,10.76,9.89,6.71,10.74,1193.53,3.22,5.66,46.93
2015-06-04 10:20:00,13342800.0,1001.51,18.09,291.12,8.03,51.76,20.79,10.76,10.03,6.71,10.74,1193.03,3.13,5.8,35.44
2015-06-04 10:30:00,13343400.0,1001.56,18.18,291.21,7.86,50.89,20.91,10.64,10.27,6.63,10.62,1192.77,2.94,5.12,36.72
2015-06-04 10:40:00,13344000.0,1001.56,18.44,291.47,8.03,50.65,21.25,10.76,10.49,6.71,10.75,1191.65,2.69,5.34,39.79
2015-06-04 10:50:00,13344600.0,1001.5,18.66,291.7,8.1,50.17,21.55,10.81,10.74,6.74,10.79,1190.66,3.09,5.72,35.39
2015-06-04 11:00:00,13345200.0,1001.44,18.74,291.78,7.81,48.96,21.65,10.6,11.05,6.61,10.59,1190.36,3.66,5.64,35.6
2015-06-04 11:10:00,13345800.0,1001.42,18.73,291.77,7.86,49.16,21.64,10.64,11.0,6.63,10.62,1190.36,2.7,4.56,36.21
2015-06-04 11:20:00,13346400.0,1001.3,19.0,292.05,7.88,48.39,22.01,10.65,11.36,6.64,10.64,1189.11,2.44,4.56,36.94
2015-06-04 11:30:00,13347000.0,1001.28,19.16,292.21,7.83,47.75,22.23,10.61,11.61,6.62,10.6,1188.45,3.89,7.04,54.47
2015-06-04 11:40:00,13347600.0,1001.27,18.92,291.97,7.81,48.42,21.9,10.6,11.3,6.61,10.59,1189.43,2.8,5.32,23.16
2015-06-04 11:50:00,13348200.0,1001.25,19.25,292.31,7.82,47.44,22.35,10.6,11.75,6.61,10.59,1188.05,3.34,5.48,38.12
2015-06-04 12:00:00,13348800.0,1001.21,19.33,292.39,7.86,47.33,22.47,10.63,11.83,6.63,10.62,1187.67,3.4,5.4,40.01
2015-06-04 12:10:00,13349400.0,1001.2,19.43,292.49,7.94,47.3,22.61,10.69,11.91,6.67,10.68,1187.23,1.91,4.32,28.62
2015-06-04 12:20:00,13350000.0,1001.11,19.92,292.99,8.12,46.45,23.3,10.82,12.48,6.75,10.81,1185.08,3.28,5.8,31.02
2015-06-04 12:30:00,13350600.0,1001.1,19.58,292.65,7.98,46.99,22.82,10.72,12.1,6.69,10.71,1186.49,4.44,7.48,32.26
2015-06-04 12:40:00,13351200.0,1001.02,19.63,292.7,7.96,46.78,22.89,10.71,12.18,6.68,10.7,1186.19,2.96,5.84,55.48
2015-06-04 12:50:00,13351800.0,1000.96,19.74,292.82,8.01,46.64,23.05,10.75,12.3,6.71,10.74,1185.66,3.55,5.44,46.72
2015-06-04 13:00:00,13352400.0,1000.83,20.04,293.13,8.11,46.09,23.48,10.82,12.66,6.75,10.81,1184.26,4.31,6.16,59.27
2015-06-04 13:10:00,13353000.0,1000.76,20.11,293.21,8.05,45.69,23.58,10.77,12.81,6.72,10.77,1183.91,3.35,5.84,38.59
2015-06-04 13:20:00,13353600.0,1000.72,20.41,293.51,8.09,44.97,24.02,10.8,13.22,6.74,10.79,1182.65,3.42,6.91,40.0
2015-06-04 13:30:00,13354200.0,1000.67,20.21,293.31,8.03,45.36,23.73,10.76,12.96,6.72,10.75,1183.41,4.18,7.85,32.93
2015-06-04 13:40:00,13354800.0,1000.61,20.28,293.39,8.06,45.25,23.83,10.78,13.05,6.73,10.78,1183.04,4.53,7.1,36.35
2015-06-04 13:50:00,13355400.0,1000.45,20.31,293.43,8.13,45.39,23.87,10.84,13.04,6.76,10.83,1182.71,3.67,6.14,22.62
2015-06-04 14:00:00,13356000.0,1000.4,20.36,293.49,8.09,45.12,23.95,10.8,13.14,6.75,10.8,1182.47,4.38,6.85,34.3
2015-06-04 14:10:00,13356600.0,1000.31,20.36,293.49,7.98,44.78,23.95,10.72,13.22,6.7,10.72,1182.4,3.97,6.58,41.43
2015-06-04 14:20:00,13357200.0,1000.29,20.71,293.85,7.99,43.84,24.47,10.73,13.74,6.7,10.72,1180.95,3.08,6.0,87.1
2015-06-04 14:30:00,13357800.0,1000.2,20.75,293.89,8.09,44.04,24.53,10.8,13.73,6.75,10.8,1180.65,3.21,5.16,71.4
2015-06-04 14:40:00,13358400.0,1000.13,21.01,294.16,8.17,43.59,24.93,10.86,14.06,6.78,10.86,1179.5,3.7,6.48,62.52
2015-06-04 14:50:00,13359000.0,1000.04,21.1,294.26,8.1,43.13,25.06,10.81,14.25,6.75,10.81,1179.06,3.38,5.48,42.6
2015-06-04 15:00:00,13359600.0,999.96,21.18,294.34,8.19,43.2,25.19,10.88,14.31,6.8,10.88,1178.62,2.95,5.76,61.27
2015-06-04 15:10:00,13360200.0,999.84,21.25,294.42,8.21,43.07,25.29,10.89,14.4,6.81,10.9,1178.18,3.83,5.68,55.99
2015-06-04 15:20:00,13360800.0,999.79,21.38,294.56,8.26,42.86,25.5,10.93,14.57,6.83,10.93,1177.59,3.02,4.78,62.7
2015-06-04 15:30:00,13361400.0,999.77,21.45,294.63,8.23,42.6,25.61,10.91,14.7,6.81,10.91,1177.3,3.54,5.32,52.58
2015-06-04 15:40:00,13362000.0,999.67,21.3,294.49,8.28,43.14,25.37,10.95,14.43,6.84,10.95,1177.77,4.6,7.77,34.17
2015-06-04 15:50:00,13362600.0,999.59,21.28,294.47,8.35,43.39,25.34,11.0,14.35,6.87,11.0,1177.72,4.4,6.44,41.14
2015-06-04 16:00:00,13363200.0,999.52,21.35,294.55,8.2,42.77,25.45,10.89,14.57,6.8,10.89,1177.41,4.37,6.2,53.32
2015-06-04 16:10:00,13363800.0,999.37,21.29,294.5,8.17,42.84,25.36,10.86,14.49,6.79,10.87,1177.49,3.15,5.06,73.3
2015-06-04 16:20:00,13364400.0,999.31,21.47,294.69,8.3,42.74,25.64,10.96,14.68,6.85,10.97,1176.66,4.27,7.0,64.17
2015-06-04 16:30:00,13365000.0,999.27,21.26,294.48,8.13,42.81,25.31,10.84,14.48,6.77,10.84,1177.5,3.79,5.92,62.89
2015-06-04 16:40:00,13365600.0,999.09,21.46,294.7,8.23,42.57,25.62,10.91,14.71,6.82,10.92,1176.45,2.81,5.88,49.23
2015-06-04 16:50:00,13366200.0,999.05,21.61,294.85,8.12,41.86,25.86,10.82,15.03,6.77,10.83,1175.84,3.78,5.8,43.88
2015-06-04 17:00:00,13366800.0,998.96,21.59,294.84,8.15,42.0,25.83,10.85,14.98,6.78,10.86,1175.81,4.02,6.36,51.07
2015-06-04 17:10:00,13367400.0,998.85,21.71,294.97,8.27,42.04,26.02,10.94,15.08,6.84,10.95,1175.16,3.98,6.04,55.37
2015-06-04 17:20:00,13368000.0,998.81,21.79,295.05,8.26,41.8,26.14,10.93,15.22,6.83,10.94,1174.79,3.55,5.48,59.99
2015-06-04 17:30:00,13368600.0,998.77,21.55,294.81,8.14,42.09,25.76,10.84,14.92,6.78,10.86,1175.74,3.37,4.92,76.9
2015-06-04 17:40:00,13369200.0,998.69,21.58,294.85,8.27,42.37,25.81,10.94,14.87,6.84,10.95,1175.49,2.71,4.32,76.0
2015-06-04 17:50:00,13369800.0,998.65,21.66,294.93,8.27,42.18,25.94,10.94,15.0,6.84,10.96,1175.12,3.74,5.54,45.18
2015-06-04 18:00:00,13370400.0,998.57,21.53,294.81,8.29,42.55,25.73,10.95,14.78,6.85,10.96,1175.54,3.4,5.2,56.43
2015-06-04 18:10:00,13371000.0,998.54,21.33,294.61,8.08,42.48,25.42,10.8,14.62,6.75,10.81,1176.37,4.46,6.36,42.87
2015-06-04 18:20:00,13371600.0,998.53,21.29,294.57,8.12,42.71,25.36,10.83,14.53,6.77,10.85,1176.51,3.66,5.32,50.9
2015-06-04 18:30:00,13372200.0,998.47,21.16,294.45,8.13,43.08,25.16,10.84,14.32,6.78,10.85,1176.95,4.04,6.2,53.02
2015-06-04 18:40:00,13372800.0,998.46,21.03,294.32,8.12,43.38,24.96,10.83,14.13,6.77,10.84,1177.46,3.43,4.96,60.37
2015-06-04 18:50:00,13373400.0,998.45,20.84,294.13,7.96,43.42,24.67,10.71,13.96,6.7,10.73,1178.26,3.52,5.56,64.76
2015-06-04 19:00:00,13374000.0,998.47,20.47,293.76,7.75,43.78,24.11,10.56,13.55,6.6,10.57,1179.84,3.11,4.58,60.86
2015-06-04 19:10:00,13374600.0,998.46,20.14,293.43,7.52,44.0,23.62,10.39,13.23,6.5,10.41,1181.23,3.18,5.12,64.8
2015-06-04 19:20:00,13375200.0,998.46,19.95,293.24,7.7,45.05,23.35,10.52,12.83,6.58,10.53,1181.94,2.72,4.48,47.2
2015-06-04 19:30:00,13375800.0,998.47,19.8,293.09,7.63,45.25,23.13,10.47,12.66,6.55,10.48,1182.58,2.83,4.2,60.82
2015-06-04 19:40:00,13376400.0,998.56,19.69,292.97,7.45,45.01,22.97,10.34,12.63,6.47,10.36,1183.19,3.01,4.32,57.49
2015-06-04 19:50:00,13377000.0,998.56,19.58,292.86,7.34,44.97,22.82,10.26,12.56,6.42,10.28,1183.67,2.84,4.32,60.92
2015-06-04 20:00:00,13377600.0,998.56,19.41,292.69,7.35,45.5,22.58,10.27,12.31,6.42,10.29,1184.36,2.33,4.32,56.7
2015-06-04 20:10:00,13378200.0,998.64,19.18,292.45,7.42,46.36,22.26,10.32,11.94,6.45,10.33,1185.36,1.8,2.94,61.34
2015-06-04 20:20:00,13378800.0,998.79,18.98,292.24,7.42,46.94,21.98,10.32,11.66,6.45,10.33,1186.35,1.79,2.52,63.22
2015-06-04 20:30:00,13379400.0,998.81,18.81,292.07,7.31,47.09,21.75,10.24,11.51,6.4,10.25,1187.1,1.93,2.76,53.73
2015-06-04 20:40:00,13380000.0,998.85,18.71,291.97,7.27,47.26,21.61,10.21,11.4,6.39,10.23,1187.56,2.54,3.5,51.31
2015-06-04 20:50:00,13380600.0,998.86,18.52,291.78,7.28,47.86,21.36,10.22,11.14,6.39,10.23,1188.35,2.53,3.56,44.47
2015-06-04 21:00:00,13381200.0,998.83,18.27,291.53,7.36,48.88,21.03,10.28,10.75,6.42,10.29,1189.31,2.18,2.96,33.56
2015-06-04 21:10:00,13381800.0,998.85,17.97,291.23,7.63,50.75,20.63,10.47,10.16,6.55,10.48,1190.46,1.8,2.84,13.41
2015-06-04 21:20:00,13382400.0,998.92,17.7,290.95,7.67,51.76,20.29,10.5,9.79,6.56,10.51,1191.64,1.73,2.6,20.68
2015-06-04 21:30:00,13383000.0,998.95,17.72,290.97,7.62,51.53,20.31,10.47,9.84,6.54,10.48,1191.61,2.0,2.72,12.15
2015-06-04 21:40:00,13383600.0,998.99,17.71,290.95,7.59,51.44,20.3,10.44,9.86,6.53,10.45,1191.71,1.67,2.48,10.42
2015-06-04 21:50:00,13384200.0,999.06,17.56,290.8,7.61,51.99,20.11,10.45,9.65,6.53,10.46,1192.41,1.46,2.28,14.3
2015-06-04 22:00:00,13384800.0,999.03,17.48,290.72,7.55,52.06,20.01,10.41,9.59,6.51,10.42,1192.72,1.69,2.36,4.51
2015-06-04 22:10:00,13385400.0,999.01,17.42,290.66,7.54,52.21,19.93,10.41,9.52,6.5,10.42,1192.95,1.84,2.76,1.5
2015-06-04 22:20:00,13386000.0,999.04,17.21,290.45,7.49,52.73,19.67,10.37,9.3,6.48,10.38,1193.85,1.16,1.92,6.36
2015-06-04 22:30:00,13386600.0,999.04,17.01,290.25,7.51,53.48,19.42,10.39,9.03,6.49,10.4,1194.67,1.7,2.84,3.98
2015-06-04 22:40:00,13387200.0,999.05,16.73,289.97,7.72,55.22,19.08,10.53,8.54,6.58,10.54,1195.77,0.8,2.04,20.43
2015-06-04 22:50:00,13387800.0,999.07,16.04,289.28,8.11,59.26,18.26,10.82,7.44,6.76,10.83,1198.51,0.44,0.74,129.0
2015-06-04 23:00:00,13388400.0,999.04,15.48,288.72,8.11,61.43,17.61,10.82,6.79,6.76,10.83,1200.81,0.29,0.62,72.4
2015-06-04 23:10:00,13389000.0,999.07,15.31,288.55,7.98,61.57,17.42,10.73,6.7,6.71,10.74,1201.6,0.46,1.04,72.1
2015-06-04 23:20:00,13389600.0,999.04,15.1,288.34,7.96,62.3,17.19,10.71,6.48,6.69,10.72,1202.45,0.42,0.88,38.41
2015-06-04 23:30:00,13390200.0,998.92,14.96,288.21,7.97,62.91,17.03,10.72,6.32,6.7,10.73,1202.88,0.49,0.92,21.39
2015-06-04 23:40:00,13390800.0,998.86,14.74,287.99,7.94,63.69,16.79,10.7,6.1,6.69,10.71,1203.73,0.54,0.88,27.5
2015-06-04 23:50:00,13391400.0,998.75,14.53,287.79,7.95,64.61,16.57,10.7,5.86,6.69,10.72,1204.47,0.32,0.82,82.0
2015-06-05 00:00:00,13392000.0,998.6,14.29,287.57,8.1,66.26,16.31,10.81,5.5,6.76,10.82,1205.25,0.32,0.64,109.4
2015-06-05 00:10:00,13392600.0,998.54,14.14,287.42,8.04,66.65,16.15,10.77,5.39,6.73,10.78,1205.82,0.4,0.6,69.7
2015-06-05 00:20:00,13393200.0,998.51,13.92,287.2,7.97,67.31,15.93,10.72,5.21,6.7,10.74,1206.73,0.4,0.86,40.82
2015-06-05 00:30:00,13393800.0,998.46,13.65,286.94,8.09,69.04,15.65,10.8,4.84,6.76,10.82,1207.77,0.36,0.68,74.1
2015-06-05 00:40:00,13394400.0,998.46,13.47,286.76,8.07,69.75,15.47,10.79,4.68,6.75,10.8,1208.53,0.23,0.6,92.5
2015-06-05 00:50:00,13395000.0,998.44,13.34,286.63,8.02,70.1,15.34,10.75,4.59,6.72,10.77,1209.08,0.2,0.4,173.5
2015-06-05 01:00:00,13395600.0,998.43,13.03,286.32,7.67,69.88,15.03,10.5,4.53,6.57,10.52,1210.49,0.6,1.52,184.4
2015-06-05 01:10:00,13396200.0,998.33,12.91,286.21,7.24,68.37,14.91,10.19,4.72,6.38,10.21,1211.02,0.77,1.44,192.8
2015-06-05 01:20:00,13396800.0,998.38,12.71,286.0,7.21,69.12,14.72,10.17,4.54,6.36,10.19,1211.94,1.12,2.0,207.3
2015-06-05 01:30:00,13397400.0,998.35,12.55,285.85,7.3,70.3,14.56,10.24,4.32,6.4,10.25,1212.55,1.37,1.98,209.8
2015-06-05 01:40:00,13398000.0,998.3,12.64,285.94,7.11,68.97,14.65,10.1,4.55,6.32,10.12,1212.16,1.41,1.8,208.2
2015-06-05 01:50:00,13398600.0,998.23,12.55,285.85,7.23,69.97,14.56,10.19,4.37,6.37,10.21,1212.43,1.29,1.88,206.3
2015-06-05 02:00:00,13399200.0,998.17,12.4,285.71,7.51,72.0,14.42,10.38,4.04,6.49,10.4,1212.9,0.88,1.8,191.4
2015-06-05 02:10:00,13399800.0,998.06,12.16,285.48,7.34,72.3,14.19,10.26,3.93,6.42,10.28,1213.84,0.34,0.6,127.7
2015-06-05 02:20:00,13400400.0,998.02,11.85,285.17,7.3,73.6,13.91,10.23,3.67,6.4,10.25,1215.13,0.34,0.56,105.8
2015-06-05 02:30:00,13401000.0,998.01,11.72,285.04,7.47,75.1,13.79,10.35,3.43,6.48,10.37,1215.61,0.19,0.44,53.84
2015-06-05 02:40:00,13401600.0,997.97,11.56,284.89,7.49,76.0,13.64,10.37,3.27,6.49,10.39,1216.24,0.24,0.48,83.8
2015-06-05 02:50:00,13402200.0,997.95,11.38,284.71,7.56,77.3,13.48,10.42,3.06,6.52,10.44,1216.96,0.23,0.48,39.28
2015-06-05 03:00:00,13402800.0,997.88,11.2,284.53,7.52,78.0,13.32,10.39,2.93,6.5,10.41,1217.65,0.28,0.6,11.21
2015-06-05 03:10:00,13403400.0,997.76,11.0,284.34,7.4,78.4,13.14,10.3,2.84,6.45,10.33,1218.41,0.39,0.56,36.74
2015-06-05 03:20:00,13404000.0,997.73,10.8,284.15,7.33,79.1,12.97,10.26,2.71,6.42,10.28,1219.25,0.46,0.76,52.24
2015-06-05 03:30:00,13404600.0,997.71,10.64,283.99,7.38,80.2,12.83,10.29,2.54,6.44,10.31,1219.9,0.45,0.76,58.98
2015-06-05 03:40:00,13405200.0,997.72,10.53,283.88,7.43,81.1,12.74,10.33,2.41,6.47,10.35,1220.36,0.64,1.04,52.26
2015-06-05 03:50:00,13405800.0,997.71,10.3,283.65,7.46,82.5,12.54,10.35,2.2,6.48,10.37,1221.33,0.39,0.84,46.58
2015-06-05 04:00:00,13406400.0,997.69,10.22,283.57,7.42,82.7,12.48,10.32,2.16,6.46,10.34,1221.67,0.22,0.56,165.5
2015-06-05 04:10:00,13407000.0,997.67,10.05,283.4,7.34,83.2,12.34,10.26,2.07,6.42,10.29,1222.4,0.57,0.76,211.4
2015-06-05 04:20:00,13407600.0,997.59,10.05,283.41,7.36,83.3,12.34,10.28,2.06,6.43,10.3,1222.3,0.66,0.92,205.9
2015-06-05 04:30:00,13408200.0,997.59,10.05,283.41,7.36,83.3,12.34,10.28,2.06,6.43,10.3,1222.3,0.53,1.18,204.8
2015-06-05 04:40:00,13408800.0,997.58,10.35,283.71,7.44,82.1,12.59,10.33,2.25,6.47,10.36,1220.96,0.35,0.64,180.7
2015-06-05 04:50:00,13409400.0,997.56,10.59,283.95,7.44,80.8,12.79,10.33,2.46,6.47,10.36,1219.92,0.45,0.76,187.4
2015-06-05 05:00:00,13410000.0,997.53,10.97,284.33,7.59,79.6,13.12,10.44,2.68,6.54,10.47,1218.2,0.24,0.52,143.1
2015-06-05 05:10:00,13410600.0,997.48,11.54,284.91,7.64,76.9,13.62,10.48,3.15,6.56,10.5,1215.67,0.27,0.62,141.6
2015-06-05 05:20:00,13411200.0,997.55,11.9,285.26,7.66,75.2,13.95,10.49,3.46,6.57,10.52,1214.22,0.42,0.64,155.8
2015-06-05 05:30:00,13411800.0,997.48,12.2,285.57,7.67,73.8,14.23,10.5,3.73,6.57,10.53,1212.85,0.43,0.76,150.1
2015-06-05 05:40:00,13412400.0,997.49,12.45,285.82,7.8,73.2,14.47,10.59,3.88,6.63,10.62,1211.76,0.4,0.76,143.6
2015-06-05 05:50:00,13413000.0,997.52,12.96,286.32,7.98,71.7,14.96,10.73,4.23,6.72,10.75,1209.57,0.51,0.96,147.1
2015-06-05 06:00:00,13413600.0,997.47,13.03,286.4,8.09,71.9,15.03,10.8,4.22,6.77,10.83,1209.18,0.47,0.96,180.3
2015-06-05 06:10:00,13414200.0,997.45,13.42,286.79,8.26,70.9,15.42,10.93,4.49,6.84,10.96,1207.46,0.44,0.8,189.8
2015-06-05 06:20:00,13414800.0,997.36,13.9,287.28,8.41,69.44,15.9,11.04,4.86,6.92,11.07,1205.28,0.68,1.16,184.2
2015-06-05 06:30:00,13415400.0,997.35,13.94,287.32,8.59,70.1,15.95,11.18,4.77,7.0,11.21,1205.04,0.91,1.4,199.4
2015-06-05 06:40:00,13416000.0,997.35,14.63,288.01,8.64,67.28,16.68,11.22,5.46,7.03,11.25,1202.12,0.72,1.08,183.6
2015-06-05 06:50:00,13416600.0,997.31,15.13,288.51,8.73,65.52,17.22,11.28,5.94,7.07,11.31,1199.96,0.87,1.72,190.7
2015-06-05 07:00:00,13417200.0,997.21,15.26,288.65,8.66,64.69,17.37,11.23,6.13,7.04,11.27,1199.33,1.02,1.9,184.1
2015-06-05 07:10:00,13417800.0,997.11,15.86,289.26,8.58,61.88,18.05,11.17,6.88,7.0,11.2,1196.74,1.46,2.32,176.8
2015-06-05 07:20:00,13418400.0,997.03,16.39,289.8,8.7,60.33,18.67,11.26,7.41,7.06,11.3,1194.41,0.91,1.48,183.7
2015-06-05 07:30:00,13419000.0,996.96,17.5,290.91,8.87,56.88,20.03,11.39,8.64,7.14,11.43,1189.71,1.45,2.4,149.5
2015-06-05 07:40:00,13419600.0,996.92,18.04,291.46,8.85,54.88,20.72,11.37,9.35,7.13,11.41,1187.47,1.72,2.48,157.8
2015-06-05 07:50:00,13420200.0,996.84,18.34,291.76,8.9,54.04,21.12,11.41,9.71,7.15,11.45,1186.13,2.03,3.04,157.0
2015-06-05 08:00:00,13420800.0,996.76,18.86,292.29,9.47,54.37,21.82,11.86,9.96,7.44,11.9,1183.72,1.18,2.06,181.3
2015-06-05 08:10:00,13421400.0,996.74,19.47,292.9,9.41,52.14,22.66,11.82,10.85,7.41,11.85,1181.25,1.36,2.54,130.0
2015-06-05 08:20:00,13422000.0,996.72,19.57,293.0,9.45,51.95,22.8,11.85,10.96,7.43,11.89,1180.81,1.53,2.52,126.4
2015-06-05 08:30:00,13422600.0,996.63,20.11,293.55,9.68,51.02,23.58,12.03,11.55,7.54,12.07,1178.45,1.0,2.4,108.7
2015-06-05 08:40:00,13423200.0,996.61,20.71,294.16,10.0,50.25,24.47,12.3,12.17,7.71,12.34,1175.89,1.5,2.76,137.9
2015-06-05 08:50:00,13423800.0,996.53,21.48,294.93,10.35,49.07,25.65,12.59,13.07,7.89,12.63,1172.6,1.45,2.72,140.1
2015-06-05 09:00:00,13424400.0,996.46,21.41,294.87,10.44,49.58,25.54,12.66,12.88,7.94,12.71,1172.76,2.0,3.12,129.6
2015-06-05 09:10:00,13425000.0,996.4,21.86,295.32,10.71,49.11,26.26,12.89,13.36,8.09,12.94,1170.8,1.42,2.5,115.1
2015-06-05 09:20:00,13425600.0,996.35,22.26,295.73,10.83,48.3,26.9,12.99,13.91,8.15,13.04,1169.11,1.92,3.24,109.0
2015-06-05 09:30:00,13426200.0,996.34,22.61,296.08,11.03,47.91,27.48,13.17,14.32,8.26,13.22,1167.63,2.48,3.64,126.5
2015-06-05 09:40:00,13426800.0,996.27,23.23,296.71,11.27,46.9,28.53,13.38,15.15,8.4,13.43,1165.01,2.5,3.78,135.7
2015-06-05 09:50:00,13427400.0,996.2,24.05,297.53,11.58,45.58,29.98,13.66,16.31,8.58,13.72,1161.59,2.45,4.28,157.4
2015-06-05 10:00:00,13428000.0,996.15,24.65,298.14,11.76,44.48,31.07,13.82,17.25,8.68,13.87,1159.13,1.97,3.88,167.5
2015-06-05 10:10:00,13428600.0,996.04,25.02,298.52,11.87,43.84,31.77,13.93,17.84,8.74,13.98,1157.51,2.1,3.66,146.6
2015-06-05 10:20:00,13429200.0,995.91,25.58,299.09,12.02,42.83,32.84,14.07,18.77,8.83,14.12,1155.12,2.5,3.72,150.3
2015-06-05 10:30:00,13429800.0,995.79,25.61,299.13,12.09,42.95,32.9,14.13,18.77,8.87,14.19,1154.85,1.8,3.68,122.9
2015-06-05 10:40:00,13430400.0,995.71,26.02,299.55,12.25,42.35,33.71,14.27,19.43,8.97,14.34,1153.1,1.6,3.36,98.5
2015-06-05 10:50:00,13431000.0,995.58,26.56,300.1,12.29,41.15,34.8,14.32,20.48,8.99,14.38,1150.85,2.23,3.88,149.6
2015-06-05 11:00:00,13431600.0,995.45,26.95,300.5,11.86,39.08,35.6,13.91,21.69,8.74,13.98,1149.39,2.07,4.2,187.5
2015-06-05 11:10:00,13432200.0,995.37,26.95,300.51,11.48,38.12,35.6,13.57,22.03,8.52,13.64,1149.44,2.62,4.92,141.9
2015-06-05 11:20:00,13432800.0,995.27,27.33,300.9,11.35,36.95,36.4,13.45,22.95,8.45,13.52,1147.92,3.11,5.1,149.3
2015-06-05 11:30:00,13433400.0,995.19,27.36,300.93,11.11,36.31,36.47,13.24,23.23,8.32,13.31,1147.82,2.69,4.4,148.4
2015-06-05 11:40:00,13434000.0,995.14,27.26,300.84,11.28,36.93,36.26,13.39,22.87,8.41,13.45,1148.08,2.25,4.36,118.3
2015-06-05 11:50:00,13434600.0,995.07,27.5,301.09,10.92,35.56,36.77,13.07,23.69,8.21,13.14,1147.21,1.86,4.0,96.8
2015-06-05 12:00:00,13435200.0,994.93,27.72,301.32,11.32,36.05,37.24,13.43,23.82,8.44,13.49,1146.06,2.53,4.72,85.9
2015-06-05 12:10:00,13435800.0,994.83,27.78,301.39,11.21,35.67,37.37,13.33,24.04,8.38,13.4,1145.75,2.84,4.8,72.6
2015-06-05 12:20:00,13436400.0,994.72,27.93,301.55,11.14,35.18,37.7,13.26,24.44,8.34,13.33,1145.09,2.78,4.72,80.3
2015-06-05 12:30:00,13437000.0,994.63,28.39,302.02,11.06,34.07,38.72,13.19,25.53,8.29,13.26,1143.26,2.13,4.44,119.5
2015-06-05 12:40:00,13437600.0,994.52,28.54,302.17,11.14,33.97,39.06,13.27,25.79,8.34,13.34,1142.54,2.72,4.8,115.5
2015-06-05 12:50:00,13438200.0,994.43,28.77,302.41,11.35,33.99,39.59,13.46,26.13,8.46,13.53,1141.48,2.21,4.0,144.2
2015-06-05 13:00:00,13438800.0,994.27,29.12,302.78,11.28,33.16,40.39,13.39,27.0,8.42,13.47,1140.01,2.51,3.6,162.3
2015-06-05 13:10:00,13439400.0,994.15,29.19,302.86,11.29,33.03,40.56,13.4,27.16,8.42,13.48,1139.6,2.12,4.02,130.3
2015-06-05 13:20:00,13440000.0,994.06,29.12,302.8,11.05,32.64,40.39,13.18,27.21,8.29,13.26,1139.85,1.98,4.02,89.5
2015-06-05 13:30:00,13440600.0,993.96,29.09,302.77,11.14,32.91,40.32,13.27,27.05,8.35,13.35,1139.81,2.67,4.4,40.43
2015-06-05 13:40:00,13441200.0,993.87,29.21,302.9,11.19,32.79,40.6,13.31,27.29,8.37,13.4,1139.23,2.22,3.64,124.0
2015-06-05 13:50:00,13441800.0,993.76,29.64,303.34,11.39,32.41,41.62,13.49,28.13,8.49,13.57,1137.42,2.41,3.84,114.1
2015-06-05 14:00:00,13442400.0,993.71,29.57,303.28,11.57,32.92,41.45,13.65,27.81,8.59,13.73,1137.56,2.77,4.28,83.5
2015-06-05 14:10:00,13443000.0,993.63,29.63,303.34,11.39,32.42,41.6,13.49,28.11,8.49,13.57,1137.31,2.17,3.24,93.7
2015-06-05 14:20:00,13443600.0,993.53,30.05,303.77,11.5,31.89,42.61,13.59,29.02,8.55,13.68,1135.57,2.82,4.44,117.4
2015-06-05 14:30:00,13444200.0,993.48,29.67,303.4,11.23,32.0,41.69,13.34,28.35,8.4,13.43,1137.05,2.94,5.24,102.9
2015-06-05 14:40:00,13444800.0,993.34,29.95,303.69,11.37,31.79,42.37,13.47,28.9,8.48,13.56,1135.78,2.62,5.2,160.9
2015-06-05 14:50:00,13445400.0,993.2,30.25,304.0,11.67,31.87,43.1,13.74,29.37,8.65,13.83,1134.38,2.5,4.98,189.8
2015-06-05 15:00:00,13446000.0,993.03,30.54,304.31,11.86,31.76,43.82,13.92,29.91,8.76,14.02,1133.03,2.37,4.24,165.2
2015-06-05 15:10:00,13446600.0,992.88,31.11,304.89,12.11,31.24,45.27,14.14,31.13,8.91,14.24,1130.63,1.82,4.76,157.7
2015-06-05 15:20:00,13447200.0,992.79,30.93,304.72,11.91,31.15,44.81,13.96,30.85,8.79,14.06,1131.28,2.31,4.48,149.4
2015-06-05 15:30:00,13447800.0,992.68,30.74,304.54,11.78,31.22,44.33,13.84,30.49,8.72,13.94,1131.91,1.42,3.12,76.0
2015-06-05 15:40:00,13448400.0,992.55,30.89,304.7,11.87,31.15,44.71,13.93,30.78,8.77,14.03,1131.17,2.56,5.08,122.8
2015-06-05 15:50:00,13449000.0,992.4,30.89,304.71,12.04,31.5,44.71,14.08,30.62,8.87,14.19,1130.93,2.38,4.2,112.6
2015-06-05 16:00:00,13449600.0,992.31,30.94,304.77,12.05,31.43,44.83,14.09,30.74,8.88,14.2,1130.63,2.53,4.84,121.9
2015-06-05 16:10:00,13450200.0,992.22,31.07,304.91,11.92,30.92,45.17,13.97,31.2,8.8,14.08,1130.1,2.71,4.76,169.5
2015-06-05 16:20:00,13450800.0,992.05,31.09,304.95,11.84,30.73,45.22,13.9,31.32,8.76,14.01,1129.86,2.04,4.2,168.8
2015-06-05 16:30:00,13451400.0,991.93,31.19,305.06,11.89,30.65,45.48,13.94,31.54,8.79,14.05,1129.34,1.7,3.22,110.7
2015-06-05 16:40:00,13452000.0,991.79,31.26,305.14,11.98,30.72,45.66,14.03,31.63,8.84,14.14,1128.88,1.52,2.96,125.8
2015-06-05 16:50:00,13452600.0,991.68,31.25,305.14,12.01,30.8,45.63,14.05,31.58,8.86,14.17,1128.78,1.46,2.6,86.9
2015-06-05 17:00:00,13453200.0,991.51,31.12,305.02,12.01,31.03,45.3,14.06,31.24,8.86,14.18,1129.06,2.24,4.08,85.8
2015-06-05 17:10:00,13453800.0,991.41,31.42,305.33,12.32,31.13,46.07,14.34,31.73,9.05,14.47,1127.71,2.11,4.42,148.8
2015-06-05 17:20:00,13454400.0,991.3,31.75,305.67,12.31,30.53,46.94,14.33,32.61,9.04,14.46,1126.37,2.58,4.76,157.2
2015-06-05 17:30:00,13455000.0,991.21,31.39,305.32,12.26,31.06,46.0,14.29,31.71,9.01,14.41,1127.62,2.69,4.56,167.5
2015-06-05 17:40:00,13455600.0,991.09,31.5,305.44,12.22,30.78,46.28,14.25,32.04,8.99,14.37,1127.09,1.29,2.76,155.6
2015-06-05 17:50:00,13456200.0,990.96,31.66,305.61,12.2,30.47,46.7,14.23,32.47,8.98,14.36,1126.36,2.38,4.76,159.9
2015-06-05 18:00:00,13456800.0,990.9,31.52,305.48,12.15,30.61,46.34,14.18,32.15,8.95,14.31,1126.83,1.65,2.76,162.5
2015-06-05 18:10:00,13457400.0,990.78,31.47,305.44,12.27,30.95,46.2,14.3,31.9,9.03,14.43,1126.83,1.74,4.2,174.3
2015-06-05 18:20:00,13458000.0,990.71,31.2,305.17,12.33,31.54,45.5,14.35,31.15,9.06,14.49,1127.72,2.76,4.56,179.6
2015-06-05 18:30:00,13458600.0,990.71,30.94,304.91,12.43,32.23,44.83,14.45,30.38,9.12,14.59,1128.65,2.85,5.2,158.7
2015-06-05 18:40:00,13459200.0,990.71,30.87,304.84,12.52,32.54,44.66,14.53,30.12,9.17,14.67,1128.87,2.33,4.08,151.6
2015-06-05 18:50:00,13459800.0,990.72,30.59,304.56,12.62,33.28,43.95,14.63,29.32,9.23,14.76,1129.88,2.31,4.6,162.2
2015-06-05 19:00:00,13460400.0,990.78,30.31,304.28,12.42,33.39,43.25,14.44,28.81,9.12,14.58,1131.07,2.47,4.12,159.5
2015-06-05 19:10:00,13461000.0,990.86,29.07,303.02,12.72,36.57,40.28,14.73,25.55,9.3,14.87,1135.68,2.78,5.16,100.7
2015-06-05 19:20:00,13461600.0,990.92,28.13,302.08,12.73,38.62,38.14,14.73,23.41,9.3,14.87,1139.29,3.03,5.44,95.2
2015-06-05 19:30:00,13462200.0,990.95,27.81,301.75,12.72,39.32,37.44,14.72,22.72,9.29,14.86,1140.54,2.41,6.36,101.7
2015-06-05 19:40:00,13462800.0,991.03,27.51,301.45,12.85,40.36,36.79,14.85,21.94,9.37,14.98,1141.72,0.93,2.8,201.8
2015-06-05 19:50:00,13463400.0,991.08,27.34,301.27,12.9,40.91,36.43,14.9,21.52,9.41,15.04,1142.4,0.76,1.56,128.1
2015-06-05 20:00:00,13464000.0,991.16,27.05,300.97,12.95,41.73,35.81,14.94,20.87,9.43,15.08,1143.58,1.14,2.8,172.8
2015-06-05 20:10:00,13464600.0,991.2,26.94,300.86,12.98,42.1,35.58,14.98,20.6,9.45,15.11,1144.03,1.39,3.32,174.4
2015-06-05 20:20:00,13465200.0,991.26,26.37,300.28,13.07,43.78,34.41,15.06,19.35,9.51,15.2,1146.23,0.95,1.88,255.8
2015-06-05 20:30:00,13465800.0,991.39,26.15,300.05,13.13,44.53,33.97,15.13,18.84,9.54,15.26,1147.2,0.74,1.9,198.8
2015-06-05 20:40:00,13466400.0,991.52,26.01,299.9,13.2,45.1,33.69,15.19,18.49,9.59,15.32,1147.86,0.99,1.84,214.2
2015-06-05 20:50:00,13467000.0,991.63,25.66,299.54,13.26,46.24,33.0,15.26,17.74,9.63,15.39,1149.3,1.01,1.8,211.2
2015-06-05 21:00:00,13467600.0,991.84,25.39,299.25,13.28,47.05,32.47,15.28,17.19,9.64,15.4,1150.58,0.76,1.08,224.6
2015-06-05 21:10:00,13468200.0,991.97,25.22,299.07,13.26,47.47,32.15,15.26,16.89,9.62,15.38,1151.4,1.36,2.0,227.7
2015-06-05 21:20:00,13468800.0,992.02,24.92,298.76,13.22,48.18,31.58,15.21,16.36,9.59,15.34,1152.63,1.44,2.08,227.9
2015-06-05 21:30:00,13469400.0,991.98,24.62,298.47,13.16,48.86,31.02,15.15,15.86,9.56,15.28,1153.77,1.41,2.28,218.0
2015-06-05 21:40:00,13470000.0,992.04,24.44,298.28,13.1,49.19,30.68,15.09,15.59,9.52,15.21,1154.57,1.13,1.68,215.5
2015-06-05 21:50:00,13470600.0,992.05,24.11,297.95,13.05,50.02,30.08,15.05,15.04,9.49,15.17,1155.88,1.05,1.36,230.5
2015-06-05 22:00:00,13471200.0,992.07,23.97,297.81,13.01,50.3,29.83,15.01,14.83,9.46,15.13,1156.47,0.96,1.52,206.1
2015-06-05 22:10:00,13471800.0,992.06,23.61,297.45,13.0,51.36,29.19,14.99,14.2,9.45,15.11,1157.87,1.07,1.46,199.3
2015-06-05 22:20:00,13472400.0,992.05,23.19,297.03,13.01,52.71,28.46,15.0,13.46,9.46,15.12,1159.49,0.49,1.04,156.8
2015-06-05 22:30:00,13473000.0,992.05,23.03,296.87,12.72,52.22,28.19,14.72,13.47,9.28,14.84,1160.24,0.59,1.56,234.1
2015-06-05 22:40:00,13473600.0,992.06,23.09,296.93,12.49,51.25,28.29,14.5,13.79,9.14,14.62,1160.12,0.74,1.38,210.8
2015-06-05 22:50:00,13474200.0,992.13,22.99,296.82,12.45,51.43,28.12,14.46,13.66,9.12,14.58,1160.61,0.89,1.8,110.4
2015-06-05 23:00:00,13474800.0,992.09,22.6,296.43,12.44,52.64,27.47,14.46,13.01,9.11,14.57,1162.09,0.77,1.3,76.4
2015-06-05 23:10:00,13475400.0,992.13,22.3,296.13,12.25,52.93,26.97,14.28,12.69,9.0,14.39,1163.4,0.6,1.52,85.4
2015-06-05 23:20:00,13476000.0,992.12,22.24,296.07,12.16,52.83,26.87,14.2,12.68,8.95,14.31,1163.66,1.27,2.12,122.9
2015-06-05 23:30:00,13476600.0,992.15,22.15,295.98,11.84,51.99,26.72,13.89,12.83,8.76,14.0,1164.19,1.84,2.48,146.9
2015-06-05 23:40:00,13477200.0,992.12,21.96,295.79,11.93,52.9,26.42,13.97,12.44,8.81,14.09,1164.86,1.21,2.36,184.1
2015-06-05 23:50:00,13477800.0,992.2,21.55,295.37,11.79,53.75,25.76,13.85,11.92,8.73,13.96,1166.64,0.91,1.68,171.6
2015-06-06 00:00:00,13478400.0,992.22,21.42,295.24,11.66,53.73,25.56,13.73,11.83,8.65,13.84,1167.23,0.86,1.88,165.4
2015-06-06 00:10:00,13479000.0,992.23,21.44,295.26,11.47,52.98,25.59,13.56,12.03,8.54,13.66,1167.24,1.43,2.28,150.6
2015-06-06 00:20:00,13479600.0,992.25,21.35,295.17,11.48,53.33,25.45,13.57,11.88,8.55,13.68,1167.61,1.45,2.1,131.5
2015-06-06 00:30:00,13480200.0,992.19,21.24,295.06,11.48,53.68,25.28,13.57,11.71,8.55,13.68,1167.98,1.59,2.76,125.2
2015-06-06 00:40:00,13480800.0,992.19,20.71,294.53,11.42,55.22,24.47,13.51,10.96,8.51,13.62,1170.11,0.85,1.92,153.5
2015-06-06 00:50:00,13481400.0,992.22,20.14,293.96,11.25,56.58,23.62,13.37,10.26,8.42,13.47,1172.49,1.04,1.94,199.5
2015-06-06 01:00:00,13482000.0,992.2,20.1,293.92,11.12,56.21,23.57,13.25,10.32,8.35,13.35,1172.68,0.81,1.64,162.3
2015-06-06 01:10:00,13482600.0,992.25,20.24,294.05,11.07,55.55,23.77,13.2,10.57,8.32,13.31,1172.19,0.81,1.74,135.3
2015-06-06 01:20:00,13483200.0,992.23,20.2,294.02,10.93,55.16,23.71,13.08,10.63,8.24,13.18,1172.39,1.12,1.76,163.3
2015-06-06 01:30:00,13483800.0,992.25,20.22,294.03,10.89,54.94,23.74,13.04,10.7,8.22,13.15,1172.35,0.75,1.44,194.0
2015-06-06 01:40:00,13484400.0,992.25,19.82,293.63,10.94,56.54,23.16,13.09,10.07,8.25,13.2,1173.92,0.72,2.0,172.1
2015-06-06 01:50:00,13485000.0,992.23,19.64,293.45,10.89,56.98,22.9,13.05,9.85,8.22,13.15,1174.64,1.54,2.5,175.3
2015-06-06 02:00:00,13485600.0,992.21,19.53,293.35,10.9,57.41,22.75,13.06,9.69,8.23,13.16,1175.06,2.05,3.4,169.7
2015-06-06 02:10:00,13486200.0,992.3,19.57,293.38,10.86,57.12,22.8,13.03,9.78,8.21,13.13,1175.02,1.62,2.86,174.4
2015-06-06 02:20:00,13486800.0,992.3,19.59,293.4,10.79,56.76,22.83,12.96,9.87,8.16,13.06,1174.97,1.36,2.54,179.3
2015-06-06 02:30:00,13487400.0,992.28,19.66,293.47,10.7,56.17,22.93,12.88,10.05,8.11,12.98,1174.7,1.3,1.68,202.4
2015-06-06 02:40:00,13488000.0,992.26,19.51,293.32,10.67,56.61,22.72,12.86,9.86,8.1,12.96,1175.28,1.51,2.1,210.3
2015-06-06 02:50:00,13488600.0,992.16,19.27,293.09,10.69,57.52,22.38,12.87,9.51,8.11,12.98,1176.12,1.32,2.16,190.8
2015-06-06 03:00:00,13489200.0,992.06,18.97,292.8,10.71,58.7,21.97,12.89,9.07,8.12,13.0,1177.2,1.57,2.44,211.8
2015-06-06 03:10:00,13489800.0,991.98,19.03,292.86,10.69,58.37,22.05,12.87,9.18,8.11,12.97,1176.88,1.92,2.84,196.9
2015-06-06 03:20:00,13490400.0,991.99,19.19,293.02,10.66,57.71,22.27,12.85,9.42,8.1,12.96,1176.25,2.03,3.12,194.9
2015-06-06 03:30:00,13491000.0,991.99,18.95,292.78,10.65,58.54,21.94,12.84,9.1,8.09,12.95,1177.22,1.7,2.44,202.8
2015-06-06 03:40:00,13491600.0,992.0,18.59,292.42,10.68,59.97,21.45,12.86,8.59,8.11,12.97,1178.68,1.61,2.28,200.7
2015-06-06 03:50:00,13492200.0,992.12,18.42,292.24,10.62,60.39,21.22,12.82,8.41,8.08,12.92,1179.53,2.17,3.92,198.9
2015-06-06 04:00:00,13492800.0,992.11,18.65,292.47,10.58,59.36,21.53,12.78,8.75,8.05,12.88,1178.6,1.76,2.6,201.4
2015-06-06 04:10:00,13493400.0,992.11,18.57,292.39,10.59,59.68,21.42,12.79,8.64,8.06,12.89,1178.93,1.68,2.28,197.8
2015-06-06 04:20:00,13494000.0,992.07,18.15,291.97,10.64,61.48,20.87,12.83,8.04,8.08,12.93,1180.56,1.07,1.88,198.4
2015-06-06 04:30:00,13494600.0,992.11,17.74,291.56,10.62,63.03,20.34,12.82,7.52,8.08,12.92,1182.28,1.85,3.48,194.8
2015-06-06 04:40:00,13495200.0,992.18,18.34,292.16,10.6,60.59,21.12,12.8,8.32,8.06,12.9,1179.94,2.36,4.46,193.1
2015-06-06 04:50:00,13495800.0,992.26,18.62,292.43,10.69,59.89,21.49,12.87,8.62,8.11,12.97,1178.86,1.71,2.76,182.6
2015-06-06 05:00:00,13496400.0,992.37,18.49,292.29,10.74,60.58,21.32,12.91,8.4,8.13,13.01,1179.5,1.72,2.68,202.3
2015-06-06 05:10:00,13497000.0,992.88,18.95,292.71,10.71,58.77,21.94,12.89,9.05,8.12,12.99,1178.26,1.64,4.88,274.2
2015-06-06 05:20:00,13497600.0,993.15,20.36,294.1,11.17,55.51,23.95,13.29,10.65,8.37,13.38,1172.75,2.08,4.32,247.6
2015-06-06 05:30:00,13498200.0,993.2,20.01,293.74,11.44,57.76,23.43,13.54,9.9,8.52,13.63,1174.09,0.94,1.52,159.5
2015-06-06 05:40:00,13498800.0,993.21,19.06,292.79,11.36,60.93,22.09,13.46,8.63,8.47,13.55,1177.96,0.5,1.46,180.4
2015-06-06 05:50:00,13499400.0,993.14,18.78,292.52,11.15,61.17,21.71,13.28,8.43,8.36,13.37,1179.08,0.88,1.56,221.8
2015-06-06 06:00:00,13500000.0,993.17,19.06,292.79,11.21,60.34,22.09,13.33,8.76,8.39,13.42,1177.96,1.21,1.74,234.7
2015-06-06 06:10:00,13500600.0,993.16,20.32,294.06,11.57,57.13,23.89,13.65,10.24,8.59,13.74,1172.76,0.77,1.36,195.8
2015-06-06 06:20:00,13501200.0,993.18,20.86,294.6,11.75,55.93,24.7,13.81,10.88,8.7,13.91,1170.55,0.74,1.44,211.3
2015-06-06 06:30:00,13501800.0,993.35,21.3,295.02,12.83,58.47,25.37,14.84,10.54,9.34,14.93,1168.54,1.11,1.72,198.1
2015-06-06 06:40:00,13502400.0,993.41,21.45,295.17,12.9,58.2,25.61,14.9,10.7,9.38,15.0,1167.99,1.05,2.0,182.7
2015-06-06 06:50:00,13503000.0,993.6,21.46,295.16,12.79,57.73,25.62,14.79,10.83,9.31,14.89,1168.22,0.7,1.44,148.1
2015-06-06 07:00:00,13503600.0,993.83,21.16,294.84,12.72,58.52,25.16,14.72,10.43,9.27,14.81,1169.72,0.71,1.56,152.7
2015-06-06 07:10:00,13504200.0,993.85,21.48,295.16,12.69,57.29,25.65,14.7,10.96,9.25,14.79,1168.49,1.02,2.44,72.7
2015-06-06 07:20:00,13504800.0,993.7,23.09,296.79,13.33,54.18,28.29,15.33,12.96,9.65,15.43,1161.68,1.62,4.16,255.8
2015-06-06 07:30:00,13505400.0,993.64,24.07,297.77,13.61,52.02,30.01,15.61,14.4,9.83,15.71,1157.65,1.62,2.92,195.5
2015-06-06 07:40:00,13506000.0,993.67,24.17,297.87,13.76,52.19,30.19,15.76,14.44,9.92,15.86,1157.23,1.54,2.48,149.0
2015-06-06 07:50:00,13506600.0,993.99,25.1,298.77,14.16,50.67,31.92,16.17,15.74,10.18,16.27,1153.82,2.19,4.8,268.6
2015-06-06 08:00:00,13507200.0,993.89,25.04,298.72,14.43,51.77,31.8,16.46,15.34,10.37,16.57,1153.8,2.27,4.52,265.4
2015-06-06 08:10:00,13507800.0,993.67,25.34,299.04,14.59,51.37,32.38,16.63,15.74,10.48,16.74,1152.31,1.7,4.56,274.2
2015-06-06 08:20:00,13508400.0,993.69,26.09,299.79,14.66,49.38,33.85,16.71,17.13,10.53,16.82,1149.41,1.27,2.44,274.2
2015-06-06 08:30:00,13509000.0,993.9,26.19,299.87,14.67,49.09,34.05,16.71,17.33,10.53,16.82,1149.27,2.01,4.96,264.7
2015-06-06 08:40:00,13509600.0,993.99,26.29,299.97,14.79,49.21,34.25,16.85,17.39,10.61,16.96,1148.92,1.99,4.82,251.3
2015-06-06 08:50:00,13510200.0,993.88,26.23,299.92,14.83,49.5,34.13,16.89,17.23,10.64,17.0,1149.02,2.43,5.48,264.5
2015-06-06 09:00:00,13510800.0,993.91,26.16,299.84,14.7,49.3,33.99,16.76,17.23,10.55,16.86,1149.38,3.83,6.2,235.5
2015-06-06 09:10:00,13511400.0,993.86,25.6,299.29,14.11,49.05,32.88,16.13,16.75,10.16,16.23,1151.76,2.37,6.18,251.7
2015-06-06 09:20:00,13512000.0,993.72,25.04,298.74,14.06,50.52,31.8,16.07,15.74,10.12,16.17,1153.77,2.63,3.68,196.9
2015-06-06 09:30:00,13512600.0,993.64,24.68,298.38,14.18,52.02,31.13,16.19,14.94,10.2,16.3,1155.03,2.72,4.08,172.4
2015-06-06 09:40:00,13513200.0,993.23,24.98,298.72,14.56,52.38,31.69,16.6,15.09,10.46,16.71,1153.2,2.0,3.04,135.6
2015-06-06 09:50:00,13513800.0,993.27,25.46,299.2,15.13,52.81,32.61,17.22,15.39,10.85,17.34,1151.12,3.36,5.04,160.7
2015-06-06 10:00:00,13514400.0,993.19,25.03,298.77,15.73,56.3,31.78,17.89,13.89,11.28,18.02,1152.39,2.62,5.28,166.0
2015-06-06 10:10:00,13515000.0,993.24,24.7,298.44,16.08,58.73,31.17,18.3,12.86,11.54,18.43,1153.55,2.58,4.12,162.9
2015-06-06 10:20:00,13515600.0,993.17,24.66,298.4,16.11,58.97,31.09,18.33,12.76,11.56,18.46,1153.6,2.6,3.74,176.5
2015-06-06 10:30:00,13516200.0,993.21,24.82,298.56,16.26,58.97,31.39,18.51,12.88,11.67,18.64,1152.96,2.02,3.28,161.3
2015-06-06 10:40:00,13516800.0,993.43,25.22,298.94,16.32,57.8,32.15,18.58,13.57,11.72,18.7,1151.63,2.1,3.04,156.6
2015-06-06 10:50:00,13517400.0,993.6,26.1,299.81,16.39,55.14,33.87,18.67,15.19,11.77,18.79,1148.4,2.03,3.36,153.8
2015-06-06 11:00:00,13518000.0,993.74,26.67,300.37,16.52,53.74,35.02,18.82,16.2,11.87,18.94,1146.32,1.74,3.0,167.5
2015-06-06 11:10:00,13518600.0,993.82,27.03,300.72,16.0,50.9,35.77,18.21,17.56,11.47,18.32,1145.31,2.8,4.44,185.0
2015-06-06 11:20:00,13519200.0,993.88,27.03,300.72,15.57,49.53,35.77,17.72,18.05,11.16,17.83,1145.59,2.96,4.24,183.9
2015-06-06 11:30:00,13519800.0,993.9,26.92,300.61,15.33,49.08,35.54,17.44,18.1,10.99,17.55,1146.16,3.04,4.34,176.2
2015-06-06 11:40:00,13520400.0,993.9,27.3,300.99,15.42,48.28,36.34,17.55,18.8,11.05,17.65,1144.65,2.71,4.08,165.4
2015-06-06 11:50:00,13521000.0,993.86,27.67,301.36,15.56,47.67,37.13,17.7,19.43,11.15,17.81,1143.14,1.93,4.28,148.9
2015-06-06 12:00:00,13521600.0,993.87,27.48,301.17,15.88,49.2,36.73,18.07,18.66,11.39,18.18,1143.71,2.06,3.8,105.5
2015-06-06 12:10:00,13522200.0,993.78,27.47,301.17,15.73,48.76,36.7,17.9,18.81,11.28,18.01,1143.72,3.17,4.34,107.0
2015-06-06 12:20:00,13522800.0,993.65,28.15,301.86,15.91,47.42,38.19,18.11,20.08,11.41,18.22,1140.9,2.97,5.26,137.0
2015-06-06 12:30:00,13523400.0,993.55,28.82,302.54,15.92,45.64,39.7,18.12,21.58,11.42,18.24,1138.25,3.47,5.56,160.6
2015-06-06 12:40:00,13524000.0,993.57,29.41,303.13,15.34,42.51,41.07,17.46,23.61,11.0,17.57,1136.34,3.17,5.52,178.5
2015-06-06 12:50:00,13524600.0,993.64,29.86,303.57,14.36,38.88,42.15,16.39,25.76,10.32,16.49,1135.2,3.07,5.28,301.4
2015-06-06 13:00:00,13525200.0,993.59,30.28,304.0,14.57,38.47,43.18,16.61,26.57,10.46,16.72,1133.47,2.59,4.96,244.6
2015-06-06 13:10:00,13525800.0,993.59,30.25,303.97,15.26,40.28,43.1,17.36,25.74,10.94,17.47,1133.26,2.02,5.72,299.6
2015-06-06 13:20:00,13526400.0,993.56,30.3,304.02,15.3,40.29,43.23,17.42,25.81,10.98,17.53,1133.01,2.2,4.6,14.46
2015-06-06 13:30:00,13527000.0,993.57,30.33,304.05,15.39,40.43,43.3,17.51,25.79,11.03,17.62,1132.87,2.02,5.2,298.1
2015-06-06 13:40:00,13527600.0,993.64,30.35,304.06,15.7,41.22,43.35,17.87,25.48,11.26,17.98,1132.71,2.16,5.0,336.3
2015-06-06 13:50:00,13528200.0,993.65,30.53,304.24,15.97,41.51,43.8,18.18,25.62,11.46,18.3,1131.93,1.61,4.68,237.0
2015-06-06 14:00:00,13528800.0,993.7,30.59,304.3,15.95,41.31,43.95,18.16,25.79,11.44,18.27,1131.77,1.76,5.6,340.0
2015-06-06 14:10:00,13529400.0,993.73,30.34,304.05,16.2,42.58,43.33,18.45,24.88,11.63,18.56,1132.61,2.02,4.32,298.5
2015-06-06 14:20:00,13530000.0,993.82,30.35,304.05,16.34,42.94,43.35,18.61,24.74,11.73,18.73,1132.6,1.92,4.2,303.6
2015-06-06 14:30:00,13530600.0,993.81,30.24,303.94,16.71,44.23,43.08,19.05,24.03,12.01,19.17,1132.8,1.6,4.76,357.6
2015-06-06 14:40:00,13531200.0,993.89,30.11,303.8,16.95,45.23,42.76,19.34,23.42,12.19,19.46,1133.26,2.38,4.76,300.8
2015-06-06 14:50:00,13531800.0,993.89,29.96,303.65,16.86,45.36,42.39,19.23,23.16,12.12,19.35,1133.87,2.65,5.36,277.2
2015-06-06 15:00:00,13532400.0,993.9,30.01,303.7,16.77,45.0,42.52,19.13,23.38,12.06,19.25,1133.74,1.79,4.72,339.8
2015-06-06 15:10:00,13533000.0,993.94,30.2,303.89,17.17,45.64,42.98,19.62,23.36,12.37,19.74,1132.87,1.87,4.64,339.6
2015-06-06 15:20:00,13533600.0,993.95,29.8,303.49,17.27,46.99,42.01,19.74,22.27,12.45,19.86,1134.31,2.47,5.4,355.4
2015-06-06 15:30:00,13534200.0,994.05,30.08,303.76,17.45,46.79,42.69,19.97,22.71,12.59,20.09,1133.28,1.16,2.96,274.5
2015-06-06 15:40:00,13534800.0,994.04,30.06,303.74,17.54,47.09,42.64,20.08,22.56,12.66,20.2,1133.3,1.43,3.54,337.7
2015-06-06 15:50:00,13535400.0,994.07,29.66,303.34,17.39,47.73,41.67,19.89,21.78,12.54,20.01,1134.92,2.33,6.48,41.1
2015-06-06 16:00:00,13536000.0,994.11,29.24,302.91,17.33,48.73,40.67,19.82,20.85,12.5,19.94,1136.57,2.93,6.16,14.31
2015-06-06 16:10:00,13536600.0,994.17,29.25,302.92,17.42,48.98,40.7,19.93,20.76,12.57,20.05,1136.55,1.97,6.7,185.0
2015-06-06 16:20:00,13537200.0,994.09,29.03,302.7,17.44,49.65,40.18,19.95,20.23,12.58,20.07,1137.28,2.63,5.28,29.67
2015-06-06 16:30:00,13537800.0,994.09,29.17,302.84,17.62,49.81,40.51,20.18,20.33,12.72,20.3,1136.66,1.74,4.62,17.69
2015-06-06 16:40:00,13538400.0,994.09,28.87,302.54,17.72,51.01,39.81,20.31,19.51,12.81,20.43,1137.72,3.22,6.58,22.2
2015-06-06 16:50:00,13539000.0,993.99,28.56,302.24,17.76,52.07,39.11,20.36,18.74,12.84,20.49,1138.75,3.94,6.95,25.58
2015-06-06 17:00:00,13539600.0,993.98,28.41,302.09,17.77,52.54,38.77,20.37,18.4,12.85,20.49,1139.3,4.46,7.65,23.58
2015-06-06 17:10:00,13540200.0,994.02,28.7,302.38,17.8,51.78,39.43,20.41,19.01,12.87,20.54,1138.23,1.75,3.76,3.32
2015-06-06 17:20:00,13540800.0,994.11,29.07,302.74,17.96,51.2,40.28,20.62,19.66,13.01,20.74,1136.85,1.27,3.16,16.88
2015-06-06 17:30:00,13541400.0,994.2,28.58,302.24,18.15,53.29,39.15,20.86,18.29,13.16,20.99,1138.7,3.19,6.6,23.19
2015-06-06 17:40:00,13542000.0,994.32,27.8,301.45,18.1,55.6,37.42,20.8,16.61,13.12,20.92,1141.82,3.58,6.08,26.49
2015-06-06 17:50:00,13542600.0,994.49,27.6,301.24,18.11,56.28,36.98,20.81,16.17,13.12,20.93,1142.77,2.54,4.92,19.92
2015-06-06 18:00:00,13543200.0,994.54,27.47,301.1,18.1,56.69,36.7,20.81,15.9,13.12,20.92,1143.32,2.37,5.12,27.79
2015-06-06 18:10:00,13543800.0,994.64,26.81,300.43,18.36,59.87,35.31,21.14,14.17,13.33,21.26,1145.81,3.07,6.16,29.7
2015-06-06 18:20:00,13544400.0,994.73,26.19,299.8,18.33,61.99,34.05,21.11,12.94,13.3,21.22,1148.3,3.64,5.96,23.19
2015-06-06 18:30:00,13545000.0,994.82,25.93,299.53,18.33,62.95,33.53,21.11,12.42,13.3,21.22,1149.41,3.67,5.8,25.58
2015-06-06 18:40:00,13545600.0,995.06,25.65,299.23,18.35,64.08,32.98,21.13,11.85,13.32,21.24,1150.75,3.29,4.72,19.39
2015-06-06 18:50:00,13546200.0,995.3,25.43,298.99,18.41,65.15,32.55,21.21,11.34,13.36,21.31,1151.85,2.85,4.72,25.4
2015-06-06 19:00:00,13546800.0,995.33,25.2,298.76,18.24,65.37,32.11,20.99,11.12,13.22,21.09,1152.87,1.11,2.22,265.8
2015-06-06 19:10:00,13547400.0,995.44,24.82,298.37,17.92,65.54,31.39,20.57,10.82,12.96,20.67,1154.64,0.79,1.96,233.6
2015-06-06 19:20:00,13548000.0,995.54,24.55,298.09,17.8,66.1,30.89,20.42,10.47,12.86,20.51,1155.89,1.4,2.88,357.5
2015-06-06 19:30:00,13548600.0,995.67,24.4,297.93,17.76,66.53,30.61,20.37,10.25,12.82,20.45,1156.64,0.87,1.96,172.8
2015-06-06 19:40:00,13549200.0,995.8,24.2,297.72,17.69,67.01,30.25,20.27,9.98,12.76,20.35,1157.62,0.92,1.9,196.7
2015-06-06 19:50:00,13549800.0,995.83,23.92,297.44,17.35,66.71,29.74,19.84,9.9,12.49,19.92,1158.93,0.89,3.0,337.5
2015-06-06 20:00:00,13550400.0,995.96,23.62,297.12,17.03,66.56,29.21,19.44,9.77,12.23,19.52,1160.43,0.83,1.92,243.6
2015-06-06 20:10:00,13551000.0,996.07,23.16,296.65,16.78,67.34,28.41,19.13,9.28,12.04,19.21,1162.5,0.95,2.36,248.7
2015-06-06 20:20:00,13551600.0,996.12,22.79,296.28,16.66,68.34,27.78,18.99,8.8,11.94,19.06,1164.07,0.89,1.78,246.9
2015-06-06 20:30:00,13552200.0,996.32,22.5,295.97,16.57,69.19,27.3,18.89,8.41,11.88,18.96,1165.5,1.21,2.08,237.0
2015-06-06 20:40:00,13552800.0,996.6,22.28,295.73,16.55,70.0,26.94,18.86,8.08,11.85,18.92,1166.7,1.13,2.28,247.8
2015-06-06 20:50:00,13553400.0,996.88,22.14,295.56,16.48,70.3,26.71,18.78,7.93,11.8,18.83,1167.63,0.89,2.32,35.91
2015-06-06 21:00:00,13554000.0,997.05,22.0,295.41,16.35,70.3,26.48,18.62,7.87,11.7,18.67,1168.45,0.68,2.08,246.8
2015-06-06 21:10:00,13554600.0,997.21,21.87,295.27,16.22,70.3,26.27,18.47,7.8,11.6,18.52,1169.22,0.56,1.3,33.31
2015-06-06 21:20:00,13555200.0,997.3,21.7,295.09,16.08,70.4,26.0,18.3,7.7,11.5,18.35,1170.08,0.98,2.08,29.71
2015-06-06 21:30:00,13555800.0,997.33,21.47,294.86,16.02,71.1,25.64,18.23,7.41,11.45,18.28,1171.06,1.33,2.52,14.11
2015-06-06 21:40:00,13556400.0,997.32,21.26,294.65,15.92,71.6,25.31,18.12,7.19,11.38,18.17,1171.93,1.92,3.0,13.18
2015-06-06 21:50:00,13557000.0,997.43,21.09,294.47,15.78,71.7,25.05,17.96,7.09,11.28,18.01,1172.81,2.18,3.68,11.84
2015-06-06 22:00:00,13557600.0,997.48,20.88,294.25,15.63,71.9,24.73,17.78,6.95,11.16,17.82,1173.78,1.8,3.58,14.05
2015-06-06 22:10:00,13558200.0,997.54,20.64,294.01,15.42,72.0,24.36,17.54,6.82,11.01,17.59,1174.92,1.54,2.78,13.28
2015-06-06 22:20:00,13558800.0,997.61,20.43,293.79,15.13,71.6,24.05,17.22,6.83,10.81,17.26,1175.99,1.96,3.84,17.9
2015-06-06 22:30:00,13559400.0,997.71,20.26,293.61,15.03,71.9,23.8,17.11,6.69,10.74,17.15,1176.84,1.9,2.8,8.01
2015-06-06 22:40:00,13560000.0,997.85,20.14,293.48,14.89,71.8,23.62,16.96,6.66,10.64,17.0,1177.56,1.01,2.24,6.09
2015-06-06 22:50:00,13560600.0,998.05,20.08,293.4,14.71,71.2,23.54,16.76,6.78,10.51,16.79,1178.13,1.91,3.44,13.87
2015-06-06 23:00:00,13561200.0,998.1,20.09,293.41,14.61,70.7,23.55,16.65,6.9,10.44,16.68,1178.2,1.65,3.08,20.37
2015-06-06 23:10:00,13561800.0,998.22,20.01,293.32,14.49,70.5,23.43,16.52,6.91,10.36,16.55,1178.72,1.57,2.88,18.68
2015-06-06 23:20:00,13562400.0,998.23,19.91,293.22,14.3,70.1,23.29,16.33,6.96,10.24,16.36,1179.21,1.82,2.96,20.38
2015-06-06 23:30:00,13563000.0,998.36,19.78,293.08,14.22,70.3,23.1,16.24,6.86,10.18,16.27,1179.94,1.2,2.26,357.4
2015-06-06 23:40:00,13563600.0,998.35,19.68,292.98,14.04,69.9,22.96,16.05,6.91,10.06,16.08,1180.41,1.41,2.72,15.44
2015-06-06 23:50:00,13564200.0,998.34,19.61,292.91,13.87,69.43,22.86,15.87,6.99,9.95,15.9,1180.76,1.48,3.1,19.88
2015-06-07 00:00:00,13564800.0,998.29,19.56,292.86,13.68,68.8,22.79,15.68,7.11,9.83,15.71,1180.99,2.07,3.36,24.3
2015-06-07 00:10:00,13565400.0,998.21,19.51,292.82,13.64,68.83,22.72,15.64,7.08,9.8,15.67,1181.12,1.65,3.28,17.93
2015-06-07 00:20:00,13566000.0,998.13,19.42,292.74,13.43,68.26,22.59,15.42,7.17,9.67,15.45,1181.48,2.35,4.2,13.21
2015-06-07 00:30:00,13566600.0,998.15,19.32,292.63,13.18,67.59,22.45,15.18,7.28,9.51,15.2,1182.02,2.45,3.84,15.02
2015-06-07 00:40:00,13567200.0,998.33,19.26,292.56,13.1,67.47,22.37,15.09,7.28,9.46,15.12,1182.52,2.02,3.88,16.76
2015-06-07 00:50:00,13567800.0,998.44,19.25,292.54,13.12,67.64,22.35,15.12,7.23,9.47,15.14,1182.67,1.01,2.2,0.66
2015-06-07 01:00:00,13568400.0,998.46,19.22,292.51,13.0,67.22,22.31,15.0,7.31,9.4,15.02,1182.87,1.39,2.76,28.73
2015-06-07 01:10:00,13569000.0,998.52,19.22,292.5,12.87,66.64,22.31,14.87,7.44,9.31,14.89,1183.0,0.79,2.44,10.68
2015-06-07 01:20:00,13569600.0,998.57,19.18,292.46,12.87,66.8,22.26,14.87,7.39,9.31,14.89,1183.22,1.36,2.56,12.19
2015-06-07 01:30:00,13570200.0,998.59,19.06,292.34,12.55,65.93,22.09,14.56,7.53,9.12,14.59,1183.87,2.35,4.28,21.06
2015-06-07 01:40:00,13570800.0,998.6,18.96,292.24,12.49,66.09,21.95,14.51,7.44,9.09,14.53,1184.32,2.23,4.0,20.21
2015-06-07 01:50:00,13571400.0,998.64,18.86,292.13,12.46,66.35,21.82,14.48,7.34,9.07,14.5,1184.78,1.53,2.68,6.31
2015-06-07 02:00:00,13572000.0,998.77,18.78,292.04,12.44,66.6,21.71,14.46,7.25,9.05,14.48,1185.27,1.38,3.4,18.8
2015-06-07 02:10:00,13572600.0,998.85,18.69,291.95,12.51,67.28,21.59,14.52,7.06,9.09,14.54,1185.7,1.87,3.28,8.53
2015-06-07 02:20:00,13573200.0,998.86,18.57,291.83,12.56,67.99,21.42,14.57,6.86,9.12,14.58,1186.18,2.28,3.6,18.72
2015-06-07 02:30:00,13573800.0,998.85,18.45,291.71,12.55,68.47,21.26,14.56,6.7,9.12,14.58,1186.66,2.38,3.56,21.23
2015-06-07 02:40:00,13574400.0,998.91,18.36,291.61,12.53,68.78,21.14,14.54,6.6,9.11,14.56,1187.1,2.53,3.88,23.32
2015-06-07 02:50:00,13575000.0,998.97,18.28,291.53,12.54,69.18,21.04,14.55,6.48,9.11,14.57,1187.5,1.97,3.2,21.25
2015-06-07 03:00:00,13575600.0,999.03,18.21,291.45,12.54,69.48,20.95,14.55,6.39,9.11,14.57,1187.85,1.25,2.52,19.41
2015-06-07 03:10:00,13576200.0,998.98,18.17,291.42,12.53,69.61,20.89,14.54,6.35,9.11,14.56,1187.96,1.61,3.24,7.42
2015-06-07 03:20:00,13576800.0,999.06,18.11,291.35,12.51,69.78,20.82,14.53,6.29,9.09,14.54,1188.32,1.4,2.64,23.51
2015-06-07 03:30:00,13577400.0,999.15,18.03,291.26,12.5,70.1,20.71,14.52,6.19,9.09,14.53,1188.75,1.47,2.68,18.76
2015-06-07 03:40:00,13578000.0,999.25,17.97,291.19,12.49,70.3,20.63,14.51,6.13,9.08,14.52,1189.12,1.33,2.66,14.5
2015-06-07 03:50:00,13578600.0,999.29,17.91,291.13,12.52,70.7,20.56,14.53,6.02,9.1,14.54,1189.41,1.53,3.0,4.03
2015-06-07 04:00:00,13579200.0,999.43,17.86,291.07,12.58,71.2,20.49,14.59,5.9,9.13,14.6,1189.75,1.07,2.72,32.1
2015-06-07 04:10:00,13579800.0,999.54,17.66,290.86,12.58,72.1,20.23,14.59,5.65,9.13,14.6,1190.7,1.49,3.44,23.22
2015-06-07 04:20:00,13580400.0,999.83,17.62,290.79,12.64,72.6,20.18,14.65,5.53,9.17,14.66,1191.18,0.84,2.16,47.21
2015-06-07 04:30:00,13581000.0,1000.17,17.49,290.64,12.65,73.2,20.02,14.65,5.36,9.16,14.65,1192.12,0.86,2.08,359.0
2015-06-07 04:40:00,13581600.0,1000.36,17.44,290.57,12.49,72.7,19.95,14.51,5.45,9.07,14.5,1192.61,0.75,1.76,138.7
2015-06-07 04:50:00,13582200.0,1000.37,17.2,290.33,12.18,72.3,19.65,14.21,5.44,8.88,14.2,1193.75,1.91,2.96,15.71
2015-06-07 05:00:00,13582800.0,1000.37,17.07,290.2,12.07,72.4,19.49,14.11,5.38,8.82,14.11,1194.33,2.17,3.28,22.99
2015-06-07 05:10:00,13583400.0,1000.37,16.95,290.08,12.06,72.9,19.35,14.1,5.24,8.82,14.1,1194.83,2.27,3.7,28.08
2015-06-07 05:20:00,13584000.0,1000.28,16.87,290.01,12.05,73.2,19.25,14.09,5.16,8.81,14.09,1195.06,2.51,3.48,18.48
2015-06-07 05:30:00,13584600.0,1000.26,16.87,290.01,12.05,73.2,19.25,14.09,5.16,8.81,14.09,1195.03,2.29,4.24,20.86
2015-06-07 05:40:00,13585200.0,1000.06,16.81,289.97,11.99,73.2,19.17,14.04,5.14,8.78,14.03,1195.06,4.21,6.13,24.72
2015-06-07 05:50:00,13585800.0,999.98,16.64,289.8,11.95,73.8,18.97,14.0,4.97,8.75,14.0,1195.68,3.45,5.21,21.06
2015-06-07 06:00:00,13586400.0,999.82,16.33,289.5,11.67,73.9,18.6,13.74,4.85,8.59,13.75,1196.89,3.83,5.57,16.71
2015-06-07 06:10:00,13587000.0,999.78,16.09,289.27,10.9,71.3,18.32,13.06,5.26,8.16,13.06,1198.14,3.68,6.01,20.58
2015-06-07 06:20:00,13587600.0,999.79,15.95,289.13,9.81,66.88,18.15,12.14,6.01,7.59,12.14,1199.16,3.27,5.61,23.06
2015-06-07 06:30:00,13588200.0,999.95,15.59,288.75,8.45,62.42,17.74,11.07,6.67,6.92,11.07,1201.34,3.86,5.53,15.76
2015-06-07 06:40:00,13588800.0,1000.05,15.4,288.56,8.05,61.48,17.52,10.77,6.75,6.73,10.77,1202.38,2.57,4.44,15.55
2015-06-07 06:50:00,13589400.0,1000.1,15.26,288.41,7.55,59.96,17.37,10.41,6.95,6.5,10.41,1203.19,3.22,4.77,19.07
2015-06-07 07:00:00,13590000.0,1000.33,15.15,288.28,7.22,59.03,17.24,10.18,7.06,6.35,10.18,1204.04,2.28,4.57,32.34
2015-06-07 07:10:00,13590600.0,1000.61,15.0,288.11,7.08,59.04,17.08,10.08,7.0,6.29,10.08,1205.04,1.88,3.88,9.75
2015-06-07 07:20:00,13591200.0,1000.79,14.94,288.04,7.05,59.14,17.01,10.06,6.95,6.28,10.05,1205.52,2.33,3.8,26.06
2015-06-07 07:30:00,13591800.0,1000.75,14.9,288.0,7.04,59.25,16.97,10.05,6.91,6.27,10.05,1205.64,2.87,4.12,32.31
2015-06-07 07:40:00,13592400.0,1000.67,15.05,288.16,7.04,58.69,17.13,10.06,7.08,6.27,10.05,1204.91,3.19,5.53,37.56
2015-06-07 07:50:00,13593000.0,1000.72,14.99,288.09,6.87,58.23,17.07,9.94,7.13,6.2,9.93,1205.29,3.33,5.05,36.01
2015-06-07 08:00:00,13593600.0,1000.86,14.99,288.08,6.88,58.26,17.07,9.94,7.12,6.2,9.93,1205.45,3.56,5.31,30.97
2015-06-07 08:10:00,13594200.0,1000.94,14.9,287.98,6.8,58.3,16.97,9.89,7.08,6.17,9.88,1205.95,3.18,4.81,33.06
2015-06-07 08:20:00,13594800.0,1001.03,14.88,287.96,6.37,56.65,16.95,9.6,7.35,5.99,9.59,1206.28,3.89,5.29,33.96
2015-06-07 08:30:00,13595400.0,1001.15,14.79,287.86,6.18,56.25,16.85,9.48,7.37,5.91,9.47,1206.85,4.39,5.97,30.84
2015-06-07 08:40:00,13596000.0,1001.19,14.68,287.74,6.14,56.5,16.73,9.45,7.28,5.89,9.44,1207.37,4.0,6.01,31.76
2015-06-07 08:50:00,13596600.0,1001.28,14.76,287.82,6.18,56.36,16.82,9.48,7.34,5.91,9.47,1207.13,3.54,5.03,36.55
2015-06-07 09:00:00,13597200.0,1001.3,14.73,287.78,6.13,56.25,16.78,9.44,7.34,5.89,9.43,1207.3,3.55,5.73,31.97
2015-06-07 09:10:00,13597800.0,1001.33,14.63,287.68,5.98,56.04,16.68,9.34,7.33,5.83,9.33,1207.8,4.39,5.93,23.82
2015-06-07 09:20:00,13598400.0,1001.29,14.56,287.61,6.01,56.41,16.6,9.36,7.24,5.84,9.35,1208.03,4.32,5.65,28.31
2015-06-07 09:30:00,13599000.0,1001.4,14.57,287.62,6.02,56.41,16.61,9.37,7.24,5.84,9.36,1208.12,3.43,5.13,26.33
2015-06-07 09:40:00,13599600.0,1001.41,14.49,287.53,5.85,56.06,16.53,9.26,7.26,5.77,9.25,1208.53,3.52,4.73,34.16
2015-06-07 09:50:00,13600200.0,1001.5,14.43,287.47,5.84,56.23,16.46,9.26,7.21,5.77,9.24,1208.89,3.01,4.97,27.07
2015-06-07 10:00:00,13600800.0,1001.6,14.41,287.44,5.83,56.25,16.44,9.25,7.19,5.76,9.23,1209.09,2.81,4.38,31.42
2015-06-07 10:10:00,13601400.0,1001.61,14.44,287.47,5.73,55.75,16.47,9.18,7.29,5.72,9.17,1209.01,2.82,4.77,26.2
2015-06-07 10:20:00,13602000.0,1001.64,14.36,287.39,5.62,55.63,16.39,9.12,7.27,5.68,9.1,1209.42,2.75,4.65,34.49
2015-06-07 10:30:00,13602600.0,1001.54,14.51,287.54,5.64,55.17,16.55,9.13,7.42,5.69,9.11,1208.66,2.04,3.36,28.08
2015-06-07 10:40:00,13603200.0,1001.58,14.92,287.95,5.91,54.73,16.99,9.3,7.69,5.8,9.28,1206.91,0.92,1.84,310.3
2015-06-07 10:50:00,13603800.0,1001.67,14.74,287.76,5.81,55.01,16.79,9.24,7.56,5.76,9.22,1207.8,2.34,4.36,33.74
2015-06-07 11:00:00,13604400.0,1001.78,14.66,287.67,5.84,55.4,16.71,9.26,7.45,5.77,9.24,1208.26,2.16,4.48,11.57
2015-06-07 11:10:00,13605000.0,1001.86,14.69,287.7,5.9,55.5,16.74,9.29,7.45,5.79,9.27,1208.22,1.84,4.08,24.25
2015-06-07 11:20:00,13605600.0,1001.87,14.8,287.81,5.76,54.61,16.86,9.21,7.65,5.74,9.19,1207.81,2.36,4.36,43.07
2015-06-07 11:30:00,13606200.0,1001.87,15.01,288.02,5.95,54.59,17.09,9.33,7.76,5.81,9.31,1206.87,2.44,3.8,26.62
2015-06-07 11:40:00,13606800.0,1001.89,14.99,287.99,6.11,55.24,17.07,9.43,7.64,5.87,9.41,1206.93,2.36,4.12,34.32
2015-06-07 11:50:00,13607400.0,1001.86,15.11,288.12,6.42,56.01,17.2,9.63,7.57,6.0,9.62,1206.3,2.25,3.72,45.56
2015-06-07 12:00:00,13608000.0,1001.73,15.37,288.39,6.82,56.61,17.49,9.9,7.59,6.17,9.88,1204.93,2.17,3.4,27.09
2015-06-07 12:10:00,13608600.0,1001.7,15.62,288.64,6.82,55.71,17.77,9.9,7.87,6.17,9.88,1203.86,2.15,3.8,43.59
2015-06-07 12:20:00,13609200.0,1001.66,15.68,288.7,7.01,56.25,17.84,10.04,7.81,6.26,10.02,1203.5,2.27,3.68,28.18
2015-06-07 12:30:00,13609800.0,1001.63,15.87,288.9,6.98,55.45,18.06,10.01,8.05,6.24,10.0,1202.68,2.67,4.6,27.34
2015-06-07 12:40:00,13610400.0,1001.64,15.8,288.82,6.95,55.59,17.98,9.99,7.98,6.23,9.98,1202.99,2.67,3.96,24.99
2015-06-07 12:50:00,13611000.0,1001.63,16.15,289.18,7.06,54.75,18.39,10.07,8.32,6.27,10.05,1201.49,2.26,4.22,38.74
2015-06-07 13:00:00,13611600.0,1001.6,16.46,289.49,7.15,54.02,18.75,10.13,8.62,6.31,10.11,1200.13,2.67,4.81,39.85
2015-06-07 13:10:00,13612200.0,1001.56,16.42,289.45,7.12,54.05,18.7,10.11,8.59,6.3,10.09,1200.27,2.7,4.36,23.47
2015-06-07 13:20:00,13612800.0,1001.49,16.62,289.66,7.3,54.02,18.94,10.23,8.71,6.38,10.22,1199.3,2.52,4.36,32.45
2015-06-07 13:30:00,13613400.0,1001.44,16.91,289.95,7.42,53.5,19.3,10.32,8.97,6.44,10.31,1197.99,2.28,4.9,15.51
2015-06-07 13:40:00,13614000.0,1001.32,17.31,290.36,7.71,53.18,19.79,10.53,9.27,6.56,10.51,1196.11,2.6,4.72,23.97
2015-06-07 13:50:00,13614600.0,1001.2,17.53,290.59,7.82,52.84,20.07,10.6,9.46,6.61,10.59,1195.03,2.8,5.77,53.15
2015-06-07 14:00:00,13615200.0,1001.2,17.67,290.73,8.05,53.23,20.25,10.78,9.47,6.72,10.76,1194.37,2.91,5.0,47.54
2015-06-07 14:10:00,13615800.0,1001.17,17.57,290.63,8.07,53.61,20.12,10.79,9.33,6.73,10.77,1194.74,3.75,5.2,37.36
2015-06-07 14:20:00,13616400.0,1001.17,17.61,290.67,8.08,53.54,20.17,10.8,9.37,6.74,10.79,1194.58,3.23,5.5,43.36
2015-06-07 14:30:00,13617000.0,1001.14,17.74,290.81,8.23,53.65,20.34,10.91,9.43,6.81,10.9,1193.95,3.02,5.16,43.33
2015-06-07 14:40:00,13617600.0,1001.05,17.85,290.92,8.23,53.25,20.48,10.9,9.57,6.8,10.89,1193.39,3.9,6.18,40.21
2015-06-07 14:50:00,13618200.0,1000.99,17.97,291.05,8.38,53.41,20.63,11.02,9.61,6.88,11.01,1192.78,3.21,5.24,21.44
2015-06-07 15:00:00,13618800.0,1000.81,18.31,291.4,8.66,53.27,21.08,11.23,9.85,7.01,11.22,1191.08,3.38,5.48,63.09
2015-06-07 15:10:00,13619400.0,1000.67,18.16,291.26,8.74,54.09,20.88,11.29,9.59,7.05,11.29,1191.49,3.33,6.04,44.26
2015-06-07 15:20:00,13620000.0,1000.59,18.5,291.61,9.07,54.13,21.33,11.55,9.78,7.21,11.54,1189.9,2.45,4.8,33.98
2015-06-07 15:30:00,13620600.0,1000.54,18.56,291.67,9.32,54.85,21.41,11.74,9.67,7.33,11.74,1189.51,3.02,5.76,26.28
2015-06-07 15:40:00,13621200.0,1000.59,18.71,291.82,9.59,55.32,21.61,11.96,9.66,7.47,11.95,1188.85,3.02,4.56,38.06
2015-06-07 15:50:00,13621800.0,1000.56,19.11,292.22,9.87,55.0,22.16,12.19,9.97,7.61,12.18,1187.08,1.71,4.64,337.0
2015-06-07 16:00:00,13622400.0,1000.4,19.24,292.37,10.1,55.41,22.34,12.38,9.96,7.73,12.37,1186.29,2.67,4.36,44.95
2015-06-07 16:10:00,13623000.0,1000.33,19.07,292.2,10.19,56.32,22.1,12.45,9.66,7.78,12.45,1186.85,2.69,4.96,13.75
2015-06-07 16:20:00,13623600.0,1000.28,18.91,292.05,10.26,57.15,21.89,12.51,9.38,7.81,12.5,1187.43,2.8,4.36,25.66
2015-06-07 16:30:00,13624200.0,1000.17,18.94,292.09,10.42,57.65,21.93,12.64,9.29,7.9,12.64,1187.11,3.34,5.28,30.63
2015-06-07 16:40:00,13624800.0,1000.1,19.29,292.44,10.59,57.08,22.41,12.79,9.62,7.99,12.79,1185.54,3.26,4.92,48.1
2015-06-07 16:50:00,13625400.0,999.96,19.34,292.5,10.6,56.91,22.48,12.79,9.69,8.0,12.79,1185.17,3.1,4.4,33.94
2015-06-07 17:00:00,13626000.0,999.84,19.29,292.46,10.54,56.86,22.41,12.74,9.67,7.97,12.74,1185.25,2.65,3.96,21.95
2015-06-07 17:10:00,13626600.0,999.79,19.61,292.79,10.66,56.2,22.86,12.85,10.01,8.03,12.85,1183.85,2.57,4.62,37.94
2015-06-07 17:20:00,13627200.0,999.75,19.55,292.73,10.58,56.12,22.78,12.78,9.99,7.99,12.78,1184.07,2.85,4.72,20.62
2015-06-07 17:30:00,13627800.0,999.83,19.54,292.71,10.63,56.32,22.76,12.82,9.94,8.01,12.82,1184.19,3.26,5.0,26.45
2015-06-07 17:40:00,13628400.0,999.91,19.51,292.68,10.66,56.55,22.72,12.85,9.87,8.03,12.85,1184.4,2.99,4.52,31.74
2015-06-07 17:50:00,13629000.0,999.81,19.63,292.81,10.75,56.48,22.89,12.93,9.96,8.08,12.93,1183.75,3.12,4.56,40.04
2015-06-07 18:00:00,13629600.0,999.71,19.66,292.84,10.84,56.71,22.93,13.0,9.93,8.13,13.01,1183.48,3.22,4.2,34.33
2015-06-07 18:10:00,13630200.0,999.67,19.7,292.89,10.89,56.74,22.99,13.04,9.94,8.16,13.05,1183.26,2.89,4.94,31.06
2015-06-07 18:20:00,13630800.0,999.68,19.64,292.83,10.91,57.06,22.9,13.07,9.83,8.17,13.07,1183.5,3.32,5.12,49.69
2015-06-07 18:30:00,13631400.0,999.65,19.45,292.64,10.93,57.79,22.63,13.08,9.55,8.18,13.08,1184.22,3.52,5.2,29.8
2015-06-07 18:40:00,13632000.0,999.64,19.36,292.55,10.93,58.11,22.51,13.08,9.43,8.18,13.08,1184.57,3.05,4.48,35.49
2015-06-07 18:50:00,13632600.0,999.67,19.15,292.34,10.97,59.04,22.22,13.12,9.1,8.2,13.12,1185.45,3.29,4.96,33.36
2015-06-07 19:00:00,13633200.0,999.68,18.93,292.12,10.86,59.42,21.91,13.02,8.89,8.14,13.02,1186.39,3.7,5.74,34.13
2015-06-07 19:10:00,13633800.0,999.67,18.55,291.74,10.75,60.41,21.4,12.93,8.47,8.08,12.93,1187.97,3.66,5.2,32.14
2015-06-07 19:20:00,13634400.0,999.66,18.26,291.45,10.66,61.16,21.01,12.85,8.16,8.04,12.86,1189.18,3.91,5.16,21.81
2015-06-07 19:30:00,13635000.0,999.66,18.06,291.25,10.49,61.22,20.75,12.7,8.05,7.94,12.71,1190.05,4.31,5.48,20.9
2015-06-07 19:40:00,13635600.0,999.63,17.96,291.15,10.42,61.33,20.62,12.65,7.97,7.91,12.65,1190.46,3.97,4.84,22.13
2015-06-07 19:50:00,13636200.0,999.7,17.88,291.07,10.37,61.42,20.52,12.6,7.92,7.88,12.61,1190.88,3.75,4.76,23.59
2015-06-07 20:00:00,13636800.0,999.69,17.86,291.05,10.41,61.66,20.49,12.63,7.86,7.9,12.64,1190.94,2.45,4.22,37.53
2015-06-07 20:10:00,13637400.0,999.62,17.78,290.97,10.37,61.82,20.39,12.6,7.78,7.88,12.61,1191.21,3.0,4.26,42.92
2015-06-07 20:20:00,13638000.0,999.64,17.65,290.84,10.36,62.26,20.22,12.59,7.63,7.87,12.59,1191.76,2.75,3.8,41.59
2015-06-07 20:30:00,13638600.0,999.62,17.5,290.69,10.4,63.06,20.03,12.63,7.4,7.9,12.64,1192.33,1.72,2.4,18.87
2015-06-07 20:40:00,13639200.0,999.75,17.2,290.38,10.38,64.15,19.65,12.61,7.05,7.88,12.61,1193.74,1.37,2.12,1.4
2015-06-07 20:50:00,13639800.0,999.79,17.08,290.26,10.34,64.48,19.51,12.58,6.93,7.86,12.58,1194.3,1.54,2.36,359.5
2015-06-07 21:00:00,13640400.0,999.85,16.96,290.13,10.33,64.93,19.36,12.57,6.79,7.86,12.57,1194.86,1.57,2.08,8.94
2015-06-07 21:10:00,13641000.0,999.78,16.87,290.05,10.32,65.25,19.25,12.56,6.69,7.85,12.56,1195.15,1.8,2.36,8.34
2015-06-07 21:20:00,13641600.0,999.83,16.78,289.95,10.28,65.46,19.14,12.53,6.61,7.83,12.53,1195.59,1.54,1.94,5.88
2015-06-07 21:30:00,13642200.0,999.91,16.71,289.88,10.29,65.8,19.05,12.54,6.52,7.84,12.54,1195.97,1.38,1.72,5.32
2015-06-07 21:40:00,13642800.0,999.97,16.59,289.75,10.28,66.25,18.91,12.53,6.38,7.83,12.53,1196.55,1.39,1.92,352.5
2015-06-07 21:50:00,13643400.0,1000.09,15.99,289.14,10.2,68.46,18.2,12.46,5.74,7.79,12.46,1199.21,0.42,0.88,154.8
2015-06-07 22:00:00,13644000.0,1000.08,15.72,288.87,10.24,69.83,17.89,12.49,5.4,7.81,12.49,1200.3,0.7,0.96,36.68
2015-06-07 22:10:00,13644600.0,1000.11,15.54,288.69,10.42,71.5,17.68,12.64,5.04,7.9,12.64,1201.01,0.84,1.12,54.44
2015-06-07 22:20:00,13645200.0,1000.13,15.21,288.36,10.35,72.7,17.31,12.58,4.73,7.86,12.58,1202.44,0.49,0.92,97.3
2015-06-07 22:30:00,13645800.0,1000.05,14.88,288.04,10.36,74.3,16.95,12.59,4.36,7.87,12.59,1203.72,0.38,0.64,7.79
2015-06-07 22:40:00,13646400.0,999.93,14.86,288.03,10.34,74.3,16.92,12.58,4.35,7.86,12.58,1203.67,0.31,0.76,51.11
2015-06-07 22:50:00,13647000.0,999.91,14.59,287.76,10.28,75.3,16.63,12.52,4.11,7.83,12.53,1204.8,0.56,0.92,68.86
2015-06-07 23:00:00,13647600.0,999.92,14.49,287.66,10.2,75.4,16.53,12.46,4.07,7.79,12.46,1205.25,0.68,0.88,45.06
2015-06-07 23:10:00,13648200.0,999.93,14.19,287.36,10.15,76.6,16.21,12.41,3.79,7.76,12.42,1206.54,0.63,1.16,252.1
2015-06-07 23:20:00,13648800.0,999.96,14.18,287.34,10.12,76.5,16.2,12.39,3.81,7.74,12.39,1206.63,0.16,0.4,14.45
2015-06-07 23:30:00,13649400.0,999.93,14.1,287.27,10.1,76.8,16.11,12.37,3.74,7.73,12.38,1206.95,0.46,0.72,67.82
2015-06-07 23:40:00,13650000.0,999.93,14.02,287.19,10.04,76.9,16.03,12.33,3.7,7.7,12.33,1207.3,0.23,0.5,41.98
2015-06-07 23:50:00,13650600.0,999.91,13.91,287.08,9.99,77.2,15.92,12.29,3.63,7.68,12.29,1207.76,0.49,0.8,53.3
2015-06-08 00:00:00,13651200.0,999.83,13.71,286.88,9.84,77.4,15.71,12.16,3.55,7.6,12.16,1208.56,0.4,0.56,89.5
2015-06-08 00:10:00,13651800.0,999.84,13.49,286.66,9.81,78.4,15.49,12.14,3.34,7.59,12.14,1209.5,0.36,0.68,44.17
2015-06-08 00:20:00,13652400.0,999.87,13.3,286.47,9.78,79.2,15.3,12.11,3.18,7.57,12.12,1210.36,0.23,0.56,230.1
2015-06-08 00:30:00,13653000.0,999.92,13.37,286.54,9.68,78.3,15.37,12.03,3.33,7.52,12.03,1210.17,0.41,0.84,261.6
2015-06-08 00:40:00,13653600.0,999.98,13.3,286.46,9.78,79.2,15.3,12.11,3.18,7.57,12.11,1210.49,0.75,1.06,58.58
2015-06-08 00:50:00,13654200.0,999.97,13.23,286.39,9.75,79.4,15.23,12.09,3.14,7.55,12.09,1210.78,0.47,0.84,67.34
2015-06-08 01:00:00,13654800.0,999.93,13.15,286.32,9.71,79.6,15.15,12.06,3.09,7.53,12.06,1211.09,0.33,0.64,134.0
2015-06-08 01:10:00,13655400.0,999.93,12.93,286.1,9.63,80.3,14.93,11.99,2.94,7.49,11.99,1212.05,0.21,0.48,33.98
2015-06-08 01:20:00,13656000.0,999.85,12.84,286.01,9.59,80.6,14.84,11.96,2.88,7.48,11.96,1212.35,0.35,0.76,101.2
2015-06-08 01:30:00,13656600.0,999.87,12.82,285.99,9.57,80.6,14.82,11.95,2.88,7.47,11.95,1212.47,0.83,1.38,5.98
2015-06-08 01:40:00,13657200.0,999.91,13.11,286.28,9.41,78.2,15.11,11.81,3.29,7.38,11.81,1211.35,0.82,2.6,46.18
2015-06-08 01:50:00,13657800.0,999.96,12.83,285.99,9.4,79.6,14.83,11.81,3.03,7.38,11.81,1212.6,0.66,1.66,92.8
2015-06-08 02:00:00,13658400.0,999.97,12.86,286.02,9.18,78.3,14.86,11.64,3.22,7.27,11.64,1212.57,0.59,1.52,96.5
2015-06-08 02:10:00,13659000.0,999.93,12.91,286.08,8.54,74.7,14.91,11.14,3.77,6.96,11.14,1212.54,1.57,3.28,4.32
2015-06-08 02:20:00,13659600.0,999.93,12.76,285.93,7.81,71.8,14.76,10.6,4.16,6.62,10.6,1213.42,2.11,4.04,8.2
2015-06-08 02:30:00,13660200.0,999.98,12.54,285.7,7.37,70.7,14.55,10.29,4.26,6.42,10.29,1214.56,2.38,4.16,1.32
2015-06-08 02:40:00,13660800.0,1000.02,12.26,285.42,7.15,70.9,14.29,10.13,4.16,6.32,10.13,1215.87,2.06,3.52,10.82
2015-06-08 02:50:00,13661400.0,1000.06,12.08,285.24,6.97,70.9,14.12,10.01,4.11,6.25,10.01,1216.74,2.32,4.38,9.54
2015-06-08 03:00:00,13662000.0,1000.1,11.96,285.11,6.92,71.2,14.01,9.97,4.03,6.23,9.97,1217.32,2.8,4.99,16.11
2015-06-08 03:10:00,13662600.0,1000.17,11.8,284.95,6.87,71.7,13.86,9.94,3.92,6.2,9.94,1218.11,2.23,4.28,9.76
2015-06-08 03:20:00,13663200.0,1000.27,11.63,284.77,6.83,72.3,13.7,9.91,3.8,6.18,9.91,1218.96,2.21,3.52,17.86
2015-06-08 03:30:00,13663800.0,1000.39,11.47,284.6,6.79,72.9,13.56,9.89,3.67,6.17,9.88,1219.81,1.96,3.48,9.1
2015-06-08 03:40:00,13664400.0,1000.41,11.35,284.48,6.76,73.3,13.45,9.86,3.59,6.15,9.86,1220.36,1.29,3.76,7.29
2015-06-08 03:50:00,13665000.0,1000.37,11.21,284.34,6.66,73.5,13.33,9.8,3.53,6.11,9.79,1220.94,1.58,2.96,16.54
2015-06-08 04:00:00,13665600.0,1000.33,11.08,284.21,6.54,73.5,13.21,9.71,3.5,6.06,9.71,1221.49,2.12,4.16,18.62
2015-06-08 04:10:00,13666200.0,1000.28,10.98,284.12,6.44,73.5,13.13,9.65,3.48,6.02,9.64,1221.89,2.33,3.84,8.46
2015-06-08 04:20:00,13666800.0,1000.3,10.9,284.04,6.28,73.1,13.06,9.54,3.51,5.96,9.54,1222.31,2.15,4.32,7.8
2015-06-08 04:30:00,13667400.0,1000.33,10.86,283.99,6.07,72.2,13.02,9.4,3.62,5.87,9.4,1222.58,2.55,4.65,11.01
2015-06-08 04:40:00,13668000.0,1000.35,10.81,283.94,5.88,71.5,12.98,9.28,3.7,5.79,9.28,1222.88,3.09,5.21,10.56
2015-06-08 04:50:00,13668600.0,1000.43,10.79,283.92,5.7,70.7,12.96,9.16,3.8,5.72,9.16,1223.11,3.25,5.49,12.46
2015-06-08 05:00:00,13669200.0,1000.5,10.74,283.86,5.61,70.5,12.92,9.11,3.81,5.68,9.1,1223.44,2.93,4.65,13.33
2015-06-08 05:10:00,13669800.0,1000.54,10.77,283.89,5.55,70.1,12.94,9.07,3.87,5.66,9.07,1223.38,3.02,5.69,10.88
2015-06-08 05:20:00,13670400.0,1000.56,10.73,283.84,5.52,70.1,12.91,9.05,3.86,5.64,9.04,1223.59,2.55,4.57,10.17
2015-06-08 05:30:00,13671000.0,1000.58,10.73,283.84,5.5,70.0,12.91,9.04,3.87,5.64,9.03,1223.61,2.35,3.48,7.3
2015-06-08 05:40:00,13671600.0,1000.5,10.82,283.94,5.52,69.7,12.99,9.05,3.93,5.65,9.05,1223.13,2.34,4.32,7.28
2015-06-08 05:50:00,13672200.0,1000.43,10.95,284.07,5.56,69.28,13.1,9.08,4.02,5.66,9.07,1222.47,2.57,5.13,13.92
2015-06-08 06:00:00,13672800.0,1000.34,11.25,284.38,5.6,68.13,13.36,9.1,4.26,5.68,9.1,1221.05,3.51,5.49,18.39
2015-06-08 06:10:00,13673400.0,1000.34,11.49,284.62,5.65,67.25,13.58,9.13,4.45,5.7,9.13,1220.01,3.61,5.77,20.37
2015-06-08 06:20:00,13674000.0,1000.27,11.78,284.92,5.74,66.39,13.84,9.19,4.65,5.73,9.19,1218.65,4.46,6.31,25.53
2015-06-08 06:30:00,13674600.0,1000.22,11.89,285.03,5.89,66.62,13.94,9.29,4.65,5.8,9.29,1218.08,3.63,6.49,35.21
2015-06-08 06:40:00,13675200.0,1000.25,11.8,284.94,6.02,67.62,13.86,9.37,4.49,5.85,9.37,1218.47,3.24,4.81,44.33
2015-06-08 06:50:00,13675800.0,1000.27,11.89,285.03,6.24,68.26,13.94,9.52,4.43,5.94,9.51,1218.03,3.57,5.61,43.46
2015-06-08 07:00:00,13676400.0,1000.17,12.25,285.4,6.44,67.57,14.28,9.65,4.63,6.02,9.65,1216.32,3.86,5.69,48.66
2015-06-08 07:10:00,13677000.0,1000.1,12.64,285.79,6.67,66.92,14.65,9.8,4.85,6.12,9.8,1214.51,4.32,5.97,37.73
2015-06-08 07:20:00,13677600.0,1000.06,12.74,285.9,6.69,66.59,14.74,9.82,4.93,6.13,9.82,1214.01,5.87,8.61,35.68
2015-06-08 07:30:00,13678200.0,999.92,12.68,285.85,6.65,66.63,14.69,9.79,4.9,6.11,9.79,1214.11,6.46,8.61,34.98
2015-06-08 07:40:00,13678800.0,999.91,12.7,285.87,6.72,66.89,14.71,9.84,4.87,6.14,9.84,1213.99,6.41,9.57,35.53
2015-06-08 07:50:00,13679400.0,1000.06,12.95,286.11,6.84,66.35,14.95,9.92,5.03,6.19,9.92,1213.08,6.54,9.33,32.72
2015-06-08 08:00:00,13680000.0,1000.16,13.24,286.39,7.0,65.81,15.24,10.03,5.21,6.26,10.02,1211.92,6.58,9.85,42.86
2015-06-08 08:10:00,13680600.0,1000.26,13.3,286.44,7.09,65.97,15.3,10.09,5.2,6.3,10.09,1211.77,4.76,9.09,42.23
2015-06-08 08:20:00,13681200.0,1000.38,13.47,286.6,7.19,65.68,15.47,10.16,5.31,6.34,10.15,1211.16,4.42,6.77,37.6
2015-06-08 08:30:00,13681800.0,1000.41,13.44,286.57,7.24,66.06,15.44,10.2,5.24,6.36,10.19,1211.31,4.56,6.81,33.58
2015-06-08 08:40:00,13682400.0,1000.32,13.53,286.66,7.38,66.28,15.53,10.29,5.24,6.42,10.29,1210.78,4.1,6.21,31.58
2015-06-08 08:50:00,13683000.0,1000.23,13.59,286.73,7.45,66.36,15.59,10.34,5.24,6.46,10.34,1210.39,4.88,6.59,24.72
2015-06-08 09:00:00,13683600.0,1000.19,13.82,286.96,7.61,66.09,15.82,10.46,5.37,6.53,10.46,1209.32,4.12,6.05,43.38
2015-06-08 09:10:00,13684200.0,1000.17,14.12,287.27,7.77,65.54,16.13,10.57,5.56,6.6,10.57,1207.97,3.95,5.19,43.88
2015-06-08 09:20:00,13684800.0,1000.19,14.34,287.48,7.91,65.2,16.37,10.67,5.7,6.66,10.67,1207.03,3.17,5.17,38.98
2015-06-08 09:30:00,13685400.0,1000.16,14.68,287.83,8.07,64.48,16.73,10.79,5.94,6.74,10.79,1205.52,2.98,4.61,39.09
2015-06-08 09:40:00,13686000.0,1000.05,14.94,288.1,8.01,63.18,17.01,10.75,6.26,6.71,10.75,1204.32,5.16,9.25,32.77
2015-06-08 09:50:00,13686600.0,1000.02,14.69,287.85,7.81,63.34,16.74,10.6,6.14,6.62,10.6,1205.39,5.54,8.61,36.37
2015-06-08 10:00:00,13687200.0,999.9,15.0,288.17,8.01,62.9,17.08,10.74,6.34,6.71,10.74,1203.89,5.51,8.25,44.81
2015-06-08 10:10:00,13687800.0,999.83,15.14,288.31,7.94,62.04,17.23,10.69,6.54,6.68,10.69,1203.24,5.55,8.25,47.79
2015-06-08 10:20:00,13688400.0,999.78,15.48,288.66,8.09,61.34,17.61,10.8,6.81,6.75,10.81,1201.71,5.34,7.97,40.54
2015-06-08 10:30:00,13689000.0,999.73,15.42,288.6,7.86,60.63,17.55,10.64,6.91,6.65,10.64,1201.97,4.36,6.01,33.42
2015-06-08 10:40:00,13689600.0,999.86,15.34,288.51,7.75,60.47,17.46,10.56,6.9,6.59,10.56,1202.5,5.21,7.95,30.24
2015-06-08 10:50:00,13690200.0,999.82,15.13,288.3,7.67,60.95,17.22,10.5,6.73,6.56,10.5,1203.36,5.39,7.81,25.6
2015-06-08 11:00:00,13690800.0,999.79,15.23,288.41,7.7,60.68,17.33,10.52,6.82,6.57,10.52,1202.9,4.03,6.83,30.75
2015-06-08 11:10:00,13691400.0,999.8,15.3,288.48,7.55,59.81,17.41,10.41,7.0,6.5,10.42,1202.66,5.24,8.61,32.51
2015-06-08 11:20:00,13692000.0,999.86,15.38,288.55,7.56,59.55,17.5,10.42,7.08,6.51,10.42,1202.39,5.08,6.97,43.91
2015-06-08 11:30:00,13692600.0,999.95,15.41,288.57,7.62,59.66,17.53,10.46,7.07,6.53,10.46,1202.37,4.03,6.89,44.69
2015-06-08 11:40:00,13693200.0,1000.06,15.54,288.69,7.49,58.66,17.68,10.37,7.31,6.48,10.37,1202.0,4.7,7.33,44.55
2015-06-08 11:50:00,13693800.0,1000.09,15.72,288.87,7.61,58.45,17.89,10.45,7.43,6.53,10.45,1201.25,3.79,5.55,52.01
2015-06-08 12:00:00,13694400.0,1000.01,15.95,289.11,7.69,57.92,18.15,10.51,7.64,6.57,10.51,1200.17,3.74,5.37,46.95
2015-06-08 12:10:00,13695000.0,999.86,16.04,289.21,7.9,58.41,18.26,10.66,7.59,6.66,10.67,1199.54,3.21,5.23,51.59
2015-06-08 12:20:00,13695600.0,999.61,15.92,289.11,8.18,60.0,18.12,10.87,7.25,6.79,10.87,1199.64,5.37,7.17,29.58
2015-06-08 12:30:00,13696200.0,999.39,15.64,288.85,8.22,61.24,17.8,10.9,6.9,6.81,10.9,1200.53,5.4,7.73,25.76
2015-06-08 12:40:00,13696800.0,999.05,15.71,288.95,8.25,61.12,17.88,10.93,6.95,6.83,10.94,1199.81,5.12,6.97,28.0
2015-06-08 12:50:00,13697400.0,998.86,15.62,288.87,8.2,61.26,17.77,10.89,6.89,6.81,10.9,1199.97,5.94,8.01,25.99
2015-06-08 13:00:00,13698000.0,998.69,15.5,288.77,8.21,61.76,17.64,10.89,6.74,6.81,10.91,1200.27,6.6,11.61,21.47
2015-06-08 13:10:00,13698600.0,998.4,15.47,288.76,8.24,62.01,17.6,10.92,6.69,6.83,10.93,1200.03,6.51,9.25,22.75
2015-06-08 13:20:00,13699200.0,998.05,15.59,288.91,8.3,61.77,17.74,10.96,6.78,6.86,10.98,1199.09,5.84,8.09,25.48
2015-06-08 13:30:00,13699800.0,997.78,15.58,288.92,8.18,61.31,17.73,10.87,6.86,6.8,10.89,1198.84,7.37,9.97,24.84
2015-06-08 13:40:00,13700400.0,997.98,15.47,288.8,8.07,61.31,17.6,10.79,6.81,6.75,10.81,1199.59,6.29,8.85,22.81
2015-06-08 13:50:00,13701000.0,998.35,15.55,288.85,7.94,60.44,17.69,10.69,7.0,6.69,10.71,1199.74,5.72,10.37,21.49
2015-06-08 14:00:00,13701600.0,998.58,15.77,289.05,8.04,60.01,17.94,10.77,7.18,6.73,10.78,1199.08,4.75,8.53,28.18
2015-06-08 14:10:00,13702200.0,998.58,15.99,289.27,8.11,59.47,18.2,10.82,7.38,6.77,10.84,1198.13,3.58,6.05,30.11
2015-06-08 14:20:00,13702800.0,998.68,15.91,289.18,7.96,59.16,18.11,10.71,7.39,6.7,10.73,1198.63,4.0,7.05,27.76
2015-06-08 14:30:00,13703400.0,998.71,15.78,289.05,7.81,59.02,17.96,10.6,7.36,6.63,10.61,1199.26,4.65,8.25,26.78
2015-06-08 14:40:00,13704000.0,998.68,15.74,289.01,7.74,58.91,17.91,10.55,7.36,6.6,10.56,1199.41,4.11,6.27,28.55
2015-06-08 14:50:00,13704600.0,998.68,15.71,288.98,7.68,58.77,17.88,10.51,7.37,6.57,10.52,1199.56,4.04,5.47,26.0
2015-06-08 15:00:00,13705200.0,998.69,15.65,288.92,7.63,58.8,17.81,10.47,7.34,6.55,10.48,1199.84,3.94,5.89,24.96
2015-06-08 15:10:00,13705800.0,998.65,15.6,288.87,7.52,58.55,17.75,10.39,7.36,6.5,10.41,1200.03,4.54,8.01,24.45
2015-06-08 15:20:00,13706400.0,998.56,15.65,288.93,7.46,58.11,17.81,10.35,7.46,6.47,10.36,1199.73,4.83,8.41,25.96
2015-06-08 15:30:00,13707000.0,998.44,15.68,288.97,7.5,58.17,17.84,10.38,7.46,6.49,10.39,1199.46,4.07,5.73,25.69
2015-06-08 15:40:00,13707600.0,998.3,15.67,288.97,7.53,58.33,17.83,10.4,7.43,6.51,10.42,1199.32,4.25,6.51,23.62
2015-06-08 15:50:00,13708200.0,998.15,15.72,289.03,7.57,58.29,17.89,10.43,7.46,6.52,10.45,1198.92,4.92,7.65,28.11
2015-06-08 16:00:00,13708800.0,997.99,15.7,289.03,7.54,58.27,17.86,10.41,7.45,6.51,10.43,1198.82,4.29,6.61,25.33
2015-06-08 16:10:00,13709400.0,997.9,15.62,288.95,7.35,57.79,17.77,10.27,7.5,6.43,10.29,1199.1,4.9,7.51,23.92
2015-06-08 16:20:00,13710000.0,997.84,15.55,288.89,7.26,57.71,17.69,10.21,7.48,6.39,10.23,1199.35,4.87,7.57,24.12
2015-06-08 16:30:00,13710600.0,997.87,15.47,288.81,7.18,57.68,17.6,10.15,7.45,6.35,10.17,1199.75,3.95,6.33,21.5
2015-06-08 16:40:00,13711200.0,997.94,15.25,288.58,7.36,59.21,17.36,10.28,7.08,6.43,10.3,1200.69,3.5,5.69,23.41
2015-06-08 16:50:00,13711800.0,997.98,15.01,288.34,7.28,59.83,17.09,10.22,6.86,6.4,10.25,1201.75,3.93,7.01,25.2
2015-06-08 17:00:00,13712400.0,998.02,14.93,288.25,7.22,59.88,17.0,10.18,6.82,6.37,10.2,1202.16,4.11,6.65,23.8
2015-06-08 17:10:00,13713000.0,998.08,14.93,288.25,7.22,59.88,17.0,10.18,6.82,6.37,10.2,1202.23,3.19,4.91,22.34
2015-06-08 17:20:00,13713600.0,998.08,14.99,288.31,7.25,59.75,17.07,10.2,6.87,6.38,10.22,1201.97,2.36,3.72,24.62
2015-06-08 17:30:00,13714200.0,998.12,15.02,288.34,7.24,59.62,17.1,10.2,6.91,6.38,10.21,1201.89,2.24,4.53,28.52
2015-06-08 17:40:00,13714800.0,998.19,15.0,288.31,7.01,58.74,17.08,10.03,7.05,6.27,10.05,1202.14,3.69,6.45,21.08
2015-06-08 17:50:00,13715400.0,998.14,15.03,288.34,6.73,57.52,17.11,9.84,7.27,6.16,9.86,1202.04,4.87,8.21,24.33
2015-06-08 18:00:00,13716000.0,998.15,15.07,288.38,6.6,56.88,17.16,9.76,7.4,6.1,9.78,1201.92,4.93,6.57,24.3
2015-06-08 18:10:00,13716600.0,998.09,15.07,288.39,6.58,56.8,17.16,9.74,7.41,6.1,9.76,1201.85,4.2,6.45,26.96
2015-06-08 18:20:00,13717200.0,998.07,15.07,288.39,6.58,56.78,17.16,9.74,7.41,6.09,9.76,1201.83,3.98,6.13,25.45
2015-06-08 18:30:00,13717800.0,997.97,15.08,288.41,6.63,56.93,17.17,9.77,7.39,6.11,9.79,1201.66,3.52,5.05,30.31
2015-06-08 18:40:00,13718400.0,997.86,15.09,288.43,6.78,57.5,17.18,9.88,7.3,6.18,9.9,1201.44,3.01,4.22,44.78
2015-06-08 18:50:00,13719000.0,997.92,15.07,288.4,6.75,57.44,17.16,9.85,7.3,6.17,9.87,1201.6,3.15,4.97,41.54
2015-06-08 19:00:00,13719600.0,997.96,15.07,288.4,6.75,57.47,17.16,9.86,7.3,6.17,9.88,1201.65,2.5,3.52,45.09
2015-06-08 19:10:00,13720200.0,998.0,14.92,288.25,7.08,59.35,16.99,10.08,6.91,6.31,10.1,1202.22,1.99,3.2,69.38
2015-06-08 19:20:00,13720800.0,998.08,14.63,287.95,7.32,61.47,16.68,10.25,6.43,6.41,10.27,1203.46,1.27,2.36,82.4
2015-06-08 19:30:00,13721400.0,998.2,14.49,287.8,8.02,65.08,16.53,10.75,5.77,6.73,10.77,1203.95,0.88,1.48,146.2
2015-06-08 19:40:00,13722000.0,998.2,14.02,287.33,8.19,67.87,16.03,10.88,5.15,6.81,10.9,1205.87,0.86,1.4,169.8
2015-06-08 19:50:00,13722600.0,998.13,13.78,287.09,8.3,69.45,15.78,10.96,4.82,6.86,10.98,1206.75,0.42,0.92,224.5
2015-06-08 20:00:00,13723200.0,998.22,13.74,287.05,8.4,70.1,15.74,11.03,4.71,6.9,11.05,1207.0,0.6,1.0,212.8
2015-06-08 20:10:00,13723800.0,998.25,13.51,286.81,8.45,71.4,15.51,11.07,4.43,6.93,11.09,1207.99,1.21,1.52,230.0
2015-06-08 20:20:00,13724400.0,998.38,13.61,286.9,8.38,70.6,15.61,11.02,4.59,6.89,11.04,1207.75,0.87,1.48,292.1
2015-06-08 20:30:00,13725000.0,998.52,13.79,287.07,8.53,70.5,15.79,11.13,4.66,6.96,11.15,1207.1,0.48,0.8,30.64
2015-06-08 20:40:00,13725600.0,998.66,13.84,287.11,8.64,70.8,15.84,11.22,4.63,7.02,11.23,1207.02,0.39,0.68,6.33
2015-06-08 20:50:00,13726200.0,998.73,13.87,287.13,8.65,70.7,15.87,11.22,4.65,7.02,11.24,1206.98,0.7,1.88,21.76
2015-06-08 21:00:00,13726800.0,998.73,13.9,287.16,8.82,71.4,15.9,11.36,4.55,7.1,11.37,1206.79,1.48,2.96,57.94
2015-06-08 21:10:00,13727400.0,998.76,13.84,287.1,8.81,71.6,15.84,11.34,4.5,7.09,11.36,1207.09,1.98,3.76,53.1
2015-06-08 21:20:00,13728000.0,998.7,13.92,287.19,8.39,69.24,15.93,11.03,4.9,6.9,11.04,1206.83,4.53,6.19,39.11
2015-06-08 21:30:00,13728600.0,998.7,13.86,287.13,8.4,69.56,15.86,11.03,4.83,6.9,11.05,1207.08,3.6,5.37,39.26
2015-06-08 21:40:00,13729200.0,998.7,13.81,287.08,8.37,69.64,15.81,11.01,4.8,6.89,11.03,1207.29,3.4,4.73,36.2
2015-06-08 21:50:00,13729800.0,998.69,13.74,287.01,8.33,69.76,15.74,10.98,4.76,6.87,10.99,1207.59,4.21,5.89,39.55
2015-06-08 22:00:00,13730400.0,998.76,13.62,286.88,8.28,70.1,15.62,10.95,4.67,6.85,10.96,1208.2,4.0,5.69,29.34
2015-06-08 22:10:00,13731000.0,998.75,13.55,286.81,8.3,70.5,15.55,10.96,4.59,6.85,10.97,1208.47,3.38,5.73,33.29
2015-06-08 22:20:00,13731600.0,998.71,13.49,286.76,8.35,71.0,15.49,11.0,4.49,6.88,11.01,1208.66,3.85,5.43,35.79
2015-06-08 22:30:00,13732200.0,998.7,13.41,286.68,8.37,71.5,15.41,11.01,4.39,6.89,11.03,1208.97,3.72,6.09,33.85
2015-06-08 22:40:00,13732800.0,998.79,13.35,286.61,8.42,72.0,15.35,11.05,4.3,6.91,11.06,1209.33,3.64,6.01,36.2
2015-06-08 22:50:00,13733400.0,998.78,13.31,286.57,8.46,72.4,15.31,11.08,4.22,6.93,11.09,1209.47,3.37,5.57,32.71
2015-06-08 23:00:00,13734000.0,998.82,13.26,286.52,8.37,72.2,15.26,11.01,4.24,6.89,11.03,1209.76,2.56,4.36,26.95
2015-06-08 23:10:00,13734600.0,998.8,13.15,286.41,8.31,72.4,15.15,10.97,4.18,6.86,10.98,1210.22,3.16,4.81,21.95
2015-06-08 23:20:00,13735200.0,998.78,13.09,286.35,8.35,72.9,15.09,11.0,4.09,6.88,11.01,1210.43,2.29,3.3,19.15
2015-06-08 23:30:00,13735800.0,998.69,13.0,286.27,7.94,71.3,15.0,10.69,4.3,6.69,10.71,1210.85,2.17,3.3,18.49
2015-06-08 23:40:00,13736400.0,998.7,12.96,286.23,7.07,67.34,14.96,10.07,4.89,6.3,10.09,1211.31,2.56,3.64,20.97
2015-06-08 23:50:00,13737000.0,998.75,12.93,286.19,6.62,65.42,14.93,9.77,5.16,6.11,9.78,1211.64,2.56,4.32,19.09
2015-06-09 00:00:00,13737600.0,998.69,12.99,286.26,6.49,64.61,14.99,9.68,5.3,6.05,9.7,1211.35,3.2,4.36,26.55
2015-06-09 00:10:00,13738200.0,998.65,13.01,286.28,6.43,64.22,15.01,9.64,5.37,6.02,9.65,1211.24,3.3,4.81,28.47
2015-06-09 00:20:00,13738800.0,998.69,13.0,286.27,6.96,66.69,15.0,10.0,5.0,6.25,10.02,1211.17,2.68,4.08,39.39
2015-06-09 00:30:00,13739400.0,998.69,12.93,286.2,6.95,66.95,14.93,10.0,4.93,6.25,10.01,1211.47,2.9,4.83,26.65
2015-06-09 00:40:00,13740000.0,998.68,12.87,286.14,6.85,66.75,14.87,9.93,4.94,6.21,9.94,1211.73,3.22,4.65,27.66
2015-06-09 00:50:00,13740600.0,998.69,12.82,286.09,6.95,67.4,14.82,9.99,4.83,6.25,10.0,1211.93,3.05,4.69,22.07
2015-06-09 01:00:00,13741200.0,998.67,12.74,286.01,7.4,69.92,14.74,10.31,4.44,6.45,10.32,1212.1,3.12,5.25,23.67
2015-06-09 01:10:00,13741800.0,998.66,12.69,285.96,7.82,72.2,14.7,10.61,4.09,6.64,10.63,1212.16,3.31,5.57,36.19
2015-06-09 01:20:00,13742400.0,998.58,12.61,285.89,8.36,75.3,14.62,11.01,3.61,6.89,11.02,1212.22,4.14,5.85,37.77
2015-06-09 01:30:00,13743000.0,998.57,12.46,285.74,8.7,77.8,14.48,11.26,3.21,7.05,11.28,1212.73,4.43,6.41,44.87
2015-06-09 01:40:00,13743600.0,998.58,12.4,285.68,8.77,78.5,14.42,11.32,3.1,7.08,11.34,1212.96,3.13,4.26,39.07
2015-06-09 01:50:00,13744200.0,998.58,12.36,285.64,8.96,79.7,14.38,11.46,2.92,7.17,11.48,1213.07,3.65,5.45,28.03
2015-06-09 02:00:00,13744800.0,998.58,12.29,285.57,9.06,80.6,14.31,11.54,2.78,7.22,11.55,1213.33,4.15,6.69,37.46
2015-06-09 02:10:00,13745400.0,998.5,12.25,285.53,8.48,77.7,14.28,11.09,3.18,6.94,11.11,1213.61,3.31,4.93,26.79
2015-06-09 02:20:00,13746000.0,998.48,12.2,285.48,7.37,72.3,14.23,10.29,3.94,6.43,10.3,1214.17,3.29,5.05,20.38
2015-06-09 02:30:00,13746600.0,998.49,12.16,285.44,6.63,68.89,14.19,9.78,4.42,6.11,9.79,1214.59,3.91,6.13,22.36
2015-06-09 02:40:00,13747200.0,998.52,12.1,285.38,6.52,68.64,14.14,9.7,4.43,6.07,9.72,1214.92,4.22,7.73,22.09
2015-06-09 02:50:00,13747800.0,998.53,12.04,285.32,6.58,69.17,14.08,9.74,4.34,6.09,9.75,1215.17,5.04,6.85,24.21
2015-06-09 03:00:00,13748400.0,998.58,11.97,285.25,6.7,70.1,14.02,9.83,4.19,6.14,9.84,1215.49,4.64,7.09,27.48
2015-06-09 03:10:00,13749000.0,998.58,11.93,285.21,6.77,70.6,13.98,9.87,4.11,6.17,9.88,1215.64,4.24,6.81,27.75
2015-06-09 03:20:00,13749600.0,998.57,11.9,285.18,6.92,71.5,13.95,9.98,3.98,6.24,9.99,1215.71,4.02,7.09,34.87
2015-06-09 03:30:00,13750200.0,998.56,11.82,285.1,7.25,73.5,13.88,10.2,3.68,6.38,10.21,1215.93,5.03,7.61,36.7
2015-06-09 03:40:00,13750800.0,998.58,11.68,284.96,7.49,75.4,13.75,10.37,3.38,6.48,10.38,1216.47,5.25,7.85,37.12
2015-06-09 03:50:00,13751400.0,998.59,11.58,284.85,7.47,75.8,13.66,10.35,3.31,6.47,10.37,1216.92,5.16,7.77,39.38
2015-06-09 04:00:00,13752000.0,998.67,11.51,284.78,7.44,76.0,13.6,10.33,3.26,6.46,10.35,1217.33,4.7,7.29,37.61
2015-06-09 04:10:00,13752600.0,998.7,11.45,284.72,7.36,75.9,13.54,10.28,3.26,6.43,10.29,1217.65,5.29,7.37,40.09
2015-06-09 04:20:00,13753200.0,998.74,11.38,284.64,7.23,75.6,13.48,10.19,3.29,6.37,10.2,1218.03,5.37,9.41,35.44
2015-06-09 04:30:00,13753800.0,998.73,11.32,284.58,7.33,76.4,13.43,10.26,3.17,6.41,10.27,1218.25,4.87,7.33,33.43
2015-06-09 04:40:00,13754400.0,998.89,11.26,284.51,7.35,76.8,13.37,10.27,3.1,6.42,10.28,1218.69,3.72,6.37,35.44
2015-06-09 04:50:00,13755000.0,998.94,11.21,284.46,7.28,76.7,13.33,10.22,3.11,6.39,10.23,1218.99,4.58,6.45,38.93
2015-06-09 05:00:00,13755600.0,999.01,11.16,284.4,7.44,77.8,13.28,10.33,2.95,6.46,10.35,1219.24,4.11,7.29,35.87
2015-06-09 05:10:00,13756200.0,999.05,11.11,284.35,7.5,78.4,13.24,10.38,2.86,6.49,10.39,1219.49,4.81,7.57,34.14
2015-06-09 05:20:00,13756800.0,999.08,11.06,284.3,7.6,79.2,13.2,10.45,2.74,6.53,10.46,1219.7,3.9,5.37,31.96
2015-06-09 05:30:00,13757400.0,999.08,11.01,284.25,7.66,79.8,13.15,10.5,2.66,6.56,10.51,1219.89,4.82,7.17,33.17
2015-06-09 05:40:00,13758000.0,999.15,10.96,284.19,7.8,80.8,13.11,10.59,2.52,6.62,10.6,1220.15,4.74,6.85,38.18
2015-06-09 05:50:00,13758600.0,999.2,10.9,284.13,7.87,81.5,13.06,10.64,2.42,6.65,10.65,1220.44,4.26,6.69,44.26
2015-06-09 06:00:00,13759200.0,999.27,10.92,284.14,8.01,82.2,13.07,10.75,2.33,6.72,10.75,1220.4,2.56,4.0,44.72
2015-06-09 06:10:00,13759800.0,999.35,10.89,284.1,7.53,79.7,13.05,10.4,2.65,6.5,10.41,1220.79,4.01,5.37,28.69
2015-06-09 06:20:00,13760400.0,999.42,10.84,284.05,7.24,78.4,13.0,10.2,2.81,6.37,10.2,1221.18,4.77,6.69,23.47
2015-06-09 06:30:00,13761000.0,999.44,10.8,284.01,7.2,78.4,12.97,10.17,2.8,6.35,10.17,1221.39,4.29,6.29,27.49
2015-06-09 06:40:00,13761600.0,999.48,10.85,284.05,7.14,77.8,13.01,10.12,2.89,6.32,10.13,1221.24,4.25,6.05,38.19
2015-06-09 06:50:00,13762200.0,999.55,10.79,283.99,6.89,76.8,12.96,9.95,3.01,6.22,9.96,1221.67,4.59,5.85,41.06
2015-06-09 07:00:00,13762800.0,999.57,10.77,283.97,6.85,76.7,12.94,9.93,3.02,6.2,9.93,1221.79,3.92,5.69,47.28
2015-06-09 07:10:00,13763400.0,999.6,10.8,283.99,6.85,76.5,12.97,9.92,3.05,6.2,9.93,1221.7,2.64,4.16,28.88
2015-06-09 07:20:00,13764000.0,999.66,10.79,283.98,6.74,76.0,12.96,9.85,3.11,6.15,9.85,1221.86,3.29,4.89,26.26
2015-06-09 07:30:00,13764600.0,999.69,10.75,283.93,6.7,76.0,12.93,9.82,3.1,6.14,9.83,1222.08,2.8,4.16,23.68
2015-06-09 07:40:00,13765200.0,999.8,10.72,283.9,6.62,75.7,12.9,9.77,3.13,6.1,9.77,1222.36,3.6,5.41,26.61
2015-06-09 07:50:00,13765800.0,999.82,10.71,283.89,6.59,75.6,12.89,9.75,3.15,6.09,9.75,1222.44,3.4,4.85,28.86
2015-06-09 08:00:00,13766400.0,999.84,10.75,283.92,6.59,75.4,12.93,9.75,3.18,6.09,9.75,1222.3,3.26,4.69,25.04
2015-06-09 08:10:00,13767000.0,999.92,10.78,283.95,6.54,75.0,12.95,9.71,3.24,6.06,9.71,1222.28,3.65,5.17,29.52
2015-06-09 08:20:00,13767600.0,999.97,10.76,283.92,6.5,74.9,12.93,9.69,3.25,6.05,9.69,1222.44,3.96,5.33,29.18
2015-06-09 08:30:00,13768200.0,1000.01,10.71,283.87,6.45,74.9,12.89,9.66,3.24,6.03,9.66,1222.72,3.9,6.05,25.59
2015-06-09 08:40:00,13768800.0,1000.08,10.74,283.89,6.44,74.7,12.92,9.65,3.27,6.02,9.65,1222.67,4.23,6.09,24.32
2015-06-09 08:50:00,13769400.0,1000.07,10.73,283.88,6.36,74.3,12.91,9.59,3.32,5.99,9.59,1222.73,4.32,6.41,31.49
2015-06-09 09:00:00,13770000.0,1000.04,10.8,283.96,6.29,73.6,12.97,9.55,3.42,5.96,9.55,1222.41,4.61,6.49,27.64
2015-06-09 09:10:00,13770600.0,1000.05,10.9,284.06,6.26,73.0,13.06,9.53,3.53,5.95,9.53,1222.0,3.97,5.03,27.57
2015-06-09 09:20:00,13771200.0,1000.07,11.11,284.26,6.31,72.2,13.24,9.56,3.68,5.97,9.56,1221.11,3.7,5.77,30.28
2015-06-09 09:30:00,13771800.0,1000.08,11.33,284.48,6.32,71.2,13.43,9.57,3.87,5.97,9.56,1220.18,3.83,5.57,27.65
2015-06-09 09:40:00,13772400.0,1000.06,11.57,284.73,6.27,69.83,13.65,9.53,4.12,5.95,9.53,1219.14,4.32,6.69,33.13
2015-06-09 09:50:00,13773000.0,1000.03,12.01,285.17,6.19,67.46,14.05,9.48,4.57,5.92,9.48,1217.24,3.44,6.51,38.34
2015-06-09 10:00:00,13773600.0,999.98,12.2,285.36,6.03,65.9,14.23,9.38,4.85,5.85,9.38,1216.43,4.73,6.93,37.31
2015-06-09 10:10:00,13774200.0,999.95,12.42,285.58,5.92,64.44,14.44,9.3,5.13,5.81,9.3,1215.49,4.41,7.01,28.12
2015-06-09 10:20:00,13774800.0,1000.01,12.52,285.68,5.72,63.17,14.53,9.18,5.35,5.73,9.18,1215.18,4.82,7.09,33.06
2015-06-09 10:30:00,13775400.0,1000.05,12.6,285.76,5.26,60.83,14.61,8.89,5.72,5.55,8.89,1215.03,5.83,8.45,34.39
2015-06-09 10:40:00,13776000.0,1000.04,12.69,285.85,5.07,59.7,14.7,8.77,5.92,5.48,8.77,1214.69,5.08,7.85,46.75
2015-06-09 10:50:00,13776600.0,999.91,12.98,286.15,4.81,57.52,14.98,8.62,6.36,5.38,8.62,1213.38,6.24,9.25,40.41
2015-06-09 11:00:00,13777200.0,999.94,13.12,286.29,4.36,55.2,15.12,8.34,6.77,5.21,8.34,1212.94,6.98,9.77,41.22
2015-06-09 11:10:00,13777800.0,999.95,13.13,286.29,4.5,55.72,15.13,8.43,6.7,5.26,8.43,1212.87,6.37,9.41,41.17
2015-06-09 11:20:00,13778400.0,999.96,13.2,286.36,4.52,55.56,15.2,8.44,6.75,5.27,8.44,1212.58,6.1,9.53,36.11
2015-06-09 11:30:00,13779000.0,1000.0,13.28,286.44,4.62,55.66,15.28,8.5,6.77,5.31,8.5,1212.27,5.6,9.25,42.53
2015-06-09 11:40:00,13779600.0,1000.02,13.26,286.42,4.65,55.83,15.26,8.52,6.74,5.31,8.52,1212.37,5.49,7.77,34.44
2015-06-09 11:50:00,13780200.0,999.99,13.41,286.57,4.72,55.56,15.41,8.56,6.85,5.34,8.56,1211.68,4.5,6.85,34.91
2015-06-09 12:00:00,13780800.0,999.93,13.73,286.9,4.88,55.01,15.73,8.65,7.08,5.4,8.65,1210.21,5.49,7.85,39.19
2015-06-09 12:10:00,13781400.0,999.89,13.87,287.04,5.02,55.08,15.87,8.74,7.13,5.46,8.74,1209.53,5.22,7.73,39.07
2015-06-09 12:20:00,13782000.0,999.77,13.95,287.13,5.07,54.99,15.96,8.77,7.18,5.48,8.78,1209.03,5.19,7.81,42.87
2015-06-09 12:30:00,13782600.0,999.75,14.31,287.49,5.27,54.44,16.33,8.89,7.44,5.55,8.89,1207.44,4.61,6.45,40.06
2015-06-09 12:40:00,13783200.0,999.8,14.28,287.46,5.2,54.31,16.3,8.85,7.45,5.53,8.86,1207.64,3.96,6.79,43.86
2015-06-09 12:50:00,13783800.0,999.77,14.27,287.45,5.33,54.84,16.29,8.93,7.36,5.58,8.94,1207.62,3.56,5.79,37.22
2015-06-09 13:00:00,13784400.0,999.67,14.46,287.65,5.47,54.68,16.49,9.02,7.47,5.63,9.02,1206.66,3.37,5.25,32.91
2015-06-09 13:10:00,13785000.0,999.68,14.66,287.85,5.5,54.09,16.71,9.04,7.67,5.64,9.04,1205.82,3.81,5.85,38.21
2015-06-09 13:20:00,13785600.0,999.67,14.41,287.6,5.27,54.11,16.44,8.9,7.54,5.55,8.9,1206.92,4.5,6.53,32.05
2015-06-09 13:30:00,13786200.0,999.66,14.29,287.48,5.09,53.84,16.31,8.78,7.53,5.48,8.79,1207.46,4.73,7.45,27.9
2015-06-09 13:40:00,13786800.0,999.65,14.37,287.56,5.12,53.67,16.4,8.8,7.6,5.49,8.8,1207.11,4.57,7.53,34.62
2015-06-09 13:50:00,13787400.0,999.67,14.36,287.55,5.09,53.59,16.39,8.78,7.61,5.48,8.78,1207.18,4.61,6.35,35.25
2015-06-09 14:00:00,13788000.0,999.66,14.37,287.56,5.08,53.54,16.4,8.78,7.62,5.48,8.78,1207.13,4.42,6.65,33.52
2015-06-09 14:10:00,13788600.0,999.68,14.53,287.72,5.04,52.83,16.57,8.75,7.82,5.46,8.76,1206.49,4.32,5.73,44.68
2015-06-09 14:20:00,13789200.0,999.6,14.66,287.85,5.06,52.48,16.71,8.77,7.94,5.47,8.77,1205.85,3.58,6.01,43.32
2015-06-09 14:30:00,13789800.0,999.62,14.71,287.9,4.94,51.85,16.76,8.69,8.07,5.43,8.69,1205.7,4.56,6.41,32.74
2015-06-09 14:40:00,13790400.0,999.61,14.81,288.0,5.0,51.75,16.87,8.73,8.14,5.45,8.73,1205.25,4.09,7.17,32.58
2015-06-09 14:50:00,13791000.0,999.61,14.89,288.08,5.03,51.59,16.96,8.75,8.21,5.46,8.75,1204.91,4.7,6.89,42.51
2015-06-09 15:00:00,13791600.0,999.57,14.84,288.04,5.12,52.06,16.9,8.8,8.1,5.49,8.8,1205.04,4.35,6.21,45.1
2015-06-09 15:10:00,13792200.0,999.53,14.87,288.07,5.17,52.17,16.94,8.84,8.1,5.52,8.84,1204.85,4.14,6.57,38.56
2015-06-09 15:20:00,13792800.0,999.47,15.1,288.3,5.34,52.02,17.19,8.94,8.25,5.58,8.95,1203.77,3.49,6.13,40.92
2015-06-09 15:30:00,13793400.0,999.42,15.11,288.32,5.24,51.62,17.2,8.88,8.32,5.54,8.88,1203.69,3.53,5.69,28.59
2015-06-09 15:40:00,13794000.0,999.34,15.3,288.51,5.42,51.63,17.41,8.99,8.42,5.61,9.0,1202.75,3.5,6.65,32.93
2015-06-09 15:50:00,13794600.0,999.33,15.36,288.58,5.33,51.1,17.48,8.93,8.55,5.58,8.94,1202.52,4.3,5.93,35.95
2015-06-09 16:00:00,13795200.0,999.28,15.45,288.67,5.43,51.15,17.58,8.99,8.59,5.62,9.0,1202.06,4.48,7.09,41.0
2015-06-09 16:10:00,13795800.0,999.22,15.49,288.71,5.48,51.21,17.62,9.03,8.6,5.64,9.03,1201.8,4.1,6.37,49.48
2015-06-09 16:20:00,13796400.0,999.2,15.36,288.59,5.79,52.76,17.48,9.22,8.26,5.76,9.23,1202.23,3.66,5.25,74.1
2015-06-09 16:30:00,13797000.0,999.18,15.19,288.42,5.72,53.09,17.29,9.18,8.11,5.73,9.19,1202.94,3.3,5.41,70.2
2015-06-09 16:40:00,13797600.0,999.13,15.06,288.29,5.69,53.42,17.14,9.16,7.99,5.72,9.17,1203.43,3.24,5.25,63.84
2015-06-09 16:50:00,13798200.0,999.1,15.1,288.33,5.67,53.23,17.19,9.15,8.04,5.72,9.16,1203.22,3.45,5.57,68.7
2015-06-09 17:00:00,13798800.0,999.07,14.99,288.23,5.72,53.78,17.07,9.18,7.89,5.73,9.19,1203.63,2.54,3.8,63.41
2015-06-09 17:10:00,13799400.0,999.11,15.04,288.27,5.86,54.12,17.12,9.27,7.86,5.79,9.27,1203.43,3.28,4.4,55.14
2015-06-09 17:20:00,13800000.0,999.11,15.03,288.26,6.0,54.7,17.11,9.36,7.75,5.85,9.37,1203.43,2.7,4.53,62.4
2015-06-09 17:30:00,13800600.0,999.09,15.02,288.25,5.97,54.63,17.1,9.34,7.76,5.84,9.35,1203.47,2.95,4.69,65.39
2015-06-09 17:40:00,13801200.0,999.16,15.07,288.3,6.04,54.69,17.16,9.38,7.77,5.86,9.39,1203.32,2.83,4.51,56.89
2015-06-09 17:50:00,13801800.0,999.22,15.05,288.27,5.98,54.53,17.13,9.34,7.79,5.84,9.35,1203.5,2.94,4.08,66.52
2015-06-09 18:00:00,13802400.0,999.28,15.04,288.26,6.13,55.14,17.12,9.44,7.68,5.9,9.45,1203.56,2.52,4.48,61.35
2015-06-09 18:10:00,13803000.0,999.28,15.04,288.26,6.28,55.73,17.12,9.54,7.58,5.96,9.55,1203.52,3.29,4.77,61.81
2015-06-09 18:20:00,13803600.0,999.28,14.9,288.12,6.39,56.65,16.97,9.61,7.36,6.01,9.62,1204.06,3.16,4.53,77.9
2015-06-09 18:30:00,13804200.0,999.32,14.76,287.98,6.27,56.71,16.82,9.54,7.28,5.96,9.54,1204.74,3.5,5.37,67.85
2015-06-09 18:40:00,13804800.0,999.4,14.71,287.92,5.97,55.71,16.76,9.34,7.42,5.83,9.34,1205.14,2.92,4.12,64.78
2015-06-09 18:50:00,13805400.0,999.43,14.72,287.93,6.2,56.58,16.77,9.49,7.28,5.93,9.5,1205.06,2.3,3.76,54.55
2015-06-09 19:00:00,13806000.0,999.53,14.6,287.8,6.48,58.13,16.64,9.67,6.97,6.04,9.68,1205.6,2.42,3.76,71.0
2015-06-09 19:10:00,13806600.0,999.58,14.48,287.67,6.99,60.69,16.51,10.02,6.49,6.26,10.03,1206.0,2.3,4.06,67.44
2015-06-09 19:20:00,13807200.0,999.68,14.37,287.56,7.34,62.59,16.4,10.26,6.13,6.41,10.27,1206.47,2.28,4.81,63.97
2015-06-09 19:30:00,13807800.0,999.69,14.33,287.52,7.46,63.28,16.35,10.35,6.01,6.46,10.35,1206.61,2.51,3.78,55.9
2015-06-09 19:40:00,13808400.0,999.74,14.27,287.45,7.65,64.36,16.29,10.49,5.81,6.55,10.49,1206.86,2.2,3.46,52.79
2015-06-09 19:50:00,13809000.0,999.87,14.22,287.39,7.87,65.54,16.24,10.64,5.6,6.65,10.64,1207.15,1.98,2.92,62.63
2015-06-09 20:00:00,13809600.0,999.94,14.08,287.24,8.02,66.83,16.09,10.75,5.34,6.72,10.75,1207.79,2.05,3.4,63.09
2015-06-09 20:10:00,13810200.0,1000.02,13.89,287.05,8.14,68.19,15.89,10.84,5.06,6.77,10.84,1208.64,2.58,4.57,68.33
2015-06-09 20:20:00,13810800.0,1000.04,13.76,286.92,8.27,69.38,15.76,10.93,4.83,6.83,10.93,1209.17,1.88,3.32,63.34
2015-06-09 20:30:00,13811400.0,1000.06,13.68,286.84,8.3,69.9,15.68,10.96,4.72,6.84,10.96,1209.52,1.67,2.8,65.28
2015-06-09 20:40:00,13812000.0,1000.08,13.56,286.71,8.31,70.5,15.56,10.97,4.59,6.85,10.97,1210.04,1.87,2.92,73.1
2015-06-09 20:50:00,13812600.0,1000.24,13.52,286.66,8.42,71.2,15.52,11.05,4.47,6.9,11.05,1210.37,1.62,2.14,73.3
2015-06-09 21:00:00,13813200.0,1000.3,13.46,286.6,8.42,71.5,15.46,11.05,4.4,6.9,11.05,1210.69,1.91,3.24,57.07
2015-06-09 21:10:00,13813800.0,1000.35,13.35,286.48,8.34,71.6,15.35,10.99,4.36,6.86,10.98,1211.25,2.87,4.04,62.32
2015-06-09 21:20:00,13814400.0,1000.31,13.26,286.39,8.33,72.0,15.26,10.98,4.27,6.86,10.98,1211.59,2.87,4.04,58.06
2015-06-09 21:30:00,13815000.0,1000.29,13.2,286.34,8.36,72.4,15.2,11.0,4.19,6.87,11.0,1211.8,1.84,3.3,52.65
2015-06-09 21:40:00,13815600.0,1000.32,13.12,286.25,8.32,72.6,15.12,10.97,4.14,6.85,10.97,1212.2,2.47,3.56,47.06
2015-06-09 21:50:00,13816200.0,1000.44,13.01,286.13,8.23,72.7,15.01,10.91,4.1,6.81,10.91,1212.83,2.85,3.68,54.22
2015-06-09 22:00:00,13816800.0,1000.42,12.96,286.09,8.23,72.9,14.96,10.91,4.05,6.81,10.9,1213.03,2.2,3.0,64.47
2015-06-09 22:10:00,13817400.0,1000.4,12.93,286.06,8.28,73.3,14.93,10.94,3.99,6.83,10.94,1213.11,1.25,2.26,69.04
2015-06-09 22:20:00,13818000.0,1000.41,12.9,286.03,8.31,73.6,14.9,10.97,3.93,6.85,10.96,1213.23,1.48,2.36,48.92
2015-06-09 22:30:00,13818600.0,1000.42,12.83,285.96,8.36,74.2,14.83,11.01,3.83,6.87,11.0,1213.53,1.79,2.48,47.28
2015-06-09 22:40:00,13819200.0,1000.45,12.77,285.89,8.42,74.8,14.77,11.05,3.72,6.9,11.05,1213.8,1.88,3.0,52.86
2015-06-09 22:50:00,13819800.0,1000.48,12.7,285.82,8.45,75.3,14.71,11.07,3.63,6.91,11.07,1214.12,1.79,2.96,55.06
2015-06-09 23:00:00,13820400.0,1000.52,12.57,285.69,8.5,76.2,14.58,11.11,3.47,6.94,11.11,1214.7,1.88,3.08,50.62
2015-06-09 23:10:00,13821000.0,1000.53,12.45,285.57,8.58,77.2,14.47,11.17,3.3,6.97,11.16,1215.21,2.48,3.2,48.24
2015-06-09 23:20:00,13821600.0,1000.5,12.35,285.47,8.61,77.9,14.37,11.2,3.18,6.99,11.19,1215.58,2.24,3.04,47.04
2015-06-09 23:30:00,13822200.0,1000.41,12.25,285.38,8.69,78.8,14.28,11.25,3.03,7.02,11.25,1215.87,1.77,2.56,49.19
2015-06-09 23:40:00,13822800.0,1000.42,12.19,285.32,8.7,79.2,14.22,11.26,2.96,7.03,11.26,1216.13,1.52,3.0,54.55
2015-06-09 23:50:00,13823400.0,1000.42,12.07,285.2,8.75,80.1,14.11,11.3,2.81,7.06,11.3,1216.62,2.17,2.92,47.48
2015-06-10 00:00:00,13824000.0,1000.39,12.06,285.19,8.78,80.3,14.1,11.32,2.78,7.07,11.32,1216.62,1.35,2.16,50.89
2015-06-10 00:10:00,13824600.0,1000.29,12.02,285.16,8.79,80.6,14.06,11.33,2.73,7.08,11.33,1216.67,1.52,2.76,43.43
2015-06-10 00:20:00,13825200.0,1000.33,11.92,285.05,8.82,81.3,13.97,11.36,2.61,7.09,11.35,1217.13,2.05,2.72,43.26
2015-06-10 00:30:00,13825800.0,1000.29,11.83,284.97,8.83,81.8,13.89,11.36,2.53,7.09,11.36,1217.46,1.51,2.16,34.99
2015-06-10 00:40:00,13826400.0,1000.22,11.8,284.94,8.85,82.1,13.86,11.38,2.48,7.11,11.38,1217.49,1.67,2.36,44.64
2015-06-10 00:50:00,13827000.0,1000.17,11.76,284.91,8.87,82.4,13.82,11.39,2.43,7.11,11.39,1217.6,1.77,2.56,49.58
2015-06-10 01:00:00,13827600.0,1000.13,11.72,284.87,8.9,82.8,13.79,11.42,2.37,7.13,11.41,1217.71,1.25,1.68,40.38
2015-06-10 01:10:00,13828200.0,1000.11,11.65,284.8,8.92,83.3,13.72,11.43,2.29,7.14,11.43,1217.99,1.93,2.52,40.95
2015-06-10 01:20:00,13828800.0,1000.08,11.64,284.79,8.93,83.4,13.71,11.44,2.28,7.14,11.44,1217.98,1.8,2.36,42.08
2015-06-10 01:30:00,13829400.0,1000.03,11.63,284.79,8.94,83.5,13.7,11.44,2.26,7.15,11.44,1217.96,2.19,2.92,43.29
2015-06-10 01:40:00,13830000.0,1000.01,11.6,284.76,8.99,84.0,13.68,11.49,2.19,7.18,11.49,1218.04,2.25,2.86,37.23
2015-06-10 01:50:00,13830600.0,999.99,11.53,284.69,8.98,84.3,13.61,11.48,2.14,7.17,11.48,1218.32,2.96,4.04,24.95
2015-06-10 02:00:00,13831200.0,999.9,11.45,284.62,8.99,84.8,13.54,11.48,2.06,7.17,11.48,1218.55,3.3,4.48,40.22
2015-06-10 02:10:00,13831800.0,999.82,11.4,284.57,9.01,85.2,13.5,11.5,2.0,7.19,11.5,1218.67,3.08,4.08,35.28
2015-06-10 02:20:00,13832400.0,999.72,11.36,284.54,9.0,85.4,13.46,11.5,1.97,7.18,11.5,1218.71,2.96,4.04,39.43
2015-06-10 02:30:00,13833000.0,999.83,11.24,284.41,9.02,86.2,13.35,11.51,1.84,7.19,11.51,1219.35,2.63,3.64,39.06
2015-06-10 02:40:00,13833600.0,999.89,11.2,284.37,8.98,86.2,13.32,11.48,1.84,7.17,11.48,1219.62,2.47,3.76,32.42
2015-06-10 02:50:00,13834200.0,999.9,11.21,284.38,9.01,86.3,13.33,11.5,1.83,7.19,11.5,1219.58,2.07,3.68,32.27
2015-06-10 03:00:00,13834800.0,999.9,11.26,284.43,9.03,86.1,13.37,11.51,1.86,7.19,11.51,1219.36,2.3,3.64,42.21
2015-06-10 03:10:00,13835400.0,999.85,11.26,284.43,9.04,86.2,13.37,11.53,1.85,7.2,11.53,1219.28,2.73,3.76,41.76
2015-06-10 03:20:00,13836000.0,999.86,11.26,284.43,9.06,86.3,13.37,11.54,1.83,7.21,11.54,1219.29,2.2,3.06,22.2
2015-06-10 03:30:00,13836600.0,999.66,11.26,284.45,9.08,86.4,13.37,11.55,1.82,7.22,11.56,1219.05,2.76,3.96,26.49
2015-06-10 03:40:00,13837200.0,999.67,11.26,284.45,9.08,86.4,13.37,11.55,1.82,7.22,11.56,1219.05,2.32,3.7,26.08
2015-06-10 03:50:00,13837800.0,999.58,11.26,284.45,9.11,86.6,13.37,11.58,1.79,7.24,11.59,1218.93,2.71,4.12,21.87
2015-06-10 04:00:00,13838400.0,999.56,11.26,284.46,9.15,86.8,13.37,11.61,1.77,7.25,11.61,1218.89,2.88,3.96,25.79
2015-06-10 04:10:00,13839000.0,999.45,11.26,284.46,9.15,86.8,13.37,11.61,1.77,7.26,11.61,1218.76,3.86,5.21,25.11
2015-06-10 04:20:00,13839600.0,999.48,11.26,284.46,9.18,87.0,13.37,11.63,1.74,7.27,11.64,1218.78,4.03,5.59,23.27
2015-06-10 04:30:00,13840200.0,999.51,11.3,284.5,9.24,87.1,13.41,11.68,1.73,7.3,11.68,1218.63,2.89,4.24,34.47
2015-06-10 04:40:00,13840800.0,999.59,11.33,284.52,9.27,87.1,13.43,11.7,1.73,7.31,11.71,1218.59,2.68,3.52,36.85
2015-06-10 04:50:00,13841400.0,999.67,11.29,284.48,9.26,87.3,13.4,11.7,1.7,7.31,11.7,1218.87,3.21,4.69,34.82
2015-06-10 05:00:00,13842000.0,999.68,11.33,284.52,9.33,87.5,13.43,11.76,1.68,7.35,11.76,1218.68,2.88,4.61,34.34
2015-06-10 05:10:00,13842600.0,999.72,11.34,284.52,9.33,87.4,13.44,11.75,1.69,7.34,11.75,1218.69,3.16,4.57,36.97
2015-06-10 05:20:00,13843200.0,999.8,11.4,284.58,9.32,87.0,13.5,11.74,1.75,7.34,11.74,1218.53,3.17,4.97,39.8
2015-06-10 05:30:00,13843800.0,999.78,11.46,284.64,9.34,86.8,13.55,11.76,1.79,7.35,11.76,1218.24,2.58,4.12,39.54
2015-06-10 05:40:00,13844400.0,999.72,11.53,284.71,9.29,86.1,13.61,11.72,1.89,7.33,11.73,1217.88,3.22,5.69,38.24
2015-06-10 05:50:00,13845000.0,999.73,11.57,284.75,9.28,85.8,13.65,11.71,1.94,7.32,11.72,1217.73,2.85,4.67,41.88
2015-06-10 06:00:00,13845600.0,999.65,11.6,284.79,9.26,85.5,13.68,11.69,1.98,7.31,11.7,1217.52,3.12,4.16,40.39
2015-06-10 06:10:00,13846200.0,999.69,11.64,284.83,9.26,85.3,13.71,11.7,2.02,7.31,11.7,1217.39,3.29,4.04,42.75
2015-06-10 06:20:00,13846800.0,999.79,11.74,284.92,9.34,85.2,13.8,11.76,2.04,7.35,11.76,1217.06,2.3,3.64,46.57
2015-06-10 06:30:00,13847400.0,999.74,11.8,284.98,9.31,84.7,13.86,11.74,2.12,7.34,11.74,1216.74,2.92,4.06,44.29
2015-06-10 06:40:00,13848000.0,999.7,11.88,285.06,9.29,84.1,13.93,11.72,2.22,7.32,11.72,1216.36,2.72,4.51,55.51
2015-06-10 06:50:00,13848600.0,999.78,12.05,285.23,9.19,82.6,14.09,11.64,2.45,7.27,11.64,1215.78,3.08,5.67,71.6
2015-06-10 07:00:00,13849200.0,999.8,12.07,285.25,8.95,81.2,14.11,11.46,2.65,7.16,11.46,1215.8,3.51,5.29,62.66
2015-06-10 07:10:00,13849800.0,999.83,12.15,285.32,9.01,81.1,14.18,11.5,2.68,7.19,11.5,1215.48,3.03,4.57,72.7
2015-06-10 07:20:00,13850400.0,999.9,12.14,285.31,8.95,80.8,14.17,11.45,2.72,7.16,11.45,1215.63,3.69,4.65,70.2
2015-06-10 07:30:00,13851000.0,999.93,12.24,285.41,9.01,80.6,14.27,11.5,2.77,7.18,11.5,1215.21,2.68,3.98,75.8
2015-06-10 07:40:00,13851600.0,999.95,12.38,285.54,9.02,79.9,14.4,11.51,2.89,7.19,11.51,1214.63,2.56,4.61,78.3
2015-06-10 07:50:00,13852200.0,1000.0,12.4,285.56,8.87,79.0,14.42,11.39,3.03,7.12,11.39,1214.67,3.51,5.09,77.3
2015-06-10 08:00:00,13852800.0,999.96,12.46,285.62,8.55,77.0,14.48,11.15,3.33,6.96,11.15,1214.48,4.48,6.17,55.04
2015-06-10 08:10:00,13853400.0,999.99,12.58,285.74,8.39,75.6,14.59,11.03,3.56,6.89,11.03,1214.05,3.74,5.77,60.57
2015-06-10 08:20:00,13854000.0,1000.06,12.74,285.89,8.43,75.0,14.74,11.06,3.69,6.91,11.06,1213.45,3.07,5.09,70.2
2015-06-10 08:30:00,13854600.0,1000.03,13.12,286.28,8.7,74.5,15.12,11.26,3.85,7.03,11.26,1211.7,2.25,3.6,74.3
2015-06-10 08:40:00,13855200.0,1000.06,13.3,286.46,8.49,72.6,15.3,11.1,4.19,6.94,11.1,1211.05,3.14,4.89,60.24
2015-06-10 08:50:00,13855800.0,1000.13,13.25,286.4,8.36,72.2,15.25,11.01,4.24,6.87,11.01,1211.4,3.9,6.31,50.29
2015-06-10 09:00:00,13856400.0,1000.21,13.25,286.39,8.32,72.0,15.25,10.98,4.27,6.85,10.97,1211.51,3.14,5.29,69.96
2015-06-10 09:10:00,13857000.0,1000.25,13.46,286.6,8.36,71.2,15.46,11.0,4.45,6.87,11.0,1210.66,3.63,6.25,52.03
2015-06-10 09:20:00,13857600.0,1000.21,13.73,286.87,8.36,69.97,15.73,11.01,4.72,6.87,11.0,1209.46,3.08,5.41,66.1
2015-06-10 09:30:00,13858200.0,1000.17,14.01,287.16,8.26,68.22,16.02,10.93,5.09,6.82,10.93,1208.28,4.08,5.65,66.49
2015-06-10 09:40:00,13858800.0,1000.16,14.13,287.28,8.35,68.1,16.14,10.99,5.15,6.87,10.99,1207.73,3.56,5.69,66.02
2015-06-10 09:50:00,13859400.0,1000.18,14.37,287.52,8.33,66.96,16.4,10.98,5.42,6.86,10.98,1206.75,3.78,5.41,72.0
2015-06-10 10:00:00,13860000.0,1000.15,14.81,287.96,8.53,65.99,16.87,11.13,5.74,6.95,11.13,1204.8,2.76,5.49,75.7
2015-06-10 10:10:00,13860600.0,1000.04,15.35,288.51,8.67,64.33,17.47,11.24,6.23,7.02,11.24,1202.36,2.93,5.05,58.49
2015-06-10 10:20:00,13861200.0,1000.03,15.34,288.5,8.6,64.1,17.46,11.19,6.27,6.99,11.19,1202.41,3.39,5.91,46.83
2015-06-10 10:30:00,13861800.0,1000.03,15.61,288.77,7.99,60.4,17.76,10.73,7.03,6.7,10.73,1201.51,4.34,8.25,68.58
2015-06-10 10:40:00,13862400.0,1000.04,15.73,288.89,7.89,59.53,17.9,10.65,7.24,6.65,10.65,1201.05,3.13,6.85,95.1
2015-06-10 10:50:00,13863000.0,1000.02,16.11,289.27,7.9,58.17,18.34,10.67,7.67,6.66,10.67,1199.44,4.08,6.37,80.2
2015-06-10 11:00:00,13863600.0,999.94,16.3,289.46,7.69,56.65,18.56,10.52,8.05,6.57,10.52,1198.63,4.56,6.89,72.5
2015-06-10 11:10:00,13864200.0,999.9,16.47,289.64,7.51,55.35,18.76,10.39,8.38,6.49,10.39,1197.93,4.33,7.29,68.6
2015-06-10 11:20:00,13864800.0,999.84,16.65,289.82,7.46,54.52,18.98,10.35,8.63,6.46,10.35,1197.13,4.4,6.85,67.3
2015-06-10 11:30:00,13865400.0,999.66,16.74,289.93,7.25,53.44,19.09,10.2,8.89,6.37,10.2,1196.61,5.24,7.61,70.7
2015-06-10 11:40:00,13866000.0,999.58,17.15,290.35,7.25,52.07,19.59,10.2,9.39,6.37,10.21,1194.83,4.08,8.13,65.16
2015-06-10 11:50:00,13866600.0,999.46,17.48,290.69,7.4,51.53,20.01,10.31,9.7,6.44,10.31,1193.28,4.4,7.85,87.2
2015-06-10 12:00:00,13867200.0,999.42,17.69,290.9,7.28,50.43,20.27,10.22,10.05,6.39,10.23,1192.41,4.52,7.61,73.6
2015-06-10 12:10:00,13867800.0,999.35,17.75,290.96,7.02,49.33,20.35,10.04,10.31,6.27,10.04,1192.16,4.61,7.81,64.44
2015-06-10 12:20:00,13868400.0,999.28,18.1,291.32,7.48,49.82,20.8,10.36,10.44,6.48,10.37,1190.5,4.23,8.17,66.64
2015-06-10 12:30:00,13869000.0,999.29,17.84,291.06,7.22,49.73,20.46,10.18,10.29,6.36,10.18,1191.66,4.16,6.61,77.7
2015-06-10 12:40:00,13869600.0,999.19,17.85,291.08,7.02,49.03,20.48,10.04,10.44,6.27,10.05,1191.56,5.52,8.73,63.23
2015-06-10 12:50:00,13870200.0,999.06,18.06,291.3,7.1,48.67,20.75,10.1,10.65,6.31,10.11,1190.52,4.55,6.93,76.1
2015-06-10 13:00:00,13870800.0,999.03,18.24,291.48,7.14,48.24,20.99,10.12,10.86,6.33,10.13,1189.74,5.72,8.73,59.31
2015-06-10 13:10:00,13871400.0,998.9,18.28,291.53,7.15,48.16,21.04,10.13,10.91,6.33,10.14,1189.41,5.34,8.65,41.55
2015-06-10 13:20:00,13872000.0,998.81,18.19,291.45,7.28,48.85,20.92,10.22,10.7,6.39,10.23,1189.64,5.0,9.17,56.41
2015-06-10 13:30:00,13872600.0,998.82,18.08,291.34,7.38,49.53,20.78,10.29,10.49,6.43,10.3,1190.06,4.26,6.44,68.15
2015-06-10 13:40:00,13873200.0,998.76,18.35,291.61,7.77,50.01,21.13,10.57,10.56,6.61,10.58,1188.76,4.51,7.4,76.7
2015-06-10 13:50:00,13873800.0,998.75,18.33,291.59,7.76,50.05,21.11,10.56,10.54,6.6,10.58,1188.84,3.8,6.2,52.67
2015-06-10 14:00:00,13874400.0,998.67,18.48,291.75,7.82,49.8,21.3,10.61,10.69,6.63,10.62,1188.1,3.89,7.12,79.6
2015-06-10 14:10:00,13875000.0,998.56,18.66,291.94,7.78,49.08,21.55,10.57,10.97,6.61,10.59,1187.26,4.48,6.77,65.65
2015-06-10 14:20:00,13875600.0,998.49,18.52,291.81,7.79,49.55,21.36,10.58,10.78,6.62,10.6,1187.75,3.44,6.68,76.9
2015-06-10 14:30:00,13876200.0,998.45,18.8,292.09,7.93,49.18,21.74,10.69,11.05,6.69,10.71,1186.51,4.55,7.53,69.98
2015-06-10 14:40:00,13876800.0,998.31,18.87,292.17,7.87,48.76,21.83,10.64,11.19,6.66,10.66,1186.08,3.21,7.12,83.7
2015-06-10 14:50:00,13877400.0,998.17,19.17,292.48,8.09,48.56,22.24,10.8,11.44,6.76,10.82,1184.62,3.35,6.62,64.89
2015-06-10 15:00:00,13878000.0,998.0,19.06,292.39,8.15,49.11,22.09,10.85,11.24,6.79,10.87,1184.84,5.32,7.36,54.49
2015-06-10 15:10:00,13878600.0,997.99,19.41,292.74,8.21,48.25,22.58,10.89,11.68,6.82,10.92,1183.39,3.07,5.42,97.0
2015-06-10 15:20:00,13879200.0,997.91,19.38,292.71,8.2,48.29,22.54,10.88,11.65,6.81,10.91,1183.43,3.7,6.56,75.0
2015-06-10 15:30:00,13879800.0,997.83,19.48,292.82,8.24,48.13,22.68,10.91,11.76,6.83,10.94,1182.92,3.92,6.44,64.94
2015-06-10 15:40:00,13880400.0,997.84,19.81,293.15,8.3,47.36,23.15,10.96,12.18,6.86,10.99,1181.57,3.06,5.88,80.1
2015-06-10 15:50:00,13881000.0,997.89,19.56,292.9,8.33,48.19,22.79,10.98,11.81,6.87,11.01,1182.63,3.53,6.24,60.69
2015-06-10 16:00:00,13881600.0,997.85,19.63,292.97,8.23,47.65,22.89,10.91,11.98,6.83,10.93,1182.33,5.03,6.77,62.83
2015-06-10 16:10:00,13882200.0,997.76,19.24,292.59,8.01,48.1,22.34,10.75,11.59,6.73,10.77,1183.87,3.49,5.8,56.96
2015-06-10 16:20:00,13882800.0,997.58,19.64,293.0,8.17,47.43,22.9,10.86,12.04,6.8,10.89,1181.99,4.42,6.81,50.54
2015-06-10 16:30:00,13883400.0,997.53,19.49,292.86,7.96,47.19,22.69,10.71,11.98,6.7,10.73,1182.6,4.68,6.87,61.87
2015-06-10 16:40:00,13884000.0,997.41,19.77,293.15,8.09,46.81,23.09,10.81,12.28,6.77,10.84,1181.28,3.75,5.46,81.3
2015-06-10 16:50:00,13884600.0,997.3,19.77,293.16,8.01,46.54,23.09,10.75,12.34,6.73,10.77,1181.19,3.86,6.44,71.8
2015-06-10 17:00:00,13885200.0,997.15,19.93,293.33,7.96,45.94,23.32,10.71,12.61,6.71,10.74,1180.38,2.8,6.0,67.93
2015-06-10 17:10:00,13885800.0,997.07,20.08,293.49,7.99,45.58,23.54,10.73,12.81,6.72,10.76,1179.67,3.07,5.22,72.2
2015-06-10 17:20:00,13886400.0,996.98,20.2,293.61,7.87,44.9,23.71,10.65,13.07,6.67,10.68,1179.11,4.32,6.28,50.96
2015-06-10 17:30:00,13887000.0,996.96,20.04,293.46,8.0,45.73,23.48,10.74,12.74,6.73,10.77,1179.7,4.14,6.24,66.19
2015-06-10 17:40:00,13887600.0,996.93,19.89,293.31,7.54,44.74,23.26,10.41,12.85,6.52,10.44,1180.41,4.19,6.97,69.48
2015-06-10 17:50:00,13888200.0,996.84,20.02,293.45,7.93,45.59,23.45,10.69,12.76,6.7,10.72,1179.66,3.47,5.28,69.25
2015-06-10 18:00:00,13888800.0,996.78,19.96,293.39,8.08,46.22,23.36,10.8,12.56,6.77,10.83,1179.78,4.1,6.36,64.15
2015-06-10 18:10:00,13889400.0,996.73,19.71,293.14,7.88,46.31,23.0,10.65,12.35,6.67,10.69,1180.79,3.88,6.54,76.8
2015-06-10 18:20:00,13890000.0,996.7,19.76,293.2,8.08,46.8,23.07,10.8,12.28,6.77,10.83,1180.48,4.39,6.48,60.78
2015-06-10 18:30:00,13890600.0,996.72,19.72,293.16,8.13,47.06,23.02,10.83,12.19,6.79,10.87,1180.66,3.76,5.92,64.12
2015-06-10 18:40:00,13891200.0,996.71,19.62,293.06,7.92,46.69,22.87,10.68,12.19,6.69,10.72,1181.12,3.78,5.84,68.25
2015-06-10 18:50:00,13891800.0,996.64,19.55,292.99,7.94,46.96,22.78,10.7,12.08,6.7,10.73,1181.31,3.9,5.96,63.68
2015-06-10 19:00:00,13892400.0,996.59,19.34,292.79,8.0,47.77,22.48,10.74,11.74,6.73,10.78,1182.08,3.09,5.4,60.16
2015-06-10 19:10:00,13893000.0,996.6,19.0,292.44,7.77,48.03,22.01,10.57,11.44,6.62,10.61,1183.54,3.95,6.24,64.97
2015-06-10 19:20:00,13893600.0,996.61,18.8,292.24,7.87,48.97,21.74,10.64,11.09,6.67,10.68,1184.33,3.28,5.12,64.02
2015-06-10 19:30:00,13894200.0,996.63,18.7,292.14,7.89,49.35,21.6,10.66,10.94,6.68,10.7,1184.76,3.57,5.0,54.92
2015-06-10 19:40:00,13894800.0,996.64,18.62,292.06,7.93,49.73,21.49,10.69,10.8,6.7,10.72,1185.07,3.24,4.48,67.62
2015-06-10 19:50:00,13895400.0,996.62,18.52,291.96,8.04,50.43,21.36,10.77,10.59,6.75,10.81,1185.42,2.58,3.84,65.12
2015-06-10 20:00:00,13896000.0,996.72,18.33,291.76,8.11,51.27,21.11,10.82,10.28,6.78,10.86,1186.29,2.2,3.32,77.2
2015-06-10 20:10:00,13896600.0,996.75,18.22,291.65,8.11,51.61,20.96,10.82,10.14,6.78,10.85,1186.77,2.06,3.4,83.4
2015-06-10 20:20:00,13897200.0,996.82,18.02,291.45,8.16,52.45,20.7,10.86,9.84,6.8,10.89,1187.65,1.37,2.14,92.5
2015-06-10 20:30:00,13897800.0,996.92,17.84,291.26,8.22,53.27,20.46,10.9,9.56,6.83,10.94,1188.49,1.36,2.8,94.1
2015-06-10 20:40:00,13898400.0,997.02,17.61,291.02,8.15,53.8,20.17,10.85,9.32,6.8,10.88,1189.58,1.4,1.96,80.6
2015-06-10 20:50:00,13899000.0,997.17,17.27,290.67,8.2,55.13,19.74,10.88,8.86,6.82,10.91,1191.13,0.73,1.72,62.66
2015-06-10 21:00:00,13899600.0,997.28,16.92,290.31,8.18,56.3,19.31,10.87,8.44,6.81,10.9,1192.72,1.36,1.92,32.16
2015-06-10 21:10:00,13900200.0,997.39,16.81,290.19,8.17,56.66,19.17,10.86,8.31,6.8,10.89,1193.3,1.26,2.2,11.03
2015-06-10 21:20:00,13900800.0,997.42,16.61,289.98,8.14,57.27,18.93,10.84,8.09,6.79,10.87,1194.17,0.99,2.12,10.04
2015-06-10 21:30:00,13901400.0,997.5,16.39,289.76,8.12,57.99,18.67,10.83,7.84,6.78,10.85,1195.18,1.11,1.74,1.72
2015-06-10 21:40:00,13902000.0,997.56,16.29,289.65,8.12,58.38,18.55,10.83,7.72,6.78,10.86,1195.66,1.3,1.76,352.5
2015-06-10 21:50:00,13902600.0,997.55,16.0,289.36,8.12,59.47,18.21,10.83,7.38,6.78,10.86,1196.85,0.97,1.68,7.01
2015-06-10 22:00:00,13903200.0,997.57,15.61,288.97,8.18,61.21,17.76,10.87,6.89,6.81,10.9,1198.47,0.34,1.24,71.0
2015-06-10 22:10:00,13903800.0,997.58,15.24,288.6,8.15,62.57,17.34,10.85,6.49,6.79,10.88,1200.03,0.36,0.68,60.51
2015-06-10 22:20:00,13904400.0,997.63,15.07,288.43,8.2,63.47,17.16,10.89,6.27,6.82,10.91,1200.78,0.34,0.64,109.9
2015-06-10 22:30:00,13905000.0,997.6,14.8,288.16,8.15,64.36,16.86,10.85,6.01,6.79,10.88,1201.89,0.25,0.5,262.7
2015-06-10 22:40:00,13905600.0,997.6,14.77,288.13,8.1,64.26,16.83,10.81,6.01,6.77,10.84,1202.03,0.22,0.56,274.4
2015-06-10 22:50:00,13906200.0,997.65,14.67,288.02,8.17,64.97,16.72,10.86,5.86,6.8,10.89,1202.48,0.64,0.92,56.71
2015-06-10 23:00:00,13906800.0,997.71,14.33,287.68,8.18,66.48,16.35,10.87,5.48,6.81,10.9,1203.98,0.77,2.12,46.72
2015-06-10 23:10:00,13907400.0,997.71,14.23,287.58,8.16,66.79,16.25,10.85,5.4,6.79,10.88,1204.41,0.86,1.32,21.9
2015-06-10 23:20:00,13908000.0,997.71,13.98,287.33,8.14,67.81,15.99,10.84,5.15,6.79,10.87,1205.45,0.51,1.2,115.7
2015-06-10 23:30:00,13908600.0,997.66,13.89,287.24,8.14,68.23,15.89,10.84,5.05,6.79,10.87,1205.77,0.3,0.6,336.4
2015-06-10 23:40:00,13909200.0,997.59,14.01,287.37,8.18,67.87,16.02,10.87,5.15,6.81,10.9,1205.17,0.33,0.64,38.81
2015-06-10 23:50:00,13909800.0,997.58,13.74,287.1,8.26,69.42,15.74,10.93,4.81,6.84,10.95,1206.27,0.41,0.62,86.3
2015-06-11 00:00:00,13910400.0,997.5,13.5,286.87,8.21,70.3,15.5,10.89,4.6,6.82,10.92,1207.2,0.61,0.96,69.84
2015-06-11 00:10:00,13911000.0,997.49,13.28,286.65,8.19,71.2,15.28,10.88,4.4,6.81,10.9,1208.12,0.55,0.88,97.1
2015-06-11 00:20:00,13911600.0,997.39,13.26,286.63,8.17,71.2,15.26,10.86,4.39,6.8,10.89,1208.09,0.25,0.4,38.18
2015-06-11 00:30:00,13912200.0,997.35,13.21,286.59,8.18,71.5,15.21,10.87,4.33,6.81,10.9,1208.24,0.38,0.62,219.4
2015-06-11 00:40:00,13912800.0,997.34,13.2,286.58,8.13,71.3,15.2,10.83,4.36,6.78,10.86,1208.3,0.27,0.56,321.1
2015-06-11 00:50:00,13913400.0,997.31,13.31,286.69,8.05,70.4,15.31,10.77,4.53,6.75,10.8,1207.82,0.24,0.64,30.52
2015-06-11 01:00:00,13914000.0,997.35,13.11,286.49,8.19,72.0,15.11,10.88,4.23,6.81,10.91,1208.66,0.48,0.68,55.23
2015-06-11 01:10:00,13914600.0,997.28,13.16,286.54,8.05,71.1,15.16,10.78,4.38,6.75,10.81,1208.41,0.24,0.68,20.26
2015-06-11 01:20:00,13915200.0,997.06,13.39,286.79,8.13,70.4,15.39,10.83,4.55,6.78,10.86,1207.16,0.2,0.44,54.1
2015-06-11 01:30:00,13915800.0,996.98,13.51,286.92,7.83,68.47,15.51,10.62,4.89,6.65,10.65,1206.65,0.28,0.86,4.33
2015-06-11 01:40:00,13916400.0,996.96,13.64,287.05,7.73,67.41,15.64,10.54,5.1,6.6,10.57,1206.11,0.72,1.76,28.48
2015-06-11 01:50:00,13917000.0,996.9,13.74,287.15,7.39,65.44,15.74,10.3,5.44,6.45,10.33,1205.73,1.18,2.04,17.31
2015-06-11 02:00:00,13917600.0,996.87,13.71,287.13,7.55,66.28,15.71,10.41,5.3,6.52,10.45,1205.77,0.62,1.2,29.6
2015-06-11 02:10:00,13918200.0,996.89,13.7,287.12,7.38,65.58,15.7,10.3,5.4,6.45,10.33,1205.89,1.85,2.52,4.14
2015-06-11 02:20:00,13918800.0,996.87,13.68,287.1,7.35,65.52,15.68,10.27,5.41,6.43,10.31,1205.96,1.89,2.44,9.16
2015-06-11 02:30:00,13919400.0,996.86,13.53,286.95,7.32,66.03,15.53,10.25,5.27,6.42,10.28,1206.58,1.77,2.36,4.87
2015-06-11 02:40:00,13920000.0,996.86,13.46,286.88,7.38,66.61,15.46,10.3,5.16,6.45,10.33,1206.87,1.58,2.0,358.9
2015-06-11 02:50:00,13920600.0,996.9,13.73,287.14,7.3,65.09,15.73,10.24,5.49,6.41,10.27,1205.8,1.56,2.04,357.9
2015-06-11 03:00:00,13921200.0,996.86,13.93,287.35,7.35,64.44,15.94,10.27,5.67,6.43,10.3,1204.89,1.53,2.08,9.31
2015-06-11 03:10:00,13921800.0,996.85,13.7,287.12,7.55,66.35,15.7,10.42,5.28,6.53,10.45,1205.78,1.0,1.72,25.32
2015-06-11 03:20:00,13922400.0,996.8,13.31,286.73,8.11,70.7,15.31,10.82,4.48,6.78,10.86,1207.18,0.31,0.68,154.6
2015-06-11 03:30:00,13923000.0,996.71,13.09,286.52,8.09,71.6,15.09,10.8,4.28,6.77,10.84,1208.01,0.28,0.56,356.0
2015-06-11 03:40:00,13923600.0,996.61,13.27,286.71,8.03,70.5,15.27,10.76,4.5,6.74,10.8,1207.15,0.46,1.16,54.42
2015-06-11 03:50:00,13924200.0,996.61,13.26,286.7,7.96,70.2,15.26,10.71,4.55,6.71,10.75,1207.21,0.98,1.52,17.31
2015-06-11 04:00:00,13924800.0,996.63,13.16,286.6,7.64,69.15,15.16,10.48,4.68,6.57,10.52,1207.76,1.25,2.04,20.84
2015-06-11 04:10:00,13925400.0,996.62,13.14,286.58,7.57,68.89,15.14,10.43,4.71,6.53,10.46,1207.86,0.97,1.8,30.08
2015-06-11 04:20:00,13926000.0,996.6,13.24,286.68,7.43,67.81,15.24,10.33,4.9,6.47,10.37,1207.46,1.32,1.72,7.37
2015-06-11 04:30:00,13926600.0,996.52,13.3,286.75,7.47,67.69,15.3,10.35,4.94,6.49,10.39,1207.1,0.78,1.2,359.9
2015-06-11 04:40:00,13927200.0,996.53,13.29,286.73,7.58,68.28,15.29,10.44,4.85,6.54,10.47,1207.11,0.94,1.44,40.02
2015-06-11 04:50:00,13927800.0,996.56,13.21,286.65,7.72,69.3,15.21,10.54,4.67,6.6,10.57,1207.44,0.92,1.28,35.25
2015-06-11 05:00:00,13928400.0,996.49,13.24,286.69,7.75,69.31,15.24,10.56,4.68,6.62,10.6,1207.22,0.45,0.88,12.24
2015-06-11 05:10:00,13929000.0,996.48,13.38,286.83,7.9,69.38,15.38,10.67,4.71,6.69,10.71,1206.56,0.68,1.92,25.76
2015-06-11 05:20:00,13929600.0,996.39,13.35,286.81,7.81,69.09,15.35,10.6,4.74,6.65,10.64,1206.62,0.75,1.32,43.74
2015-06-11 05:30:00,13930200.0,996.28,13.48,286.95,8.32,70.9,15.48,10.97,4.5,6.88,11.01,1205.76,0.2,0.56,23.36
2015-06-11 05:40:00,13930800.0,996.24,13.7,287.17,8.44,70.5,15.7,11.07,4.63,6.94,11.11,1204.74,0.25,0.66,340.1
2015-06-11 05:50:00,13931400.0,996.24,13.72,287.19,8.44,70.4,15.72,11.07,4.65,6.94,11.11,1204.67,0.53,1.04,63.93
2015-06-11 06:00:00,13932000.0,996.3,13.78,287.24,8.54,70.6,15.78,11.14,4.64,6.99,11.18,1204.45,0.58,0.92,202.0
2015-06-11 06:10:00,13932600.0,996.22,14.13,287.6,8.64,69.48,16.14,11.22,4.93,7.03,11.26,1202.85,0.59,1.36,77.4
2015-06-11 06:20:00,13933200.0,996.14,14.7,288.18,8.61,66.81,16.75,11.19,5.56,7.02,11.23,1200.38,0.91,1.8,51.52
2015-06-11 06:30:00,13933800.0,996.12,15.17,288.65,8.54,64.5,17.27,11.14,6.13,6.98,11.18,1198.43,1.14,2.28,40.53
2015-06-11 06:40:00,13934400.0,996.13,15.3,288.78,8.45,63.6,17.41,11.07,6.34,6.94,11.12,1197.92,1.48,2.68,36.04
2015-06-11 06:50:00,13935000.0,996.12,15.27,288.75,8.23,62.76,17.38,10.91,6.47,6.84,10.95,1198.12,1.53,2.72,18.17
2015-06-11 07:00:00,13935600.0,996.14,15.44,288.92,8.34,62.54,17.57,10.99,6.58,6.89,11.03,1197.4,1.8,2.84,16.48
2015-06-11 07:10:00,13936200.0,996.12,15.76,289.24,8.42,61.61,17.93,11.05,6.88,6.93,11.09,1196.02,2.09,2.84,17.06
2015-06-11 07:20:00,13936800.0,996.08,16.11,289.6,8.66,61.25,18.34,11.23,7.11,7.04,11.28,1194.44,2.04,3.28,1.91
2015-06-11 07:30:00,13937400.0,996.06,16.5,289.99,8.9,60.72,18.8,11.42,7.38,7.16,11.46,1192.72,1.93,3.36,26.15
2015-06-11 07:40:00,13938000.0,995.97,16.77,290.27,9.09,60.44,19.13,11.56,7.57,7.25,11.61,1191.44,1.61,2.64,33.04
2015-06-11 07:50:00,13938600.0,995.92,16.92,290.42,9.17,60.2,19.31,11.62,7.68,7.29,11.67,1190.74,1.91,3.32,40.38
2015-06-11 08:00:00,13939200.0,995.86,16.89,290.39,9.26,60.69,19.27,11.7,7.58,7.34,11.74,1190.75,2.08,3.2,24.56
2015-06-11 08:10:00,13939800.0,995.78,17.3,290.81,9.43,59.8,19.78,11.83,7.95,7.42,11.88,1188.91,2.62,3.8,38.17
2015-06-11 08:20:00,13940400.0,995.77,17.6,291.11,9.36,58.42,20.16,11.78,8.38,7.39,11.83,1187.7,2.95,4.84,40.45
2015-06-11 08:30:00,13941000.0,995.76,17.44,290.95,9.4,59.16,19.95,11.81,8.15,7.41,11.86,1188.33,2.8,3.48,34.09
2015-06-11 08:40:00,13941600.0,995.68,17.59,291.11,9.38,58.53,20.14,11.79,8.35,7.4,11.84,1187.63,3.24,4.42,33.01
2015-06-11 08:50:00,13942200.0,995.61,17.78,291.31,9.16,56.99,20.39,11.62,8.77,7.29,11.67,1186.85,3.8,5.08,46.12
2015-06-11 09:00:00,13942800.0,995.51,17.8,291.33,9.32,57.52,20.41,11.74,8.67,7.37,11.79,1186.59,3.48,5.56,52.22
2015-06-11 09:10:00,13943400.0,995.5,17.88,291.42,9.23,56.88,20.52,11.67,8.85,7.32,11.72,1186.28,4.38,6.0,41.53
2015-06-11 09:20:00,13944000.0,995.48,17.94,291.48,9.42,57.43,20.59,11.83,8.77,7.42,11.88,1185.94,3.68,5.12,37.74
2015-06-11 09:30:00,13944600.0,995.4,18.26,291.81,9.35,56.02,21.01,11.77,9.24,7.39,11.83,1184.57,2.96,4.56,68.29
2015-06-11 09:40:00,13945200.0,995.4,18.38,291.92,8.84,53.71,21.17,11.37,9.8,7.14,11.42,1184.26,3.08,4.8,79.2
2015-06-11 09:50:00,13945800.0,995.4,18.63,292.18,7.88,49.52,21.51,10.65,10.86,6.68,10.7,1183.57,3.06,6.89,105.8
2015-06-11 10:00:00,13946400.0,995.41,18.83,292.37,7.4,47.34,21.78,10.31,11.47,6.47,10.36,1182.93,3.83,6.24,114.9
2015-06-11 10:10:00,13947000.0,995.34,19.27,292.82,7.95,47.82,22.38,10.7,11.68,6.72,10.75,1180.89,3.88,6.28,108.9
2015-06-11 10:20:00,13947600.0,995.37,18.88,292.43,7.86,48.68,21.84,10.63,11.21,6.67,10.68,1182.53,3.97,6.2,68.45
2015-06-11 10:30:00,13948200.0,995.29,18.77,292.32,7.7,48.49,21.69,10.52,11.17,6.6,10.57,1182.94,3.62,5.82,62.87
2015-06-11 10:40:00,13948800.0,995.21,18.72,292.28,7.54,48.11,21.63,10.4,11.22,6.53,10.45,1183.1,4.18,7.16,58.04
2015-06-11 10:50:00,13949400.0,995.12,18.63,292.2,7.61,48.62,21.51,10.46,11.05,6.56,10.51,1183.32,4.29,6.16,62.83
2015-06-11 11:00:00,13950000.0,995.03,18.73,292.31,7.45,47.79,21.64,10.34,11.3,6.49,10.39,1182.87,4.28,7.16,49.14
2015-06-11 11:10:00,13950600.0,995.07,18.7,292.27,7.76,48.91,21.6,10.56,11.04,6.63,10.62,1182.94,3.82,7.04,71.2
2015-06-11 11:20:00,13951200.0,995.13,18.78,292.35,8.11,49.85,21.71,10.82,10.89,6.79,10.87,1182.56,3.29,5.44,58.28
2015-06-11 11:30:00,13951800.0,995.13,18.68,292.25,8.31,50.84,21.57,10.97,10.61,6.88,11.02,1182.9,3.38,5.36,49.03
2015-06-11 11:40:00,13952400.0,995.12,18.63,292.2,8.58,51.93,21.51,11.17,10.34,7.01,11.22,1183.0,3.87,6.62,60.32
2015-06-11 11:50:00,13953000.0,994.97,18.76,292.34,8.89,52.62,21.68,11.41,10.27,7.16,11.47,1182.2,2.56,4.88,67.18
2015-06-11 12:00:00,13953600.0,994.93,18.89,292.48,8.49,50.79,21.86,11.1,10.76,6.97,11.16,1181.76,2.07,4.76,82.0
2015-06-11 12:10:00,13954200.0,994.88,18.56,292.15,7.83,49.57,21.41,10.61,10.8,6.66,10.67,1183.26,3.6,5.76,75.5
2015-06-11 12:20:00,13954800.0,994.76,18.47,292.07,7.71,49.44,21.29,10.53,10.76,6.61,10.58,1183.51,3.53,5.64,82.8
2015-06-11 12:30:00,13955400.0,994.67,18.46,292.07,7.57,49.0,21.28,10.43,10.85,6.55,10.48,1183.49,3.06,4.52,83.5
2015-06-11 12:40:00,13956000.0,994.55,18.51,292.13,7.79,49.58,21.34,10.58,10.76,6.65,10.64,1183.08,2.71,5.0,80.2
2015-06-11 12:50:00,13956600.0,994.57,18.56,292.17,8.17,50.75,21.41,10.87,10.55,6.82,10.93,1182.77,2.72,4.32,100.0
2015-06-11 13:00:00,13957200.0,994.44,18.63,292.26,8.42,51.38,21.51,11.05,10.46,6.94,11.11,1182.25,3.36,5.12,105.2
2015-06-11 13:10:00,13957800.0,994.47,18.55,292.17,8.84,53.13,21.4,11.37,10.03,7.14,11.43,1182.46,3.04,4.76,95.2
2015-06-11 13:20:00,13958400.0,994.39,18.54,292.17,9.06,53.96,21.38,11.54,9.85,7.25,11.6,1182.33,2.81,4.68,87.8
2015-06-11 13:30:00,13959000.0,994.5,18.51,292.13,8.94,53.61,21.34,11.44,9.9,7.19,11.51,1182.63,2.31,3.64,121.9
2015-06-11 13:40:00,13959600.0,994.4,18.44,292.07,9.12,54.51,21.25,11.58,9.67,7.28,11.65,1182.73,2.86,4.82,120.7
2015-06-11 13:50:00,13960200.0,994.3,18.43,292.07,9.67,56.6,21.24,12.02,9.22,7.55,12.09,1182.46,3.07,4.72,120.6
2015-06-11 14:00:00,13960800.0,994.28,18.41,292.05,9.86,57.41,21.21,12.18,9.03,7.65,12.25,1182.44,2.68,5.2,87.3
2015-06-11 14:10:00,13961400.0,994.26,18.16,291.8,9.99,58.84,20.88,12.29,8.59,7.72,12.36,1183.38,3.6,5.28,53.75
2015-06-11 14:20:00,13962000.0,994.16,18.06,291.71,10.0,59.24,20.75,12.29,8.46,7.73,12.36,1183.66,2.65,4.12,53.99
2015-06-11 14:30:00,13962600.0,994.19,17.82,291.47,9.87,59.64,20.44,12.19,8.25,7.66,12.26,1184.72,3.1,4.16,59.65
2015-06-11 14:40:00,13963200.0,994.08,17.64,291.29,9.87,60.29,20.21,12.18,8.02,7.66,12.26,1185.33,3.06,4.52,54.1
2015-06-11 14:50:00,13963800.0,993.98,17.51,291.17,9.9,60.92,20.04,12.21,7.83,7.68,12.28,1185.73,3.21,4.8,65.86
2015-06-11 15:00:00,13964400.0,993.97,17.58,291.24,10.05,61.27,20.13,12.33,7.8,7.76,12.41,1185.37,2.09,3.14,70.0
2015-06-11 15:10:00,13965000.0,993.87,17.77,291.44,10.09,60.72,20.37,12.37,8.0,7.78,12.45,1184.46,2.26,3.44,60.39
2015-06-11 15:20:00,13965600.0,993.71,17.74,291.43,10.02,60.52,20.34,12.31,8.03,7.74,12.39,1184.43,2.83,4.32,57.35
2015-06-11 15:30:00,13966200.0,993.74,17.79,291.47,10.03,60.39,20.4,12.32,8.08,7.75,12.4,1184.25,3.09,4.32,61.5
2015-06-11 15:40:00,13966800.0,993.56,17.8,291.5,10.01,60.26,20.41,12.3,8.11,7.74,12.38,1184.01,3.19,4.4,59.79
2015-06-11 15:50:00,13967400.0,993.34,18.05,291.77,10.17,59.95,20.74,12.43,8.31,7.82,12.52,1182.67,2.64,4.2,60.04
2015-06-11 16:00:00,13968000.0,993.23,18.01,291.74,10.14,59.98,20.69,12.41,8.28,7.81,12.49,1182.7,3.55,4.74,49.63
2015-06-11 16:10:00,13968600.0,993.13,18.1,291.83,10.25,60.1,20.8,12.5,8.3,7.87,12.59,1182.18,2.9,4.64,52.56
2015-06-11 16:20:00,13969200.0,993.01,18.13,291.88,10.21,59.81,20.84,12.47,8.38,7.85,12.55,1181.93,3.18,4.88,53.26
2015-06-11 16:30:00,13969800.0,992.84,17.99,291.75,10.24,60.49,20.66,12.5,8.16,7.87,12.59,1182.28,3.19,4.56,48.3
2015-06-11 16:40:00,13970400.0,992.55,18.32,292.1,10.34,59.63,21.09,12.58,8.51,7.92,12.67,1180.56,3.84,5.06,57.2
2015-06-11 16:50:00,13971000.0,992.41,18.5,292.3,10.41,59.25,21.33,12.64,8.69,7.96,12.74,1179.63,4.13,5.52,66.79
2015-06-11 17:00:00,13971600.0,992.32,18.53,292.33,10.26,58.55,21.37,12.51,8.86,7.88,12.61,1179.46,3.17,4.8,57.16
2015-06-11 17:10:00,13972200.0,992.45,18.3,292.09,10.21,59.17,21.07,12.46,8.6,7.85,12.56,1180.57,2.99,4.36,73.5
2015-06-11 17:20:00,13972800.0,992.26,18.23,292.04,10.37,60.1,20.97,12.6,8.37,7.94,12.7,1180.56,3.46,5.04,43.16
2015-06-11 17:30:00,13973400.0,992.14,18.45,292.27,10.46,59.63,21.26,12.68,8.58,7.99,12.78,1179.49,3.1,4.78,53.98
2015-06-11 17:40:00,13974000.0,992.01,18.39,292.22,10.54,60.15,21.18,12.74,8.44,8.03,12.85,1179.55,2.6,4.0,49.57
2015-06-11 17:50:00,13974600.0,991.95,18.23,292.06,10.38,60.13,20.97,12.61,8.36,7.95,12.71,1180.19,2.84,4.08,36.42
2015-06-11 18:00:00,13975200.0,991.92,18.22,292.06,10.33,59.97,20.96,12.57,8.39,7.92,12.67,1180.21,2.19,3.76,56.7
2015-06-11 18:10:00,13975800.0,991.84,18.38,292.22,10.46,59.9,21.17,12.68,8.49,7.99,12.79,1179.42,2.35,3.64,57.85
2015-06-11 18:20:00,13976400.0,991.77,18.54,292.39,10.51,59.49,21.38,12.72,8.66,8.02,12.83,1178.67,2.42,3.48,57.11
2015-06-11 18:30:00,13977000.0,991.64,19.0,292.86,10.63,58.26,22.01,12.82,9.19,8.08,12.93,1176.61,2.86,4.04,53.08
2015-06-11 18:40:00,13977600.0,991.56,19.15,293.02,10.62,57.68,22.22,12.81,9.4,8.08,12.92,1175.92,2.85,4.36,46.62
2015-06-11 18:50:00,13978200.0,991.55,18.94,292.81,10.6,58.35,21.93,12.79,9.13,8.07,12.9,1176.76,3.14,4.44,46.07
2015-06-11 19:00:00,13978800.0,991.57,18.76,292.63,10.6,59.04,21.68,12.8,8.88,8.07,12.91,1177.51,2.8,4.56,54.72
2015-06-11 19:10:00,13979400.0,991.58,18.64,292.51,10.67,59.73,21.52,12.85,8.67,8.1,12.96,1177.98,2.44,3.84,68.6
2015-06-11 19:20:00,13980000.0,991.57,18.61,292.48,10.66,59.84,21.48,12.85,8.63,8.1,12.96,1178.09,1.73,2.64,73.4
2015-06-11 19:30:00,13980600.0,991.48,18.51,292.38,10.76,60.62,21.34,12.94,8.41,8.16,13.05,1178.35,2.13,3.2,63.72
2015-06-11 19:40:00,13981200.0,991.38,18.43,292.31,10.76,60.91,21.24,12.94,8.3,8.16,13.05,1178.55,1.5,3.92,55.75
2015-06-11 19:50:00,13981800.0,991.45,18.24,292.12,10.7,61.38,20.99,12.88,8.1,8.12,12.99,1179.43,1.53,3.4,53.1
2015-06-11 20:00:00,13982400.0,991.48,18.11,291.98,10.56,61.3,20.82,12.76,8.06,8.04,12.87,1180.05,2.21,3.28,48.87
2015-06-11 20:10:00,13983000.0,991.37,18.02,291.9,10.52,61.49,20.7,12.73,7.97,8.02,12.84,1180.29,2.65,3.88,46.64
2015-06-11 20:20:00,13983600.0,991.44,17.92,291.8,10.48,61.73,20.57,12.7,7.87,8.0,12.81,1180.8,1.95,3.36,60.96
2015-06-11 20:30:00,13984200.0,991.54,17.88,291.75,10.5,61.97,20.52,12.71,7.8,8.01,12.82,1181.07,1.17,2.56,88.2
2015-06-11 20:40:00,13984800.0,991.65,17.93,291.79,10.62,62.25,20.58,12.81,7.77,8.08,12.92,1180.96,1.32,1.96,103.0
2015-06-11 20:50:00,13985400.0,991.68,17.91,291.77,10.39,61.38,20.56,12.62,7.94,7.95,12.72,1181.16,2.15,3.68,89.1
2015-06-11 21:00:00,13986000.0,991.6,17.8,291.66,10.25,61.26,20.41,12.51,7.91,7.88,12.61,1181.56,2.27,3.64,83.3
2015-06-11 21:10:00,13986600.0,991.59,17.72,291.58,10.27,61.63,20.31,12.52,7.79,7.89,12.62,1181.87,1.55,2.4,85.3
2015-06-11 21:20:00,13987200.0,991.59,17.69,291.55,10.31,61.9,20.27,12.55,7.72,7.91,12.66,1181.98,1.51,1.92,83.9
2015-06-11 21:30:00,13987800.0,991.47,17.56,291.43,10.33,62.49,20.11,12.56,7.54,7.92,12.67,1182.36,1.77,2.32,72.8
2015-06-11 21:40:00,13988400.0,991.45,17.44,291.31,10.37,63.14,19.95,12.6,7.36,7.94,12.71,1182.8,1.73,2.12,77.5
2015-06-11 21:50:00,13989000.0,991.37,17.37,291.25,10.41,63.6,19.87,12.64,7.23,7.97,12.75,1182.98,1.18,1.72,96.3
2015-06-11 22:00:00,13989600.0,991.32,17.34,291.23,10.64,64.72,19.83,12.83,7.0,8.09,12.95,1182.95,1.24,2.08,126.7
2015-06-11 22:10:00,13990200.0,991.21,17.18,291.07,10.55,64.99,19.63,12.76,6.87,8.04,12.87,1183.5,2.21,3.46,138.4
2015-06-11 22:20:00,13990800.0,991.1,17.0,290.9,10.62,66.02,19.41,12.81,6.59,8.08,12.93,1184.08,1.75,2.56,161.0
2015-06-11 22:30:00,13991400.0,991.18,16.86,290.76,10.66,66.79,19.24,12.85,6.39,8.1,12.96,1184.73,1.08,1.84,176.2
2015-06-11 22:40:00,13992000.0,991.12,16.58,290.48,10.7,68.19,18.9,12.89,6.01,8.13,13.0,1185.79,1.74,2.32,187.7
2015-06-11 22:50:00,13992600.0,990.98,16.38,290.29,10.81,69.54,18.66,12.97,5.68,8.18,13.09,1186.4,1.04,2.18,171.7
2015-06-11 23:00:00,13993200.0,990.92,16.24,290.16,10.92,70.7,18.49,13.07,5.42,8.25,13.19,1186.85,1.96,3.36,170.8
2015-06-11 23:10:00,13993800.0,990.87,16.03,289.95,11.03,72.2,18.25,13.17,5.07,8.31,13.29,1187.61,1.75,2.84,156.3
2015-06-11 23:20:00,13994400.0,990.82,15.77,289.69,11.19,74.2,17.94,13.31,4.63,8.4,13.44,1188.55,1.84,2.96,155.4
2015-06-11 23:30:00,13995000.0,990.72,15.54,289.47,11.29,75.8,17.68,13.4,4.28,8.46,13.53,1189.34,1.4,2.14,192.3
2015-06-11 23:40:00,13995600.0,990.67,15.27,289.2,11.41,77.7,17.38,13.5,3.88,8.52,13.63,1190.35,1.69,2.52,200.5
2015-06-11 23:50:00,13996200.0,990.8,15.06,288.98,11.64,80.0,17.14,13.72,3.43,8.66,13.84,1191.27,2.19,3.68,200.9
2015-06-12 00:00:00,13996800.0,990.54,15.0,288.94,11.77,81.0,17.08,13.83,3.24,8.73,13.97,1191.15,1.74,2.24,178.0
2015-06-12 00:10:00,13997400.0,990.31,14.96,288.92,11.88,81.8,17.03,13.93,3.1,8.8,14.07,1191.0,1.62,2.96,176.1
2015-06-12 00:20:00,13998000.0,990.32,14.86,288.82,11.89,82.4,16.92,13.95,2.98,8.81,14.08,1191.42,1.42,2.08,194.4
2015-06-12 00:30:00,13998600.0,990.28,14.72,288.69,11.99,83.7,16.77,14.04,2.73,8.87,14.18,1191.9,2.04,2.64,210.8
2015-06-12 00:40:00,13999200.0,990.3,14.72,288.68,12.07,84.1,16.77,14.11,2.67,8.91,14.24,1191.9,1.79,2.52,213.8
2015-06-12 00:50:00,13999800.0,990.28,14.78,288.75,12.13,84.1,16.84,14.16,2.68,8.94,14.3,1191.6,1.62,2.2,209.6
2015-06-12 01:00:00,14000400.0,990.24,14.8,288.77,12.18,84.3,16.86,14.21,2.65,8.98,14.35,1191.45,1.56,1.88,202.2
2015-06-12 01:10:00,14001000.0,990.18,14.83,288.8,12.3,84.8,16.89,14.32,2.57,9.05,14.47,1191.2,1.35,1.9,197.2
2015-06-12 01:20:00,14001600.0,989.94,14.8,288.79,12.38,85.4,16.86,14.4,2.46,9.1,14.54,1191.0,1.12,2.04,170.3
2015-06-12 01:30:00,14002200.0,989.87,14.74,288.74,12.44,86.1,16.79,14.46,2.33,9.14,14.61,1191.13,1.93,2.52,150.1
2015-06-12 01:40:00,14002800.0,989.87,14.66,288.66,12.52,87.0,16.71,14.54,2.17,9.18,14.68,1191.43,1.41,2.48,170.6
2015-06-12 01:50:00,14003400.0,989.76,14.6,288.61,12.55,87.5,16.64,14.56,2.08,9.2,14.71,1191.53,1.15,2.08,192.7
2015-06-12 02:00:00,14004000.0,989.55,14.52,288.55,12.66,88.6,16.56,14.67,1.89,9.27,14.82,1191.56,1.59,2.76,138.6
2015-06-12 02:10:00,14004600.0,989.35,14.28,288.32,12.75,90.5,16.3,14.75,1.55,9.33,14.91,1192.27,0.66,1.28,357.8
2015-06-12 02:20:00,14005200.0,989.35,14.08,288.12,12.7,91.4,16.09,14.71,1.38,9.3,14.87,1193.13,0.47,0.84,262.1
2015-06-12 02:30:00,14005800.0,989.3,14.06,288.11,12.75,91.8,16.07,14.75,1.32,9.33,14.91,1193.13,0.58,0.92,231.2
2015-06-12 02:40:00,14006400.0,989.15,14.12,288.18,12.73,91.3,16.13,14.73,1.4,9.32,14.89,1192.71,0.83,1.96,225.7
2015-06-12 02:50:00,14007000.0,989.02,14.12,288.19,12.74,91.4,16.13,14.75,1.39,9.33,14.91,1192.54,0.58,1.24,206.1
2015-06-12 03:00:00,14007600.0,988.86,14.03,288.11,12.72,91.8,16.04,14.72,1.32,9.31,14.89,1192.73,0.56,0.84,269.6
2015-06-12 03:10:00,14008200.0,988.82,14.0,288.08,12.74,92.1,16.01,14.74,1.26,9.33,14.91,1192.8,0.38,0.8,300.0
2015-06-12 03:20:00,14008800.0,988.86,14.0,288.08,12.72,92.0,16.01,14.73,1.28,9.32,14.89,1192.85,0.75,1.08,263.3
2015-06-12 03:30:00,14009400.0,988.76,13.95,288.04,12.69,92.1,15.96,14.7,1.26,9.3,14.86,1192.96,0.43,0.98,233.6
2015-06-12 03:40:00,14010000.0,988.84,13.95,288.03,12.77,92.6,15.96,14.78,1.18,9.35,14.94,1193.02,0.38,0.96,257.0
2015-06-12 03:50:00,14010600.0,988.8,14.05,288.14,12.85,92.5,16.06,14.86,1.2,9.4,15.02,1192.52,0.8,2.1,96.2
2015-06-12 04:00:00,14011200.0,988.78,14.14,288.23,12.79,91.6,16.15,14.8,1.36,9.36,14.97,1192.14,0.7,1.32,220.2
2015-06-12 04:10:00,14011800.0,988.96,14.09,288.16,12.78,91.8,16.1,14.78,1.32,9.35,14.95,1192.58,1.73,2.96,213.9
2015-06-12 04:20:00,14012400.0,988.88,13.93,288.01,12.82,93.0,15.94,14.82,1.12,9.38,14.99,1193.13,1.19,2.44,192.6
2015-06-12 04:30:00,14013000.0,988.95,13.89,287.96,12.93,93.9,15.89,14.93,0.97,9.44,15.09,1193.33,0.75,1.92,178.0
2015-06-12 04:40:00,14013600.0,989.0,13.95,288.02,13.0,94.0,15.96,15.0,0.96,9.49,15.17,1193.11,1.48,2.72,157.5
2015-06-12 04:50:00,14014200.0,988.89,14.02,288.1,13.02,93.7,16.03,15.02,1.01,9.5,15.19,1192.67,0.83,1.68,149.0
2015-06-12 05:00:00,14014800.0,988.87,14.02,288.1,12.96,93.3,16.03,14.96,1.07,9.46,15.12,1192.68,1.43,2.56,162.1
2015-06-12 05:10:00,14015400.0,988.88,14.0,288.08,12.87,92.9,16.01,14.87,1.14,9.41,15.04,1192.81,1.36,2.18,209.9
2015-06-12 05:20:00,14016000.0,988.97,14.01,288.08,12.85,92.7,16.02,14.85,1.17,9.39,15.02,1192.89,1.6,2.36,207.4
2015-06-12 05:30:00,14016600.0,988.95,14.07,288.14,12.86,92.4,16.08,14.86,1.22,9.4,15.03,1192.61,1.77,2.44,195.7
2015-06-12 05:40:00,14017200.0,988.95,14.14,288.21,12.94,92.5,16.15,14.94,1.21,9.45,15.11,1192.28,1.25,2.3,194.3
2015-06-12 05:50:00,14017800.0,988.84,14.23,288.31,13.03,92.5,16.25,15.03,1.22,9.51,15.2,1191.74,1.34,1.96,200.4
2015-06-12 06:00:00,14018400.0,988.7,14.42,288.52,13.15,92.1,16.45,15.15,1.3,9.59,15.32,1190.72,1.02,1.5,190.8
2015-06-12 06:10:00,14019000.0,988.61,14.56,288.66,13.26,91.9,16.6,15.26,1.34,9.65,15.43,1189.99,0.71,1.56,189.3
2015-06-12 06:20:00,14019600.0,988.59,15.03,289.14,13.59,91.1,17.11,15.59,1.52,9.87,15.77,1187.87,0.66,1.24,187.5
2015-06-12 06:30:00,14020200.0,988.51,15.41,289.53,13.54,88.6,17.53,15.54,2.0,9.83,15.72,1186.23,0.57,1.46,175.2
2015-06-12 06:40:00,14020800.0,988.5,15.72,289.84,13.62,87.3,17.89,15.62,2.27,9.88,15.8,1184.91,0.95,2.0,177.9
2015-06-12 06:50:00,14021400.0,988.49,16.14,290.26,13.62,85.0,18.37,15.62,2.76,9.89,15.8,1183.18,1.38,2.44,157.3
2015-06-12 07:00:00,14022000.0,988.41,16.04,290.17,13.41,84.4,18.26,15.41,2.85,9.75,15.59,1183.59,1.88,2.92,171.7
2015-06-12 07:10:00,14022600.0,988.26,16.08,290.22,13.42,84.2,18.3,15.41,2.89,9.76,15.59,1183.24,1.68,2.96,170.2
2015-06-12 07:20:00,14023200.0,988.18,16.24,290.39,13.41,83.3,18.49,15.4,3.09,9.75,15.59,1182.5,1.75,3.5,163.9
2015-06-12 07:30:00,14023800.0,988.1,16.55,290.7,13.51,82.2,18.86,15.5,3.36,9.82,15.69,1181.09,1.81,2.84,179.5
2015-06-12 07:40:00,14024400.0,988.12,16.55,290.7,13.56,82.5,18.86,15.56,3.3,9.85,15.75,1181.09,1.84,2.64,193.3
2015-06-12 07:50:00,14025000.0,988.05,16.89,291.05,13.59,80.9,19.27,15.59,3.68,9.87,15.78,1179.6,1.81,3.04,163.6
2015-06-12 08:00:00,14025600.0,988.03,17.32,291.48,13.74,79.5,19.8,15.74,4.06,9.97,15.94,1177.76,1.67,3.16,126.3
2015-06-12 08:10:00,14026200.0,988.0,17.65,291.82,13.39,76.1,20.22,15.39,4.83,9.75,15.58,1176.55,2.51,3.88,150.8
2015-06-12 08:20:00,14026800.0,987.87,18.07,292.25,13.6,75.1,20.76,15.59,5.17,9.88,15.78,1174.61,2.44,3.76,148.7
2015-06-12 08:30:00,14027400.0,987.8,18.5,292.69,13.85,74.3,21.33,15.85,5.48,10.04,16.04,1172.68,2.31,3.5,162.0
2015-06-12 08:40:00,14028000.0,987.74,18.69,292.88,13.84,73.4,21.59,15.84,5.74,10.04,16.04,1171.84,1.6,3.24,150.0
2015-06-12 08:50:00,14028600.0,987.64,18.97,293.17,13.96,72.7,21.97,15.97,6.0,10.12,16.17,1170.55,1.48,2.72,149.3
2015-06-12 09:00:00,14029200.0,987.51,19.54,293.75,13.99,70.3,22.76,16.0,6.76,10.14,16.2,1168.1,1.71,2.84,141.8
2015-06-12 09:10:00,14029800.0,987.48,19.44,293.66,14.14,71.4,22.62,16.15,6.47,10.24,16.36,1168.39,1.46,3.26,117.4
2015-06-12 09:20:00,14030400.0,987.33,19.86,294.09,14.36,70.6,23.22,16.39,6.83,10.39,16.6,1166.43,1.6,3.16,132.8
2015-06-12 09:30:00,14031000.0,987.32,20.36,294.59,14.52,69.13,23.95,16.55,7.39,10.5,16.77,1164.36,1.48,3.4,191.5
2015-06-12 09:40:00,14031600.0,987.33,20.31,294.54,14.62,69.82,23.87,16.67,7.2,10.57,16.88,1164.52,2.04,3.28,109.5
2015-06-12 09:50:00,14032200.0,987.22,20.52,294.76,14.8,69.73,24.18,16.86,7.32,10.69,17.08,1163.47,0.87,3.06,157.1
2015-06-12 10:00:00,14032800.0,987.14,21.33,295.58,14.94,66.93,25.42,17.01,8.41,10.79,17.23,1160.11,1.2,2.72,114.6
2015-06-12 10:10:00,14033400.0,987.03,20.92,295.18,14.91,68.48,24.79,16.97,7.81,10.77,17.2,1161.61,1.48,3.04,53.81
2015-06-12 10:20:00,14034000.0,986.93,21.34,295.61,15.1,67.59,25.43,17.19,8.24,10.91,17.42,1159.74,1.35,2.28,23.76
2015-06-12 10:30:00,14034600.0,986.91,21.51,295.78,15.23,67.45,25.7,17.34,8.37,11.0,17.57,1158.98,1.54,3.02,66.27
2015-06-12 10:40:00,14035200.0,986.81,22.17,296.45,15.46,65.75,26.76,17.59,9.16,11.16,17.83,1156.16,1.06,3.16,88.7
2015-06-12 10:50:00,14035800.0,986.77,22.39,296.68,15.69,65.83,27.12,17.85,9.27,11.33,18.09,1155.14,1.51,2.64,72.3
2015-06-12 11:00:00,14036400.0,986.64,23.03,297.33,15.73,63.48,28.19,17.9,10.3,11.36,18.14,1152.47,1.23,2.4,109.9
2015-06-12 11:10:00,14037000.0,986.54,23.14,297.45,15.78,63.27,28.38,17.95,10.42,11.4,18.2,1151.9,2.1,3.34,90.4
2015-06-12 11:20:00,14037600.0,986.5,23.03,297.34,15.79,63.72,28.19,17.96,10.23,11.4,18.21,1152.27,2.41,3.74,36.15
2015-06-12 11:30:00,14038200.0,986.4,23.05,297.37,15.8,63.71,28.22,17.98,10.24,11.42,18.23,1152.07,2.43,3.94,40.49
2015-06-12 11:40:00,14038800.0,986.3,23.53,297.86,15.84,62.02,29.05,18.02,11.03,11.44,18.27,1150.07,1.98,3.36,70.2
2015-06-12 11:50:00,14039400.0,986.17,23.84,298.19,15.73,60.46,29.6,17.9,11.7,11.37,18.15,1148.77,1.58,2.46,49.3
2015-06-12 12:00:00,14040000.0,986.1,24.22,298.57,15.73,59.1,30.28,17.9,12.39,11.37,18.15,1147.22,1.4,2.94,54.79
2015-06-12 12:10:00,14040600.0,986.05,24.63,298.99,15.64,57.33,31.04,17.79,13.24,11.3,18.04,1145.63,1.78,3.36,139.1
2015-06-12 12:20:00,14041200.0,985.84,24.79,299.17,15.63,56.77,31.33,17.79,13.55,11.3,18.04,1144.77,1.79,2.84,122.4
2015-06-12 12:30:00,14041800.0,985.79,24.76,299.14,15.58,56.66,31.28,17.72,13.56,11.26,17.98,1144.86,0.96,2.32,281.6
2015-06-12 12:40:00,14042400.0,985.62,24.77,299.17,15.55,56.53,31.3,17.69,13.6,11.24,17.95,1144.63,0.83,2.0,6.2
2015-06-12 12:50:00,14043000.0,985.53,24.76,299.16,15.59,56.71,31.28,17.74,13.54,11.27,18.0,1144.55,1.24,2.82,33.69
2015-06-12 13:00:00,14043600.0,985.42,25.06,299.48,15.65,55.92,31.84,17.81,14.04,11.32,18.07,1143.24,1.66,3.12,57.8
2015-06-12 13:10:00,14044200.0,985.26,25.62,300.05,15.69,54.25,32.92,17.86,15.06,11.35,18.13,1140.89,0.87,3.36,58.54
2015-06-12 13:20:00,14044800.0,985.19,25.73,300.17,15.72,53.97,33.13,17.88,15.25,11.37,18.15,1140.37,2.0,3.72,36.53
2015-06-12 13:30:00,14045400.0,985.06,25.95,300.4,15.77,53.46,33.57,17.94,15.62,11.41,18.22,1139.35,1.97,3.42,64.59
2015-06-12 13:40:00,14046000.0,984.99,26.25,300.71,15.89,52.93,34.17,18.08,16.08,11.5,18.36,1138.07,2.33,3.24,60.5
2015-06-12 13:50:00,14046600.0,984.96,26.41,300.87,15.87,52.37,34.49,18.06,16.43,11.49,18.34,1137.44,1.43,2.56,83.2
2015-06-12 14:00:00,14047200.0,984.93,26.17,300.63,15.84,52.99,34.01,18.02,15.99,11.46,18.3,1138.33,2.54,5.0,41.28
2015-06-12 14:10:00,14047800.0,984.88,25.7,300.17,15.85,54.53,33.07,18.04,15.04,11.47,18.31,1140.06,2.34,4.92,9.86
2015-06-12 14:20:00,14048400.0,984.81,25.58,300.05,15.71,54.44,32.84,17.88,14.96,11.37,18.15,1140.5,2.32,3.68,18.8
2015-06-12 14:30:00,14049000.0,984.8,26.06,300.53,15.97,53.8,33.79,18.18,15.61,11.56,18.46,1138.53,1.93,3.44,31.92
2015-06-12 14:40:00,14049600.0,984.74,26.07,300.55,15.95,53.7,33.81,18.15,15.65,11.55,18.44,1138.43,2.27,3.28,46.55
2015-06-12 14:50:00,14050200.0,984.62,26.27,300.76,16.09,53.55,34.21,18.32,15.89,11.65,18.6,1137.46,3.13,4.92,47.32
2015-06-12 15:00:00,14050800.0,984.51,26.22,300.72,16.27,54.33,34.11,18.53,15.58,11.79,18.82,1137.43,3.75,5.06,45.12
2015-06-12 15:10:00,14051400.0,984.52,26.19,300.69,16.33,54.64,34.05,18.6,15.44,11.84,18.9,1137.52,3.91,5.28,32.65
2015-06-12 15:20:00,14052000.0,984.52,25.9,300.4,16.19,55.09,33.47,18.44,15.03,11.73,18.73,1138.7,3.17,4.74,55.02
2015-06-12 15:30:00,14052600.0,984.42,26.35,300.86,16.15,53.48,34.37,18.38,15.99,11.7,18.67,1136.9,2.67,4.12,46.92
2015-06-12 15:40:00,14053200.0,984.38,26.69,301.2,16.09,52.23,35.06,18.31,16.75,11.65,18.6,1135.59,2.65,4.52,59.08
2015-06-12 15:50:00,14053800.0,984.31,26.74,301.26,16.0,51.78,35.17,18.21,16.96,11.59,18.5,1135.37,2.15,3.96,33.63
2015-06-12 16:00:00,14054400.0,984.18,27.15,301.68,16.11,50.9,36.02,18.34,17.69,11.67,18.63,1133.61,2.01,3.56,18.46
2015-06-12 16:10:00,14055000.0,984.08,27.08,301.62,16.19,51.38,35.88,18.43,17.44,11.73,18.73,1133.72,2.76,4.7,37.74
2015-06-12 16:20:00,14055600.0,984.03,26.93,301.47,16.31,52.24,35.56,18.58,16.98,11.83,18.88,1134.16,3.26,4.6,47.12
2015-06-12 16:30:00,14056200.0,983.87,27.08,301.64,16.2,51.41,35.88,18.44,17.43,11.74,18.75,1133.47,2.35,3.9,55.78
2015-06-12 16:40:00,14056800.0,983.82,27.02,301.58,16.36,52.11,35.75,18.63,17.12,11.86,18.94,1133.55,3.4,5.08,42.83
2015-06-12 16:50:00,14057400.0,983.72,26.92,301.49,16.41,52.58,35.54,18.69,16.85,11.9,19.0,1133.79,2.3,3.56,24.61
2015-06-12 17:00:00,14058000.0,983.63,27.09,301.67,16.63,52.82,35.9,18.96,16.94,12.08,19.28,1132.92,2.21,4.32,44.29
2015-06-12 17:10:00,14058600.0,983.59,27.1,301.68,16.65,52.84,35.92,18.98,16.94,12.09,19.3,1132.83,3.36,4.44,42.89
2015-06-12 17:20:00,14059200.0,983.52,26.99,301.58,16.7,53.37,35.69,19.05,16.64,12.13,19.37,1133.14,3.16,4.78,48.8
2015-06-12 17:30:00,14059800.0,983.46,27.01,301.61,16.79,53.61,35.73,19.15,16.57,12.2,19.48,1132.94,3.33,4.96,42.4
2015-06-12 17:40:00,14060400.0,983.5,26.8,301.39,16.66,53.82,35.29,18.99,16.3,12.1,19.31,1133.85,3.37,4.84,42.66
2015-06-12 17:50:00,14061000.0,983.47,26.7,301.29,16.79,54.58,35.08,19.15,15.94,12.2,19.47,1134.13,3.38,5.68,33.31
2015-06-12 18:00:00,14061600.0,983.49,26.49,301.08,16.92,55.71,34.65,19.31,15.35,12.3,19.63,1134.88,3.77,5.76,31.67
2015-06-12 18:10:00,14062200.0,983.58,26.44,301.02,16.88,55.75,34.55,19.26,15.29,12.27,19.58,1135.19,3.18,4.76,52.33
2015-06-12 18:20:00,14062800.0,983.48,26.33,300.92,16.87,56.08,34.33,19.25,15.08,12.27,19.57,1135.5,3.29,4.76,41.04
2015-06-12 18:30:00,14063400.0,983.39,26.19,300.79,16.94,56.79,34.05,19.33,14.71,12.32,19.66,1135.89,2.96,4.34,48.13
2015-06-12 18:40:00,14064000.0,983.35,26.1,300.7,16.94,57.09,33.87,19.33,14.53,12.32,19.66,1136.18,2.93,4.34,39.6
2015-06-12 18:50:00,14064600.0,983.45,25.99,300.58,16.98,57.59,33.65,19.38,14.27,12.35,19.7,1136.7,1.94,3.48,51.73
2015-06-12 19:00:00,14065200.0,983.35,25.83,300.43,17.03,58.32,33.33,19.44,13.89,12.39,19.77,1137.16,2.13,3.32,58.96
2015-06-12 19:10:00,14065800.0,983.46,25.44,300.03,16.92,59.28,32.57,19.31,13.26,12.3,19.63,1138.83,1.67,3.04,53.49
2015-06-12 19:20:00,14066400.0,983.45,25.21,299.8,16.91,60.06,32.13,19.3,12.83,12.29,19.62,1139.7,1.38,2.34,63.22
2015-06-12 19:30:00,14067000.0,983.55,25.02,299.6,16.84,60.48,31.77,19.21,12.55,12.24,19.53,1140.58,1.79,2.8,61.39
2015-06-12 19:40:00,14067600.0,983.52,24.8,299.38,16.84,61.28,31.35,19.21,12.14,12.24,19.53,1141.39,1.25,3.12,60.61
2015-06-12 19:50:00,14068200.0,983.58,24.71,299.28,16.85,61.65,31.18,19.22,11.96,12.25,19.55,1141.8,0.79,1.72,82.7
2015-06-12 20:00:00,14068800.0,983.55,24.55,299.13,16.72,61.71,30.89,19.06,11.83,12.14,19.38,1142.45,0.82,1.58,67.28
2015-06-12 20:10:00,14069400.0,983.5,24.33,298.91,16.7,62.48,30.48,19.05,11.44,12.13,19.37,1143.25,0.77,1.36,26.77
2015-06-12 20:20:00,14070000.0,983.56,24.18,298.75,16.7,63.02,30.21,19.04,11.17,12.13,19.36,1143.9,0.5,1.08,325.5
2015-06-12 20:30:00,14070600.0,983.79,23.74,298.29,16.72,64.79,29.42,19.06,10.36,12.14,19.38,1145.85,0.79,1.28,249.3
2015-06-12 20:40:00,14071200.0,983.89,23.49,298.03,16.65,65.49,28.98,18.98,10.0,12.09,19.29,1146.97,0.95,1.28,212.9
2015-06-12 20:50:00,14071800.0,983.96,23.3,297.83,16.58,65.96,28.65,18.9,9.75,12.03,19.21,1147.82,0.42,0.76,282.0
2015-06-12 21:00:00,14072400.0,984.06,23.13,297.65,16.58,66.62,28.36,18.89,9.47,12.03,19.2,1148.6,0.54,1.0,209.4
2015-06-12 21:10:00,14073000.0,984.07,23.01,297.53,16.53,66.89,28.16,18.83,9.32,11.99,19.14,1149.11,0.77,1.02,231.6
2015-06-12 21:20:00,14073600.0,984.14,23.05,297.57,16.48,66.53,28.22,18.78,9.45,11.95,19.08,1149.06,0.36,0.68,245.2
2015-06-12 21:30:00,14074200.0,984.19,22.94,297.45,16.46,66.87,28.04,18.75,9.29,11.93,19.05,1149.56,0.38,0.7,264.4
2015-06-12 21:40:00,14074800.0,984.2,22.65,297.16,16.4,67.83,27.55,18.69,8.86,11.89,18.99,1150.72,0.94,1.48,221.8
2015-06-12 21:50:00,14075400.0,984.2,22.52,297.03,16.37,68.21,27.33,18.64,8.69,11.87,18.94,1151.25,0.69,1.48,249.5
2015-06-12 22:00:00,14076000.0,984.21,22.32,296.83,16.37,69.05,27.0,18.65,8.36,11.87,18.94,1152.04,0.34,0.76,341.6
2015-06-12 22:10:00,14076600.0,984.11,21.98,296.5,16.33,70.3,26.45,18.59,7.86,11.84,18.89,1153.27,0.51,1.72,154.0
2015-06-12 22:20:00,14077200.0,984.14,21.83,296.34,16.18,70.3,26.21,18.42,7.78,11.73,18.72,1153.97,1.65,2.12,222.2
2015-06-12 22:30:00,14077800.0,984.09,21.75,296.27,16.22,70.8,26.08,18.47,7.62,11.75,18.76,1154.2,0.87,1.48,211.5
2015-06-12 22:40:00,14078400.0,984.0,21.47,295.99,16.32,72.5,25.64,18.59,7.05,11.83,18.89,1155.14,0.21,0.6,86.7
2015-06-12 22:50:00,14079000.0,983.95,21.15,295.68,16.27,73.7,25.14,18.53,6.61,11.8,18.83,1156.36,0.25,0.68,140.6
2015-06-12 23:00:00,14079600.0,983.96,20.92,295.44,16.13,74.1,24.79,18.37,6.42,11.69,18.67,1157.35,0.69,1.12,206.2
2015-06-12 23:10:00,14080200.0,983.93,21.12,295.65,16.18,73.4,25.09,18.42,6.67,11.73,18.72,1156.51,0.99,1.6,235.8
2015-06-12 23:20:00,14080800.0,983.93,20.86,295.39,16.12,74.3,24.7,18.35,6.35,11.68,18.65,1157.56,1.33,2.16,200.9
2015-06-12 23:30:00,14081400.0,983.95,20.77,295.29,16.16,74.9,24.56,18.4,6.16,11.71,18.7,1157.92,1.55,2.24,228.6
2015-06-12 23:40:00,14082000.0,983.96,21.0,295.52,16.28,74.4,24.91,18.53,6.38,11.8,18.83,1156.96,1.38,2.44,226.8
2015-06-12 23:50:00,14082600.0,983.96,20.86,295.38,16.29,75.1,24.7,18.55,6.15,11.81,18.85,1157.51,0.67,1.28,215.0
2015-06-13 00:00:00,14083200.0,983.98,20.61,295.13,16.4,76.8,24.32,18.68,5.64,11.89,18.98,1158.46,1.12,1.56,235.8
2015-06-13 00:10:00,14083800.0,983.96,20.61,295.13,16.4,76.8,24.32,18.68,5.64,11.89,18.98,1158.43,0.54,1.2,261.0
2015-06-13 00:20:00,14084400.0,983.92,19.89,294.41,16.18,79.2,23.26,18.42,4.84,11.73,18.72,1161.35,0.62,1.0,47.82
2015-06-13 00:30:00,14085000.0,983.88,19.45,293.97,16.2,81.5,22.63,18.45,4.19,11.75,18.75,1163.03,0.82,1.64,210.8
2015-06-13 00:40:00,14085600.0,983.84,19.3,293.83,16.21,82.3,22.42,18.45,3.97,11.75,18.76,1163.58,0.21,0.76,304.7
2015-06-13 00:50:00,14086200.0,983.8,19.1,293.63,16.18,83.2,22.15,18.43,3.72,11.73,18.73,1164.34,0.3,0.88,226.8
2015-06-13 01:00:00,14086800.0,983.68,18.6,293.14,15.97,84.7,21.47,18.18,3.28,11.58,18.48,1166.3,0.54,0.92,195.7
2015-06-13 01:10:00,14087400.0,983.6,18.1,292.64,15.99,87.5,20.8,18.2,2.6,11.59,18.51,1168.2,0.76,1.72,227.3
2015-06-13 01:20:00,14088000.0,983.51,18.0,292.55,15.95,87.8,20.67,18.15,2.52,11.56,18.45,1168.52,1.09,1.48,209.7
2015-06-13 01:30:00,14088600.0,983.42,18.05,292.61,15.96,87.6,20.74,18.17,2.57,11.57,18.47,1168.2,1.07,1.44,214.0
2015-06-13 01:40:00,14089200.0,983.41,17.9,292.46,15.96,88.4,20.54,18.16,2.38,11.57,18.47,1168.79,1.54,2.12,218.9
2015-06-13 01:50:00,14089800.0,983.39,17.85,292.41,15.85,88.1,20.48,18.04,2.44,11.49,18.35,1169.03,0.98,1.52,199.1
2015-06-13 02:00:00,14090400.0,983.38,17.65,292.21,15.83,89.1,20.22,18.02,2.2,11.48,18.32,1169.83,0.93,1.88,193.7
2015-06-13 02:10:00,14091000.0,983.39,17.35,291.91,15.61,89.5,19.84,17.76,2.08,11.31,18.06,1171.17,1.14,1.48,194.0
2015-06-13 02:20:00,14091600.0,983.35,17.23,291.79,15.71,90.8,19.69,17.88,1.81,11.39,18.18,1171.55,0.79,1.28,212.1
2015-06-13 02:30:00,14092200.0,983.29,17.21,291.77,15.68,90.7,19.67,17.84,1.83,11.36,18.14,1171.57,0.67,0.96,168.4
2015-06-13 02:40:00,14092800.0,983.28,16.91,291.47,15.4,90.8,19.3,17.52,1.78,11.16,17.82,1172.92,0.74,1.2,166.2
2015-06-13 02:50:00,14093400.0,983.1,16.72,291.3,15.38,91.8,19.07,17.5,1.56,11.15,17.8,1173.48,0.43,0.84,84.9
2015-06-13 03:00:00,14094000.0,983.06,16.66,291.24,15.42,92.4,18.99,17.55,1.44,11.18,17.85,1173.65,0.2,0.44,327.0
2015-06-13 03:10:00,14094600.0,983.09,16.79,291.37,15.6,92.7,19.15,17.75,1.4,11.31,18.06,1173.07,0.83,1.28,227.6
2015-06-13 03:20:00,14095200.0,983.08,16.75,291.33,15.58,92.8,19.1,17.73,1.38,11.29,18.03,1173.23,0.72,1.32,224.8
2015-06-13 03:30:00,14095800.0,983.08,16.4,290.98,15.13,92.2,18.68,17.22,1.46,10.97,17.52,1174.88,1.05,1.52,181.1
2015-06-13 03:40:00,14096400.0,983.12,16.36,290.93,15.24,93.1,18.63,17.35,1.29,11.05,17.65,1175.03,0.57,1.08,182.4
2015-06-13 03:50:00,14097000.0,983.1,16.26,290.83,15.18,93.3,18.51,17.27,1.24,11.0,17.57,1175.45,0.74,1.2,143.2
2015-06-13 04:00:00,14097600.0,983.17,16.28,290.85,15.23,93.5,18.54,17.33,1.21,11.04,17.63,1175.42,0.8,1.68,164.3
2015-06-13 04:10:00,14098200.0,983.09,16.33,290.91,15.31,93.7,18.6,17.43,1.17,11.1,17.73,1175.08,0.95,2.04,190.2
2015-06-13 04:20:00,14098800.0,983.1,16.4,290.98,15.38,93.7,18.68,17.5,1.18,11.15,17.8,1174.77,0.82,1.42,182.0
2015-06-13 04:30:00,14099400.0,983.14,16.45,291.02,15.37,93.3,18.74,17.48,1.26,11.14,17.78,1174.63,1.02,2.16,182.5
2015-06-13 04:40:00,14100000.0,983.12,16.55,291.12,15.4,92.9,18.86,17.52,1.34,11.16,17.82,1174.18,0.86,1.72,184.1
2015-06-13 04:50:00,14100600.0,983.07,16.7,291.28,15.48,92.5,19.04,17.61,1.43,11.22,17.92,1173.47,0.6,1.44,120.8
2015-06-13 05:00:00,14101200.0,983.06,16.57,291.15,15.28,92.1,18.88,17.39,1.49,11.08,17.69,1174.09,1.04,1.88,124.0
2015-06-13 05:10:00,14101800.0,982.99,16.51,291.09,15.32,92.7,18.81,17.44,1.37,11.11,17.74,1174.23,0.67,1.96,105.2
2015-06-13 05:20:00,14102400.0,983.02,16.7,291.28,15.29,91.4,19.04,17.4,1.64,11.09,17.7,1173.51,0.43,0.72,159.7
2015-06-13 05:30:00,14103000.0,983.03,16.75,291.33,15.33,91.3,19.1,17.44,1.66,11.11,17.74,1173.3,0.34,0.68,190.3
2015-06-13 05:40:00,14103600.0,983.0,16.8,291.39,15.19,90.2,19.16,17.28,1.88,11.01,17.58,1173.13,0.91,1.52,180.7
2015-06-13 05:50:00,14104200.0,983.02,16.6,291.18,15.16,91.2,18.92,17.26,1.66,10.99,17.55,1173.98,0.64,1.12,194.5
2015-06-13 06:00:00,14104800.0,983.04,16.79,291.37,15.31,91.0,19.15,17.43,1.72,11.1,17.73,1173.16,0.59,1.1,153.8
2015-06-13 06:10:00,14105400.0,982.96,17.73,292.32,15.61,87.4,20.32,17.76,2.56,11.32,18.07,1169.12,0.42,0.78,173.4
2015-06-13 06:20:00,14106000.0,982.89,17.97,292.57,15.65,86.3,20.63,17.81,2.83,11.35,18.12,1168.05,0.67,1.52,214.4
2015-06-13 06:30:00,14106600.0,982.85,17.79,292.39,15.74,87.8,20.4,17.91,2.49,11.41,18.22,1168.68,1.0,1.46,227.7
2015-06-13 06:40:00,14107200.0,982.91,17.82,292.42,15.79,87.9,20.44,17.97,2.47,11.45,18.28,1168.61,0.86,1.44,219.2
2015-06-13 06:50:00,14107800.0,982.92,17.94,292.54,15.87,87.7,20.59,18.06,2.53,11.51,18.37,1168.09,0.84,1.44,220.5
2015-06-13 07:00:00,14108400.0,983.0,18.15,292.74,15.92,86.8,20.87,18.11,2.75,11.54,18.43,1167.32,0.7,1.4,187.3
2015-06-13 07:10:00,14109000.0,983.0,18.32,292.91,15.98,86.2,21.09,18.18,2.91,11.59,18.5,1166.61,1.18,2.08,193.0
2015-06-13 07:20:00,14109600.0,983.02,18.49,293.08,16.03,85.6,21.32,18.25,3.07,11.63,18.56,1165.92,1.06,1.8,188.0
2015-06-13 07:30:00,14110200.0,983.0,18.74,293.33,16.08,84.5,21.65,18.3,3.36,11.66,18.61,1164.88,0.95,1.96,190.9
2015-06-13 07:40:00,14110800.0,982.99,19.11,293.71,16.16,83.0,22.16,18.39,3.77,11.72,18.71,1163.35,0.99,1.92,174.9
2015-06-13 07:50:00,14111400.0,982.97,19.31,293.91,16.14,81.9,22.44,18.38,4.06,11.71,18.7,1162.54,1.19,2.18,186.5
2015-06-13 08:00:00,14112000.0,983.01,19.56,294.16,16.19,80.9,22.79,18.44,4.35,11.75,18.76,1161.57,0.81,1.6,172.0
2015-06-13 08:10:00,14112600.0,982.99,19.88,294.48,16.31,79.9,23.25,18.57,4.67,11.84,18.9,1160.21,0.92,1.96,178.8
2015-06-13 08:20:00,14113200.0,982.97,20.18,294.78,16.38,78.8,23.68,18.66,5.02,11.89,18.98,1158.96,0.91,1.88,188.3
2015-06-13 08:30:00,14113800.0,982.91,20.45,295.06,16.51,78.1,24.08,18.81,5.27,11.99,19.13,1157.76,1.06,2.14,200.3
2015-06-13 08:40:00,14114400.0,982.98,20.72,295.33,16.5,76.8,24.48,18.8,5.68,11.99,19.13,1156.78,0.91,2.08,169.8
2015-06-13 08:50:00,14115000.0,982.85,21.06,295.68,16.67,76.0,25.0,19.0,6.0,12.11,19.33,1155.2,1.06,1.96,109.4
2015-06-13 09:00:00,14115600.0,982.81,21.14,295.76,16.74,76.0,25.12,19.09,6.03,12.17,19.43,1154.8,1.29,2.0,174.0
2015-06-13 09:10:00,14116200.0,982.87,21.05,295.67,16.72,76.3,24.99,19.06,5.92,12.15,19.4,1155.24,1.18,1.68,204.2
2015-06-13 09:20:00,14116800.0,982.86,21.12,295.74,16.77,76.2,25.09,19.12,5.97,12.19,19.46,1154.92,0.52,1.04,251.7
2015-06-13 09:30:00,14117400.0,982.9,21.42,296.04,16.87,75.3,25.56,19.25,6.31,12.27,19.58,1153.74,1.33,2.32,327.3
2015-06-13 09:40:00,14118000.0,982.88,21.88,296.5,16.93,73.5,26.29,19.32,6.97,12.32,19.66,1151.88,1.87,2.68,24.36
2015-06-13 09:50:00,14118600.0,982.78,22.44,297.07,17.08,71.7,27.2,19.5,7.7,12.44,19.84,1149.5,2.14,2.88,34.95
2015-06-13 10:00:00,14119200.0,982.75,22.95,297.59,17.23,70.2,28.05,19.69,8.36,12.56,20.04,1147.4,1.11,2.5,22.72
2015-06-13 10:10:00,14119800.0,982.72,23.76,298.4,17.24,66.89,29.46,19.7,9.75,12.57,20.05,1144.23,1.23,2.32,39.92
2015-06-13 10:20:00,14120400.0,982.61,24.1,298.76,16.99,64.51,30.07,19.4,10.67,12.37,19.74,1142.93,2.01,2.84,26.3
2015-06-13 10:30:00,14121000.0,982.41,24.62,299.3,17.0,62.58,31.02,19.41,11.61,12.38,19.76,1140.7,1.56,2.76,51.32
2015-06-13 10:40:00,14121600.0,982.3,25.23,299.92,16.9,59.94,32.16,19.28,12.89,12.3,19.63,1138.29,1.51,2.32,82.4
2015-06-13 10:50:00,14122200.0,982.23,25.86,300.56,17.09,58.47,33.39,19.52,13.87,12.46,19.88,1135.71,1.39,2.6,110.3
2015-06-13 11:00:00,14122800.0,982.18,26.81,301.52,17.39,56.32,35.31,19.89,15.42,12.69,20.25,1131.89,1.04,3.0,100.7
2015-06-13 11:10:00,14123400.0,982.03,26.83,301.55,17.34,56.1,35.35,19.83,15.52,12.66,20.2,1131.67,1.68,3.24,57.03
2015-06-13 11:20:00,14124000.0,981.93,26.91,301.64,17.52,56.45,35.52,20.05,15.47,12.8,20.42,1131.15,2.14,3.64,65.77
2015-06-13 11:30:00,14124600.0,981.96,26.77,301.5,17.52,56.94,35.23,20.06,15.17,12.81,20.43,1131.71,1.94,2.92,45.32
2015-06-13 11:40:00,14125200.0,981.95,27.21,301.94,17.69,56.08,36.15,20.27,15.88,12.94,20.65,1129.95,1.6,2.92,100.2
2015-06-13 11:50:00,14125800.0,981.83,28.18,302.92,17.34,51.83,38.25,19.83,18.43,12.66,20.19,1126.37,2.69,4.8,127.0
2015-06-13 12:00:00,14126400.0,981.73,28.44,303.19,17.2,50.61,38.84,19.65,19.18,12.55,20.02,1125.36,2.36,4.92,162.3
2015-06-13 12:10:00,14127000.0,981.71,28.89,303.65,15.61,44.57,39.86,17.77,22.09,11.33,18.1,1124.48,4.38,6.6,184.7
2015-06-13 12:20:00,14127600.0,981.75,28.6,303.35,14.39,41.9,39.2,16.42,22.77,10.47,16.73,1126.19,4.89,7.2,222.0
2015-06-13 12:30:00,14128200.0,981.8,28.15,302.9,14.58,43.54,38.19,16.63,21.56,10.6,16.94,1127.84,5.08,7.08,212.0
2015-06-13 12:40:00,14128800.0,981.66,28.39,303.15,14.76,43.42,38.72,16.81,21.91,10.72,17.13,1126.7,5.04,7.81,218.9
2015-06-13 12:50:00,14129400.0,981.53,28.53,303.3,14.7,42.9,39.04,16.75,22.29,10.68,17.06,1126.06,5.62,8.49,222.5
2015-06-13 13:00:00,14130000.0,981.39,28.16,302.94,14.64,43.66,38.21,16.68,21.53,10.64,17.0,1127.31,5.15,8.01,210.3
2015-06-13 13:10:00,14130600.0,981.35,28.42,303.21,15.11,44.35,38.79,17.2,21.59,10.98,17.53,1126.06,5.54,7.69,213.0
2015-06-13 13:20:00,14131200.0,981.35,28.67,303.46,15.48,44.75,39.36,17.61,21.74,11.24,17.95,1124.95,4.32,6.89,226.7
2015-06-13 13:30:00,14131800.0,981.38,28.95,303.74,16.04,45.65,40.0,18.26,21.74,11.66,18.61,1123.66,3.02,6.77,284.0
2015-06-13 13:40:00,14132400.0,981.38,27.97,302.75,17.98,54.64,37.79,20.65,17.14,13.19,21.04,1126.27,1.73,3.44,281.6
2015-06-13 13:50:00,14133000.0,981.29,27.19,301.98,18.38,58.65,36.11,21.18,14.93,13.53,21.58,1128.86,1.31,2.6,281.8
2015-06-13 14:00:00,14133600.0,981.0,26.82,301.63,17.38,56.27,35.33,19.88,15.45,12.7,20.27,1130.49,3.0,5.32,186.7
2015-06-13 14:10:00,14134200.0,980.8,27.17,302.0,16.75,52.95,36.07,19.1,16.97,12.2,19.47,1129.28,1.82,3.08,230.4
2015-06-13 14:20:00,14134800.0,980.79,27.23,302.06,18.69,59.64,36.19,21.59,14.61,13.8,22.01,1127.95,2.05,3.72,282.9
2015-06-13 14:30:00,14135400.0,980.97,27.42,302.24,18.72,59.09,36.6,21.62,14.97,13.83,22.04,1127.43,1.95,4.16,304.1
2015-06-13 14:40:00,14136000.0,981.6,25.19,299.94,16.15,57.3,32.09,18.39,13.7,11.73,18.73,1138.02,3.92,7.36,272.5
2015-06-13 14:50:00,14136600.0,981.67,22.55,297.28,15.67,65.13,27.38,17.83,9.55,11.38,18.17,1148.51,3.56,6.1,280.2
2015-06-13 15:00:00,14137200.0,981.47,22.93,297.68,16.0,64.99,28.02,18.21,9.81,11.62,18.55,1146.63,3.45,6.93,261.1
2015-06-13 15:10:00,14137800.0,981.48,23.09,297.84,16.23,65.33,28.29,18.48,9.81,11.8,18.83,1145.91,3.86,6.77,262.9
2015-06-13 15:20:00,14138400.0,981.48,23.37,298.12,16.45,65.12,28.78,18.74,10.04,11.96,19.09,1144.71,2.55,6.02,256.7
2015-06-13 15:30:00,14139000.0,981.62,23.65,298.39,16.81,65.54,29.26,19.18,10.08,12.24,19.54,1143.6,2.05,5.5,260.8
2015-06-13 15:40:00,14139600.0,982.01,23.74,298.45,16.76,64.96,29.42,19.11,10.31,12.2,19.46,1143.74,3.01,6.22,278.9
2015-06-13 15:50:00,14140200.0,982.11,23.73,298.43,16.93,65.71,29.41,19.32,10.08,12.33,19.67,1143.8,2.22,5.48,278.5
2015-06-13 16:00:00,14140800.0,981.98,23.5,298.21,16.98,66.82,29.0,19.38,9.62,12.37,19.73,1144.51,1.85,4.16,271.6
2015-06-13 16:10:00,14141400.0,981.78,23.73,298.46,17.12,66.5,29.41,19.55,9.85,12.48,19.92,1143.31,1.51,3.0,288.5
2015-06-13 16:20:00,14142000.0,981.94,24.24,298.95,17.19,64.77,30.32,19.64,10.68,12.53,20.0,1141.5,1.65,3.52,285.5
2015-06-13 16:30:00,14142600.0,982.11,24.12,298.82,17.25,65.48,30.1,19.71,10.39,12.58,20.07,1142.13,1.43,3.12,262.3
2015-06-13 16:40:00,14143200.0,982.09,23.82,298.52,17.4,67.33,29.57,19.91,9.66,12.7,20.27,1143.17,1.33,3.32,257.8
2015-06-13 16:50:00,14143800.0,982.07,23.68,298.38,17.73,69.34,29.32,20.33,8.99,12.98,20.7,1143.5,2.73,5.34,273.3
2015-06-13 17:00:00,14144400.0,982.15,23.54,298.23,17.86,70.5,29.07,20.5,8.58,13.08,20.87,1144.06,2.09,4.4,258.2
2015-06-13 17:10:00,14145000.0,982.15,23.1,297.79,17.93,72.7,28.31,20.58,7.73,13.14,20.96,1145.72,1.96,4.0,277.4
2015-06-13 17:20:00,14145600.0,982.11,23.04,297.73,18.43,75.3,28.21,21.24,6.97,13.56,21.63,1145.61,1.16,3.72,276.8
2015-06-13 17:30:00,14146200.0,982.01,23.24,297.94,18.45,74.5,28.55,21.27,7.28,13.58,21.66,1144.71,1.59,3.76,256.6
2015-06-13 17:40:00,14146800.0,982.16,23.26,297.95,18.0,72.3,28.58,20.67,7.92,13.19,21.04,1145.08,1.42,3.28,266.2
2015-06-13 17:50:00,14147400.0,982.13,23.89,298.59,17.91,69.23,29.69,20.55,9.14,13.12,20.93,1142.66,1.58,2.76,250.8
2015-06-13 18:00:00,14148000.0,982.05,24.16,298.86,17.22,65.22,30.17,19.68,10.49,12.56,20.04,1141.92,1.67,4.36,245.2
2015-06-13 18:10:00,14148600.0,982.3,24.75,299.44,16.86,61.55,31.26,19.24,12.02,12.27,19.59,1140.14,2.02,4.0,249.3
2015-06-13 18:20:00,14149200.0,982.5,24.76,299.43,16.57,60.37,31.28,18.88,12.4,12.04,19.22,1140.5,2.33,4.92,241.5
2015-06-13 18:30:00,14149800.0,982.62,24.25,298.91,16.3,61.17,30.34,18.56,11.78,11.83,18.89,1142.74,1.37,3.04,237.2
2015-06-13 18:40:00,14150400.0,982.64,23.71,298.36,15.98,61.94,29.37,18.19,11.18,11.6,18.51,1145.0,2.2,4.24,251.7
2015-06-13 18:50:00,14151000.0,982.74,23.48,298.12,15.84,62.21,28.97,18.02,10.95,11.48,18.34,1146.08,2.02,4.2,265.9
2015-06-13 19:00:00,14151600.0,982.76,23.38,298.02,15.88,62.76,28.79,18.07,10.72,11.52,18.39,1146.47,1.73,4.0,272.7
2015-06-13 19:10:00,14152200.0,982.82,23.09,297.72,15.71,63.2,28.29,17.88,10.41,11.39,18.19,1147.75,2.18,4.16,257.6
2015-06-13 19:20:00,14152800.0,982.82,22.73,297.36,15.56,63.94,27.68,17.7,9.98,11.28,18.01,1149.23,2.11,4.64,269.1
2015-06-13 19:30:00,14153400.0,982.78,22.42,297.05,15.23,63.79,27.17,17.33,9.84,11.04,17.63,1150.55,2.14,4.76,261.8
2015-06-13 19:40:00,14154000.0,982.78,22.24,296.87,15.1,63.97,26.87,17.19,9.68,10.95,17.49,1151.31,1.36,2.8,257.0
2015-06-13 19:50:00,14154600.0,982.82,22.08,296.71,15.07,64.46,26.61,17.15,9.46,10.93,17.45,1152.0,1.05,2.48,252.0
2015-06-13 20:00:00,14155200.0,982.86,21.84,296.46,15.03,65.23,26.22,17.11,9.12,10.9,17.4,1153.01,1.31,2.84,278.9
2015-06-13 20:10:00,14155800.0,983.02,21.62,296.23,15.04,66.16,25.87,17.12,8.76,10.9,17.41,1154.05,1.08,1.88,276.8
2015-06-13 20:20:00,14156400.0,983.12,21.42,296.02,14.7,65.54,25.56,16.75,8.81,10.67,17.04,1155.12,2.12,3.28,257.0
2015-06-13 20:30:00,14157000.0,983.26,21.28,295.87,14.15,63.81,25.34,16.17,9.17,10.29,16.45,1156.09,1.78,3.2,257.3
2015-06-13 20:40:00,14157600.0,983.41,21.13,295.7,13.91,63.39,25.11,15.92,9.19,10.13,16.19,1156.97,1.75,3.44,265.3
2015-06-13 20:50:00,14158200.0,983.58,20.91,295.47,13.84,63.94,24.77,15.84,8.93,10.08,16.1,1158.07,1.3,2.64,264.6
2015-06-13 21:00:00,14158800.0,983.77,20.79,295.33,13.72,63.93,24.59,15.72,8.87,10.0,15.98,1158.82,1.74,2.76,259.9
2015-06-13 21:10:00,14159400.0,983.95,20.59,295.11,13.72,64.73,24.29,15.72,8.57,10.0,15.98,1159.82,1.58,2.08,251.9
2015-06-13 21:20:00,14160000.0,984.08,20.39,294.9,13.68,65.35,23.99,15.68,8.31,9.97,15.93,1160.79,0.97,1.64,265.6
2015-06-13 21:30:00,14160600.0,984.1,20.17,294.68,13.59,65.86,23.67,15.59,8.08,9.91,15.84,1161.72,0.91,1.68,278.7
2015-06-13 21:40:00,14161200.0,984.09,19.89,294.4,13.59,66.99,23.26,15.58,7.68,9.91,15.83,1162.82,0.63,1.24,251.8
2015-06-13 21:50:00,14161800.0,984.0,19.67,294.18,13.39,67.07,22.95,15.39,7.56,9.79,15.64,1163.68,1.01,1.48,283.1
2015-06-13 22:00:00,14162400.0,983.94,19.46,293.98,13.33,67.67,22.65,15.33,7.32,9.75,15.58,1164.47,1.18,1.8,253.8
2015-06-13 22:10:00,14163000.0,983.96,19.23,293.75,13.28,68.42,22.33,15.28,7.05,9.71,15.52,1165.43,1.47,2.1,240.4
2015-06-13 22:20:00,14163600.0,983.96,18.93,293.44,13.11,68.96,21.91,15.11,6.8,9.61,15.36,1166.7,2.01,2.84,239.5
2015-06-13 22:30:00,14164200.0,983.96,18.51,293.02,13.12,70.8,21.34,15.11,6.23,9.61,15.36,1168.38,2.78,3.48,240.5
2015-06-13 22:40:00,14164800.0,984.04,18.12,292.62,12.98,71.9,20.83,14.98,5.85,9.52,15.22,1170.11,2.4,3.12,236.7
2015-06-13 22:50:00,14165400.0,984.11,18.07,292.57,12.74,71.0,20.76,14.74,6.02,9.37,14.98,1170.5,2.3,3.04,240.9
2015-06-13 23:00:00,14166000.0,984.23,18.1,292.59,12.5,69.79,20.8,14.52,6.28,9.23,14.75,1170.62,2.24,2.64,245.3
2015-06-13 23:10:00,14166600.0,984.35,18.16,292.64,12.29,68.57,20.88,14.32,6.56,9.1,14.55,1170.61,2.55,3.12,242.0
2015-06-13 23:20:00,14167200.0,984.37,18.02,292.49,12.11,68.34,20.7,14.15,6.55,8.99,14.37,1171.28,2.06,2.36,237.8
2015-06-13 23:30:00,14167800.0,984.41,17.96,292.43,11.95,67.88,20.62,14.0,6.62,8.89,14.22,1171.63,2.23,2.76,239.6
2015-06-13 23:40:00,14168400.0,984.47,17.84,292.31,11.87,68.06,20.46,13.93,6.54,8.85,14.15,1172.22,1.51,2.04,224.3
2015-06-13 23:50:00,14169000.0,984.4,17.38,291.85,11.86,70.0,19.88,13.92,5.96,8.84,14.14,1174.0,1.07,1.68,212.2
2015-06-14 00:00:00,14169600.0,984.29,17.28,291.76,11.79,70.1,19.75,13.85,5.91,8.8,14.07,1174.3,2.27,2.68,232.7
2015-06-14 00:10:00,14170200.0,984.25,17.29,291.77,11.73,69.77,19.77,13.79,5.98,8.76,14.01,1174.24,1.88,2.32,221.1
2015-06-14 00:20:00,14170800.0,984.29,17.13,291.61,11.64,70.1,19.57,13.72,5.85,8.71,13.94,1174.97,2.02,3.08,231.6
2015-06-14 00:30:00,14171400.0,984.29,16.82,291.3,11.58,71.2,19.19,13.66,5.53,8.68,13.88,1176.25,1.67,3.4,222.9
2015-06-14 00:40:00,14172000.0,984.36,16.45,290.92,11.73,73.6,18.74,13.79,4.95,8.76,14.01,1177.78,1.36,2.08,191.8
2015-06-14 00:50:00,14172600.0,984.43,16.07,290.53,11.91,76.3,18.29,13.96,4.34,8.87,14.18,1179.33,1.49,2.24,202.9
2015-06-14 01:00:00,14173200.0,984.44,15.72,290.18,11.8,77.5,17.89,13.86,4.02,8.81,14.08,1180.82,1.3,1.88,205.4
2015-06-14 01:10:00,14173800.0,984.4,15.76,290.22,11.68,76.7,17.93,13.75,4.18,8.74,13.97,1180.65,1.22,1.8,195.7
2015-06-14 01:20:00,14174400.0,984.34,15.7,290.17,11.49,76.0,17.86,13.58,4.29,8.62,13.79,1180.91,1.36,1.9,216.5
2015-06-14 01:30:00,14175000.0,984.33,15.8,290.27,11.24,74.3,17.98,13.36,4.62,8.48,13.57,1180.59,2.02,2.46,239.1
2015-06-14 01:40:00,14175600.0,984.31,15.82,290.29,11.38,74.9,18.0,13.48,4.52,8.56,13.7,1180.42,1.83,2.9,210.4
2015-06-14 01:50:00,14176200.0,984.25,15.51,289.98,11.56,77.3,17.65,13.64,4.01,8.67,13.86,1181.55,1.54,2.32,209.7
2015-06-14 02:00:00,14176800.0,984.29,15.21,289.68,11.35,77.7,17.31,13.45,3.86,8.54,13.67,1182.91,1.41,2.56,192.3
2015-06-14 02:10:00,14177400.0,984.33,14.74,289.2,11.35,80.1,16.79,13.45,3.34,8.54,13.67,1184.89,1.28,2.52,188.8
2015-06-14 02:20:00,14178000.0,984.35,14.49,288.95,11.35,81.4,16.53,13.45,3.07,8.54,13.67,1185.95,1.13,1.76,161.3
2015-06-14 02:30:00,14178600.0,984.29,14.39,288.86,11.29,81.6,16.42,13.4,3.02,8.51,13.61,1186.31,1.6,2.32,195.2
2015-06-14 02:40:00,14179200.0,984.33,14.27,288.73,11.35,82.6,16.29,13.46,2.83,8.55,13.67,1186.83,1.6,2.52,208.8
2015-06-14 02:50:00,14179800.0,984.33,13.88,288.34,11.42,85.1,15.88,13.52,2.37,8.59,13.73,1188.41,1.56,2.08,211.6
2015-06-14 03:00:00,14180400.0,984.31,13.7,288.16,11.42,86.1,15.7,13.52,2.18,8.59,13.73,1189.13,1.44,2.3,208.3
2015-06-14 03:10:00,14181000.0,984.27,13.6,288.06,11.39,86.5,15.6,13.49,2.11,8.57,13.71,1189.51,1.57,2.42,208.9
2015-06-14 03:20:00,14181600.0,984.23,13.69,288.16,11.43,86.2,15.69,13.52,2.17,8.59,13.74,1189.07,1.2,2.48,203.2
2015-06-14 03:30:00,14182200.0,984.19,13.85,288.32,11.43,85.3,15.85,13.52,2.33,8.59,13.74,1188.36,1.07,2.0,197.7
2015-06-14 03:40:00,14182800.0,984.19,13.93,288.4,11.35,84.4,15.94,13.45,2.49,8.54,13.67,1188.06,1.01,1.96,171.2
2015-06-14 03:50:00,14183400.0,984.21,13.65,288.12,11.37,86.1,15.65,13.47,2.18,8.56,13.69,1189.24,1.03,1.88,194.7
2015-06-14 04:00:00,14184000.0,984.24,13.49,287.96,11.37,87.0,15.49,13.47,2.01,8.56,13.69,1189.94,0.69,1.36,242.6
2015-06-14 04:10:00,14184600.0,984.32,13.53,287.99,11.38,86.8,15.53,13.48,2.05,8.56,13.69,1189.87,0.48,0.88,342.1
2015-06-14 04:20:00,14185200.0,984.32,13.67,288.13,11.43,86.3,15.67,13.52,2.15,8.59,13.74,1189.27,0.66,1.16,40.67
2015-06-14 04:30:00,14185800.0,984.32,13.91,288.37,11.47,85.2,15.92,13.56,2.36,8.61,13.78,1188.26,0.56,1.04,51.01
2015-06-14 04:40:00,14186400.0,984.34,14.2,288.66,11.47,83.6,16.22,13.56,2.66,8.61,13.77,1187.08,0.43,0.64,156.2
2015-06-14 04:50:00,14187000.0,984.36,13.81,288.27,11.27,84.6,15.81,13.38,2.44,8.5,13.59,1188.8,0.73,0.92,199.8
2015-06-14 05:00:00,14187600.0,984.46,13.79,288.24,11.37,85.3,15.79,13.47,2.32,8.55,13.68,1188.96,0.56,1.44,154.5
2015-06-14 05:10:00,14188200.0,984.56,14.25,288.69,11.48,83.4,16.27,13.57,2.7,8.62,13.78,1187.14,0.48,0.84,134.0
2015-06-14 05:20:00,14188800.0,984.48,14.43,288.88,11.47,82.4,16.46,13.56,2.9,8.61,13.78,1186.3,0.61,1.08,132.8
2015-06-14 05:30:00,14189400.0,984.51,14.65,289.1,11.54,81.6,16.7,13.62,3.07,8.65,13.84,1185.4,0.75,1.4,133.8
2015-06-14 05:40:00,14190000.0,984.6,14.83,289.27,11.55,80.7,16.89,13.63,3.26,8.66,13.85,1184.76,0.63,1.48,198.7
2015-06-14 05:50:00,14190600.0,984.58,15.6,290.05,11.8,78.1,17.75,13.86,3.89,8.8,14.08,1181.48,0.31,0.76,166.0
2015-06-14 06:00:00,14191200.0,984.5,16.08,290.54,11.9,76.2,18.3,13.95,4.36,8.86,14.17,1179.38,1.1,2.06,143.1
2015-06-14 06:10:00,14191800.0,984.45,16.31,290.77,12.0,75.6,18.57,14.04,4.53,8.92,14.26,1178.34,0.4,1.12,169.0
2015-06-14 06:20:00,14192400.0,984.48,16.75,291.21,12.02,73.6,19.1,14.06,5.04,8.93,14.28,1176.58,1.55,2.5,155.9
2015-06-14 06:30:00,14193000.0,984.59,16.29,290.74,12.04,75.9,18.55,14.08,4.47,8.94,14.3,1178.57,1.64,2.28,147.6
2015-06-14 06:40:00,14193600.0,984.64,16.54,290.99,12.14,75.2,18.85,14.17,4.67,9.0,14.39,1177.57,1.04,1.8,171.3
2015-06-14 06:50:00,14194200.0,984.56,16.91,291.36,12.35,74.5,19.3,14.38,4.92,9.13,14.6,1175.88,1.14,2.08,172.8
2015-06-14 07:00:00,14194800.0,984.6,17.32,291.77,12.52,73.4,19.8,14.54,5.27,9.23,14.76,1174.2,1.2,2.24,144.9
2015-06-14 07:10:00,14195400.0,984.61,17.75,292.2,12.66,72.1,20.35,14.67,5.68,9.32,14.9,1172.41,1.08,1.84,138.0
2015-06-14 07:20:00,14196000.0,984.6,18.15,292.61,12.81,71.0,20.87,14.82,6.05,9.41,15.05,1170.73,1.27,2.08,152.6
2015-06-14 07:30:00,14196600.0,984.65,18.83,293.28,13.02,68.95,21.78,15.01,6.76,9.54,15.25,1167.97,0.81,1.48,135.5
2015-06-14 07:40:00,14197200.0,984.71,19.57,294.02,12.81,64.96,22.8,14.81,7.99,9.41,15.04,1165.18,1.31,1.74,143.0
2015-06-14 07:50:00,14197800.0,984.71,19.69,294.14,12.63,63.7,22.97,14.63,8.34,9.3,14.86,1164.78,1.16,2.8,122.9
2015-06-14 08:00:00,14198400.0,984.7,20.28,294.74,12.47,60.79,23.83,14.49,9.34,9.2,14.71,1162.5,1.17,2.08,143.5
2015-06-14 08:10:00,14199000.0,984.69,20.98,295.44,11.11,53.22,24.88,13.24,11.64,8.41,13.45,1160.28,2.61,5.04,208.9
2015-06-14 08:20:00,14199600.0,984.67,20.72,295.18,10.06,50.43,24.48,12.35,12.14,7.84,12.54,1161.68,2.12,4.3,205.3
2015-06-14 08:30:00,14200200.0,984.55,20.94,295.41,9.96,49.41,24.82,12.26,12.56,7.78,12.46,1160.71,3.52,5.32,204.6
2015-06-14 08:40:00,14200800.0,984.46,21.09,295.57,10.08,49.36,25.05,12.36,12.68,7.85,12.56,1159.96,2.52,4.32,216.2
2015-06-14 08:50:00,14201400.0,984.44,21.43,295.91,10.26,48.93,25.58,12.51,13.06,7.94,12.71,1158.53,1.95,3.88,210.9
2015-06-14 09:00:00,14202000.0,984.39,21.94,296.43,10.55,48.34,26.38,12.75,13.63,8.1,12.96,1156.36,1.93,4.0,226.8
2015-06-14 09:10:00,14202600.0,984.33,21.91,296.41,10.41,47.99,26.34,12.64,13.7,8.03,12.84,1156.46,1.85,3.88,289.5
2015-06-14 09:20:00,14203200.0,984.3,22.15,296.65,10.48,47.51,26.72,12.7,14.03,8.06,12.9,1155.46,1.93,4.44,289.5
2015-06-14 09:30:00,14203800.0,984.31,21.92,296.42,10.34,47.74,26.35,12.58,13.77,7.99,12.78,1156.42,2.11,3.92,293.0
2015-06-14 09:40:00,14204400.0,984.28,21.47,295.97,10.32,49.0,25.64,12.56,13.08,7.98,12.76,1158.16,2.5,4.92,2.82
2015-06-14 09:50:00,14205000.0,984.24,21.74,296.24,10.4,48.46,26.06,12.63,13.43,8.02,12.83,1157.03,2.05,4.44,274.2
2015-06-14 10:00:00,14205600.0,984.21,22.22,296.73,10.71,48.02,26.84,12.89,13.95,8.19,13.09,1155.0,1.5,3.82,245.4
2015-06-14 10:10:00,14206200.0,984.21,22.24,296.75,10.9,48.6,26.87,13.06,13.81,8.29,13.27,1154.84,2.29,5.28,297.0
2015-06-14 10:20:00,14206800.0,984.13,22.46,296.98,10.92,48.02,27.23,13.08,14.16,8.31,13.29,1153.88,1.61,3.76,234.6
2015-06-14 10:30:00,14207400.0,984.16,22.5,297.01,10.95,47.99,27.3,13.1,14.2,8.32,13.31,1153.75,2.02,3.88,319.2
2015-06-14 10:40:00,14208000.0,984.14,22.44,296.95,10.86,47.86,27.2,13.02,14.18,8.27,13.23,1154.0,1.72,4.92,333.0
2015-06-14 10:50:00,14208600.0,984.05,22.81,297.33,11.04,47.39,27.82,13.18,14.63,8.37,13.4,1152.37,2.09,3.84,302.0
2015-06-14 11:00:00,14209200.0,983.99,22.39,296.92,10.93,48.25,27.12,13.08,14.03,8.31,13.3,1153.98,2.95,6.24,16.73
2015-06-14 11:10:00,14209800.0,984.05,22.69,297.21,11.06,47.78,27.62,13.19,14.42,8.38,13.41,1152.84,1.99,3.92,302.2
2015-06-14 11:20:00,14210400.0,984.05,22.93,297.45,10.95,46.76,28.02,13.1,14.92,8.32,13.31,1151.94,1.49,3.56,12.82
2015-06-14 11:30:00,14211000.0,983.92,22.83,297.37,10.83,46.65,27.85,12.99,14.86,8.25,13.2,1152.23,2.66,5.12,26.75
2015-06-14 11:40:00,14211600.0,983.84,22.67,297.21,10.7,46.71,27.58,12.88,14.7,8.19,13.1,1152.8,3.74,7.2,15.2
2015-06-14 11:50:00,14212200.0,983.83,22.7,297.24,10.62,46.38,27.63,12.82,14.82,8.14,13.03,1152.71,2.33,4.52,338.7
2015-06-14 12:00:00,14212800.0,983.8,23.01,297.56,10.63,45.55,28.16,12.83,15.33,8.15,13.04,1151.46,2.3,4.4,293.2
2015-06-14 12:10:00,14213400.0,983.72,23.25,297.8,10.58,44.73,28.57,12.78,15.79,8.12,12.99,1150.45,2.57,5.4,29.32
2015-06-14 12:20:00,14214000.0,983.68,23.34,297.9,10.58,44.5,28.72,12.78,15.94,8.12,12.99,1150.06,1.68,5.04,288.3
2015-06-14 12:30:00,14214600.0,983.7,23.91,298.47,10.6,43.06,29.73,12.8,16.93,8.13,13.01,1147.87,1.72,3.88,343.2
2015-06-14 12:40:00,14215200.0,983.7,23.88,298.44,10.48,42.78,29.67,12.69,16.98,8.07,12.9,1148.03,1.97,4.56,8.22
2015-06-14 12:50:00,14215800.0,983.61,23.67,298.24,10.47,43.3,29.3,12.69,16.61,8.06,12.9,1148.74,2.94,4.56,35.47
2015-06-14 13:00:00,14216400.0,983.6,23.82,298.39,10.47,42.92,29.57,12.69,16.88,8.06,12.9,1148.15,2.15,4.4,324.8
2015-06-14 13:10:00,14217000.0,983.54,24.05,298.62,10.57,42.61,29.98,12.77,17.2,8.12,12.99,1147.15,2.63,5.92,7.11
2015-06-14 13:20:00,14217600.0,983.39,23.85,298.44,10.68,43.43,29.62,12.86,16.76,8.18,13.08,1147.71,2.26,5.82,29.37
2015-06-14 13:30:00,14218200.0,983.33,24.14,298.73,10.59,42.43,30.14,12.79,17.35,8.13,13.0,1146.55,3.41,5.74,20.58
2015-06-14 13:40:00,14218800.0,983.18,23.41,298.01,10.17,43.11,28.84,12.43,16.41,7.9,12.65,1149.35,5.41,7.57,27.76
2015-06-14 13:50:00,14219400.0,983.15,23.27,297.87,9.98,42.92,28.6,12.28,16.33,7.8,12.49,1149.93,5.12,8.41,29.67
2015-06-14 14:00:00,14220000.0,983.13,23.38,297.99,10.08,42.93,28.79,12.36,16.43,7.86,12.57,1149.44,4.05,7.44,23.71
2015-06-14 14:10:00,14220600.0,983.12,24.07,298.68,10.36,41.97,30.01,12.6,17.42,8.01,12.81,1146.66,1.56,4.44,331.4
2015-06-14 14:20:00,14221200.0,983.16,24.06,298.67,9.99,40.97,29.99,12.29,17.71,7.81,12.5,1146.88,2.64,5.64,10.27
2015-06-14 14:30:00,14221800.0,983.13,23.68,298.29,9.7,41.11,29.32,12.05,17.26,7.66,12.26,1148.42,1.89,3.96,15.5
2015-06-14 14:40:00,14222400.0,983.07,23.96,298.57,9.86,40.84,29.81,12.18,17.64,7.74,12.39,1147.21,1.27,3.24,45.38
2015-06-14 14:50:00,14223000.0,983.08,23.99,298.6,9.83,40.7,29.87,12.16,17.71,7.73,12.37,1147.12,3.22,5.16,30.35
2015-06-14 15:00:00,14223600.0,983.07,23.7,298.31,9.77,41.23,29.35,12.1,17.25,7.69,12.31,1148.25,3.09,5.52,22.01
2015-06-14 15:10:00,14224200.0,983.09,23.59,298.2,9.66,41.21,29.16,12.02,17.14,7.64,12.22,1148.74,3.42,5.52,23.85
2015-06-14 15:20:00,14224800.0,983.03,23.98,298.6,9.82,40.7,29.85,12.15,17.7,7.72,12.36,1147.1,2.7,5.44,16.44
2015-06-14 15:30:00,14225400.0,982.87,24.25,298.88,9.65,39.58,30.34,12.01,18.33,7.63,12.22,1145.93,3.18,5.28,28.9
2015-06-14 15:40:00,14226000.0,982.86,24.23,298.86,9.74,39.88,30.3,12.08,18.22,7.68,12.29,1145.96,2.39,4.54,16.72
2015-06-14 15:50:00,14226600.0,982.75,24.24,298.88,9.79,39.99,30.32,12.12,18.19,7.71,12.34,1145.78,3.58,6.28,23.99
2015-06-14 16:00:00,14227200.0,982.63,24.4,299.06,10.03,40.23,30.61,12.31,18.3,7.83,12.53,1144.94,2.93,4.76,32.12
2015-06-14 16:10:00,14227800.0,982.53,24.38,299.04,10.08,40.43,30.57,12.36,18.21,7.86,12.58,1144.88,3.12,5.42,39.72
2015-06-14 16:20:00,14228400.0,982.42,24.49,299.16,10.11,40.23,30.78,12.38,18.4,7.88,12.6,1144.32,2.91,5.76,17.08
2015-06-14 16:30:00,14229000.0,982.37,24.52,299.2,10.57,41.42,30.83,12.77,18.06,8.13,13.0,1143.97,2.21,4.2,29.0
2015-06-14 16:40:00,14229600.0,982.29,24.48,299.17,11.4,43.88,30.76,13.5,17.26,8.59,13.74,1143.71,2.81,6.97,13.59
2015-06-14 16:50:00,14230200.0,982.25,24.18,298.87,11.6,45.28,30.21,13.68,16.53,8.71,13.93,1144.73,3.62,7.24,21.25
2015-06-14 17:00:00,14230800.0,982.34,23.97,298.65,11.48,45.47,29.83,13.56,16.27,8.63,13.81,1145.7,3.86,6.2,20.83
2015-06-14 17:10:00,14231400.0,982.29,23.75,298.43,11.23,45.34,29.44,13.35,16.09,8.5,13.59,1146.59,4.19,6.2,24.19
2015-06-14 17:20:00,14232000.0,982.17,23.8,298.49,11.2,45.09,29.53,13.31,16.21,8.48,13.56,1146.27,4.56,6.16,28.04
2015-06-14 17:30:00,14232600.0,982.02,23.66,298.36,11.17,45.4,29.28,13.29,15.99,8.46,13.54,1146.64,2.78,6.1,18.06
2015-06-14 17:40:00,14233200.0,981.9,23.76,298.48,11.11,44.93,29.46,13.24,16.22,8.43,13.48,1146.14,2.77,4.68,21.31
2015-06-14 17:50:00,14233800.0,981.86,23.37,298.09,12.41,50.15,28.78,14.43,14.34,9.19,14.7,1147.07,5.07,7.08,28.48
2015-06-14 18:00:00,14234400.0,981.9,22.58,297.29,13.07,54.91,27.43,15.06,12.37,9.6,15.34,1149.9,6.2,8.81,32.12
2015-06-14 18:10:00,14235000.0,982.01,21.99,296.69,13.0,56.66,26.47,15.0,11.47,9.55,15.27,1152.36,5.88,7.57,29.56
2015-06-14 18:20:00,14235600.0,982.09,21.67,296.36,12.79,56.98,25.95,14.79,11.17,9.42,15.06,1153.8,5.46,7.77,25.14
2015-06-14 18:30:00,14236200.0,982.11,21.57,296.26,12.62,56.72,25.8,14.63,11.16,9.32,14.9,1154.28,4.51,6.93,24.31
2015-06-14 18:40:00,14236800.0,982.06,21.57,296.26,12.66,56.86,25.8,14.67,11.13,9.34,14.94,1154.21,4.52,6.68,26.4
2015-06-14 18:50:00,14237400.0,982.12,21.23,295.91,12.62,57.92,25.26,14.63,10.63,9.32,14.9,1155.63,5.99,8.09,26.94
2015-06-14 19:00:00,14238000.0,982.24,20.82,295.49,12.68,59.62,24.64,14.69,9.95,9.35,14.95,1157.35,5.26,7.32,28.45
2015-06-14 19:10:00,14238600.0,982.35,20.37,295.03,12.76,61.61,23.96,14.76,9.2,9.4,15.03,1159.23,4.97,7.32,26.41
2015-06-14 19:20:00,14239200.0,982.49,19.86,294.5,12.61,62.95,23.22,14.62,8.6,9.31,14.88,1161.48,6.09,8.57,25.51
2015-06-14 19:30:00,14239800.0,982.65,19.6,294.23,12.64,64.1,22.85,14.64,8.2,9.32,14.9,1162.69,5.5,7.4,27.3
2015-06-14 19:40:00,14240400.0,982.84,19.42,294.03,12.64,64.83,22.59,14.65,7.95,9.32,14.9,1163.63,5.06,8.25,25.14
2015-06-14 19:50:00,14241000.0,982.96,19.17,293.77,12.4,64.84,22.24,14.42,7.82,9.18,14.67,1164.86,5.43,7.89,26.66
2015-06-14 20:00:00,14241600.0,983.04,18.89,293.48,12.31,65.59,21.86,14.34,7.52,9.12,14.58,1166.12,4.82,7.18,25.98
2015-06-14 20:10:00,14242200.0,983.27,18.6,293.17,12.24,66.45,21.47,14.26,7.2,9.07,14.51,1167.58,3.97,6.4,19.87
2015-06-14 20:20:00,14242800.0,983.68,18.36,292.9,12.18,67.2,21.14,14.21,6.94,9.03,14.45,1169.06,3.24,5.04,26.03
2015-06-14 20:30:00,14243400.0,983.94,18.09,292.6,12.06,67.81,20.79,14.1,6.69,8.96,14.33,1170.5,3.94,6.04,22.5
2015-06-14 20:40:00,14244000.0,984.24,17.86,292.35,12.01,68.57,20.49,14.05,6.44,8.93,14.28,1171.81,3.65,5.56,24.34
2015-06-14 20:50:00,14244600.0,984.59,17.67,292.12,12.0,69.36,20.25,14.04,6.2,8.92,14.26,1173.0,3.57,5.18,25.45
2015-06-14 21:00:00,14245200.0,984.74,17.52,291.96,11.89,69.5,20.06,13.94,6.12,8.85,14.15,1173.83,4.38,7.25,38.95
2015-06-14 21:10:00,14245800.0,984.85,17.4,291.83,11.79,69.6,19.9,13.85,6.05,8.8,14.07,1174.48,4.8,7.37,27.34
2015-06-14 21:20:00,14246400.0,984.96,17.28,291.7,11.76,69.99,19.75,13.83,5.93,8.78,14.04,1175.11,4.11,7.09,27.39
2015-06-14 21:30:00,14247000.0,985.04,17.11,291.52,11.65,70.2,19.54,13.72,5.82,8.71,13.93,1175.95,3.65,5.61,19.77
2015-06-14 21:40:00,14247600.0,984.94,16.93,291.35,11.54,70.5,19.32,13.62,5.7,8.65,13.83,1176.6,2.79,4.08,10.38
2015-06-14 21:50:00,14248200.0,984.94,16.73,291.15,11.43,70.9,19.08,13.53,5.55,8.59,13.73,1177.46,2.17,4.65,16.53
2015-06-14 22:00:00,14248800.0,984.99,16.56,290.98,11.4,71.5,18.87,13.49,5.38,8.57,13.7,1178.22,3.24,5.53,22.25
2015-06-14 22:10:00,14249400.0,985.07,16.39,290.8,11.4,72.3,18.67,13.5,5.17,8.57,13.7,1179.01,2.03,3.44,14.31
2015-06-14 22:20:00,14250000.0,985.07,16.25,290.66,11.45,73.2,18.5,13.54,4.96,8.6,13.75,1179.56,2.23,3.44,8.62
2015-06-14 22:30:00,14250600.0,985.1,16.06,290.46,11.49,74.3,18.28,13.58,4.7,8.62,13.79,1180.35,2.46,4.48,10.22
2015-06-14 22:40:00,14251200.0,985.19,15.88,290.28,11.52,75.3,18.07,13.61,4.46,8.64,13.81,1181.18,2.31,4.18,11.91
2015-06-14 22:50:00,14251800.0,985.3,15.72,290.11,11.59,76.4,17.89,13.67,4.22,8.67,13.87,1181.94,2.07,3.44,2.02
2015-06-14 23:00:00,14252400.0,985.4,15.58,289.96,11.63,77.3,17.73,13.7,4.02,8.7,13.91,1182.62,1.95,3.64,5.56
2015-06-14 23:10:00,14253000.0,985.48,15.46,289.83,11.65,78.0,17.59,13.72,3.87,8.71,13.92,1183.2,1.62,3.4,20.63
2015-06-14 23:20:00,14253600.0,985.56,15.33,289.69,11.66,78.7,17.44,13.73,3.72,8.71,13.93,1183.83,0.96,2.68,3.28
2015-06-14 23:30:00,14254200.0,985.54,15.17,289.53,11.64,79.4,17.27,13.71,3.56,8.7,13.91,1184.47,1.31,3.32,353.7
2015-06-14 23:40:00,14254800.0,985.51,14.98,289.35,11.6,80.2,17.06,13.68,3.38,8.68,13.88,1185.23,1.23,2.2,2.85
2015-06-14 23:50:00,14255400.0,985.67,14.76,289.11,11.57,81.2,16.82,13.65,3.16,8.66,13.85,1186.34,1.48,2.76,346.1
2015-06-15 00:00:00,14256000.0,985.77,14.72,289.06,11.59,81.5,16.77,13.67,3.1,8.67,13.87,1186.62,0.67,1.9,344.5
2015-06-15 00:10:00,14256600.0,985.81,14.58,288.92,11.55,82.0,16.62,13.63,2.99,8.64,13.83,1187.26,1.38,2.44,351.2
2015-06-15 00:20:00,14257200.0,985.89,14.42,288.75,11.54,82.8,16.45,13.62,2.83,8.64,13.82,1188.02,1.01,2.36,344.5
2015-06-15 00:30:00,14257800.0,986.07,14.28,288.6,11.51,83.4,16.3,13.6,2.71,8.62,13.79,1188.83,1.27,2.8,354.0
2015-06-15 00:40:00,14258400.0,986.17,14.21,288.52,11.51,83.8,16.23,13.6,2.63,8.62,13.79,1189.24,1.52,2.52,350.9
2015-06-15 00:50:00,14259000.0,986.25,14.17,288.47,11.51,84.0,16.19,13.6,2.59,8.62,13.79,1189.5,1.65,2.32,345.6
2015-06-15 01:00:00,14259600.0,986.22,14.07,288.37,11.5,84.5,16.08,13.59,2.49,8.62,13.78,1189.88,1.09,2.36,351.4
2015-06-15 01:10:00,14260200.0,986.28,14.07,288.37,11.52,84.6,16.08,13.6,2.48,8.62,13.79,1189.95,0.71,1.48,332.3
2015-06-15 01:20:00,14260800.0,986.31,14.11,288.4,11.56,84.6,16.12,13.64,2.48,8.65,13.83,1189.8,0.71,1.52,336.0
2015-06-15 01:30:00,14261400.0,986.36,14.17,288.46,11.58,84.4,16.19,13.66,2.53,8.66,13.85,1189.61,0.52,1.12,58.8
2015-06-15 01:40:00,14262000.0,986.34,14.27,288.56,11.63,84.1,16.29,13.7,2.59,8.69,13.89,1189.15,0.54,1.56,18.64
2015-06-15 01:50:00,14262600.0,986.35,14.3,288.59,11.58,83.7,16.32,13.66,2.66,8.66,13.85,1189.06,1.16,2.0,27.67
2015-06-15 02:00:00,14263200.0,986.42,14.27,288.56,11.57,83.8,16.29,13.65,2.64,8.65,13.84,1189.27,1.25,2.28,7.23
2015-06-15 02:10:00,14263800.0,986.51,14.33,288.61,11.56,83.4,16.35,13.64,2.71,8.65,13.83,1189.14,1.14,2.24,2.9
2015-06-15 02:20:00,14264400.0,986.51,14.39,288.67,11.51,82.8,16.42,13.59,2.82,8.62,13.78,1188.91,0.94,1.92,18.24
2015-06-15 02:30:00,14265000.0,986.5,14.33,288.61,11.43,82.7,16.35,13.53,2.83,8.57,13.71,1189.18,1.16,2.6,352.2
2015-06-15 02:40:00,14265600.0,986.36,14.27,288.56,11.39,82.8,16.29,13.49,2.8,8.55,13.68,1189.27,1.3,3.4,3.15
2015-06-15 02:50:00,14266200.0,986.38,14.18,288.47,11.32,82.9,16.2,13.43,2.77,8.51,13.61,1189.7,1.88,3.56,13.71
2015-06-15 03:00:00,14266800.0,986.54,14.05,288.33,11.27,83.3,16.06,13.38,2.68,8.48,13.56,1190.45,1.17,2.36,9.05
2015-06-15 03:10:00,14267400.0,986.65,13.94,288.21,11.25,83.8,15.95,13.36,2.58,8.47,13.54,1191.05,1.15,2.56,12.73
2015-06-15 03:20:00,14268000.0,986.73,13.83,288.09,11.21,84.2,15.83,13.33,2.5,8.45,13.51,1191.62,1.32,3.16,14.31
2015-06-15 03:30:00,14268600.0,986.82,13.64,287.89,11.21,85.2,15.64,13.32,2.31,8.44,13.5,1192.52,1.85,3.04,15.16
2015-06-15 03:40:00,14269200.0,986.94,13.46,287.7,11.2,86.2,15.46,13.32,2.13,8.44,13.5,1193.41,1.87,3.24,13.1
2015-06-15 03:50:00,14269800.0,987.01,13.28,287.51,11.15,86.9,15.28,13.27,2.0,8.41,13.45,1194.27,2.33,3.52,23.56
2015-06-15 04:00:00,14270400.0,987.03,13.14,287.37,11.11,87.5,15.14,13.24,1.89,8.39,13.42,1194.89,1.87,3.24,17.73
2015-06-15 04:10:00,14271000.0,987.15,13.05,287.27,11.06,87.7,15.05,13.2,1.85,8.36,13.37,1195.44,1.97,3.6,15.9
2015-06-15 04:20:00,14271600.0,987.3,13.01,287.22,11.06,87.9,15.01,13.19,1.82,8.35,13.36,1195.79,1.75,3.12,15.2
2015-06-15 04:30:00,14272200.0,987.36,13.05,287.25,11.03,87.5,15.05,13.17,1.88,8.34,13.33,1195.71,2.37,3.52,12.75
2015-06-15 04:40:00,14272800.0,987.5,13.01,287.2,10.92,87.1,15.01,13.07,1.94,8.28,13.24,1196.09,2.64,4.44,19.92
2015-06-15 04:50:00,14273400.0,987.54,13.03,287.22,10.9,86.9,15.03,13.06,1.97,8.27,13.22,1196.06,2.24,3.04,26.9
2015-06-15 05:00:00,14274000.0,987.6,13.01,287.19,10.87,86.8,15.01,13.03,1.98,8.25,13.19,1196.23,3.39,5.11,26.82
2015-06-15 05:10:00,14274600.0,987.65,12.97,287.15,10.83,86.8,14.97,12.99,1.98,8.22,13.16,1196.47,3.09,4.93,23.25
2015-06-15 05:20:00,14275200.0,987.8,12.89,287.06,10.57,85.8,14.89,12.78,2.11,8.08,12.93,1197.09,3.92,5.63,23.67
2015-06-15 05:30:00,14275800.0,987.92,12.76,286.92,10.34,85.2,14.76,12.58,2.19,7.96,12.73,1197.87,4.12,6.53,22.13
2015-06-15 05:40:00,14276400.0,988.03,12.67,286.82,10.24,85.1,14.68,12.49,2.19,7.9,12.64,1198.42,3.48,5.45,22.86
2015-06-15 05:50:00,14277000.0,988.11,12.6,286.74,10.17,85.1,14.61,12.43,2.18,7.86,12.58,1198.84,3.5,5.93,20.56
2015-06-15 06:00:00,14277600.0,988.19,12.53,286.66,10.12,85.2,14.54,12.39,2.15,7.84,12.54,1199.25,3.96,5.77,23.31
2015-06-15 06:10:00,14278200.0,988.29,12.51,286.63,10.08,85.1,14.52,12.36,2.16,7.82,12.51,1199.47,3.58,5.45,22.74
2015-06-15 06:20:00,14278800.0,988.38,12.43,286.55,9.91,84.6,14.45,12.22,2.22,7.73,12.37,1199.98,3.74,5.85,21.87
2015-06-15 06:30:00,14279400.0,988.51,12.42,286.53,9.87,84.4,14.44,12.19,2.25,7.7,12.33,1200.2,3.99,6.25,22.71
2015-06-15 06:40:00,14280000.0,988.63,12.47,286.57,9.78,83.6,14.49,12.11,2.38,7.65,12.25,1200.17,4.61,6.97,33.7
2015-06-15 06:50:00,14280600.0,988.72,12.41,286.5,9.56,82.7,14.43,11.93,2.5,7.54,12.07,1200.61,5.12,6.57,38.51
2015-06-15 07:00:00,14281200.0,988.87,12.36,286.44,9.47,82.5,14.38,11.86,2.52,7.5,12.0,1201.04,5.25,7.29,41.75
2015-06-15 07:10:00,14281800.0,989.01,12.34,286.4,9.42,82.3,14.36,11.82,2.54,7.47,11.95,1201.31,5.42,7.05,41.98
2015-06-15 07:20:00,14282400.0,989.12,12.35,286.4,9.24,81.3,14.37,11.68,2.69,7.38,11.81,1201.47,5.43,7.39,38.95
2015-06-15 07:30:00,14283000.0,989.25,12.36,286.4,9.14,80.7,14.38,11.61,2.78,7.33,11.73,1201.62,4.85,7.33,29.62
2015-06-15 07:40:00,14283600.0,989.37,12.41,286.44,9.16,80.5,14.43,11.61,2.81,7.33,11.74,1201.55,4.3,5.85,26.44
2015-06-15 07:50:00,14284200.0,989.48,12.44,286.47,9.13,80.2,14.46,11.59,2.86,7.32,11.72,1201.57,4.32,5.85,23.14
2015-06-15 08:00:00,14284800.0,989.54,12.58,286.6,9.1,79.3,14.59,11.57,3.02,7.31,11.69,1201.07,4.45,6.93,28.05
2015-06-15 08:10:00,14285400.0,989.66,12.57,286.58,9.11,79.4,14.58,11.58,3.0,7.31,11.7,1201.25,4.6,6.17,25.74
2015-06-15 08:20:00,14286000.0,989.74,12.43,286.43,9.08,80.0,14.45,11.56,2.89,7.3,11.68,1201.95,4.59,6.73,24.77
2015-06-15 08:30:00,14286600.0,989.78,12.55,286.55,8.98,78.8,14.56,11.47,3.09,7.24,11.59,1201.53,4.3,6.89,29.88
2015-06-15 08:40:00,14287200.0,989.78,12.74,286.74,9.07,78.3,14.74,11.55,3.2,7.29,11.66,1200.7,3.74,5.25,29.41
2015-06-15 08:50:00,14287800.0,989.86,12.88,286.88,9.15,78.0,14.88,11.61,3.27,7.33,11.73,1200.18,2.68,5.37,34.92
2015-06-15 09:00:00,14288400.0,989.94,13.18,287.17,9.23,76.9,15.18,11.67,3.51,7.37,11.79,1198.99,2.43,4.36,50.08
2015-06-15 09:10:00,14289000.0,990.06,13.36,287.34,9.23,76.0,15.36,11.67,3.69,7.36,11.79,1198.38,3.08,4.89,50.35
2015-06-15 09:20:00,14289600.0,990.22,13.39,287.36,9.2,75.7,15.39,11.65,3.74,7.35,11.76,1198.46,3.23,5.01,54.69
2015-06-15 09:30:00,14290200.0,990.34,13.54,287.5,9.26,75.3,15.54,11.7,3.84,7.38,11.81,1197.96,3.3,5.45,58.51
2015-06-15 09:40:00,14290800.0,990.35,13.61,287.57,9.31,75.2,15.61,11.74,3.87,7.4,11.85,1197.66,3.11,5.13,44.13
2015-06-15 09:50:00,14291400.0,990.42,13.59,287.54,9.33,75.4,15.59,11.75,3.83,7.41,11.87,1197.82,3.9,5.05,55.08
2015-06-15 10:00:00,14292000.0,990.55,13.48,287.42,9.42,76.4,15.48,11.82,3.65,7.46,11.94,1198.41,3.46,5.29,50.2
2015-06-15 10:10:00,14292600.0,990.71,13.46,287.39,9.38,76.3,15.46,11.79,3.66,7.44,11.9,1198.7,3.61,4.95,29.91
2015-06-15 10:20:00,14293200.0,990.76,13.36,287.28,9.3,76.4,15.36,11.73,3.62,7.4,11.84,1199.21,4.11,6.09,21.78
2015-06-15 10:30:00,14293800.0,990.9,13.4,287.31,9.4,76.7,15.4,11.81,3.59,7.45,11.92,1199.17,3.58,5.13,26.89
2015-06-15 10:40:00,14294400.0,991.09,13.37,287.26,9.39,76.8,15.37,11.8,3.56,7.44,11.91,1199.53,3.94,6.01,31.53
2015-06-15 10:50:00,14295000.0,991.19,13.14,287.03,9.17,76.8,15.14,11.62,3.51,7.33,11.73,1200.7,3.77,5.51,24.13
2015-06-15 11:00:00,14295600.0,991.29,13.01,286.89,8.91,76.1,15.01,11.42,3.59,7.2,11.52,1201.46,2.82,4.77,21.78
2015-06-15 11:10:00,14296200.0,991.38,13.01,286.88,8.73,75.2,15.01,11.29,3.72,7.11,11.38,1201.63,2.82,4.71,19.72
2015-06-15 11:20:00,14296800.0,991.45,13.12,286.98,8.72,74.6,15.12,11.28,3.84,7.11,11.37,1201.26,2.67,4.85,16.93
2015-06-15 11:30:00,14297400.0,991.55,13.42,287.28,8.83,73.7,15.42,11.36,4.05,7.16,11.46,1200.09,2.01,3.76,19.66
2015-06-15 11:40:00,14298000.0,991.61,13.89,287.74,8.98,72.2,15.89,11.48,4.42,7.23,11.57,1198.14,1.65,4.38,22.66
2015-06-15 11:50:00,14298600.0,991.69,14.02,287.87,8.98,71.6,16.03,11.48,4.55,7.23,11.57,1197.7,2.72,5.09,21.48
2015-06-15 12:00:00,14299200.0,991.69,14.02,287.87,8.9,71.2,16.03,11.41,4.62,7.19,11.51,1197.72,3.68,6.21,27.94
2015-06-15 12:10:00,14299800.0,991.73,14.21,288.05,8.8,69.89,16.23,11.34,4.89,7.14,11.44,1197.01,4.3,6.21,30.19
2015-06-15 12:20:00,14300400.0,991.82,14.43,288.27,8.73,68.54,16.46,11.28,5.18,7.11,11.38,1196.23,3.14,5.57,36.92
2015-06-15 12:30:00,14301000.0,991.9,14.81,288.64,8.56,66.11,16.87,11.15,5.72,7.02,11.24,1194.81,2.54,4.61,16.81
2015-06-15 12:40:00,14301600.0,991.92,15.35,289.18,8.66,64.28,17.47,11.23,6.24,7.07,11.32,1192.57,1.86,4.04,28.7
2015-06-15 12:50:00,14302200.0,991.9,15.28,289.11,8.41,63.51,17.39,11.04,6.35,6.95,11.13,1192.92,2.64,4.48,31.61
2015-06-15 13:00:00,14302800.0,991.91,15.46,289.29,8.42,62.8,17.59,11.05,6.54,6.96,11.14,1192.18,2.52,4.93,20.42
2015-06-15 13:10:00,14303400.0,991.88,15.53,289.36,8.42,62.55,17.67,11.05,6.62,6.96,11.14,1191.85,1.86,3.24,20.79
2015-06-15 13:20:00,14304000.0,991.89,16.13,289.96,8.59,60.88,18.36,11.18,7.18,7.04,11.27,1189.34,1.82,4.81,342.9
2015-06-15 13:30:00,14304600.0,991.88,16.01,289.85,8.5,60.97,18.22,11.11,7.11,7.0,11.2,1189.85,1.9,3.76,11.12
2015-06-15 13:40:00,14305200.0,991.86,16.05,289.89,8.47,60.68,18.27,11.09,7.18,6.98,11.18,1189.67,2.79,5.01,24.69
2015-06-15 13:50:00,14305800.0,991.86,15.89,289.73,8.41,61.08,18.08,11.04,7.04,6.96,11.14,1190.35,3.01,5.29,24.38
2015-06-15 14:00:00,14306400.0,991.79,16.09,289.93,8.27,59.71,18.32,10.94,7.38,6.89,11.03,1189.49,1.97,5.41,22.41
2015-06-15 14:10:00,14307000.0,991.77,16.37,290.22,8.06,57.81,18.65,10.78,7.87,6.79,10.87,1188.39,3.18,5.29,44.98
2015-06-15 14:20:00,14307600.0,991.67,16.8,290.65,7.78,55.22,19.16,10.58,8.58,6.66,10.67,1186.6,2.01,4.52,36.35
2015-06-15 14:30:00,14308200.0,991.59,17.58,291.44,8.14,53.84,20.13,10.84,9.29,6.83,10.93,1183.2,2.55,5.0,88.7
2015-06-15 14:40:00,14308800.0,991.56,16.99,290.85,7.89,54.96,19.39,10.66,8.74,6.71,10.75,1185.65,2.98,4.4,51.58
2015-06-15 14:50:00,14309400.0,991.52,17.13,291.0,7.91,54.56,19.57,10.68,8.89,6.72,10.77,1185.02,3.35,5.08,24.53
2015-06-15 15:00:00,14310000.0,991.5,17.23,291.1,8.13,55.03,19.69,10.84,8.86,6.83,10.93,1184.52,3.05,4.88,18.46
2015-06-15 15:10:00,14310600.0,991.5,17.24,291.11,8.1,54.86,19.7,10.81,8.89,6.81,10.9,1184.49,3.22,6.12,19.07
2015-06-15 15:20:00,14311200.0,991.48,17.22,291.09,8.03,54.68,19.68,10.76,8.92,6.78,10.85,1184.57,3.16,5.16,30.93
2015-06-15 15:30:00,14311800.0,991.52,17.09,290.96,7.82,54.36,19.52,10.61,8.91,6.68,10.7,1185.22,3.83,5.72,28.6
2015-06-15 15:40:00,14312400.0,991.57,16.78,290.64,7.82,55.41,19.14,10.6,8.53,6.68,10.69,1186.55,3.96,6.81,21.67
2015-06-15 15:50:00,14313000.0,991.57,16.77,290.63,7.92,55.84,19.13,10.68,8.45,6.73,10.77,1186.55,2.9,5.78,28.38
2015-06-15 16:00:00,14313600.0,991.58,16.83,290.69,7.93,55.65,19.2,10.68,8.51,6.73,10.77,1186.32,2.19,4.4,19.56
2015-06-15 16:10:00,14314200.0,991.54,17.12,290.99,7.94,54.69,19.56,10.69,8.86,6.74,10.79,1185.08,2.18,4.1,8.85
2015-06-15 16:20:00,14314800.0,991.45,17.03,290.9,7.69,54.06,19.44,10.51,8.93,6.62,10.6,1185.42,4.06,6.64,29.37
2015-06-15 16:30:00,14315400.0,991.36,17.14,291.02,7.89,54.44,19.58,10.66,8.92,6.72,10.75,1184.8,3.15,5.4,34.05
2015-06-15 16:40:00,14316000.0,991.34,17.54,291.42,7.89,53.08,20.08,10.66,9.42,6.72,10.75,1183.14,2.88,4.38,38.71
2015-06-15 16:50:00,14316600.0,991.34,17.17,291.05,7.77,53.9,19.62,10.57,9.04,6.66,10.67,1184.69,3.29,5.54,31.75
2015-06-15 17:00:00,14317200.0,991.4,16.96,290.84,7.55,53.79,19.36,10.41,8.95,6.56,10.5,1185.69,3.5,5.66,21.35
2015-06-15 17:10:00,14317800.0,991.39,17.39,291.27,7.77,53.14,19.89,10.57,9.32,6.66,10.66,1183.86,2.1,4.8,33.28
2015-06-15 17:20:00,14318400.0,991.41,17.63,291.51,8.04,53.33,20.2,10.77,9.43,6.79,10.86,1182.81,3.02,5.48,38.99
2015-06-15 17:30:00,14319000.0,991.44,17.07,290.94,8.01,55.12,19.49,10.74,8.75,6.77,10.84,1185.14,2.87,4.48,30.74
2015-06-15 17:40:00,14319600.0,991.46,17.01,290.88,8.05,55.48,19.42,10.77,8.65,6.79,10.87,1185.4,2.93,4.72,27.7
2015-06-15 17:50:00,14320200.0,991.47,17.15,291.02,8.22,55.65,19.59,10.9,8.69,6.87,11.0,1184.78,1.41,3.64,36.44
2015-06-15 18:00:00,14320800.0,991.45,16.98,290.85,8.09,55.73,19.38,10.8,8.58,6.8,10.89,1185.5,1.35,3.02,17.27
2015-06-15 18:10:00,14321400.0,991.53,17.46,291.33,8.0,53.74,19.98,10.74,9.24,6.76,10.83,1183.66,1.77,3.12,26.31
2015-06-15 18:20:00,14322000.0,991.5,17.97,291.84,8.18,52.67,20.63,10.87,9.77,6.85,10.96,1181.49,0.98,2.48,356.2
2015-06-15 18:30:00,14322600.0,991.45,17.46,291.33,7.7,52.67,19.98,10.52,9.46,6.63,10.61,1183.66,1.29,3.28,31.28
2015-06-15 18:40:00,14323200.0,991.54,17.17,291.04,7.83,54.09,19.62,10.61,9.01,6.68,10.7,1184.91,1.34,2.44,9.27
2015-06-15 18:50:00,14323800.0,991.57,17.28,291.14,7.78,53.54,19.75,10.58,9.18,6.66,10.67,1184.52,1.11,2.04,16.36
2015-06-15 19:00:00,14324400.0,991.58,17.26,291.12,7.81,53.73,19.73,10.6,9.13,6.68,10.69,1184.6,1.02,1.92,333.4
2015-06-15 19:10:00,14325000.0,991.58,17.04,290.9,7.77,54.33,19.46,10.57,8.89,6.66,10.66,1185.51,0.93,1.68,333.1
2015-06-15 19:20:00,14325600.0,991.65,16.91,290.77,7.87,55.16,19.3,10.64,8.65,6.7,10.73,1186.09,0.97,2.48,337.3
2015-06-15 19:30:00,14326200.0,991.76,16.69,290.54,7.87,55.93,19.03,10.64,8.39,6.7,10.73,1187.13,1.23,2.72,359.9
2015-06-15 19:40:00,14326800.0,991.87,16.6,290.44,7.6,55.23,18.92,10.45,8.47,6.58,10.54,1187.71,0.8,1.86,7.19
2015-06-15 19:50:00,14327400.0,991.96,16.47,290.3,6.89,53.05,18.76,9.95,8.81,6.27,10.04,1188.58,1.66,3.24,21.31
2015-06-15 20:00:00,14328000.0,992.08,16.3,290.12,6.6,52.55,18.56,9.75,8.81,6.14,9.83,1189.51,0.64,1.8,5.81
2015-06-15 20:10:00,14328600.0,992.19,16.04,289.85,6.49,53.04,18.26,9.68,8.57,6.09,9.76,1190.75,0.58,2.04,340.9
2015-06-15 20:20:00,14329200.0,992.27,15.82,289.62,6.17,52.6,18.0,9.47,8.53,5.96,9.54,1191.85,0.65,1.52,8.14
2015-06-15 20:30:00,14329800.0,992.41,15.68,289.47,6.1,52.82,17.84,9.42,8.42,5.93,9.5,1192.62,0.71,1.64,27.82
2015-06-15 20:40:00,14330400.0,992.54,15.57,289.35,6.07,53.07,17.72,9.4,8.31,5.91,9.47,1193.24,1.03,1.76,349.7
2015-06-15 20:50:00,14331000.0,992.75,15.53,289.29,6.0,52.95,17.67,9.36,8.31,5.88,9.42,1193.68,1.3,1.96,348.5
2015-06-15 21:00:00,14331600.0,992.96,15.35,289.09,5.91,53.25,17.47,9.3,8.17,5.85,9.37,1194.7,1.78,2.08,338.7
2015-06-15 21:10:00,14332200.0,993.05,15.23,288.97,5.71,52.91,17.33,9.17,8.16,5.76,9.24,1195.37,1.96,2.32,344.8
2015-06-15 21:20:00,14332800.0,993.12,15.04,288.77,5.48,52.72,17.12,9.03,8.1,5.67,9.09,1196.3,2.09,2.56,349.2
2015-06-15 21:30:00,14333400.0,993.18,14.87,288.59,5.37,52.9,16.94,8.96,7.98,5.63,9.02,1197.11,1.93,2.68,347.6
2015-06-15 21:40:00,14334000.0,993.26,14.74,288.46,5.3,53.08,16.79,8.91,7.88,5.6,8.97,1197.77,1.47,2.16,354.4
2015-06-15 21:50:00,14334600.0,993.3,14.64,288.35,5.25,53.25,16.69,8.89,7.8,5.58,8.95,1198.25,1.44,2.22,349.1
2015-06-15 22:00:00,14335200.0,993.35,14.6,288.31,5.17,53.07,16.64,8.83,7.81,5.55,8.89,1198.5,1.71,2.16,340.6
2015-06-15 22:10:00,14335800.0,993.42,14.57,288.27,5.1,52.9,16.61,8.79,7.82,5.52,8.85,1198.73,1.51,1.96,338.5
2015-06-15 22:20:00,14336400.0,993.52,14.46,288.16,5.03,53.05,16.49,8.75,7.74,5.5,8.81,1199.33,0.92,1.56,348.3
2015-06-15 22:30:00,14337000.0,993.57,14.38,288.07,5.02,53.26,16.41,8.74,7.67,5.49,8.8,1199.73,0.63,1.44,12.8
2015-06-15 22:40:00,14337600.0,993.64,14.12,287.8,5.0,54.12,16.13,8.73,7.4,5.48,8.79,1200.9,0.92,1.48,22.71
2015-06-15 22:50:00,14338200.0,993.69,13.8,287.48,5.2,56.0,15.8,8.85,6.95,5.56,8.91,1202.25,0.95,1.28,28.27
2015-06-15 23:00:00,14338800.0,993.7,13.6,287.28,5.09,56.32,15.6,8.78,6.81,5.52,8.84,1203.13,0.57,1.16,28.24
2015-06-15 23:10:00,14339400.0,993.77,13.07,286.74,5.43,59.7,15.07,8.99,6.07,5.65,9.05,1205.34,0.45,0.68,111.4
2015-06-15 23:20:00,14340000.0,993.82,12.74,286.41,5.56,61.56,14.74,9.08,5.67,5.7,9.13,1206.75,0.23,0.56,39.19
2015-06-15 23:30:00,14340600.0,993.9,12.52,286.18,5.69,63.04,14.53,9.16,5.37,5.75,9.22,1207.75,0.18,0.48,31.89
2015-06-15 23:40:00,14341200.0,993.9,12.32,285.98,5.91,64.82,14.34,9.3,5.05,5.84,9.35,1208.54,0.23,0.46,40.15
2015-06-15 23:50:00,14341800.0,993.93,12.18,285.84,5.52,63.67,14.21,9.05,5.16,5.68,9.1,1209.28,0.51,1.44,33.59
2015-06-16 00:00:00,14342400.0,994.09,12.22,285.86,5.2,62.11,14.25,8.85,5.4,5.56,8.9,1209.39,1.26,2.2,14.55
2015-06-16 00:10:00,14343000.0,994.15,11.91,285.55,5.14,63.15,13.96,8.82,5.14,5.53,8.87,1210.8,1.27,2.34,8.41
2015-06-16 00:20:00,14343600.0,994.17,11.8,285.44,4.75,61.9,13.86,8.58,5.28,5.39,8.63,1211.39,1.47,3.52,56.44
2015-06-16 00:30:00,14344200.0,994.33,11.73,285.35,4.49,61.05,13.8,8.42,5.37,5.29,8.47,1211.96,2.78,4.87,23.79
2015-06-16 00:40:00,14344800.0,994.4,11.68,285.3,4.42,60.96,13.75,8.38,5.37,5.26,8.43,1212.28,2.45,3.56,12.32
2015-06-16 00:50:00,14345400.0,994.4,11.5,285.12,4.41,61.64,13.59,8.38,5.21,5.26,8.42,1213.05,2.11,3.84,11.62
2015-06-16 01:00:00,14346000.0,994.49,11.26,284.87,4.42,62.69,13.37,8.38,4.99,5.26,8.43,1214.18,1.7,3.8,8.92
2015-06-16 01:10:00,14346600.0,994.55,11.03,284.63,4.46,63.8,13.17,8.4,4.77,5.27,8.45,1215.23,0.68,1.76,15.65
2015-06-16 01:20:00,14347200.0,994.61,10.8,284.4,4.48,64.91,12.97,8.42,4.55,5.28,8.46,1216.27,0.74,1.68,34.64
2015-06-16 01:30:00,14347800.0,994.68,10.63,284.22,4.49,65.68,12.82,8.42,4.4,5.28,8.47,1217.08,0.76,1.72,291.4
2015-06-16 01:40:00,14348400.0,994.71,10.51,284.1,4.56,66.54,12.72,8.46,4.26,5.31,8.51,1217.63,0.63,1.24,339.8
2015-06-16 01:50:00,14349000.0,994.77,10.49,284.08,4.56,66.62,12.7,8.46,4.24,5.31,8.51,1217.78,0.85,1.68,337.2
2015-06-16 02:00:00,14349600.0,994.87,10.39,283.97,4.54,66.96,12.62,8.45,4.17,5.3,8.49,1218.34,1.68,2.08,321.5
2015-06-16 02:10:00,14350200.0,994.88,10.32,283.9,4.52,67.21,12.56,8.44,4.12,5.29,8.49,1218.66,1.54,1.92,334.8
2015-06-16 02:20:00,14350800.0,994.89,10.28,283.86,4.55,67.53,12.53,8.46,4.07,5.31,8.5,1218.84,1.92,2.96,344.7
2015-06-16 02:30:00,14351400.0,994.89,10.27,283.85,4.63,67.94,12.52,8.5,4.01,5.33,8.55,1218.86,2.06,3.16,5.72
2015-06-16 02:40:00,14352000.0,994.89,10.27,283.85,4.66,68.1,12.52,8.52,3.99,5.35,8.57,1218.85,1.65,2.84,10.73
2015-06-16 02:50:00,14352600.0,994.89,10.36,283.94,4.77,68.2,12.59,8.59,4.0,5.39,8.63,1218.44,0.62,2.56,293.3
2015-06-16 03:00:00,14353200.0,994.93,10.33,283.9,4.79,68.44,12.57,8.6,3.97,5.4,8.65,1218.6,0.62,1.28,246.9
2015-06-16 03:10:00,14353800.0,994.98,10.21,283.78,4.68,68.48,12.47,8.54,3.93,5.35,8.58,1219.2,0.98,1.48,313.6
2015-06-16 03:20:00,14354400.0,994.97,10.16,283.73,4.64,68.51,12.43,8.51,3.91,5.34,8.56,1219.43,1.25,1.9,339.5
2015-06-16 03:30:00,14355000.0,994.99,10.13,283.7,4.65,68.66,12.4,8.51,3.89,5.34,8.56,1219.58,1.0,1.96,297.6
2015-06-16 03:40:00,14355600.0,995.03,10.13,283.69,4.7,68.92,12.4,8.55,3.85,5.36,8.59,1219.62,0.62,1.2,260.1
2015-06-16 03:50:00,14356200.0,995.13,10.1,283.66,4.74,69.27,12.38,8.57,3.8,5.38,8.62,1219.85,0.8,1.56,305.9
2015-06-16 04:00:00,14356800.0,995.21,10.14,283.69,4.77,69.23,12.41,8.59,3.82,5.39,8.63,1219.77,1.03,2.36,353.4
2015-06-16 04:10:00,14357400.0,995.24,10.13,283.68,4.82,69.49,12.4,8.62,3.78,5.4,8.66,1219.83,0.68,1.9,299.2
2015-06-16 04:20:00,14358000.0,995.4,9.93,283.46,4.79,70.3,12.24,8.6,3.63,5.39,8.64,1220.9,0.82,1.76,256.9
2015-06-16 04:30:00,14358600.0,995.52,9.87,283.39,4.83,70.8,12.19,8.63,3.56,5.41,8.67,1221.29,0.86,2.08,311.7
2015-06-16 04:40:00,14359200.0,995.55,9.81,283.33,4.84,71.1,12.14,8.63,3.51,5.41,8.67,1221.6,1.13,2.36,358.1
2015-06-16 04:50:00,14359800.0,995.53,9.91,283.43,4.93,71.1,12.22,8.69,3.53,5.45,8.73,1221.11,0.65,1.88,48.28
2015-06-16 05:00:00,14360400.0,995.55,10.0,283.52,5.0,71.0,12.29,8.73,3.57,5.47,8.77,1220.72,0.5,1.4,219.7
2015-06-16 05:10:00,14361000.0,995.5,9.95,283.48,4.99,71.2,12.25,8.72,3.53,5.47,8.76,1220.88,0.52,1.2,250.9
2015-06-16 05:20:00,14361600.0,995.51,9.99,283.52,5.05,71.3,12.29,8.76,3.53,5.49,8.8,1220.7,1.07,2.14,326.3
2015-06-16 05:30:00,14362200.0,995.49,10.0,283.53,5.04,71.2,12.29,8.75,3.54,5.49,8.79,1220.64,1.28,2.2,12.59
2015-06-16 05:40:00,14362800.0,995.51,10.09,283.61,5.11,71.1,12.37,8.79,3.57,5.51,8.83,1220.26,1.18,1.92,4.95
2015-06-16 05:50:00,14363400.0,995.51,10.13,283.65,5.12,71.0,12.4,8.81,3.6,5.52,8.84,1220.08,1.42,2.48,16.32
2015-06-16 06:00:00,14364000.0,995.52,10.17,283.69,5.18,71.1,12.43,8.84,3.59,5.54,8.88,1219.91,1.52,2.44,7.57
2015-06-16 06:10:00,14364600.0,995.6,10.3,283.82,5.27,70.9,12.54,8.89,3.65,5.57,8.93,1219.42,1.28,2.32,5.62
2015-06-16 06:20:00,14365200.0,995.63,10.71,284.23,5.43,69.76,12.89,8.99,3.9,5.64,9.03,1217.64,1.39,2.66,10.67
2015-06-16 06:30:00,14365800.0,995.65,10.88,284.39,5.46,69.15,13.04,9.02,4.02,5.65,9.06,1216.93,1.44,2.48,352.3
2015-06-16 06:40:00,14366400.0,995.63,10.88,284.4,5.41,68.9,13.04,8.98,4.06,5.63,9.02,1216.92,2.3,3.4,35.81
2015-06-16 06:50:00,14367000.0,995.6,10.88,284.4,5.36,68.64,13.04,8.95,4.09,5.61,8.99,1216.91,1.94,3.28,26.83
2015-06-16 07:00:00,14367600.0,995.51,11.28,284.81,5.4,67.04,13.39,8.98,4.41,5.63,9.02,1215.06,2.35,3.48,41.59
2015-06-16 07:10:00,14368200.0,995.5,11.69,285.22,5.47,65.56,13.76,9.02,4.74,5.66,9.06,1213.29,2.38,3.36,41.62
2015-06-16 07:20:00,14368800.0,995.52,12.11,285.64,5.52,64.0,14.15,9.05,5.09,5.68,9.09,1211.5,2.25,3.8,17.8
2015-06-16 07:30:00,14369400.0,995.55,12.27,285.79,5.57,63.53,14.3,9.08,5.21,5.69,9.12,1210.85,2.56,4.08,19.22
2015-06-16 07:40:00,14370000.0,995.51,12.47,286.0,5.67,63.15,14.49,9.15,5.34,5.74,9.19,1209.92,2.45,3.94,30.23
2015-06-16 07:50:00,14370600.0,995.51,12.7,286.23,5.67,62.2,14.71,9.15,5.56,5.74,9.19,1208.95,2.62,4.4,26.21
2015-06-16 08:00:00,14371200.0,995.51,12.83,286.36,5.76,62.04,14.83,9.2,5.63,5.77,9.24,1208.37,2.39,4.44,29.68
2015-06-16 08:10:00,14371800.0,995.5,12.74,286.27,5.71,62.19,14.74,9.17,5.57,5.75,9.21,1208.77,2.5,4.2,34.96
2015-06-16 08:20:00,14372400.0,995.47,12.72,286.25,5.81,62.71,14.73,9.23,5.49,5.79,9.28,1208.78,1.91,4.04,47.12
2015-06-16 08:30:00,14373000.0,995.39,13.26,286.8,5.92,61.0,15.26,9.31,5.95,5.84,9.35,1206.37,2.24,3.56,34.8
2015-06-16 08:40:00,14373600.0,995.41,13.57,287.11,6.1,60.53,15.57,9.42,6.14,5.91,9.47,1205.04,2.74,4.77,24.69
2015-06-16 08:50:00,14374200.0,995.39,13.58,287.12,5.96,59.9,15.58,9.33,6.25,5.85,9.37,1205.02,3.13,5.09,28.01
2015-06-16 09:00:00,14374800.0,995.38,13.41,286.95,5.81,59.96,15.41,9.24,6.17,5.79,9.28,1205.76,2.66,4.81,42.91
2015-06-16 09:10:00,14375400.0,995.32,13.57,287.12,5.94,59.87,15.57,9.32,6.25,5.84,9.36,1204.98,2.77,4.28,41.74
2015-06-16 09:20:00,14376000.0,995.27,13.89,287.44,6.08,59.21,15.89,9.41,6.48,5.9,9.46,1203.53,2.59,5.05,69.3
2015-06-16 09:30:00,14376600.0,995.3,14.28,287.83,6.06,57.65,16.3,9.4,6.9,5.89,9.44,1201.94,2.2,5.13,43.81
2015-06-16 09:40:00,14377200.0,995.29,14.67,288.22,6.17,56.64,16.72,9.47,7.25,5.94,9.51,1200.26,2.24,5.05,56.36
2015-06-16 09:50:00,14377800.0,995.33,14.69,288.24,6.13,56.41,16.74,9.44,7.3,5.92,9.49,1200.24,2.5,4.96,52.59
2015-06-16 10:00:00,14378400.0,995.23,15.21,288.77,6.11,54.48,17.31,9.43,7.88,5.92,9.48,1197.96,2.67,4.9,45.01
2015-06-16 10:10:00,14379000.0,995.16,15.37,288.93,5.63,52.14,17.49,9.12,8.37,5.72,9.16,1197.35,1.66,3.86,17.49
2015-06-16 10:20:00,14379600.0,995.05,16.01,289.58,6.12,51.8,18.22,9.44,8.78,5.92,9.49,1194.42,1.59,3.64,95.8
2015-06-16 10:30:00,14380200.0,995.12,15.88,289.44,5.89,51.39,18.07,9.29,8.78,5.83,9.33,1195.12,2.66,4.22,17.83
2015-06-16 10:40:00,14380800.0,995.13,15.65,289.21,5.65,51.31,17.81,9.14,8.67,5.73,9.18,1196.16,2.31,4.68,53.62
2015-06-16 10:50:00,14381400.0,995.05,16.24,289.81,5.86,50.11,18.49,9.27,9.23,5.81,9.31,1193.56,2.53,4.64,82.8
2015-06-16 11:00:00,14382000.0,995.0,16.31,289.89,6.03,50.49,18.57,9.38,9.2,5.88,9.43,1193.16,3.37,5.32,43.53
2015-06-16 11:10:00,14382600.0,995.0,16.44,290.02,5.93,49.72,18.73,9.31,9.42,5.84,9.36,1192.65,3.3,5.92,16.95
2015-06-16 11:20:00,14383200.0,994.96,16.73,290.31,5.89,48.68,19.08,9.29,9.79,5.83,9.33,1191.43,3.21,5.4,28.07
2015-06-16 11:30:00,14383800.0,994.99,16.73,290.31,6.25,49.9,19.08,9.52,9.56,5.97,9.57,1191.36,2.37,4.72,38.21
2015-06-16 11:40:00,14384400.0,995.0,16.78,290.36,6.27,49.81,19.14,9.53,9.61,5.98,9.58,1191.15,2.5,6.16,1.48
2015-06-16 11:50:00,14385000.0,994.94,16.56,290.14,6.17,50.16,18.87,9.47,9.41,5.94,9.51,1192.01,2.68,6.61,32.1
2015-06-16 12:00:00,14385600.0,994.85,16.51,290.1,6.17,50.32,18.81,9.47,9.35,5.94,9.52,1192.12,3.68,5.36,20.3
2015-06-16 12:10:00,14386200.0,994.78,15.9,289.49,5.69,50.62,18.09,9.16,8.93,5.75,9.21,1194.69,3.27,6.56,9.56
2015-06-16 12:20:00,14386800.0,994.69,16.2,289.8,5.47,48.91,18.44,9.02,9.42,5.66,9.07,1193.4,3.55,5.6,28.07
2015-06-16 12:30:00,14387400.0,994.64,16.66,290.27,6.2,49.95,18.99,9.49,9.51,5.95,9.54,1191.24,3.09,6.0,27.62
2015-06-16 12:40:00,14388000.0,994.65,16.57,290.18,6.08,49.82,18.88,9.41,9.48,5.9,9.46,1191.65,3.66,5.66,27.2
2015-06-16 12:50:00,14388600.0,994.63,16.59,290.2,5.75,48.63,18.91,9.2,9.71,5.77,9.24,1191.64,3.32,6.0,47.77
2015-06-16 13:00:00,14389200.0,994.56,17.05,290.66,5.87,47.63,19.47,9.27,10.2,5.82,9.32,1189.64,2.28,4.2,20.95
2015-06-16 13:10:00,14389800.0,994.46,17.29,290.91,5.43,45.5,19.77,8.99,10.77,5.64,9.04,1188.66,2.62,7.28,47.18
2015-06-16 13:20:00,14390400.0,994.51,17.28,290.9,5.81,46.77,19.75,9.24,10.52,5.8,9.29,1188.65,4.68,6.93,23.51
2015-06-16 13:30:00,14391000.0,994.51,16.99,290.61,5.67,47.17,19.39,9.15,10.25,5.74,9.2,1189.87,4.35,6.85,25.35
2015-06-16 13:40:00,14391600.0,994.51,16.96,290.58,5.67,47.26,19.36,9.15,10.21,5.74,9.2,1190.01,4.69,7.73,24.39
2015-06-16 13:50:00,14392200.0,994.56,16.93,290.54,6.21,49.15,19.32,9.5,9.82,5.96,9.55,1190.02,4.55,7.77,20.45
2015-06-16 14:00:00,14392800.0,994.56,16.5,290.11,5.94,49.57,18.8,9.32,9.48,5.85,9.37,1191.87,5.8,8.69,25.28
2015-06-16 14:10:00,14393400.0,994.62,16.68,290.29,5.93,48.98,19.02,9.31,9.7,5.85,9.36,1191.21,3.91,6.28,26.61
2015-06-16 14:20:00,14394000.0,994.58,16.93,290.54,5.99,48.41,19.32,9.35,9.97,5.87,9.4,1190.12,3.72,5.6,28.55
2015-06-16 14:30:00,14394600.0,994.52,17.01,290.63,5.89,47.81,19.42,9.28,10.13,5.83,9.34,1189.75,3.92,6.24,23.94
2015-06-16 14:40:00,14395200.0,994.51,16.78,290.4,5.81,48.26,19.14,9.24,9.9,5.8,9.29,1190.7,4.59,8.05,26.97
2015-06-16 14:50:00,14395800.0,994.54,16.44,290.05,5.93,49.71,18.73,9.31,9.42,5.84,9.36,1192.1,5.39,7.45,33.31
2015-06-16 15:00:00,14396400.0,994.61,16.16,289.77,5.81,50.22,18.4,9.24,9.16,5.8,9.29,1193.38,5.15,7.77,23.87
2015-06-16 15:10:00,14397000.0,994.65,16.35,289.95,6.29,51.29,18.62,9.55,9.07,5.99,9.6,1192.49,5.87,9.09,27.87
2015-06-16 15:20:00,14397600.0,994.66,15.99,289.59,6.24,52.29,18.2,9.52,8.68,5.97,9.57,1194.0,6.88,9.85,32.13
2015-06-16 15:30:00,14398200.0,994.69,15.61,289.21,6.26,53.63,17.76,9.53,8.24,5.98,9.58,1195.61,5.41,8.13,28.06
2015-06-16 15:40:00,14398800.0,994.68,15.68,289.28,6.28,53.49,17.84,9.54,8.3,5.99,9.59,1195.31,5.38,8.65,23.6
2015-06-16 15:50:00,14399400.0,994.65,15.49,289.09,6.27,54.1,17.62,9.54,8.09,5.98,9.59,1196.06,6.65,9.13,32.92
2015-06-16 16:00:00,14400000.0,994.77,15.18,288.77,6.22,54.99,17.28,9.5,7.78,5.96,9.55,1197.5,5.84,8.11,31.84
2015-06-16 16:10:00,14400600.0,994.88,15.13,288.71,6.1,54.71,17.22,9.42,7.8,5.91,9.47,1197.88,5.64,8.77,30.94
2015-06-16 16:20:00,14401200.0,994.87,14.93,288.51,6.0,55.03,17.0,9.36,7.65,5.87,9.4,1198.73,4.52,6.81,24.83
2015-06-16 16:30:00,14401800.0,994.85,14.98,288.57,6.09,55.2,17.06,9.42,7.64,5.91,9.46,1198.46,4.68,7.41,31.72
2015-06-16 16:40:00,14402400.0,994.85,14.95,288.54,5.96,54.84,17.02,9.34,7.69,5.86,9.38,1198.63,5.09,8.49,30.28
2015-06-16 16:50:00,14403000.0,994.91,14.63,288.21,5.55,54.38,16.68,9.07,7.61,5.69,9.11,1200.16,5.1,7.37,25.56
2015-06-16 17:00:00,14403600.0,995.01,14.53,288.1,5.45,54.35,16.57,9.0,7.56,5.65,9.05,1200.72,4.55,7.61,23.93
2015-06-16 17:10:00,14404200.0,995.05,14.32,287.89,5.21,54.19,16.34,8.86,7.49,5.56,8.9,1201.72,4.73,7.09,21.1
2015-06-16 17:20:00,14404800.0,995.11,14.21,287.77,5.15,54.35,16.23,8.82,7.41,5.53,8.86,1202.26,4.89,7.57,25.4
2015-06-16 17:30:00,14405400.0,995.15,14.3,287.86,5.1,53.84,16.32,8.79,7.53,5.51,8.83,1201.95,4.55,6.85,28.57
2015-06-16 17:40:00,14406000.0,995.19,14.09,287.65,4.88,53.76,16.1,8.66,7.45,5.43,8.7,1202.94,5.7,8.53,35.12
2015-06-16 17:50:00,14406600.0,995.26,13.9,287.45,4.66,53.58,15.9,8.52,7.38,5.34,8.56,1203.88,5.64,8.33,23.86
2015-06-16 18:00:00,14407200.0,995.27,13.95,287.5,4.57,53.07,15.96,8.47,7.49,5.31,8.51,1203.71,4.88,7.37,32.51
2015-06-16 18:10:00,14407800.0,995.37,14.07,287.61,4.42,52.11,16.08,8.38,7.7,5.25,8.42,1203.38,4.34,6.21,30.18
2015-06-16 18:20:00,14408400.0,995.47,13.91,287.44,4.21,51.9,15.92,8.26,7.66,5.18,8.3,1204.22,3.75,6.49,22.0
2015-06-16 18:30:00,14409000.0,995.51,13.88,287.41,4.24,52.09,15.88,8.27,7.61,5.19,8.31,1204.38,3.22,6.49,23.21
2015-06-16 18:40:00,14409600.0,995.57,13.83,287.36,4.21,52.15,15.83,8.26,7.58,5.17,8.29,1204.67,3.76,5.69,23.28
2015-06-16 18:50:00,14410200.0,995.63,13.71,287.23,4.35,53.09,15.71,8.34,7.37,5.23,8.38,1205.21,2.89,5.53,24.39
2015-06-16 19:00:00,14410800.0,995.74,13.51,287.02,4.35,53.77,15.51,8.34,7.17,5.22,8.37,1206.18,3.92,5.61,23.56
2015-06-16 19:10:00,14411400.0,995.76,13.47,286.98,4.48,54.42,15.47,8.42,7.05,5.27,8.45,1206.35,2.87,4.36,24.61
2015-06-16 19:20:00,14412000.0,995.86,13.46,286.96,4.63,55.03,15.46,8.51,6.95,5.33,8.54,1206.46,2.93,5.25,21.02
2015-06-16 19:30:00,14412600.0,995.89,13.39,286.89,4.64,55.34,15.39,8.51,6.87,5.33,8.55,1206.8,3.51,5.73,24.21
2015-06-16 19:40:00,14413200.0,995.9,13.27,286.77,4.63,55.73,15.27,8.51,6.76,5.33,8.54,1207.32,4.26,6.05,31.12
2015-06-16 19:50:00,14413800.0,996.0,13.22,286.71,4.67,56.07,15.22,8.53,6.68,5.35,8.57,1207.63,3.65,5.21,28.91
2015-06-16 20:00:00,14414400.0,996.01,13.16,286.65,4.76,56.63,15.16,8.58,6.57,5.38,8.62,1207.88,3.08,4.57,21.04
2015-06-16 20:10:00,14415000.0,996.13,13.07,286.55,4.91,57.59,15.07,8.68,6.39,5.44,8.71,1208.36,3.04,4.93,23.02
2015-06-16 20:20:00,14415600.0,996.23,13.05,286.52,5.06,58.27,15.05,8.77,6.28,5.49,8.8,1208.52,2.62,3.96,18.67
2015-06-16 20:30:00,14416200.0,996.34,12.99,286.45,5.15,58.86,14.99,8.82,6.17,5.53,8.85,1208.89,2.4,3.4,28.37
2015-06-16 20:40:00,14416800.0,996.47,12.91,286.36,5.17,59.23,14.91,8.83,6.08,5.53,8.86,1209.38,2.43,4.0,22.44
2015-06-16 20:50:00,14417400.0,996.61,12.84,286.28,5.19,59.6,14.84,8.85,6.0,5.54,8.88,1209.84,1.85,3.0,14.75
2015-06-16 21:00:00,14418000.0,996.62,12.8,286.24,5.3,60.2,14.8,8.91,5.89,5.58,8.94,1210.0,0.93,2.44,8.17
2015-06-16 21:10:00,14418600.0,996.62,12.74,286.18,5.35,60.67,14.74,8.95,5.8,5.6,8.98,1210.23,0.66,1.52,8.28
2015-06-16 21:20:00,14419200.0,996.62,12.59,286.03,5.37,61.36,14.6,8.96,5.64,5.61,8.99,1210.86,0.68,2.16,353.4
2015-06-16 21:30:00,14419800.0,996.63,12.38,285.82,5.35,62.12,14.4,8.95,5.45,5.6,8.98,1211.77,0.77,1.8,343.4
2015-06-16 21:40:00,14420400.0,996.73,12.15,285.58,5.28,62.74,14.18,8.9,5.28,5.57,8.93,1212.88,1.24,1.96,337.0
2015-06-16 21:50:00,14421000.0,996.67,11.98,285.41,5.17,62.96,14.03,8.83,5.19,5.53,8.86,1213.57,0.98,1.68,348.5
2015-06-16 22:00:00,14421600.0,996.73,11.86,285.29,5.03,62.85,13.91,8.75,5.17,5.48,8.77,1214.19,1.15,2.52,359.4
2015-06-16 22:10:00,14422200.0,996.77,11.75,285.17,4.93,62.88,13.81,8.69,5.13,5.44,8.71,1214.74,1.87,2.4,353.9
2015-06-16 22:20:00,14422800.0,996.89,11.62,285.03,4.88,63.2,13.7,8.66,5.04,5.42,8.68,1215.46,1.85,2.44,355.6
2015-06-16 22:30:00,14423400.0,996.99,11.48,284.89,4.81,63.49,13.57,8.61,4.95,5.39,8.64,1216.19,1.27,2.1,345.1
2015-06-16 22:40:00,14424000.0,996.98,11.34,284.75,4.75,63.79,13.44,8.58,4.87,5.37,8.6,1216.8,0.91,1.56,347.0
2015-06-16 22:50:00,14424600.0,997.06,11.33,284.73,4.76,63.87,13.43,8.58,4.85,5.37,8.61,1216.93,1.72,2.52,356.5
2015-06-16 23:00:00,14425200.0,997.11,11.27,284.67,4.76,64.13,13.38,8.58,4.8,5.37,8.61,1217.26,1.58,2.16,347.1
2015-06-16 23:10:00,14425800.0,997.22,11.05,284.44,4.77,65.14,13.19,8.59,4.6,5.38,8.61,1218.32,1.75,2.62,330.2
2015-06-16 23:20:00,14426400.0,997.27,10.82,284.2,4.76,66.11,12.99,8.59,4.4,5.37,8.61,1219.38,1.11,2.12,333.0
2015-06-16 23:30:00,14427000.0,997.34,10.5,283.88,4.8,67.69,12.71,8.61,4.11,5.38,8.63,1220.83,0.38,0.92,195.2
2015-06-16 23:40:00,14427600.0,997.29,10.27,283.65,4.79,68.69,12.52,8.6,3.92,5.38,8.62,1221.76,0.37,0.96,356.6
2015-06-16 23:50:00,14428200.0,997.24,10.27,283.65,4.83,68.91,12.52,8.63,3.89,5.4,8.65,1221.69,0.39,0.68,51.31
2015-06-17 00:00:00,14428800.0,997.31,10.09,283.47,4.88,70.0,12.37,8.66,3.71,5.42,8.68,1222.54,0.19,0.4,53.88
2015-06-17 00:10:00,14429400.0,997.33,9.76,283.14,4.81,71.2,12.1,8.61,3.48,5.39,8.64,1224.01,0.19,0.36,307.0
2015-06-17 00:20:00,14430000.0,997.27,9.63,283.01,4.8,71.8,11.99,8.61,3.38,5.39,8.63,1224.5,0.24,0.48,103.9
2015-06-17 00:30:00,14430600.0,997.23,9.5,282.88,4.76,72.2,11.89,8.58,3.3,5.37,8.61,1225.03,0.4,0.6,42.6
2015-06-17 00:40:00,14431200.0,997.22,9.31,282.69,4.79,73.3,11.74,8.6,3.13,5.38,8.63,1225.83,0.31,0.56,72.2
2015-06-17 00:50:00,14431800.0,997.3,8.95,282.33,4.77,75.0,11.45,8.59,2.86,5.38,8.61,1227.5,0.3,0.44,71.3
2015-06-17 01:00:00,14432400.0,997.36,8.71,282.08,4.8,76.4,11.27,8.61,2.66,5.39,8.63,1228.6,0.26,0.52,63.36
2015-06-17 01:10:00,14433000.0,997.46,8.33,281.69,4.73,78.0,10.98,8.57,2.42,5.36,8.59,1230.41,0.28,0.68,19.3
2015-06-17 01:20:00,14433600.0,997.48,8.16,281.52,4.68,78.6,10.86,8.53,2.32,5.34,8.55,1231.19,0.43,2.24,134.4
2015-06-17 01:30:00,14434200.0,997.47,7.85,281.21,4.45,79.0,10.63,8.4,2.23,5.25,8.42,1232.6,0.88,2.2,244.0
2015-06-17 01:40:00,14434800.0,997.51,7.77,281.13,4.46,79.5,10.57,8.4,2.17,5.26,8.42,1232.99,0.83,1.54,241.6
2015-06-17 01:50:00,14435400.0,997.66,7.74,281.09,4.45,79.6,10.55,8.4,2.15,5.25,8.42,1233.32,0.55,1.48,264.8
2015-06-17 02:00:00,14436000.0,997.68,7.61,280.96,4.34,79.7,10.46,8.33,2.12,5.21,8.35,1233.95,1.02,1.64,232.7
2015-06-17 02:10:00,14436600.0,997.63,7.57,280.92,4.46,80.6,10.43,8.4,2.02,5.26,8.42,1234.02,0.31,0.84,0.47
2015-06-17 02:20:00,14437200.0,997.69,7.5,280.85,4.48,81.1,10.38,8.42,1.96,5.26,8.44,1234.4,0.31,0.68,37.34
2015-06-17 02:30:00,14437800.0,997.7,7.56,280.91,4.52,81.0,10.42,8.44,1.98,5.28,8.46,1234.14,0.3,0.64,87.8
2015-06-17 02:40:00,14438400.0,997.68,7.3,280.65,4.46,82.1,10.24,8.4,1.83,5.26,8.42,1235.28,0.52,0.82,26.68
2015-06-17 02:50:00,14439000.0,997.63,7.28,280.63,4.53,82.6,10.22,8.44,1.78,5.28,8.46,1235.29,0.75,1.24,32.95
2015-06-17 03:00:00,14439600.0,997.62,7.39,280.74,4.55,82.1,10.3,8.46,1.84,5.29,8.48,1234.79,0.58,1.0,79.2
2015-06-17 03:10:00,14440200.0,997.68,6.95,280.29,4.3,83.2,9.99,8.31,1.68,5.2,8.33,1236.87,0.57,1.6,60.93
2015-06-17 03:20:00,14440800.0,997.74,6.9,280.24,4.49,84.6,9.96,8.42,1.53,5.27,8.44,1237.13,0.28,0.88,56.72
2015-06-17 03:30:00,14441400.0,997.84,6.9,280.24,4.38,83.9,9.96,8.36,1.6,5.23,8.37,1237.25,0.27,0.56,241.7
2015-06-17 03:40:00,14442000.0,997.86,6.88,280.21,4.34,83.8,9.95,8.34,1.61,5.21,8.35,1237.38,0.21,0.4,278.5
2015-06-17 03:50:00,14442600.0,997.92,6.92,280.25,4.33,83.5,9.98,8.33,1.65,5.21,8.35,1237.27,0.23,0.4,175.7
2015-06-17 04:00:00,14443200.0,997.92,7.03,280.36,4.37,83.1,10.05,8.35,1.7,5.22,8.37,1236.8,0.2,0.56,343.4
2015-06-17 04:10:00,14443800.0,997.85,7.28,280.61,4.3,81.3,10.22,8.31,1.91,5.2,8.33,1235.61,0.58,1.4,339.2
2015-06-17 04:20:00,14444400.0,997.91,7.09,280.42,4.18,81.7,10.09,8.24,1.85,5.15,8.26,1236.57,0.47,0.9,72.8
2015-06-17 04:30:00,14445000.0,998.01,6.78,280.1,4.26,83.9,9.88,8.29,1.59,5.18,8.3,1238.02,0.24,0.56,132.0
2015-06-17 04:40:00,14445600.0,998.1,6.86,280.18,4.34,83.9,9.93,8.33,1.6,5.21,8.35,1237.76,0.36,0.68,90.1
2015-06-17 04:50:00,14446200.0,998.18,7.09,280.4,4.49,83.5,10.09,8.42,1.66,5.27,8.44,1236.81,0.22,0.4,57.81
2015-06-17 05:00:00,14446800.0,998.24,7.59,280.89,4.28,79.5,10.44,8.3,2.14,5.19,8.32,1234.74,0.29,0.56,134.5
2015-06-17 05:10:00,14447400.0,998.21,7.6,280.9,4.22,79.1,10.45,8.27,2.18,5.17,8.28,1234.68,0.44,1.04,198.1
2015-06-17 05:20:00,14448000.0,998.22,7.59,280.89,4.16,78.8,10.44,8.23,2.21,5.14,8.24,1234.75,0.63,0.96,189.8
2015-06-17 05:30:00,14448600.0,998.21,7.68,280.98,4.34,79.3,10.51,8.33,2.17,5.21,8.35,1234.3,0.48,0.8,198.4
2015-06-17 05:40:00,14449200.0,998.23,8.4,281.7,4.56,76.7,11.03,8.46,2.57,5.29,8.48,1231.1,0.43,0.84,145.3
2015-06-17 05:50:00,14449800.0,998.26,8.96,282.26,4.65,74.3,11.46,8.52,2.95,5.32,8.53,1228.67,0.76,1.36,151.6
2015-06-17 06:00:00,14450400.0,998.33,9.01,282.31,4.7,74.3,11.5,8.55,2.96,5.34,8.56,1228.52,0.62,1.28,169.8
2015-06-17 06:10:00,14451000.0,998.36,9.0,282.29,4.76,74.7,11.49,8.59,2.91,5.37,8.6,1228.59,0.64,1.12,182.0
2015-06-17 06:20:00,14451600.0,998.36,9.79,283.08,5.08,72.4,12.12,8.78,3.35,5.49,8.79,1225.07,0.43,1.04,144.3
2015-06-17 06:30:00,14452200.0,998.42,10.71,284.0,5.26,68.93,12.89,8.89,4.01,5.55,8.9,1221.12,0.49,1.0,156.1
2015-06-17 06:40:00,14452800.0,998.48,11.12,284.4,5.44,67.95,13.25,9.0,4.25,5.63,9.02,1219.37,0.56,1.28,98.3
2015-06-17 06:50:00,14453400.0,998.57,11.51,284.79,5.63,67.1,13.6,9.12,4.47,5.7,9.14,1217.76,0.78,2.56,138.0
2015-06-17 07:00:00,14454000.0,998.48,11.34,284.62,5.71,68.21,13.44,9.17,4.27,5.73,9.18,1218.36,1.01,2.08,75.5
2015-06-17 07:10:00,14454600.0,998.39,11.27,284.56,5.7,68.5,13.38,9.17,4.22,5.73,9.18,1218.55,1.25,2.88,80.6
2015-06-17 07:20:00,14455200.0,998.45,11.27,284.56,5.63,68.18,13.38,9.12,4.26,5.7,9.14,1218.65,2.22,4.2,35.3
2015-06-17 07:30:00,14455800.0,998.43,11.4,284.69,5.62,67.53,13.5,9.11,4.38,5.7,9.13,1218.07,2.49,4.61,34.26
2015-06-17 07:40:00,14456400.0,998.39,11.69,284.98,5.72,66.72,13.76,9.18,4.58,5.74,9.19,1216.75,1.5,3.48,1.19
2015-06-17 07:50:00,14457000.0,998.37,12.09,285.38,5.76,65.15,14.13,9.2,4.92,5.75,9.22,1215.0,1.8,3.8,40.41
2015-06-17 08:00:00,14457600.0,998.24,11.99,285.29,5.74,65.48,14.03,9.19,4.84,5.75,9.21,1215.28,1.77,3.8,9.78
2015-06-17 08:10:00,14458200.0,998.23,12.36,285.66,5.78,64.11,14.38,9.22,5.16,5.76,9.24,1213.68,1.53,2.8,28.41
2015-06-17 08:20:00,14458800.0,998.13,12.54,285.85,5.82,63.51,14.55,9.24,5.31,5.78,9.26,1212.78,1.83,3.14,9.77
2015-06-17 08:30:00,14459400.0,998.08,12.7,286.02,5.87,63.05,14.71,9.27,5.43,5.8,9.29,1212.03,1.56,3.56,15.47
2015-06-17 08:40:00,14460000.0,998.08,13.04,286.36,5.94,61.97,15.04,9.32,5.72,5.83,9.34,1210.57,1.43,3.12,40.5
2015-06-17 08:50:00,14460600.0,997.98,13.46,286.79,6.18,61.33,15.46,9.48,5.98,5.93,9.5,1208.6,1.97,2.88,68.23
2015-06-17 09:00:00,14461200.0,997.92,13.38,286.71,6.02,60.93,15.38,9.37,6.01,5.86,9.39,1208.91,1.86,3.8,84.8
2015-06-17 09:10:00,14461800.0,997.78,13.68,287.02,5.91,59.3,15.68,9.3,6.38,5.82,9.32,1207.51,1.74,3.16,48.76
2015-06-17 09:20:00,14462400.0,997.71,13.99,287.34,5.9,58.08,16.0,9.29,6.71,5.81,9.31,1206.12,2.5,3.48,79.1
2015-06-17 09:30:00,14463000.0,997.62,14.4,287.76,5.63,55.51,16.43,9.12,7.31,5.71,9.14,1204.38,2.37,3.74,106.6
2015-06-17 09:40:00,14463600.0,997.69,14.56,287.91,5.32,53.79,16.6,8.93,7.67,5.59,8.95,1203.88,1.96,3.44,102.6
2015-06-17 09:50:00,14464200.0,997.77,15.19,288.53,5.12,50.91,17.29,8.8,8.49,5.51,8.82,1201.41,1.73,4.04,18.81
2015-06-17 10:00:00,14464800.0,997.79,15.26,288.6,5.19,50.95,17.37,8.85,8.52,5.53,8.87,1201.12,2.02,4.76,349.2
2015-06-17 10:10:00,14465400.0,997.71,14.6,287.95,5.03,52.56,16.64,8.75,7.9,5.47,8.77,1203.82,1.77,3.0,264.5
2015-06-17 10:20:00,14466000.0,997.45,14.97,288.34,5.01,51.24,17.05,8.73,8.31,5.46,8.76,1201.96,2.04,4.08,199.3
2015-06-17 10:30:00,14466600.0,997.26,15.44,288.83,5.03,49.8,17.57,8.75,8.82,5.48,8.77,1199.77,2.35,5.04,144.0
2015-06-17 10:40:00,14467200.0,997.21,14.93,288.32,5.02,51.4,17.0,8.74,8.26,5.47,8.76,1201.84,3.22,4.64,30.1
2015-06-17 10:50:00,14467800.0,997.13,14.7,288.1,4.96,51.98,16.75,8.71,8.04,5.45,8.73,1202.71,2.34,3.32,70.7
2015-06-17 11:00:00,14468400.0,997.06,15.42,288.82,5.06,49.96,17.55,8.77,8.78,5.49,8.79,1199.6,2.74,4.12,87.7
2015-06-17 11:10:00,14469000.0,996.98,15.72,289.13,4.97,48.69,17.89,8.71,9.18,5.45,8.74,1198.29,2.37,4.28,101.6
2015-06-17 11:20:00,14469600.0,996.78,16.1,289.53,4.9,47.29,18.33,8.67,9.66,5.43,8.69,1196.5,3.06,6.24,61.81
2015-06-17 11:30:00,14470200.0,996.67,15.83,289.27,4.96,48.32,18.01,8.7,9.31,5.45,8.73,1197.46,2.59,3.88,54.56
2015-06-17 11:40:00,14470800.0,996.59,16.03,289.47,5.01,47.89,18.25,8.74,9.51,5.47,8.77,1196.52,2.11,3.68,70.5
2015-06-17 11:50:00,14471400.0,996.5,16.77,290.22,5.07,45.86,19.13,8.77,10.35,5.49,8.8,1193.34,2.82,5.72,62.48
2015-06-17 12:00:00,14472000.0,996.41,16.49,289.95,4.75,45.65,18.79,8.58,10.21,5.37,8.61,1194.48,3.02,4.6,47.53
2015-06-17 12:10:00,14472600.0,996.25,16.68,290.15,4.81,45.31,19.02,8.62,10.4,5.4,8.65,1193.48,3.11,4.76,37.3
2015-06-17 12:20:00,14473200.0,996.21,17.12,290.6,5.02,44.7,19.56,8.74,10.81,5.48,8.77,1191.58,2.59,4.7,38.37
2015-06-17 12:30:00,14473800.0,996.12,17.08,290.56,4.85,44.28,19.51,8.64,10.87,5.41,8.67,1191.67,2.99,4.84,45.07
2015-06-17 12:40:00,14474400.0,996.12,17.47,290.95,4.97,43.57,19.99,8.71,11.28,5.46,8.74,1190.04,2.19,4.68,20.6
2015-06-17 12:50:00,14475000.0,995.94,17.39,290.89,4.84,43.4,19.89,8.63,11.26,5.41,8.67,1190.18,2.11,3.16,21.27
2015-06-17 13:00:00,14475600.0,995.84,17.85,291.36,5.02,42.68,20.48,8.74,11.74,5.48,8.78,1188.14,1.87,3.68,41.08
2015-06-17 13:10:00,14476200.0,995.7,18.31,291.83,4.86,41.02,21.08,8.65,12.43,5.42,8.68,1186.14,1.58,3.04,266.0
2015-06-17 13:20:00,14476800.0,995.57,18.66,292.19,4.66,39.57,21.55,8.53,13.02,5.34,8.56,1184.62,1.36,3.12,340.5
2015-06-17 13:30:00,14477400.0,995.48,18.36,291.9,4.99,41.26,21.14,8.72,12.42,5.47,8.76,1185.64,1.66,3.36,27.29
2015-06-17 13:40:00,14478000.0,995.25,18.71,292.27,4.72,39.61,21.61,8.56,13.05,5.37,8.6,1184.01,2.4,4.14,254.4
2015-06-17 13:50:00,14478600.0,995.14,18.96,292.53,4.45,38.27,21.95,8.4,13.55,5.27,8.44,1182.95,1.44,2.86,339.1
2015-06-17 14:00:00,14479200.0,995.01,19.27,292.85,4.63,38.01,22.38,8.51,13.87,5.34,8.55,1181.49,1.9,3.8,266.2
2015-06-17 14:10:00,14479800.0,994.9,19.25,292.84,4.52,37.75,22.35,8.44,13.92,5.29,8.48,1181.47,3.02,5.6,242.0
2015-06-17 14:20:00,14480400.0,994.85,19.36,292.95,4.63,37.79,22.51,8.51,14.0,5.34,8.55,1180.93,2.57,4.64,214.6
2015-06-17 14:30:00,14481000.0,994.72,19.33,292.93,4.78,38.27,22.47,8.6,13.87,5.39,8.64,1180.85,2.51,4.42,198.9
2015-06-17 14:40:00,14481600.0,994.7,19.37,292.98,5.58,40.35,22.52,9.09,13.43,5.7,9.14,1180.45,2.23,4.2,337.5
2015-06-17 14:50:00,14482200.0,994.53,19.53,293.15,5.68,40.25,22.75,9.16,13.59,5.75,9.21,1179.57,1.64,4.7,280.8
2015-06-17 15:00:00,14482800.0,994.39,19.61,293.24,5.79,40.34,22.86,9.22,13.64,5.79,9.27,1179.06,1.92,4.48,348.7
2015-06-17 15:10:00,14483400.0,994.23,19.43,293.08,5.62,40.32,22.61,9.11,13.49,5.72,9.17,1179.63,3.11,5.76,13.98
2015-06-17 15:20:00,14484000.0,994.1,19.78,293.44,5.87,40.13,23.1,9.27,13.83,5.82,9.33,1178.01,2.39,5.08,16.97
2015-06-17 15:30:00,14484600.0,994.06,20.01,293.67,6.07,40.12,23.43,9.4,14.03,5.9,9.46,1176.97,1.75,4.32,359.2
2015-06-17 15:40:00,14485200.0,993.81,19.92,293.6,6.1,40.45,23.3,9.43,13.88,5.92,9.49,1177.03,1.79,3.56,5.22
2015-06-17 15:50:00,14485800.0,993.75,20.02,293.71,6.05,40.06,23.45,9.39,14.06,5.9,9.45,1176.57,2.56,4.72,35.46
2015-06-17 16:00:00,14486400.0,993.65,20.01,293.7,6.07,40.13,23.43,9.4,14.03,5.91,9.46,1176.49,1.98,3.68,336.7
2015-06-17 16:10:00,14487000.0,993.44,20.47,294.18,6.07,39.0,24.11,9.4,14.71,5.91,9.47,1174.39,1.34,3.12,264.0
2015-06-17 16:20:00,14487600.0,993.31,20.36,294.08,6.04,39.2,23.95,9.39,14.56,5.9,9.45,1174.68,1.41,3.68,14.18
2015-06-17 16:30:00,14488200.0,993.08,20.59,294.33,5.88,38.22,24.29,9.28,15.01,5.84,9.35,1173.54,1.72,4.28,294.2
2015-06-17 16:40:00,14488800.0,992.86,20.37,294.13,5.52,37.77,23.96,9.05,14.91,5.69,9.12,1174.26,1.45,3.12,312.4
2015-06-17 16:50:00,14489400.0,992.71,20.43,294.21,5.27,36.98,24.05,8.89,15.16,5.59,8.96,1173.92,1.45,3.44,306.7
2015-06-17 17:00:00,14490000.0,992.63,20.44,294.22,5.2,36.79,24.07,8.85,15.21,5.57,8.92,1173.8,1.82,2.88,299.6
2015-06-17 17:10:00,14490600.0,992.56,20.28,294.07,4.93,36.45,23.83,8.69,15.14,5.46,8.75,1174.43,1.51,2.88,301.1
2015-06-17 17:20:00,14491200.0,992.54,20.44,294.23,5.02,36.31,24.07,8.74,15.33,5.49,8.8,1173.74,1.54,3.76,333.6
2015-06-17 17:30:00,14491800.0,992.57,20.67,294.46,4.9,35.51,24.41,8.67,15.74,5.45,8.73,1172.89,1.03,2.8,16.49
2015-06-17 17:40:00,14492400.0,992.58,20.7,294.49,4.93,35.52,24.45,8.69,15.77,5.46,8.75,1172.78,1.4,3.48,23.72
2015-06-17 17:50:00,14493000.0,992.5,21.26,295.05,5.38,35.41,25.31,8.96,16.35,5.64,9.03,1170.33,1.05,2.56,232.1
2015-06-17 18:00:00,14493600.0,992.48,20.84,294.64,5.56,36.8,24.67,9.08,15.59,5.71,9.15,1171.92,1.04,2.84,342.6
2015-06-17 18:10:00,14494200.0,992.4,20.59,294.39,5.64,37.58,24.29,9.13,15.16,5.74,9.2,1172.8,1.07,3.48,21.67
2015-06-17 18:20:00,14494800.0,992.31,20.29,294.1,6.08,39.48,23.84,9.41,14.43,5.92,9.49,1173.77,1.85,3.68,223.4
2015-06-17 18:30:00,14495400.0,992.28,19.92,293.73,5.96,40.06,23.3,9.34,13.97,5.87,9.41,1175.25,1.72,3.52,265.5
2015-06-17 18:40:00,14496000.0,992.21,19.81,293.63,5.73,39.68,23.15,9.18,13.96,5.78,9.26,1175.67,1.93,3.0,256.2
2015-06-17 18:50:00,14496600.0,992.12,19.7,293.52,5.8,40.15,22.99,9.23,13.76,5.81,9.3,1175.99,0.77,1.8,283.6
2015-06-17 19:00:00,14497200.0,992.11,19.5,293.32,5.79,40.61,22.7,9.22,13.48,5.8,9.29,1176.78,0.81,2.16,282.7
2015-06-17 19:10:00,14497800.0,992.08,19.24,293.07,5.75,41.17,22.34,9.2,13.14,5.79,9.27,1177.81,0.91,1.68,272.9
2015-06-17 19:20:00,14498400.0,992.06,19.03,292.86,5.71,41.61,22.05,9.17,12.87,5.77,9.25,1178.64,1.17,1.84,267.0
2015-06-17 19:30:00,14499000.0,992.06,18.83,292.66,5.78,42.33,21.78,9.22,12.56,5.8,9.29,1179.43,1.29,1.74,267.7
2015-06-17 19:40:00,14499600.0,992.05,18.63,292.46,5.93,43.31,21.51,9.31,12.19,5.86,9.39,1180.18,1.08,1.56,255.6
2015-06-17 19:50:00,14500200.0,992.05,18.43,292.26,5.89,43.74,21.24,9.29,11.95,5.85,9.36,1181.0,0.97,1.64,248.3
2015-06-17 20:00:00,14500800.0,991.98,18.28,292.11,5.7,43.56,21.04,9.16,11.87,5.77,9.24,1181.58,0.99,1.64,267.2
2015-06-17 20:10:00,14501400.0,991.92,18.14,291.98,5.72,44.0,20.85,9.18,11.68,5.77,9.25,1182.07,0.75,1.2,287.9
2015-06-17 20:20:00,14502000.0,991.84,18.14,291.98,5.6,43.64,20.85,9.1,11.75,5.73,9.18,1182.01,0.98,1.28,291.3
2015-06-17 20:30:00,14502600.0,991.79,18.28,292.13,5.39,42.64,21.04,8.97,12.07,5.65,9.05,1181.44,0.92,1.12,272.0
2015-06-17 20:40:00,14503200.0,991.81,18.25,292.1,5.42,42.8,21.0,8.99,12.01,5.66,9.06,1181.58,1.06,1.2,261.8
2015-06-17 20:50:00,14503800.0,991.86,18.05,291.89,5.43,43.39,20.74,9.0,11.74,5.66,9.07,1182.45,1.39,1.8,258.1
2015-06-17 21:00:00,14504400.0,991.95,18.04,291.87,5.34,43.12,20.72,8.94,11.79,5.62,9.01,1182.62,1.21,1.46,260.5
2015-06-17 21:10:00,14505000.0,991.94,18.01,291.84,5.03,42.28,20.69,8.75,11.94,5.5,8.82,1182.82,0.99,1.4,275.0
2015-06-17 21:20:00,14505600.0,991.89,17.65,291.49,4.92,42.92,20.22,8.68,11.54,5.46,8.75,1184.25,1.21,1.64,258.6
2015-06-17 21:30:00,14506200.0,991.75,17.28,291.13,4.87,43.79,19.75,8.65,11.1,5.44,8.72,1185.61,1.14,1.76,261.0
2015-06-17 21:40:00,14506800.0,991.63,16.96,290.82,5.13,45.5,19.36,8.81,10.55,5.54,8.88,1186.7,0.96,1.88,282.4
2015-06-17 21:50:00,14507400.0,991.6,17.01,290.87,4.92,44.69,19.42,8.68,10.74,5.46,8.75,1186.52,1.73,2.44,260.5
2015-06-17 22:00:00,14508000.0,991.58,16.82,290.68,5.14,45.94,19.19,8.81,10.37,5.55,8.89,1187.21,2.3,2.96,251.1
2015-06-17 22:10:00,14508600.0,991.53,16.44,290.31,5.36,47.78,18.73,8.95,9.78,5.63,9.02,1188.64,2.75,3.36,235.4
2015-06-17 22:20:00,14509200.0,991.48,16.27,290.14,5.62,49.19,18.53,9.11,9.41,5.74,9.19,1189.21,2.25,2.84,237.6
2015-06-17 22:30:00,14509800.0,991.46,16.3,290.17,5.62,49.1,18.56,9.11,9.45,5.74,9.19,1189.06,2.05,2.74,229.5
2015-06-17 22:40:00,14510400.0,991.48,16.34,290.21,5.52,48.65,18.61,9.05,9.56,5.7,9.13,1188.95,1.69,2.14,222.0
2015-06-17 22:50:00,14511000.0,991.39,16.34,290.22,5.64,49.03,18.61,9.12,9.49,5.74,9.2,1188.81,1.55,2.2,217.7
2015-06-17 23:00:00,14511600.0,991.28,15.99,289.88,5.8,50.72,18.2,9.23,8.97,5.81,9.31,1190.07,1.46,1.96,224.4
2015-06-17 23:10:00,14512200.0,991.3,15.85,289.73,5.92,51.59,18.04,9.3,8.73,5.86,9.39,1190.63,1.4,1.92,221.5
2015-06-17 23:20:00,14512800.0,991.2,15.67,289.56,6.11,52.9,17.83,9.43,8.4,5.94,9.52,1191.2,1.12,1.84,220.4
2015-06-17 23:30:00,14513400.0,991.14,15.44,289.34,6.5,55.15,17.57,9.69,7.88,6.1,9.78,1191.95,0.67,1.48,190.6
2015-06-17 23:40:00,14514000.0,991.16,15.24,289.13,6.82,57.12,17.34,9.91,7.44,6.24,10.0,1192.71,0.64,1.4,221.1
2015-06-17 23:50:00,14514600.0,991.07,15.13,289.03,6.95,58.02,17.22,9.99,7.23,6.3,10.08,1193.01,0.77,1.52,176.9
2015-06-18 00:00:00,14515200.0,991.06,15.2,289.1,7.04,58.11,17.3,10.05,7.25,6.33,10.14,1192.68,0.21,0.6,13.38
2015-06-18 00:10:00,14515800.0,990.87,15.14,289.06,7.15,58.81,17.23,10.13,7.1,6.39,10.23,1192.67,0.65,1.6,142.7
2015-06-18 00:20:00,14516400.0,990.8,15.04,288.96,7.12,59.03,17.12,10.11,7.02,6.37,10.2,1193.01,0.58,1.56,268.4
2015-06-18 00:30:00,14517000.0,990.66,14.97,288.9,7.18,59.55,17.05,10.15,6.89,6.4,10.25,1193.11,0.8,1.28,192.2
2015-06-18 00:40:00,14517600.0,990.55,14.97,288.91,7.13,59.36,17.05,10.12,6.93,6.38,10.21,1192.99,0.7,1.48,172.9
2015-06-18 00:50:00,14518200.0,990.48,15.01,288.96,7.19,59.45,17.09,10.16,6.93,6.4,10.26,1192.72,0.47,1.12,166.2
2015-06-18 01:00:00,14518800.0,990.36,14.93,288.89,7.23,59.91,17.0,10.19,6.82,6.42,10.28,1192.89,0.39,1.08,215.0
2015-06-18 01:10:00,14519400.0,990.22,14.88,288.85,7.2,60.0,16.95,10.17,6.78,6.41,10.27,1192.94,0.81,1.44,178.8
2015-06-18 01:20:00,14520000.0,990.11,14.84,288.82,7.18,60.05,16.9,10.15,6.75,6.4,10.25,1192.98,0.47,1.0,180.3
2015-06-18 01:30:00,14520600.0,990.1,14.94,288.92,7.07,59.22,17.01,10.07,6.94,6.35,10.18,1192.59,0.26,0.88,283.4
2015-06-18 01:40:00,14521200.0,990.11,15.05,289.03,6.76,57.55,17.13,9.86,7.27,6.22,9.96,1192.24,0.44,1.24,31.74
2015-06-18 01:50:00,14521800.0,990.17,15.61,289.59,5.69,51.58,17.76,9.16,8.6,5.78,9.25,1190.32,1.48,2.28,279.7
2015-06-18 02:00:00,14522400.0,990.11,15.38,289.36,6.7,56.11,17.5,9.82,7.68,6.19,9.92,1190.9,1.31,2.28,279.6
2015-06-18 02:10:00,14523000.0,990.01,14.55,288.54,7.44,62.29,16.59,10.33,6.26,6.52,10.44,1193.98,2.37,3.0,273.1
2015-06-18 02:20:00,14523600.0,989.87,14.11,288.11,7.68,65.17,16.12,10.51,5.62,6.63,10.62,1195.56,2.13,2.72,256.5
2015-06-18 02:30:00,14524200.0,989.8,13.9,287.9,7.96,67.32,15.9,10.71,5.2,6.76,10.82,1196.26,1.8,2.16,244.3
2015-06-18 02:40:00,14524800.0,989.77,13.42,287.42,8.51,72.1,15.42,11.11,4.3,7.01,11.23,1198.04,1.71,2.0,238.7
2015-06-18 02:50:00,14525400.0,989.66,12.8,286.81,8.88,77.0,14.8,11.4,3.4,7.2,11.52,1200.37,1.72,2.16,236.1
2015-06-18 03:00:00,14526000.0,989.49,12.49,286.51,9.31,80.9,14.5,11.73,2.77,7.41,11.86,1201.31,2.47,2.96,241.6
2015-06-18 03:10:00,14526600.0,989.46,12.32,286.35,9.54,83.1,14.34,11.92,2.42,7.53,12.05,1201.9,1.41,1.88,233.7
2015-06-18 03:20:00,14527200.0,989.36,11.94,285.97,9.85,87.0,13.99,12.17,1.82,7.69,12.3,1203.27,1.91,2.52,229.8
2015-06-18 03:30:00,14527800.0,989.34,11.97,286.01,9.6,85.4,14.02,11.97,2.05,7.56,12.1,1203.21,1.89,2.56,225.5
2015-06-18 03:40:00,14528400.0,989.27,11.94,285.98,9.68,86.0,13.99,12.03,1.96,7.6,12.16,1203.22,1.87,2.36,231.7
2015-06-18 03:50:00,14529000.0,989.22,11.82,285.86,9.9,88.0,13.88,12.21,1.67,7.71,12.35,1203.58,1.94,2.68,225.8
2015-06-18 04:00:00,14529600.0,989.08,11.63,285.69,10.21,91.0,13.7,12.47,1.23,7.88,12.61,1204.09,1.47,2.08,206.2
2015-06-18 04:10:00,14530200.0,988.98,11.55,285.61,10.41,92.7,13.63,12.64,1.0,7.99,12.78,1204.23,1.88,3.36,149.9
2015-06-18 04:20:00,14530800.0,988.91,11.58,285.65,10.57,93.5,13.66,12.77,0.89,8.07,12.91,1203.96,1.74,2.96,165.3
2015-06-18 04:30:00,14531400.0,988.87,11.55,285.62,10.59,93.8,13.63,12.79,0.85,8.08,12.93,1204.03,2.14,3.4,163.5
2015-06-18 04:40:00,14532000.0,988.8,11.47,285.55,10.57,94.2,13.56,12.77,0.79,8.07,12.92,1204.29,1.58,2.72,172.2
2015-06-18 04:50:00,14532600.0,988.68,11.41,285.5,10.58,94.6,13.51,12.78,0.73,8.08,12.92,1204.39,2.05,3.3,152.1
2015-06-18 05:00:00,14533200.0,988.68,11.3,285.39,10.5,94.8,13.41,12.71,0.7,8.04,12.86,1204.89,2.52,3.76,151.9
2015-06-18 05:10:00,14533800.0,988.58,11.17,285.27,10.45,95.3,13.29,12.67,0.62,8.01,12.81,1205.34,3.05,4.12,160.1
2015-06-18 05:20:00,14534400.0,988.55,11.28,285.38,10.62,95.7,13.39,12.81,0.58,8.1,12.96,1204.77,2.31,3.28,169.3
2015-06-18 05:30:00,14535000.0,988.5,11.23,285.33,10.57,95.7,13.35,12.77,0.57,8.08,12.92,1204.94,2.54,4.06,158.3
2015-06-18 05:40:00,14535600.0,988.38,11.08,285.19,10.44,95.8,13.21,12.66,0.55,8.0,12.81,1205.48,2.77,3.8,152.2
2015-06-18 05:50:00,14536200.0,988.21,10.99,285.12,10.39,96.1,13.13,12.62,0.51,7.98,12.77,1205.67,2.75,3.8,161.3
2015-06-18 06:00:00,14536800.0,988.11,11.09,285.22,10.54,96.4,13.22,12.75,0.48,8.06,12.9,1205.07,2.48,3.64,161.5
2015-06-18 06:10:00,14537400.0,988.01,11.15,285.29,10.6,96.4,13.28,12.8,0.48,8.1,12.95,1204.66,2.67,3.28,150.3
2015-06-18 06:20:00,14538000.0,987.93,11.17,285.32,10.62,96.4,13.29,12.81,0.48,8.11,12.97,1204.47,2.57,4.0,163.9
2015-06-18 06:30:00,14538600.0,987.89,11.35,285.5,10.83,96.6,13.45,13.0,0.46,8.22,13.15,1203.58,1.89,3.12,180.0
2015-06-18 06:40:00,14539200.0,987.88,11.51,285.66,10.96,96.4,13.6,13.11,0.49,8.29,13.27,1202.84,2.42,3.4,179.6
2015-06-18 06:50:00,14539800.0,987.84,11.63,285.79,11.03,96.1,13.7,13.17,0.53,8.33,13.33,1202.25,2.4,3.18,178.5
2015-06-18 07:00:00,14540400.0,987.8,11.77,285.93,11.11,95.7,13.83,13.24,0.59,8.38,13.4,1201.58,2.06,3.12,175.1
2015-06-18 07:10:00,14541000.0,987.77,11.88,286.04,11.14,95.2,13.93,13.26,0.67,8.4,13.43,1201.07,2.58,4.44,161.8
2015-06-18 07:20:00,14541600.0,987.69,11.83,286.0,11.07,95.1,13.89,13.21,0.68,8.36,13.37,1201.21,2.66,4.04,157.3
2015-06-18 07:30:00,14542200.0,987.74,11.83,286.0,11.07,95.1,13.89,13.21,0.68,8.36,13.37,1201.27,2.91,4.44,154.7
2015-06-18 07:40:00,14542800.0,987.74,11.91,286.08,11.17,95.2,13.96,13.29,0.67,8.41,13.46,1200.9,2.41,4.06,155.1
2015-06-18 07:50:00,14543400.0,987.69,12.07,286.24,11.31,95.1,14.11,13.42,0.69,8.49,13.58,1200.1,2.27,3.6,152.6
2015-06-18 08:00:00,14544000.0,987.7,12.17,286.34,11.41,95.1,14.2,13.51,0.7,8.55,13.67,1199.65,1.75,3.52,147.0
2015-06-18 08:10:00,14544600.0,987.64,12.24,286.42,11.45,94.9,14.27,13.54,0.73,8.57,13.71,1199.27,2.02,3.24,143.6
2015-06-18 08:20:00,14545200.0,987.68,12.29,286.46,11.5,94.9,14.31,13.58,0.73,8.6,13.75,1199.09,1.68,2.62,144.4
2015-06-18 08:30:00,14545800.0,987.71,12.39,286.56,11.58,94.8,14.41,13.66,0.75,8.65,13.83,1198.67,1.59,2.64,130.7
2015-06-18 08:40:00,14546400.0,987.62,12.5,286.68,11.69,94.8,14.51,13.76,0.75,8.71,13.93,1198.05,1.26,2.32,139.0
2015-06-18 08:50:00,14547000.0,987.48,12.57,286.76,11.74,94.7,14.58,13.81,0.77,8.74,13.98,1197.57,1.68,2.84,135.4
2015-06-18 09:00:00,14547600.0,987.47,12.78,286.97,12.02,95.1,14.78,14.06,0.72,8.9,14.24,1196.56,1.14,2.2,170.8
2015-06-18 09:10:00,14548200.0,987.44,12.9,287.1,12.12,95.0,14.9,14.16,0.75,8.97,14.34,1195.98,1.5,2.6,176.5
2015-06-18 09:20:00,14548800.0,987.37,13.04,287.24,12.27,95.1,15.04,14.3,0.74,9.06,14.48,1195.24,1.3,2.28,156.2
2015-06-18 09:30:00,14549400.0,987.4,13.15,287.35,12.34,94.8,15.15,14.36,0.79,9.09,14.54,1194.79,1.82,2.68,143.4
2015-06-18 09:40:00,14550000.0,987.32,13.23,287.44,12.43,94.9,15.23,14.45,0.78,9.15,14.63,1194.32,1.78,2.8,152.6
2015-06-18 09:50:00,14550600.0,987.2,13.37,287.59,12.57,94.9,15.37,14.58,0.78,9.24,14.77,1193.53,1.53,2.62,149.5
2015-06-18 10:00:00,14551200.0,987.08,13.57,287.8,12.74,94.7,15.57,14.74,0.83,9.34,14.93,1192.47,1.96,3.24,145.6
2015-06-18 10:10:00,14551800.0,987.03,13.96,288.19,13.04,94.2,15.97,15.04,0.93,9.53,15.24,1190.66,1.86,3.12,143.7
2015-06-18 10:20:00,14552400.0,986.95,14.04,288.28,12.99,93.4,16.05,14.99,1.06,9.5,15.19,1190.25,1.88,2.88,142.5
2015-06-18 10:30:00,14553000.0,986.91,14.26,288.51,13.15,93.0,16.28,15.14,1.14,9.6,15.34,1189.22,2.15,2.96,145.9
2015-06-18 10:40:00,14553600.0,986.91,14.49,288.74,13.27,92.4,16.53,15.27,1.26,9.68,15.47,1188.21,1.58,2.52,134.7
2015-06-18 10:50:00,14554200.0,986.91,14.85,289.1,13.58,92.1,16.91,15.58,1.34,9.88,15.78,1186.59,0.99,1.96,138.3
2015-06-18 11:00:00,14554800.0,987.01,15.0,289.24,13.53,90.9,17.08,15.52,1.55,9.84,15.73,1186.11,1.31,2.12,143.1
2015-06-18 11:10:00,14555400.0,987.13,15.22,289.45,13.71,90.7,17.32,15.71,1.61,9.96,15.92,1185.27,0.96,1.92,152.2
2015-06-18 11:20:00,14556000.0,987.09,15.34,289.57,13.73,90.1,17.46,15.73,1.73,9.97,15.93,1184.72,1.13,1.8,151.2
2015-06-18 11:30:00,14556600.0,987.06,15.46,289.7,13.81,89.9,17.59,15.81,1.78,10.03,16.02,1184.15,1.1,1.52,144.5
2015-06-18 11:40:00,14557200.0,987.1,15.67,289.9,14.05,90.1,17.83,16.06,1.77,10.19,16.27,1183.22,0.99,2.06,198.2
2015-06-18 11:50:00,14557800.0,987.18,15.96,290.19,14.2,89.3,18.16,16.22,1.94,10.28,16.43,1182.06,0.65,2.48,278.3
2015-06-18 12:00:00,14558400.0,987.02,16.36,290.6,14.26,87.4,18.63,16.29,2.35,10.33,16.5,1180.21,0.83,1.88,199.7
2015-06-18 12:10:00,14559000.0,986.8,16.98,291.24,14.42,84.9,19.38,16.46,2.93,10.44,16.68,1177.34,1.34,2.8,195.9
2015-06-18 12:20:00,14559600.0,986.49,17.53,291.82,14.48,82.3,20.07,16.52,3.55,10.48,16.74,1174.72,2.72,4.4,195.8
2015-06-18 12:30:00,14560200.0,986.26,17.7,292.01,14.34,80.7,20.29,16.37,3.92,10.39,16.6,1173.82,3.48,4.8,210.3
2015-06-18 12:40:00,14560800.0,986.32,17.92,292.23,14.48,80.3,20.57,16.52,4.05,10.48,16.75,1172.94,2.65,4.72,227.1
2015-06-18 12:50:00,14561400.0,986.5,18.25,292.55,14.37,78.1,21.0,16.4,4.6,10.41,16.62,1171.88,2.74,5.6,234.5
2015-06-18 13:00:00,14562000.0,986.36,18.71,293.02,14.38,75.9,21.61,16.4,5.21,10.41,16.63,1169.86,3.21,5.42,237.3
2015-06-18 13:10:00,14562600.0,986.13,18.86,293.19,14.03,73.5,21.82,16.04,5.78,10.18,16.26,1169.16,3.16,4.62,224.9
2015-06-18 13:20:00,14563200.0,986.0,19.31,293.65,13.95,71.1,22.44,15.95,6.48,10.13,16.18,1167.24,3.4,5.76,244.0
2015-06-18 13:30:00,14563800.0,985.89,19.65,294.0,13.71,68.55,22.92,15.71,7.21,9.97,15.93,1165.86,3.13,5.56,241.3
2015-06-18 13:40:00,14564400.0,985.76,20.0,294.37,13.84,67.63,23.42,15.84,7.58,10.06,16.07,1164.26,3.01,4.96,220.1
2015-06-18 13:50:00,14565000.0,985.61,20.45,294.83,13.62,64.84,24.08,15.61,8.47,9.91,15.84,1162.4,2.7,4.56,232.8
2015-06-18 14:00:00,14565600.0,985.57,20.41,294.79,13.51,64.56,24.02,15.51,8.51,9.85,15.74,1162.55,2.85,5.52,233.8
2015-06-18 14:10:00,14566200.0,985.56,20.08,294.46,13.46,65.67,23.54,15.46,8.08,9.81,15.68,1163.87,1.95,3.72,262.2
2015-06-18 14:20:00,14566800.0,985.72,19.66,294.03,13.22,66.35,22.93,15.22,7.72,9.66,15.44,1165.84,2.44,4.32,279.9
2015-06-18 14:30:00,14567400.0,985.71,18.89,293.25,13.35,70.2,21.86,15.34,6.51,9.74,15.57,1168.85,1.25,3.6,277.8
2015-06-18 14:40:00,14568000.0,985.72,18.73,293.09,13.39,71.1,21.64,15.39,6.25,9.77,15.61,1169.48,1.14,3.06,298.5
2015-06-18 14:50:00,14568600.0,985.69,19.04,293.41,13.56,70.5,22.06,15.55,6.51,9.87,15.78,1168.13,1.02,2.64,270.8
2015-06-18 15:00:00,14569200.0,985.68,19.48,293.85,13.03,66.28,22.68,15.03,7.65,9.54,15.25,1166.6,1.95,5.38,292.4
2015-06-18 15:10:00,14569800.0,985.7,19.53,293.9,12.26,62.8,22.75,14.29,8.46,9.06,14.49,1166.76,2.14,4.44,295.7
2015-06-18 15:20:00,14570400.0,985.55,19.83,294.21,12.14,61.18,23.17,14.18,9.0,9.0,14.39,1165.43,2.14,3.92,300.2
2015-06-18 15:30:00,14571000.0,985.57,19.82,294.2,11.46,58.52,23.16,13.55,9.61,8.6,13.75,1165.77,2.75,5.06,297.7
2015-06-18 15:40:00,14571600.0,985.76,19.58,293.94,11.19,58.32,22.82,13.31,9.51,8.44,13.5,1167.07,1.75,4.32,356.3
2015-06-18 15:50:00,14572200.0,985.72,19.7,294.07,10.67,55.92,22.99,12.86,10.13,8.15,13.04,1166.74,1.65,5.6,337.6
2015-06-18 16:00:00,14572800.0,985.77,19.66,294.02,10.55,55.61,22.93,12.75,10.18,8.09,12.94,1167.01,1.29,3.4,243.1
2015-06-18 16:10:00,14573400.0,985.8,19.38,293.74,10.03,54.66,22.54,12.32,10.22,7.81,12.5,1168.36,1.11,3.24,223.4
2015-06-18 16:20:00,14574000.0,985.79,19.43,293.79,9.96,54.25,22.61,12.26,10.34,7.77,12.44,1168.17,0.88,2.16,196.1
2015-06-18 16:30:00,14574600.0,985.8,19.21,293.57,10.0,55.12,22.3,12.29,10.01,7.79,12.47,1169.05,1.13,2.08,195.0
2015-06-18 16:40:00,14575200.0,985.81,18.81,293.17,9.82,55.83,21.75,12.14,9.61,7.7,12.32,1170.73,1.07,2.72,77.4
2015-06-18 16:50:00,14575800.0,985.78,18.69,293.05,9.65,55.63,21.59,12.01,9.58,7.61,12.18,1171.24,1.06,1.96,349.7
2015-06-18 17:00:00,14576400.0,985.68,18.74,293.11,9.52,54.98,21.65,11.91,9.75,7.55,12.08,1170.96,2.15,4.0,13.42
2015-06-18 17:10:00,14577000.0,985.59,19.03,293.41,9.7,54.63,22.05,12.05,10.0,7.64,12.22,1169.63,1.32,3.76,2.7
2015-06-18 17:20:00,14577600.0,985.65,19.26,293.63,9.55,53.33,22.37,11.93,10.44,7.56,12.1,1168.83,0.85,2.48,259.9
2015-06-18 17:30:00,14578200.0,985.68,19.33,293.7,9.47,52.81,22.47,11.86,10.6,7.52,12.04,1168.62,1.27,2.48,35.45
2015-06-18 17:40:00,14578800.0,985.71,19.26,293.63,9.27,52.34,22.37,11.71,10.66,7.42,11.88,1169.01,1.16,3.3,296.2
2015-06-18 17:50:00,14579400.0,985.67,18.99,293.36,9.04,52.4,21.99,11.53,10.47,7.31,11.69,1170.12,1.3,3.48,282.9
2015-06-18 18:00:00,14580000.0,985.72,18.76,293.12,9.29,54.04,21.68,11.72,9.96,7.43,11.89,1171.02,1.51,3.4,352.4
2015-06-18 18:10:00,14580600.0,985.82,18.45,292.8,9.51,55.95,21.26,11.9,9.37,7.54,12.07,1172.3,1.1,3.32,14.88
2015-06-18 18:20:00,14581200.0,985.9,18.17,292.52,9.39,56.48,20.89,11.8,9.09,7.48,11.97,1173.56,1.33,3.68,36.29
2015-06-18 18:30:00,14581800.0,985.95,17.9,292.24,9.46,57.73,20.54,11.86,8.68,7.52,12.03,1174.69,0.87,2.56,58.74
2015-06-18 18:40:00,14582400.0,985.98,17.61,291.95,9.36,58.4,20.17,11.78,8.39,7.46,11.95,1175.93,1.11,2.76,355.1
2015-06-18 18:50:00,14583000.0,986.04,17.42,291.75,9.39,59.19,19.93,11.8,8.13,7.48,11.96,1176.76,0.85,1.82,19.46
2015-06-18 19:00:00,14583600.0,986.07,17.26,291.59,9.39,59.8,19.73,11.8,7.93,7.48,11.96,1177.45,0.76,1.96,1.25
2015-06-18 19:10:00,14584200.0,986.11,17.08,291.4,9.33,60.26,19.51,11.75,7.75,7.45,11.92,1178.25,1.02,2.04,339.0
2015-06-18 19:20:00,14584800.0,986.2,16.92,291.24,9.34,60.91,19.31,11.76,7.55,7.45,11.93,1179.0,0.67,1.52,324.7
2015-06-18 19:30:00,14585400.0,986.27,16.86,291.17,9.41,61.42,19.24,11.81,7.42,7.48,11.98,1179.3,0.66,1.8,304.2
2015-06-18 19:40:00,14586000.0,986.29,16.74,291.05,9.38,61.78,19.09,11.79,7.3,7.47,11.96,1179.83,0.59,1.52,321.0
2015-06-18 19:50:00,14586600.0,986.31,16.65,290.95,9.48,62.54,18.98,11.87,7.11,7.52,12.04,1180.18,0.46,1.28,311.5
2015-06-18 20:00:00,14587200.0,986.42,16.51,290.81,9.52,63.28,18.81,11.9,6.91,7.54,12.07,1180.87,0.58,1.56,326.2
2015-06-18 20:10:00,14587800.0,986.54,16.3,290.58,9.65,64.69,18.56,12.01,6.55,7.61,12.17,1181.82,1.32,3.56,304.0
2015-06-18 20:20:00,14588400.0,986.82,15.45,289.71,10.16,70.7,17.58,12.43,5.15,7.87,12.59,1185.45,1.63,3.46,248.5
2015-06-18 20:30:00,14589000.0,987.06,14.45,288.68,10.69,78.1,16.48,12.87,3.61,8.15,13.04,1189.66,0.85,2.12,130.6
2015-06-18 20:40:00,14589600.0,987.24,13.75,287.97,10.76,82.1,15.75,12.93,2.82,8.19,13.1,1192.75,1.02,2.56,176.2
2015-06-18 20:50:00,14590200.0,987.3,13.31,287.52,10.74,84.4,15.31,12.92,2.39,8.18,13.08,1194.66,0.94,2.88,9.23
2015-06-18 21:00:00,14590800.0,987.36,13.09,287.29,10.79,85.9,15.09,12.96,2.13,8.2,13.13,1195.63,0.62,1.04,293.9
2015-06-18 21:10:00,14591400.0,987.5,12.95,287.14,10.77,86.6,14.95,12.95,2.0,8.19,13.11,1196.4,0.72,1.36,300.2
2015-06-18 21:20:00,14592000.0,987.51,12.82,287.01,10.83,87.7,14.82,13.0,1.82,8.23,13.16,1196.93,0.39,1.1,311.2
2015-06-18 21:30:00,14592600.0,987.51,12.67,286.86,10.79,88.3,14.68,12.96,1.72,8.2,13.12,1197.57,0.74,1.16,267.7
2015-06-18 21:40:00,14593200.0,987.52,12.63,286.82,10.63,87.6,14.64,12.82,1.82,8.12,12.99,1197.82,0.81,1.44,302.7
2015-06-18 21:50:00,14593800.0,987.57,12.67,286.85,10.46,86.4,14.68,12.68,2.0,8.03,12.84,1197.78,1.21,1.76,315.9
2015-06-18 22:00:00,14594400.0,987.62,12.81,286.99,10.29,84.6,14.81,12.53,2.28,7.93,12.69,1197.32,1.37,1.94,305.9
2015-06-18 22:10:00,14595000.0,987.61,12.85,287.03,10.27,84.3,14.85,12.52,2.33,7.92,12.68,1197.15,1.39,2.12,307.0
2015-06-18 22:20:00,14595600.0,987.63,12.8,286.98,10.28,84.6,14.8,12.52,2.28,7.92,12.68,1197.38,1.32,2.44,245.6
2015-06-18 22:30:00,14596200.0,987.73,12.63,286.8,10.61,87.5,14.64,12.81,1.83,8.11,12.97,1198.08,0.8,1.48,39.47
2015-06-18 22:40:00,14596800.0,987.76,12.61,286.78,10.61,87.6,14.62,12.81,1.81,8.1,12.97,1198.2,0.68,1.56,247.7
2015-06-18 22:50:00,14597400.0,987.75,12.78,286.95,10.04,83.4,14.78,12.33,2.45,7.8,12.48,1197.7,1.08,1.72,277.6
2015-06-18 23:00:00,14598000.0,987.8,12.8,286.97,11.02,88.9,14.8,13.16,1.64,8.33,13.32,1197.29,1.41,2.0,52.21
2015-06-18 23:10:00,14598600.0,987.88,12.54,286.7,11.24,91.8,14.55,13.36,1.19,8.45,13.52,1198.39,0.99,1.54,29.26
2015-06-18 23:20:00,14599200.0,987.85,12.5,286.66,11.17,91.6,14.51,13.29,1.22,8.41,13.46,1198.55,1.29,2.0,1.46
2015-06-18 23:30:00,14599800.0,987.85,12.52,286.68,10.84,89.5,14.53,13.01,1.53,8.23,13.17,1198.6,0.98,1.92,0.75
2015-06-18 23:40:00,14600400.0,987.89,12.49,286.65,10.83,89.6,14.5,13.0,1.51,8.22,13.16,1198.78,1.58,2.08,336.0
2015-06-18 23:50:00,14601000.0,987.95,12.61,286.76,10.71,88.2,14.62,12.89,1.73,8.16,13.05,1198.39,0.99,2.34,349.9
2015-06-19 00:00:00,14601600.0,988.01,12.56,286.71,9.99,84.3,14.57,12.28,2.29,7.77,12.43,1198.96,2.31,4.12,22.0
2015-06-19 00:10:00,14602200.0,988.07,12.39,286.53,9.75,83.9,14.41,12.09,2.32,7.65,12.24,1199.83,2.12,4.32,26.61
2015-06-19 00:20:00,14602800.0,988.12,12.27,286.41,9.95,85.7,14.3,12.25,2.04,7.75,12.4,1200.32,0.89,1.92,280.7
2015-06-19 00:30:00,14603400.0,988.14,12.01,286.14,9.47,84.4,14.05,11.86,2.19,7.5,12.0,1201.62,0.96,1.64,266.7
2015-06-19 00:40:00,14604000.0,988.14,11.73,285.86,9.28,84.9,13.8,11.71,2.08,7.41,11.85,1202.87,0.94,2.04,256.8
2015-06-19 00:50:00,14604600.0,988.15,11.54,285.67,8.95,84.1,13.62,11.46,2.17,7.24,11.59,1203.81,1.27,2.52,268.9
2015-06-19 01:00:00,14605200.0,988.12,11.41,285.54,8.93,84.7,13.51,11.44,2.07,7.23,11.58,1204.33,0.98,2.08,257.0
2015-06-19 01:10:00,14605800.0,988.13,11.26,285.39,8.82,84.9,13.37,11.35,2.02,7.18,11.49,1205.01,1.53,2.6,260.4
2015-06-19 01:20:00,14606400.0,988.13,11.11,285.24,8.43,83.5,13.24,11.06,2.18,6.99,11.19,1205.79,1.63,2.94,247.3
2015-06-19 01:30:00,14607000.0,988.18,10.98,285.11,8.11,82.4,13.13,10.82,2.31,6.84,10.95,1206.51,2.15,3.08,248.1
2015-06-19 01:40:00,14607600.0,988.21,10.9,285.03,8.03,82.4,13.06,10.76,2.3,6.8,10.89,1206.92,2.21,3.24,254.4
2015-06-19 01:50:00,14608200.0,988.14,10.86,284.99,7.93,82.1,13.02,10.69,2.33,6.76,10.82,1207.03,2.52,3.48,259.1
2015-06-19 02:00:00,14608800.0,988.14,10.85,284.98,7.92,82.1,13.01,10.68,2.33,6.75,10.81,1207.08,2.68,3.84,258.0
2015-06-19 02:10:00,14609400.0,988.15,10.76,284.89,7.89,82.4,12.93,10.66,2.28,6.74,10.79,1207.48,2.63,3.76,252.4
2015-06-19 02:20:00,14610000.0,988.23,10.69,284.81,7.82,82.4,12.87,10.61,2.27,6.7,10.74,1207.9,2.74,4.12,252.2
2015-06-19 02:30:00,14610600.0,988.26,10.73,284.85,7.83,82.2,12.91,10.61,2.3,6.71,10.74,1207.77,2.51,3.24,256.4
2015-06-19 02:40:00,14611200.0,988.26,10.72,284.84,7.74,81.8,12.9,10.55,2.35,6.67,10.68,1207.84,2.45,4.36,255.6
2015-06-19 02:50:00,14611800.0,988.26,10.73,284.85,7.75,81.8,12.91,10.56,2.35,6.67,10.69,1207.79,2.16,2.96,256.1
2015-06-19 03:00:00,14612400.0,988.26,10.73,284.85,7.79,82.0,12.91,10.59,2.32,6.69,10.71,1207.78,2.01,3.28,255.6
2015-06-19 03:10:00,14613000.0,988.26,10.67,284.79,7.66,81.6,12.86,10.49,2.37,6.63,10.62,1208.08,1.68,3.0,255.6
2015-06-19 03:20:00,14613600.0,988.26,10.64,284.76,7.61,81.5,12.83,10.46,2.37,6.61,10.58,1208.22,1.39,2.04,252.0
2015-06-19 03:30:00,14614200.0,988.3,10.59,284.71,7.55,81.4,12.79,10.41,2.38,6.58,10.53,1208.51,0.96,1.92,263.6
2015-06-19 03:40:00,14614800.0,988.37,10.55,284.66,7.47,81.2,12.75,10.36,2.4,6.54,10.48,1208.79,0.64,1.64,325.8
2015-06-19 03:50:00,14615400.0,988.42,10.51,284.62,7.45,81.3,12.72,10.34,2.38,6.53,10.46,1209.03,0.71,2.04,309.2
2015-06-19 04:00:00,14616000.0,988.53,10.39,284.49,7.39,81.6,12.62,10.3,2.32,6.5,10.42,1209.69,0.95,1.88,253.9
2015-06-19 04:10:00,14616600.0,988.63,10.3,284.39,7.35,81.9,12.54,10.27,2.27,6.49,10.39,1210.21,1.25,2.36,244.8
2015-06-19 04:20:00,14617200.0,988.64,10.25,284.34,7.25,81.6,12.5,10.2,2.3,6.44,10.32,1210.47,2.11,3.64,249.0
2015-06-19 04:30:00,14617800.0,988.73,10.2,284.28,7.17,81.4,12.46,10.14,2.32,6.41,10.26,1210.82,2.18,3.56,249.6
2015-06-19 04:40:00,14618400.0,988.74,10.08,284.16,7.03,81.3,12.36,10.05,2.31,6.35,10.16,1211.39,2.12,3.76,268.0
2015-06-19 04:50:00,14619000.0,988.82,10.01,284.08,7.05,81.8,12.3,10.06,2.24,6.35,10.18,1211.78,1.29,3.4,275.4
2015-06-19 05:00:00,14619600.0,988.85,9.91,283.98,7.1,82.6,12.22,10.09,2.13,6.37,10.21,1212.23,1.37,2.6,239.5
2015-06-19 05:10:00,14620200.0,988.88,9.86,283.93,7.1,82.9,12.18,10.1,2.08,6.38,10.21,1212.48,1.36,2.92,250.8
2015-06-19 05:20:00,14620800.0,988.98,9.84,283.9,7.03,82.6,12.16,10.05,2.12,6.34,10.16,1212.72,1.5,2.8,252.2
2015-06-19 05:30:00,14621400.0,989.0,9.75,283.81,6.89,82.3,12.09,9.95,2.14,6.28,10.06,1213.17,1.59,3.28,246.7
2015-06-19 05:40:00,14622000.0,989.04,9.72,283.77,6.89,82.5,12.06,9.95,2.11,6.28,10.06,1213.35,1.34,3.4,253.4
2015-06-19 05:50:00,14622600.0,989.06,9.71,283.76,6.9,82.6,12.06,9.96,2.1,6.29,10.07,1213.41,1.99,3.36,249.3
2015-06-19 06:00:00,14623200.0,989.0,9.78,283.84,6.56,80.3,12.11,9.73,2.39,6.14,9.84,1213.15,2.04,4.12,255.0
2015-06-19 06:10:00,14623800.0,989.09,9.85,283.9,6.57,80.0,12.17,9.74,2.43,6.15,9.84,1212.95,1.47,2.52,247.3
2015-06-19 06:20:00,14624400.0,989.2,9.85,283.89,6.75,81.0,12.17,9.86,2.31,6.22,9.97,1213.03,1.46,2.74,243.2
2015-06-19 06:30:00,14625000.0,989.26,9.9,283.94,6.87,81.4,12.21,9.94,2.27,6.27,10.05,1212.85,0.83,2.24,242.5
2015-06-19 06:40:00,14625600.0,989.3,9.99,284.02,6.84,80.7,12.29,9.91,2.37,6.26,10.02,1212.53,1.5,2.64,230.6
2015-06-19 06:50:00,14626200.0,989.34,10.07,284.1,6.8,80.1,12.35,9.89,2.46,6.24,10.0,1212.24,1.49,2.6,233.7
2015-06-19 07:00:00,14626800.0,989.43,10.27,284.29,6.89,79.5,12.52,9.95,2.57,6.28,10.06,1211.47,1.03,1.86,247.4
2015-06-19 07:10:00,14627400.0,989.48,10.52,284.54,6.95,78.5,12.73,9.99,2.74,6.31,10.1,1210.45,1.83,3.48,250.8
2015-06-19 07:20:00,14628000.0,989.49,10.73,284.75,6.74,76.3,12.91,9.85,3.06,6.21,9.95,1209.63,1.92,3.76,250.4
2015-06-19 07:30:00,14628600.0,989.5,11.05,285.07,6.59,73.9,13.19,9.75,3.44,6.15,9.85,1208.33,1.92,4.57,266.7
2015-06-19 07:40:00,14629200.0,989.49,11.19,285.21,6.4,72.3,13.31,9.62,3.69,6.07,9.73,1207.78,2.06,4.32,252.3
2015-06-19 07:50:00,14629800.0,989.46,11.34,285.36,6.26,70.9,13.44,9.53,3.91,6.01,9.63,1207.15,2.21,4.28,259.1
2015-06-19 08:00:00,14630400.0,989.47,11.59,285.61,6.02,68.54,13.67,9.37,4.3,5.91,9.47,1206.18,2.5,4.0,272.4
2015-06-19 08:10:00,14631000.0,989.47,11.83,285.85,5.92,67.01,13.89,9.31,4.58,5.87,9.4,1205.19,1.95,4.44,261.5
2015-06-19 08:20:00,14631600.0,989.51,12.17,286.19,5.96,65.71,14.2,9.33,4.87,5.89,9.43,1203.79,2.24,4.65,248.9
2015-06-19 08:30:00,14632200.0,989.62,12.07,286.08,5.91,65.93,14.11,9.3,4.81,5.87,9.4,1204.36,2.43,4.36,255.7
2015-06-19 08:40:00,14632800.0,989.57,12.02,286.04,5.83,65.78,14.06,9.25,4.81,5.83,9.35,1204.53,2.35,4.81,271.7
2015-06-19 08:50:00,14633400.0,989.57,11.95,285.97,5.18,63.13,14.0,8.84,5.16,5.57,8.93,1205.02,2.46,5.01,262.7
2015-06-19 09:00:00,14634000.0,989.59,12.16,286.18,5.0,61.49,14.19,8.73,5.47,5.5,8.82,1204.21,1.83,3.52,286.2
2015-06-19 09:10:00,14634600.0,989.6,12.31,286.32,4.61,59.27,14.33,8.5,5.84,5.36,8.58,1203.7,2.83,4.89,287.8
2015-06-19 09:20:00,14635200.0,989.66,12.29,286.3,4.79,60.1,14.31,8.6,5.71,5.42,8.69,1203.8,2.52,5.17,279.2
2015-06-19 09:30:00,14635800.0,989.64,12.59,286.6,5.18,60.54,14.6,8.84,5.76,5.57,8.93,1202.41,1.79,4.04,257.2
2015-06-19 09:40:00,14636400.0,989.69,12.49,286.5,5.05,60.39,14.5,8.76,5.75,5.52,8.85,1202.92,2.58,4.65,274.4
2015-06-19 09:50:00,14637000.0,989.72,12.41,286.42,5.19,61.31,14.43,8.85,5.58,5.58,8.94,1203.26,2.0,4.1,277.9
2015-06-19 10:00:00,14637600.0,989.73,12.67,286.68,5.46,61.4,14.68,9.01,5.67,5.68,9.11,1202.1,2.09,4.69,276.0
2015-06-19 10:10:00,14638200.0,989.74,12.51,286.51,5.38,61.71,14.52,8.96,5.56,5.65,9.06,1202.81,3.3,4.81,272.4
2015-06-19 10:20:00,14638800.0,989.76,12.34,286.34,5.54,63.11,14.36,9.06,5.3,5.72,9.16,1203.5,2.22,4.89,268.7
2015-06-19 10:30:00,14639400.0,989.81,12.21,286.21,5.75,64.59,14.24,9.2,5.04,5.8,9.29,1204.05,2.0,3.76,267.2
2015-06-19 10:40:00,14640000.0,989.86,12.03,286.02,5.83,65.72,14.07,9.25,4.82,5.83,9.34,1204.85,2.05,4.04,270.7
2015-06-19 10:50:00,14640600.0,989.85,12.08,286.07,6.0,66.3,14.12,9.36,4.76,5.9,9.46,1204.57,1.75,3.16,267.1
2015-06-19 11:00:00,14641200.0,989.81,12.59,286.59,6.27,65.32,14.6,9.54,5.06,6.01,9.64,1202.29,1.3,3.0,262.8
2015-06-19 11:10:00,14641800.0,989.84,12.77,286.77,6.23,64.35,14.77,9.51,5.27,6.0,9.6,1201.59,2.15,3.5,274.4
2015-06-19 11:20:00,14642400.0,989.92,12.24,286.23,6.22,66.6,14.27,9.5,4.77,5.99,9.6,1203.92,2.41,5.53,269.1
2015-06-19 11:30:00,14643000.0,989.98,11.99,285.97,6.3,68.06,14.03,9.55,4.48,6.02,9.65,1205.02,2.07,3.92,261.8
2015-06-19 11:40:00,14643600.0,989.97,12.12,286.1,6.72,69.5,14.16,9.84,4.32,6.2,9.94,1204.33,1.22,2.54,275.9
2015-06-19 11:50:00,14644200.0,989.99,12.06,286.04,6.83,70.3,14.1,9.91,4.19,6.25,10.01,1204.57,1.38,2.88,331.5
2015-06-19 12:00:00,14644800.0,989.97,12.17,286.15,7.35,72.3,14.2,10.27,3.93,6.48,10.37,1203.92,1.05,3.24,275.3
2015-06-19 12:10:00,14645400.0,989.93,12.38,286.37,7.22,70.7,14.4,10.18,4.22,6.42,10.28,1203.03,1.58,3.44,295.7
2015-06-19 12:20:00,14646000.0,989.86,12.64,286.63,7.08,68.84,14.65,10.08,4.56,6.36,10.19,1201.89,1.93,3.72,273.5
2015-06-19 12:30:00,14646600.0,989.75,13.06,287.06,6.96,66.4,15.06,10.0,5.06,6.31,10.1,1200.03,1.64,3.36,231.3
2015-06-19 12:40:00,14647200.0,989.65,13.65,287.66,6.84,63.4,15.65,9.92,5.73,6.26,10.02,1197.48,3.3,5.37,245.6
2015-06-19 12:50:00,14647800.0,989.54,14.12,288.15,6.84,61.46,16.13,9.92,6.22,6.26,10.02,1195.39,3.12,6.17,231.3
2015-06-19 13:00:00,14648400.0,989.48,14.3,288.33,6.66,60.01,16.32,9.8,6.53,6.18,9.9,1194.62,2.66,5.61,270.5
2015-06-19 13:10:00,14649000.0,989.45,14.53,288.56,6.54,58.63,16.57,9.71,6.85,6.13,9.82,1193.67,2.95,6.47,248.9
2015-06-19 13:20:00,14649600.0,989.39,15.01,289.05,6.44,56.47,17.09,9.65,7.44,6.09,9.75,1191.64,2.77,6.41,246.3
2015-06-19 13:30:00,14650200.0,989.31,15.02,289.07,6.13,55.24,17.1,9.45,7.65,5.96,9.55,1191.59,3.5,5.21,259.3
2015-06-19 13:40:00,14650800.0,989.27,14.69,288.74,6.19,56.65,16.74,9.48,7.26,5.98,9.59,1192.89,2.77,5.81,260.2
2015-06-19 13:50:00,14651400.0,989.17,14.64,288.7,6.18,56.77,16.69,9.47,7.21,5.98,9.58,1192.98,2.24,4.93,261.6
2015-06-19 14:00:00,14652000.0,989.09,14.65,288.71,6.2,56.83,16.7,9.49,7.21,5.99,9.59,1192.84,2.35,4.64,242.5
2015-06-19 14:10:00,14652600.0,988.98,15.14,289.22,6.32,55.54,17.23,9.57,7.66,6.04,9.68,1190.64,1.98,3.58,257.9
2015-06-19 14:20:00,14653200.0,988.93,15.12,289.2,6.33,55.65,17.21,9.58,7.63,6.05,9.69,1190.66,1.7,4.24,249.4
2015-06-19 14:30:00,14653800.0,989.04,14.73,288.8,6.21,56.56,16.78,9.49,7.29,5.99,9.6,1192.44,2.31,6.01,333.9
2015-06-19 14:40:00,14654400.0,989.35,12.74,286.78,7.15,68.7,14.74,10.13,4.62,6.39,10.24,1200.83,1.93,6.65,335.5
2015-06-19 14:50:00,14655000.0,989.54,11.29,285.31,7.68,78.4,13.4,10.5,2.89,6.63,10.62,1207.01,1.66,3.8,284.9
2015-06-19 15:00:00,14655600.0,989.38,10.8,284.83,8.02,82.9,12.97,10.75,2.22,6.79,10.87,1208.78,0.76,2.2,269.2
2015-06-19 15:10:00,14656200.0,989.29,10.83,284.87,8.29,84.3,13.0,10.96,2.04,6.92,11.07,1208.45,1.46,2.56,234.6
2015-06-19 15:20:00,14656800.0,989.19,11.03,285.07,8.84,86.3,13.17,11.37,1.8,7.18,11.49,1207.28,1.52,2.44,228.3
2015-06-19 15:30:00,14657400.0,989.19,11.57,285.62,9.3,85.9,13.65,11.73,1.92,7.41,11.85,1204.83,1.1,1.6,214.5
2015-06-19 15:40:00,14658000.0,989.26,12.25,286.29,9.36,82.5,14.28,11.78,2.5,7.44,11.91,1202.02,0.81,1.48,227.7
2015-06-19 15:50:00,14658600.0,989.36,12.46,286.5,9.28,80.9,14.48,11.71,2.76,7.4,11.84,1201.29,1.35,3.8,246.3
2015-06-19 16:00:00,14659200.0,989.35,12.74,286.78,8.93,77.6,14.74,11.44,3.3,7.23,11.57,1200.22,1.26,2.28,259.5
2015-06-19 16:10:00,14659800.0,989.24,12.81,286.86,8.62,75.6,14.81,11.2,3.61,7.07,11.32,1199.91,1.09,2.12,266.7
2015-06-19 16:20:00,14660400.0,989.2,12.92,286.97,8.72,75.6,14.92,11.28,3.64,7.12,11.4,1199.36,0.84,2.0,241.9
2015-06-19 16:30:00,14661000.0,989.12,13.16,287.22,8.86,75.1,15.16,11.38,3.77,7.19,11.51,1198.21,0.52,1.56,278.2
2015-06-19 16:40:00,14661600.0,989.15,13.03,287.08,8.75,75.2,15.03,11.3,3.73,7.14,11.42,1198.83,0.66,1.16,301.7
2015-06-19 16:50:00,14662200.0,989.21,12.97,287.02,8.95,76.5,14.97,11.45,3.52,7.23,11.58,1199.08,0.72,1.4,321.7
2015-06-19 17:00:00,14662800.0,989.26,13.14,287.19,8.97,75.8,15.14,11.47,3.66,7.25,11.6,1198.42,0.78,1.6,16.89
2015-06-19 17:10:00,14663400.0,989.2,13.39,287.44,9.1,75.2,15.39,11.57,3.82,7.31,11.7,1197.26,0.99,1.76,209.7
2015-06-19 17:20:00,14664000.0,989.08,13.63,287.69,8.65,71.8,15.63,11.22,4.41,7.09,11.34,1196.27,0.65,1.4,245.7
2015-06-19 17:30:00,14664600.0,989.0,13.57,287.64,7.67,67.43,15.57,10.5,5.07,6.63,10.61,1196.76,1.35,2.0,262.3
2015-06-19 17:40:00,14665200.0,989.0,13.57,287.64,7.58,67.04,15.57,10.44,5.13,6.59,10.55,1196.79,1.03,1.9,243.5
2015-06-19 17:50:00,14665800.0,988.95,13.55,287.62,7.58,67.1,15.55,10.43,5.11,6.59,10.55,1196.81,0.85,1.76,227.3
2015-06-19 18:00:00,14666400.0,988.91,13.46,287.54,7.23,65.9,15.46,10.19,5.27,6.43,10.3,1197.25,1.32,2.04,249.0
2015-06-19 18:10:00,14667000.0,988.96,13.39,287.46,7.3,66.53,15.39,10.24,5.15,6.46,10.35,1197.58,0.93,1.52,250.0
2015-06-19 18:20:00,14667600.0,988.97,13.32,287.39,7.38,67.19,15.32,10.29,5.02,6.5,10.41,1197.86,1.23,1.72,242.9
2015-06-19 18:30:00,14668200.0,989.01,13.23,287.3,7.67,68.94,15.23,10.5,4.73,6.63,10.61,1198.19,1.65,2.18,249.1
2015-06-19 18:40:00,14668800.0,989.11,13.01,287.07,8.03,71.7,15.01,10.76,4.25,6.79,10.88,1199.11,1.87,2.8,243.6
2015-06-19 18:50:00,14669400.0,989.0,12.85,286.92,8.0,72.3,14.85,10.74,4.11,6.78,10.86,1199.66,1.41,2.48,251.0
2015-06-19 19:00:00,14670000.0,989.09,12.83,286.89,7.94,72.1,14.83,10.69,4.14,6.75,10.81,1199.87,1.46,2.48,267.0
2015-06-19 19:10:00,14670600.0,989.11,12.18,286.24,8.5,78.2,14.21,11.11,3.1,7.02,11.24,1202.44,1.85,2.92,259.3
2015-06-19 19:20:00,14671200.0,989.09,11.6,285.65,8.68,82.2,13.68,11.24,2.43,7.1,11.37,1204.8,2.13,3.56,261.0
2015-06-19 19:30:00,14671800.0,989.24,11.76,285.8,8.61,81.0,13.82,11.2,2.63,7.07,11.32,1204.33,2.71,4.04,265.2
2015-06-19 19:40:00,14672400.0,989.24,11.67,285.71,8.82,82.6,13.74,11.35,2.39,7.17,11.47,1204.64,1.63,3.16,252.2
2015-06-19 19:50:00,14673000.0,989.25,11.52,285.56,9.06,84.8,13.61,11.54,2.07,7.29,11.66,1205.2,0.78,1.68,249.2
2015-06-19 20:00:00,14673600.0,989.34,11.4,285.43,9.16,86.1,13.5,11.62,1.88,7.34,11.75,1205.78,0.71,1.36,245.2
2015-06-19 20:10:00,14674200.0,989.38,11.31,285.34,9.2,86.8,13.42,11.65,1.77,7.35,11.77,1206.2,0.47,0.88,204.3
2015-06-19 20:20:00,14674800.0,989.49,11.22,285.24,9.23,87.5,13.34,11.67,1.67,7.37,11.79,1206.7,0.43,0.82,258.9
2015-06-19 20:30:00,14675400.0,989.56,11.19,285.2,9.28,88.0,13.31,11.71,1.6,7.4,11.84,1206.9,0.33,0.72,255.9
2015-06-19 20:40:00,14676000.0,989.62,11.13,285.14,9.2,87.9,13.26,11.65,1.6,7.36,11.78,1207.25,0.6,1.22,292.9
2015-06-19 20:50:00,14676600.0,989.71,10.97,284.97,8.88,86.9,13.12,11.4,1.72,7.2,11.52,1208.16,1.6,2.62,263.2
2015-06-19 21:00:00,14677200.0,989.74,10.85,284.85,8.81,87.2,13.01,11.35,1.67,7.16,11.46,1208.73,2.19,3.12,256.7
2015-06-19 21:10:00,14677800.0,989.75,10.79,284.79,8.87,87.9,12.96,11.39,1.57,7.19,11.51,1208.98,1.9,3.32,263.8
2015-06-19 21:20:00,14678400.0,989.85,10.74,284.73,8.89,88.3,12.92,11.41,1.51,7.2,11.52,1209.31,1.58,2.68,251.5
2015-06-19 21:30:00,14679000.0,989.92,10.7,284.68,8.93,88.8,12.88,11.44,1.44,7.22,11.56,1209.55,1.45,2.6,253.4
2015-06-19 21:40:00,14679600.0,989.98,10.68,284.66,8.9,88.7,12.87,11.41,1.45,7.2,11.53,1209.72,1.18,3.08,269.6
2015-06-19 21:50:00,14680200.0,989.99,10.66,284.64,8.68,87.5,12.85,11.24,1.61,7.09,11.36,1209.9,1.05,2.72,273.0
2015-06-19 22:00:00,14680800.0,989.98,10.6,284.58,8.51,86.9,12.8,11.12,1.68,7.02,11.23,1210.2,1.18,2.32,267.2
2015-06-19 22:10:00,14681400.0,989.98,10.51,284.49,8.51,87.4,12.72,11.12,1.6,7.02,11.23,1210.58,1.47,2.32,265.5
2015-06-19 22:20:00,14682000.0,990.02,10.43,284.4,8.55,88.1,12.65,11.15,1.51,7.03,11.26,1210.96,1.76,2.72,258.4
2015-06-19 22:30:00,14682600.0,990.07,10.36,284.33,8.61,88.9,12.59,11.2,1.4,7.06,11.31,1211.3,1.85,2.96,258.0
2015-06-19 22:40:00,14683200.0,990.06,10.33,284.3,8.68,89.5,12.57,11.25,1.32,7.1,11.36,1211.39,2.03,3.04,252.8
2015-06-19 22:50:00,14683800.0,990.03,10.33,284.3,8.58,88.9,12.57,11.17,1.4,7.05,11.29,1211.39,2.03,2.96,257.2
2015-06-19 23:00:00,14684400.0,990.05,10.33,284.3,8.43,88.0,12.57,11.06,1.51,6.98,11.17,1211.46,2.32,3.0,259.1
2015-06-19 23:10:00,14685000.0,990.06,10.33,284.3,8.3,87.2,12.57,10.96,1.61,6.91,11.07,1211.52,2.4,3.52,260.5
2015-06-19 23:20:00,14685600.0,990.03,10.32,284.29,8.15,86.4,12.56,10.85,1.71,6.85,10.96,1211.58,2.14,2.84,261.1
2015-06-19 23:30:00,14686200.0,990.05,10.26,284.23,8.03,86.0,12.51,10.76,1.75,6.79,10.87,1211.9,2.18,3.4,256.7
2015-06-19 23:40:00,14686800.0,990.1,10.24,284.21,7.97,85.8,12.49,10.72,1.77,6.76,10.83,1212.07,1.88,2.72,257.2
2015-06-19 23:50:00,14687400.0,990.09,10.2,284.17,7.88,85.5,12.46,10.65,1.81,6.72,10.76,1212.26,2.05,3.04,259.7
2015-06-20 00:00:00,14688000.0,990.1,10.14,284.11,7.81,85.4,12.41,10.6,1.81,6.68,10.7,1212.55,2.27,3.52,262.6
2015-06-20 00:10:00,14688600.0,990.09,10.13,284.1,7.78,85.3,12.4,10.58,1.82,6.67,10.68,1212.59,1.91,2.8,261.3
2015-06-20 00:20:00,14689200.0,990.06,10.13,284.1,7.75,85.1,12.4,10.55,1.85,6.66,10.66,1212.57,1.42,2.4,253.6
2015-06-20 00:30:00,14689800.0,990.09,10.12,284.09,7.72,85.0,12.39,10.53,1.86,6.64,10.64,1212.66,1.55,3.06,257.6
2015-06-20 00:40:00,14690400.0,990.1,10.06,284.03,7.71,85.3,12.34,10.53,1.81,6.64,10.63,1212.93,2.3,3.88,260.9
2015-06-20 00:50:00,14691000.0,990.09,10.0,283.97,7.7,85.6,12.29,10.52,1.77,6.64,10.63,1213.17,1.85,2.88,264.3
2015-06-20 01:00:00,14691600.0,989.98,9.96,283.94,7.7,85.8,12.26,10.52,1.74,6.64,10.63,1213.21,2.02,3.64,259.6
2015-06-20 01:10:00,14692200.0,989.98,9.92,283.9,7.73,86.2,12.23,10.54,1.69,6.65,10.65,1213.37,2.18,3.2,259.0
2015-06-20 01:20:00,14692800.0,989.92,9.86,283.84,7.72,86.5,12.18,10.53,1.64,6.65,10.64,1213.56,1.47,2.3,260.5
2015-06-20 01:30:00,14693400.0,989.9,9.86,283.84,7.75,86.7,12.18,10.56,1.62,6.66,10.67,1213.52,1.45,2.36,260.8
2015-06-20 01:40:00,14694000.0,989.85,9.8,283.79,7.73,86.9,12.13,10.54,1.59,6.65,10.65,1213.73,1.71,3.06,252.9
2015-06-20 01:50:00,14694600.0,989.86,9.79,283.78,7.7,86.8,12.12,10.52,1.6,6.64,10.63,1213.79,1.53,2.8,255.5
2015-06-20 02:00:00,14695200.0,989.86,9.77,283.76,7.63,86.5,12.11,10.47,1.63,6.61,10.58,1213.9,1.83,3.24,255.7
2015-06-20 02:10:00,14695800.0,989.84,9.75,283.74,7.54,86.1,12.09,10.41,1.68,6.57,10.52,1213.99,1.73,2.8,248.3
2015-06-20 02:20:00,14696400.0,989.84,9.73,283.72,7.49,85.9,12.07,10.37,1.7,6.54,10.48,1214.1,1.81,3.76,246.1
2015-06-20 02:30:00,14697000.0,989.85,9.73,283.72,7.46,85.7,12.07,10.35,1.73,6.53,10.45,1214.12,2.32,3.84,252.0
2015-06-20 02:40:00,14697600.0,989.82,9.73,283.72,7.39,85.3,12.07,10.3,1.77,6.5,10.4,1214.1,2.37,3.88,258.2
2015-06-20 02:50:00,14698200.0,989.8,9.73,283.72,7.35,85.1,12.07,10.27,1.8,6.48,10.38,1214.09,2.11,3.76,246.0
2015-06-20 03:00:00,14698800.0,989.75,9.73,283.72,7.25,84.5,12.07,10.2,1.87,6.44,10.31,1214.06,1.5,3.32,254.1
2015-06-20 03:10:00,14699400.0,989.74,9.7,283.7,7.19,84.3,12.05,10.16,1.89,6.41,10.26,1214.2,2.0,3.4,249.9
2015-06-20 03:20:00,14700000.0,989.74,9.63,283.63,7.2,84.8,11.99,10.17,1.82,6.42,10.27,1214.5,1.9,3.16,247.8
2015-06-20 03:30:00,14700600.0,989.73,9.57,283.57,7.28,85.6,11.94,10.22,1.72,6.45,10.33,1214.72,1.78,3.32,247.9
2015-06-20 03:40:00,14701200.0,989.73,9.53,283.53,7.34,86.2,11.91,10.27,1.64,6.48,10.37,1214.87,2.42,3.6,250.3
2015-06-20 03:50:00,14701800.0,989.73,9.5,283.5,7.35,86.4,11.89,10.27,1.62,6.48,10.38,1214.99,2.24,3.34,254.7
2015-06-20 04:00:00,14702400.0,989.7,9.46,283.46,7.28,86.2,11.86,10.22,1.64,6.45,10.33,1215.15,2.09,3.32,252.2
2015-06-20 04:10:00,14703000.0,989.67,9.46,283.46,7.26,86.1,11.86,10.21,1.65,6.44,10.31,1215.12,2.64,3.82,255.7
2015-06-20 04:20:00,14703600.0,989.73,9.5,283.5,7.25,85.8,11.89,10.2,1.69,6.43,10.31,1215.03,2.36,4.57,253.3
2015-06-20 04:30:00,14704200.0,989.71,9.53,283.53,7.26,85.7,11.91,10.21,1.7,6.44,10.31,1214.87,2.37,4.36,255.0
2015-06-20 04:40:00,14704800.0,989.69,9.56,283.56,7.24,85.4,11.94,10.19,1.74,6.43,10.3,1214.72,2.57,4.04,256.1
2015-06-20 04:50:00,14705400.0,989.68,9.6,283.6,7.26,85.3,11.97,10.21,1.76,6.44,10.31,1214.53,1.75,2.92,246.2
2015-06-20 05:00:00,14706000.0,989.74,9.66,283.66,7.34,85.4,12.02,10.26,1.75,6.47,10.37,1214.32,1.84,2.84,247.8
2015-06-20 05:10:00,14706600.0,989.79,9.66,283.65,7.39,85.7,12.02,10.3,1.72,6.5,10.4,1214.37,1.55,2.96,243.6
2015-06-20 05:20:00,14707200.0,989.86,9.66,283.65,7.42,85.9,12.02,10.32,1.69,6.51,10.43,1214.44,1.59,4.28,247.2
2015-06-20 05:30:00,14707800.0,989.86,9.66,283.65,7.46,86.1,12.02,10.35,1.67,6.53,10.45,1214.43,1.42,2.68,236.7
2015-06-20 05:40:00,14708400.0,989.88,9.66,283.64,7.54,86.6,12.02,10.41,1.61,6.56,10.51,1214.43,1.16,2.44,235.3
2015-06-20 05:50:00,14709000.0,989.9,9.68,283.66,7.56,86.6,12.03,10.42,1.61,6.57,10.53,1214.36,1.32,2.4,233.7
2015-06-20 06:00:00,14709600.0,989.98,9.7,283.68,7.61,86.8,12.05,10.46,1.59,6.6,10.56,1214.36,1.39,2.52,245.8
2015-06-20 06:10:00,14710200.0,990.05,9.78,283.75,7.67,86.7,12.11,10.5,1.61,6.62,10.61,1214.08,1.01,1.88,251.3
2015-06-20 06:20:00,14710800.0,990.13,9.83,283.79,7.66,86.3,12.15,10.49,1.67,6.62,10.59,1213.97,1.38,2.24,254.1
2015-06-20 06:30:00,14711400.0,990.18,9.76,283.72,7.67,86.8,12.1,10.5,1.6,6.62,10.6,1214.32,2.11,3.76,251.3
2015-06-20 06:40:00,14712000.0,990.22,9.52,283.48,7.79,88.9,11.9,10.58,1.32,6.67,10.69,1215.37,1.93,2.96,249.1
2015-06-20 06:50:00,14712600.0,990.24,9.33,283.28,7.83,90.3,11.75,10.61,1.14,6.69,10.72,1216.2,2.48,4.2,255.1
2015-06-20 07:00:00,14713200.0,990.34,9.34,283.29,7.87,90.5,11.76,10.64,1.12,6.71,10.75,1216.26,1.56,3.64,267.7
2015-06-20 07:10:00,14713800.0,990.46,9.46,283.4,8.0,90.6,11.86,10.74,1.11,6.77,10.84,1215.85,1.3,2.36,248.9
2015-06-20 07:20:00,14714400.0,990.47,9.65,283.59,8.18,90.5,12.01,10.87,1.14,6.85,10.97,1214.98,1.06,2.8,272.6
2015-06-20 07:30:00,14715000.0,990.52,9.8,283.73,8.18,89.6,12.13,10.87,1.26,6.85,10.97,1214.4,1.7,3.68,265.5
2015-06-20 07:40:00,14715600.0,990.59,9.86,283.79,8.1,88.8,12.18,10.81,1.36,6.82,10.92,1214.25,1.66,3.0,267.7
2015-06-20 07:50:00,14716200.0,990.65,9.86,283.78,8.05,88.5,12.18,10.78,1.4,6.8,10.88,1214.35,1.57,2.6,254.9
2015-06-20 08:00:00,14716800.0,990.72,9.87,283.79,8.06,88.5,12.19,10.79,1.4,6.8,10.89,1214.38,1.36,2.96,247.9
2015-06-20 08:10:00,14717400.0,990.7,9.97,283.89,8.11,88.2,12.27,10.82,1.45,6.82,10.92,1213.91,1.24,2.4,260.9
2015-06-20 08:20:00,14718000.0,990.7,10.3,284.22,8.35,87.7,12.54,11.0,1.54,6.94,11.1,1212.42,1.27,2.8,243.0
2015-06-20 08:30:00,14718600.0,990.7,10.63,284.55,8.32,85.6,12.82,10.98,1.85,6.92,11.08,1211.02,1.57,3.56,252.2
2015-06-20 08:40:00,14719200.0,990.69,10.93,284.85,8.2,83.2,13.08,10.88,2.2,6.86,10.99,1209.77,1.7,3.92,258.3
2015-06-20 08:50:00,14719800.0,990.71,11.04,284.96,7.95,81.2,13.18,10.7,2.48,6.75,10.8,1209.41,2.25,4.48,281.2
2015-06-20 09:00:00,14720400.0,990.71,11.26,285.18,7.91,79.8,13.37,10.67,2.7,6.73,10.77,1208.49,1.78,4.02,277.0
2015-06-20 09:10:00,14721000.0,990.72,11.64,285.56,8.06,78.6,13.71,10.78,2.93,6.8,10.88,1206.84,1.86,4.69,257.5
2015-06-20 09:20:00,14721600.0,990.76,11.88,285.8,8.06,77.4,13.93,10.78,3.15,6.8,10.88,1205.87,1.84,3.34,269.2
2015-06-20 09:30:00,14722200.0,990.85,11.81,285.72,7.84,76.6,13.87,10.62,3.25,6.7,10.72,1206.35,2.3,4.65,269.9
2015-06-20 09:40:00,14722800.0,990.86,11.77,285.68,7.65,75.8,13.83,10.48,3.35,6.61,10.58,1206.6,1.74,3.92,276.4
2015-06-20 09:50:00,14723400.0,990.95,12.0,285.9,7.68,74.8,14.04,10.5,3.54,6.62,10.6,1205.72,1.65,4.85,276.2
2015-06-20 10:00:00,14724000.0,990.97,11.77,285.67,7.51,75.1,13.83,10.39,3.44,6.55,10.48,1206.78,2.33,4.0,275.0
2015-06-20 10:10:00,14724600.0,990.96,11.99,285.89,7.82,75.6,14.03,10.61,3.42,6.69,10.71,1205.73,1.44,4.53,288.1
2015-06-20 10:20:00,14725200.0,990.96,12.19,286.09,7.51,73.0,14.22,10.38,3.84,6.54,10.48,1204.99,2.49,4.89,270.1
2015-06-20 10:30:00,14725800.0,991.03,12.28,286.18,7.71,73.6,14.31,10.53,3.78,6.63,10.62,1204.63,1.91,3.76,283.1
2015-06-20 10:40:00,14726400.0,991.08,11.81,285.7,7.99,77.4,13.87,10.73,3.13,6.76,10.83,1206.58,1.48,3.24,255.5
2015-06-20 10:50:00,14727000.0,990.99,12.08,285.98,8.14,76.8,14.12,10.84,3.28,6.83,10.94,1205.28,1.63,4.32,245.3
2015-06-20 11:00:00,14727600.0,990.86,12.93,286.84,8.26,73.2,14.93,10.93,4.0,6.89,11.03,1201.5,2.19,5.45,236.6
2015-06-20 11:10:00,14728200.0,990.91,13.06,286.97,7.41,68.51,15.06,10.32,4.74,6.5,10.41,1201.3,2.33,5.13,281.3
2015-06-20 11:20:00,14728800.0,991.01,12.56,286.46,7.46,71.0,14.57,10.35,4.23,6.52,10.44,1203.51,1.95,5.01,273.7
2015-06-20 11:30:00,14729400.0,990.92,13.0,286.91,7.98,71.5,15.0,10.72,4.27,6.76,10.82,1201.37,1.91,4.04,217.3
2015-06-20 11:40:00,14730000.0,990.91,13.42,287.33,7.57,67.64,15.42,10.43,4.99,6.57,10.52,1199.74,2.83,5.73,271.7
2015-06-20 11:50:00,14730600.0,990.98,13.39,287.29,6.94,64.92,15.39,9.99,5.4,6.29,10.08,1200.15,2.42,5.65,270.7
2015-06-20 12:00:00,14731200.0,991.0,13.83,287.73,7.05,63.57,15.83,10.06,5.77,6.34,10.16,1198.3,2.65,6.41,268.5
2015-06-20 12:10:00,14731800.0,991.09,13.44,287.33,6.79,64.03,15.44,9.88,5.55,6.23,9.97,1200.12,1.91,4.48,315.6
2015-06-20 12:20:00,14732400.0,991.12,13.62,287.51,6.85,63.54,15.62,9.92,5.69,6.25,10.01,1199.39,2.29,4.81,282.6
2015-06-20 12:30:00,14733000.0,991.34,12.9,286.77,7.56,69.95,14.9,10.42,4.48,6.57,10.51,1202.44,2.3,4.97,289.3
2015-06-20 12:40:00,14733600.0,991.37,11.79,285.66,8.29,79.1,13.85,10.96,2.89,6.9,11.05,1206.92,1.96,4.44,275.5
2015-06-20 12:50:00,14734200.0,991.33,12.65,286.52,8.77,77.2,14.66,11.32,3.34,7.13,11.41,1203.07,1.56,4.73,318.0
2015-06-20 13:00:00,14734800.0,991.39,13.33,287.2,8.7,73.5,15.33,11.26,4.06,7.1,11.36,1200.31,2.28,6.37,276.4
2015-06-20 13:10:00,14735400.0,991.44,13.3,287.17,8.08,70.6,15.3,10.8,4.5,6.8,10.89,1200.71,2.49,5.49,291.1
2015-06-20 13:20:00,14736000.0,991.36,13.36,287.23,7.95,69.68,15.36,10.7,4.66,6.74,10.79,1200.41,2.44,4.69,276.1
2015-06-20 13:30:00,14736600.0,991.34,13.49,287.36,7.57,67.34,15.49,10.43,5.06,6.57,10.52,1199.97,2.84,5.71,296.4
2015-06-20 13:40:00,14737200.0,991.4,13.39,287.26,7.36,66.79,15.39,10.28,5.11,6.47,10.37,1200.53,2.24,4.83,271.4
2015-06-20 13:50:00,14737800.0,991.48,13.35,287.21,7.55,67.86,15.35,10.41,4.93,6.56,10.5,1200.73,2.62,6.05,286.5
2015-06-20 14:00:00,14738400.0,991.48,13.39,287.25,7.62,67.99,15.39,10.46,4.92,6.59,10.55,1200.54,2.38,5.29,281.4
2015-06-20 14:10:00,14739000.0,991.51,13.52,287.38,7.72,67.9,15.52,10.54,4.98,6.64,10.63,1200.0,3.37,7.33,274.6
2015-06-20 14:20:00,14739600.0,991.53,13.7,287.56,8.02,68.48,15.7,10.75,4.95,6.77,10.84,1199.17,2.17,5.13,259.8
2015-06-20 14:30:00,14740200.0,991.49,13.68,287.54,7.9,68.0,15.68,10.66,5.02,6.72,10.75,1199.25,2.53,5.25,274.2
2015-06-20 14:40:00,14740800.0,991.51,13.75,287.61,7.89,67.65,15.75,10.66,5.1,6.71,10.75,1198.98,2.04,6.21,283.1
2015-06-20 14:50:00,14741400.0,991.53,13.61,287.47,7.82,67.96,15.61,10.61,5.0,6.68,10.7,1199.61,2.48,5.13,275.8
2015-06-20 15:00:00,14742000.0,991.51,14.19,288.05,8.08,66.64,16.21,10.8,5.41,6.8,10.89,1197.08,2.32,6.39,255.4
2015-06-20 15:10:00,14742600.0,991.54,14.37,288.23,7.78,64.5,16.4,10.58,5.82,6.66,10.67,1196.47,2.92,6.01,267.4
2015-06-20 15:20:00,14743200.0,991.44,14.34,288.21,7.74,64.44,16.37,10.55,5.82,6.64,10.64,1196.49,2.0,3.72,259.3
2015-06-20 15:30:00,14743800.0,991.31,14.82,288.7,7.7,62.3,16.88,10.52,6.36,6.63,10.61,1194.35,3.52,6.85,241.0
2015-06-20 15:40:00,14744400.0,991.35,15.22,289.1,7.77,61.04,17.32,10.57,6.75,6.66,10.67,1192.71,2.53,5.69,258.2
2015-06-20 15:50:00,14745000.0,991.3,15.27,289.15,7.6,60.14,17.38,10.45,6.93,6.58,10.54,1192.5,2.74,5.33,262.4
2015-06-20 16:00:00,14745600.0,991.26,15.48,289.37,7.77,60.02,17.61,10.57,7.04,6.66,10.66,1191.53,2.37,5.2,276.7
2015-06-20 16:10:00,14746200.0,991.22,15.37,289.26,7.72,60.23,17.49,10.53,6.96,6.64,10.63,1191.95,3.16,5.22,263.2
2015-06-20 16:20:00,14746800.0,991.18,15.62,289.51,7.59,58.76,17.77,10.44,7.33,6.58,10.54,1190.92,2.34,4.84,253.3
2015-06-20 16:30:00,14747400.0,991.14,15.51,289.41,7.41,58.45,17.65,10.32,7.33,6.5,10.41,1191.38,2.96,5.76,257.6
2015-06-20 16:40:00,14748000.0,991.12,15.35,289.25,7.29,58.55,17.47,10.23,7.24,6.44,10.32,1192.06,2.39,5.64,259.4
2015-06-20 16:50:00,14748600.0,991.1,15.33,289.23,7.01,57.54,17.44,10.04,7.41,6.32,10.13,1192.2,2.87,5.84,263.5
2015-06-20 17:00:00,14749200.0,991.01,15.66,289.57,7.12,56.73,17.82,10.11,7.71,6.37,10.2,1190.7,2.52,5.04,253.0
2015-06-20 17:10:00,14749800.0,991.03,15.57,289.48,7.19,57.34,17.72,10.16,7.56,6.4,10.25,1191.07,2.62,4.48,283.2
2015-06-20 17:20:00,14750400.0,991.1,15.51,289.41,7.32,58.08,17.65,10.25,7.4,6.46,10.34,1191.36,2.0,4.88,268.4
2015-06-20 17:30:00,14751000.0,991.16,15.75,289.64,6.98,55.86,17.92,10.01,7.91,6.31,10.1,1190.55,2.92,5.8,279.7
2015-06-20 17:40:00,14751600.0,991.19,15.59,289.48,6.6,54.98,17.74,9.75,7.99,6.14,9.84,1191.37,2.74,5.44,267.8
2015-06-20 17:50:00,14752200.0,991.25,15.48,289.37,6.64,55.54,17.61,9.78,7.83,6.16,9.87,1191.88,1.96,4.32,270.8
2015-06-20 18:00:00,14752800.0,991.31,15.23,289.11,6.46,55.74,17.33,9.66,7.67,6.08,9.75,1193.04,2.05,4.96,283.2
2015-06-20 18:10:00,14753400.0,991.38,14.97,288.84,6.62,57.32,17.05,9.77,7.27,6.15,9.86,1194.15,1.52,3.0,279.2
2015-06-20 18:20:00,14754000.0,991.37,14.74,288.61,6.7,58.49,16.79,9.82,6.97,6.19,9.91,1195.07,1.74,3.6,286.2
2015-06-20 18:30:00,14754600.0,991.45,14.68,288.55,6.65,58.53,16.73,9.79,6.94,6.17,9.88,1195.43,1.29,3.28,271.4
2015-06-20 18:40:00,14755200.0,991.54,14.25,288.11,7.26,62.74,16.27,10.21,6.06,6.43,10.3,1197.14,2.54,4.84,29.88
2015-06-20 18:50:00,14755800.0,991.58,13.79,287.64,7.56,65.97,15.79,10.42,5.37,6.56,10.51,1199.01,1.29,3.28,14.91
2015-06-20 19:00:00,14756400.0,991.62,13.95,287.8,7.7,65.91,15.96,10.52,5.44,6.62,10.61,1198.34,0.91,2.36,352.4
2015-06-20 19:10:00,14757000.0,991.73,13.91,287.75,7.6,65.65,15.92,10.45,5.47,6.58,10.54,1198.67,0.49,1.08,42.27
2015-06-20 19:20:00,14757600.0,991.84,14.04,287.87,7.24,63.53,16.05,10.2,5.85,6.42,10.28,1198.38,1.08,2.36,279.1
2015-06-20 19:30:00,14758200.0,991.9,14.14,287.97,6.86,61.48,16.15,9.93,6.22,6.25,10.01,1198.16,0.79,1.76,307.4
2015-06-20 19:40:00,14758800.0,991.93,14.1,287.93,6.62,60.62,16.11,9.77,6.35,6.15,9.85,1198.44,0.85,2.56,277.7
2015-06-20 19:50:00,14759400.0,991.94,13.92,287.75,6.45,60.62,15.93,9.65,6.27,6.08,9.73,1199.25,1.46,3.44,253.9
2015-06-20 20:00:00,14760000.0,991.97,13.78,287.6,6.48,61.32,15.78,9.68,6.1,6.09,9.76,1199.86,1.7,3.68,256.2
2015-06-20 20:10:00,14760600.0,992.05,13.71,287.53,6.56,61.93,15.71,9.73,5.98,6.12,9.81,1200.23,1.51,2.68,256.9
2015-06-20 20:20:00,14761200.0,992.09,13.6,287.41,6.66,62.79,15.6,9.79,5.8,6.16,9.87,1200.71,1.52,3.0,258.9
2015-06-20 20:30:00,14761800.0,992.17,13.53,287.34,6.71,63.29,15.53,9.83,5.7,6.18,9.9,1201.08,0.99,1.88,250.0
2015-06-20 20:40:00,14762400.0,992.28,13.44,287.24,6.61,63.25,15.44,9.76,5.67,6.14,9.84,1201.62,1.15,1.88,261.1
2015-06-20 20:50:00,14763000.0,992.37,13.34,287.13,6.49,63.13,15.34,9.68,5.65,6.09,9.76,1202.19,1.4,2.84,253.7
2015-06-20 21:00:00,14763600.0,992.44,13.17,286.95,6.45,63.68,15.17,9.66,5.51,6.08,9.73,1203.0,1.28,2.4,261.0
2015-06-20 21:10:00,14764200.0,992.49,12.9,286.68,6.4,64.59,14.9,9.62,5.28,6.05,9.7,1204.21,1.03,1.84,246.3
2015-06-20 21:20:00,14764800.0,992.52,12.56,286.33,6.38,65.94,14.57,9.61,4.96,6.04,9.68,1205.69,1.18,2.6,250.6
2015-06-20 21:30:00,14765400.0,992.47,12.28,286.06,6.35,67.02,14.31,9.59,4.72,6.03,9.66,1206.82,1.78,2.46,248.6
2015-06-20 21:40:00,14766000.0,992.44,12.03,285.81,6.33,68.02,14.07,9.57,4.5,6.02,9.64,1207.85,2.19,2.92,253.3
2015-06-20 21:50:00,14766600.0,992.46,11.79,285.57,6.31,69.03,13.85,9.56,4.29,6.01,9.63,1208.9,2.83,3.72,251.8
2015-06-20 22:00:00,14767200.0,992.51,11.61,285.38,6.27,69.67,13.69,9.54,4.15,6.0,9.61,1209.73,2.48,3.08,259.1
2015-06-20 22:10:00,14767800.0,992.55,11.48,285.25,6.28,70.3,13.57,9.54,4.03,6.0,9.61,1210.33,2.5,3.6,256.5
2015-06-20 22:20:00,14768400.0,992.63,11.58,285.34,6.31,70.0,13.66,9.56,4.1,6.01,9.63,1210.0,2.85,4.36,254.4
2015-06-20 22:30:00,14769000.0,992.71,11.69,285.45,6.34,69.66,13.76,9.58,4.17,6.03,9.65,1209.62,2.84,3.96,252.8
2015-06-20 22:40:00,14769600.0,992.77,11.73,285.48,6.33,69.39,13.8,9.57,4.22,6.02,9.64,1209.52,2.69,3.88,253.9
2015-06-20 22:50:00,14770200.0,992.8,11.66,285.41,6.33,69.72,13.73,9.57,4.16,6.02,9.64,1209.86,2.31,4.04,250.7
2015-06-20 23:00:00,14770800.0,992.8,11.48,285.23,6.32,70.5,13.57,9.57,4.0,6.02,9.64,1210.63,2.12,2.74,248.3
2015-06-20 23:10:00,14771400.0,992.8,11.4,285.15,6.24,70.5,13.5,9.52,3.98,5.98,9.58,1210.99,2.74,4.53,254.4
2015-06-20 23:20:00,14772000.0,992.77,11.26,285.01,6.25,71.2,13.37,9.52,3.85,5.99,9.59,1211.55,2.72,3.96,245.5
2015-06-20 23:30:00,14772600.0,992.71,11.1,284.86,6.24,71.9,13.23,9.51,3.72,5.98,9.58,1212.16,2.68,4.0,249.1
2015-06-20 23:40:00,14773200.0,992.68,11.2,284.96,6.17,71.1,13.32,9.47,3.85,5.96,9.54,1211.72,2.94,4.16,251.2
2015-06-20 23:50:00,14773800.0,992.68,11.1,284.86,6.2,71.7,13.23,9.49,3.74,5.97,9.56,1212.13,2.49,3.08,247.6
2015-06-21 00:00:00,14774400.0,992.6,11.06,284.82,6.2,71.9,13.2,9.49,3.71,5.97,9.56,1212.21,2.72,3.34,246.3
2015-06-21 00:10:00,14775000.0,992.56,11.05,284.82,6.19,71.9,13.19,9.48,3.71,5.96,9.55,1212.2,2.58,3.52,249.9
2015-06-21 00:20:00,14775600.0,992.56,11.1,284.87,6.14,71.4,13.23,9.45,3.78,5.94,9.52,1212.01,3.08,3.84,252.8
2015-06-21 00:30:00,14776200.0,992.56,11.09,284.86,6.13,71.4,13.22,9.44,3.78,5.94,9.51,1212.05,3.53,4.59,254.6
2015-06-21 00:40:00,14776800.0,992.56,11.13,284.9,6.14,71.3,13.26,9.45,3.8,5.94,9.52,1211.88,3.7,4.32,253.0
2015-06-21 00:50:00,14777400.0,992.56,11.14,284.91,6.15,71.3,13.27,9.46,3.81,5.95,9.53,1211.83,3.03,4.2,252.5
2015-06-21 01:00:00,14778000.0,992.56,11.21,284.98,6.16,71.0,13.33,9.46,3.87,5.95,9.53,1211.53,2.83,3.76,252.4
2015-06-21 01:10:00,14778600.0,992.56,11.21,284.98,6.16,71.0,13.33,9.46,3.87,5.95,9.53,1211.53,2.74,3.88,250.8
2015-06-21 01:20:00,14779200.0,992.54,11.23,285.0,6.24,71.3,13.35,9.52,3.83,5.98,9.59,1211.4,2.76,4.2,251.9
2015-06-21 01:30:00,14779800.0,992.43,11.27,285.05,6.3,71.4,13.38,9.55,3.83,6.01,9.63,1211.07,2.7,3.8,248.9
2015-06-21 01:40:00,14780400.0,992.3,11.16,284.95,6.29,71.9,13.28,9.55,3.73,6.01,9.63,1211.38,2.57,3.28,249.6
2015-06-21 01:50:00,14781000.0,992.21,11.12,284.92,6.24,71.8,13.25,9.51,3.74,5.98,9.59,1211.46,2.6,3.28,253.8
2015-06-21 02:00:00,14781600.0,992.18,11.1,284.9,6.18,71.6,13.23,9.47,3.76,5.96,9.55,1211.53,2.67,3.76,249.1
2015-06-21 02:10:00,14782200.0,992.12,11.04,284.84,6.14,71.7,13.18,9.45,3.73,5.95,9.52,1211.72,2.69,3.6,249.8
2015-06-21 02:20:00,14782800.0,992.07,11.05,284.86,6.09,71.4,13.19,9.42,3.77,5.92,9.49,1211.63,2.46,3.32,250.9
2015-06-21 02:30:00,14783400.0,992.06,10.74,284.55,6.09,72.9,12.92,9.42,3.5,5.93,9.49,1212.94,2.13,3.16,251.2
2015-06-21 02:40:00,14784000.0,992.03,10.35,284.16,6.09,74.8,12.59,9.41,3.17,5.92,9.49,1214.58,2.85,3.72,254.0
2015-06-21 02:50:00,14784600.0,991.98,10.41,284.22,6.14,74.8,12.64,9.45,3.18,5.95,9.53,1214.24,2.76,3.72,254.0
2015-06-21 03:00:00,14785200.0,991.93,10.37,284.19,6.14,75.0,12.6,9.45,3.15,5.95,9.53,1214.35,2.32,3.28,252.6
2015-06-21 03:10:00,14785800.0,991.84,10.03,283.85,6.1,76.5,12.32,9.42,2.89,5.93,9.5,1215.71,1.08,2.64,293.2
2015-06-21 03:20:00,14786400.0,991.91,9.58,283.4,6.18,79.3,11.95,9.48,2.47,5.96,9.56,1217.71,0.93,2.24,253.6
2015-06-21 03:30:00,14787000.0,991.86,9.5,283.32,6.16,79.6,11.89,9.46,2.43,5.96,9.54,1218.0,0.78,2.12,183.5
2015-06-21 03:40:00,14787600.0,991.88,9.66,283.48,6.24,79.2,12.02,9.52,2.5,5.99,9.59,1217.31,0.58,1.04,137.3
2015-06-21 03:50:00,14788200.0,991.92,9.61,283.43,6.19,79.2,11.98,9.48,2.49,5.97,9.56,1217.59,0.65,1.16,166.7
2015-06-21 04:00:00,14788800.0,991.93,9.74,283.56,6.37,79.5,12.08,9.6,2.48,6.04,9.68,1216.98,0.46,1.0,120.3
2015-06-21 04:10:00,14789400.0,991.93,9.69,283.51,6.47,80.3,12.04,9.67,2.37,6.09,9.75,1217.17,0.61,1.28,123.5
2015-06-21 04:20:00,14790000.0,991.86,9.58,283.4,6.47,80.9,11.95,9.67,2.28,6.09,9.75,1217.56,1.09,1.68,141.2
2015-06-21 04:30:00,14790600.0,991.85,9.48,283.3,6.5,81.6,11.87,9.69,2.18,6.1,9.77,1217.97,0.82,1.52,147.4
2015-06-21 04:40:00,14791200.0,991.82,9.47,283.29,6.52,81.8,11.86,9.7,2.16,6.11,9.78,1217.96,0.9,1.78,144.7
2015-06-21 04:50:00,14791800.0,991.82,9.49,283.31,6.51,81.6,11.88,9.69,2.19,6.1,9.77,1217.88,0.94,1.48,163.1
2015-06-21 05:00:00,14792400.0,991.77,9.53,283.36,6.49,81.3,11.91,9.68,2.23,6.1,9.76,1217.65,1.04,2.04,145.3
2015-06-21 05:10:00,14793000.0,991.73,9.35,283.18,6.53,82.5,11.77,9.71,2.06,6.11,9.79,1218.37,1.29,2.08,158.8
2015-06-21 05:20:00,14793600.0,991.81,9.38,283.21,6.63,82.9,11.79,9.78,2.02,6.15,9.86,1218.31,1.28,2.04,176.5
2015-06-21 05:30:00,14794200.0,991.82,9.4,283.22,6.63,82.8,11.81,9.78,2.03,6.15,9.86,1218.23,1.55,2.28,150.3
2015-06-21 05:40:00,14794800.0,991.8,9.43,283.26,6.63,82.6,11.83,9.77,2.06,6.15,9.85,1218.08,1.2,1.88,155.2
2015-06-21 05:50:00,14795400.0,991.75,9.51,283.34,6.65,82.3,11.9,9.79,2.11,6.16,9.87,1217.66,1.04,1.64,157.3
2015-06-21 06:00:00,14796000.0,991.8,9.62,283.45,6.69,81.9,11.98,9.81,2.17,6.18,9.9,1217.24,1.24,2.44,158.6
2015-06-21 06:10:00,14796600.0,991.82,9.7,283.53,6.7,81.5,12.05,9.82,2.23,6.18,9.9,1216.92,0.78,2.16,182.6
2015-06-21 06:20:00,14797200.0,991.78,9.73,283.56,6.74,81.6,12.07,9.85,2.22,6.2,9.93,1216.73,1.08,1.68,197.4
2015-06-21 06:30:00,14797800.0,991.72,9.76,283.59,6.74,81.4,12.1,9.85,2.25,6.2,9.93,1216.53,1.21,1.92,161.8
2015-06-21 06:40:00,14798400.0,991.74,9.82,283.65,6.78,81.3,12.15,9.87,2.27,6.22,9.96,1216.28,1.3,2.04,134.3
2015-06-21 06:50:00,14799000.0,991.79,9.9,283.73,6.89,81.5,12.21,9.95,2.26,6.27,10.03,1215.96,0.91,1.84,163.2
2015-06-21 07:00:00,14799600.0,991.8,10.02,283.85,6.9,80.9,12.31,9.96,2.35,6.27,10.04,1215.45,0.74,1.62,176.3
2015-06-21 07:10:00,14800200.0,991.77,10.08,283.91,6.9,80.6,12.36,9.96,2.4,6.27,10.04,1215.16,0.99,1.52,150.4
2015-06-21 07:20:00,14800800.0,991.77,10.23,284.06,7.09,80.8,12.48,10.09,2.4,6.35,10.17,1214.46,0.68,1.24,188.6
2015-06-21 07:30:00,14801400.0,991.82,10.31,284.14,7.13,80.6,12.55,10.12,2.44,6.37,10.2,1214.16,0.85,1.56,149.7
2015-06-21 07:40:00,14802000.0,991.79,10.4,284.23,7.2,80.5,12.63,10.17,2.46,6.4,10.25,1213.72,1.39,2.16,151.2
2015-06-21 07:50:00,14802600.0,991.76,10.39,284.22,7.21,80.6,12.62,10.17,2.45,6.4,10.26,1213.72,1.35,1.96,153.3
2015-06-21 08:00:00,14803200.0,991.69,10.48,284.32,7.22,80.2,12.7,10.18,2.51,6.41,10.27,1213.25,1.32,1.84,149.3
2015-06-21 08:10:00,14803800.0,991.69,10.63,284.47,7.26,79.6,12.82,10.21,2.62,6.43,10.29,1212.59,1.37,2.08,151.6
2015-06-21 08:20:00,14804400.0,991.66,10.92,284.76,7.37,78.7,13.07,10.29,2.78,6.48,10.38,1211.28,1.31,1.88,142.1
2015-06-21 08:30:00,14805000.0,991.57,11.26,285.11,7.46,77.4,13.37,10.35,3.02,6.52,10.44,1209.69,1.12,1.92,151.1
2015-06-21 08:40:00,14805600.0,991.48,11.62,285.48,7.56,76.1,13.7,10.42,3.27,6.56,10.51,1208.02,1.14,1.96,114.1
2015-06-21 08:50:00,14806200.0,991.45,11.88,285.74,7.54,74.7,13.93,10.41,3.53,6.56,10.5,1206.89,1.16,2.16,112.4
2015-06-21 09:00:00,14806800.0,991.43,11.95,285.81,7.57,74.5,14.0,10.43,3.57,6.57,10.52,1206.56,1.04,1.56,85.9
2015-06-21 09:10:00,14807400.0,991.33,12.53,286.4,7.83,73.0,14.54,10.62,3.93,6.69,10.71,1203.9,1.09,2.66,99.9
2015-06-21 09:20:00,14808000.0,991.28,13.32,287.2,7.74,68.87,15.32,10.55,4.77,6.65,10.64,1200.55,1.04,2.12,175.6
2015-06-21 09:30:00,14808600.0,991.19,13.59,287.48,6.94,64.07,15.59,9.99,5.6,6.29,10.08,1199.57,1.85,3.72,202.9
2015-06-21 09:40:00,14809200.0,991.07,13.98,287.88,7.01,62.75,15.99,10.03,5.96,6.32,10.12,1197.77,1.02,2.68,137.0
2015-06-21 09:50:00,14809800.0,990.99,14.61,288.52,6.98,60.12,16.65,10.01,6.64,6.31,10.1,1195.06,1.85,3.72,159.6
2015-06-21 10:00:00,14810400.0,990.87,14.72,288.64,6.64,58.34,16.77,9.79,6.99,6.17,9.88,1194.57,2.77,4.44,195.0
2015-06-21 10:10:00,14811000.0,990.82,14.42,288.34,6.55,59.08,16.45,9.72,6.73,6.12,9.81,1195.78,2.71,4.42,198.9
2015-06-21 10:20:00,14811600.0,990.83,14.36,288.28,6.43,58.84,16.39,9.64,6.74,6.08,9.73,1196.08,2.8,5.21,234.3
2015-06-21 10:30:00,14812200.0,990.78,14.22,288.14,6.45,59.44,16.24,9.65,6.59,6.08,9.74,1196.6,2.72,4.64,238.2
2015-06-21 10:40:00,14812800.0,990.7,14.24,288.17,6.69,60.37,16.26,9.82,6.44,6.19,9.91,1196.34,1.6,3.4,248.7
2015-06-21 10:50:00,14813400.0,990.68,14.28,288.21,6.8,60.66,16.3,9.89,6.41,6.23,9.98,1196.12,2.28,3.92,243.8
2015-06-21 11:00:00,14814000.0,990.67,14.24,288.17,6.95,61.44,16.26,9.99,6.27,6.3,10.08,1196.22,2.22,3.96,248.1
2015-06-21 11:10:00,14814600.0,990.58,14.22,288.16,7.05,61.96,16.24,10.06,6.18,6.34,10.16,1196.17,2.4,4.16,210.6
2015-06-21 11:20:00,14815200.0,990.52,14.1,288.04,7.14,62.83,16.11,10.12,5.99,6.38,10.22,1196.56,2.16,4.36,227.6
2015-06-21 11:30:00,14815800.0,990.45,14.24,288.19,7.34,63.14,16.26,10.27,5.99,6.47,10.37,1195.83,2.21,3.48,221.4
2015-06-21 11:40:00,14816400.0,990.44,14.41,288.36,7.25,62.07,16.44,10.2,6.24,6.43,10.3,1195.14,2.68,4.97,252.4
2015-06-21 11:50:00,14817000.0,990.33,14.72,288.68,7.2,60.63,16.77,10.17,6.6,6.41,10.27,1193.74,2.1,3.22,237.2
2015-06-21 12:00:00,14817600.0,990.15,14.81,288.79,7.07,59.71,16.87,10.07,6.8,6.35,10.17,1193.19,3.9,7.41,207.1
2015-06-21 12:10:00,14818200.0,990.07,14.75,288.73,6.98,59.6,16.81,10.02,6.79,6.32,10.12,1193.37,3.16,5.77,228.9
2015-06-21 12:20:00,14818800.0,989.94,15.08,289.07,7.21,59.25,17.17,10.17,7.0,6.42,10.27,1191.77,2.55,4.76,222.6
2015-06-21 12:30:00,14819400.0,989.94,14.94,288.93,7.32,60.26,17.01,10.25,6.76,6.47,10.36,1192.32,1.9,4.48,228.5
2015-06-21 12:40:00,14820000.0,989.9,14.76,288.76,7.29,60.82,16.82,10.23,6.59,6.45,10.33,1193.02,1.97,3.42,239.0
2015-06-21 12:50:00,14820600.0,989.8,14.98,288.99,7.27,59.88,17.06,10.21,6.84,6.44,10.32,1192.0,2.12,3.52,216.0
2015-06-21 13:00:00,14821200.0,989.79,15.15,289.16,7.25,59.16,17.24,10.2,7.04,6.44,10.31,1191.29,3.44,5.16,241.2
2015-06-21 13:10:00,14821800.0,989.68,15.35,289.37,7.37,58.87,17.47,10.28,7.18,6.49,10.39,1190.29,3.37,6.09,241.6
2015-06-21 13:20:00,14822400.0,989.58,15.71,289.74,7.47,57.95,17.88,10.36,7.52,6.54,10.47,1188.65,2.99,6.27,235.4
2015-06-21 13:30:00,14823000.0,989.45,16.11,290.15,7.6,56.97,18.34,10.45,7.89,6.59,10.56,1186.81,3.35,6.25,240.3
2015-06-21 13:40:00,14823600.0,989.39,15.95,289.99,7.51,57.21,18.15,10.38,7.77,6.55,10.5,1187.43,3.82,6.61,223.0
2015-06-21 13:50:00,14824200.0,989.29,15.66,289.71,7.53,58.37,17.82,10.4,7.42,6.57,10.51,1188.49,4.59,6.69,205.5
2015-06-21 14:00:00,14824800.0,989.26,15.54,289.59,7.61,59.12,17.68,10.45,7.23,6.6,10.57,1188.92,4.24,6.33,214.2
2015-06-21 14:10:00,14825400.0,989.25,15.51,289.56,7.51,58.86,17.65,10.39,7.26,6.56,10.5,1189.07,4.31,6.81,219.5
2015-06-21 14:20:00,14826000.0,989.25,15.46,289.51,7.53,59.11,17.59,10.4,7.19,6.56,10.51,1189.27,4.38,6.45,217.0
2015-06-21 14:30:00,14826600.0,989.24,15.36,289.41,7.6,59.79,17.48,10.45,7.03,6.6,10.56,1189.64,4.68,6.57,214.8
2015-06-21 14:40:00,14827200.0,989.2,15.39,289.45,7.85,60.7,17.51,10.63,6.88,6.71,10.75,1189.39,3.62,4.8,209.2
2015-06-21 14:50:00,14827800.0,989.14,15.47,289.53,7.83,60.3,17.6,10.61,6.99,6.7,10.73,1188.99,3.63,5.5,211.0
2015-06-21 15:00:00,14828400.0,989.07,15.61,289.68,8.02,60.53,17.76,10.75,7.01,6.79,10.87,1188.27,2.58,4.04,198.9
2015-06-21 15:10:00,14829000.0,989.11,15.8,289.87,8.15,60.34,17.98,10.85,7.13,6.85,10.97,1187.49,3.32,6.05,220.3
2015-06-21 15:20:00,14829600.0,989.06,15.65,289.72,8.14,60.89,17.81,10.84,6.96,6.85,10.96,1188.05,3.7,5.08,205.4
2015-06-21 15:30:00,14830200.0,989.09,15.67,289.74,8.29,61.44,17.83,10.95,6.88,6.92,11.08,1187.96,3.69,5.93,213.5
2015-06-21 15:40:00,14830800.0,989.05,15.4,289.47,8.34,62.7,17.52,10.99,6.54,6.94,11.11,1189.0,4.95,8.01,211.7
2015-06-21 15:50:00,14831400.0,989.02,15.11,289.18,8.4,64.15,17.2,11.03,6.17,6.97,11.16,1190.14,4.66,7.95,217.4
2015-06-21 16:00:00,14832000.0,989.04,14.93,289.0,8.43,65.02,17.0,11.05,5.95,6.98,11.18,1190.9,5.37,6.97,215.2
2015-06-21 16:10:00,14832600.0,989.08,14.8,288.87,8.6,66.35,16.86,11.19,5.67,7.06,11.31,1191.43,4.14,6.97,219.0
2015-06-21 16:20:00,14833200.0,989.04,14.85,288.92,8.75,66.82,16.91,11.3,5.61,7.14,11.43,1191.12,4.55,6.61,212.7
2015-06-21 16:30:00,14833800.0,988.98,15.13,289.21,9.01,66.76,17.22,11.5,5.72,7.26,11.63,1189.8,2.68,5.21,229.3
2015-06-21 16:40:00,14834400.0,988.93,15.38,289.46,9.11,66.14,17.5,11.58,5.93,7.31,11.7,1188.67,3.91,6.89,213.6
2015-06-21 16:50:00,14835000.0,988.8,15.21,289.3,9.18,67.2,17.31,11.63,5.68,7.35,11.76,1189.19,4.69,7.33,222.5
2015-06-21 17:00:00,14835600.0,988.66,15.19,289.29,9.21,67.43,17.29,11.66,5.63,7.37,11.79,1189.09,5.21,7.09,213.4
2015-06-21 17:10:00,14836200.0,988.61,15.0,289.11,9.36,68.95,17.08,11.78,5.3,7.44,11.91,1189.76,4.36,6.17,211.3
2015-06-21 17:20:00,14836800.0,988.63,14.98,289.08,9.38,69.15,17.06,11.79,5.26,7.45,11.93,1189.86,3.15,5.57,212.8
2015-06-21 17:30:00,14837400.0,988.62,14.94,289.04,9.39,69.34,17.01,11.8,5.22,7.46,11.93,1190.01,3.54,5.05,212.7
2015-06-21 17:40:00,14838000.0,988.63,14.84,288.94,9.38,69.76,16.9,11.79,5.11,7.45,11.93,1190.44,4.09,6.79,214.2
2015-06-21 17:50:00,14838600.0,988.48,14.97,289.09,9.46,69.56,17.05,11.86,5.19,7.49,11.99,1189.69,3.56,5.81,203.9
2015-06-21 18:00:00,14839200.0,988.36,15.29,289.42,9.58,68.69,17.4,11.95,5.45,7.56,12.09,1188.18,3.77,5.37,211.1
2015-06-21 18:10:00,14839800.0,988.26,15.52,289.66,9.63,67.91,17.66,11.99,5.67,7.58,12.13,1187.1,3.32,5.21,213.4
2015-06-21 18:20:00,14840400.0,988.25,15.27,289.41,9.59,68.81,17.38,11.96,5.42,7.56,12.1,1188.13,4.31,5.97,208.3
2015-06-21 18:30:00,14841000.0,988.15,15.23,289.37,9.65,69.29,17.33,12.01,5.32,7.59,12.15,1188.15,3.23,4.89,207.9
2015-06-21 18:40:00,14841600.0,988.02,15.16,289.32,9.59,69.3,17.26,11.96,5.3,7.56,12.1,1188.31,3.66,5.69,210.2
2015-06-21 18:50:00,14842200.0,988.0,15.14,289.3,9.63,69.61,17.23,12.0,5.24,7.59,12.14,1188.35,2.54,3.9,208.9
2015-06-21 19:00:00,14842800.0,987.89,15.26,289.43,9.73,69.53,17.37,12.07,5.29,7.64,12.22,1187.68,2.72,3.96,203.4
2015-06-21 19:10:00,14843400.0,987.9,15.17,289.34,9.67,69.64,17.27,12.02,5.24,7.61,12.17,1188.09,3.75,5.53,207.3
2015-06-21 19:20:00,14844000.0,987.9,15.13,289.3,9.71,70.0,17.22,12.06,5.17,7.63,12.2,1188.24,2.72,3.8,201.9
2015-06-21 19:30:00,14844600.0,987.91,15.07,289.23,9.76,70.5,17.16,12.09,5.06,7.65,12.24,1188.48,2.41,3.64,200.3
2015-06-21 19:40:00,14845200.0,987.91,14.99,289.15,9.83,71.2,17.07,12.15,4.92,7.69,12.3,1188.79,2.57,4.14,211.2
2015-06-21 19:50:00,14845800.0,987.89,14.61,288.77,10.14,74.5,16.65,12.41,4.25,7.85,12.56,1190.21,2.03,3.28,219.1
2015-06-21 20:00:00,14846400.0,987.91,14.03,288.19,10.53,79.4,16.04,12.74,3.3,8.06,12.89,1192.49,1.14,2.0,257.8
2015-06-21 20:10:00,14847000.0,987.89,13.78,287.94,10.62,81.2,15.78,12.81,2.97,8.11,12.97,1193.47,0.41,0.8,262.6
2015-06-21 20:20:00,14847600.0,987.89,13.73,287.89,10.68,81.8,15.73,12.87,2.86,8.14,13.02,1193.65,0.53,1.16,231.4
2015-06-21 20:30:00,14848200.0,987.85,13.45,287.61,11.04,85.3,15.45,13.18,2.27,8.34,13.34,1194.63,1.44,2.84,232.1
2015-06-21 20:40:00,14848800.0,987.78,13.27,287.44,10.97,85.9,15.27,13.11,2.15,8.3,13.28,1195.32,1.64,2.56,244.9
2015-06-21 20:50:00,14849400.0,987.71,13.31,287.49,10.92,85.4,15.31,13.07,2.23,8.27,13.23,1195.09,1.48,1.96,234.0
2015-06-21 21:00:00,14850000.0,987.72,13.4,287.57,10.81,84.3,15.4,12.98,2.42,8.21,13.14,1194.77,1.66,2.4,225.9
2015-06-21 21:10:00,14850600.0,987.72,13.43,287.6,10.82,84.2,15.43,12.99,2.44,8.22,13.15,1194.64,1.16,2.04,213.7
2015-06-21 21:20:00,14851200.0,987.67,13.45,287.63,10.86,84.3,15.45,13.02,2.42,8.24,13.18,1194.48,1.01,1.68,201.4
2015-06-21 21:30:00,14851800.0,987.56,13.38,287.57,11.07,85.9,15.38,13.21,2.17,8.36,13.37,1194.55,1.59,2.6,205.3
2015-06-21 21:40:00,14852400.0,987.4,13.29,287.49,10.98,85.9,15.29,13.13,2.16,8.31,13.3,1194.77,1.85,2.52,214.0
2015-06-21 21:50:00,14853000.0,987.3,13.26,287.47,10.87,85.4,15.26,13.03,2.23,8.25,13.2,1194.82,1.48,2.24,210.1
2015-06-21 22:00:00,14853600.0,987.27,13.35,287.56,10.8,84.5,15.35,12.97,2.38,8.21,13.13,1194.44,1.34,2.08,211.6
2015-06-21 22:10:00,14854200.0,987.12,13.4,287.62,10.85,84.5,15.4,13.01,2.39,8.24,13.18,1194.03,1.25,2.04,189.9
2015-06-21 22:20:00,14854800.0,987.02,13.26,287.49,10.89,85.5,15.26,13.04,2.21,8.26,13.21,1194.47,1.62,2.88,207.7
2015-06-21 22:30:00,14855400.0,986.87,13.2,287.44,10.83,85.5,15.2,12.99,2.2,8.23,13.17,1194.56,1.85,2.64,203.7
2015-06-21 22:40:00,14856000.0,986.76,13.2,287.45,10.83,85.5,15.2,12.99,2.2,8.23,13.17,1194.43,1.7,2.32,209.9
2015-06-21 22:50:00,14856600.0,986.65,13.36,287.62,10.74,84.1,15.36,12.91,2.44,8.18,13.09,1193.67,1.29,1.8,211.8
2015-06-21 23:00:00,14857200.0,986.53,13.45,287.72,10.75,83.7,15.45,12.93,2.52,8.19,13.1,1193.14,1.15,1.68,231.4
2015-06-21 23:10:00,14857800.0,986.47,13.45,287.73,10.82,84.1,15.45,12.99,2.46,8.23,13.17,1193.04,0.91,1.36,238.0
2015-06-21 23:20:00,14858400.0,986.53,13.56,287.83,10.9,83.9,15.56,13.05,2.5,8.27,13.23,1192.62,1.06,1.64,236.8
2015-06-21 23:30:00,14859000.0,986.42,13.59,287.87,10.94,84.0,15.59,13.09,2.49,8.3,13.27,1192.35,1.0,1.4,217.2
2015-06-21 23:40:00,14859600.0,986.4,13.44,287.72,11.01,85.2,15.44,13.15,2.28,8.33,13.33,1192.92,1.35,1.88,224.9
2015-06-21 23:50:00,14860200.0,986.31,13.4,287.69,10.99,85.3,15.4,13.13,2.26,8.32,13.31,1192.99,1.08,1.6,223.6
2015-06-22 00:00:00,14860800.0,986.2,13.31,287.61,11.02,86.0,15.31,13.16,2.14,8.34,13.35,1193.21,1.3,2.28,221.1
2015-06-22 00:10:00,14861400.0,985.98,13.04,287.36,11.05,87.7,15.04,13.19,1.85,8.36,13.38,1194.06,1.84,2.62,222.3
2015-06-22 00:20:00,14862000.0,985.85,13.06,287.39,11.26,88.8,15.06,13.37,1.69,8.48,13.56,1193.73,2.24,2.84,203.9
2015-06-22 00:30:00,14862600.0,985.69,13.29,287.63,11.33,87.9,15.29,13.44,1.85,8.52,13.63,1192.55,1.58,2.76,198.2
2015-06-22 00:40:00,14863200.0,985.75,13.61,287.95,11.3,85.9,15.61,13.41,2.2,8.5,13.6,1191.31,2.11,5.07,215.1
2015-06-22 00:50:00,14863800.0,985.8,13.96,288.3,11.02,82.4,15.97,13.16,2.81,8.34,13.35,1190.03,1.36,2.66,230.7
2015-06-22 01:00:00,14864400.0,985.81,14.07,288.41,10.83,80.8,16.08,12.99,3.09,8.24,13.18,1189.66,0.94,1.84,218.5
2015-06-22 01:10:00,14865000.0,985.82,14.06,288.4,10.69,80.1,16.07,12.87,3.2,8.16,13.06,1189.77,1.19,2.76,235.1
2015-06-22 01:20:00,14865600.0,985.76,14.08,288.42,10.63,79.7,16.09,12.83,3.27,8.13,13.01,1189.64,0.97,3.08,232.1
2015-06-22 01:30:00,14866200.0,985.74,14.14,288.48,10.71,79.8,16.15,12.89,3.26,8.17,13.08,1189.33,1.02,2.74,210.0
2015-06-22 01:40:00,14866800.0,985.78,14.16,288.5,10.8,80.2,16.18,12.97,3.2,8.23,13.16,1189.26,1.02,2.4,243.7
2015-06-22 01:50:00,14867400.0,985.8,14.16,288.5,10.84,80.4,16.18,13.01,3.17,8.25,13.19,1189.27,1.01,2.04,258.6
2015-06-22 02:00:00,14868000.0,985.71,14.17,288.52,10.76,79.9,16.19,12.93,3.25,8.2,13.12,1189.15,1.79,3.44,251.0
2015-06-22 02:10:00,14868600.0,985.59,14.15,288.51,10.66,79.5,16.17,12.85,3.31,8.15,13.04,1189.13,2.16,3.04,253.3
2015-06-22 02:20:00,14869200.0,985.55,14.06,288.42,10.58,79.5,16.07,12.78,3.29,8.1,12.96,1189.49,2.64,3.18,248.0
2015-06-22 02:30:00,14869800.0,985.53,13.87,288.23,10.43,79.7,15.87,12.65,3.22,8.02,12.84,1190.31,3.11,3.68,246.2
2015-06-22 02:40:00,14870400.0,985.68,13.61,287.96,10.31,80.4,15.61,12.55,3.06,7.96,12.73,1191.61,3.22,4.14,249.5
2015-06-22 02:50:00,14871000.0,985.83,13.45,287.78,10.21,80.7,15.45,12.46,2.98,7.9,12.64,1192.5,2.93,3.74,254.7
2015-06-22 03:00:00,14871600.0,985.81,13.48,287.81,10.24,80.7,15.48,12.49,2.99,7.92,12.67,1192.34,2.27,3.12,257.6
2015-06-22 03:10:00,14872200.0,985.79,13.53,287.87,10.27,80.6,15.53,12.51,3.01,7.93,12.69,1192.1,2.75,3.8,255.1
2015-06-22 03:20:00,14872800.0,985.8,13.52,287.86,10.22,80.4,15.52,12.48,3.04,7.91,12.65,1192.17,2.52,3.44,250.5
2015-06-22 03:30:00,14873400.0,985.69,13.43,287.77,10.17,80.6,15.43,12.43,2.99,7.88,12.61,1192.43,2.57,3.28,249.0
2015-06-22 03:40:00,14874000.0,985.55,13.34,287.7,10.17,81.1,15.34,12.44,2.9,7.89,12.62,1192.63,2.29,2.96,247.0
2015-06-22 03:50:00,14874600.0,985.68,13.39,287.73,10.15,80.7,15.39,12.42,2.97,7.87,12.6,1192.59,2.37,2.88,249.7
2015-06-22 04:00:00,14875200.0,985.74,13.41,287.75,10.15,80.6,15.41,12.42,2.99,7.87,12.6,1192.58,2.57,3.72,248.0
2015-06-22 04:10:00,14875800.0,985.71,13.41,287.75,10.15,80.6,15.41,12.42,2.99,7.87,12.6,1192.54,2.19,3.2,246.4
2015-06-22 04:20:00,14876400.0,985.49,13.41,287.77,10.15,80.6,15.41,12.42,2.99,7.87,12.6,1192.28,1.44,2.12,255.7
2015-06-22 04:30:00,14877000.0,985.42,13.33,287.7,10.31,81.9,15.33,12.55,2.77,7.96,12.74,1192.46,1.56,2.24,189.4
2015-06-22 04:40:00,14877600.0,985.46,12.83,287.19,10.5,85.7,14.83,12.71,2.12,8.06,12.9,1194.52,0.97,1.84,171.5
2015-06-22 04:50:00,14878200.0,985.56,12.82,287.17,10.49,85.7,14.82,12.7,2.12,8.06,12.89,1194.69,1.22,1.94,166.6
2015-06-22 05:00:00,14878800.0,985.64,12.83,287.18,10.45,85.4,14.83,12.67,2.17,8.03,12.85,1194.76,1.38,2.8,225.3
2015-06-22 05:10:00,14879400.0,985.79,13.0,287.33,10.51,84.8,15.0,12.72,2.28,8.06,12.9,1194.21,1.52,2.16,211.9
2015-06-22 05:20:00,14880000.0,985.69,13.24,287.58,10.55,83.7,15.24,12.75,2.48,8.09,12.94,1193.07,1.93,3.8,192.7
2015-06-22 05:30:00,14880600.0,985.61,13.46,287.81,10.45,82.0,15.46,12.67,2.78,8.04,12.86,1192.1,2.28,3.64,203.9
2015-06-22 05:40:00,14881200.0,985.55,13.49,287.85,10.52,82.2,15.49,12.73,2.76,8.07,12.92,1191.87,1.58,2.76,217.9
2015-06-22 05:50:00,14881800.0,985.46,13.47,287.83,10.57,82.6,15.47,12.77,2.69,8.1,12.96,1191.83,2.34,3.32,208.0
2015-06-22 06:00:00,14882400.0,985.43,13.52,287.89,10.62,82.6,15.52,12.82,2.7,8.13,13.01,1191.56,2.15,3.96,203.2
2015-06-22 06:10:00,14883000.0,985.31,13.56,287.94,10.77,83.2,15.56,12.94,2.61,8.21,13.14,1191.19,0.96,2.64,214.9
2015-06-22 06:20:00,14883600.0,985.2,13.82,288.21,10.88,82.4,15.82,13.04,2.78,8.27,13.23,1189.94,1.17,2.32,178.8
2015-06-22 06:30:00,14884200.0,985.17,14.08,288.47,10.97,81.5,16.09,13.11,2.98,8.32,13.31,1188.79,1.72,3.04,154.5
2015-06-22 06:40:00,14884800.0,985.16,13.66,288.05,11.05,84.2,15.66,13.18,2.47,8.37,13.38,1190.48,1.67,3.96,153.7
2015-06-22 06:50:00,14885400.0,984.98,13.61,288.01,10.98,84.1,15.61,13.13,2.48,8.33,13.33,1190.5,2.06,3.6,122.5
2015-06-22 07:00:00,14886000.0,984.99,13.78,288.18,11.09,83.8,15.78,13.22,2.56,8.39,13.43,1189.76,1.24,2.06,106.7
2015-06-22 07:10:00,14886600.0,984.98,14.07,288.48,11.27,83.2,16.08,13.38,2.7,8.49,13.58,1188.48,1.27,1.88,127.6
2015-06-22 07:20:00,14887200.0,985.06,14.68,289.08,11.33,80.3,16.73,13.43,3.3,8.53,13.64,1186.03,1.2,2.24,175.1
2015-06-22 07:30:00,14887800.0,985.1,15.07,289.47,10.96,76.4,17.16,13.11,4.05,8.32,13.31,1184.62,3.0,4.2,210.9
2015-06-22 07:40:00,14888400.0,985.02,15.17,289.58,10.8,75.1,17.27,12.97,4.3,8.23,13.16,1184.18,3.21,4.73,203.4
2015-06-22 07:50:00,14889000.0,984.97,15.29,289.7,10.75,74.3,17.4,12.93,4.47,8.2,13.13,1183.64,2.81,4.81,202.4
2015-06-22 08:00:00,14889600.0,984.98,15.58,289.99,10.48,71.6,17.73,12.69,5.03,8.05,12.89,1182.57,3.6,6.45,215.8
2015-06-22 08:10:00,14890200.0,984.88,15.84,290.26,10.62,71.1,18.02,12.82,5.21,8.13,13.01,1181.33,2.71,4.4,218.5
2015-06-22 08:20:00,14890800.0,984.78,16.1,290.53,10.2,67.99,18.33,12.46,5.87,7.91,12.65,1180.31,4.16,7.97,216.8
2015-06-22 08:30:00,14891400.0,984.67,16.17,290.61,9.58,64.91,18.41,11.95,6.46,7.58,12.14,1180.13,5.53,7.73,212.1
2015-06-22 08:40:00,14892000.0,984.61,16.11,290.56,9.79,66.09,18.34,12.12,6.22,7.69,12.31,1180.22,4.92,6.93,206.3
2015-06-22 08:50:00,14892600.0,984.53,16.22,290.67,9.85,65.89,18.47,12.17,6.3,7.72,12.36,1179.66,4.71,6.77,210.0
2015-06-22 09:00:00,14893200.0,984.41,16.32,290.78,9.68,64.76,18.59,12.04,6.55,7.64,12.23,1179.16,5.35,7.41,210.1
2015-06-22 09:10:00,14893800.0,984.29,16.44,290.91,9.5,63.49,18.73,11.89,6.84,7.55,12.08,1178.6,5.74,7.77,208.3
2015-06-22 09:20:00,14894400.0,984.29,16.59,291.07,9.27,61.91,18.91,11.71,7.2,7.43,11.89,1178.07,5.74,9.69,217.9
2015-06-22 09:30:00,14895000.0,984.27,16.6,291.08,9.49,62.77,18.92,11.88,7.04,7.54,12.07,1177.93,5.02,7.51,216.0
2015-06-22 09:40:00,14895600.0,984.14,16.76,291.25,9.73,63.16,19.11,12.07,7.04,7.67,12.27,1177.03,3.95,6.81,214.5
2015-06-22 09:50:00,14896200.0,984.0,16.77,291.27,9.77,63.29,19.13,12.1,7.02,7.69,12.3,1176.81,4.64,7.97,207.7
2015-06-22 10:00:00,14896800.0,983.93,16.6,291.11,9.56,63.09,18.92,11.94,6.98,7.58,12.13,1177.49,6.32,9.91,213.2
2015-06-22 10:10:00,14897400.0,983.89,16.37,290.88,9.73,64.75,18.65,12.07,6.57,7.67,12.27,1178.32,4.92,7.53,207.2
2015-06-22 10:20:00,14898000.0,983.81,15.8,290.31,10.58,71.1,17.98,12.78,5.2,8.12,12.99,1180.22,4.14,5.52,208.1
2015-06-22 10:30:00,14898600.0,983.69,15.63,290.15,10.77,72.8,17.78,12.95,4.84,8.23,13.16,1180.7,2.65,3.88,220.7
2015-06-22 10:40:00,14899200.0,983.43,15.95,290.49,11.18,73.3,18.15,13.31,4.85,8.46,13.53,1178.91,2.08,3.12,192.4
2015-06-22 10:50:00,14899800.0,983.31,15.77,290.32,10.97,73.1,17.94,13.12,4.83,8.34,13.34,1179.59,4.5,6.93,202.2
2015-06-22 11:00:00,14900400.0,983.29,15.42,289.97,10.94,74.6,17.55,13.09,4.46,8.32,13.31,1181.01,4.27,7.69,202.9
2015-06-22 11:10:00,14901000.0,983.09,15.33,289.9,11.07,75.7,17.44,13.21,4.24,8.4,13.43,1181.08,3.32,5.21,204.0
2015-06-22 11:20:00,14901600.0,983.0,15.63,290.21,10.77,72.8,17.78,12.95,4.84,8.23,13.17,1179.87,3.89,6.05,201.1
2015-06-22 11:30:00,14902200.0,982.95,15.88,290.47,10.35,69.66,18.07,12.59,5.48,8.0,12.81,1178.95,2.62,4.48,214.9
2015-06-22 11:40:00,14902800.0,982.86,16.22,290.81,9.48,64.27,18.47,11.87,6.6,7.55,12.08,1177.78,2.37,5.25,233.5
2015-06-22 11:50:00,14903400.0,982.84,16.3,290.9,9.63,64.62,18.56,11.99,6.57,7.63,12.2,1177.38,3.37,5.37,222.4
2015-06-22 12:00:00,14904000.0,983.05,15.66,290.24,9.66,67.45,17.82,12.02,5.8,7.64,12.23,1180.23,3.82,6.17,231.2
2015-06-22 12:10:00,14904600.0,983.26,14.57,289.12,10.04,74.2,16.61,12.33,4.29,7.83,12.54,1184.81,3.97,8.01,234.8
2015-06-22 12:20:00,14905200.0,983.02,13.47,288.04,9.72,78.0,15.47,12.06,3.4,7.67,12.27,1189.19,2.17,5.28,237.6
2015-06-22 12:30:00,14905800.0,982.89,13.58,288.16,9.86,78.2,15.58,12.18,3.4,7.74,12.39,1188.52,1.79,3.92,208.3
2015-06-22 12:40:00,14906400.0,982.7,13.79,288.39,9.0,72.8,15.79,11.5,4.3,7.31,11.7,1187.73,3.74,5.37,196.8
2015-06-22 12:50:00,14907000.0,982.58,14.24,288.85,9.0,70.7,16.26,11.5,4.76,7.31,11.7,1185.73,3.13,4.85,202.2
2015-06-22 13:00:00,14907600.0,982.53,14.76,289.37,9.24,69.47,16.82,11.68,5.13,7.43,11.89,1183.44,2.74,5.13,216.9
2015-06-22 13:10:00,14908200.0,982.36,15.18,289.81,9.07,66.83,17.28,11.55,5.73,7.34,11.75,1181.57,2.68,5.29,205.7
2015-06-22 13:20:00,14908800.0,982.33,15.54,290.18,9.0,64.99,17.68,11.49,6.19,7.31,11.7,1180.09,4.76,7.69,208.4
2015-06-22 13:30:00,14909400.0,982.19,15.6,290.25,9.05,64.97,17.75,11.53,6.22,7.34,11.74,1179.66,5.2,7.33,212.6
2015-06-22 13:40:00,14910000.0,982.09,15.54,290.2,8.8,64.13,17.68,11.34,6.34,7.21,11.55,1179.87,5.92,9.57,216.3
2015-06-22 13:50:00,14910600.0,982.1,15.35,290.0,8.75,64.68,17.47,11.3,6.17,7.19,11.5,1180.68,6.73,10.05,215.3
2015-06-22 14:00:00,14911200.0,982.23,14.88,289.52,8.64,66.18,16.95,11.22,5.73,7.13,11.42,1182.8,5.94,10.89,220.7
2015-06-22 14:10:00,14911800.0,982.3,14.38,289.01,8.82,69.2,16.41,11.35,5.05,7.22,11.56,1184.88,5.22,8.15,212.6
2015-06-22 14:20:00,14912400.0,982.23,14.03,288.67,9.11,72.2,16.04,11.58,4.46,7.37,11.79,1186.13,3.35,5.57,209.5
2015-06-22 14:30:00,14913000.0,982.23,14.3,288.94,9.25,71.6,16.32,11.69,4.64,7.43,11.9,1184.97,2.98,5.29,217.9
2015-06-22 14:40:00,14913600.0,982.18,14.43,289.07,9.04,70.0,16.46,11.52,4.94,7.33,11.73,1184.45,3.43,5.85,246.1
2015-06-22 14:50:00,14914200.0,982.13,14.62,289.27,9.16,69.7,16.66,11.62,5.05,7.39,11.83,1183.56,2.17,4.53,245.8
2015-06-22 15:00:00,14914800.0,982.05,14.76,289.42,9.16,69.09,16.82,11.62,5.2,7.39,11.83,1182.89,3.15,5.41,215.2
2015-06-22 15:10:00,14915400.0,981.9,14.81,289.48,9.17,68.91,16.87,11.63,5.25,7.4,11.84,1182.5,3.82,5.85,208.5
2015-06-22 15:20:00,14916000.0,981.87,14.96,289.63,9.07,67.78,17.03,11.55,5.49,7.35,11.76,1181.88,3.48,6.25,209.8
2015-06-22 15:30:00,14916600.0,981.88,15.17,289.84,9.08,66.92,17.27,11.55,5.71,7.35,11.77,1181.03,2.47,4.73,209.0
2015-06-22 15:40:00,14917200.0,981.88,15.33,290.0,9.12,66.41,17.44,11.59,5.86,7.37,11.8,1180.36,2.44,4.79,226.6
2015-06-22 15:50:00,14917800.0,981.91,15.1,289.77,9.44,68.88,17.19,11.84,5.35,7.53,12.06,1181.22,2.11,3.52,245.8
2015-06-22 16:00:00,14918400.0,981.98,14.09,288.75,9.85,75.6,16.1,12.17,3.93,7.75,12.4,1185.31,2.64,5.01,263.5
2015-06-22 16:10:00,14919000.0,981.94,13.38,288.04,10.36,81.9,15.38,12.59,2.78,8.02,12.82,1188.0,1.15,2.28,254.1
2015-06-22 16:20:00,14919600.0,981.87,13.53,288.19,10.63,82.6,15.53,12.82,2.7,8.16,13.06,1187.19,1.44,4.28,230.5
2015-06-22 16:30:00,14920200.0,981.84,13.55,288.22,10.25,80.4,15.55,12.5,3.05,7.96,12.73,1187.22,2.52,4.97,234.6
2015-06-22 16:40:00,14920800.0,981.74,13.37,288.04,10.04,80.2,15.37,12.32,3.04,7.84,12.55,1187.93,1.93,3.36,232.1
2015-06-22 16:50:00,14921400.0,981.72,13.33,288.01,10.27,81.7,15.33,12.52,2.8,7.97,12.75,1187.98,1.54,3.32,223.9
2015-06-22 17:00:00,14922000.0,981.65,13.35,288.03,10.38,82.2,15.35,12.61,2.73,8.03,12.85,1187.77,1.59,2.88,223.2
2015-06-22 17:10:00,14922600.0,981.56,13.39,288.08,10.68,83.6,15.39,12.86,2.52,8.19,13.1,1187.38,1.88,5.53,205.1
2015-06-22 17:20:00,14923200.0,981.47,13.39,288.09,10.42,82.2,15.39,12.65,2.74,8.05,12.89,1187.37,3.49,5.33,203.0
2015-06-22 17:30:00,14923800.0,981.39,13.43,288.13,10.41,81.9,15.43,12.63,2.79,8.05,12.87,1187.11,3.32,4.61,202.4
2015-06-22 17:40:00,14924400.0,981.33,13.59,288.3,10.47,81.4,15.59,12.69,2.9,8.08,12.93,1186.35,3.13,4.85,203.3
2015-06-22 17:50:00,14925000.0,981.18,13.56,288.28,10.52,81.8,15.56,12.73,2.83,8.11,12.97,1186.27,3.23,5.99,197.7
2015-06-22 18:00:00,14925600.0,981.14,13.39,288.11,10.5,82.6,15.39,12.71,2.68,8.1,12.95,1186.94,3.21,5.69,206.6
2015-06-22 18:10:00,14926200.0,981.1,13.28,288.01,10.66,84.1,15.28,12.85,2.43,8.18,13.09,1187.28,2.65,4.65,193.7
2015-06-22 18:20:00,14926800.0,981.06,13.16,287.89,10.34,83.0,15.16,12.58,2.58,8.01,12.82,1187.85,3.37,5.73,203.3
2015-06-22 18:30:00,14927400.0,981.02,13.08,287.81,10.28,83.1,15.08,12.53,2.55,7.98,12.77,1188.16,3.25,5.33,193.9
2015-06-22 18:40:00,14928000.0,980.94,13.05,287.79,10.31,83.4,15.05,12.55,2.5,8.0,12.79,1188.18,2.75,4.53,188.8
2015-06-22 18:50:00,14928600.0,980.79,12.81,287.56,10.09,83.5,14.81,12.37,2.44,7.88,12.61,1189.07,3.44,5.13,198.4
2015-06-22 19:00:00,14929200.0,980.74,12.6,287.35,10.06,84.5,14.61,12.35,2.26,7.87,12.59,1189.9,2.8,4.2,189.6
2015-06-22 19:10:00,14929800.0,980.65,12.57,287.33,9.98,84.2,14.58,12.28,2.3,7.82,12.52,1189.94,2.58,4.4,187.3
2015-06-22 19:20:00,14930400.0,980.55,12.54,287.31,10.04,84.7,14.55,12.33,2.23,7.86,12.57,1189.93,2.56,3.6,186.1
2015-06-22 19:30:00,14931000.0,980.49,12.45,287.22,10.09,85.5,14.47,12.37,2.1,7.88,12.61,1190.21,2.47,3.44,188.7
2015-06-22 19:40:00,14931600.0,980.43,12.31,287.09,10.06,86.1,14.33,12.34,1.99,7.87,12.59,1190.73,2.06,3.52,191.2
2015-06-22 19:50:00,14932200.0,980.39,12.21,286.99,10.06,86.7,14.24,12.35,1.89,7.87,12.59,1191.1,2.01,3.2,193.0
2015-06-22 20:00:00,14932800.0,980.28,12.08,286.87,10.04,87.3,14.12,12.33,1.79,7.86,12.57,1191.51,2.0,2.88,189.7
2015-06-22 20:10:00,14933400.0,980.27,11.94,286.73,10.1,88.5,13.99,12.38,1.61,7.89,12.63,1192.06,1.57,1.98,203.6
2015-06-22 20:20:00,14934000.0,980.27,11.75,286.54,10.02,89.1,13.81,12.31,1.51,7.85,12.56,1192.89,1.82,3.04,207.8
2015-06-22 20:30:00,14934600.0,980.29,11.68,286.47,10.03,89.6,13.75,12.32,1.43,7.85,12.57,1193.2,1.76,2.36,202.5
2015-06-22 20:40:00,14935200.0,980.33,11.62,286.4,10.04,90.0,13.7,12.33,1.37,7.86,12.57,1193.5,1.36,2.16,207.0
2015-06-22 20:50:00,14935800.0,980.31,11.51,286.29,9.95,90.1,13.6,12.25,1.35,7.81,12.5,1193.97,1.09,2.4,201.6
2015-06-22 21:00:00,14936400.0,980.28,11.48,286.27,9.92,90.1,13.57,12.23,1.34,7.79,12.47,1194.07,1.06,2.52,189.2
2015-06-22 21:10:00,14937000.0,980.17,11.39,286.18,9.78,89.8,13.49,12.11,1.38,7.72,12.36,1194.37,1.26,1.72,198.2
2015-06-22 21:20:00,14937600.0,980.09,11.33,286.13,9.74,89.9,13.43,12.08,1.36,7.7,12.32,1194.54,1.12,1.8,190.9
2015-06-22 21:30:00,14938200.0,979.89,11.29,286.11,9.66,89.7,13.4,12.02,1.38,7.66,12.27,1194.49,1.36,2.12,180.8
2015-06-22 21:40:00,14938800.0,979.67,11.27,286.11,9.71,90.1,13.38,12.06,1.32,7.69,12.31,1194.29,1.02,1.56,191.0
2015-06-22 21:50:00,14939400.0,979.47,11.13,285.98,9.65,90.6,13.26,12.01,1.25,7.66,12.26,1194.65,1.66,2.32,201.0
2015-06-22 22:00:00,14940000.0,979.35,10.99,285.85,9.71,91.8,13.13,12.06,1.08,7.69,12.31,1195.07,1.39,2.22,194.8
2015-06-22 22:10:00,14940600.0,979.11,10.89,285.77,9.73,92.5,13.05,12.07,0.98,7.7,12.33,1195.19,0.84,1.52,202.1
2015-06-22 22:20:00,14941200.0,978.93,10.93,285.83,9.89,93.3,13.08,12.21,0.88,7.79,12.47,1194.74,0.77,1.68,185.2
2015-06-22 22:30:00,14941800.0,978.82,10.93,285.83,9.92,93.5,13.08,12.23,0.85,7.81,12.5,1194.59,1.11,2.16,185.3
2015-06-22 22:40:00,14942400.0,978.74,10.88,285.79,9.92,93.8,13.04,12.23,0.81,7.81,12.5,1194.7,0.95,1.6,165.6
2015-06-22 22:50:00,14943000.0,978.61,10.81,285.73,9.92,94.2,12.98,12.23,0.75,7.81,12.49,1194.84,0.72,1.48,191.8
2015-06-22 23:00:00,14943600.0,978.44,10.75,285.69,9.9,94.5,12.93,12.22,0.71,7.8,12.48,1194.89,0.97,1.98,158.5
2015-06-22 23:10:00,14944200.0,978.39,10.72,285.66,9.91,94.7,12.9,12.22,0.68,7.8,12.49,1194.95,1.32,2.52,177.7
2015-06-22 23:20:00,14944800.0,978.34,10.66,285.6,9.88,94.9,12.85,12.19,0.66,7.79,12.46,1195.16,1.14,1.86,181.9
2015-06-22 23:30:00,14945400.0,978.27,10.58,285.53,9.85,95.2,12.78,12.17,0.61,7.77,12.44,1195.42,0.94,1.36,194.6
2015-06-22 23:40:00,14946000.0,978.19,10.5,285.45,9.8,95.4,12.71,12.13,0.58,7.75,12.4,1195.68,1.05,1.56,196.8
2015-06-22 23:50:00,14946600.0,978.09,10.47,285.43,9.81,95.7,12.69,12.14,0.55,7.76,12.41,1195.67,0.74,1.28,189.2
2015-06-23 00:00:00,14947200.0,977.94,10.45,285.43,9.83,95.9,12.67,12.15,0.52,7.76,12.42,1195.57,1.0,1.6,167.5
2015-06-23 00:10:00,14947800.0,977.83,10.48,285.46,9.9,96.2,12.7,12.21,0.48,7.81,12.49,1195.28,0.7,1.3,186.5
2015-06-23 00:20:00,14948400.0,977.73,10.51,285.5,9.95,96.3,12.72,12.25,0.47,7.83,12.53,1195.01,0.77,1.6,183.8
2015-06-23 00:30:00,14949000.0,977.67,10.46,285.46,9.91,96.4,12.68,12.22,0.46,7.81,12.5,1195.16,0.9,1.5,186.2
2015-06-23 00:40:00,14949600.0,977.57,10.41,285.42,9.86,96.4,12.64,12.18,0.45,7.79,12.46,1195.27,1.41,2.28,186.0
2015-06-23 00:50:00,14950200.0,977.54,10.37,285.38,9.84,96.5,12.6,12.16,0.44,7.77,12.44,1195.41,1.09,1.66,188.2
2015-06-23 01:00:00,14950800.0,977.41,10.35,285.37,9.85,96.7,12.59,12.17,0.42,7.78,12.45,1195.33,1.01,1.72,176.0
2015-06-23 01:10:00,14951400.0,977.36,10.33,285.35,9.83,96.7,12.57,12.15,0.41,7.77,12.44,1195.36,1.41,2.26,171.7
2015-06-23 01:20:00,14952000.0,977.34,10.35,285.37,9.86,96.8,12.59,12.18,0.4,7.79,12.47,1195.24,0.98,2.1,183.4
2015-06-23 01:30:00,14952600.0,977.29,10.33,285.36,9.84,96.8,12.57,12.17,0.4,7.78,12.45,1195.27,1.28,2.12,182.5
2015-06-23 01:40:00,14953200.0,977.24,10.29,285.32,9.81,96.8,12.54,12.13,0.4,7.76,12.42,1195.39,1.29,2.16,171.5
2015-06-23 01:50:00,14953800.0,977.2,10.26,285.3,9.78,96.8,12.51,12.11,0.4,7.74,12.39,1195.48,1.16,1.76,158.6
2015-06-23 02:00:00,14954400.0,977.21,10.24,285.27,9.77,96.9,12.49,12.11,0.39,7.74,12.39,1195.58,1.33,1.84,150.5
2015-06-23 02:10:00,14955000.0,977.29,10.22,285.25,9.75,96.9,12.48,12.09,0.39,7.73,12.37,1195.77,0.63,1.44,241.1
2015-06-23 02:20:00,14955600.0,977.46,10.2,285.21,9.72,96.8,12.46,12.06,0.4,7.71,12.34,1196.08,1.68,2.56,251.2
2015-06-23 02:30:00,14956200.0,977.61,10.18,285.18,9.66,96.6,12.44,12.02,0.42,7.68,12.3,1196.36,1.92,5.05,253.2
2015-06-23 02:40:00,14956800.0,977.79,9.96,284.94,9.35,96.0,12.26,11.77,0.49,7.52,12.04,1197.63,2.3,4.48,267.2
2015-06-23 02:50:00,14957400.0,977.82,9.64,284.62,8.93,95.3,12.0,11.44,0.56,7.31,11.7,1199.18,2.35,4.93,260.7
2015-06-23 03:00:00,14958000.0,977.81,9.51,284.49,8.72,94.8,11.9,11.28,0.62,7.2,11.53,1199.79,2.02,3.2,266.3
2015-06-23 03:10:00,14958600.0,977.76,9.45,284.43,8.6,94.4,11.85,11.18,0.66,7.15,11.44,1200.03,1.74,3.12,254.3
2015-06-23 03:20:00,14959200.0,978.08,9.36,284.32,8.43,93.9,11.78,11.06,0.72,7.06,11.31,1200.86,2.47,4.08,253.0
2015-06-23 03:30:00,14959800.0,978.31,9.33,284.27,8.37,93.7,11.75,11.01,0.74,7.03,11.26,1201.3,2.19,4.12,255.5
2015-06-23 03:40:00,14960400.0,978.52,9.33,284.25,8.32,93.4,11.75,10.98,0.78,7.01,11.22,1201.57,1.54,3.32,260.0
2015-06-23 03:50:00,14961000.0,978.71,9.34,284.24,8.25,92.9,11.76,10.93,0.83,6.97,11.16,1201.79,2.19,4.04,263.6
2015-06-23 04:00:00,14961600.0,978.87,9.36,284.25,8.21,92.5,11.78,10.89,0.88,6.95,11.13,1201.92,1.34,2.4,270.1
2015-06-23 04:10:00,14962200.0,978.98,9.42,284.3,8.24,92.3,11.82,10.91,0.91,6.96,11.15,1201.79,0.9,1.58,242.8
2015-06-23 04:20:00,14962800.0,979.15,9.43,284.3,8.25,92.3,11.83,10.92,0.91,6.97,11.15,1201.95,0.76,1.96,261.6
2015-06-23 04:30:00,14963400.0,979.31,9.46,284.32,8.32,92.6,11.86,10.98,0.88,7.0,11.21,1201.99,0.6,1.6,230.6
2015-06-23 04:40:00,14964000.0,979.5,9.51,284.35,8.39,92.7,11.9,11.03,0.87,7.03,11.26,1201.99,1.05,3.72,298.9
2015-06-23 04:50:00,14964600.0,979.74,9.48,284.3,8.28,92.2,11.87,10.95,0.93,6.98,11.17,1202.45,3.28,6.17,258.8
2015-06-23 05:00:00,14965200.0,979.93,9.35,284.15,8.01,91.3,11.77,10.74,1.02,6.85,10.96,1203.33,2.9,4.77,260.9
2015-06-23 05:10:00,14965800.0,980.1,9.26,284.05,7.97,91.6,11.7,10.71,0.98,6.83,10.93,1203.94,2.68,4.85,264.1
2015-06-23 05:20:00,14966400.0,980.29,9.24,284.01,8.01,92.0,11.68,10.75,0.93,6.85,10.96,1204.25,1.59,3.28,262.2
2015-06-23 05:30:00,14967000.0,980.42,9.21,283.97,7.95,91.8,11.66,10.7,0.96,6.82,10.92,1204.56,1.96,3.92,269.3
2015-06-23 05:40:00,14967600.0,980.53,9.15,283.9,7.79,91.2,11.61,10.59,1.02,6.74,10.8,1205.0,2.13,4.36,255.5
2015-06-23 05:50:00,14968200.0,980.66,9.11,283.85,7.72,91.0,11.58,10.54,1.04,6.71,10.74,1205.36,2.11,4.81,260.9
2015-06-23 06:00:00,14968800.0,980.83,9.1,283.83,7.71,91.0,11.57,10.53,1.04,6.7,10.74,1205.61,1.79,3.56,262.8
2015-06-23 06:10:00,14969400.0,980.97,9.07,283.79,7.65,90.8,11.55,10.49,1.06,6.68,10.69,1205.93,2.01,3.44,263.8
2015-06-23 06:20:00,14970000.0,981.04,9.06,283.77,7.61,90.6,11.54,10.45,1.08,6.66,10.66,1206.08,2.05,4.16,256.6
2015-06-23 06:30:00,14970600.0,981.24,9.06,283.75,7.59,90.5,11.54,10.44,1.1,6.65,10.64,1206.33,2.58,5.23,257.5
2015-06-23 06:40:00,14971200.0,981.38,9.06,283.74,7.61,90.6,11.54,10.45,1.08,6.65,10.65,1206.5,2.13,4.28,255.3
2015-06-23 06:50:00,14971800.0,981.45,9.14,283.82,7.78,91.2,11.6,10.58,1.02,6.73,10.78,1206.18,2.35,4.28,251.5
2015-06-23 07:00:00,14972400.0,981.47,9.39,284.07,8.03,91.2,11.8,10.76,1.04,6.85,10.96,1205.05,2.22,3.78,254.2
2015-06-23 07:10:00,14973000.0,981.62,9.68,284.34,8.16,90.2,12.03,10.85,1.18,6.91,11.06,1203.96,2.47,4.73,251.9
2015-06-23 07:20:00,14973600.0,981.84,9.92,284.57,8.16,88.8,12.23,10.86,1.37,6.91,11.06,1203.21,1.77,3.28,259.6
2015-06-23 07:30:00,14974200.0,981.99,9.94,284.58,8.03,87.9,12.24,10.76,1.48,6.85,10.96,1203.35,2.52,5.05,260.4
2015-06-23 07:40:00,14974800.0,982.16,10.07,284.69,8.11,87.6,12.35,10.82,1.53,6.88,11.02,1202.98,2.85,5.39,249.4
2015-06-23 07:50:00,14975400.0,982.32,10.24,284.85,8.18,87.0,12.49,10.87,1.62,6.91,11.06,1202.44,2.54,5.33,253.1
2015-06-23 08:00:00,14976000.0,982.42,10.25,284.85,8.02,86.0,12.5,10.75,1.75,6.84,10.94,1202.57,2.4,4.85,248.8
2015-06-23 08:10:00,14976600.0,982.48,10.26,284.86,8.01,85.9,12.51,10.75,1.76,6.83,10.94,1202.6,2.66,4.97,252.8
2015-06-23 08:20:00,14977200.0,982.56,10.43,285.02,8.02,85.0,12.65,10.76,1.9,6.84,10.95,1201.98,2.63,4.26,259.6
2015-06-23 08:30:00,14977800.0,982.62,10.59,285.18,8.13,84.7,12.79,10.83,1.96,6.89,11.02,1201.34,2.51,4.93,253.1
2015-06-23 08:40:00,14978400.0,982.72,10.83,285.41,7.98,82.5,13.0,10.72,2.27,6.81,10.91,1200.5,3.33,5.77,254.7
2015-06-23 08:50:00,14979000.0,982.78,10.99,285.57,7.99,81.7,13.13,10.73,2.4,6.82,10.92,1199.89,1.79,3.6,263.0
2015-06-23 09:00:00,14979600.0,982.88,10.95,285.52,7.66,80.1,13.1,10.49,2.61,6.67,10.68,1200.29,2.87,6.97,254.7
2015-06-23 09:10:00,14980200.0,982.91,10.75,285.31,7.59,80.8,12.93,10.44,2.48,6.64,10.63,1201.2,2.78,5.53,255.6
2015-06-23 09:20:00,14980800.0,982.96,11.25,285.81,7.71,78.8,13.36,10.53,2.83,6.69,10.71,1199.11,3.19,7.05,257.0
2015-06-23 09:30:00,14981400.0,983.07,11.66,286.21,7.17,73.9,13.73,10.15,3.58,6.45,10.32,1197.69,3.8,6.33,257.9
2015-06-23 09:40:00,14982000.0,983.19,11.89,286.44,7.16,72.7,13.94,10.14,3.81,6.44,10.31,1196.88,3.8,6.61,253.3
2015-06-23 09:50:00,14982600.0,983.22,12.03,286.57,6.84,70.5,14.07,9.92,4.15,6.3,10.09,1196.43,3.07,5.33,258.3
2015-06-23 10:00:00,14983200.0,983.26,12.41,286.95,6.88,68.94,14.43,9.95,4.48,6.32,10.12,1194.87,2.28,4.89,272.0
2015-06-23 10:10:00,14983800.0,983.3,12.52,287.06,7.25,70.2,14.53,10.2,4.33,6.48,10.38,1194.34,1.42,3.68,267.2
2015-06-23 10:20:00,14984400.0,983.36,12.86,287.4,6.88,66.9,14.86,9.94,4.92,6.31,10.11,1193.11,1.99,3.84,290.8
2015-06-23 10:30:00,14985000.0,983.36,12.44,286.97,6.77,68.27,14.46,9.87,4.59,6.27,10.04,1194.9,1.43,2.94,251.4
2015-06-23 10:40:00,14985600.0,983.31,12.79,287.33,6.97,67.64,14.79,10.01,4.79,6.35,10.18,1193.32,2.28,4.36,231.9
2015-06-23 10:50:00,14986200.0,983.31,12.73,287.27,6.95,67.8,14.74,9.99,4.74,6.34,10.16,1193.57,2.79,6.05,228.8
2015-06-23 11:00:00,14986800.0,983.55,12.85,287.37,7.05,67.75,14.85,10.06,4.79,6.39,10.23,1193.33,2.66,5.81,258.1
2015-06-23 11:10:00,14987400.0,983.81,11.29,285.78,6.95,74.6,13.4,10.0,3.4,6.34,10.16,1200.23,1.94,6.39,291.5
2015-06-23 11:20:00,14988000.0,983.85,11.0,285.49,7.02,76.4,13.14,10.04,3.1,6.37,10.21,1201.48,1.95,4.65,289.9
2015-06-23 11:30:00,14988600.0,983.84,11.66,286.15,7.29,74.5,13.73,10.23,3.5,6.49,10.4,1198.59,2.39,5.81,251.7
2015-06-23 11:40:00,14989200.0,983.79,11.73,286.22,7.32,74.3,13.8,10.25,3.55,6.51,10.42,1198.23,3.07,6.63,235.1
2015-06-23 11:50:00,14989800.0,983.73,12.63,287.13,7.15,69.19,14.64,10.13,4.51,6.43,10.3,1194.44,3.21,7.29,241.0
2015-06-23 12:00:00,14990400.0,983.73,13.34,287.85,6.78,64.39,15.34,9.87,5.46,6.27,10.04,1191.6,3.95,7.73,234.4
2015-06-23 12:10:00,14991000.0,983.74,13.63,288.14,6.73,62.97,15.63,9.84,5.79,6.25,10.0,1190.42,4.06,7.85,237.2
2015-06-23 12:20:00,14991600.0,983.8,13.76,288.26,6.58,61.8,15.76,9.74,6.02,6.18,9.9,1190.0,3.84,7.09,252.1
2015-06-23 12:30:00,14992200.0,983.87,12.4,286.89,7.18,70.4,14.42,10.15,4.27,6.44,10.32,1195.56,3.22,8.05,300.2
2015-06-23 12:40:00,14992800.0,983.76,12.33,286.83,8.31,76.4,14.35,10.97,3.39,6.96,11.15,1195.35,2.21,4.85,275.5
2015-06-23 12:50:00,14993400.0,983.68,13.11,287.62,8.19,72.0,15.11,10.88,4.23,6.91,11.06,1192.03,2.38,6.25,300.1
2015-06-23 13:00:00,14994000.0,983.69,13.68,288.19,7.19,64.78,15.68,10.16,5.52,6.45,10.33,1190.01,3.43,7.13,240.6
2015-06-23 13:10:00,14994600.0,983.77,14.26,288.77,6.78,60.68,16.28,9.88,6.4,6.27,10.04,1187.83,3.93,6.77,243.8
2015-06-23 13:20:00,14995200.0,983.88,14.66,289.16,6.89,59.57,16.71,9.95,6.75,6.32,10.12,1186.28,3.79,7.69,241.4
2015-06-23 13:30:00,14995800.0,984.44,13.12,287.57,6.45,63.86,15.12,9.65,5.46,6.12,9.81,1193.48,3.57,7.17,261.9
2015-06-23 13:40:00,14996400.0,984.79,11.06,285.47,6.77,74.8,13.2,9.87,3.33,6.26,10.02,1202.46,2.91,5.89,264.8
2015-06-23 13:50:00,14997000.0,984.96,9.77,284.16,6.99,82.8,12.11,10.02,2.08,6.35,10.18,1208.08,3.79,6.21,261.3
2015-06-23 14:00:00,14997600.0,985.08,9.61,283.99,7.32,85.6,11.98,10.25,1.72,6.5,10.41,1208.8,3.4,5.09,246.8
2015-06-23 14:10:00,14998200.0,985.19,9.42,283.79,7.3,86.6,11.82,10.24,1.58,6.49,10.39,1209.76,3.03,4.81,242.9
2015-06-23 14:20:00,14998800.0,985.17,9.07,283.44,7.18,87.9,11.55,10.15,1.4,6.43,10.3,1211.27,2.88,4.89,251.1
2015-06-23 14:30:00,14999400.0,985.06,9.24,283.62,7.36,88.0,11.68,10.28,1.4,6.52,10.44,1210.35,2.01,3.6,236.3
2015-06-23 14:40:00,15000000.0,985.07,10.26,284.64,8.16,86.8,12.51,10.86,1.65,6.89,11.02,1205.74,1.98,3.28,214.7
2015-06-23 14:50:00,15000600.0,985.02,11.69,286.08,8.76,82.2,13.76,11.31,2.45,7.17,11.48,1199.41,1.38,3.04,199.5
2015-06-23 15:00:00,15001200.0,984.96,12.88,287.28,9.05,77.5,14.88,11.53,3.35,7.32,11.71,1194.25,2.07,5.01,217.4
2015-06-23 15:10:00,15001800.0,985.04,13.24,287.64,8.82,74.5,15.24,11.35,3.89,7.2,11.52,1192.93,2.77,4.57,250.9
2015-06-23 15:20:00,15002400.0,985.08,13.37,287.76,8.9,74.3,15.37,11.42,3.95,7.24,11.59,1192.4,2.64,5.65,233.9
2015-06-23 15:30:00,15003000.0,985.17,13.46,287.85,8.56,72.2,15.46,11.16,4.3,7.08,11.33,1192.26,3.19,5.65,227.7
2015-06-23 15:40:00,15003600.0,985.22,12.98,287.36,8.56,74.5,14.98,11.16,3.82,7.08,11.33,1194.32,3.36,6.65,217.6
2015-06-23 15:50:00,15004200.0,985.3,12.82,287.19,8.63,75.6,14.82,11.21,3.62,7.1,11.37,1195.06,3.34,5.01,222.3
2015-06-23 16:00:00,15004800.0,985.37,13.01,287.38,8.89,76.0,15.01,11.41,3.6,7.23,11.58,1194.26,2.32,4.08,224.7
2015-06-23 16:10:00,15005400.0,985.37,13.49,287.86,8.65,72.5,15.49,11.23,4.26,7.12,11.39,1192.34,3.19,5.05,215.5
2015-06-23 16:20:00,15006000.0,985.46,13.34,287.7,8.45,72.2,15.34,11.07,4.26,7.02,11.24,1193.15,3.37,4.93,217.6
2015-06-23 16:30:00,15006600.0,985.42,13.47,287.84,7.93,69.08,15.47,10.68,4.78,6.77,10.84,1192.74,4.04,5.41,206.0
2015-06-23 16:40:00,15007200.0,985.46,13.73,288.09,7.53,66.1,15.73,10.4,5.33,6.59,10.55,1191.84,4.52,6.53,208.0
2015-06-23 16:50:00,15007800.0,985.57,13.93,288.29,7.35,64.44,15.94,10.27,5.67,6.51,10.42,1191.2,4.39,6.61,212.7
2015-06-23 17:00:00,15008400.0,985.55,14.06,288.42,7.54,64.75,16.07,10.41,5.67,6.59,10.56,1190.57,3.24,5.25,211.8
2015-06-23 17:10:00,15009000.0,985.73,13.62,287.96,7.69,67.3,15.62,10.51,5.11,6.66,10.66,1192.57,1.7,4.36,254.9
2015-06-23 17:20:00,15009600.0,985.83,13.35,287.68,7.68,68.47,15.35,10.51,4.84,6.66,10.66,1193.82,1.56,3.28,257.1
2015-06-23 17:30:00,15010200.0,985.9,13.31,287.64,7.6,68.28,15.31,10.45,4.85,6.62,10.6,1194.1,0.87,1.78,262.3
2015-06-23 17:40:00,15010800.0,985.93,13.37,287.69,7.84,69.14,15.37,10.62,4.74,6.73,10.78,1193.8,0.84,1.48,243.4
2015-06-23 17:50:00,15011400.0,986.18,13.3,287.6,7.98,70.1,15.3,10.72,4.57,6.79,10.87,1194.35,0.76,1.84,303.0
2015-06-23 18:00:00,15012000.0,986.4,13.21,287.49,7.67,69.03,15.21,10.5,4.71,6.65,10.64,1195.1,0.88,2.28,346.7
2015-06-23 18:10:00,15012600.0,986.58,12.83,287.1,7.36,69.28,14.83,10.28,4.56,6.5,10.42,1197.01,1.46,3.72,18.45
2015-06-23 18:20:00,15013200.0,986.84,11.43,285.67,7.24,75.4,13.52,10.2,3.33,6.45,10.33,1203.25,3.15,5.65,261.1
2015-06-23 18:30:00,15013800.0,986.78,9.85,284.09,7.49,85.2,12.17,10.37,1.8,6.56,10.51,1209.81,3.52,5.39,249.2
2015-06-23 18:40:00,15014400.0,986.86,9.69,283.92,7.54,86.4,12.04,10.4,1.64,6.58,10.54,1210.58,3.75,5.01,249.4
2015-06-23 18:50:00,15015000.0,986.98,9.66,283.88,7.64,87.2,12.02,10.48,1.54,6.63,10.62,1210.82,3.36,4.12,253.2
2015-06-23 19:00:00,15015600.0,987.04,9.71,283.93,7.74,87.5,12.06,10.55,1.51,6.67,10.69,1210.65,2.94,4.04,247.0
2015-06-23 19:10:00,15016200.0,987.08,9.79,284.0,7.75,87.1,12.12,10.56,1.56,6.68,10.7,1210.35,3.21,3.76,244.5
2015-06-23 19:20:00,15016800.0,987.16,9.81,284.02,7.92,88.0,12.14,10.68,1.46,6.76,10.82,1210.31,3.27,3.84,240.9
2015-06-23 19:30:00,15017400.0,987.25,9.99,284.19,8.17,88.4,12.29,10.86,1.43,6.87,11.0,1209.57,2.5,2.88,239.5
2015-06-23 19:40:00,15018000.0,987.31,10.09,284.29,8.28,88.5,12.37,10.95,1.42,6.92,11.09,1209.17,2.37,2.8,239.5
2015-06-23 19:50:00,15018600.0,987.4,9.95,284.14,8.16,88.6,12.25,10.86,1.4,6.87,10.99,1209.92,2.3,3.04,238.8
2015-06-23 20:00:00,15019200.0,987.47,9.86,284.04,8.12,88.9,12.18,10.83,1.35,6.85,10.96,1210.41,1.84,3.04,236.1
2015-06-23 20:10:00,15019800.0,987.52,9.81,283.99,8.19,89.6,12.14,10.88,1.26,6.88,11.01,1210.66,1.37,2.16,180.2
2015-06-23 20:20:00,15020400.0,987.58,9.57,283.74,8.16,90.9,11.94,10.86,1.09,6.87,10.99,1211.77,1.88,3.08,158.2
2015-06-23 20:30:00,15021000.0,987.65,9.51,283.68,8.28,92.0,11.9,10.94,0.95,6.92,11.08,1212.07,1.13,2.44,168.4
2015-06-23 20:40:00,15021600.0,987.85,9.47,283.62,8.33,92.6,11.86,10.99,0.88,6.95,11.12,1212.47,1.49,2.36,179.2
2015-06-23 20:50:00,15022200.0,988.08,9.46,283.59,8.28,92.3,11.86,10.94,0.91,6.92,11.07,1212.82,1.36,3.34,177.5
2015-06-23 21:00:00,15022800.0,988.15,9.46,283.59,8.18,91.7,11.86,10.87,0.98,6.87,11.0,1212.94,0.94,2.0,189.4
2015-06-23 21:10:00,15023400.0,988.23,9.46,283.58,8.16,91.6,11.86,10.86,1.0,6.86,10.99,1213.04,1.06,2.44,183.1
2015-06-23 21:20:00,15024000.0,988.34,9.46,283.57,8.15,91.5,11.86,10.85,1.01,6.86,10.98,1213.18,0.99,1.84,202.3
2015-06-23 21:30:00,15024600.0,988.47,9.41,283.51,8.04,91.1,11.82,10.76,1.05,6.8,10.89,1213.6,0.54,1.08,222.4
2015-06-23 21:40:00,15025200.0,988.51,9.44,283.54,7.97,90.5,11.84,10.71,1.12,6.77,10.84,1213.54,0.73,1.48,200.9
2015-06-23 21:50:00,15025800.0,988.58,9.44,283.53,8.05,91.0,11.84,10.77,1.07,6.81,10.9,1213.6,0.72,1.96,187.2
2015-06-23 22:00:00,15026400.0,988.64,9.35,283.43,8.09,91.8,11.77,10.8,0.96,6.82,10.93,1214.05,0.91,2.24,215.8
2015-06-23 22:10:00,15027000.0,988.74,9.53,283.61,8.06,90.5,11.91,10.78,1.13,6.81,10.9,1213.41,1.88,2.48,254.9
2015-06-23 22:20:00,15027600.0,988.76,9.76,283.84,8.06,89.1,12.1,10.78,1.32,6.81,10.9,1212.45,1.61,2.4,244.6
2015-06-23 22:30:00,15028200.0,988.79,9.69,283.76,8.04,89.4,12.04,10.76,1.28,6.8,10.89,1212.79,1.26,3.08,157.6
2015-06-23 22:40:00,15028800.0,988.9,9.45,283.51,8.12,91.4,11.85,10.83,1.02,6.84,10.95,1213.93,1.14,2.56,139.0
2015-06-23 22:50:00,15029400.0,988.99,9.4,283.46,8.2,92.2,11.81,10.89,0.92,6.88,11.01,1214.22,0.81,1.44,108.6
2015-06-23 23:00:00,15030000.0,989.01,9.36,283.41,8.18,92.3,11.78,10.87,0.91,6.86,10.99,1214.43,1.02,2.12,137.6
2015-06-23 23:10:00,15030600.0,989.09,9.3,283.35,8.2,92.8,11.73,10.88,0.84,6.87,11.0,1214.78,1.03,2.32,142.0
2015-06-23 23:20:00,15031200.0,989.1,9.36,283.41,8.24,92.7,11.78,10.92,0.86,6.89,11.04,1214.52,0.56,1.26,141.8
2015-06-23 23:30:00,15031800.0,989.16,9.37,283.41,8.27,92.8,11.78,10.94,0.85,6.91,11.06,1214.54,0.57,1.24,126.8
2015-06-23 23:40:00,15032400.0,989.26,9.38,283.41,8.21,92.4,11.79,10.9,0.9,6.88,11.01,1214.64,0.78,1.3,152.4
2015-06-23 23:50:00,15033000.0,989.35,9.29,283.32,8.24,93.1,11.72,10.91,0.81,6.89,11.03,1215.13,1.31,2.68,137.3
2015-06-24 00:00:00,15033600.0,989.44,9.39,283.41,8.37,93.3,11.8,11.01,0.79,6.95,11.13,1214.77,0.64,1.16,141.0
2015-06-24 00:10:00,15034200.0,989.49,9.65,283.67,8.56,92.9,12.01,11.16,0.85,7.04,11.27,1213.64,0.66,1.5,299.9
2015-06-24 00:20:00,15034800.0,989.51,9.86,283.87,8.64,92.1,12.18,11.22,0.96,7.08,11.34,1212.74,0.56,1.32,234.4
2015-06-24 00:30:00,15035400.0,989.52,10.03,284.04,8.79,92.0,12.32,11.33,0.99,7.15,11.45,1211.97,0.85,1.76,251.5
2015-06-24 00:40:00,15036000.0,989.61,10.19,284.2,8.9,91.7,12.45,11.42,1.03,7.21,11.54,1211.35,1.41,2.62,256.9
2015-06-24 00:50:00,15036600.0,989.61,10.29,284.3,8.95,91.4,12.54,11.46,1.08,7.23,11.58,1210.91,1.89,2.92,247.4
2015-06-24 01:00:00,15037200.0,989.63,10.37,284.38,9.02,91.3,12.6,11.51,1.1,7.26,11.63,1210.57,1.75,2.4,246.8
2015-06-24 01:10:00,15037800.0,989.7,10.42,284.42,9.08,91.4,12.64,11.56,1.09,7.3,11.68,1210.42,1.08,1.68,248.2
2015-06-24 01:20:00,15038400.0,989.85,10.43,284.42,9.03,91.0,12.65,11.51,1.14,7.27,11.63,1210.58,0.51,1.0,80.5
2015-06-24 01:30:00,15039000.0,989.94,10.17,284.15,8.92,91.9,12.43,11.43,1.01,7.21,11.54,1211.84,0.43,1.16,59.85
2015-06-24 01:40:00,15039600.0,990.06,10.23,284.2,9.01,92.1,12.48,11.5,0.99,7.26,11.61,1211.7,0.59,1.48,85.6
2015-06-24 01:50:00,15040200.0,990.22,10.27,284.23,8.97,91.6,12.52,11.47,1.05,7.23,11.58,1211.74,0.54,1.2,95.2
2015-06-24 02:00:00,15040800.0,990.26,10.26,284.21,9.04,92.1,12.51,11.52,0.99,7.27,11.63,1211.81,0.57,1.0,105.1
2015-06-24 02:10:00,15041400.0,990.34,10.21,284.16,9.08,92.7,12.47,11.56,0.91,7.29,11.67,1212.1,0.56,1.04,106.2
2015-06-24 02:20:00,15042000.0,990.47,10.33,284.27,9.3,93.3,12.57,11.73,0.84,7.4,11.84,1211.67,0.63,1.12,262.5
2015-06-24 02:30:00,15042600.0,990.55,10.44,284.37,9.5,93.9,12.66,11.89,0.77,7.5,12.0,1211.22,0.47,1.28,359.2
2015-06-24 02:40:00,15043200.0,990.59,10.56,284.49,9.64,94.0,12.76,12.0,0.77,7.57,12.11,1210.71,0.59,1.58,268.3
2015-06-24 02:50:00,15043800.0,990.66,10.66,284.58,9.72,93.9,12.85,12.07,0.78,7.61,12.18,1210.34,1.57,3.88,246.9
2015-06-24 03:00:00,15044400.0,990.78,10.81,284.72,9.79,93.4,12.98,12.12,0.86,7.65,12.23,1209.82,1.69,3.12,245.4
2015-06-24 03:10:00,15045000.0,990.8,10.91,284.82,9.78,92.7,13.06,12.11,0.95,7.64,12.22,1209.42,1.79,2.8,250.8
2015-06-24 03:20:00,15045600.0,990.88,10.97,284.88,9.72,92.0,13.12,12.07,1.05,7.61,12.18,1209.29,2.37,3.6,255.8
2015-06-24 03:30:00,15046200.0,990.96,11.04,284.94,9.65,91.1,13.18,12.01,1.17,7.57,12.12,1209.11,2.45,4.28,248.5
2015-06-24 03:40:00,15046800.0,990.98,11.0,284.9,9.59,91.0,13.14,11.96,1.18,7.54,12.07,1209.33,1.94,3.56,257.2
2015-06-24 03:50:00,15047400.0,991.08,11.0,284.89,9.56,90.8,13.14,11.93,1.21,7.52,12.04,1209.46,2.12,3.96,257.4
2015-06-24 04:00:00,15048000.0,991.15,10.94,284.82,9.52,90.9,13.09,11.9,1.19,7.5,12.01,1209.82,2.19,3.56,259.3
2015-06-24 04:10:00,15048600.0,991.2,10.93,284.81,9.44,90.5,13.08,11.84,1.24,7.46,11.94,1209.95,2.15,3.48,261.6
2015-06-24 04:20:00,15049200.0,991.29,10.95,284.82,9.41,90.2,13.1,11.82,1.28,7.45,11.92,1209.99,2.02,3.68,265.3
2015-06-24 04:30:00,15049800.0,991.34,10.99,284.86,9.38,89.8,13.13,11.79,1.34,7.43,11.9,1209.89,2.24,4.2,269.4
2015-06-24 04:40:00,15050400.0,991.43,11.0,284.86,9.38,89.7,13.14,11.79,1.35,7.43,11.89,1209.96,1.99,2.76,263.0
2015-06-24 04:50:00,15051000.0,991.54,10.99,284.84,9.38,89.8,13.13,11.79,1.34,7.43,11.9,1210.14,1.95,3.36,259.3
2015-06-24 05:00:00,15051600.0,991.68,11.0,284.84,9.39,89.8,13.14,11.8,1.34,7.44,11.9,1210.26,1.64,2.76,250.2
2015-06-24 05:10:00,15052200.0,991.78,10.99,284.82,9.38,89.8,13.13,11.79,1.34,7.43,11.89,1210.43,1.89,4.08,253.6
2015-06-24 05:20:00,15052800.0,991.83,11.05,284.88,9.36,89.3,13.19,11.78,1.41,7.42,11.87,1210.24,2.11,4.04,252.6
2015-06-24 05:30:00,15053400.0,991.97,11.06,284.88,9.4,89.5,13.2,11.81,1.39,7.44,11.91,1210.36,1.38,2.58,255.3
2015-06-24 05:40:00,15054000.0,992.18,11.1,284.9,9.41,89.3,13.23,11.82,1.42,7.44,11.91,1210.44,1.51,2.52,248.3
2015-06-24 05:50:00,15054600.0,992.21,11.18,284.98,9.46,89.1,13.3,11.85,1.45,7.46,11.94,1210.12,1.19,2.0,239.4
2015-06-24 06:00:00,15055200.0,992.3,11.24,285.03,9.5,89.0,13.35,11.89,1.47,7.48,11.98,1209.96,0.92,2.12,249.1
2015-06-24 06:10:00,15055800.0,992.4,11.33,285.11,9.47,88.3,13.43,11.86,1.57,7.47,11.95,1209.71,1.29,2.34,252.3
2015-06-24 06:20:00,15056400.0,992.49,11.4,285.17,9.5,88.1,13.5,11.89,1.61,7.49,11.98,1209.51,1.21,2.32,252.8
2015-06-24 06:30:00,15057000.0,992.62,11.42,285.18,9.51,88.0,13.52,11.89,1.62,7.49,11.98,1209.58,1.32,2.72,256.1
2015-06-24 06:40:00,15057600.0,992.77,11.47,285.22,9.47,87.5,13.56,11.87,1.7,7.47,11.95,1209.57,1.33,2.28,255.0
2015-06-24 06:50:00,15058200.0,992.81,11.52,285.27,9.42,86.9,13.61,11.82,1.78,7.44,11.91,1209.42,1.54,3.8,253.1
2015-06-24 07:00:00,15058800.0,992.92,11.48,285.22,9.31,86.5,13.57,11.74,1.83,7.39,11.82,1209.77,1.43,2.72,252.9
2015-06-24 07:10:00,15059400.0,993.04,11.4,285.13,9.27,86.7,13.5,11.7,1.8,7.36,11.78,1210.27,1.73,3.64,260.4
2015-06-24 07:20:00,15060000.0,993.21,11.27,284.98,9.17,86.9,13.38,11.63,1.75,7.31,11.71,1211.07,2.09,3.48,265.5
2015-06-24 07:30:00,15060600.0,993.31,11.26,284.97,9.2,87.1,13.37,11.65,1.73,7.33,11.73,1211.23,1.1,2.88,238.8
2015-06-24 07:40:00,15061200.0,993.4,11.24,284.94,9.11,86.7,13.35,11.58,1.78,7.28,11.66,1211.46,1.69,3.88,275.5
2015-06-24 07:50:00,15061800.0,993.54,11.21,284.9,8.91,85.7,13.33,11.42,1.91,7.18,11.5,1211.82,1.34,2.72,249.5
2015-06-24 08:00:00,15062400.0,993.65,11.26,284.94,8.96,85.7,13.37,11.46,1.91,7.21,11.53,1211.73,1.03,3.16,251.1
2015-06-24 08:10:00,15063000.0,993.78,11.32,284.99,8.86,84.8,13.43,11.39,2.04,7.16,11.46,1211.66,1.21,2.48,251.7
2015-06-24 08:20:00,15063600.0,993.93,11.33,284.99,8.87,84.8,13.43,11.39,2.04,7.16,11.46,1211.8,1.28,2.32,254.9
2015-06-24 08:30:00,15064200.0,994.02,11.43,285.08,9.0,85.0,13.52,11.5,2.03,7.22,11.56,1211.44,1.11,3.4,276.0
2015-06-24 08:40:00,15064800.0,994.16,11.5,285.14,9.05,84.9,13.59,11.54,2.05,7.25,11.6,1211.29,1.15,2.04,261.1
2015-06-24 08:50:00,15065400.0,994.27,11.49,285.12,9.18,85.7,13.58,11.64,1.94,7.31,11.7,1211.42,0.94,1.68,227.9
2015-06-24 09:00:00,15066000.0,994.38,11.64,285.26,9.31,85.6,13.71,11.74,1.97,7.38,11.81,1210.88,0.65,1.68,279.6
2015-06-24 09:10:00,15066600.0,994.5,11.74,285.35,9.04,83.5,13.8,11.53,2.28,7.24,11.59,1210.69,1.81,4.65,275.3
2015-06-24 09:20:00,15067200.0,994.64,11.64,285.24,8.39,80.4,13.71,11.03,2.69,6.92,11.09,1211.52,2.65,4.48,256.7
2015-06-24 09:30:00,15067800.0,994.67,11.53,285.13,8.32,80.6,13.61,10.97,2.64,6.89,11.03,1212.05,1.75,3.92,253.9
2015-06-24 09:40:00,15068400.0,994.76,11.66,285.25,8.39,80.3,13.73,11.03,2.71,6.92,11.08,1211.59,1.36,4.57,235.1
2015-06-24 09:50:00,15069000.0,994.87,11.69,285.27,8.18,79.0,13.76,10.87,2.89,6.82,10.93,1211.66,1.6,4.08,248.2
2015-06-24 10:00:00,15069600.0,994.99,11.67,285.24,8.14,78.9,13.74,10.84,2.9,6.81,10.9,1211.91,1.6,4.61,250.0
2015-06-24 10:10:00,15070200.0,995.08,11.67,285.23,8.1,78.7,13.74,10.81,2.93,6.79,10.87,1212.02,2.37,4.61,249.0
2015-06-24 10:20:00,15070800.0,995.2,11.62,285.17,8.04,78.6,13.7,10.76,2.93,6.76,10.82,1212.41,1.85,4.73,270.9
2015-06-24 10:30:00,15071400.0,995.27,11.75,285.3,8.2,78.8,13.81,10.89,2.93,6.83,10.94,1211.88,1.21,3.44,272.8
2015-06-24 10:40:00,15072000.0,995.35,12.16,285.7,8.45,78.0,14.19,11.07,3.12,6.95,11.12,1210.16,1.85,4.24,280.1
2015-06-24 10:50:00,15072600.0,995.41,12.23,285.77,8.33,77.0,14.26,10.98,3.28,6.89,11.03,1209.97,1.92,4.22,307.8
2015-06-24 11:00:00,15073200.0,995.48,12.68,286.21,8.63,76.3,14.69,11.21,3.48,7.03,11.26,1208.05,0.78,2.76,45.14
2015-06-24 11:10:00,15073800.0,995.48,13.42,286.95,8.59,72.5,15.42,11.18,4.24,7.01,11.23,1204.94,2.58,6.01,307.7
2015-06-24 11:20:00,15074400.0,995.41,13.69,287.23,8.83,72.4,15.69,11.36,4.33,7.13,11.41,1203.65,2.15,4.95,261.0
2015-06-24 11:30:00,15075000.0,995.46,13.97,287.5,8.72,70.6,15.98,11.28,4.7,7.08,11.33,1202.57,1.94,4.85,273.5
2015-06-24 11:40:00,15075600.0,995.48,13.99,287.52,8.35,68.74,16.0,11.0,5.0,6.9,11.05,1202.64,2.21,4.65,325.4
2015-06-24 11:50:00,15076200.0,995.44,13.89,287.43,8.45,69.65,15.89,11.07,4.82,6.95,11.12,1202.97,1.61,4.57,303.2
2015-06-24 12:00:00,15076800.0,995.5,14.03,287.56,8.68,70.1,16.04,11.24,4.8,7.06,11.29,1202.38,1.5,3.28,299.2
2015-06-24 12:10:00,15077400.0,995.6,13.88,287.4,8.57,70.3,15.88,11.17,4.72,7.01,11.22,1203.17,1.73,3.2,306.9
2015-06-24 12:20:00,15078000.0,995.63,13.8,287.32,8.52,70.4,15.8,11.12,4.68,6.98,11.17,1203.56,1.8,3.9,312.1
2015-06-24 12:30:00,15078600.0,995.71,13.61,287.12,8.4,70.7,15.61,11.03,4.57,6.92,11.08,1204.5,1.79,3.48,289.0
2015-06-24 12:40:00,15079200.0,995.68,13.47,286.99,8.64,72.5,15.47,11.21,4.25,7.03,11.26,1204.96,1.43,3.58,322.4
2015-06-24 12:50:00,15079800.0,995.64,14.35,287.87,9.19,71.1,16.38,11.64,4.73,7.31,11.69,1201.02,1.18,3.6,62.96
2015-06-24 13:00:00,15080400.0,995.61,14.47,287.99,8.98,69.53,16.5,11.48,5.03,7.2,11.53,1200.57,1.69,3.52,271.6
2015-06-24 13:10:00,15081000.0,995.59,14.49,288.01,8.83,68.77,16.53,11.36,5.16,7.13,11.41,1200.51,1.77,4.64,335.5
2015-06-24 13:20:00,15081600.0,995.61,14.5,288.02,8.77,68.45,16.54,11.32,5.22,7.1,11.37,1200.51,1.68,3.64,280.0
2015-06-24 13:30:00,15082200.0,995.61,14.45,287.97,8.96,69.56,16.48,11.47,5.02,7.19,11.52,1200.65,1.28,2.32,299.7
2015-06-24 13:40:00,15082800.0,995.58,14.49,288.01,8.92,69.18,16.53,11.43,5.09,7.17,11.48,1200.47,1.95,4.24,3.69
2015-06-24 13:50:00,15083400.0,995.49,14.63,288.16,9.06,69.22,16.68,11.54,5.13,7.24,11.6,1199.73,1.65,3.36,325.6
2015-06-24 14:00:00,15084000.0,995.5,14.85,288.38,8.8,67.05,16.91,11.34,5.57,7.12,11.39,1198.91,1.91,4.6,280.2
2015-06-24 14:10:00,15084600.0,995.39,15.04,288.58,9.07,67.46,17.12,11.55,5.57,7.25,11.6,1197.9,1.45,3.24,328.8
2015-06-24 14:20:00,15085200.0,995.29,15.88,289.43,9.26,64.71,18.07,11.69,6.38,7.34,11.75,1194.22,0.84,2.96,262.7
2015-06-24 14:30:00,15085800.0,995.21,16.11,289.67,9.34,64.12,18.34,11.76,6.58,7.38,11.82,1193.15,1.72,3.96,22.98
2015-06-24 14:40:00,15086400.0,995.21,16.06,289.62,9.17,63.61,18.28,11.63,6.65,7.3,11.68,1193.41,2.25,4.46,273.9
2015-06-24 14:50:00,15087000.0,995.15,16.49,290.05,9.17,61.88,18.79,11.63,7.16,7.3,11.68,1191.58,1.2,2.24,259.5
2015-06-24 15:00:00,15087600.0,995.17,17.06,290.62,9.38,60.51,19.48,11.79,7.69,7.4,11.85,1189.19,1.77,4.04,133.6
2015-06-24 15:10:00,15088200.0,995.14,16.96,290.52,8.99,59.34,19.36,11.49,7.87,7.21,11.54,1189.7,1.77,4.76,260.1
2015-06-24 15:20:00,15088800.0,995.04,17.21,290.78,9.11,58.87,19.67,11.58,8.09,7.27,11.64,1188.51,2.65,5.04,243.1
2015-06-24 15:30:00,15089400.0,995.14,16.75,290.31,9.26,61.25,19.1,11.7,7.4,7.35,11.76,1190.46,3.54,5.52,28.18
2015-06-24 15:40:00,15090000.0,995.13,16.56,290.12,9.26,61.99,18.87,11.7,7.17,7.34,11.76,1191.23,3.14,5.0,30.45
2015-06-24 15:50:00,15090600.0,995.12,17.06,290.63,9.35,60.39,19.48,11.76,7.72,7.39,11.82,1189.14,1.14,3.0,352.3
2015-06-24 16:00:00,15091200.0,995.03,17.45,291.02,9.48,59.45,19.97,11.87,8.1,7.45,11.93,1187.38,1.37,3.44,28.97
2015-06-24 16:10:00,15091800.0,995.03,17.22,290.79,9.4,60.02,19.68,11.81,7.87,7.42,11.87,1188.36,2.82,5.1,17.73
2015-06-24 16:20:00,15092400.0,995.04,17.17,290.74,9.51,60.62,19.62,11.89,7.73,7.47,11.95,1188.53,0.84,2.4,346.4
2015-06-24 16:30:00,15093000.0,995.01,17.28,290.86,9.53,60.3,19.75,11.91,7.84,7.48,11.97,1188.03,1.89,3.8,15.65
2015-06-24 16:40:00,15093600.0,994.99,17.5,291.08,9.75,60.34,20.03,12.09,7.94,7.59,12.15,1187.04,1.76,3.4,13.85
2015-06-24 16:50:00,15094200.0,995.03,17.94,291.52,9.6,58.11,20.59,11.97,8.63,7.51,12.03,1185.34,1.5,3.08,293.8
2015-06-24 17:00:00,15094800.0,995.04,18.13,291.7,9.65,57.6,20.84,12.0,8.84,7.54,12.06,1184.56,1.19,3.2,280.4
2015-06-24 17:10:00,15095400.0,995.01,17.71,291.29,9.6,58.95,20.3,11.97,8.33,7.51,12.03,1186.26,1.8,3.32,26.33
2015-06-24 17:20:00,15096000.0,994.98,17.64,291.22,9.67,59.51,20.21,12.03,8.18,7.55,12.09,1186.48,3.21,5.0,26.62
2015-06-24 17:30:00,15096600.0,995.01,17.36,290.94,9.62,60.34,19.85,11.98,7.87,7.52,12.04,1187.67,2.54,3.64,31.46
2015-06-24 17:40:00,15097200.0,995.0,17.23,290.81,9.68,61.12,19.69,12.04,7.66,7.56,12.1,1188.18,3.06,4.48,31.28
2015-06-24 17:50:00,15097800.0,995.05,17.46,291.03,9.84,60.89,19.98,12.17,7.81,7.64,12.23,1187.24,2.31,3.84,22.63
2015-06-24 18:00:00,15098400.0,995.11,17.55,291.12,9.89,60.72,20.09,12.2,7.89,7.66,12.26,1186.92,2.47,3.76,24.13
2015-06-24 18:10:00,15099000.0,995.17,17.42,290.98,9.87,61.16,19.93,12.19,7.74,7.65,12.25,1187.54,2.05,3.34,9.32
2015-06-24 18:20:00,15099600.0,995.16,17.32,290.88,9.79,61.19,19.8,12.12,7.69,7.61,12.18,1187.96,2.93,4.16,32.6
2015-06-24 18:30:00,15100200.0,995.15,17.21,290.77,9.75,61.48,19.67,12.09,7.58,7.59,12.15,1188.4,2.18,3.4,19.03
2015-06-24 18:40:00,15100800.0,995.15,17.2,290.76,9.71,61.34,19.65,12.06,7.6,7.57,12.11,1188.47,1.74,3.36,20.75
2015-06-24 18:50:00,15101400.0,995.19,17.25,290.81,9.65,60.89,19.72,12.01,7.71,7.54,12.06,1188.33,1.06,1.96,19.39
2015-06-24 19:00:00,15102000.0,995.28,17.33,290.88,9.77,61.07,19.82,12.1,7.71,7.6,12.16,1188.07,1.66,3.32,15.49
2015-06-24 19:10:00,15102600.0,995.41,16.56,290.1,9.58,63.33,18.87,11.95,6.92,7.5,12.01,1191.45,2.67,3.42,29.1
2015-06-24 19:20:00,15103200.0,995.5,16.1,289.63,9.52,64.96,18.33,11.91,6.42,7.47,11.96,1193.47,1.98,2.7,25.97
2015-06-24 19:30:00,15103800.0,995.51,15.92,289.45,9.61,66.08,18.12,11.97,6.15,7.51,12.03,1194.21,1.46,2.64,28.65
2015-06-24 19:40:00,15104400.0,995.55,15.69,289.22,9.59,67.01,17.85,11.96,5.89,7.51,12.02,1195.2,1.84,2.8,30.14
2015-06-24 19:50:00,15105000.0,995.62,15.5,289.02,9.66,68.14,17.64,12.02,5.62,7.54,12.07,1196.05,1.35,1.84,359.8
2015-06-24 20:00:00,15105600.0,995.63,15.37,288.89,9.49,67.93,17.49,11.88,5.61,7.46,11.93,1196.67,2.04,2.68,0.15
2015-06-24 20:10:00,15106200.0,995.71,15.27,288.78,9.42,68.02,17.38,11.82,5.56,7.42,11.87,1197.2,1.76,2.36,359.2
2015-06-24 20:20:00,15106800.0,995.79,15.18,288.69,9.37,68.21,17.28,11.78,5.49,7.39,11.83,1197.68,1.25,2.52,23.42
2015-06-24 20:30:00,15107400.0,995.89,14.96,288.46,9.48,69.7,17.03,11.87,5.16,7.45,11.92,1198.69,0.95,2.32,35.21
2015-06-24 20:40:00,15108000.0,996.05,14.61,288.1,9.55,71.6,16.65,11.92,4.73,7.48,11.97,1200.31,0.25,0.6,257.7
2015-06-24 20:50:00,15108600.0,996.2,14.59,288.06,9.57,71.8,16.63,11.94,4.69,7.49,11.99,1200.57,0.7,1.16,26.42
2015-06-24 21:00:00,15109200.0,996.31,14.42,287.88,9.69,73.2,16.45,12.04,4.41,7.55,12.09,1201.36,0.56,1.16,165.5
2015-06-24 21:10:00,15109800.0,996.36,14.12,287.58,9.7,74.7,16.13,12.05,4.08,7.56,12.1,1202.68,0.45,1.08,228.1
2015-06-24 21:20:00,15110400.0,996.35,14.12,287.58,9.64,74.4,16.13,12.0,4.13,7.53,12.05,1202.69,0.68,1.08,234.9
2015-06-24 21:30:00,15111000.0,996.37,14.06,287.52,9.71,75.0,16.07,12.05,4.02,7.56,12.1,1202.94,0.93,1.44,216.8
2015-06-24 21:40:00,15111600.0,996.42,14.02,287.47,9.79,75.6,16.03,12.12,3.91,7.6,12.16,1203.14,1.02,1.44,218.3
2015-06-24 21:50:00,15112200.0,996.45,14.01,287.46,9.8,75.7,16.02,12.13,3.89,7.6,12.17,1203.21,1.04,1.52,215.9
2015-06-24 22:00:00,15112800.0,996.49,13.95,287.4,9.8,76.0,15.96,12.13,3.83,7.6,12.17,1203.51,1.27,1.6,209.0
2015-06-24 22:10:00,15113400.0,996.54,13.82,287.26,9.79,76.6,15.82,12.12,3.7,7.6,12.16,1204.12,0.43,0.92,227.3
2015-06-24 22:20:00,15114000.0,996.59,13.65,287.09,9.78,77.4,15.65,12.11,3.54,7.59,12.15,1204.9,0.9,1.56,211.6
2015-06-24 22:30:00,15114600.0,996.62,13.5,286.94,9.75,78.0,15.5,12.09,3.41,7.58,12.13,1205.58,0.6,1.24,254.8
2015-06-24 22:40:00,15115200.0,996.69,13.32,286.75,9.93,79.9,15.32,12.24,3.08,7.67,12.28,1206.35,0.52,1.08,39.49
2015-06-24 22:50:00,15115800.0,996.68,13.21,286.64,10.03,81.0,15.21,12.32,2.89,7.72,12.36,1206.76,0.49,0.76,166.2
2015-06-24 23:00:00,15116400.0,996.62,13.05,286.49,9.96,81.5,15.05,12.26,2.78,7.69,12.31,1207.39,0.3,0.6,64.37
2015-06-24 23:10:00,15117000.0,996.67,12.9,286.33,9.96,82.3,14.9,12.26,2.64,7.69,12.3,1208.09,0.2,0.48,64.26
2015-06-24 23:20:00,15117600.0,996.67,12.71,286.14,9.94,83.2,14.72,12.24,2.47,7.68,12.28,1208.89,0.41,0.68,76.2
2015-06-24 23:30:00,15118200.0,996.62,12.46,285.9,9.77,83.6,14.48,12.1,2.37,7.59,12.14,1209.96,0.52,1.24,287.3
2015-06-24 23:40:00,15118800.0,996.7,12.32,285.75,9.61,83.5,14.34,11.98,2.37,7.51,12.02,1210.71,1.38,1.8,239.2
2015-06-24 23:50:00,15119400.0,996.64,12.27,285.7,9.56,83.5,14.3,11.94,2.36,7.48,11.98,1210.87,1.21,1.72,239.6
2015-06-25 00:00:00,15120000.0,996.61,12.01,285.45,9.52,84.7,14.05,11.9,2.15,7.46,11.94,1211.95,1.28,1.76,223.5
2015-06-25 00:10:00,15120600.0,996.51,11.82,285.26,9.44,85.3,13.88,11.84,2.04,7.42,11.88,1212.67,1.78,2.52,238.9
2015-06-25 00:20:00,15121200.0,996.51,11.68,285.13,9.32,85.4,13.75,11.74,2.01,7.36,11.78,1213.3,1.44,1.96,223.0
2015-06-25 00:30:00,15121800.0,996.48,11.47,284.92,9.28,86.4,13.56,11.72,1.84,7.35,11.76,1214.18,2.41,3.08,234.0
2015-06-25 00:40:00,15122400.0,996.42,11.38,284.83,9.16,86.2,13.48,11.62,1.86,7.29,11.66,1214.53,1.5,2.28,210.3
2015-06-25 00:50:00,15123000.0,996.47,10.97,284.42,9.03,87.8,13.12,11.52,1.6,7.22,11.56,1216.39,1.67,2.44,227.3
2015-06-25 01:00:00,15123600.0,996.52,10.7,284.14,8.95,88.9,12.88,11.45,1.43,7.18,11.49,1217.65,1.95,2.48,216.4
2015-06-25 01:10:00,15124200.0,996.61,10.51,283.95,8.94,90.0,12.72,11.45,1.27,7.18,11.49,1218.57,1.7,2.48,221.4
2015-06-25 01:20:00,15124800.0,996.6,10.32,283.76,8.93,91.1,12.56,11.44,1.12,7.17,11.48,1219.38,1.11,1.82,216.8
2015-06-25 01:30:00,15125400.0,996.61,10.23,283.67,8.96,91.8,12.48,11.46,1.02,7.18,11.5,1219.77,0.95,1.24,213.5
2015-06-25 01:40:00,15126000.0,996.58,10.03,283.47,8.65,91.1,12.32,11.22,1.1,7.03,11.26,1220.7,0.58,1.18,197.1
2015-06-25 01:50:00,15126600.0,996.49,9.63,283.07,8.25,91.1,11.99,10.92,1.07,6.85,10.96,1222.45,0.51,1.44,189.1
2015-06-25 02:00:00,15127200.0,996.5,9.74,283.18,8.54,92.2,12.08,11.14,0.94,6.98,11.18,1221.89,1.61,2.46,228.0
2015-06-25 02:10:00,15127800.0,996.62,10.06,283.49,8.63,90.8,12.34,11.21,1.14,7.02,11.25,1220.63,1.14,1.6,229.5
2015-06-25 02:20:00,15128400.0,996.71,10.03,283.46,8.65,91.1,12.32,11.22,1.1,7.03,11.26,1220.86,0.84,1.32,219.1
2015-06-25 02:30:00,15129000.0,996.72,9.93,283.36,8.69,92.0,12.24,11.26,0.98,7.06,11.29,1221.29,0.66,1.04,212.5
2015-06-25 02:40:00,15129600.0,996.67,9.75,283.18,8.47,91.7,12.09,11.09,1.0,6.95,11.12,1222.08,1.34,1.64,228.9
2015-06-25 02:50:00,15130200.0,996.61,9.64,283.07,8.34,91.6,12.0,10.99,1.01,6.89,11.03,1222.53,0.97,1.64,205.0
2015-06-25 03:00:00,15130800.0,996.62,9.49,282.92,8.23,91.8,11.88,10.91,0.97,6.83,10.94,1223.24,0.96,1.76,210.1
2015-06-25 03:10:00,15131400.0,996.61,9.34,282.77,8.08,91.8,11.76,10.8,0.96,6.77,10.83,1223.93,1.28,1.76,214.3
2015-06-25 03:20:00,15132000.0,996.61,8.95,282.38,7.77,92.3,11.45,10.57,0.88,6.62,10.61,1225.71,1.45,1.96,208.5
2015-06-25 03:30:00,15132600.0,996.61,8.92,282.35,7.92,93.4,11.43,10.68,0.75,6.69,10.71,1225.8,0.93,1.66,192.0
2015-06-25 03:40:00,15133200.0,996.61,8.76,282.19,7.87,94.1,11.31,10.64,0.67,6.67,10.68,1226.51,0.45,0.96,139.0
2015-06-25 03:50:00,15133800.0,996.62,8.54,281.97,7.69,94.4,11.14,10.52,0.62,6.59,10.55,1227.54,0.69,1.2,176.0
2015-06-25 04:00:00,15134400.0,996.69,8.4,281.83,7.59,94.6,11.03,10.44,0.6,6.54,10.47,1228.27,0.42,0.8,188.6
2015-06-25 04:10:00,15135000.0,996.77,8.2,281.62,7.34,94.3,10.89,10.27,0.62,6.43,10.3,1229.33,0.59,1.24,167.2
2015-06-25 04:20:00,15135600.0,996.85,8.08,281.49,7.27,94.6,10.8,10.21,0.58,6.4,10.25,1229.98,0.75,1.12,137.5
2015-06-25 04:30:00,15136200.0,996.85,8.02,281.43,7.27,95.0,10.75,10.22,0.54,6.4,10.25,1230.23,0.58,1.34,151.0
2015-06-25 04:40:00,15136800.0,996.86,8.17,281.58,7.45,95.2,10.86,10.34,0.52,6.48,10.37,1229.53,0.59,1.2,177.9
2015-06-25 04:50:00,15137400.0,996.9,8.34,281.75,7.62,95.2,10.99,10.46,0.53,6.55,10.49,1228.79,0.97,1.48,180.1
2015-06-25 05:00:00,15138000.0,996.95,8.34,281.75,7.62,95.2,10.99,10.46,0.53,6.55,10.49,1228.85,0.54,0.92,214.6
2015-06-25 05:10:00,15138600.0,996.87,8.6,282.01,7.89,95.3,11.19,10.66,0.53,6.68,10.69,1227.52,0.88,1.42,210.1
2015-06-25 05:20:00,15139200.0,996.96,9.11,282.52,8.26,94.4,11.58,10.93,0.65,6.85,10.96,1225.29,0.68,1.4,189.3
2015-06-25 05:30:00,15139800.0,996.89,9.22,282.63,8.07,92.5,11.67,10.79,0.87,6.76,10.82,1224.79,0.98,1.64,180.3
2015-06-25 05:40:00,15140400.0,996.86,9.35,282.76,8.06,91.6,11.77,10.78,0.99,6.75,10.81,1224.2,0.64,1.36,193.9
2015-06-25 05:50:00,15141000.0,996.9,9.59,283.0,8.12,90.5,11.96,10.82,1.14,6.78,10.86,1223.19,0.55,1.4,208.9
2015-06-25 06:00:00,15141600.0,996.93,9.86,283.27,8.12,88.9,12.18,10.83,1.35,6.78,10.86,1222.05,0.9,1.94,178.2
2015-06-25 06:10:00,15142200.0,996.98,9.72,283.13,8.06,89.4,12.06,10.79,1.28,6.76,10.82,1222.73,1.02,1.6,154.6
2015-06-25 06:20:00,15142800.0,997.01,9.69,283.09,8.07,89.6,12.04,10.79,1.25,6.76,10.82,1222.91,0.8,1.4,186.9
2015-06-25 06:30:00,15143400.0,996.98,9.87,283.27,8.23,89.5,12.19,10.91,1.28,6.83,10.94,1222.04,0.65,1.5,217.7
2015-06-25 06:40:00,15144000.0,996.98,10.73,284.14,8.63,86.8,12.91,11.21,1.7,7.02,11.24,1218.2,0.58,1.22,153.2
2015-06-25 06:50:00,15144600.0,996.98,11.5,284.91,8.84,83.7,13.59,11.37,2.21,7.13,11.41,1214.81,0.74,1.36,177.7
2015-06-25 07:00:00,15145200.0,996.98,12.11,285.52,8.99,81.2,14.15,11.49,2.66,7.2,11.52,1212.17,1.11,1.92,152.5
2015-06-25 07:10:00,15145800.0,996.98,12.51,285.92,9.16,80.0,14.52,11.62,2.9,7.28,11.65,1210.41,1.16,2.08,162.5
2015-06-25 07:20:00,15146400.0,996.98,12.63,286.04,9.22,79.7,14.64,11.67,2.97,7.31,11.7,1209.88,1.72,2.48,152.1
2015-06-25 07:30:00,15147000.0,996.96,13.01,286.42,9.48,79.1,15.01,11.87,3.14,7.44,11.91,1208.16,1.69,2.34,152.4
2015-06-25 07:40:00,15147600.0,996.94,13.47,286.88,9.72,78.0,15.47,12.06,3.4,7.56,12.1,1206.11,1.3,2.36,165.7
2015-06-25 07:50:00,15148200.0,996.86,14.07,287.49,10.03,76.6,16.08,12.32,3.76,7.72,12.36,1203.37,1.4,2.62,157.9
2015-06-25 08:00:00,15148800.0,996.83,14.48,287.9,10.11,75.0,16.51,12.39,4.13,7.77,12.43,1201.59,1.29,2.12,183.4
2015-06-25 08:10:00,15149400.0,996.78,14.91,288.34,10.35,74.1,16.98,12.58,4.4,7.89,12.62,1199.65,1.58,2.64,144.0
2015-06-25 08:20:00,15150000.0,996.8,15.35,288.77,10.5,72.8,17.47,12.72,4.75,7.97,12.76,1197.77,1.5,2.34,165.2
2015-06-25 08:30:00,15150600.0,996.73,15.86,289.29,10.68,71.3,18.05,12.87,5.18,8.07,12.91,1195.51,1.76,2.84,154.8
2015-06-25 08:40:00,15151200.0,996.75,16.48,289.91,10.92,69.63,18.78,13.07,5.7,8.2,13.12,1192.89,1.43,2.56,159.0
2015-06-25 08:50:00,15151800.0,996.77,16.6,290.03,10.86,68.83,18.92,13.02,5.9,8.17,13.06,1192.44,1.96,2.76,124.9
2015-06-25 09:00:00,15152400.0,996.75,16.88,290.31,10.89,67.73,19.26,13.04,6.22,8.18,13.09,1191.25,1.52,2.44,136.6
2015-06-25 09:10:00,15153000.0,996.75,17.08,290.51,10.67,65.9,19.51,12.85,6.65,8.06,12.9,1190.51,1.4,2.4,97.2
2015-06-25 09:20:00,15153600.0,996.72,17.62,291.05,10.8,64.28,20.18,12.97,7.21,8.14,13.02,1188.22,1.26,2.64,125.1
2015-06-25 09:30:00,15154200.0,996.63,18.12,291.56,10.82,62.34,20.83,12.98,7.84,8.14,13.03,1186.07,1.58,2.96,134.2
2015-06-25 09:40:00,15154800.0,996.66,18.47,291.91,10.5,59.69,21.29,12.71,8.58,7.97,12.75,1184.8,1.1,1.84,202.4
2015-06-25 09:50:00,15155400.0,996.7,18.88,292.32,10.58,58.5,21.84,12.78,9.07,8.01,12.82,1183.15,1.43,2.66,111.1
2015-06-25 10:00:00,15156000.0,996.64,18.35,291.79,10.0,58.19,21.13,12.3,8.84,7.71,12.34,1185.46,1.68,2.84,86.3
2015-06-25 10:10:00,15156600.0,996.63,18.45,291.89,8.92,53.75,21.26,11.43,9.83,7.16,11.47,1185.43,1.83,2.8,81.1
2015-06-25 10:20:00,15157200.0,996.66,18.78,292.22,9.3,54.04,21.71,11.73,9.98,7.35,11.77,1183.98,1.42,2.6,68.41
2015-06-25 10:30:00,15157800.0,996.69,19.21,292.65,9.55,53.48,22.3,11.93,10.37,7.48,11.96,1182.19,1.02,1.88,45.76
2015-06-25 10:40:00,15158400.0,996.7,19.42,292.86,9.56,52.84,22.59,11.94,10.65,7.48,11.98,1181.35,0.7,1.46,56.64
2015-06-25 10:50:00,15159000.0,996.72,19.48,292.91,9.45,52.24,22.68,11.85,10.83,7.43,11.89,1181.17,1.53,2.92,356.6
2015-06-25 11:00:00,15159600.0,996.72,19.33,292.77,9.26,52.08,22.47,11.7,10.77,7.33,11.74,1181.84,1.01,2.52,131.7
2015-06-25 11:10:00,15160200.0,996.68,20.23,293.67,9.46,49.91,23.76,11.86,11.9,7.43,11.9,1178.1,0.87,2.34,117.0
2015-06-25 11:20:00,15160800.0,996.61,20.31,293.76,9.7,50.48,23.87,12.05,11.82,7.56,12.09,1177.61,1.07,2.26,95.5
2015-06-25 11:30:00,15161400.0,996.6,20.37,293.82,9.78,50.55,23.96,12.11,11.85,7.59,12.15,1177.33,1.19,2.8,178.5
2015-06-25 11:40:00,15162000.0,996.6,20.37,293.82,9.7,50.27,23.96,12.05,11.92,7.55,12.09,1177.35,1.33,3.32,143.3
2015-06-25 11:50:00,15162600.0,996.59,20.75,294.2,9.78,49.39,24.53,12.12,12.41,7.6,12.16,1175.8,1.78,2.72,121.6
2015-06-25 12:00:00,15163200.0,996.5,20.48,293.93,9.8,50.29,24.13,12.13,11.99,7.61,12.18,1176.76,1.72,2.94,22.19
2015-06-25 12:10:00,15163800.0,996.45,20.81,294.27,9.51,48.3,24.62,11.89,12.73,7.46,11.93,1175.49,1.65,4.04,153.7
2015-06-25 12:20:00,15164400.0,996.45,20.45,293.91,9.35,48.88,24.08,11.77,12.31,7.38,11.81,1176.98,1.2,2.2,83.4
2015-06-25 12:30:00,15165000.0,996.39,20.33,293.79,9.49,49.71,23.9,11.88,12.02,7.45,11.93,1177.34,1.62,2.66,153.6
2015-06-25 12:40:00,15165600.0,996.32,20.21,293.68,9.46,49.97,23.73,11.86,11.87,7.44,11.9,1177.75,1.16,1.8,188.8
2015-06-25 12:50:00,15166200.0,996.24,20.39,293.87,9.58,49.81,23.99,11.95,12.04,7.5,12.0,1176.9,0.96,2.64,128.6
2015-06-25 13:00:00,15166800.0,996.15,20.35,293.83,9.4,49.33,23.93,11.81,12.13,7.4,11.85,1177.01,1.67,2.88,96.5
2015-06-25 13:10:00,15167400.0,996.11,20.29,293.78,9.35,49.35,23.84,11.77,12.08,7.38,11.81,1177.22,1.46,2.72,56.41
2015-06-25 13:20:00,15168000.0,996.04,20.81,294.3,9.59,48.59,24.62,11.96,12.66,7.5,12.01,1174.97,2.13,3.92,39.35
2015-06-25 13:30:00,15168600.0,995.98,21.12,294.62,9.59,47.65,25.09,11.96,13.14,7.5,12.01,1173.67,1.95,4.48,18.74
2015-06-25 13:40:00,15169200.0,995.93,20.86,294.36,9.55,48.31,24.7,11.93,12.77,7.49,11.98,1174.66,1.08,2.84,357.1
2015-06-25 13:50:00,15169800.0,995.94,20.84,294.34,9.38,47.82,24.67,11.8,12.87,7.4,11.84,1174.81,1.54,2.88,353.2
2015-06-25 14:00:00,15170400.0,995.87,21.2,294.71,9.43,46.91,25.22,11.83,13.39,7.42,11.88,1173.27,2.07,4.56,32.02
2015-06-25 14:10:00,15171000.0,995.74,21.02,294.54,9.13,46.48,24.94,11.59,13.35,7.27,11.64,1173.94,2.36,3.96,57.24
2015-06-25 14:20:00,15171600.0,995.62,20.95,294.48,8.98,46.21,24.83,11.48,13.36,7.2,11.53,1174.13,1.89,3.28,54.13
2015-06-25 14:30:00,15172200.0,995.62,21.06,294.59,8.98,45.92,25.0,11.48,13.52,7.2,11.53,1173.69,1.33,2.44,64.22
2015-06-25 14:40:00,15172800.0,995.64,21.44,294.97,9.2,45.51,25.59,11.65,13.94,7.31,11.7,1172.12,1.69,3.0,69.94
2015-06-25 14:50:00,15173400.0,995.62,21.59,295.12,9.13,44.88,25.83,11.59,14.24,7.27,11.64,1171.52,1.71,2.78,88.7
2015-06-25 15:00:00,15174000.0,995.6,21.63,295.16,9.09,44.66,25.89,11.56,14.33,7.26,11.61,1171.36,1.85,3.06,68.81
2015-06-25 15:10:00,15174600.0,995.52,22.15,295.69,8.84,42.55,26.72,11.37,15.35,7.14,11.42,1169.28,1.47,3.56,91.2
2015-06-25 15:20:00,15175200.0,995.47,21.89,295.43,8.64,42.64,26.3,11.22,15.09,7.04,11.27,1170.33,1.52,3.44,68.31
2015-06-25 15:30:00,15175800.0,995.42,22.4,295.95,8.86,41.96,27.13,11.39,15.75,7.15,11.44,1168.17,1.21,2.84,326.5
2015-06-25 15:40:00,15176400.0,995.34,22.67,296.23,8.51,40.32,27.58,11.12,16.46,6.98,11.17,1167.13,1.65,3.68,354.7
2015-06-25 15:50:00,15177000.0,995.24,23.16,296.72,8.66,39.54,28.41,11.23,17.18,7.05,11.29,1165.04,1.46,3.64,323.1
2015-06-25 16:00:00,15177600.0,995.31,22.94,296.5,8.39,39.34,28.04,11.03,17.01,6.92,11.08,1166.07,1.67,3.54,276.7
2015-06-25 16:10:00,15178200.0,995.17,22.82,296.39,8.22,39.17,27.83,10.9,16.93,6.84,10.96,1166.43,1.77,3.9,181.6
2015-06-25 16:20:00,15178800.0,995.14,22.95,296.52,8.64,39.98,28.05,11.22,16.84,7.04,11.27,1165.75,2.27,4.6,249.7
2015-06-25 16:30:00,15179400.0,995.25,22.9,296.46,8.61,40.03,27.97,11.2,16.77,7.03,11.25,1166.09,1.85,4.24,301.4
2015-06-25 16:40:00,15180000.0,995.25,22.73,296.29,8.34,39.7,27.68,10.99,16.69,6.9,11.04,1166.85,2.11,3.42,325.7
2015-06-25 16:50:00,15180600.0,995.24,22.66,296.22,8.45,40.18,27.57,11.08,16.49,6.95,11.13,1167.08,1.81,3.08,310.9
2015-06-25 17:00:00,15181200.0,995.19,23.19,296.76,8.78,39.78,28.46,11.32,17.14,7.11,11.38,1164.82,0.92,2.12,254.9
2015-06-25 17:10:00,15181800.0,995.19,22.91,296.48,8.56,39.87,27.99,11.16,16.83,7.0,11.21,1165.99,1.94,3.44,12.73
2015-06-25 17:20:00,15182400.0,995.16,21.9,295.47,8.47,42.13,26.32,11.09,15.23,6.96,11.14,1169.98,1.12,2.12,0.11
2015-06-25 17:30:00,15183000.0,995.13,22.32,295.89,8.96,42.45,27.0,11.46,15.54,7.2,11.52,1168.11,0.71,1.78,25.11
2015-06-25 17:40:00,15183600.0,995.08,22.6,296.18,8.58,40.66,27.47,11.17,16.3,7.01,11.22,1167.08,1.25,1.92,20.68
2015-06-25 17:50:00,15184200.0,995.03,22.09,295.67,8.57,41.91,26.63,11.16,15.47,7.01,11.22,1169.04,1.0,1.36,23.65
2015-06-25 18:00:00,15184800.0,994.96,22.76,296.35,8.67,40.53,27.73,11.24,16.49,7.06,11.3,1166.28,0.57,1.36,5.72
2015-06-25 18:10:00,15185400.0,995.0,22.64,296.22,8.44,40.2,27.53,11.07,16.46,6.95,11.12,1166.87,0.51,0.92,279.0
2015-06-25 18:20:00,15186000.0,995.0,22.93,296.52,8.47,39.56,28.02,11.08,16.94,6.96,11.14,1165.72,0.3,0.76,17.45
2015-06-25 18:30:00,15186600.0,995.0,22.31,295.89,8.65,41.58,26.99,11.22,15.77,7.04,11.28,1168.1,1.15,1.52,341.5
2015-06-25 18:40:00,15187200.0,995.01,21.8,295.38,8.23,41.69,26.16,10.91,15.25,6.85,10.96,1170.28,1.0,1.38,326.0
2015-06-25 18:50:00,15187800.0,995.08,21.6,295.18,8.36,42.58,25.84,11.0,14.84,6.91,11.06,1171.12,1.35,1.58,322.3
2015-06-25 19:00:00,15188400.0,995.11,21.57,295.14,8.38,42.73,25.8,11.02,14.77,6.92,11.08,1171.26,1.21,1.44,336.0
2015-06-25 19:10:00,15189000.0,995.12,21.51,295.08,8.28,42.6,25.7,10.95,14.75,6.87,11.0,1171.54,1.04,1.14,347.6
2015-06-25 19:20:00,15189600.0,995.1,21.42,294.99,8.38,43.11,25.56,11.02,14.54,6.92,11.07,1171.84,1.02,1.12,6.64
2015-06-25 19:30:00,15190200.0,995.1,21.33,294.9,8.32,43.17,25.42,10.97,14.45,6.89,11.03,1172.23,1.07,1.2,355.7
2015-06-25 19:40:00,15190800.0,995.13,21.3,294.87,8.28,43.14,25.37,10.95,14.43,6.87,11.0,1172.39,0.73,0.88,346.3
2015-06-25 19:50:00,15191400.0,995.09,20.75,294.32,8.79,46.19,24.53,11.33,13.2,7.11,11.39,1174.37,0.58,1.16,57.98
2015-06-25 20:00:00,15192000.0,995.11,20.21,293.78,8.78,47.71,23.73,11.32,12.41,7.11,11.38,1176.55,0.27,0.48,0.41
2015-06-25 20:10:00,15192600.0,995.12,19.85,293.42,8.96,49.39,23.2,11.46,11.74,7.19,11.52,1177.95,0.28,0.48,325.7
2015-06-25 20:20:00,15193200.0,995.13,19.49,293.06,8.8,49.98,22.69,11.34,11.35,7.12,11.4,1179.46,0.66,1.0,218.5
2015-06-25 20:30:00,15193800.0,995.15,18.89,292.46,8.99,52.54,21.86,11.48,10.37,7.21,11.54,1181.85,1.61,2.2,234.2
2015-06-25 20:40:00,15194400.0,995.24,18.95,292.51,9.07,52.63,21.94,11.55,10.39,7.25,11.6,1181.68,1.66,1.96,238.3
2015-06-25 20:50:00,15195000.0,995.27,18.86,292.42,9.03,52.79,21.82,11.52,10.3,7.23,11.57,1182.09,1.05,1.64,235.4
2015-06-25 21:00:00,15195600.0,995.31,18.96,292.51,9.04,52.48,21.95,11.52,10.43,7.23,11.58,1181.74,0.82,1.24,234.1
2015-06-25 21:10:00,15196200.0,995.47,18.57,292.11,9.33,54.84,21.42,11.75,9.68,7.37,11.8,1183.4,0.74,1.24,53.53
2015-06-25 21:20:00,15196800.0,995.51,17.75,291.28,9.73,59.31,20.35,12.07,8.28,7.58,12.12,1186.64,0.78,1.24,116.3
2015-06-25 21:30:00,15197400.0,995.53,17.37,290.9,9.75,60.86,19.87,12.09,7.78,7.59,12.15,1188.22,0.18,0.44,66.07
2015-06-25 21:40:00,15198000.0,995.53,17.42,290.95,9.78,60.79,19.93,12.12,7.81,7.6,12.17,1187.99,0.15,0.44,23.83
2015-06-25 21:50:00,15198600.0,995.53,17.39,290.92,9.64,60.32,19.89,12.0,7.89,7.53,12.05,1188.17,0.13,0.28,340.8
2015-06-25 22:00:00,15199200.0,995.59,17.22,290.75,9.57,60.68,19.68,11.94,7.74,7.49,11.99,1188.97,1.09,2.08,218.8
2015-06-25 22:10:00,15199800.0,995.57,17.19,290.72,9.64,61.09,19.64,12.0,7.64,7.53,12.05,1189.03,1.92,2.68,232.5
2015-06-25 22:20:00,15200400.0,995.57,17.21,290.74,9.73,61.39,19.67,12.07,7.59,7.58,12.13,1188.92,1.66,2.2,229.3
2015-06-25 22:30:00,15201000.0,995.55,16.83,290.36,9.75,62.97,19.2,12.09,7.11,7.59,12.14,1190.45,1.47,2.16,239.3
2015-06-25 22:40:00,15201600.0,995.51,16.7,290.23,9.8,63.69,19.04,12.13,6.91,7.61,12.18,1190.91,1.63,2.52,224.3
2015-06-25 22:50:00,15202200.0,995.5,16.46,289.99,9.81,64.73,18.75,12.14,6.61,7.62,12.19,1191.89,2.15,2.64,234.8
2015-06-25 23:00:00,15202800.0,995.56,16.41,289.94,10.05,65.99,18.69,12.34,6.36,7.74,12.39,1192.07,1.15,1.7,221.0
2015-06-25 23:10:00,15203400.0,995.56,16.27,289.8,9.82,65.54,18.53,12.14,6.38,7.62,12.2,1192.74,1.1,1.46,221.4
2015-06-25 23:20:00,15204000.0,995.6,15.95,289.48,9.73,66.51,18.15,12.07,6.08,7.58,12.13,1194.13,1.28,1.88,225.3
2015-06-25 23:30:00,15204600.0,995.59,15.69,289.22,9.69,67.46,17.85,12.04,5.81,7.56,12.1,1195.22,1.76,2.24,217.0
2015-06-25 23:40:00,15205200.0,995.6,15.2,288.72,9.86,70.4,17.3,12.18,5.12,7.64,12.23,1197.19,2.01,2.68,220.6
2015-06-25 23:50:00,15205800.0,995.57,15.04,288.57,10.33,73.4,17.12,12.57,4.55,7.89,12.62,1197.65,1.36,2.08,219.2
2015-06-26 00:00:00,15206400.0,995.53,15.14,288.67,9.76,70.2,17.23,12.1,5.14,7.59,12.15,1197.4,1.54,2.08,218.1
2015-06-26 00:10:00,15207000.0,995.49,15.16,288.69,10.01,71.3,17.26,12.3,4.95,7.72,12.36,1197.18,0.96,1.88,212.2
2015-06-26 00:20:00,15207600.0,995.39,14.97,288.51,10.28,73.5,17.05,12.53,4.52,7.87,12.59,1197.74,1.3,1.84,206.3
2015-06-26 00:30:00,15208200.0,995.37,14.79,288.33,10.35,74.7,16.85,12.59,4.26,7.9,12.64,1198.44,1.26,1.8,203.7
2015-06-26 00:40:00,15208800.0,995.29,14.72,288.27,10.46,75.6,16.77,12.68,4.09,7.96,12.74,1198.59,0.47,1.28,168.9
2015-06-26 00:50:00,15209400.0,995.27,14.69,288.24,10.25,74.7,16.74,12.5,4.24,7.85,12.56,1198.77,0.33,0.82,188.5
2015-06-26 01:00:00,15210000.0,995.26,14.52,288.07,10.05,74.5,16.56,12.34,4.22,7.75,12.39,1199.54,1.03,1.92,190.6
2015-06-26 01:10:00,15210600.0,995.25,14.44,287.99,9.97,74.5,16.47,12.27,4.2,7.71,12.33,1199.89,0.93,1.6,182.5
2015-06-26 01:20:00,15211200.0,995.16,13.92,287.48,9.85,76.4,15.93,12.17,3.76,7.64,12.23,1202.01,0.94,1.44,180.5
2015-06-26 01:30:00,15211800.0,995.12,13.79,287.35,10.1,78.4,15.79,12.38,3.41,7.78,12.44,1202.4,1.16,1.52,190.9
2015-06-26 01:40:00,15212400.0,995.08,13.64,287.21,10.26,80.0,15.64,12.51,3.13,7.86,12.57,1202.92,0.92,1.32,206.0
2015-06-26 01:50:00,15213000.0,995.02,13.46,287.03,10.27,81.0,15.46,12.52,2.94,7.86,12.58,1203.61,0.74,1.2,190.0
2015-06-26 02:00:00,15213600.0,995.01,13.38,286.95,10.21,81.1,15.38,12.47,2.91,7.83,12.53,1203.96,0.59,1.4,170.4
2015-06-26 02:10:00,15214200.0,995.01,13.15,286.72,9.95,80.9,15.15,12.25,2.89,7.7,12.31,1205.02,0.82,1.32,143.7
2015-06-26 02:20:00,15214800.0,994.93,12.88,286.46,9.8,81.5,14.88,12.13,2.75,7.62,12.19,1206.12,0.85,1.4,156.9
2015-06-26 02:30:00,15215400.0,994.89,12.73,286.31,9.96,83.2,14.74,12.26,2.48,7.7,12.32,1206.64,1.2,1.86,159.6
2015-06-26 02:40:00,15216000.0,994.8,12.64,286.23,10.03,84.1,14.65,12.32,2.33,7.74,12.38,1206.88,1.21,2.0,169.7
2015-06-26 02:50:00,15216600.0,994.77,12.44,286.03,10.01,85.1,14.46,12.3,2.15,7.73,12.37,1207.69,1.28,2.12,178.4
2015-06-26 03:00:00,15217200.0,994.75,12.23,285.82,9.94,85.9,14.26,12.25,2.01,7.69,12.31,1208.59,1.15,1.76,182.0
2015-06-26 03:10:00,15217800.0,994.67,12.06,285.66,9.93,86.8,14.1,12.24,1.86,7.69,12.3,1209.22,1.49,2.26,187.6
2015-06-26 03:20:00,15218400.0,994.56,12.04,285.65,9.95,87.0,14.08,12.25,1.83,7.7,12.32,1209.16,0.91,1.64,194.7
2015-06-26 03:30:00,15219000.0,994.52,12.01,285.62,9.85,86.6,14.05,12.17,1.88,7.65,12.24,1209.27,0.95,1.72,184.4
2015-06-26 03:40:00,15219600.0,994.47,11.88,285.49,9.79,87.0,13.93,12.12,1.81,7.62,12.19,1209.79,0.77,1.48,172.6
2015-06-26 03:50:00,15220200.0,994.48,11.77,285.38,9.73,87.3,13.83,12.08,1.76,7.59,12.14,1210.29,0.63,1.08,203.8
2015-06-26 04:00:00,15220800.0,994.53,11.71,285.32,9.78,87.9,13.78,12.11,1.67,7.61,12.18,1210.59,0.43,0.78,217.2
2015-06-26 04:10:00,15221400.0,994.52,11.71,285.32,9.78,87.9,13.78,12.11,1.67,7.61,12.18,1210.58,0.81,1.4,164.2
2015-06-26 04:20:00,15222000.0,994.52,11.74,285.35,9.7,87.3,13.8,12.05,1.75,7.57,12.12,1210.47,0.92,2.0,175.6
2015-06-26 04:30:00,15222600.0,994.52,11.75,285.36,9.65,86.9,13.81,12.0,1.81,7.54,12.07,1210.46,1.13,1.8,159.3
2015-06-26 04:40:00,15223200.0,994.52,11.67,285.28,9.7,87.7,13.74,12.05,1.69,7.57,12.12,1210.77,0.98,1.64,178.9
2015-06-26 04:50:00,15223800.0,994.52,11.65,285.26,9.72,87.9,13.72,12.06,1.66,7.58,12.13,1210.85,1.05,1.64,182.1
2015-06-26 05:00:00,15224400.0,994.51,11.62,285.23,9.7,88.0,13.7,12.05,1.64,7.57,12.12,1210.98,0.98,1.76,142.1
2015-06-26 05:10:00,15225000.0,994.51,11.57,285.18,9.79,88.8,13.65,12.12,1.53,7.62,12.19,1211.16,0.74,1.54,140.8
2015-06-26 05:20:00,15225600.0,994.48,11.55,285.16,9.72,88.5,13.63,12.06,1.57,7.58,12.13,1211.23,1.38,2.36,140.0
2015-06-26 05:30:00,15226200.0,994.43,11.52,285.14,9.77,89.0,13.61,12.11,1.5,7.61,12.18,1211.27,1.08,1.64,138.0
2015-06-26 05:40:00,15226800.0,994.41,11.68,285.3,9.91,88.9,13.75,12.22,1.53,7.68,12.29,1210.51,0.43,1.32,107.9
2015-06-26 05:50:00,15227400.0,994.4,11.91,285.53,9.9,87.5,13.96,12.22,1.75,7.68,12.28,1209.53,0.47,0.84,136.8
2015-06-26 06:00:00,15228000.0,994.4,11.96,285.58,9.95,87.5,14.01,12.26,1.75,7.7,12.33,1209.3,0.84,1.28,166.7
2015-06-26 06:10:00,15228600.0,994.4,12.04,285.66,10.03,87.5,14.08,12.32,1.76,7.74,12.39,1208.93,0.75,1.24,198.9
2015-06-26 06:20:00,15229200.0,994.4,12.13,285.75,10.14,87.6,14.16,12.41,1.76,7.8,12.48,1208.51,0.61,1.04,219.2
2015-06-26 06:30:00,15229800.0,994.5,12.27,285.88,10.16,86.9,14.3,12.42,1.87,7.81,12.49,1208.03,0.58,1.0,215.4
2015-06-26 06:40:00,15230400.0,994.52,12.59,286.2,10.19,85.3,14.6,12.45,2.15,7.83,12.52,1206.68,1.13,2.32,146.7
2015-06-26 06:50:00,15231000.0,994.51,12.83,286.44,10.34,84.8,14.83,12.58,2.25,7.9,12.65,1205.61,0.61,1.48,183.3
2015-06-26 07:00:00,15231600.0,994.55,13.09,286.7,10.31,83.2,15.09,12.55,2.53,7.89,12.62,1204.57,1.43,2.48,147.0
2015-06-26 07:10:00,15232200.0,994.53,13.7,287.31,10.67,81.9,15.7,12.86,2.84,8.08,12.93,1201.85,0.47,1.08,160.7
2015-06-26 07:20:00,15232800.0,994.51,14.28,287.89,10.68,78.9,16.3,12.86,3.44,8.08,12.93,1199.39,1.33,2.08,178.7
2015-06-26 07:30:00,15233400.0,994.5,15.0,288.62,10.85,76.2,17.08,13.01,4.06,8.18,13.09,1196.31,1.35,2.08,146.1
2015-06-26 07:40:00,15234000.0,994.48,15.51,289.13,10.96,74.3,17.65,13.11,4.54,8.24,13.18,1194.14,1.33,2.28,157.0
2015-06-26 07:50:00,15234600.0,994.37,15.67,289.3,10.89,73.2,17.83,13.05,4.78,8.2,13.13,1193.36,1.6,2.38,162.9
2015-06-26 08:00:00,15235200.0,994.32,15.68,289.31,10.82,72.8,17.84,12.99,4.85,8.17,13.06,1193.29,1.55,2.56,160.1
2015-06-26 08:10:00,15235800.0,994.3,15.96,289.59,11.07,72.7,18.16,13.2,4.96,8.3,13.28,1192.02,1.07,1.92,142.6
2015-06-26 08:20:00,15236400.0,994.24,16.38,290.02,11.2,71.4,18.66,13.32,5.34,8.38,13.4,1190.16,1.26,2.16,155.7
2015-06-26 08:30:00,15237000.0,994.17,16.94,290.59,11.37,69.69,19.33,13.47,5.86,8.47,13.55,1187.72,1.02,1.98,167.3
2015-06-26 08:40:00,15237600.0,994.2,17.25,290.89,11.53,69.03,19.72,13.61,6.11,8.56,13.69,1186.42,1.05,2.1,145.2
2015-06-26 08:50:00,15238200.0,994.16,17.8,291.45,11.83,68.01,20.41,13.88,6.53,8.73,13.96,1184.0,0.82,1.6,168.0
2015-06-26 09:00:00,15238800.0,994.07,18.63,292.29,12.23,66.29,21.51,14.26,7.25,8.97,14.34,1180.36,0.77,1.66,163.3
2015-06-26 09:10:00,15239400.0,993.98,18.87,292.53,12.22,65.25,21.83,14.24,7.59,8.96,14.33,1179.29,1.12,2.12,165.4
2015-06-26 09:20:00,15240000.0,993.89,19.2,292.87,12.4,64.71,22.28,14.42,7.86,9.07,14.51,1177.77,1.2,1.84,148.0
2015-06-26 09:30:00,15240600.0,993.78,19.85,293.53,12.62,63.06,23.2,14.63,8.57,9.21,14.72,1174.93,1.23,1.92,147.4
2015-06-26 09:40:00,15241200.0,993.73,20.13,293.82,12.7,62.28,23.61,14.7,8.91,9.26,14.8,1173.72,1.19,2.08,133.3
2015-06-26 09:50:00,15241800.0,993.66,20.43,294.12,12.61,60.78,24.05,14.62,9.43,9.2,14.71,1172.47,2.07,3.24,140.4
2015-06-26 10:00:00,15242400.0,993.64,20.76,294.46,12.66,59.76,24.54,14.67,9.88,9.23,14.76,1171.12,1.47,2.04,137.9
2015-06-26 10:10:00,15243000.0,993.53,21.53,295.24,12.52,56.48,25.73,14.53,11.2,9.15,14.63,1167.98,1.93,4.62,169.0
2015-06-26 10:20:00,15243600.0,993.47,22.35,296.06,11.64,50.71,27.05,13.72,13.33,8.63,13.81,1165.03,1.82,4.44,248.1
2015-06-26 10:30:00,15244200.0,993.39,23.01,296.73,11.87,49.45,28.16,13.92,14.23,8.76,14.02,1162.25,2.28,3.9,215.7
2015-06-26 10:40:00,15244800.0,993.3,23.08,296.81,11.91,49.37,28.28,13.96,14.32,8.79,14.05,1161.86,1.94,3.68,278.2
2015-06-26 10:50:00,15245400.0,993.28,22.99,296.72,11.74,49.1,28.12,13.81,14.31,8.69,13.9,1162.26,2.45,4.28,252.5
2015-06-26 11:00:00,15246000.0,993.36,22.67,296.39,11.42,48.99,27.58,13.51,14.07,8.5,13.6,1163.73,2.52,4.62,270.2
2015-06-26 11:10:00,15246600.0,993.3,22.61,296.34,11.52,49.52,27.48,13.61,13.87,8.57,13.7,1163.86,1.74,4.68,289.3
2015-06-26 11:20:00,15247200.0,993.16,22.77,296.51,11.77,49.85,27.75,13.83,13.92,8.71,13.93,1162.96,1.65,3.36,278.0
2015-06-26 11:30:00,15247800.0,993.14,23.02,296.76,12.13,50.27,28.17,14.16,14.01,8.92,14.26,1161.81,1.93,3.92,309.4
2015-06-26 11:40:00,15248400.0,993.1,23.14,296.89,12.17,50.05,28.38,14.2,14.17,8.94,14.3,1161.27,2.14,4.76,263.7
2015-06-26 11:50:00,15249000.0,993.09,22.96,296.71,11.8,49.36,28.07,13.86,14.22,8.72,13.95,1162.13,2.26,4.24,337.1
2015-06-26 12:00:00,15249600.0,993.07,22.89,296.64,11.95,50.09,27.95,14.0,13.95,8.82,14.1,1162.31,2.8,4.92,305.3
2015-06-26 12:10:00,15250200.0,992.98,23.19,296.95,12.33,50.42,28.46,14.35,14.11,9.04,14.45,1160.87,2.23,4.68,254.1
2015-06-26 12:20:00,15250800.0,992.92,23.48,297.24,12.49,50.09,28.97,14.51,14.46,9.14,14.61,1159.6,2.06,4.86,299.9
2015-06-26 12:30:00,15251400.0,992.83,23.66,297.43,12.5,49.57,29.28,14.52,14.77,9.14,14.62,1158.79,2.34,4.8,277.4
2015-06-26 12:40:00,15252000.0,992.81,23.72,297.49,12.34,48.88,29.39,14.36,15.02,9.05,14.47,1158.6,1.95,4.34,264.1
2015-06-26 12:50:00,15252600.0,992.77,23.67,297.45,12.46,49.4,29.3,14.47,14.83,9.12,14.58,1158.7,2.13,4.56,277.1
2015-06-26 13:00:00,15253200.0,992.68,24.19,297.98,12.62,48.38,30.23,14.62,15.6,9.21,14.73,1156.5,2.38,4.84,250.0
2015-06-26 13:10:00,15253800.0,992.64,24.08,297.87,12.28,47.65,30.03,14.31,15.72,9.02,14.42,1157.02,2.04,5.96,270.6
2015-06-26 13:20:00,15254400.0,992.61,24.39,298.18,12.17,46.43,30.59,14.2,16.39,8.95,14.31,1155.82,1.91,3.66,265.5
2015-06-26 13:30:00,15255000.0,992.68,24.14,297.93,11.04,43.73,30.14,13.18,16.96,8.3,13.28,1157.33,3.33,6.28,285.1
2015-06-26 13:40:00,15255600.0,992.69,23.86,297.64,11.11,44.66,29.64,13.24,16.4,8.34,13.33,1158.41,2.43,5.24,286.1
2015-06-26 13:50:00,15256200.0,992.77,23.59,297.37,10.84,44.61,29.16,13.01,16.15,8.19,13.1,1159.66,3.45,5.72,271.6
2015-06-26 14:00:00,15256800.0,992.8,23.06,296.83,10.99,46.51,28.24,13.14,15.11,8.27,13.23,1161.71,2.75,4.84,260.8
2015-06-26 14:10:00,15257400.0,992.87,22.69,296.46,10.76,46.83,27.62,12.93,14.68,8.14,13.03,1163.34,3.17,6.28,271.8
2015-06-26 14:20:00,15258000.0,992.98,21.95,295.71,11.05,49.94,26.4,13.18,13.22,8.3,13.28,1166.27,2.49,4.64,258.8
2015-06-26 14:30:00,15258600.0,992.94,21.54,295.3,10.21,48.43,25.75,12.47,13.28,7.85,12.56,1168.17,2.84,5.28,260.9
2015-06-26 14:40:00,15259200.0,992.83,22.14,295.91,9.5,44.5,26.71,11.89,14.82,7.48,11.97,1165.92,2.12,4.44,260.4
2015-06-26 14:50:00,15259800.0,992.73,22.83,296.61,9.28,42.06,27.85,11.71,16.14,7.37,11.8,1163.17,2.26,4.56,259.1
2015-06-26 15:00:00,15260400.0,992.71,22.82,296.6,9.02,41.35,27.83,11.51,16.32,7.24,11.59,1163.27,1.88,3.4,259.8
2015-06-26 15:10:00,15261000.0,992.72,22.96,296.74,10.43,45.06,28.07,12.65,15.42,7.96,12.74,1162.23,1.4,2.76,277.4
2015-06-26 15:20:00,15261600.0,992.66,22.88,296.66,10.88,46.66,27.94,13.03,14.9,8.21,13.13,1162.3,1.89,3.16,240.7
2015-06-26 15:30:00,15262200.0,992.64,22.89,296.68,10.46,45.37,27.95,12.68,15.27,7.99,12.78,1162.39,1.71,3.28,265.3
2015-06-26 15:40:00,15262800.0,992.5,23.1,296.9,10.05,43.57,28.31,12.33,15.98,7.77,12.43,1161.56,0.98,2.64,252.6
2015-06-26 15:50:00,15263400.0,992.49,23.26,297.06,9.48,41.54,28.58,11.87,16.71,7.48,11.96,1161.12,1.56,2.92,276.1
2015-06-26 16:00:00,15264000.0,992.37,23.21,297.02,9.61,42.01,28.5,11.97,16.53,7.54,12.06,1161.14,1.07,2.8,287.5
2015-06-26 16:10:00,15264600.0,992.31,23.12,296.93,9.75,42.65,28.34,12.09,16.26,7.61,12.18,1161.37,1.23,2.72,320.0
2015-06-26 16:20:00,15265200.0,992.3,22.75,296.56,9.99,44.33,27.72,12.29,15.43,7.74,12.38,1162.72,0.9,2.88,348.5
2015-06-26 16:30:00,15265800.0,992.31,22.37,296.18,10.68,47.49,27.08,12.86,14.22,8.1,12.96,1163.97,1.02,3.8,357.8
2015-06-26 16:40:00,15266400.0,992.35,21.33,295.14,11.41,53.14,25.42,13.51,11.91,8.51,13.61,1167.84,1.43,3.12,349.9
2015-06-26 16:50:00,15267000.0,992.28,20.72,294.53,12.1,57.73,24.48,14.13,10.35,8.91,14.24,1169.9,0.83,1.72,242.4
2015-06-26 17:00:00,15267600.0,992.22,20.19,294.01,12.66,61.89,23.7,14.67,9.03,9.25,14.78,1171.7,0.63,1.16,272.2
2015-06-26 17:10:00,15268200.0,992.09,20.06,293.89,12.85,63.16,23.51,14.85,8.66,9.36,14.97,1171.99,0.7,1.0,298.7
2015-06-26 17:20:00,15268800.0,991.88,20.32,294.17,12.5,60.74,23.89,14.51,9.38,9.15,14.63,1170.85,0.95,1.28,328.4
2015-06-26 17:30:00,15269400.0,991.74,20.89,294.75,12.76,59.67,24.74,14.76,9.98,9.31,14.89,1168.3,1.0,1.88,347.8
2015-06-26 17:40:00,15270000.0,991.69,21.43,295.29,13.23,59.55,25.58,15.23,10.35,9.61,15.36,1165.89,0.77,1.72,331.2
2015-06-26 17:50:00,15270600.0,991.66,21.82,295.69,12.98,57.17,26.19,14.97,11.22,9.45,15.1,1164.43,0.76,1.88,358.9
2015-06-26 18:00:00,15271200.0,991.57,21.57,295.44,13.7,60.88,25.8,15.7,10.09,9.91,15.84,1164.98,0.8,1.16,227.8
2015-06-26 18:10:00,15271800.0,991.55,21.16,295.04,13.3,60.81,25.16,15.3,9.86,9.65,15.43,1166.76,0.92,1.22,210.8
2015-06-26 18:20:00,15272400.0,991.5,21.08,294.96,12.97,59.79,25.03,14.97,10.07,9.44,15.1,1167.17,0.93,1.36,217.3
2015-06-26 18:30:00,15273000.0,991.48,21.25,295.13,12.74,58.3,25.29,14.75,10.55,9.3,14.87,1166.57,0.57,0.84,222.5
2015-06-26 18:40:00,15273600.0,991.46,21.46,295.34,12.78,57.7,25.62,14.78,10.84,9.33,14.91,1165.7,0.86,1.2,228.2
2015-06-26 18:50:00,15274200.0,991.45,21.26,295.14,12.79,58.46,25.31,14.8,10.51,9.34,14.92,1166.47,0.78,1.02,224.5
2015-06-26 19:00:00,15274800.0,991.42,21.24,295.13,13.07,59.59,25.28,15.06,10.22,9.51,15.19,1166.4,1.06,1.72,203.7
2015-06-26 19:10:00,15275400.0,991.4,20.86,294.75,13.3,61.93,24.7,15.29,9.4,9.65,15.43,1167.78,1.01,1.76,203.7
2015-06-26 19:20:00,15276000.0,991.32,20.72,294.61,12.91,60.88,24.48,14.91,9.58,9.41,15.04,1168.41,1.16,1.8,208.9
2015-06-26 19:30:00,15276600.0,991.25,20.64,294.54,12.56,59.8,24.36,14.57,9.79,9.19,14.7,1168.8,1.27,2.08,209.0
2015-06-26 19:40:00,15277200.0,991.2,20.54,294.44,12.57,60.2,24.21,14.58,9.64,9.2,14.71,1169.14,0.68,1.24,199.6
2015-06-26 19:50:00,15277800.0,991.17,20.41,294.32,12.65,61.04,24.02,14.66,9.36,9.25,14.79,1169.58,0.7,1.32,204.5
2015-06-26 20:00:00,15278400.0,991.08,20.37,294.28,12.58,60.91,23.96,14.6,9.37,9.21,14.73,1169.66,0.81,1.24,215.2
2015-06-26 20:10:00,15279000.0,991.08,20.3,294.21,12.5,60.82,23.86,14.51,9.35,9.16,14.64,1169.98,1.0,1.4,221.5
2015-06-26 20:20:00,15279600.0,991.09,20.25,294.16,12.09,59.4,23.78,14.13,9.66,8.91,14.26,1170.36,1.19,1.64,231.9
2015-06-26 20:30:00,15280200.0,991.16,20.22,294.13,11.91,58.8,23.74,13.96,9.78,8.81,14.08,1170.64,1.61,2.6,220.6
2015-06-26 20:40:00,15280800.0,991.2,20.08,293.98,11.85,59.07,23.54,13.9,9.63,8.77,14.03,1171.27,1.34,1.96,226.4
2015-06-26 20:50:00,15281400.0,991.19,19.95,293.85,11.87,59.65,23.35,13.93,9.42,8.79,14.05,1171.77,0.88,2.28,222.9
2015-06-26 21:00:00,15282000.0,991.19,19.9,293.8,11.98,60.25,23.28,14.02,9.25,8.85,14.15,1171.93,0.92,1.8,301.1
2015-06-26 21:10:00,15282600.0,991.13,19.98,293.89,12.12,60.53,23.39,14.16,9.23,8.93,14.29,1171.47,0.66,1.92,138.0
2015-06-26 21:20:00,15283200.0,991.1,19.77,293.68,12.31,62.07,23.09,14.33,8.76,9.04,14.46,1172.2,0.42,1.08,170.4
2015-06-26 21:30:00,15283800.0,991.07,19.56,293.47,12.09,61.98,22.79,14.12,8.66,8.91,14.25,1173.1,0.85,1.16,215.2
2015-06-26 21:40:00,15284400.0,991.1,19.7,293.61,11.87,60.58,22.99,13.93,9.06,8.79,14.05,1172.66,0.99,2.64,256.9
2015-06-26 21:50:00,15285000.0,991.07,19.89,293.8,11.74,59.35,23.26,13.81,9.46,8.71,13.93,1171.92,1.97,3.52,219.8
2015-06-26 22:00:00,15285600.0,991.01,19.58,293.5,11.91,61.2,22.82,13.96,8.85,8.81,14.09,1173.02,0.79,1.64,201.3
2015-06-26 22:10:00,15286200.0,990.96,19.07,292.99,12.47,65.54,22.1,14.49,7.62,9.14,14.62,1174.77,1.36,2.36,45.8
2015-06-26 22:20:00,15286800.0,991.0,18.83,292.75,12.72,67.64,21.78,14.73,7.05,9.3,14.86,1175.68,0.83,1.42,33.88
2015-06-26 22:30:00,15287400.0,991.06,18.56,292.47,12.85,69.34,21.41,14.85,6.56,9.37,14.98,1176.78,0.66,1.48,157.7
2015-06-26 22:40:00,15288000.0,991.0,18.4,292.31,11.98,66.15,21.2,14.02,7.18,8.85,14.15,1177.73,0.99,1.58,237.7
2015-06-26 22:50:00,15288600.0,990.84,18.31,292.24,11.36,63.87,21.08,13.46,7.62,8.49,13.59,1178.15,1.35,1.8,243.5
2015-06-26 23:00:00,15289200.0,990.69,18.25,292.19,11.51,64.74,21.0,13.59,7.4,8.58,13.72,1178.16,1.05,1.88,231.5
2015-06-26 23:10:00,15289800.0,990.63,18.17,292.12,11.9,66.77,20.89,13.95,6.94,8.81,14.08,1178.25,1.06,1.44,198.9
2015-06-26 23:20:00,15290400.0,990.6,17.85,291.8,12.33,70.1,20.48,14.35,6.12,9.06,14.49,1179.32,0.76,1.44,185.3
2015-06-26 23:30:00,15291000.0,990.63,17.78,291.72,12.5,71.2,20.39,14.52,5.87,9.17,14.65,1179.57,0.27,0.6,45.3
2015-06-26 23:40:00,15291600.0,990.7,17.7,291.64,12.53,71.7,20.29,14.54,5.74,9.18,14.68,1179.97,0.41,0.8,99.5
2015-06-26 23:50:00,15292200.0,990.62,17.45,291.39,12.59,73.1,19.97,14.6,5.37,9.22,14.73,1180.86,0.46,0.72,181.9
2015-06-27 00:00:00,15292800.0,990.61,17.34,291.28,12.54,73.4,19.83,14.55,5.27,9.19,14.69,1181.32,0.54,1.12,147.6
2015-06-27 00:10:00,15293400.0,990.6,17.09,291.04,12.36,73.7,19.52,14.38,5.13,9.08,14.52,1182.4,0.84,1.52,190.8
2015-06-27 00:20:00,15294000.0,990.51,17.11,291.06,12.4,73.8,19.54,14.42,5.12,9.11,14.56,1182.19,0.32,0.72,166.6
2015-06-27 00:30:00,15294600.0,990.38,17.04,291.0,12.5,74.6,19.46,14.51,4.94,9.17,14.66,1182.28,0.99,1.76,204.9
2015-06-27 00:40:00,15295200.0,990.22,16.92,290.9,12.49,75.1,19.31,14.5,4.81,9.16,14.64,1182.58,1.34,2.12,198.1
2015-06-27 00:50:00,15295800.0,990.13,16.86,290.84,12.45,75.2,19.24,14.46,4.77,9.14,14.61,1182.74,1.16,2.08,174.1
2015-06-27 01:00:00,15296400.0,990.11,16.93,290.92,12.52,75.2,19.32,14.53,4.79,9.18,14.67,1182.4,0.31,0.72,135.2
2015-06-27 01:10:00,15297000.0,990.07,16.93,290.92,12.48,75.0,19.32,14.49,4.83,9.15,14.64,1182.37,0.92,2.2,139.1
2015-06-27 01:20:00,15297600.0,990.01,16.92,290.91,12.47,75.0,19.31,14.48,4.83,9.15,14.63,1182.34,0.59,1.58,129.4
2015-06-27 01:30:00,15298200.0,990.02,16.96,290.95,12.4,74.5,19.36,14.42,4.94,9.11,14.57,1182.22,0.49,1.24,165.6
2015-06-27 01:40:00,15298800.0,990.03,17.09,291.08,12.3,73.4,19.52,14.33,5.19,9.05,14.47,1181.74,0.35,1.2,283.2
2015-06-27 01:50:00,15299400.0,990.01,17.3,291.3,12.25,72.2,19.78,14.28,5.5,9.02,14.42,1180.88,0.54,1.04,158.2
2015-06-27 02:00:00,15300000.0,990.02,17.24,291.23,12.28,72.6,19.7,14.31,5.4,9.04,14.45,1181.13,0.5,0.88,209.4
2015-06-27 02:10:00,15300600.0,989.92,17.13,291.13,12.28,73.1,19.57,14.3,5.26,9.04,14.45,1181.46,0.45,0.72,227.4
2015-06-27 02:20:00,15301200.0,989.91,17.12,291.12,12.31,73.3,19.56,14.33,5.22,9.06,14.48,1181.47,0.52,1.0,213.0
2015-06-27 02:30:00,15301800.0,989.93,17.21,291.21,12.21,72.4,19.67,14.24,5.43,9.0,14.38,1181.17,0.81,1.08,223.9
2015-06-27 02:40:00,15302400.0,989.91,17.31,291.31,12.2,71.9,19.79,14.23,5.56,8.99,14.38,1180.75,0.66,1.24,205.0
2015-06-27 02:50:00,15303000.0,989.82,16.83,290.84,12.4,75.1,19.2,14.42,4.78,9.11,14.57,1182.51,1.22,1.72,204.2
2015-06-27 03:00:00,15303600.0,989.81,16.65,290.66,12.43,76.1,18.98,14.44,4.54,9.13,14.59,1183.22,1.35,1.72,198.6
2015-06-27 03:10:00,15304200.0,989.71,16.42,290.44,12.66,78.4,18.7,14.66,4.04,9.27,14.82,1183.94,0.72,1.46,165.0
2015-06-27 03:20:00,15304800.0,989.67,16.32,290.34,12.66,78.9,18.59,14.66,3.92,9.27,14.82,1184.3,0.3,0.56,273.1
2015-06-27 03:30:00,15305400.0,989.57,16.35,290.38,12.53,78.1,18.62,14.54,4.08,9.19,14.7,1184.11,0.34,0.68,215.6
2015-06-27 03:40:00,15306000.0,989.48,16.42,290.46,12.58,78.0,18.7,14.59,4.12,9.22,14.74,1183.69,0.39,0.98,142.4
2015-06-27 03:50:00,15306600.0,989.42,16.36,290.4,12.71,79.0,18.63,14.72,3.91,9.31,14.88,1183.81,0.39,0.8,157.9
2015-06-27 04:00:00,15307200.0,989.33,15.96,290.01,12.8,81.5,18.16,14.8,3.36,9.36,14.96,1185.3,0.65,1.0,200.3
2015-06-27 04:10:00,15307800.0,989.32,15.87,289.92,12.69,81.4,18.06,14.7,3.36,9.29,14.86,1185.7,0.47,0.72,140.0
2015-06-27 04:20:00,15308400.0,989.36,15.85,289.9,12.95,82.9,18.04,14.95,3.08,9.45,15.11,1185.72,0.3,0.72,83.8
2015-06-27 04:30:00,15309000.0,989.34,15.95,290.0,12.72,81.1,18.15,14.72,3.43,9.31,14.88,1185.39,1.66,3.02,168.3
2015-06-27 04:40:00,15309600.0,989.32,15.96,290.01,12.69,80.9,18.16,14.69,3.47,9.29,14.85,1185.34,1.58,2.52,200.5
2015-06-27 04:50:00,15310200.0,989.34,15.87,289.92,12.69,81.4,18.06,14.7,3.36,9.29,14.86,1185.73,1.97,2.96,196.2
2015-06-27 05:00:00,15310800.0,989.34,15.83,289.88,12.73,81.8,18.01,14.73,3.28,9.32,14.89,1185.88,1.43,2.44,190.9
2015-06-27 05:10:00,15311400.0,989.38,15.83,289.87,12.75,81.9,18.01,14.75,3.26,9.33,14.91,1185.92,1.54,2.84,191.3
2015-06-27 05:20:00,15312000.0,989.41,15.7,289.74,12.79,82.8,17.86,14.79,3.07,9.35,14.95,1186.47,1.59,2.88,178.5
2015-06-27 05:30:00,15312600.0,989.47,15.55,289.59,12.97,84.6,17.69,14.97,2.72,9.46,15.13,1187.08,0.81,1.68,194.6
2015-06-27 05:40:00,15313200.0,989.55,15.55,289.58,13.08,85.2,17.69,15.07,2.62,9.53,15.23,1187.12,0.38,0.9,186.8
2015-06-27 05:50:00,15313800.0,989.61,15.74,289.76,13.1,84.3,17.91,15.1,2.81,9.54,15.26,1186.41,0.51,0.96,146.2
2015-06-27 06:00:00,15314400.0,989.71,15.93,289.95,13.21,83.9,18.13,15.21,2.92,9.61,15.37,1185.7,0.68,1.28,103.8
2015-06-27 06:10:00,15315000.0,989.76,16.72,290.73,12.85,77.9,19.07,14.85,4.21,9.39,15.01,1182.69,0.68,1.48,264.1
2015-06-27 06:20:00,15315600.0,989.84,17.15,291.16,12.99,76.5,19.59,14.99,4.6,9.47,15.14,1180.97,0.28,1.0,22.07
2015-06-27 06:30:00,15316200.0,989.85,17.67,291.68,12.73,72.8,20.25,14.74,5.51,9.31,14.89,1178.98,1.82,3.52,261.4
2015-06-27 06:40:00,15316800.0,989.92,17.98,291.98,12.82,71.8,20.65,14.82,5.82,9.37,14.97,1177.77,1.78,2.52,254.9
2015-06-27 06:50:00,15317400.0,989.96,18.13,292.13,12.94,71.7,20.84,14.94,5.9,9.44,15.1,1177.16,1.82,2.88,247.6
2015-06-27 07:00:00,15318000.0,989.96,18.26,292.26,13.0,71.4,21.01,15.0,6.01,9.48,15.16,1176.61,1.7,2.52,248.8
2015-06-27 07:10:00,15318600.0,989.97,18.36,292.36,13.1,71.4,21.14,15.1,6.05,9.54,15.25,1176.17,1.34,2.56,243.5
2015-06-27 07:20:00,15319200.0,990.01,18.53,292.53,13.16,70.9,21.37,15.15,6.22,9.58,15.31,1175.51,1.74,4.48,230.3
2015-06-27 07:30:00,15319800.0,990.02,18.65,292.65,13.18,70.5,21.53,15.18,6.35,9.59,15.33,1175.03,2.24,4.2,234.6
2015-06-27 07:40:00,15320400.0,989.97,18.62,292.62,13.18,70.6,21.49,15.17,6.32,9.59,15.33,1175.09,2.97,4.52,246.9
2015-06-27 07:50:00,15321000.0,989.86,18.56,292.57,13.25,71.2,21.41,15.24,6.17,9.64,15.4,1175.17,2.15,3.32,239.8
2015-06-27 08:00:00,15321600.0,989.8,18.55,292.57,13.37,71.8,21.4,15.36,6.03,9.71,15.52,1175.08,0.82,1.44,224.1
2015-06-27 08:10:00,15322200.0,989.76,18.27,292.29,13.73,74.8,21.03,15.73,5.3,9.94,15.89,1176.0,1.78,3.48,143.9
2015-06-27 08:20:00,15322800.0,989.77,17.69,291.71,13.97,78.8,20.27,15.97,4.3,10.1,16.14,1178.25,0.81,2.08,132.5
2015-06-27 08:30:00,15323400.0,989.7,17.75,291.77,14.03,78.8,20.35,16.04,4.31,10.14,16.2,1177.89,0.97,1.64,142.5
2015-06-27 08:40:00,15324000.0,989.65,17.69,291.72,14.06,79.3,20.27,16.08,4.2,10.17,16.24,1178.06,1.22,2.24,125.1
2015-06-27 08:50:00,15324600.0,989.65,17.83,291.86,14.08,78.7,20.45,16.1,4.36,10.18,16.26,1177.48,1.07,3.12,214.8
2015-06-27 09:00:00,15325200.0,989.63,18.05,292.08,13.74,75.9,20.74,15.74,5.0,9.95,15.9,1176.73,2.42,3.28,213.6
2015-06-27 09:10:00,15325800.0,989.63,18.32,292.35,13.9,75.4,21.09,15.9,5.19,10.06,16.07,1175.56,2.01,3.28,198.3
2015-06-27 09:20:00,15326400.0,989.53,18.86,292.9,14.09,73.8,21.82,16.1,5.72,10.18,16.27,1173.18,1.22,2.76,194.1
2015-06-27 09:30:00,15327000.0,989.49,19.21,293.25,14.19,72.7,22.3,16.21,6.09,10.25,16.38,1171.68,1.86,3.48,193.4
2015-06-27 09:40:00,15327600.0,989.39,19.44,293.49,14.03,70.9,22.62,16.04,6.58,10.14,16.21,1170.72,2.13,5.22,204.7
2015-06-27 09:50:00,15328200.0,989.33,19.4,293.46,14.01,71.0,22.56,16.02,6.54,10.13,16.19,1170.81,2.44,5.92,207.0
2015-06-27 10:00:00,15328800.0,989.25,19.33,293.4,14.05,71.5,22.47,16.06,6.4,10.16,16.24,1170.98,2.79,4.16,202.4
2015-06-27 10:10:00,15329400.0,989.24,19.43,293.5,13.97,70.7,22.61,15.98,6.62,10.11,16.16,1170.6,3.48,5.46,213.8
2015-06-27 10:20:00,15330000.0,989.24,19.43,293.5,13.87,70.2,22.61,15.87,6.74,10.04,16.04,1170.66,3.72,5.88,219.4
2015-06-27 10:30:00,15330600.0,989.23,18.98,293.05,13.78,71.8,21.98,15.78,6.2,9.98,15.95,1172.49,4.91,7.93,216.3
2015-06-27 10:40:00,15331200.0,989.24,18.6,292.66,13.92,74.2,21.47,15.93,5.54,10.08,16.1,1173.96,3.79,5.84,210.6
2015-06-27 10:50:00,15331800.0,989.21,18.66,292.73,14.0,74.3,21.55,16.01,5.54,10.13,16.18,1173.65,3.86,5.54,202.4
2015-06-27 11:00:00,15332400.0,989.16,19.17,293.24,14.03,72.1,22.24,16.04,6.21,10.15,16.21,1171.53,4.16,7.18,201.9
2015-06-27 11:10:00,15333000.0,989.16,19.6,293.67,13.93,69.76,22.85,15.94,6.91,10.08,16.11,1169.85,5.29,8.77,208.3
2015-06-27 11:20:00,15333600.0,989.26,19.3,293.36,13.96,71.2,22.42,15.97,6.46,10.1,16.14,1171.16,4.04,6.52,212.2
2015-06-27 11:30:00,15334200.0,989.37,18.96,293.01,14.35,74.6,21.95,16.38,5.58,10.36,16.55,1172.46,2.78,4.68,219.7
2015-06-27 11:40:00,15334800.0,989.5,17.94,291.98,14.58,80.7,20.59,16.62,3.97,10.51,16.8,1176.62,2.52,3.74,225.7
2015-06-27 11:50:00,15335400.0,989.53,16.88,290.91,14.51,85.9,19.26,16.54,2.72,10.47,16.72,1180.99,1.35,2.56,242.0
2015-06-27 12:00:00,15336000.0,989.48,16.62,290.66,14.57,87.7,18.94,16.61,2.33,10.51,16.79,1181.96,0.75,1.44,199.6
2015-06-27 12:10:00,15336600.0,989.64,16.48,290.5,14.77,89.6,18.78,16.82,1.95,10.64,17.0,1182.63,1.04,1.96,170.9
2015-06-27 12:20:00,15337200.0,989.51,16.37,290.4,15.02,91.7,18.65,17.1,1.55,10.82,17.28,1182.79,1.2,2.52,173.6
2015-06-27 12:30:00,15337800.0,989.54,16.62,290.65,15.37,92.3,18.94,17.49,1.46,11.06,17.67,1181.63,0.75,1.48,157.4
2015-06-27 12:40:00,15338400.0,989.45,16.69,290.73,15.3,91.5,19.03,17.41,1.62,11.02,17.6,1181.27,0.82,1.64,126.7
2015-06-27 12:50:00,15339000.0,989.35,16.89,290.94,15.41,91.0,19.27,17.54,1.73,11.1,17.73,1180.28,0.77,1.48,134.6
2015-06-27 13:00:00,15339600.0,989.29,17.17,291.23,15.45,89.6,19.62,17.58,2.04,11.13,17.77,1179.05,1.78,3.44,168.3
2015-06-27 13:10:00,15340200.0,989.29,17.29,291.35,15.09,86.9,19.77,17.18,2.59,10.87,17.36,1178.75,2.47,3.86,160.9
2015-06-27 13:20:00,15340800.0,989.3,17.39,291.45,15.19,86.9,19.89,17.29,2.61,10.94,17.47,1178.3,2.73,3.88,148.6
2015-06-27 13:30:00,15341400.0,989.28,17.34,291.4,15.14,86.9,19.83,17.23,2.6,10.91,17.42,1178.51,2.05,3.64,160.4
2015-06-27 13:40:00,15342000.0,989.28,17.33,291.39,15.2,87.3,19.82,17.3,2.52,10.95,17.49,1178.52,1.68,2.9,147.0
2015-06-27 13:50:00,15342600.0,989.31,17.24,291.29,15.2,87.8,19.7,17.3,2.4,10.95,17.49,1178.92,1.73,2.62,145.1
2015-06-27 14:00:00,15343200.0,989.26,17.23,291.29,15.3,88.4,19.69,17.41,2.28,11.02,17.6,1178.85,1.38,2.32,152.2
2015-06-27 14:10:00,15343800.0,989.23,17.31,291.37,15.46,88.9,19.79,17.59,2.2,11.14,17.79,1178.4,0.96,1.92,143.2
2015-06-27 14:20:00,15344400.0,989.21,17.45,291.51,15.62,89.0,19.97,17.77,2.2,11.25,17.97,1177.73,0.43,1.04,107.4
2015-06-27 14:30:00,15345000.0,989.13,17.46,291.53,15.59,88.8,19.98,17.74,2.24,11.23,17.94,1177.61,0.73,1.32,132.1
2015-06-27 14:40:00,15345600.0,989.2,17.52,291.58,15.65,88.8,20.06,17.81,2.25,11.28,18.0,1177.42,0.89,1.52,19.11
2015-06-27 14:50:00,15346200.0,989.11,17.41,291.48,15.74,89.9,19.92,17.91,2.01,11.34,18.1,1177.71,1.01,1.44,22.81
2015-06-27 15:00:00,15346800.0,989.01,17.42,291.5,15.8,90.2,19.93,17.98,1.95,11.38,18.18,1177.52,1.17,1.48,17.82
2015-06-27 15:10:00,15347400.0,989.0,17.52,291.6,15.91,90.3,20.06,18.11,1.95,11.47,18.31,1177.04,0.69,0.94,14.1
2015-06-27 15:20:00,15348000.0,988.91,17.94,292.03,16.24,89.8,20.59,18.49,2.1,11.71,18.7,1175.06,0.28,0.8,2.59
2015-06-27 15:30:00,15348600.0,988.89,18.48,292.57,16.29,87.1,21.3,18.56,2.75,11.75,18.76,1172.84,1.07,1.64,157.0
2015-06-27 15:40:00,15349200.0,988.85,18.6,292.7,16.34,86.7,21.47,18.61,2.85,11.79,18.82,1172.28,0.92,1.74,154.6
2015-06-27 15:50:00,15349800.0,988.88,18.75,292.85,16.29,85.6,21.67,18.55,3.12,11.75,18.76,1171.74,0.46,1.2,90.8
2015-06-27 16:00:00,15350400.0,988.83,18.78,292.88,16.34,85.7,21.71,18.6,3.1,11.79,18.81,1171.54,0.56,0.92,64.9
2015-06-27 16:10:00,15351000.0,988.83,18.88,292.98,16.42,85.6,21.84,18.7,3.15,11.85,18.91,1171.09,0.61,1.4,175.6
2015-06-27 16:20:00,15351600.0,988.82,19.01,293.11,16.17,83.6,22.02,18.41,3.61,11.66,18.62,1170.69,0.51,0.92,154.1
2015-06-27 16:30:00,15352200.0,988.96,19.19,293.28,15.91,81.3,22.27,18.11,4.16,11.47,18.31,1170.27,0.84,2.04,252.6
2015-06-27 16:40:00,15352800.0,988.78,19.39,293.5,15.89,80.2,22.55,18.09,4.46,11.46,18.29,1169.27,0.97,2.08,182.7
2015-06-27 16:50:00,15353400.0,988.58,19.7,293.82,15.7,77.7,22.99,17.86,5.13,11.32,18.07,1167.89,1.79,2.88,202.7
2015-06-27 17:00:00,15354000.0,988.62,19.91,294.03,15.7,76.7,23.29,17.86,5.43,11.32,18.07,1167.1,1.58,2.88,202.0
2015-06-27 17:10:00,15354600.0,988.68,20.38,294.5,15.49,73.5,23.98,17.62,6.35,11.16,17.82,1165.42,1.74,3.14,227.8
2015-06-27 17:20:00,15355200.0,988.89,20.63,294.73,15.58,72.8,24.35,17.73,6.62,11.23,17.93,1164.63,1.38,2.2,240.8
2015-06-27 17:30:00,15355800.0,989.35,20.14,294.2,15.36,74.0,23.62,17.48,6.14,11.06,17.67,1167.23,1.84,4.12,255.3
2015-06-27 17:40:00,15356400.0,989.7,17.88,291.9,14.01,78.1,20.52,16.02,4.49,10.13,16.19,1177.37,1.89,5.52,348.4
2015-06-27 17:50:00,15357000.0,989.56,16.06,290.09,13.95,87.3,18.28,15.96,2.32,10.09,16.13,1184.64,1.6,2.8,247.4
2015-06-27 18:00:00,15357600.0,989.45,15.78,289.82,14.13,89.9,17.96,16.14,1.81,10.21,16.31,1185.57,1.29,2.56,275.6
2015-06-27 18:10:00,15358200.0,989.38,16.35,290.4,14.29,87.6,18.62,16.31,2.31,10.32,16.49,1183.08,0.6,1.56,11.19
2015-06-27 18:20:00,15358800.0,989.57,16.49,290.52,14.55,88.3,18.79,16.59,2.2,10.49,16.76,1182.61,1.36,2.02,195.0
2015-06-27 18:30:00,15359400.0,989.63,16.44,290.46,14.55,88.6,18.73,16.59,2.14,10.5,16.77,1182.88,1.54,2.08,219.8
2015-06-27 18:40:00,15360000.0,989.71,16.8,290.82,14.98,89.0,19.16,17.05,2.11,10.79,17.23,1181.3,1.08,1.72,215.0
2015-06-27 18:50:00,15360600.0,989.67,17.16,291.18,15.14,87.9,19.6,17.23,2.37,10.9,17.41,1179.71,0.73,1.52,166.6
2015-06-27 19:00:00,15361200.0,989.67,17.56,291.58,15.32,86.7,20.11,17.43,2.67,11.03,17.61,1177.99,0.84,1.44,169.0
2015-06-27 19:10:00,15361800.0,989.78,17.5,291.52,15.21,86.4,20.03,17.31,2.72,10.95,17.49,1178.42,0.91,1.7,165.0
2015-06-27 19:20:00,15362400.0,989.94,17.16,291.16,15.05,87.4,19.6,17.13,2.47,10.84,17.31,1180.07,0.68,1.04,216.0
2015-06-27 19:30:00,15363000.0,990.1,16.98,290.97,15.1,88.7,19.38,17.19,2.19,10.87,17.36,1180.97,0.65,0.88,227.0
2015-06-27 19:40:00,15363600.0,990.2,16.86,290.84,15.09,89.3,19.24,17.18,2.06,10.86,17.35,1181.59,1.19,1.56,233.8
2015-06-27 19:50:00,15364200.0,990.19,17.23,291.21,15.33,88.6,19.69,17.45,2.24,11.03,17.62,1179.95,1.82,2.88,242.5
2015-06-27 20:00:00,15364800.0,990.22,17.37,291.35,15.01,86.0,19.87,17.09,2.78,10.8,17.25,1179.58,1.63,2.76,265.0
2015-06-27 20:10:00,15365400.0,990.35,17.28,291.25,14.26,82.4,19.75,16.28,3.48,10.29,16.44,1180.47,1.63,4.52,266.2
2015-06-27 20:20:00,15366000.0,990.45,17.04,291.0,13.89,81.7,19.46,15.9,3.56,10.04,16.05,1181.74,1.9,3.2,241.6
2015-06-27 20:30:00,15366600.0,990.62,16.83,290.77,13.84,82.5,19.2,15.84,3.36,10.01,15.99,1182.82,2.9,3.8,252.0
2015-06-27 20:40:00,15367200.0,990.79,16.88,290.81,13.94,82.8,19.26,15.95,3.31,10.07,16.1,1182.77,2.63,3.6,249.2
2015-06-27 20:50:00,15367800.0,990.99,16.91,290.82,14.03,83.1,19.3,16.04,3.26,10.13,16.18,1182.85,2.8,3.62,252.4
2015-06-27 21:00:00,15368400.0,991.09,16.9,290.8,13.94,82.7,19.28,15.95,3.34,10.07,16.09,1183.05,2.25,4.08,244.9
2015-06-27 21:10:00,15369000.0,991.25,16.81,290.7,13.91,83.0,19.17,15.91,3.26,10.05,16.06,1183.63,1.17,2.6,241.3
2015-06-27 21:20:00,15369600.0,991.32,16.64,290.52,14.04,84.6,18.97,16.05,2.92,10.13,16.19,1184.35,0.57,1.72,251.4
2015-06-27 21:30:00,15370200.0,991.46,16.48,290.35,14.08,85.7,18.78,16.09,2.69,10.16,16.23,1185.15,0.59,1.76,12.35
2015-06-27 21:40:00,15370800.0,991.67,16.49,290.34,14.02,85.3,18.79,16.03,2.76,10.11,16.16,1185.39,0.63,1.32,195.3
2015-06-27 21:50:00,15371400.0,991.88,16.45,290.29,13.98,85.3,18.74,15.99,2.75,10.09,16.12,1185.82,1.01,1.56,232.6
2015-06-27 22:00:00,15372000.0,992.01,16.47,290.3,14.0,85.3,18.76,16.01,2.76,10.1,16.13,1185.89,0.9,1.46,234.8
2015-06-27 22:10:00,15372600.0,992.19,16.46,290.27,14.02,85.5,18.75,16.03,2.72,10.11,16.16,1186.13,1.54,2.56,237.9
2015-06-27 22:20:00,15373200.0,992.26,16.44,290.24,14.02,85.6,18.73,16.03,2.7,10.11,16.16,1186.3,1.65,2.72,243.3
2015-06-27 22:30:00,15373800.0,992.4,16.36,290.15,14.07,86.3,18.63,16.08,2.55,10.14,16.2,1186.77,1.58,2.76,253.9
2015-06-27 22:40:00,15374400.0,992.43,15.85,289.64,14.16,89.7,18.04,16.18,1.86,10.2,16.3,1188.86,2.08,3.44,247.7
2015-06-27 22:50:00,15375000.0,992.55,15.73,289.51,14.25,90.9,17.9,16.27,1.63,10.26,16.39,1189.46,2.37,3.68,258.4
2015-06-27 23:00:00,15375600.0,992.6,15.72,289.49,14.24,90.9,17.89,16.26,1.63,10.25,16.38,1189.56,1.6,2.2,255.1
2015-06-27 23:10:00,15376200.0,992.66,15.69,289.46,14.24,91.1,17.85,16.26,1.59,10.25,16.38,1189.76,2.14,3.08,249.8
2015-06-27 23:20:00,15376800.0,992.74,15.7,289.46,14.05,89.9,17.86,16.06,1.8,10.12,16.18,1189.91,2.12,3.36,251.3
2015-06-27 23:30:00,15377400.0,992.91,15.6,289.35,13.8,89.0,17.75,15.8,1.95,9.96,15.91,1190.64,1.67,2.48,252.7
2015-06-27 23:40:00,15378000.0,993.01,15.39,289.13,13.35,87.6,17.51,15.34,2.17,9.67,15.45,1191.83,1.85,3.5,248.5
2015-06-27 23:50:00,15378600.0,993.09,15.05,288.78,12.85,86.7,17.13,14.85,2.28,9.36,14.96,1193.56,2.32,4.24,249.9
2015-06-28 00:00:00,15379200.0,993.16,14.78,288.51,12.54,86.4,16.84,14.55,2.29,9.16,14.65,1194.91,2.71,4.04,247.0
2015-06-28 00:10:00,15379800.0,993.19,14.58,288.3,12.43,86.9,16.62,14.44,2.18,9.1,14.54,1195.82,2.85,4.04,244.8
2015-06-28 00:20:00,15380400.0,993.24,14.57,288.29,12.5,87.4,16.61,14.52,2.09,9.14,14.62,1195.89,3.01,3.68,247.8
2015-06-28 00:30:00,15381000.0,993.33,14.76,288.47,12.62,87.0,16.82,14.63,2.19,9.21,14.73,1195.15,2.95,3.76,247.9
2015-06-28 00:40:00,15381600.0,993.39,14.82,288.53,12.75,87.4,16.88,14.75,2.13,9.29,14.85,1194.92,3.01,3.68,246.3
2015-06-28 00:50:00,15382200.0,993.48,14.7,288.4,12.74,88.0,16.75,14.74,2.01,9.28,14.84,1195.54,3.26,3.88,248.9
2015-06-28 01:00:00,15382800.0,993.53,14.62,288.31,12.69,88.2,16.66,14.7,1.97,9.25,14.79,1195.96,3.15,3.92,252.1
2015-06-28 01:10:00,15383400.0,993.59,14.5,288.19,12.52,87.9,16.54,14.54,2.0,9.15,14.63,1196.6,3.26,4.16,248.3
2015-06-28 01:20:00,15384000.0,993.65,14.42,288.1,12.29,87.0,16.45,14.31,2.14,9.01,14.4,1197.1,3.21,4.24,248.7
2015-06-28 01:30:00,15384600.0,993.65,14.4,288.08,12.0,85.5,16.43,14.05,2.38,8.84,14.14,1197.31,2.48,3.28,249.4
2015-06-28 01:40:00,15385200.0,993.75,14.33,288.01,11.76,84.5,16.35,13.82,2.54,8.7,13.91,1197.82,2.65,3.88,247.4
2015-06-28 01:50:00,15385800.0,993.83,14.29,287.96,11.57,83.7,16.31,13.65,2.66,8.59,13.74,1198.17,2.31,3.6,247.1
2015-06-28 02:00:00,15386400.0,993.87,14.13,287.8,11.49,84.1,16.14,13.58,2.57,8.54,13.66,1198.92,2.6,3.4,244.8
2015-06-28 02:10:00,15387000.0,993.88,13.99,287.65,11.3,83.8,16.0,13.41,2.59,8.43,13.49,1199.6,3.25,4.08,245.2
2015-06-28 02:20:00,15387600.0,993.93,13.9,287.56,11.1,83.2,15.9,13.23,2.67,8.32,13.31,1200.1,3.53,4.44,247.5
2015-06-28 02:30:00,15388200.0,994.05,13.81,287.46,11.01,83.2,15.81,13.16,2.66,8.27,13.23,1200.67,3.56,4.65,250.3
2015-06-28 02:40:00,15388800.0,994.16,13.62,287.26,10.97,84.0,15.62,13.12,2.5,8.25,13.2,1201.61,3.5,4.57,249.0
2015-06-28 02:50:00,15389400.0,994.18,13.49,287.13,10.72,83.3,15.49,12.9,2.59,8.11,12.98,1202.29,3.29,4.44,248.5
2015-06-28 03:00:00,15390000.0,994.17,13.36,287.0,10.7,83.9,15.36,12.88,2.47,8.1,12.96,1202.82,2.83,4.0,246.5
2015-06-28 03:10:00,15390600.0,994.15,13.33,286.97,10.62,83.6,15.33,12.81,2.51,8.06,12.89,1202.96,3.31,4.53,246.1
2015-06-28 03:20:00,15391200.0,994.13,13.29,286.93,10.43,82.8,15.29,12.66,2.63,7.96,12.73,1203.17,3.47,4.44,249.6
2015-06-28 03:30:00,15391800.0,994.14,13.24,286.88,10.33,82.5,15.24,12.57,2.67,7.9,12.64,1203.43,3.32,4.36,250.5
2015-06-28 03:40:00,15392400.0,994.2,13.24,286.88,10.19,81.7,15.24,12.45,2.79,7.82,12.52,1203.56,3.73,4.73,253.3
2015-06-28 03:50:00,15393000.0,994.2,13.21,286.85,9.99,80.8,15.21,12.29,2.92,7.72,12.36,1203.77,3.72,4.97,252.2
2015-06-28 04:00:00,15393600.0,994.25,13.1,286.73,9.96,81.2,15.1,12.26,2.84,7.7,12.33,1204.3,3.5,5.03,252.6
2015-06-28 04:10:00,15394200.0,994.27,13.02,286.65,9.95,81.6,15.02,12.25,2.76,7.7,12.33,1204.67,3.8,5.45,250.8
2015-06-28 04:20:00,15394800.0,994.28,12.99,286.62,9.87,81.3,14.99,12.19,2.8,7.66,12.26,1204.83,4.05,5.07,249.8
2015-06-28 04:30:00,15395400.0,994.31,13.07,286.7,9.85,80.8,15.07,12.17,2.89,7.65,12.24,1204.54,3.97,5.65,248.1
2015-06-28 04:40:00,15396000.0,994.33,13.3,286.93,9.86,79.6,15.3,12.17,3.12,7.65,12.24,1203.6,3.8,4.95,248.4
2015-06-28 04:50:00,15396600.0,994.39,13.39,287.01,9.89,79.3,15.39,12.2,3.18,7.67,12.27,1203.27,3.4,4.4,243.0
2015-06-28 05:00:00,15397200.0,994.38,13.45,287.07,9.89,79.0,15.45,12.2,3.24,7.67,12.27,1203.02,3.15,3.96,243.3
2015-06-28 05:10:00,15397800.0,994.47,13.57,287.18,9.93,78.6,15.57,12.24,3.33,7.69,12.3,1202.61,2.29,3.16,243.2
2015-06-28 05:20:00,15398400.0,994.51,13.67,287.28,9.97,78.3,15.67,12.27,3.4,7.71,12.34,1202.22,2.49,3.28,241.8
2015-06-28 05:30:00,15399000.0,994.51,13.78,287.39,10.06,78.2,15.78,12.34,3.44,7.75,12.41,1201.73,2.23,3.12,242.5
2015-06-28 05:40:00,15399600.0,994.56,13.93,287.54,10.18,78.1,15.94,12.45,3.49,7.82,12.51,1201.11,2.46,3.68,238.1
2015-06-28 05:50:00,15400200.0,994.69,14.15,287.75,10.32,77.7,16.17,12.56,3.6,7.89,12.63,1200.29,1.57,2.84,233.3
2015-06-28 06:00:00,15400800.0,994.81,14.45,288.04,10.49,77.1,16.48,12.71,3.77,7.98,12.77,1199.11,1.29,2.24,234.8
2015-06-28 06:10:00,15401400.0,994.96,14.89,288.47,10.65,75.7,16.96,12.84,4.12,8.06,12.9,1197.41,0.82,2.0,234.9
2015-06-28 06:20:00,15402000.0,995.12,15.29,288.85,10.65,73.8,17.4,12.84,4.56,8.07,12.9,1195.95,0.87,2.7,282.9
2015-06-28 06:30:00,15402600.0,995.17,15.47,289.03,10.82,73.8,17.6,12.99,4.61,8.16,13.05,1195.19,0.87,1.68,22.69
2015-06-28 06:40:00,15403200.0,995.26,15.6,289.15,10.74,72.8,17.75,12.92,4.83,8.12,12.98,1194.79,1.41,2.92,311.6
2015-06-28 06:50:00,15403800.0,995.34,15.67,289.22,10.81,72.8,17.83,12.98,4.85,8.15,13.04,1194.56,1.47,3.52,268.7
2015-06-28 07:00:00,15404400.0,995.45,15.62,289.16,10.91,73.5,17.77,13.06,4.71,8.2,13.12,1194.88,1.71,3.88,288.5
2015-06-28 07:10:00,15405000.0,995.56,15.66,289.19,10.78,72.7,17.82,12.95,4.86,8.13,13.01,1194.88,1.52,2.6,350.2
2015-06-28 07:20:00,15405600.0,995.61,15.94,289.46,10.78,71.4,18.14,12.95,5.19,8.13,13.01,1193.8,1.36,3.2,357.8
2015-06-28 07:30:00,15406200.0,995.6,15.94,289.46,10.57,70.4,18.14,12.77,5.37,8.02,12.83,1193.86,1.58,4.2,23.42
2015-06-28 07:40:00,15406800.0,995.67,16.2,289.72,10.12,67.2,18.44,12.39,6.05,7.78,12.45,1193.04,1.76,3.94,340.5
2015-06-28 07:50:00,15407400.0,995.72,16.47,289.99,9.9,65.09,18.76,12.21,6.55,7.67,12.27,1192.08,1.7,5.37,55.42
2015-06-28 08:00:00,15408000.0,995.73,16.88,290.4,9.2,60.48,19.26,11.65,7.61,7.31,11.7,1190.66,1.47,3.48,325.5
2015-06-28 08:10:00,15408600.0,995.62,16.75,290.27,9.45,62.01,19.1,11.84,7.26,7.43,11.9,1190.97,1.8,3.12,6.1
2015-06-28 08:20:00,15409200.0,995.62,16.98,290.5,9.35,60.71,19.38,11.77,7.62,7.38,11.82,1190.06,1.48,2.56,274.6
2015-06-28 08:30:00,15409800.0,995.54,17.0,290.53,9.24,60.19,19.41,11.68,7.73,7.33,11.73,1189.92,1.39,3.32,47.76
2015-06-28 08:40:00,15410400.0,995.51,17.11,290.64,9.02,58.89,19.54,11.51,8.03,7.22,11.56,1189.51,2.5,5.24,19.31
2015-06-28 08:50:00,15411000.0,995.51,16.61,290.14,8.73,59.6,18.93,11.28,7.65,7.08,11.33,1191.66,2.02,3.42,18.66
2015-06-28 09:00:00,15411600.0,995.52,16.62,290.15,8.97,60.56,18.94,11.47,7.47,7.2,11.52,1191.55,2.67,5.24,22.05
2015-06-28 09:10:00,15412200.0,995.54,16.86,290.39,9.21,60.59,19.24,11.65,7.58,7.31,11.71,1190.5,2.06,4.08,14.16
2015-06-28 09:20:00,15412800.0,995.56,17.04,290.57,9.12,59.54,19.46,11.58,7.87,7.27,11.64,1189.83,3.05,5.2,38.19
2015-06-28 09:30:00,15413400.0,995.57,17.13,290.66,8.87,58.24,19.57,11.4,8.17,7.15,11.45,1189.56,3.45,6.08,25.6
2015-06-28 09:40:00,15414000.0,995.56,16.99,290.52,8.68,57.98,19.39,11.25,8.15,7.06,11.3,1190.19,2.83,5.28,23.61
2015-06-28 09:50:00,15414600.0,995.56,17.12,290.65,8.89,58.32,19.56,11.4,8.15,7.16,11.46,1189.58,2.55,4.2,35.39
2015-06-28 10:00:00,15415200.0,995.59,17.85,291.38,9.15,56.69,20.48,11.61,8.87,7.28,11.66,1186.54,1.52,3.88,288.6
2015-06-28 10:10:00,15415800.0,995.6,17.72,291.25,8.64,55.23,20.31,11.22,9.09,7.04,11.27,1187.26,1.81,3.8,19.64
2015-06-28 10:20:00,15416400.0,995.54,17.53,291.06,8.34,54.75,20.07,10.99,9.08,6.89,11.04,1188.07,3.17,5.36,46.1
2015-06-28 10:30:00,15417000.0,995.58,17.89,291.42,8.53,54.22,20.53,11.13,9.4,6.98,11.18,1186.58,2.53,6.12,48.98
2015-06-28 10:40:00,15417600.0,995.61,17.57,291.1,8.43,54.97,20.12,11.06,9.06,6.94,11.11,1187.96,1.13,2.08,343.1
2015-06-28 10:50:00,15418200.0,995.61,18.25,291.78,8.48,52.85,21.0,11.1,9.9,6.96,11.15,1185.16,1.2,3.4,238.0
2015-06-28 11:00:00,15418800.0,995.59,18.73,292.26,8.51,51.38,21.64,11.12,10.52,6.98,11.17,1183.19,1.35,2.32,290.4
2015-06-28 11:10:00,15419400.0,995.53,18.21,291.74,7.65,50.07,20.95,10.49,10.46,6.58,10.54,1185.51,1.77,3.84,338.7
2015-06-28 11:20:00,15420000.0,995.51,18.48,292.02,8.25,51.27,21.3,10.92,10.38,6.85,10.97,1184.19,1.59,3.04,349.2
2015-06-28 11:30:00,15420600.0,995.46,18.13,291.67,8.24,52.36,20.84,10.91,9.93,6.85,10.96,1185.56,1.95,4.12,51.14
2015-06-28 11:40:00,15421200.0,995.47,18.63,292.17,8.08,50.2,21.51,10.8,10.71,6.77,10.84,1183.59,1.43,3.2,357.2
2015-06-28 11:50:00,15421800.0,995.47,18.9,292.44,8.11,49.46,21.87,10.82,11.05,6.79,10.87,1182.49,1.99,3.8,209.1
2015-06-28 12:00:00,15422400.0,995.37,19.38,292.93,8.14,48.12,22.54,10.84,11.69,6.8,10.89,1180.42,1.05,3.12,148.8
2015-06-28 12:10:00,15423000.0,995.38,19.35,292.9,8.27,48.62,22.49,10.94,11.56,6.86,10.99,1180.51,1.44,3.16,329.7
2015-06-28 12:20:00,15423600.0,995.42,19.47,293.01,7.99,47.36,22.66,10.73,11.93,6.73,10.78,1180.16,1.91,3.8,262.2
2015-06-28 12:30:00,15424200.0,995.36,19.87,293.42,7.26,43.94,23.23,10.21,13.02,6.4,10.26,1178.72,1.41,3.68,79.0
2015-06-28 12:40:00,15424800.0,995.28,19.78,293.34,7.42,44.68,23.1,10.32,12.78,6.48,10.37,1178.94,1.87,5.16,23.97
2015-06-28 12:50:00,15425400.0,995.18,19.83,293.4,7.37,44.39,23.17,10.29,12.89,6.45,10.34,1178.63,1.62,3.88,264.0
2015-06-28 13:00:00,15426000.0,995.1,20.02,293.59,7.91,45.52,23.45,10.67,12.78,6.7,10.73,1177.59,2.22,4.04,341.5
2015-06-28 13:10:00,15426600.0,995.12,20.24,293.81,7.91,44.89,23.77,10.67,13.1,6.7,10.72,1176.74,2.05,3.68,285.5
2015-06-28 13:20:00,15427200.0,995.09,20.38,293.95,6.96,41.7,23.98,10.0,13.98,6.27,10.05,1176.44,1.94,3.74,262.3
2015-06-28 13:30:00,15427800.0,995.07,20.46,294.04,7.98,44.51,24.1,10.72,13.37,6.73,10.78,1175.77,2.18,3.4,240.3
2015-06-28 13:40:00,15428400.0,995.03,20.83,294.41,7.82,43.02,24.65,10.6,14.05,6.66,10.66,1174.3,1.61,3.68,246.9
2015-06-28 13:50:00,15429000.0,994.92,20.69,294.28,7.72,43.1,24.44,10.53,13.91,6.61,10.59,1174.77,1.87,3.76,230.3
2015-06-28 14:00:00,15429600.0,994.96,20.29,293.87,7.41,43.25,23.84,10.31,13.53,6.47,10.36,1176.51,1.71,3.38,307.9
2015-06-28 14:10:00,15430200.0,994.92,20.88,294.47,7.69,42.53,24.73,10.52,14.21,6.6,10.57,1174.01,1.68,3.2,299.7
2015-06-28 14:20:00,15430800.0,994.87,20.88,294.47,7.78,42.79,24.73,10.58,14.15,6.64,10.64,1173.93,1.49,3.16,353.4
2015-06-28 14:30:00,15431400.0,994.86,21.42,295.01,7.77,41.37,25.56,10.57,14.99,6.64,10.63,1171.76,1.41,2.4,233.4
2015-06-28 14:40:00,15432000.0,994.88,21.33,294.92,7.73,41.48,25.42,10.54,14.88,6.62,10.6,1172.15,1.78,4.22,305.3
2015-06-28 14:50:00,15432600.0,994.8,20.48,294.08,7.35,42.57,24.13,10.27,13.86,6.45,10.32,1175.58,1.39,2.6,338.3
2015-06-28 15:00:00,15433200.0,994.72,21.01,294.62,7.41,41.39,24.93,10.32,14.61,6.48,10.37,1173.35,1.35,2.8,355.0
2015-06-28 15:10:00,15433800.0,994.68,21.0,294.61,7.55,41.8,24.91,10.41,14.5,6.54,10.47,1173.3,1.4,3.04,7.19
2015-06-28 15:20:00,15434400.0,994.58,21.55,295.17,7.71,40.85,25.76,10.52,15.24,6.61,10.58,1170.94,1.3,3.64,300.2
2015-06-28 15:30:00,15435000.0,994.51,21.48,295.1,7.44,40.28,25.65,10.33,15.32,6.49,10.39,1171.22,2.24,3.76,331.0
2015-06-28 15:40:00,15435600.0,994.43,21.19,294.82,7.2,40.33,25.2,10.16,15.04,6.38,10.22,1172.35,1.76,3.68,30.23
2015-06-28 15:50:00,15436200.0,994.28,21.42,295.06,7.59,40.86,25.56,10.44,15.12,6.56,10.5,1171.13,2.02,4.94,312.7
2015-06-28 16:00:00,15436800.0,994.22,21.32,294.97,7.62,41.2,25.4,10.47,14.94,6.57,10.53,1171.45,2.67,5.0,40.85
2015-06-28 16:10:00,15437400.0,994.21,21.61,295.26,7.8,40.97,25.86,10.59,15.26,6.65,10.66,1170.23,1.79,3.32,271.9
2015-06-28 16:20:00,15438000.0,994.25,21.7,295.35,7.94,41.13,26.0,10.69,15.31,6.72,10.76,1169.87,1.97,3.56,352.0
2015-06-28 16:30:00,15438600.0,994.22,21.83,295.48,7.85,40.55,26.21,10.63,15.58,6.68,10.69,1169.35,1.4,3.8,320.5
2015-06-28 16:40:00,15439200.0,994.15,21.79,295.45,7.81,40.55,26.14,10.6,15.54,6.66,10.66,1169.44,1.31,3.12,316.8
2015-06-28 16:50:00,15439800.0,994.11,21.8,295.46,7.81,40.52,26.16,10.6,15.56,6.66,10.66,1169.36,1.41,3.32,306.6
2015-06-28 17:00:00,15440400.0,994.12,21.86,295.52,8.14,41.29,26.26,10.84,15.42,6.81,10.91,1169.02,2.0,3.24,38.06
2015-06-28 17:10:00,15441000.0,994.2,21.78,295.43,8.21,41.7,26.13,10.9,15.23,6.84,10.96,1169.41,1.66,3.48,312.8
2015-06-28 17:20:00,15441600.0,994.31,21.38,295.02,8.17,42.61,25.5,10.86,14.63,6.82,10.93,1171.14,1.1,2.4,311.2
2015-06-28 17:30:00,15442200.0,994.44,21.04,294.67,8.16,43.47,24.97,10.85,14.12,6.82,10.92,1172.65,1.18,2.76,323.3
2015-06-28 17:40:00,15442800.0,994.42,21.29,294.92,8.31,43.25,25.36,10.97,14.39,6.89,11.03,1171.58,0.98,2.48,11.66
2015-06-28 17:50:00,15443400.0,994.43,20.88,294.51,8.26,44.21,24.73,10.93,13.8,6.87,10.99,1173.25,1.47,2.6,21.54
2015-06-28 18:00:00,15444000.0,994.49,20.63,294.25,8.53,45.71,24.35,11.13,13.22,6.99,11.19,1174.22,0.63,1.8,317.9
2015-06-28 18:10:00,15444600.0,994.5,20.59,294.21,8.77,46.59,24.29,11.32,12.97,7.11,11.38,1174.31,0.7,1.76,339.2
2015-06-28 18:20:00,15445200.0,994.53,20.38,294.0,8.91,47.63,23.98,11.42,12.56,7.17,11.48,1175.14,0.68,1.68,359.7
2015-06-28 18:30:00,15445800.0,994.59,20.31,293.93,9.07,48.37,23.87,11.55,12.33,7.25,11.61,1175.44,0.66,1.44,259.0
2015-06-28 18:40:00,15446400.0,994.62,20.25,293.86,9.32,49.37,23.78,11.74,12.04,7.38,11.81,1175.62,0.65,1.02,266.2
2015-06-28 18:50:00,15447000.0,994.7,20.17,293.78,9.39,49.84,23.67,11.8,11.87,7.41,11.86,1176.02,0.63,1.24,243.5
2015-06-28 19:00:00,15447600.0,994.74,20.15,293.75,9.55,50.45,23.64,11.93,11.71,7.49,11.99,1176.08,0.56,1.12,254.3
2015-06-28 19:10:00,15448200.0,994.76,19.98,293.58,9.63,51.26,23.39,11.99,11.4,7.53,12.05,1176.76,0.95,1.36,245.7
2015-06-28 19:20:00,15448800.0,994.87,19.76,293.35,9.41,51.22,23.07,11.82,11.26,7.42,11.88,1177.85,0.89,1.46,254.2
2015-06-28 19:30:00,15449400.0,994.85,19.59,293.18,9.33,51.47,22.83,11.75,11.08,7.38,11.81,1178.54,0.63,1.24,247.3
2015-06-28 19:40:00,15450000.0,994.88,19.42,293.01,9.14,51.36,22.59,11.6,10.99,7.29,11.66,1179.33,1.03,1.48,243.0
2015-06-28 19:50:00,15450600.0,994.77,19.27,292.87,9.08,51.61,22.38,11.55,10.83,7.25,11.61,1179.82,0.86,1.24,251.7
2015-06-28 20:00:00,15451200.0,994.76,19.19,292.79,8.97,51.49,22.27,11.47,10.8,7.2,11.53,1180.18,0.63,1.0,262.2
2015-06-28 20:10:00,15451800.0,994.78,19.13,292.73,8.9,51.44,22.19,11.41,10.77,7.17,11.47,1180.46,0.66,1.24,250.6
2015-06-28 20:20:00,15452400.0,994.89,19.09,292.68,8.87,51.46,22.13,11.39,10.74,7.15,11.45,1180.77,0.6,0.92,250.1
2015-06-28 20:30:00,15453000.0,994.93,19.02,292.6,8.87,51.69,22.04,11.39,10.65,7.15,11.45,1181.11,0.73,1.16,250.1
2015-06-28 20:40:00,15453600.0,994.97,18.76,292.34,9.55,55.01,21.68,11.93,9.75,7.49,11.99,1181.95,0.66,1.14,63.65
2015-06-28 20:50:00,15454200.0,995.0,18.41,291.99,9.91,57.61,21.21,12.22,8.99,7.67,12.28,1183.29,0.43,0.96,53.89
2015-06-28 21:00:00,15454800.0,995.08,18.34,291.91,9.62,56.73,21.12,11.98,9.14,7.52,12.04,1183.77,0.2,0.4,331.9
2015-06-28 21:10:00,15455400.0,995.04,18.23,291.8,9.84,57.98,20.97,12.16,8.81,7.64,12.22,1184.09,0.21,0.6,223.4
2015-06-28 21:20:00,15456000.0,994.97,17.98,291.56,9.81,58.78,20.65,12.14,8.51,7.62,12.2,1185.04,0.29,0.64,358.6
2015-06-28 21:30:00,15456600.0,994.82,17.62,291.21,10.1,61.32,20.18,12.38,7.81,7.77,12.44,1186.21,0.54,1.28,160.6
2015-06-28 21:40:00,15457200.0,994.67,17.43,291.03,9.51,59.63,19.94,11.89,8.05,7.47,11.96,1187.03,1.11,1.72,238.3
2015-06-28 21:50:00,15457800.0,994.66,17.43,291.04,10.0,61.65,19.94,12.29,7.65,7.72,12.36,1186.83,0.69,1.12,236.7
2015-06-28 22:00:00,15458400.0,994.7,17.4,291.0,10.33,63.14,19.9,12.57,7.34,7.9,12.63,1186.88,0.27,0.68,265.0
2015-06-28 22:10:00,15459000.0,994.62,17.31,290.92,10.6,64.67,19.79,12.8,6.99,8.04,12.87,1187.05,0.27,0.62,141.2
2015-06-28 22:20:00,15459600.0,994.65,17.24,290.85,10.21,63.26,19.7,12.46,7.24,7.83,12.53,1187.52,0.38,0.62,260.0
2015-06-28 22:30:00,15460200.0,994.69,17.15,290.75,10.41,64.48,19.59,12.63,6.96,7.94,12.7,1187.86,0.19,0.32,181.0
2015-06-28 22:40:00,15460800.0,994.67,16.91,290.51,10.68,66.69,19.3,12.87,6.43,8.09,12.94,1188.71,0.3,0.56,12.82
2015-06-28 22:50:00,15461400.0,994.85,16.95,290.54,10.28,64.74,19.35,12.52,6.82,7.87,12.59,1188.92,0.42,0.64,23.81
2015-06-28 23:00:00,15462000.0,994.83,16.93,290.52,10.43,65.48,19.32,12.65,6.67,7.95,12.72,1188.92,0.27,0.68,81.4
2015-06-28 23:10:00,15462600.0,994.92,16.7,290.28,10.77,67.97,19.04,12.94,6.1,8.13,13.01,1189.83,0.52,0.92,39.58
2015-06-28 23:20:00,15463200.0,995.0,16.48,290.06,10.83,69.19,18.78,12.99,5.78,8.16,13.06,1190.82,0.29,0.52,52.58
2015-06-28 23:30:00,15463800.0,994.96,16.34,289.92,10.84,69.86,18.61,13.0,5.61,8.17,13.07,1191.34,0.39,0.64,22.15
2015-06-28 23:40:00,15464400.0,994.96,16.19,289.77,10.77,70.2,18.43,12.94,5.49,8.13,13.01,1191.99,0.44,0.62,10.42
2015-06-28 23:50:00,15465000.0,994.84,16.22,289.81,10.67,69.62,18.47,12.86,5.61,8.08,12.92,1191.76,0.41,0.72,237.3
2015-06-29 00:00:00,15465600.0,994.82,16.16,289.75,9.86,66.22,18.4,12.18,6.21,7.65,12.25,1192.29,0.98,1.28,239.5
2015-06-29 00:10:00,15466200.0,994.8,16.22,289.81,10.11,67.04,18.47,12.38,6.09,7.78,12.45,1191.92,0.47,0.96,191.5
2015-06-29 00:20:00,15466800.0,994.75,16.21,289.81,10.43,68.56,18.46,12.65,5.8,7.95,12.72,1191.78,0.25,0.52,41.67
2015-06-29 00:30:00,15467400.0,994.76,15.82,289.41,10.43,70.3,18.0,12.66,5.35,7.95,12.72,1193.4,0.54,2.12,254.5
2015-06-29 00:40:00,15468000.0,994.76,15.74,289.33,9.96,68.45,17.91,12.26,5.65,7.7,12.32,1193.91,1.49,2.12,217.7
2015-06-29 00:50:00,15468600.0,994.74,15.63,289.23,10.18,69.97,17.78,12.44,5.34,7.82,12.51,1194.25,0.84,1.24,210.8
2015-06-29 01:00:00,15469200.0,994.78,15.6,289.19,10.16,70.0,17.75,12.42,5.32,7.81,12.49,1194.44,1.01,1.4,210.0
2015-06-29 01:10:00,15469800.0,994.7,15.54,289.14,10.12,70.1,17.68,12.39,5.29,7.79,12.46,1194.6,1.21,1.56,216.0
2015-06-29 01:20:00,15470400.0,994.78,15.51,289.1,9.89,69.14,17.65,12.2,5.45,7.66,12.27,1194.91,1.39,1.76,228.6
2015-06-29 01:30:00,15471000.0,994.93,15.32,288.9,9.84,69.78,17.43,12.17,5.27,7.64,12.23,1195.9,1.95,2.36,221.4
2015-06-29 01:40:00,15471600.0,994.88,15.39,288.97,9.65,68.57,17.51,12.01,5.5,7.54,12.07,1195.61,1.48,1.92,229.4
2015-06-29 01:50:00,15472200.0,994.83,15.5,289.09,9.93,69.38,17.64,12.24,5.4,7.69,12.3,1195.0,0.84,1.28,219.4
2015-06-29 02:00:00,15472800.0,994.89,15.47,289.05,10.43,71.9,17.6,12.66,4.95,7.95,12.72,1195.0,0.31,0.84,196.9
2015-06-29 02:10:00,15473400.0,994.9,15.44,289.02,10.67,73.2,17.57,12.86,4.71,8.08,12.93,1195.05,0.21,0.52,98.4
2015-06-29 02:20:00,15474000.0,994.86,15.25,288.84,10.75,74.5,17.36,12.93,4.43,8.12,13.0,1195.76,0.27,0.6,222.6
2015-06-29 02:30:00,15474600.0,994.71,15.05,288.65,10.7,75.2,17.13,12.88,4.25,8.1,12.95,1196.42,0.48,1.0,188.4
2015-06-29 02:40:00,15475200.0,994.52,14.8,288.41,10.52,75.5,16.86,12.73,4.13,8.0,12.8,1197.3,0.83,1.42,229.6
2015-06-29 02:50:00,15475800.0,994.52,14.83,288.44,10.61,75.8,16.89,12.8,4.09,8.05,12.87,1197.14,0.23,0.48,37.4
2015-06-29 03:00:00,15476400.0,994.56,14.83,288.44,10.73,76.4,16.89,12.91,3.99,8.11,12.98,1197.15,0.61,1.32,220.3
2015-06-29 03:10:00,15477000.0,994.64,14.81,288.41,11.0,77.9,16.87,13.14,3.73,8.26,13.21,1197.22,0.57,1.28,239.7
2015-06-29 03:20:00,15477600.0,994.6,14.82,288.43,11.2,78.9,16.88,13.32,3.56,8.37,13.39,1197.04,0.49,0.92,119.0
2015-06-29 03:30:00,15478200.0,994.43,14.59,288.21,11.03,79.2,16.63,13.17,3.46,8.28,13.25,1197.86,0.73,1.16,148.1
2015-06-29 03:40:00,15478800.0,994.28,14.47,288.1,11.05,79.9,16.5,13.19,3.32,8.29,13.26,1198.17,0.44,0.88,153.6
2015-06-29 03:50:00,15479400.0,994.28,14.45,288.08,11.14,80.5,16.48,13.27,3.21,8.34,13.34,1198.22,0.4,0.92,239.2
2015-06-29 04:00:00,15480000.0,994.39,14.47,288.09,11.2,80.7,16.5,13.32,3.19,8.37,13.39,1198.25,0.57,1.46,206.8
2015-06-29 04:10:00,15480600.0,994.4,14.33,287.95,11.04,80.6,16.35,13.18,3.17,8.29,13.26,1198.91,1.48,2.08,230.3
2015-06-29 04:20:00,15481200.0,994.5,14.34,287.95,10.89,79.7,16.37,13.04,3.32,8.2,13.12,1199.05,1.17,1.8,213.0
2015-06-29 04:30:00,15481800.0,994.43,14.4,288.02,11.0,80.0,16.43,13.14,3.29,8.26,13.22,1198.67,0.54,1.04,200.4
2015-06-29 04:40:00,15482400.0,994.5,14.39,288.0,10.97,79.9,16.42,13.12,3.3,8.25,13.19,1198.81,0.65,0.88,208.7
2015-06-29 04:50:00,15483000.0,994.42,14.1,287.72,11.13,82.3,16.11,13.26,2.85,8.34,13.34,1199.85,0.92,1.28,204.3
2015-06-29 05:00:00,15483600.0,994.43,14.1,287.72,11.1,82.1,16.11,13.23,2.88,8.32,13.3,1199.88,1.13,1.76,213.7
2015-06-29 05:10:00,15484200.0,994.6,14.14,287.75,11.14,82.1,16.15,13.26,2.89,8.34,13.34,1199.9,0.82,1.6,223.6
2015-06-29 05:20:00,15484800.0,994.49,14.17,287.78,11.22,82.4,16.19,13.34,2.85,8.38,13.41,1199.61,0.92,1.56,196.9
2015-06-29 05:30:00,15485400.0,994.43,14.07,287.69,11.2,82.8,16.08,13.32,2.77,8.37,13.39,1199.96,1.23,2.4,210.1
2015-06-29 05:40:00,15486000.0,994.43,14.1,287.72,11.1,82.1,16.11,13.23,2.88,8.32,13.3,1199.88,1.51,2.3,208.3
2015-06-29 05:50:00,15486600.0,994.43,14.12,287.74,11.32,83.2,16.13,13.42,2.71,8.44,13.5,1199.71,1.15,2.36,145.2
2015-06-29 06:00:00,15487200.0,994.52,14.1,287.71,11.32,83.3,16.11,13.42,2.69,8.44,13.5,1199.9,1.28,2.2,171.3
2015-06-29 06:10:00,15487800.0,994.63,14.13,287.73,11.2,82.5,16.14,13.32,2.83,8.37,13.39,1199.96,0.98,2.12,197.4
2015-06-29 06:20:00,15488400.0,994.7,14.18,287.78,11.3,82.8,16.2,13.41,2.79,8.43,13.48,1199.79,1.14,1.76,205.8
2015-06-29 06:30:00,15489000.0,994.8,14.22,287.81,11.43,83.3,16.24,13.53,2.71,8.5,13.6,1199.7,0.69,1.8,166.8
2015-06-29 06:40:00,15489600.0,994.78,14.36,287.95,11.61,83.5,16.39,13.68,2.7,8.6,13.75,1199.01,0.6,1.2,164.3
2015-06-29 06:50:00,15490200.0,994.76,14.38,287.97,11.55,83.1,16.41,13.64,2.77,8.57,13.71,1198.93,0.6,1.24,215.3
2015-06-29 07:00:00,15490800.0,994.75,14.38,287.97,11.61,83.4,16.41,13.68,2.72,8.6,13.76,1198.89,0.88,1.4,225.2
2015-06-29 07:10:00,15491400.0,994.77,14.64,288.23,11.57,81.8,16.69,13.65,3.04,8.58,13.72,1197.84,0.49,1.28,172.2
2015-06-29 07:20:00,15492000.0,994.83,14.79,288.38,11.55,80.9,16.85,13.63,3.22,8.57,13.7,1197.31,0.55,1.18,286.9
2015-06-29 07:30:00,15492600.0,995.07,14.82,288.39,11.33,79.6,16.88,13.44,3.44,8.44,13.5,1197.56,1.15,1.56,344.8
2015-06-29 07:40:00,15493200.0,995.07,15.09,288.66,11.46,78.9,17.18,13.55,3.62,8.52,13.62,1196.39,0.67,1.56,95.0
2015-06-29 07:50:00,15493800.0,995.06,15.19,288.76,11.62,79.2,17.29,13.69,3.6,8.6,13.76,1195.89,1.27,1.76,197.4
2015-06-29 08:00:00,15494400.0,994.94,15.48,289.06,11.82,78.8,17.61,13.88,3.73,8.72,13.95,1194.47,0.64,1.32,211.5
2015-06-29 08:10:00,15495000.0,994.88,15.93,289.51,11.93,77.1,18.13,13.98,4.15,8.79,14.05,1192.49,0.77,1.36,176.9
2015-06-29 08:20:00,15495600.0,994.87,16.88,290.47,11.95,72.7,19.26,14.0,5.26,8.8,14.07,1188.56,0.9,1.64,158.6
2015-06-29 08:30:00,15496200.0,994.84,17.98,291.57,11.71,66.72,20.65,13.78,6.87,8.66,13.85,1184.14,1.31,1.96,154.8
2015-06-29 08:40:00,15496800.0,994.83,18.39,291.98,11.36,63.56,21.18,13.46,7.72,8.46,13.53,1182.59,1.42,2.44,147.2
2015-06-29 08:50:00,15497400.0,994.78,18.96,292.56,11.46,61.73,21.95,13.55,8.4,8.52,13.62,1180.19,1.08,2.06,153.2
2015-06-29 09:00:00,15498000.0,994.71,19.15,292.75,11.46,61.01,22.22,13.55,8.66,8.52,13.63,1179.34,1.41,2.76,172.4
2015-06-29 09:10:00,15498600.0,994.64,19.45,293.06,11.82,61.3,22.63,13.87,8.76,8.72,13.95,1177.9,1.57,3.0,170.2
2015-06-29 09:20:00,15499200.0,994.53,19.87,293.49,12.15,61.07,23.23,14.19,9.04,8.92,14.27,1175.94,1.31,3.12,123.0
2015-06-29 09:30:00,15499800.0,994.49,20.24,293.86,12.08,59.39,23.77,14.12,9.65,8.88,14.2,1174.44,2.37,3.56,124.1
2015-06-29 09:40:00,15500400.0,994.51,20.26,293.88,12.21,59.83,23.8,14.24,9.56,8.95,14.32,1174.33,2.23,3.74,125.4
2015-06-29 09:50:00,15501000.0,994.42,20.86,294.49,12.48,58.69,24.7,14.49,10.2,9.12,14.58,1171.71,1.84,3.32,135.7
2015-06-29 10:00:00,15501600.0,994.27,21.45,295.09,12.55,56.88,25.61,14.57,11.04,9.16,14.65,1169.16,2.63,3.8,125.9
2015-06-29 10:10:00,15502200.0,994.19,21.58,295.23,12.39,55.83,25.81,14.41,11.4,9.07,14.49,1168.62,2.83,3.92,115.8
2015-06-29 10:20:00,15502800.0,994.09,21.89,295.55,12.33,54.56,26.3,14.35,11.95,9.03,14.44,1167.3,2.52,3.28,98.2
2015-06-29 10:30:00,15503400.0,994.01,22.33,296.0,11.99,51.93,27.02,14.03,12.99,8.83,14.12,1165.61,2.22,3.88,121.1
2015-06-29 10:40:00,15504000.0,993.87,23.25,296.93,11.77,48.43,28.57,13.84,14.73,8.7,13.92,1161.92,2.77,4.56,143.2
2015-06-29 10:50:00,15504600.0,993.83,23.57,297.26,11.63,47.05,29.12,13.7,15.42,8.62,13.79,1160.67,2.62,5.64,179.7
2015-06-29 11:00:00,15505200.0,993.88,23.61,297.29,11.13,45.42,29.19,13.26,15.93,8.34,13.34,1160.77,2.48,4.72,202.3
2015-06-29 11:10:00,15505800.0,993.82,23.77,297.46,11.26,45.38,29.48,13.38,16.1,8.41,13.46,1160.03,1.67,3.28,309.5
2015-06-29 11:20:00,15506400.0,993.76,24.02,297.71,11.12,44.28,29.92,13.25,16.67,8.34,13.33,1159.03,2.36,5.54,230.1
2015-06-29 11:30:00,15507000.0,993.7,24.0,297.7,11.41,45.2,29.89,13.51,16.38,8.5,13.59,1158.92,1.98,3.84,291.8
2015-06-29 11:40:00,15507600.0,993.68,24.57,298.27,11.3,43.37,30.92,13.41,17.51,8.44,13.5,1156.72,1.76,4.28,296.3
2015-06-29 11:50:00,15508200.0,993.62,24.7,298.41,11.28,42.96,31.17,13.39,17.78,8.42,13.47,1156.16,2.41,4.64,225.4
2015-06-29 12:00:00,15508800.0,993.53,24.68,298.39,11.18,42.74,31.13,13.3,17.82,8.37,13.39,1156.17,3.82,6.04,207.1
2015-06-29 12:10:00,15509400.0,993.5,24.76,298.48,11.33,42.96,31.28,13.44,17.84,8.46,13.52,1155.77,3.88,5.16,208.7
2015-06-29 12:20:00,15510000.0,993.47,24.54,298.26,11.32,43.48,30.87,13.42,17.45,8.45,13.51,1156.6,2.85,5.08,218.5
2015-06-29 12:30:00,15510600.0,993.39,24.87,298.6,11.3,42.59,31.48,13.41,18.07,8.44,13.5,1155.23,1.65,3.56,324.7
2015-06-29 12:40:00,15511200.0,993.34,24.89,298.62,11.37,42.74,31.52,13.47,18.05,8.48,13.56,1155.06,2.02,4.82,306.4
2015-06-29 12:50:00,15511800.0,993.24,25.46,299.2,11.76,42.4,32.61,13.83,18.78,8.7,13.92,1152.58,2.22,4.92,177.0
2015-06-29 13:00:00,15512400.0,993.24,25.48,299.22,11.45,41.48,32.65,13.54,19.1,8.52,13.63,1152.63,2.75,6.14,246.7
2015-06-29 13:10:00,15513000.0,993.14,25.21,298.96,11.55,42.42,32.13,13.63,18.5,8.58,13.72,1153.52,3.22,6.2,236.8
2015-06-29 13:20:00,15513600.0,993.14,25.2,298.95,11.71,42.91,32.11,13.78,18.33,8.67,13.87,1153.49,1.5,3.36,231.2
2015-06-29 13:30:00,15514200.0,993.11,25.37,299.12,11.77,42.65,32.43,13.83,18.6,8.71,13.93,1152.77,1.17,2.84,281.0
2015-06-29 13:40:00,15514800.0,993.03,26.03,299.79,11.8,41.1,33.73,13.86,19.86,8.73,13.96,1150.12,2.02,5.7,269.5
2015-06-29 13:50:00,15515400.0,992.94,25.93,299.7,11.63,40.87,33.53,13.7,19.82,8.63,13.8,1150.48,2.81,5.52,5.93
2015-06-29 14:00:00,15516000.0,992.86,25.39,299.16,11.47,41.75,32.47,13.56,18.91,8.54,13.65,1152.53,2.25,4.4,21.56
2015-06-29 14:10:00,15516600.0,992.76,25.66,299.44,11.61,41.49,33.0,13.69,19.31,8.62,13.79,1151.31,2.29,4.24,21.72
2015-06-29 14:20:00,15517200.0,992.75,25.83,299.61,11.58,40.98,33.33,13.66,19.67,8.6,13.76,1150.66,2.0,5.12,345.7
2015-06-29 14:30:00,15517800.0,992.77,25.62,299.4,11.42,41.05,32.92,13.51,19.41,8.51,13.61,1151.56,1.46,4.16,325.0
2015-06-29 14:40:00,15518400.0,992.8,25.42,299.2,11.44,41.59,32.53,13.53,19.0,8.52,13.63,1152.36,0.9,2.6,285.5
2015-06-29 14:50:00,15519000.0,992.8,25.44,299.22,11.53,41.81,32.57,13.62,18.95,8.58,13.72,1152.24,1.41,2.48,286.6
2015-06-29 15:00:00,15519600.0,992.71,26.18,299.97,12.07,41.46,34.03,14.11,19.92,8.89,14.21,1149.07,1.34,3.72,359.4
2015-06-29 15:10:00,15520200.0,992.71,26.29,300.08,11.67,40.13,34.25,13.74,20.5,8.66,13.84,1148.81,2.02,4.2,315.1
2015-06-29 15:20:00,15520800.0,992.67,26.2,299.99,11.65,40.29,34.07,13.73,20.34,8.65,13.83,1149.12,2.67,4.84,17.24
2015-06-29 15:30:00,15521400.0,992.68,26.27,300.06,12.03,41.15,34.21,14.08,20.13,8.87,14.18,1148.7,1.64,3.96,292.6
2015-06-29 15:40:00,15522000.0,992.79,25.54,299.32,11.51,41.49,32.76,13.59,19.17,8.56,13.69,1151.85,1.41,3.96,307.8
2015-06-29 15:50:00,15522600.0,992.83,25.29,299.06,11.86,43.12,32.28,13.92,18.36,8.77,14.02,1152.72,0.89,2.68,283.3
2015-06-29 16:00:00,15523200.0,992.84,25.17,298.94,12.04,43.93,32.05,14.08,17.97,8.87,14.18,1153.13,0.93,2.88,290.7
2015-06-29 16:10:00,15523800.0,992.82,25.56,299.34,12.69,44.79,32.8,14.69,18.11,9.26,14.8,1151.33,0.86,3.52,249.6
2015-06-29 16:20:00,15524400.0,992.8,25.96,299.74,13.08,44.89,33.59,15.08,18.51,9.5,15.19,1149.59,0.66,3.0,292.6
2015-06-29 16:30:00,15525000.0,992.78,25.9,299.68,12.59,43.63,33.47,14.6,18.87,9.2,14.71,1150.01,0.95,3.0,331.9
2015-06-29 16:40:00,15525600.0,992.69,26.28,300.07,12.54,42.52,34.23,14.55,19.67,9.17,14.66,1148.47,1.61,3.72,304.5
2015-06-29 16:50:00,15526200.0,992.68,26.16,299.95,12.26,42.05,33.99,14.29,19.69,9.0,14.4,1149.03,1.71,4.12,314.0
2015-06-29 17:00:00,15526800.0,992.57,26.0,299.8,12.31,42.57,33.67,14.33,19.33,9.03,14.44,1149.5,1.08,2.16,322.4
2015-06-29 17:10:00,15527400.0,992.62,26.61,300.41,12.36,41.2,34.9,14.38,20.52,9.06,14.49,1147.2,0.93,2.8,345.2
2015-06-29 17:20:00,15528000.0,992.59,27.19,300.99,12.35,39.8,36.11,14.37,21.74,9.05,14.48,1144.95,0.71,2.28,284.2
2015-06-29 17:30:00,15528600.0,992.61,27.12,300.92,11.97,38.99,35.96,14.02,21.94,8.83,14.13,1145.4,1.17,2.8,8.11
2015-06-29 17:40:00,15529200.0,992.68,26.13,299.92,11.66,40.47,33.93,13.73,20.2,8.65,13.83,1149.39,1.31,2.64,338.1
2015-06-29 17:50:00,15529800.0,992.66,26.14,299.93,11.89,41.06,33.95,13.94,20.01,8.78,14.04,1149.24,0.71,2.36,295.5
2015-06-29 18:00:00,15530400.0,992.67,26.68,300.47,12.19,40.58,35.04,14.22,20.82,8.96,14.33,1147.06,0.84,2.36,251.7
2015-06-29 18:10:00,15531000.0,992.71,26.05,299.84,12.05,41.74,33.77,14.09,19.67,8.88,14.2,1149.58,1.14,2.74,319.3
2015-06-29 18:20:00,15531600.0,992.79,25.47,299.25,12.15,43.47,32.63,14.18,18.44,8.93,14.29,1151.86,0.63,1.24,276.2
2015-06-29 18:30:00,15532200.0,992.79,25.15,298.93,12.22,44.52,32.01,14.25,17.76,8.98,14.36,1153.07,0.79,1.22,262.2
2015-06-29 18:40:00,15532800.0,992.8,25.09,298.87,12.21,44.65,31.9,14.24,17.66,8.97,14.35,1153.32,0.73,1.12,250.7
2015-06-29 18:50:00,15533400.0,992.89,25.02,298.79,12.33,45.18,31.77,14.35,17.41,9.04,14.45,1153.64,0.73,1.28,261.6
2015-06-29 19:00:00,15534000.0,992.91,24.92,298.69,12.51,45.99,31.58,14.52,17.05,9.15,14.63,1153.98,0.82,1.18,259.6
2015-06-29 19:10:00,15534600.0,992.92,24.78,298.55,12.63,46.74,31.31,14.64,16.68,9.22,14.74,1154.48,0.92,1.44,254.3
2015-06-29 19:20:00,15535200.0,992.94,24.57,298.33,12.75,47.71,30.92,14.75,16.17,9.29,14.86,1155.27,0.94,1.56,251.8
2015-06-29 19:30:00,15535800.0,993.11,24.29,298.04,12.76,48.56,30.41,14.77,15.64,9.3,14.87,1156.55,1.57,2.08,250.5
2015-06-29 19:40:00,15536400.0,993.18,24.03,297.77,12.97,50.01,29.94,14.97,14.97,9.43,15.08,1157.56,1.53,2.18,248.4
2015-06-29 19:50:00,15537000.0,993.25,23.74,297.48,13.09,51.28,29.42,15.09,14.34,9.5,15.19,1158.71,0.81,2.0,288.4
2015-06-29 20:00:00,15537600.0,993.3,23.56,297.29,12.99,51.48,29.11,14.98,14.12,9.44,15.09,1159.52,0.93,1.6,329.3
2015-06-29 20:10:00,15538200.0,993.39,23.38,297.1,12.89,51.73,28.79,14.89,13.9,9.38,14.99,1160.37,1.06,2.16,350.5
2015-06-29 20:20:00,15538800.0,993.45,23.21,296.93,12.9,52.27,28.5,14.9,13.6,9.38,14.99,1161.11,1.54,2.48,2.2
2015-06-29 20:30:00,15539400.0,993.59,22.97,296.68,12.9,53.04,28.09,14.9,13.19,9.38,14.99,1162.21,1.91,2.6,351.0
2015-06-29 20:40:00,15540000.0,993.72,22.76,296.45,12.79,53.33,27.73,14.79,12.94,9.31,14.88,1163.24,1.51,2.64,350.1
2015-06-29 20:50:00,15540600.0,993.89,22.53,296.21,12.78,54.05,27.35,14.78,12.57,9.3,14.87,1164.34,1.59,2.9,2.57
2015-06-29 21:00:00,15541200.0,993.94,22.35,296.02,12.76,54.56,27.05,14.76,12.29,9.29,14.85,1165.12,1.64,2.6,4.27
2015-06-29 21:10:00,15541800.0,994.02,22.15,295.82,12.78,55.3,26.72,14.78,11.95,9.3,14.87,1166.0,1.22,2.16,351.2
2015-06-29 21:20:00,15542400.0,994.12,21.97,295.63,12.81,56.03,26.43,14.81,11.62,9.32,14.9,1166.82,1.33,2.64,347.4
2015-06-29 21:30:00,15543000.0,994.27,21.79,295.44,12.79,56.6,26.14,14.8,11.35,9.31,14.88,1167.71,1.62,2.96,4.64
2015-06-29 21:40:00,15543600.0,994.3,21.67,295.31,12.79,57.01,25.95,14.8,11.16,9.31,14.88,1168.21,1.51,2.8,358.4
2015-06-29 21:50:00,15544200.0,994.42,21.54,295.17,12.83,57.62,25.75,14.84,10.91,9.33,14.92,1168.86,1.3,2.06,338.1
2015-06-29 22:00:00,15544800.0,994.5,21.36,294.98,12.85,58.32,25.47,14.85,10.61,9.34,14.93,1169.66,1.42,2.12,335.9
2015-06-29 22:10:00,15545400.0,994.52,21.29,294.91,12.87,58.66,25.36,14.87,10.48,9.36,14.96,1169.95,1.37,2.4,305.3
2015-06-29 22:20:00,15546000.0,994.57,21.31,294.93,12.92,58.78,25.39,14.92,10.46,9.39,15.0,1169.91,1.47,2.4,309.0
2015-06-29 22:30:00,15546600.0,994.62,21.14,294.75,12.99,59.65,25.12,14.99,10.14,9.43,15.07,1170.61,0.85,1.76,265.5
2015-06-29 22:40:00,15547200.0,994.54,20.79,294.41,13.04,61.17,24.59,15.04,9.55,9.46,15.12,1171.89,0.53,0.8,244.8
2015-06-29 22:50:00,15547800.0,994.55,20.84,294.46,13.08,61.11,24.67,15.07,9.59,9.48,15.16,1171.69,1.24,2.28,338.5
2015-06-29 23:00:00,15548400.0,994.52,21.02,294.64,13.07,60.42,24.94,15.07,9.87,9.48,15.15,1170.94,1.69,2.36,339.4
2015-06-29 23:10:00,15549000.0,994.64,20.84,294.45,13.06,61.03,24.67,15.05,9.61,9.47,15.13,1171.8,1.04,1.94,319.7
2015-06-29 23:20:00,15549600.0,994.64,20.54,294.15,13.01,61.98,24.21,15.01,9.21,9.44,15.09,1173.02,1.54,2.16,315.3
2015-06-29 23:30:00,15550200.0,994.74,20.56,294.16,13.08,62.18,24.24,15.08,9.17,9.48,15.15,1173.03,1.52,2.2,314.4
2015-06-29 23:40:00,15550800.0,994.66,20.35,293.96,13.11,63.14,23.93,15.11,8.82,9.5,15.19,1173.75,1.09,1.92,342.8
2015-06-29 23:50:00,15551400.0,994.64,19.86,293.47,13.02,64.67,23.22,15.01,8.2,9.44,15.1,1175.74,0.48,1.2,192.9
2015-06-30 00:00:00,15552000.0,994.64,19.5,293.11,12.89,65.57,22.7,14.89,7.82,9.36,14.97,1177.24,0.45,0.96,195.9
2015-06-30 00:10:00,15552600.0,994.64,19.2,292.81,13.23,68.34,22.28,15.23,7.06,9.58,15.31,1178.29,0.56,0.96,99.3
2015-06-30 00:20:00,15553200.0,994.56,18.6,292.22,13.31,71.3,21.47,15.3,6.16,9.63,15.39,1180.59,0.43,0.68,70.0
2015-06-30 00:30:00,15553800.0,994.63,19.09,292.7,12.79,66.83,22.13,14.79,7.34,9.3,14.87,1178.93,0.66,1.24,307.0
2015-06-30 00:40:00,15554400.0,994.66,18.79,292.4,12.95,68.82,21.72,14.95,6.77,9.4,15.03,1180.1,0.34,0.6,224.7
2015-06-30 00:50:00,15555000.0,994.65,18.52,292.13,12.75,69.06,21.36,14.75,6.61,9.28,14.83,1181.27,0.27,0.84,195.9
2015-06-30 01:00:00,15555600.0,994.66,18.62,292.23,12.87,69.18,21.49,14.87,6.62,9.35,14.95,1180.82,0.24,0.52,36.78
2015-06-30 01:10:00,15556200.0,994.67,18.16,291.77,12.95,71.6,20.88,14.95,5.93,9.4,15.03,1182.67,0.26,0.56,63.7
2015-06-30 01:20:00,15556800.0,994.71,17.84,291.44,12.94,73.0,20.46,14.94,5.53,9.4,15.02,1184.02,0.45,0.94,97.6
2015-06-30 01:30:00,15557400.0,994.68,17.86,291.46,12.81,72.3,20.49,14.81,5.68,9.32,14.89,1183.96,0.29,0.68,143.5
2015-06-30 01:40:00,15558000.0,994.67,17.62,291.22,12.81,73.4,20.18,14.81,5.37,9.32,14.89,1184.93,0.29,0.64,98.7
2015-06-30 01:50:00,15558600.0,994.7,17.63,291.23,13.01,74.3,20.2,15.01,5.19,9.44,15.09,1184.83,0.49,1.32,87.6
2015-06-30 02:00:00,15559200.0,994.69,17.35,290.95,13.06,75.9,19.84,15.06,4.78,9.47,15.14,1185.94,0.31,0.72,36.06
2015-06-30 02:10:00,15559800.0,994.68,17.1,290.7,12.96,76.6,19.53,14.96,4.57,9.41,15.04,1186.99,0.25,0.44,61.35
2015-06-30 02:20:00,15560400.0,994.66,16.9,290.5,13.01,77.8,19.28,15.0,4.28,9.44,15.08,1187.76,0.36,0.92,83.3
2015-06-30 02:30:00,15561000.0,994.62,16.63,290.24,12.92,78.7,18.96,14.92,4.04,9.38,15.0,1188.87,0.36,0.76,71.9
2015-06-30 02:40:00,15561600.0,994.61,16.22,289.83,12.88,80.6,18.47,14.88,3.58,9.36,14.97,1190.56,0.26,0.6,6.4
2015-06-30 02:50:00,15562200.0,994.55,15.82,289.43,12.72,81.8,18.0,14.73,3.28,9.26,14.81,1192.2,0.45,1.24,219.4
2015-06-30 03:00:00,15562800.0,994.57,15.49,289.1,12.42,81.9,17.62,14.43,3.19,9.08,14.51,1193.72,1.42,2.04,211.9
2015-06-30 03:10:00,15563400.0,994.61,15.41,289.02,12.58,83.2,17.53,14.59,2.95,9.17,14.67,1194.03,0.84,1.08,209.2
2015-06-30 03:20:00,15564000.0,994.53,15.39,289.0,12.63,83.6,17.51,14.64,2.87,9.21,14.72,1193.99,0.81,1.08,233.2
2015-06-30 03:30:00,15564600.0,994.65,15.6,289.2,12.67,82.7,17.75,14.68,3.07,9.23,14.76,1193.25,0.73,1.08,237.1
2015-06-30 03:40:00,15565200.0,994.74,15.61,289.21,12.46,81.5,17.76,14.48,3.29,9.1,14.55,1193.41,0.42,0.78,60.76
2015-06-30 03:50:00,15565800.0,994.68,15.45,289.05,12.56,82.9,17.58,14.57,3.01,9.16,14.65,1193.96,0.37,0.64,59.66
2015-06-30 04:00:00,15566400.0,994.72,15.1,288.7,12.33,83.5,17.19,14.35,2.84,9.02,14.43,1195.55,0.5,1.28,169.5
2015-06-30 04:10:00,15567000.0,994.82,14.82,288.41,12.43,85.6,16.88,14.45,2.43,9.08,14.53,1196.8,0.94,1.24,207.7
2015-06-30 04:20:00,15567600.0,994.89,14.75,288.33,12.58,86.8,16.81,14.59,2.22,9.17,14.66,1197.1,0.4,0.92,225.2
2015-06-30 04:30:00,15568200.0,994.91,14.8,288.38,12.63,86.8,16.86,14.63,2.23,9.2,14.71,1196.9,0.26,0.56,278.6
2015-06-30 04:40:00,15568800.0,994.89,14.92,288.5,12.64,86.2,16.99,14.65,2.34,9.21,14.72,1196.37,0.22,0.38,174.4
2015-06-30 04:50:00,15569400.0,994.89,15.0,288.58,12.52,85.1,17.08,14.53,2.54,9.14,14.61,1196.1,0.2,0.48,304.8
2015-06-30 05:00:00,15570000.0,994.89,14.99,288.57,12.39,84.4,17.07,14.4,2.66,9.06,14.48,1196.19,0.21,0.48,259.7
2015-06-30 05:10:00,15570600.0,994.9,14.88,288.46,12.31,84.6,16.95,14.34,2.61,9.01,14.41,1196.69,0.28,0.8,241.5
2015-06-30 05:20:00,15571200.0,994.99,14.9,288.47,12.33,84.6,16.97,14.36,2.61,9.02,14.43,1196.71,0.39,0.76,43.03
2015-06-30 05:30:00,15571800.0,995.03,15.1,288.67,12.42,84.0,17.19,14.44,2.75,9.08,14.51,1195.89,0.26,0.56,24.24
2015-06-30 05:40:00,15572400.0,995.02,15.11,288.68,12.39,83.8,17.2,14.41,2.79,9.06,14.49,1195.85,0.56,1.04,190.1
2015-06-30 05:50:00,15573000.0,995.02,15.27,288.84,12.5,83.5,17.38,14.51,2.87,9.12,14.58,1195.15,0.45,0.92,188.6
2015-06-30 06:00:00,15573600.0,995.17,15.6,289.16,12.58,82.2,17.75,14.59,3.16,9.17,14.66,1193.91,0.5,0.8,172.6
2015-06-30 06:10:00,15574200.0,995.26,15.98,289.53,12.73,81.0,18.19,14.73,3.46,9.26,14.8,1192.39,0.45,0.8,177.4
2015-06-30 06:20:00,15574800.0,995.36,16.3,289.85,12.91,80.3,18.56,14.91,3.66,9.37,14.97,1191.11,0.49,0.8,138.5
2015-06-30 06:30:00,15575400.0,995.41,16.63,290.17,13.02,79.2,18.96,15.01,3.94,9.44,15.08,1189.77,0.48,0.82,172.8
2015-06-30 06:40:00,15576000.0,995.48,16.54,290.08,13.06,79.9,18.85,15.06,3.79,9.46,15.13,1190.21,0.45,1.02,181.2
2015-06-30 06:50:00,15576600.0,995.49,16.43,289.96,13.03,80.3,18.72,15.03,3.69,9.44,15.1,1190.68,0.53,0.92,184.5
2015-06-30 07:00:00,15577200.0,995.61,16.49,290.01,13.05,80.1,18.79,15.05,3.74,9.46,15.12,1190.58,0.31,0.72,192.5
2015-06-30 07:10:00,15577800.0,995.64,17.0,290.52,13.26,78.6,19.41,15.25,4.15,9.58,15.32,1188.42,0.3,0.68,150.5
2015-06-30 07:20:00,15578400.0,995.7,17.62,291.14,13.46,76.6,20.18,15.46,4.72,9.71,15.53,1185.87,0.31,0.76,127.8
2015-06-30 07:30:00,15579000.0,995.8,18.11,291.62,13.35,73.7,20.82,15.34,5.47,9.64,15.41,1184.04,0.7,2.44,76.6
2015-06-30 07:40:00,15579600.0,995.85,18.22,291.73,13.09,72.0,20.96,15.09,5.87,9.48,15.15,1183.77,2.25,4.16,28.62
2015-06-30 07:50:00,15580200.0,995.91,18.11,291.61,13.14,72.7,20.82,15.13,5.68,9.51,15.19,1184.27,2.28,3.82,24.84
2015-06-30 08:00:00,15580800.0,995.9,18.33,291.83,13.18,71.9,21.11,15.17,5.93,9.53,15.24,1183.34,2.51,3.88,24.32
2015-06-30 08:10:00,15581400.0,995.95,18.66,292.16,13.3,71.0,21.55,15.3,6.25,9.61,15.36,1182.01,1.25,3.36,9.92
2015-06-30 08:20:00,15582000.0,995.98,19.3,292.8,13.53,69.22,22.42,15.52,6.9,9.75,15.58,1179.36,1.61,3.24,41.3
2015-06-30 08:30:00,15582600.0,995.9,19.28,292.78,13.61,69.67,22.4,15.6,6.79,9.8,15.67,1179.3,1.94,2.88,80.0
2015-06-30 08:40:00,15583200.0,995.94,19.52,293.02,13.77,69.38,22.73,15.77,6.96,9.91,15.84,1178.31,2.02,3.48,87.0
2015-06-30 08:50:00,15583800.0,995.98,19.72,293.22,14.01,69.59,23.02,16.02,7.0,10.06,16.08,1177.45,2.15,3.68,64.27
2015-06-30 09:00:00,15584400.0,995.98,19.85,293.35,14.1,69.45,23.2,16.11,7.09,10.13,16.18,1176.88,2.55,4.08,75.4
2015-06-30 09:10:00,15585000.0,995.96,20.01,293.51,14.23,69.35,23.43,16.25,7.18,10.21,16.32,1176.16,2.13,3.74,77.8
2015-06-30 09:20:00,15585600.0,995.87,20.36,293.87,14.25,67.94,23.95,16.27,7.68,10.22,16.34,1174.64,1.58,2.8,63.09
2015-06-30 09:30:00,15586200.0,995.84,20.75,294.26,14.37,66.84,24.53,16.4,8.13,10.3,16.46,1172.99,1.49,3.12,98.3
2015-06-30 09:40:00,15586800.0,995.79,21.15,294.67,14.14,64.26,25.14,16.16,8.99,10.15,16.22,1171.44,2.33,3.74,95.2
2015-06-30 09:50:00,15587400.0,995.83,21.05,294.56,13.63,62.56,24.99,15.63,9.35,9.82,15.7,1172.12,2.79,3.88,69.63
2015-06-30 10:00:00,15588000.0,995.84,21.22,294.73,14.13,63.94,25.25,16.14,9.1,10.15,16.21,1171.22,3.14,5.58,64.48
2015-06-30 10:10:00,15588600.0,995.75,21.56,295.08,14.13,62.62,25.78,16.14,9.64,10.15,16.21,1169.77,2.92,5.72,54.55
2015-06-30 10:20:00,15589200.0,995.72,21.76,295.28,13.52,59.45,26.1,15.51,10.58,9.75,15.58,1169.22,3.36,4.76,51.97
2015-06-30 10:30:00,15589800.0,995.68,21.8,295.33,13.06,57.55,26.16,15.06,11.11,9.46,15.12,1169.22,3.34,4.92,60.24
2015-06-30 10:40:00,15590400.0,995.6,22.17,295.7,13.09,56.38,26.76,15.09,11.67,9.48,15.15,1167.65,2.95,4.36,58.07
2015-06-30 10:50:00,15591000.0,995.57,22.32,295.86,12.75,54.64,27.0,14.75,12.25,9.27,14.82,1167.16,2.98,4.18,68.48
2015-06-30 11:00:00,15591600.0,995.59,22.46,295.99,12.55,53.47,27.23,14.56,12.67,9.15,14.63,1166.72,2.49,4.96,43.62
2015-06-30 11:10:00,15592200.0,995.61,22.89,296.42,12.16,50.79,27.95,14.2,13.76,8.92,14.26,1165.22,2.53,4.16,62.08
2015-06-30 11:20:00,15592800.0,995.61,23.0,296.53,11.91,49.6,28.14,13.96,14.18,8.77,14.02,1164.89,2.31,4.2,43.78
2015-06-30 11:30:00,15593400.0,995.6,23.27,296.8,11.72,48.19,28.6,13.78,14.82,8.66,13.84,1163.89,2.65,5.64,43.78
2015-06-30 11:40:00,15594000.0,995.53,23.46,297.0,11.8,47.9,28.93,13.86,15.07,8.7,13.92,1163.04,2.54,4.76,42.3
2015-06-30 11:50:00,15594600.0,995.49,23.45,296.99,12.27,49.45,28.91,14.3,14.62,8.98,14.36,1162.83,2.92,4.64,57.0
2015-06-30 12:00:00,15595200.0,995.47,23.37,296.92,12.8,51.46,28.78,14.81,13.97,9.3,14.88,1162.89,2.57,6.1,16.25
2015-06-30 12:10:00,15595800.0,995.37,23.78,297.33,12.84,50.32,29.49,14.84,14.65,9.33,14.91,1161.16,2.89,4.52,13.93
2015-06-30 12:20:00,15596400.0,995.36,23.49,297.04,12.35,49.58,28.98,14.37,14.61,9.03,14.44,1162.49,3.17,6.04,19.07
2015-06-30 12:30:00,15597000.0,995.37,23.47,297.02,12.09,48.81,28.95,14.13,14.82,8.88,14.2,1162.68,2.57,5.1,7.53
2015-06-30 12:40:00,15597600.0,995.29,23.7,297.26,12.01,47.88,29.35,14.05,15.3,8.83,14.12,1161.72,1.92,3.96,40.32
2015-06-30 12:50:00,15598200.0,995.22,23.92,297.49,11.96,47.09,29.74,14.01,15.74,8.8,14.07,1160.8,2.36,4.02,81.0
2015-06-30 13:00:00,15598800.0,995.12,24.26,297.84,12.2,46.87,30.36,14.23,16.13,8.94,14.3,1159.26,2.68,5.56,59.37
2015-06-30 13:10:00,15599400.0,995.08,23.68,297.26,11.94,47.71,29.32,13.99,15.33,8.79,14.06,1161.58,2.03,4.16,82.5
2015-06-30 13:20:00,15600000.0,994.99,24.4,297.99,12.27,46.69,30.61,14.29,16.32,8.98,14.36,1158.53,1.42,3.32,9.75
2015-06-30 13:30:00,15600600.0,994.91,24.86,298.46,11.97,44.56,31.46,14.02,17.44,8.81,14.09,1156.77,1.11,2.48,279.8
2015-06-30 13:40:00,15601200.0,994.94,24.79,298.38,12.58,46.56,31.33,14.59,16.74,9.17,14.66,1156.83,4.18,7.04,36.46
2015-06-30 13:50:00,15601800.0,994.9,24.03,297.62,12.17,47.45,29.94,14.21,15.73,8.93,14.28,1159.91,3.55,5.76,57.97
2015-06-30 14:00:00,15602400.0,994.88,24.24,297.84,11.81,45.74,30.32,13.87,16.45,8.72,13.94,1159.22,3.3,6.36,53.64
2015-06-30 14:10:00,15603000.0,994.82,24.37,297.97,11.73,45.15,30.56,13.8,16.76,8.67,13.87,1158.67,2.53,3.92,67.37
2015-06-30 14:20:00,15603600.0,994.77,24.42,298.03,11.84,45.33,30.65,13.89,16.76,8.73,13.97,1158.37,3.82,6.08,24.3
2015-06-30 14:30:00,15604200.0,994.75,24.52,298.13,11.85,45.11,30.83,13.91,16.92,8.74,13.98,1157.95,1.61,3.88,27.03
2015-06-30 14:40:00,15604800.0,994.73,25.02,298.63,11.78,43.57,31.77,13.84,17.93,8.7,13.91,1156.02,2.97,6.08,32.54
2015-06-30 14:50:00,15605400.0,994.73,24.86,298.47,11.83,44.13,31.46,13.89,17.58,8.73,13.96,1156.62,2.63,5.28,53.98
2015-06-30 15:00:00,15606000.0,994.71,24.77,298.38,11.75,44.14,31.3,13.81,17.48,8.68,13.89,1156.97,2.55,4.2,55.21
2015-06-30 15:10:00,15606600.0,994.67,25.11,298.73,11.62,42.89,31.94,13.7,18.24,8.61,13.77,1155.67,1.81,3.08,55.57
2015-06-30 15:20:00,15607200.0,994.59,25.32,298.94,11.26,41.36,32.34,13.37,18.96,8.41,13.45,1154.9,1.45,4.24,48.93
2015-06-30 15:30:00,15607800.0,994.52,25.2,298.83,11.72,42.94,32.11,13.79,18.32,8.67,13.86,1155.1,3.47,4.92,45.93
2015-06-30 15:40:00,15608400.0,994.48,24.84,298.47,11.44,43.05,31.43,13.53,17.9,8.51,13.6,1156.57,3.54,5.32,26.89
2015-06-30 15:50:00,15609000.0,994.44,25.19,298.83,11.45,42.2,32.09,13.54,18.55,8.51,13.62,1155.16,2.02,4.16,69.99
2015-06-30 16:00:00,15609600.0,994.41,25.4,299.04,11.66,42.25,32.49,13.73,18.76,8.63,13.8,1154.22,2.39,4.64,54.95
2015-06-30 16:10:00,15610200.0,994.38,25.24,298.88,11.78,43.02,32.18,13.85,18.34,8.71,13.92,1154.75,2.62,4.4,44.25
2015-06-30 16:20:00,15610800.0,994.26,25.41,299.06,12.01,43.23,32.51,14.05,18.46,8.84,14.14,1153.87,2.13,5.56,49.41
2015-06-30 16:30:00,15611400.0,994.25,25.25,298.9,11.88,43.28,32.2,13.94,18.27,8.77,14.02,1154.52,3.75,6.24,31.92
2015-06-30 16:40:00,15612000.0,994.16,25.17,298.83,11.86,43.42,32.05,13.92,18.13,8.75,14.0,1154.74,3.25,5.4,45.54
2015-06-30 16:50:00,15612600.0,994.15,25.19,298.85,11.66,42.78,32.09,13.73,18.36,8.63,13.81,1154.73,3.26,5.68,40.78
2015-06-30 17:00:00,15613200.0,994.15,25.31,298.97,11.56,42.2,32.32,13.64,18.68,8.58,13.72,1154.3,2.54,4.72,29.93
2015-06-30 17:10:00,15613800.0,994.14,25.65,299.31,11.67,41.68,32.98,13.74,19.23,8.64,13.83,1152.93,1.73,4.04,7.01
2015-06-30 17:20:00,15614400.0,994.13,25.8,299.46,11.74,41.49,33.27,13.8,19.47,8.68,13.89,1152.32,2.66,3.8,37.43
2015-06-30 17:30:00,15615000.0,994.12,25.61,299.27,11.54,41.42,32.9,13.63,19.27,8.57,13.71,1153.12,2.88,4.24,26.03
2015-06-30 17:40:00,15615600.0,994.06,25.37,299.04,11.53,41.97,32.43,13.61,18.82,8.56,13.69,1153.98,3.0,5.48,25.3
2015-06-30 17:50:00,15616200.0,994.03,25.21,298.88,11.46,42.18,32.13,13.55,18.58,8.52,13.63,1154.6,3.32,5.04,22.5
2015-06-30 18:00:00,15616800.0,994.04,25.17,298.84,11.37,42.04,32.05,13.47,18.58,8.47,13.55,1154.8,3.17,5.16,34.16
2015-06-30 18:10:00,15617400.0,994.04,25.23,298.9,11.52,42.31,32.16,13.61,18.56,8.56,13.69,1154.5,3.13,4.8,49.06
2015-06-30 18:20:00,15618000.0,994.03,25.07,298.74,11.23,41.89,31.86,13.35,18.51,8.39,13.43,1155.22,3.73,5.32,40.59
2015-06-30 18:30:00,15618600.0,994.0,24.88,298.55,11.11,42.04,31.5,13.24,18.26,8.33,13.32,1155.97,4.12,5.76,44.49
2015-06-30 18:40:00,15619200.0,993.99,24.88,298.55,11.14,42.11,31.5,13.27,18.24,8.34,13.35,1155.95,3.08,5.12,40.26
2015-06-30 18:50:00,15619800.0,994.02,24.79,298.46,10.95,41.81,31.33,13.1,18.23,8.24,13.18,1156.41,4.1,5.2,40.54
2015-06-30 19:00:00,15620400.0,994.1,24.69,298.35,11.17,42.68,31.15,13.29,17.85,8.36,13.37,1156.8,2.7,3.72,55.51
2015-06-30 19:10:00,15621000.0,994.14,24.22,297.88,11.15,43.84,30.28,13.28,17.01,8.35,13.35,1158.69,2.45,3.52,55.14
2015-06-30 19:20:00,15621600.0,994.2,23.82,297.47,10.92,44.23,29.57,13.08,16.49,8.22,13.15,1160.4,2.07,3.5,50.81
2015-06-30 19:30:00,15622200.0,994.22,23.62,297.27,10.7,44.1,29.21,12.88,16.33,8.1,12.96,1161.3,2.04,3.64,58.14
2015-06-30 19:40:00,15622800.0,994.24,23.45,297.1,10.49,43.93,28.91,12.7,16.21,7.98,12.78,1162.06,1.95,2.92,54.55
2015-06-30 19:50:00,15623400.0,994.25,23.29,296.94,10.27,43.72,28.64,12.52,16.12,7.87,12.59,1162.79,2.11,3.4,44.34
2015-06-30 20:00:00,15624000.0,994.31,23.24,296.88,10.29,43.91,28.55,12.54,16.01,7.88,12.61,1163.04,1.53,1.92,28.01
2015-06-30 20:10:00,15624600.0,994.39,23.08,296.72,10.39,44.64,28.28,12.62,15.65,7.93,12.69,1163.74,1.46,1.92,8.72
2015-06-30 20:20:00,15625200.0,994.5,22.83,296.46,10.17,44.65,27.85,12.44,15.42,7.81,12.5,1164.92,1.78,2.32,9.16
2015-06-30 20:30:00,15625800.0,994.58,22.7,296.32,10.07,44.69,27.63,12.35,15.28,7.76,12.42,1165.57,2.2,2.76,13.99
2015-06-30 20:40:00,15626400.0,994.71,22.4,296.01,10.07,45.52,27.13,12.35,14.78,7.76,12.42,1166.91,2.01,2.6,8.84
2015-06-30 20:50:00,15627000.0,994.8,22.11,295.71,10.06,46.3,26.66,12.34,14.32,7.75,12.41,1168.16,2.2,2.78,7.68
2015-06-30 21:00:00,15627600.0,994.9,21.89,295.48,10.09,47.01,26.3,12.37,13.94,7.77,12.43,1169.15,2.39,3.0,9.82
2015-06-30 21:10:00,15628200.0,995.07,21.69,295.27,10.22,48.02,25.99,12.48,13.51,7.84,12.54,1170.08,2.4,3.08,5.09
2015-06-30 21:20:00,15628800.0,995.16,21.45,295.02,10.37,49.21,25.61,12.6,13.01,7.91,12.66,1171.09,2.5,3.08,5.55
2015-06-30 21:30:00,15629400.0,995.14,21.32,294.89,10.45,49.89,25.4,12.67,12.73,7.96,12.74,1171.55,2.45,3.0,4.91
2015-06-30 21:40:00,15630000.0,995.25,20.86,294.42,10.68,52.1,24.7,12.87,11.83,8.08,12.93,1173.42,1.12,2.7,21.95
2015-06-30 21:50:00,15630600.0,995.3,20.05,293.61,10.81,55.26,23.49,12.98,10.51,8.15,13.04,1176.68,0.41,0.96,133.8
2015-06-30 22:00:00,15631200.0,995.36,19.56,293.11,10.59,56.1,22.79,12.78,10.0,8.03,12.84,1178.81,0.51,0.76,245.1
2015-06-30 22:10:00,15631800.0,995.46,19.74,293.28,10.66,55.77,23.05,12.85,10.19,8.07,12.91,1178.17,0.17,0.4,311.1
2015-06-30 22:20:00,15632400.0,995.5,19.87,293.41,10.69,55.42,23.23,12.88,10.36,8.08,12.93,1177.69,0.83,1.4,354.9
2015-06-30 22:30:00,15633000.0,995.46,19.89,293.43,10.59,54.97,23.26,12.79,10.47,8.03,12.84,1177.6,0.75,1.42,0.72
2015-06-30 22:40:00,15633600.0,995.42,19.22,292.76,10.79,58.1,22.31,12.96,9.35,8.14,13.02,1180.17,0.64,1.08,91.3
2015-06-30 22:50:00,15634200.0,995.46,18.62,292.16,10.84,60.52,21.49,13.01,8.49,8.17,13.07,1182.62,0.31,0.52,279.5
2015-06-30 23:00:00,15634800.0,995.5,18.74,292.28,10.64,59.24,21.65,12.83,8.83,8.05,12.89,1182.26,0.65,1.08,355.7
2015-06-30 23:10:00,15635400.0,995.42,18.56,292.1,10.85,60.78,21.41,13.01,8.4,8.17,13.07,1182.82,0.66,1.08,82.5
2015-06-30 23:20:00,15636000.0,995.4,17.76,291.3,11.0,64.54,20.36,13.14,7.22,8.25,13.2,1185.98,0.33,0.88,133.0
2015-06-30 23:30:00,15636600.0,995.41,17.55,291.09,10.97,65.27,20.09,13.12,6.98,8.24,13.18,1186.87,0.2,0.48,354.1
2015-06-30 23:40:00,15637200.0,995.4,17.33,290.87,10.81,65.5,19.82,12.98,6.84,8.15,13.04,1187.82,0.38,0.72,170.2
2015-06-30 23:50:00,15637800.0,995.43,17.04,290.58,10.84,66.85,19.46,13.01,6.45,8.17,13.07,1189.03,0.19,0.88,15.92
